"test_id","observed","truth","noise_sd","mean","sd","x1","x2","x3","x4","x5","x6","x7","x8","x9","x10","lower","upper","latent_lower","latent_upper"
1,2.56343730187321,2.77357786005033,0.998834914654611,2.46619441748072,0.991156213817085,0.881410142951529,0.83512202420691,0.617586045282078,0.335001648617093,0.462002495264984,0.821168954619323,0.0688591916754376,0.0986054725436261,0.660506536498549,0.735844432841986,0.523563935346157,4.40882489961529,NA,NA
2,3.14733671337811,3.23483837677727,0.692990068367397,3.28422412790229,0.983018544673762,0.642319686639355,0.536962459034286,0.462631248817546,0.0860114127974957,0.917686216365662,0.275971802285174,0.671675698723877,0.44811383209296,0.0052667456259951,0.624127816845896,1.35754318420673,5.21090507159784,NA,NA
3,0.0368796748260223,-0.546735482495105,0.853039685344158,-0.0248198798504851,0.903172690777891,0.994340878523421,0.584912077603629,0.360714520972571,0.598819172229618,0.211295800954802,0.983036413908354,0.906423893823405,0.654520038259798,0.688055490514846,0.539811247723061,-1.79500582559528,1.74536606589431,NA,NA
4,2.13617172453253,1.54803577625799,0.999088383089906,1.60956899348529,0.846140203417088,0.211241277861176,0.847401867950801,0.877399320685072,0.298057821685914,0.247166341767181,0.293167870752281,0.342267165593687,0.865758391427575,0.638341010080185,0.933601480102865,-0.0488353310835969,3.26797331805418,NA,NA
5,-1.0766500277682,-1.04361182524988,0.0501717571216857,0.213714183710278,1.01735320611989,0.342708877369878,0.069102247270057,0.428970299862674,0.31899359879049,0.337989713293966,0.23974774296314,0.963790035854094,0.959573824398103,0.433788291099947,0.0191456954637542,-1.78026145984105,2.20768982726161,NA,NA
6,1.57075441029451,1.55180599586054,0.050044017632448,1.0586323090929,0.885193483719907,0.190009338805685,0.00102096814732067,0.49401126930234,0.114583138249232,0.37560613084049,0.454891212253249,0.117006601019646,0.500504380330676,0.0637407779332716,0.106275015453459,-0.676315038347658,2.79357965653346,NA,NA
7,-1.42912472664561,-2.07119924779517,0.999938425716474,-2.16924767372206,1.01090470469162,0.231229280779487,0.982195406914689,0.508389681857778,0.424352706137579,0.642928438988631,0.55700383751234,0.231755715921987,0.23297916508175,0.656047946385108,0.866821921503986,-4.15058448671974,-0.187910860724378,NA,NA
8,-2.45255531981956,-1.54009189926934,0.999837933273203,-1.710398571065,0.950347433212258,0.364175213227863,0.933801925411681,0.601615138566121,0.805963231642963,0.659806854445953,0.117060261012521,0.507810026140185,0.660469935059198,0.505956820317428,0.606010448299814,-3.57304531296111,0.152248170831107,NA,NA
9,0.317490564976652,0.291934937907411,0.0734226338416035,1.26120211958099,1.02758812417592,0.934786890879739,0.316110263357055,0.388747139501153,0.534208839055151,0.529226437301375,0.498700339261442,0.824951493833098,0.28111495962122,0.305584294078639,0.442276398541988,-0.752833594744878,3.27523783390686,NA,NA
10,2.03086327548715,2.38973061359938,0.559875657465936,2.52763137714026,0.901860189767145,0.681548061293899,0.507355480172206,0.528219082899974,0.124153278665384,0.956403428799124,0.766664757611579,0.415162975568674,0.374226662345813,0.0472997000149917,0.837346148618497,0.760017886106199,4.29524486817432,NA,NA
11,2.60061529843001,2.71904485703159,0.0503632997890541,2.79644622659264,0.905962873212067,0.836522482638364,0.106569679449196,0.878945742757525,0.785694370859885,0.650310607815743,0.570606173966778,0.801829894018359,0.779861949589336,0.947633557552705,0.462691036579898,1.02079162376656,4.57210082941872,NA,NA
12,1.09375182612965,0.550476731372484,0.808786883519533,0.966066635694873,1.10747885455768,0.912238842743216,0.568916617649375,0.386166659809183,0.73323175034218,0.595984010027023,0.753708526475239,0.655930046016932,0.855683311000583,0.442238517413964,0.124181379144778,-1.20455203287785,3.1366853042676,NA,NA
13,2.44234007827628,2.46763871630568,0.0685455425021105,2.09364436898029,1.07832205255246,0.526448177476646,0.304174108326202,0.314635530189029,0.578142664907617,0.29785068411252,0.65081455625908,0.680949477368151,0.0737743801360484,0.820375007093186,0.0568306498563616,-0.0198280177578254,4.20711675571842,NA,NA
14,-1.49806590191417,-1.54207426914193,0.0585413330675261,-1.08948978748558,1.08913592517931,0.0457304069609381,0.264874332333915,0.199626611329382,0.457127631625277,0.787217925449833,0.888733850773307,0.0678835251008859,0.750282825417235,0.869291725504096,0.413996178072528,-3.22415697510574,1.04517740013458,NA,NA
15,0.560573869457662,0.482045169179231,0.0500495603513189,0.431547597658674,1.10898946276067,0.168203406425077,0.00695130260346923,0.0172132001719438,0.213902650413569,0.233522163934191,0.877947269561351,0.840166353840614,0.725598146073869,0.897325892414432,0.00988486508536152,-1.74203180858666,2.60512700390401,NA,NA
16,0.0687484115722347,-0.388869776231732,0.772977315650368,-0.853713288190997,0.889775829753885,0.387298922475427,0.557916395140579,0.569751182579435,0.216186011860613,0.38711246779107,0.131737448268803,0.111717307340237,0.367455730638234,0.607682830274454,0.767343237890629,-2.59764186882285,0.89021529244086,NA,NA
17,1.01553588073449,1.08746036173954,0.071121103707309,1.54796145138304,0.852986744142159,0.0860430215597153,0.310814717261819,0.773663835597574,0.0697986995162209,0.288573189005023,0.741712030259427,0.0142309321505018,0.517236712943297,0.315314106916543,0.96652953388507,-0.12386184642567,3.21978474919176,NA,NA
18,3.53919403310116,3.53534092398131,0.0581084854911644,2.69973669708493,0.862494135950242,0.839523273007828,0.262251050097984,0.915597774407477,0.36165739926172,0.501225020869752,0.639254664184293,0.74530210427905,0.282360001305584,0.823187587583787,0.00584292332094628,1.00927925374546,4.39019414042439,NA,NA
19,0.719889146352362,2.21589699562308,0.993456917438253,1.76922086645839,0.858391952735442,0.0372336364458315,0.748557115356671,0.170945375607931,0.106151554324431,0.105976585254306,0.392358113307971,0.455796591400169,0.483552078238688,0.740228882887866,0.577639700097614,0.086803554477914,3.45163817843886,NA,NA
20,2.18110201709817,2.38524667894415,0.996290319187359,2.82478163145766,0.99154306619921,0.72696621401282,0.777080178734963,0.466931990967249,0.510165928231552,0.772399958570139,0.349072050347691,0.918236672008527,0.535464768996579,0.699673336200649,0.819093652338954,0.881392932586798,4.76817033032853,NA,NA
21,0.990571907888826,1.60919244579898,0.984723746155919,2.12515970039684,0.910099656840848,0.827713906593271,0.705697572028381,0.901478840309777,0.0900696938711917,0.489930056030513,0.174135665910086,0.206897519765305,0.164718006548588,0.437505478897947,0.709020543523482,0.341397150646514,3.90892225014716,NA,NA
22,0.187247155067248,0.743917839365699,0.994262989261897,0.0327909379619231,0.893953451219454,0.757495357737993,0.755173321016016,0.493837925150991,0.472774459184147,0.376959406318842,0.194909818593762,0.0620379621684551,0.448927731832257,0.0633356526211137,0.526958844200708,-1.71932563028349,1.78490750620734,NA,NA
23,-1.89410412371665,-0.672439138465682,0.993646991742873,0.0976040994010273,0.907914950511509,0.866123184629017,0.750041185238981,0.396536527775927,0.966549193532555,0.778397434158716,0.819992303457577,0.525153368528467,0.424335501739755,0.983533444801113,0.357578605008544,-1.681876504627,1.87708470342905,NA,NA
24,4.05242608075311,3.72831173753062,0.52385509578708,3.5345105940921,0.984073179633066,0.934444689883385,0.499758967067348,0.0882922830227763,0.498677626121207,0.636069461036124,0.784877654764568,0.346292178486939,0.178571301882155,0.676448111733072,0.221851028806763,1.60576260385947,5.46325858432472,NA,NA
25,1.23474611090753,1.24960682246923,0.0504520311300255,2.16296353782326,0.87233812244888,0.493229204538162,0.117500486055156,0.832077712839004,0.841134067392442,0.474494868151611,0.634280340302154,0.756933286630432,0.464726180638652,0.680829501177883,0.281752422926133,0.45321223548216,3.87271484016435,NA,NA
26,0.618680648792817,1.03711314449844,0.363119852120819,1.5430641510815,0.942198752860684,0.0145557163450867,0.464500227219891,0.146079774907324,0.691612586775445,0.261674647886539,0.817634708900237,0.13595898446592,0.106499147246359,0.682525816166191,0.417389979371219,-0.303611470803997,3.38973977296699,NA,NA
27,-0.507497252880288,-1.29373014350513,0.723875446448265,-1.44268653888427,0.954260961397638,0.0724705215207068,0.544609662568779,0.740717136031948,0.03766551950539,0.0384269425595412,0.858463938749745,0.666615662335767,0.764472993953736,0.439697174852598,0.813677916844375,-3.31300365507621,0.427630577307666,NA,NA
28,0.462721844082317,0.254466335662783,0.357820273400865,1.39126894823706,1.00918302090805,0.713579630634747,0.463232393612503,0.169597847641679,0.121107345552067,0.645871786075295,0.896282361593563,0.0412178576817969,0.504414121807553,0.974042055706843,0.332422903037979,-0.586693426552059,3.36923132302618,NA,NA
29,-1.72772912501313,-0.727855626985654,0.983418130228183,-0.73899916375497,1.05639640217117,0.115618156498414,0.701527167055407,0.546097656769445,0.973984377163695,0.230604212639504,0.479302859703195,0.698762868663762,0.624761282087187,0.836248717417824,0.307650845714845,-2.80949806540816,1.33149973789822,NA,NA
30,-0.286017046975527,0.5131007111603,0.999856405122733,0.551724138306664,0.96097838692154,0.657934250658145,0.939853505864972,0.389049733372638,0.186861977313529,0.100248412479996,0.625468374598771,0.616791603643214,0.00803630968159996,0.0438844915248919,0.00132107517530676,-1.33175888998095,2.43520716659428,NA,NA
31,1.24466204463147,1.28765813675662,0.0533251671184689,1.77353268390419,1.06341382391259,0.0355615150760859,0.217428213265259,0.177246050442569,0.416656102044391,0.442554198977887,0.343030867796042,0.509290332829347,0.815818613706157,0.254524404626107,0.188033956690691,-0.310720111626515,3.85778547943489,NA,NA
32,0.264616614523737,0.246315843249058,0.0550096436017229,-0.0307456041306875,0.885252613555262,0.125278454388608,0.238009502630681,0.3931804482718,0.162628608033294,0.603379193096654,0.397142304958426,0.370591572573874,0.215941179356305,0.727196351054707,0.642324179681018,-1.76580884391895,1.70431763565758,NA,NA
33,-0.117308993284613,-0.110112351988025,0.050312840530209,1.76784565973931,1.13308165252924,0.850287156677805,0.0990902834517183,0.509702550742426,0.683634142386494,0.439890244766255,0.783802105061128,0.967865734930499,0.274000866787275,0.905878889061045,0.69141410076688,-0.45295357076113,3.98864489023976,NA,NA
34,2.7345020992104,4.35688578313178,0.999815343140467,2.44897140865045,1.11069303538945,0.626910379983252,0.927276178979664,0.920043160744011,0.281341144866194,0.523396563686663,0.266730492374976,0.00226116225507576,0.168685441053822,0.0985053589437157,0.177979962460813,0.272053061407662,4.62588975589324,NA,NA
35,2.10928159943019,1.06062835848376,0.994409506835279,1.41781196255078,0.882346537900587,0.230537509985385,0.756474618287524,0.535302205893327,0.12566965851665,0.869901694009197,0.891805458385381,0.563719554853509,0.567486681044917,0.145585310786031,0.170257978356211,-0.311555473617978,3.14717939871954,NA,NA
36,-1.16006631552081,-1.83982423147994,0.31656741084298,-1.66924217135468,0.854232793383361,0.251796377495746,0.452924956751638,0.998583353895112,0.649345433944021,0.868076209514518,0.173340528860688,0.0690981941871578,0.859491760291392,0.198913896273472,0.583303523702896,-3.34350768079911,0.00502333808975775,NA,NA
37,0.496683027861512,0.0309007845628681,0.818532640132384,0.389083763095532,1.02638746864841,0.952711026083212,0.572170361625263,0.246036185329082,0.151443400305347,0.0940293591518421,0.98592649526475,0.93478543188679,0.50843892184156,0.0667038282222347,0.726393351573148,-1.62259870963859,2.40076623582966,NA,NA
38,2.23195240518855,2.10581571842704,0.0582371551592661,1.20207884618324,1.10742903886167,0.363111231052899,0.263045077541843,0.0143723497649189,0.85252975726896,0.843903591633774,0.183856796553941,0.841960870722425,0.207778030561982,0.0194151878679404,0.448994320380967,-0.968442185419433,3.37259987778591,NA,NA
39,0.312147136084042,0.246410746172754,0.0522948918011027,1.9226278385206,1.13247368111825,0.54919935209211,0.198832115517464,0.735100978318602,0.384242327277432,0.312076443987549,0.624146571126184,0.921194982108311,0.213749165410409,0.85795643996913,0.656252515443251,-0.296979789910666,4.14223546695186,NA,NA
40,0.918888926956632,1.01368838861909,0.0940859654806296,0.64322098876569,1.07436225777801,0.23546384907444,0.348859853591421,0.121989971563453,0.653164367768681,0.446195428269682,0.939896005645045,0.81890276160161,0.981580136592616,0.553302424362628,0.870898415227071,-1.46249034282836,2.74893232035974,NA,NA
41,-0.840119402056813,0.0283727733775126,0.999936908403041,0.222826401059146,1.14472091425255,0.120983619199716,0.98097816293512,0.533568934960407,0.32102042807336,0.0357316767029697,0.793214410254383,0.937402789462009,0.708073865787475,0.846645822713035,0.580018737296108,-2.02078536322561,2.4664381653439,NA,NA
42,-0.306292179546317,0.864839965753135,0.999708024559959,2.02427990025675,0.977546616341401,0.912964501249604,0.904362009224249,0.318739880315843,0.678228434692021,0.990068272901117,0.381212019672734,0.0177037329686573,0.789071106411749,0.923319073747843,0.38399488597177,0.108323739018605,3.94023606149488,NA,NA
43,-1.51875845069674,-1.29138269072339,0.854691685854158,-0.994544978577869,0.923471820843045,0.319813137131045,0.585580070781405,0.681028044539155,0.5654030062448,0.624436902554822,0.983570635727257,0.202831971293432,0.185694659674191,0.0785475712289335,0.742145104947034,-2.80451648816786,0.815426531012124,NA,NA
44,2.58291834842617,2.5935753623089,0.051077077922882,2.91967608505039,0.972164747687897,0.204197935009142,0.160946208609501,0.593872106803115,0.193721391057828,0.001737363211927,0.356111125401105,0.212746447846876,0.878205316507374,0.0374639426545473,0.668314243979286,1.01426819254264,4.82508397755813,NA,NA
45,1.67433978909172,0.825317198128936,0.981588760480702,0.526272544686064,0.967186755679478,0.877776319145923,0.69619650758116,0.406274372514687,0.666626747934963,0.483400244342629,0.0871555374634918,0.28443681569153,0.338948890771018,0.297790925221634,0.599503667381708,-1.36937866276985,2.42192375214198,NA,NA
46,2.4358099138599,2.50557784882651,0.168160952461423,2.7182380680099,0.859651272153868,0.1308048157905,0.402420436466928,0.294106414962676,0.0218796590350103,0.627722280098009,0.418613289440167,0.471333432740183,0.4120610098365,0.532864548061625,0.413034032409894,1.03335253532428,4.40312360069552,NA,NA
47,-0.805753384446133,0.140292443342685,0.999668027587361,0.6175643682341,0.910245869925676,0.828295184844756,0.897940794343012,0.622545891367481,0.803073541451013,0.000344753834651783,0.156332543076365,0.580210342732258,0.526726474510971,0.225476017594221,0.331210590353352,-1.16648475389656,2.40161349036476,NA,NA
48,0.259794380727749,-0.422354329525663,0.99982242266884,0.252573271959977,0.968386046282508,0.0968171419731807,0.929231207002653,0.629365879928926,0.48758652478084,0.750882603389327,0.48730757047073,0.227936190738692,0.646972776068375,0.556405023136409,0.815380864938372,-1.64542850188488,2.15057504580483,NA,NA
49,0.250772176202565,-0.125635326582505,0.412962958687954,0.915965859525901,1.05777039245921,0.848930963526131,0.47596064331464,0.691353794596856,0.129407739565941,0.989065157786128,0.421876833754359,0.769768003117642,0.0787266348798294,0.722377582669375,0.36910178560263,-1.15722601360695,2.98915773265875,NA,NA
50,0.40785257657271,0.394328221961089,0.0501352259441716,1.78060316040571,1.00386319325121,0.926369362217258,0.0571436064806767,0.200238355885027,0.725698794609518,0.568657769997371,0.0505959618785419,0.834936293432722,0.362552831289708,0.431520612841821,0.958923102264525,-0.186932543772039,3.74813886458346,NA,NA
51,3.54244891800861,3.58207482711235,0.998883229840743,3.11045014504515,0.940498052153888,0.669976291818195,0.837242250637733,0.982490683043376,0.443159125898266,0.339001972698024,0.613505386123434,0.759671875599423,0.166388750946731,0.386336062990362,0.936783131022705,1.26710783529346,4.95379245479685,NA,NA
52,4.61123916753832,3.10455939044697,0.999943978011789,2.03214829047644,0.928545074240106,0.799048863868346,0.98692070155195,0.873249627234996,0.262767682194477,0.745526375323301,0.015408265144215,0.0167730456815334,0.584682165751001,0.10562627975049,0.463050935412175,0.212233386943768,3.85206319400912,NA,NA
53,2.16355183664739,2.15492205690474,0.051525599699679,1.61278834459044,0.809617640593957,0.257455904817441,0.17837663895532,0.674422756381798,0.126769547877717,0.653425658103544,0.473124692576588,0.158643132485449,0.857618324471056,0.0481569098280743,0.740439206492156,0.0259669277779877,3.19960976140289,NA,NA
54,-0.192182652709555,-0.219330581544894,0.0540990933577977,-0.573902534770717,0.873812800836261,0.0831885681799613,0.227931400164845,0.0661862053532386,0.278432041064254,0.211696215161821,0.0317681572330184,0.125312995665474,0.396701011979021,0.402926831805962,0.288787350476952,-2.28654415363986,1.13873908409842,NA,NA
55,1.53261442165369,0.037304685049156,0.996211982155509,0.447206958470469,0.85639618901178,0.329518806306995,0.77603118702292,0.152003566255094,0.755820868289913,0.277491082894267,0.0724552793467883,0.72979498670774,0.512441050431808,0.71246250363288,0.630280920719612,-1.23129872848998,2.12571264543091,NA,NA
56,0.46508740404714,0.461488591297444,0.0503867283260732,0.621384091010291,0.962200560191965,0.316613867245964,0.109695617422694,0.129143266757019,0.977821221914957,0.105130758480635,0.96546959110233,0.0649965042701224,0.80864383150707,0.279417521306896,0.717515042103827,-1.26449435287022,2.50726253489081,NA,NA
57,-0.654560937579681,-0.685248528185487,0.100092416954228,-0.0425605960256978,0.817971906668796,0.365090142595232,0.355578878294444,0.288013244326459,0.362252261764137,0.239198658223613,0.307350196122658,0.674767760439892,0.738652560038492,0.445634553168435,0.795322217522655,-1.6457560734621,1.5606348814107,NA,NA
58,1.03834438978626,1.7813650008809,0.96476047128365,3.09007319045449,1.07612991135206,0.0934238929436542,0.662824691177579,0.0441784666584572,0.0160202527752845,0.633332188280066,0.873221938336385,0.659514793204027,0.167256804897683,0.165149758249521,0.922879064040026,0.980897321518162,5.19924905939082,NA,NA
59,2.06688836881521,2.76647120142412,0.787049093800607,1.68681790892847,0.917629413674838,0.532493852111278,0.562079642559052,0.880558682182804,0.931104869807721,0.691749631738872,0.720897010733257,0.172841998481425,0.238010196762392,0.785223363155383,0.395114324266789,-0.111702693028817,3.48533851088576,NA,NA
60,-0.216562012236636,-0.161348758594725,0.0500589909086494,0.107571944881002,0.994764330569503,0.386704300141428,0.0156614087694325,0.333125182332704,0.735702232735348,0.174833066887455,0.0108024715000065,0.986053974527051,0.797987634463818,0.180464239731315,0.773869541284046,-1.84213031614032,2.05727420590232,NA,NA
61,1.10951021188016,0.639346729125081,0.924466467091344,1.09166039700179,0.898270601045596,0.254353058902081,0.62245186231751,0.544876800576109,0.344997358517488,0.0385021218591137,0.552799342995044,0.559483994707465,0.314420212513534,0.363112757759285,0.15133800764929,-0.668917629418721,2.85223842342231,NA,NA
62,-0.342347498885378,-0.494605501959299,0.0569971255567635,-0.307461565071337,1.04446316719519,0.246479602274485,0.254821504957741,0.522573114676983,0.697721493853605,0.517598072342807,0.419421144948923,0.706904907525634,0.878512934758095,0.0342689563746098,0.628219190067844,-2.35457175595255,1.73964862580987,NA,NA
63,-0.771592602698904,-1.08009967512832,0.999942299790155,-0.630992345044638,0.945404042743641,0.0346066096833674,0.985444785716943,0.923315073329955,0.932839428214589,0.0475592602269026,0.630955059713917,0.713879729132634,0.508869427625788,0.403275770160137,0.122187850176357,-2.48395021966074,1.22196552957146,NA,NA
64,1.75234103545318,1.782649194296,0.0525477168388352,1.00718420419337,0.981564103037254,0.302965314928675,0.204071051293518,0.963796431638533,0.435541604774771,0.47680246501381,0.433180109309964,0.125789341387688,0.879840798477991,0.246194012926542,0.191121008281945,-0.916646086277011,2.93101449466375,NA,NA
65,-1.50424943432371,-1.5200271433065,0.0504676371678007,-1.21200072857205,0.993479496096432,0.264380982026109,0.119198391001089,0.407399371455656,0.786448506365763,0.747632987826015,0.110965706493938,0.501557058160775,0.18601544038998,0.497647274584975,0.588404973537545,-3.15918476030006,0.735183303155958,NA,NA
66,-0.270808860259545,-0.185165237013469,0.853650462469412,0.752491599654378,0.921917504684784,0.456304316599388,0.585158328668331,0.578503581344383,0.187806208215421,0.449977413090761,0.0249830444208346,0.665222118221922,0.766912224320229,0.817936166772386,0.857586435090983,-1.05443350624483,2.55941670555359,NA,NA
67,0.977750192707281,1.0102939068598,0.0500690294679894,1.28723266808105,0.907128847158048,0.04004336435406,0.0235194443699438,0.0727696197904879,0.281685782156535,0.0545164502124535,0.303226172661991,0.3936055449259,0.837146992315655,0.872121284582652,0.763158320801333,-0.49070720168606,3.06517253784816,NA,NA
68,1.02462276782494,1.03593574821905,0.0673397210780499,0.56445542157682,0.816014265606368,0.409761130454135,0.300747943406459,0.864859825948486,0.848184224470635,0.763160280707758,0.171773146265303,0.464841495416244,0.308906276198337,0.249224803221528,0.326561933076708,-1.03490314988256,2.1638139930362,NA,NA
69,-0.00230346284068195,0.236786299586671,0.130965944416326,0.443028901307248,0.832256890840165,0.627114518100861,0.38133231565333,0.879083109755418,0.0684851431545103,0.625803998306976,0.837606366202584,0.82241839529539,0.489920768767595,0.817061633642064,0.504785822298611,-1.18816463062476,2.07422243323925,NA,NA
70,3.01898112669243,2.59998044738033,0.999754409015019,2.72897408784233,1.17750335687641,0.963863229714334,0.913014561191667,0.319573207164067,0.333506422041217,0.0590194384597708,0.276872599705588,0.127002526964876,0.96799641475128,0.968802055035601,0.131416882008896,0.421109916689544,5.03683825899511,NA,NA
71,-0.54025163086609,-1.21452408008566,0.896231189419946,-1.16547192068086,0.760051339250954,0.131508990669507,0.604931357317371,0.880197359702317,0.178204061397933,0.734603771439754,0.37713890705863,0.449165225191624,0.987502438199939,0.600783066223492,0.644867425489938,-2.65514517201417,0.324201330652442,NA,NA
72,1.59725379131288,1.53678943209,0.0501061415232041,1.43736057964661,0.865228067444888,0.830846795127494,0.0450333899388788,0.627785683138995,0.634055849236669,0.90575821999053,0.427560261307168,0.309345160580473,0.387693177560344,0.140974858832546,0.933367847168935,-0.258455270958567,3.13317643025178,NA,NA
73,3.55457487126688,2.48718624015442,0.784142713823557,3.01013293354725,0.888454217274795,0.803129655513447,0.561204298277269,0.213142646787339,0.776492410706123,0.176030517818755,0.181564447133685,0.39006260509626,0.636561919729924,0.794982886754442,0.86799536190927,1.26879466577593,4.75147120131857,NA,NA
74,-1.46737786511207,-0.965628611271319,0.226439771966014,-1.76317734725801,1.00514673072496,0.146059440686484,0.426098802577006,0.374720303992857,0.448910784461303,0.631087681117468,0.191824856285006,0.750120906619122,0.527979010252398,0.950881440559053,0.84525393211341,-3.73322873865712,0.206874044141098,NA,NA
75,-1.1517722105058,0.108676265828079,0.68435934570479,0.452130745612649,0.762379132680832,0.325298397665028,0.534900559431873,0.142728388536721,0.942991401141509,0.0571138876324985,0.578975585712236,0.711964542191359,0.596156541254837,0.553810006488115,0.828746439564973,-1.04210489700666,1.94636638823196,NA,NA
76,1.47012490508105,1.87328843289145,0.999936043469455,1.70299202980533,0.848696660528342,0.0237333815118764,0.980297314814059,0.763432229283033,0.239907837388222,0.330172062499099,0.249666241414263,0.7104026934352,0.845871116528637,0.345160408850992,0.449812033146736,0.0395771413703649,3.3664069182403,NA,NA
77,0.202131772102355,0.291716453397469,0.0525251929266617,-0.175956399144246,1.10695917473953,0.0616486003790051,0.203625855932245,0.648555730059161,0.364166868473287,0.124941132173408,0.531416896950686,0.914805478283553,0.901028561358457,0.0908037274519447,0.567160899828421,-2.3455565139899,1.99364371570141,NA,NA
78,-0.315680812563454,0.894516697765517,0.752350679588453,1.85910189038363,1.1369189657601,0.512653837813763,0.552120955399354,0.179172531302553,0.408043484986876,0.394022299601114,0.537827901824377,0.0139389951457269,0.514818291523843,0.24066851723555,0.401871240862063,-0.369218335846689,4.08742211661394,NA,NA
79,0.828147213861143,0.913844772774746,0.998860807242713,0.816997537774033,0.974630486151896,0.00729715717525687,0.836247110541561,0.997536352509865,0.0720397975386586,0.968636525446549,0.193572419418022,0.830266912073595,0.195969213037635,0.610555889549432,0.604920106661739,-1.09324311331845,2.72723818886651,NA,NA
80,2.43031854796156,2.49122700459042,0.078997272654813,1.01771461808062,1.06534559533137,0.513597087500151,0.327086939082015,0.850894885503687,0.792691984438803,0.801709427834139,0.51672475765238,0.461526883356622,0.0103183998776367,0.975888157536043,0.992251998200896,-1.07032437985724,3.10575361601849,NA,NA
81,-1.55176902572102,-1.7206864976051,0.13003895126843,-2.49284290986626,1.07957094463159,0.0560861747149611,0.380703248398146,0.457257334796246,0.496769733298221,0.0336798484155443,0.587422204388538,0.197686511783162,0.903239583803108,0.859092649498954,0.762897377683199,-4.60876308010006,-0.376922739632462,NA,NA
82,1.38006314667661,1.51425154872046,0.0528416342907858,1.15629705413839,0.980622803380025,0.176072295493446,0.20954565165611,0.700428953694762,0.897286297320738,0.828096990332124,0.482797418484464,0.717026197586674,0.680386354494491,0.877004487670725,0.232269511349499,-0.765688322905164,3.07828243118194,NA,NA
83,1.48317196702982,2.44890406354573,0.999924584804622,0.554219314901869,1.15088188017473,0.959260872742976,0.972056454554317,0.795218192773056,0.223466614309349,0.816316515086102,0.95081844946905,0.650794035064057,0.586249798268662,0.0807944165448425,0.736082400901825,-1.70146772070034,2.80990635050408,NA,NA
84,1.88698034605669,1.64320264106372,0.168386814900989,1.15037674636621,0.843714171176684,0.0590591841137502,0.402529497232987,0.895745569782564,0.702223547525587,0.162128316358547,0.0559664408210665,0.778947777434834,0.679621639664518,0.96523480376706,0.912773284753086,-0.50327264238615,2.80402613511857,NA,NA
85,-0.373405723092734,-1.42747269241371,0.999951605404024,-1.56989077570088,1.13524732609904,0.080414632531465,0.994238908324856,0.836255636274465,0.00422501363535412,0.194831490026438,0.990573980349814,0.0727457675391343,0.292983485591598,0.877573536509532,0.172488667995436,-3.79493464840039,0.655153096998628,NA,NA
86,0.73193946036154,0.740757413494705,0.0500839390644296,0.839126844265291,0.895394677189666,0.754905992429936,0.0332981104687788,0.361279419990839,0.774444175026612,0.565125022246619,0.0574252596417209,0.58378579055809,0.630142299004947,0.992458398987539,0.427981065918691,-0.915814474975322,2.5940681635059,NA,NA
87,-1.8135603805815,-1.53261696998938,0.251824460499501,-0.862970996366229,1.04748915295414,0.197475671334774,0.434488034162438,0.225043226804701,0.662216972568422,0.726923150831368,0.30162548553152,0.834085214291816,0.672580768719315,0.00359683082823176,0.0439680169274798,-2.91601201035272,1.19007001762026,NA,NA
88,0.698433614480138,1.70114472650471,0.999777189156936,2.00423336799431,0.90294699296914,0.105325838554301,0.917882976210909,0.829735830317368,0.510657658061944,0.219661682946724,0.0686281743184663,0.0456264909569873,0.749526558473706,0.304382588435546,0.608978814495029,0.234489781826054,3.77397695416256,NA,NA
89,-0.447801411096704,-1.82443130560604,0.908127364985492,-0.905435535175327,0.878529757713445,0.378264068618766,0.611717465832364,0.367635623743525,0.853667461070814,0.194299445178825,0.968365151114413,0.490924654269824,0.190256577904569,0.473356734669069,0.896477788086981,-2.62732221964038,0.816451149289725,NA,NA
90,3.4321354932702,2.59115264956438,0.279169394395918,3.30778349239519,1.26023303912593,0.622686050217017,0.442702863881132,0.994913228166872,0.515283580962336,0.707912692053127,0.00566324912919663,0.839488130334066,0.206086423467379,0.361045195915387,0.277449663507752,0.837772123580913,5.77779486120947,NA,NA
91,0.119560914931317,0.166805834473929,0.0505275552463716,0.275054547584773,0.989543567980164,0.977579499585787,0.125229590215371,0.490514716236037,0.629794501507771,0.362329855739838,0.716558862227015,0.47467659734434,0.204284728958621,0.276628712483798,0.442711291883606,-1.66441520678961,2.21452430195916,NA,NA
92,0.492723338166488,0.170543546292692,0.156146238967273,0.375464940896848,0.976665778428415,0.832488208686816,0.396341927277739,0.0242386986458441,0.175300369328703,0.632015430414234,0.595063042986207,0.690440535874921,0.718488560559345,0.790159602011205,0.151677988394862,-1.53876480975562,2.28969469154932,NA,NA
93,1.68395077644442,1.47257775885054,0.183155401794805,1.90146915415579,0.831665322275188,0.915337072711321,0.40930340070941,0.675124819475692,0.119268279877142,0.364998506068718,0.670429376677261,0.496060473892605,0.747451155763469,0.775959597289097,0.813357222181861,0.271435075305526,3.53150323300606,NA,NA
94,0.338066375663653,0.581027482168035,0.815950844077184,0.973699220018791,0.929374933466078,0.601539069251972,0.571295756088686,0.777176249482902,0.277262965103961,0.453483861674671,0.743731388602871,0.899623779045651,0.114767545762938,0.075363060888485,0.976137159634498,-0.847842177709031,2.79524061774661,NA,NA
95,0.357433014107076,0.422748233783482,0.0508741405167608,0.667650873090333,1.04098276698163,0.0467581702549942,0.150497222249513,0.104742353682872,0.72987385971914,0.319387460135273,0.485853923573275,0.605229193829233,0.494216517337947,0.955246837414918,0.142444537250209,-1.37263785872052,2.70793960490118,NA,NA
96,2.98621560723273,2.93424607476404,0.0626631864103922,3.14808226126165,1.01912652062406,0.673153232961427,0.284782819952117,0.440730535950628,0.24631210891949,0.914159625128959,0.0307430270240875,0.670088544377824,0.722063017814071,0.0600187818506965,0.889210154346772,1.15063098514887,5.14553353737443,NA,NA
97,3.88005714376798,3.87337396096539,0.0581659791472915,3.68237813318014,0.942435997084493,0.739282548716059,0.26260737894557,0.300258159143035,0.553154210268403,0.777685181166278,0.659122947495664,0.588102387579973,0.612980295952759,0.405629993830924,0.0207508171066875,1.83523752116044,5.52951874519984,NA,NA
98,4.4063095315443,4.08709853957964,0.994749199327104,2.17174781137937,0.879773663918676,0.584865175115061,0.759626946031698,0.238138051237445,0.444734542312217,0.107771218467737,0.436911672434653,0.0642916361124953,0.286195187725592,0.841718675465439,0.166020935653825,0.447423115551919,3.89607250720682,NA,NA
99,2.13408319787577,1.97899566095918,0.354154366219958,2.24354588247029,0.985770609583859,0.83799315621308,0.462348741895752,0.445486350988271,0.73282594793709,0.202921365963644,0.897288014327642,0.0422293261709856,0.0915768258217722,0.912524726648815,0.268555164072197,0.311470990667829,4.17562077427274,NA,NA
100,1.82375501490508,1.85022899643104,0.145292876869661,2.4520356030473,0.952325430290502,0.988316622856772,0.39030980996869,0.510469470954617,0.221928568467381,0.534080493027694,0.590059330238611,0.286163382262806,0.474563976822305,0.844529422314023,0.0489028271951247,0.585512058116303,4.31855914797829,NA,NA
101,0.155686017883875,0.194481241788481,0.0517148726575842,-0.583083000610976,1.25157927880007,0.0743791495363694,0.184234180072555,0.341101717406767,0.343223943866789,0.479864739083452,0.264830062722205,0.037331067341147,0.37983797907969,0.204160606113495,0.926644412406371,-3.03613331085573,1.86996730963377,NA,NA
102,-1.12186584291542,-1.204373702745,0.0535725752656655,-1.80433016934154,1.13941690259807,0.0576634194254875,0.221029620423447,0.25494442411128,0.855382883614278,0.57063703597791,0.863995710936142,0.0481310571529903,0.939506840098649,0.340341528740711,0.440828605916584,-4.03754626180994,0.428885923126846,NA,NA
103,0.514427610599223,0.454923454733194,0.103697582038097,0.77256330200848,1.11349539544138,0.220011600957252,0.359254504860146,0.634689491571393,0.98966962850024,0.895963125830982,0.975870361679001,0.851770388145931,0.728232391301542,0.439138175851549,0.164855574522517,-1.4098475700078,2.95497417402476,NA,NA
104,-1.68111926336102,-1.97743778646529,0.999648226686286,-1.05803528353755,1.09975363872328,0.309779271452688,0.89504299671459,0.532443070330308,0.6948667106512,0.179295415823697,0.607705303119728,0.00937511856330093,0.79510904397245,0.635066796278697,0.756809619215899,-3.21351280730204,1.09744224022694,NA,NA
105,0.0372699620060387,-0.0338214207194887,0.930535797859246,-0.0452322451006346,0.882562414442375,0.363699128003558,0.626985952031682,0.289736650332343,0.200857507627108,0.686151731384452,0.472797828514362,0.29973271107371,0.113536826985423,0.630195342576131,0.885574635274708,-1.7750227915164,1.68455830131513,NA,NA
106,-0.240271827427257,-0.21556661178929,0.999004528886556,-0.314807664456605,0.84414224736061,0.307438986797701,0.842997637195163,0.747870762144215,0.460820687291212,0.261356084714062,0.701944048573612,0.230354628388886,0.32326372956729,0.574498765595374,0.459188699085964,-1.9692960671121,1.33968073819889,NA,NA
107,-0.14995158547486,-0.175667621664554,0.110451273903943,0.384061180477728,0.947325197306254,0.915950147131574,0.365556168285781,0.757570548898424,0.737181703870534,0.512851875586202,0.846708062082063,0.885272765559843,0.315142925948952,0.651232070546132,0.755918598623713,-1.47266208788983,2.24078444884529,NA,NA
108,1.80062286939808,1.48745563826705,0.911525760506899,2.7290889301648,0.854344453002013,0.26227697306138,0.613799676348805,0.244442675587256,0.634647521240055,0.363942008683225,0.763777732655639,0.564065305934986,0.61762050373375,0.895043477764702,0.372759352447814,1.05460457188929,4.40357328844032,NA,NA
109,1.73529940775545,1.7733471575189,0.116856886873588,1.1814291007245,1.10490125128394,0.0782272991735954,0.370953352727462,0.808747461611638,0.284823668440571,0.702674151597894,0.0709578527047997,0.724014512170339,0.65542683199537,0.315926005925634,0.625753440837609,-0.984137558265272,3.34699575971427,NA,NA
110,2.09581682449011,2.0513705821924,0.163389095499102,1.91241174618997,0.789943142395557,0.0685677972964477,0.400073306691018,0.174538941007224,0.642775003673974,0.489441617961274,0.461404544013552,0.319778039488243,0.307602643860155,0.72554505682236,0.790494339723489,0.36415163726028,3.46067185511965,NA,NA
111,3.19959004161613,2.09335105402902,0.999784522495666,2.21540714961817,0.89749878034026,0.275166901923949,0.9195566951785,0.233152843659627,0.635445775827277,0.264303087703884,0.528841967348242,0.353239749374567,0.242956339284661,0.811576566724572,0.308103727566311,0.456341863982634,3.9744724352537,NA,NA
112,-2.93095262648287,-1.76527478210012,0.999910398656322,-1.75343343650467,0.887457513256579,0.295137723874417,0.963437631282373,0.194934353295946,0.66107510567084,0.00844535473082215,0.0451490325264167,0.481272225754336,0.586672054158407,0.940304992695805,0.650851602494833,-3.49281820029704,-0.0140486727123006,NA,NA
113,1.80330631201976,1.76333351323627,0.0512375267849557,2.77173810490976,0.901299253974406,0.625884618144832,0.167897819200647,0.80736004144582,0.471041487857117,0.071361803626176,0.66928701734182,0.486440325988922,0.848059034049977,0.986082133015385,0.88308979911753,1.00522402782711,4.53825218199241,NA,NA
114,-0.626599097005553,0.355518871013804,0.86122498677323,0.257802314489469,0.825632460144285,0.501181864185026,0.588284571135533,0.946109712328413,0.592174659132957,0.83812630276056,0.0949924286087044,0.736651135920081,0.413147436456871,0.881775762683945,0.142618732858216,-1.36040757186053,1.87601220083947,NA,NA
115,-0.725179090779624,-0.874461235462023,0.141050434966385,-1.47676825717087,0.917464722469634,0.18821157366538,0.387785168835428,0.234702967887279,0.711276980335126,0.803671846859623,0.180374816899188,0.012755828928086,0.240220611457364,0.217562120161252,0.0570178031253163,-3.27496607029739,0.321429555955643,NA,NA
116,3.80463504991194,3.29425961423988,0.598792168249638,1.98797558860312,1.03241794074081,0.921586207623011,0.515662011445849,0.299401001442689,0.84490524700773,0.608324932694668,0.376969617078546,0.26778708114184,0.40315524672193,0.371541249937611,0.78256038750778,-0.0355263922418607,4.01147756944811,NA,NA
117,1.16072500635961,1.11457100298409,0.0501504123088346,0.761498569255421,1.07664946560706,0.215886807634844,0.0624660663263639,0.311193309296388,0.428831076847273,0.257706662846263,0.258467054769513,0.547188227422186,0.512991186426254,0.728098467573407,0.581330368654104,-1.34869560730871,2.87169274581955,NA,NA
118,2.70869370930114,1.14636894471911,0.999348115899276,0.908190595197523,0.919348177297028,0.361880735279992,0.864183202387416,0.500797101865988,0.933965155321406,0.801473396424437,0.449608265661285,0.221807988317334,0.162862651763135,0.813862354800804,0.507311884750612,-0.893698721557196,2.71007991195224,NA,NA
119,1.99098352846608,2.0262461938974,0.0591647521648752,1.55991871600706,0.873605948402272,0.837478724510409,0.268429839859833,0.330570831992314,0.438890480743721,0.985294415812125,0.150855891833198,0.89257650912914,0.055155282380525,0.188868323025294,0.406416563278413,-0.152317479541349,3.27215491155547,NA,NA
120,3.22673524252381,3.35900873958106,0.206162106236068,3.27488316770077,1.03952999106841,0.87406035764073,0.418700766693801,0.939828967260895,0.789655468609417,0.670172211760189,0.328110018213862,0.0589239667229122,0.457960197867011,0.96444801842398,0.691587600738159,1.23744182435745,5.3123245110441,NA,NA
121,4.39420847033015,3.47536036751476,0.723275462908813,3.68204926920028,1.07678121836814,0.684605702686007,0.544456599569996,0.507941865272354,0.85207968369138,0.184744819147862,0.564585330665228,0.293922146613826,0.924920719262562,0.256714361116406,0.939490105294972,1.57159686196956,5.79250167643099,NA,NA
122,3.77861354515806,3.22855368459627,0.893369827685809,2.5635340931649,1.14334573846024,0.607447449314641,0.603401952601154,0.562718176750932,0.710048503916361,0.562313634974766,0.811495084467111,0.733156694928999,0.44404716080206,0.286127305662027,0.369921098138904,0.322617623905485,4.80445056242432,NA,NA
123,-0.365188548639074,0.125939004396184,0.563740194541059,0.533853478276917,0.982928513554986,0.11888944582059,0.508173986480804,0.734594677477959,0.00244502856733743,0.225661742591416,0.744041735179024,0.198170184688293,0.88916398149298,0.218388854857883,0.400977181583876,-1.39265100766835,2.46035796422218,NA,NA
124,-2.87224759163113,-2.11259428597162,0.999744755322376,-1.4905629888021,0.955677793774214,0.26124277701031,0.911086297182948,0.352819483070285,0.600305057529826,0.7822073269994,0.76294944493298,0.376305823053583,0.458831084585865,0.115101987009635,0.71251525298215,-3.36365704542425,0.382531067820058,NA,NA
125,4.33108399359982,3.77458947357195,0.361260250202017,3.29120624013825,1.03911239932367,0.973062373504159,0.464056614275323,0.529728093621088,0.779094587672502,0.155728208199143,0.648980336330482,0.341563760480843,0.687590851750108,0.340583382172161,0.469203781263437,1.25458336157486,5.32782911870164,NA,NA
126,-0.14021348573771,-0.11495737811039,0.0603517158044061,0.181680340095705,0.854002013314442,0.693490667766775,0.274582332233898,0.657297276677331,0.944568886181107,0.597542292687576,0.40587565781991,0.272307840572204,0.943440136144869,0.252744758320623,0.417942430747673,-1.4921328487253,1.85549352891671,NA,NA
127,-2.07418148322941,-2.06015050934919,0.0501381493016515,-1.34449205094444,1.09836931334801,0.374760652431753,0.0582131581834983,0.974649179279339,0.133721598826814,0.669439158342546,0.375212557044462,0.499948906906182,0.914106162353535,0.490166009757901,0.778286460692761,-3.49725634683052,0.808272244941641,NA,NA
128,1.38264280601714,1.3777970958622,0.0500702591508044,1.44915930838861,0.859609729085771,0.033054321976495,0.024402362822555,0.93890419837099,0.322966615404352,0.379050293732318,0.263046643857844,0.554576898989035,0.584263426368474,0.713667446150212,0.734379831667989,-0.235644801379733,3.13396341815695,NA,NA
129,3.40946092222562,3.40471018069586,0.0523538814815114,3.37917279848735,0.810701876332568,0.79229010688595,0.200104226000374,0.129784698011936,0.0123329711117549,0.644932735318784,0.9175159763376,0.786322869113181,0.425218603462214,0.393342886571307,0.925411164343473,1.79022631867647,4.96811927829823,NA,NA
130,4.81844867724167,3.84931292592822,0.782021464523659,3.56081802300382,0.985131765587713,0.893551796281245,0.560570661991369,0.415364559482085,0.372164694301318,0.116935874570394,0.230012299071881,0.864014836449642,0.894622581703705,0.650421002886374,0.178845954736578,1.62999524242555,5.4916408035821,NA,NA
131,3.671754357391,3.56364837507085,0.0515295494162321,0.239352731563287,1.24954705788295,0.560223937323317,0.178506127889268,0.561046693183482,0.619953366670292,0.637963545341394,0.956257830512128,0.551798825270496,0.992320430851425,0.140189481470035,0.218537250799011,-2.20971449887528,2.68841996200186,NA,NA
132,-0.327206115306572,-0.321766627737503,0.0502995865423569,0.652241240189827,1.10082716253417,0.400458920424106,0.0969250736172544,0.688821477504331,0.674433394442778,0.118374017243506,0.706848069766304,0.390756080293329,0.572563141847262,0.856478548625601,0.354272111519938,-1.50534035158057,2.80982283196023,NA,NA
133,2.58076091033996,0.706955277304683,0.999945312702021,1.39142306748077,1.10326440543452,0.585050941561349,0.988126411316218,0.98395595764101,0.957402464266517,0.620027064117021,0.617336914198589,0.26361138286686,0.126788310980075,0.790861521717044,0.387111995433341,-0.770935432595884,3.55378156755742,NA,NA
134,3.54910702358894,3.50116036706942,0.0503918925343304,3.38878304069138,0.993499853963262,0.710872437716345,0.110359149753931,0.632383733863826,0.278996559758089,0.956864937662496,0.721532724007615,0.632109984275303,0.0715279182965169,0.882377440006123,0.550535448439769,1.44155910827758,5.33600697310517,NA,NA
135,-1.44534406371812,-1.25165490468904,0.154489045287563,-1.03839992069096,0.80227307544969,0.0679927753445227,0.395457055569044,0.95770756039815,0.252219944146927,0.0577299577196827,0.384212864613975,0.730620972468518,0.709087360256817,0.00444095475191716,0.615100964258891,-2.61082625433854,0.534026412956616,NA,NA
136,-0.0851137253701243,-0.0335568896161019,0.987846698247649,0.212741876667948,0.894034561403472,0.0256383484830149,0.717299280945561,0.473058848771849,0.474011307823588,0.258313595752581,0.82085288701416,0.816829549086397,0.399813313412829,0.268983051569201,0.388433879267774,-1.53953366461692,1.96501741795282,NA,NA
137,-1.5159296496147,-0.813356980355852,0.960225003984991,-1.22364894939532,0.866249148120364,0.163052587443381,0.656522667601937,0.0518311516910326,0.392990913632908,0.091931984441937,0.282690950177843,0.774266012581531,0.0319077171529643,0.563250993280672,0.70822771260899,-2.92146608134973,0.474168182559099,NA,NA
138,0.860211295779656,0.874586848975492,0.0500822864442705,1.87267302203221,0.952306895399745,0.616713223539293,0.0323037870214321,0.998383252260508,0.888166549670859,0.126141543807462,0.606414877675008,0.992758413171745,0.250575345641002,0.665457652256009,0.561396101703052,0.00618580481955711,3.73916023924486,NA,NA
139,-1.11622426003253,-1.53401071007638,0.901580672304394,-0.103957562961202,0.900688418034872,0.40796805699938,0.607892851628829,0.0083265661180485,0.35924234262458,0.323022693299223,0.767256598682376,0.331103795613861,0.375150038126158,0.406276300783269,0.461561978845508,-1.86927442360191,1.6613592976795,NA,NA
140,3.81235249425551,3.20272004738348,0.992120510529515,2.969311809194,0.819477667510692,0.648484394927742,0.739193504156545,0.847248664535349,0.19624754152284,0.130827780343825,0.477239710487775,0.535648820199654,0.745861903263954,0.642784659259138,0.974024195601465,1.36316509473815,4.57545852364984,NA,NA
141,-1.44918032172699,-0.53627864936103,0.996991425184036,-0.21161933535732,1.17723694521448,0.0646181467719143,0.787591177743277,0.556186224186677,0.941976547403494,0.188894426788669,0.22566362838028,0.813347356290789,0.83871999840613,0.192051413830952,0.320052661255933,-2.51896134924765,2.09572267853301,NA,NA
142,2.50442766915856,1.75480788837485,0.999226985917634,2.05635567000466,0.777671671244807,0.452194186840672,0.855655298353988,0.8307107806938,0.883976528854459,0.243518580758595,0.662976420404157,0.298953673466691,0.569291890036897,0.326942824614816,0.592063157360535,0.532147202567764,3.58056413744155,NA,NA
143,3.1411958143863,3.14232050876526,0.0507713494780162,1.83278270513451,1.09533836150506,0.534366995172459,0.144236828139634,0.570710877683712,0.256176118444186,0.980359459644766,0.0521871683901409,0.854519558928325,0.740785630699946,0.220030301071587,0.862973112576758,-0.314041034300516,3.97960644456954,NA,NA
144,1.05657274153621,1.00886539224187,0.0500813875621655,1.51089775469449,1.16146995746516,0.0206400133231655,0.0317545436797664,0.922697229554877,0.299801543035312,0.509439221697045,0.982680908426526,0.744603983709356,0.818698372780113,0.159633611084661,0.955866784220445,-0.765541531062486,3.78733704045147,NA,NA
145,0.536591111654631,0.518782679144143,0.0503294988077214,0.819794410996029,1.14087059224784,0.589831515754107,0.101685118646245,0.15941822074831,0.11183147188765,0.567001659485628,0.195387716975878,0.238992547114613,0.899284140043776,0.0917652577426052,0.728451760310913,-1.41627086083061,3.05585968282267,NA,NA
146,3.10650572180972,3.00444621620022,0.198796786026647,2.90708443070072,0.792214599242084,0.880465442197281,0.415823345382465,0.772925048651989,0.357715508105,0.92478374589514,0.508319986553397,0.444653014167794,0.641467453004792,0.336754640902858,0.273626423162408,1.35437234815941,4.45979651324204,NA,NA
147,4.05176818126342,1.65375081707085,0.999308818531147,1.02768069035561,1.05427484152894,0.828931016582646,0.861254351615673,0.471120796127361,0.426069959159358,0.244288246811368,0.792652797018411,0.716915440008743,0.580286012278404,0.946985306800925,0.934001411462436,-1.03866002884779,3.09402140955901,NA,NA
148,2.75723582243534,2.74147173978939,0.0500994593720505,2.92278148777535,0.954620358682867,0.822433012150694,0.0417818337829085,0.101925396401901,0.241326895321952,0.48559080043179,0.697362679150305,0.942748215407017,0.625784075480187,0.756498710144311,0.898637707347283,1.05175996584823,4.79380300970248,NA,NA
149,1.44438452181314,0.5100767854556,0.990567416844783,0.300954692933899,0.847242079844465,0.239283141248976,0.730115666972706,0.178245535854017,0.051549929554807,0.872802093793056,0.362066818774096,0.490215246713022,0.832283212125883,0.273406872287276,0.658764386059018,-1.35960926974806,1.96151865561586,NA,NA
150,1.62899272379794,2.25708289278044,0.493317448527666,2.57495641641586,0.910116674785438,0.115164723322494,0.493320071262307,0.274730255031143,0.504878767578513,0.367875427604537,0.890015078512719,0.0246316226155031,0.151228313480038,0.985655627780478,0.454373604666791,0.791160512107051,4.35875232072467,NA,NA
151,2.31322847104625,2.37460166016342,0.0506990382726764,2.7677162123019,1.19447958423636,0.749588543439168,0.139311216562288,0.202695433984976,0.499653825697722,0.647736609466956,0.185492447414552,0.0832862043709029,0.904528619986842,0.910006747888052,0.115838830500026,0.42657924693026,5.10885317767353,NA,NA
152,2.18600244407753,2.23580109200419,0.0519023136384429,2.66832844331696,0.914421608459152,0.132937291311915,0.189430665409192,0.358282754631131,0.663988035532064,0.263239004542003,0.727074460516684,0.439627853999962,0.622364279550617,0.0947511137065012,0.385829489089316,0.876095024051833,4.46056186258208,NA,NA
153,0.747296827382872,2.13407596647851,0.999093756284925,2.32034034496082,0.996768249153341,0.868438988756621,0.847697729823878,0.655697519945214,0.993552862842102,0.72819016276137,0.881186536639347,0.00103709899168462,0.0350800052953418,0.0702137039045338,0.393442157926504,0.366710475687221,4.27397021423441,NA,NA
154,-0.288352271600514,-0.334515708141577,0.999801955199148,-0.696275936797975,0.97100190777907,0.214392870725598,0.923775775080081,0.36855452681426,0.814511544106877,0.237690335025545,0.264490487094736,0.0984118112145225,0.365168194706435,0.108479304747772,0.861905366755906,-2.59940470496463,1.20685283136868,NA,NA
155,0.934349005929158,0.891346519477957,0.0506497572004437,0.987996694818743,0.886089657569105,0.417696152371587,0.135653284035157,0.422648266662611,0.34506816737901,0.859796842963202,0.620016050979961,0.967166371408617,0.318836129533243,0.816171147000976,0.386367980949697,-0.748707121090132,2.72470051072762,NA,NA
156,5.55656520479491,3.23857391199456,0.998928668992465,3.74343053864611,0.876874677085494,0.980138177994988,0.839321591184358,0.846894401411642,0.908503202743945,0.639165581473731,0.0973956984423567,0.662787780490471,0.684388906359905,0.485867153567961,0.231068979722681,2.02478775260336,5.46207332468887,NA,NA
157,0.849384071357263,2.1434736985444,0.995202172645699,2.22264092884432,0.888806228378487,0.144207132185926,0.764161783149815,0.673631874702056,0.305114012312028,0.0699185407063924,0.44294141844369,0.169708120666444,0.728556642908021,0.369423576309229,0.079843045792426,0.480612731987603,3.96466912570104,NA,NA
158,1.82781171169531,1.72762608458164,0.0501566610773011,1.8208812986923,1.01640932161894,0.959564361504745,0.0645016192508629,0.110380776081001,0.924808685865486,0.66177594000299,0.958125042160042,0.561239003729774,0.222985584005481,0.142303877118044,0.0277901006485336,-0.171244365231623,3.81300696261621,NA,NA
159,-1.13849007860639,-1.39783874681755,0.820351543430852,0.372598309389471,0.90995105097811,0.44489907518914,0.572792251918465,0.443499994793674,0.879369489548146,0.651025956574478,0.0332869124716381,0.330383543728967,0.533555278043379,0.300351741171558,0.393734307841281,-1.41087297822199,2.15606959700094,NA,NA
160,0.694821278890139,0.654781824938579,0.264173950819212,0.448590315895254,0.839476283642398,0.136271979142795,0.438289739727858,0.866760800700053,0.96071088337386,0.576415542623261,0.886925026090699,0.841193960888078,0.902967790878029,0.27493843320827,0.800856329316623,-1.19675296591938,2.09393359770988,NA,NA
161,2.1819269371991,1.06918740966907,0.999692968124748,1.79335795774181,0.941857599459523,0.375017299841042,0.901847122475505,0.974045576013275,0.398360304471571,0.367388029814814,0.445616891778191,0.23115357873519,0.974439673309447,0.525198632846121,0.16805146572669,-0.0526490157642117,3.63936493124782,NA,NA
162,-2.42704375800717,-0.516904409780044,0.999767612827876,-0.707558740625277,0.956998625358918,0.279622466647415,0.915778389476123,0.99011234344414,0.586919589037891,0.0938191100240219,0.652050265559112,0.694453959457693,0.9639684294865,0.687053130945773,0.224814493245329,-2.58324157958309,1.16812409833254,NA,NA
163,2.12810761224619,2.16898587432004,0.0925443159225946,1.51807861606257,1.1763519070325,0.987827351318905,0.346995076414198,0.637372405957081,0.958400323854294,0.784742849652423,0.139256209662184,0.872998728915933,0.73473242700228,0.160127342932858,0.072026742126327,-0.787528754866134,3.82368598699127,NA,NA
164,1.9542097283244,1.63686520796186,0.998715665880693,1.6759743466421,0.859129638376572,0.408935895337258,0.830243437515688,0.426135933311074,0.875953037796658,0.94573159132991,0.0782044777789852,0.746096522214939,0.912859602227109,0.615083253870136,0.0614554271394154,-0.0078888026268995,3.3598374959111,NA,NA
165,2.51178568169937,2.08567660703063,0.998763422351619,2.73902275242478,0.956777679163728,0.843705849719583,0.832140593654825,0.897127347593196,0.545199820110691,0.86212431587535,0.823060214420781,0.413582401760854,0.733983442379278,0.618863414280699,0.319194747063913,0.863772960052057,4.61427254479751,NA,NA
166,1.72769110471091,1.40589978747855,0.993144948012151,1.70634365644615,0.894975859514951,0.777183023134829,0.74621170416777,0.0851863129449775,0.848711763446569,0.0750907080461038,0.687719286185922,0.168753684367053,0.789871497970191,0.100507639081101,0.576185610801447,-0.0477767952359345,3.46046410812823,NA,NA
167,1.94200158120428,2.22702012848472,0.903748251024787,2.07836295893816,1.00054867754038,0.179118570520892,0.609133460906451,0.215255219837418,0.00862918090180028,0.080422269652714,0.0532081639657263,0.80449055946595,0.814908364376286,0.182417976184748,0.270102010009112,0.117323586179833,4.03940233169649,NA,NA
168,-0.630048084249114,-1.4754211011431,0.573524391306523,-2.06934853935281,0.861918741361729,0.288459248238243,0.510251422307338,0.885871682727593,0.0345219268508954,0.249183617612347,0.240540470527019,0.65165539865871,0.771203104494954,0.0849206866917666,0.724630353986286,-3.7586782300219,-0.380018848683733,NA,NA
169,1.14998283065389,-0.191314319503318,0.999639727030234,0.933818437847464,0.967925942894589,0.670153160104994,0.89384879817348,0.278697883900022,0.626376116337022,0.573442627312499,0.712181731819408,0.591523091671057,0.320563177328324,0.330301970185246,0.81239695025445,-0.963281549927903,2.83091842562283,NA,NA
170,1.48903715309171,-0.627802167057662,0.999889785783148,-0.781708123797241,1.06665685324075,0.335562812909135,0.953083767196862,0.438132778349798,0.475574725828134,0.216237392242299,0.810774968722137,0.987599937814521,0.955850927703083,0.732805801557726,0.222071281213663,-2.87231714001193,1.30890089241745,NA,NA
171,-2.19376568714157,-1.53003563924452,0.995545149205259,-2.10313219461631,0.835839250595978,0.244765860248473,0.767888403495424,0.45897841400851,0.301503360514878,0.187414112730301,0.824628861725912,0.355771464068093,0.594182755813818,0.0657689327341504,0.299308475302532,-3.74134702264938,-0.464917366583245,NA,NA
172,1.68697719912448,1.43629900431904,0.465328831920845,1.06652745691532,1.04095376816763,0.675328563492396,0.487370932686259,0.395578281990369,0.650348236511229,0.358037174988305,0.632567153946613,0.864765144806355,0.681903903358849,0.495308492181939,0.969868357318337,-0.973704438264495,3.10675935209513,NA,NA
173,3.5841824277447,3.54872921307777,0.0507174115108829,3.64954719651008,0.824749774098472,0.756747484894353,0.140609390098369,0.896362733295537,0.332240155693609,0.065486045865342,0.649377661569626,0.0904719789568335,0.692272481056279,0.436613961836556,0.744752466283971,2.03306734301953,5.26602705000063,NA,NA
174,1.68374180761053,1.13110728492486,0.999286062519421,2.28184623858083,1.07223696087067,0.528084260689327,0.859633503581048,0.770382305210107,0.476146487736725,0.0880232694960432,0.0489823890191037,0.030745751881972,0.363039326702361,0.924310259478283,0.316850776393316,0.180300412381634,4.38339206478003,NA,NA
175,2.64059045128973,2.61054529548146,0.159024683346136,1.59241904852038,1.00232084727324,0.996715227064793,0.397850599988131,0.291984973721323,0.00525961250730325,0.618284641732811,0.645871161825373,0.64160997006367,0.0711055391192203,0.905291408673045,0.664712553569581,-0.372093713088837,3.5569318101296,NA,NA
176,1.67735878093854,2.0623881381435,0.883249842809765,2.3466587791129,0.844695700460236,0.216002335710102,0.598264864280471,0.771349949717638,0.156899682263611,0.345164708685479,0.647096136331675,0.186352563866414,0.794677101227338,0.0306415301872184,0.736753812364535,0.691085628315008,4.0022319299108,NA,NA
177,-0.141510818849843,-0.263765481719358,0.884976968070283,-0.15337276377595,0.918144381872368,0.916828149739886,0.59911358776805,0.442500341172447,0.988147983300965,0.779842872119043,0.477835856252932,0.145976874711108,0.93327450025978,0.477574095248012,0.950093746796134,-1.95290268485358,1.64615715730168,NA,NA
178,0.724221267536183,0.781285464121528,0.0501330462717428,1.47018554063844,0.820731813991792,0.704654994614189,0.0563309885247145,0.923527069478296,0.130873004443827,0.196803536649561,0.864565586754587,0.618986967051867,0.648425667782663,0.5689463553268,0.898358764543431,-0.138419255751703,3.07879033702858,NA,NA
179,0.97661109597344,-0.170737655432957,0.999868076099019,0.30174137329703,0.947673138332396,0.656796526135295,0.944092656902387,0.558579337068601,0.670339912925963,0.846238079666626,0.232707273724489,0.738441658123396,0.603086592352251,0.0242011972976616,0.0137993036819389,-1.55566384695051,2.15914659354457,NA,NA
180,2.71525372370282,2.75007970528457,0.0500465802430581,2.8125090987724,0.924549011719445,0.944841148802545,0.00385041259904392,0.781410067806486,0.797340666415519,0.784129596623243,0.731768490787363,0.750617350829532,0.00483449864049908,0.55946179193398,0.418610395338968,1.00042633386019,4.62459186368461,NA,NA
181,-2.20232438559019,-1.48824174678722,0.99917840401934,-0.3370612937167,0.930313572966394,0.332783886987483,0.85260516425001,0.555249043804361,0.410355243082508,0.31712772567512,0.782247923682793,0.211893634223961,0.330211077725748,0.588820564751513,0.279001875668997,-2.16044239105961,1.48631980362621,NA,NA
182,-2.74619965826338,-1.9729826307154,0.999423433447291,-0.979631202831578,1.00661431557962,0.0116758915195242,0.87032596957183,0.209600843649707,0.473184206670499,0.726074209176004,0.235156010883162,0.496660364542506,0.422819272766821,0.953105697393767,0.603524089048733,-2.95255900769007,0.993296602026911,NA,NA
183,1.40715517798401,1.01443080278199,0.274628399235398,1.67877642914049,0.969590498727303,0.780162258025026,0.441388170080027,0.577051246057381,0.0821699342180509,0.960003946333192,0.432232922235271,0.868041013556533,0.106632060180884,0.34449391205085,0.121423243089346,-0.221586028117253,3.57913888639823,NA,NA
184,-0.167686812378722,-0.0646451750723588,0.591472209576765,1.27698392463676,1.07732017643052,0.620201082973857,0.514086590076913,0.698279300129274,0.75695369680773,0.754534909944748,0.220103457140503,0.0509674020570237,0.799991093091434,0.792534746324294,0.362898272766266,-0.834524820985397,3.38849267025892,NA,NA
185,3.34091994848724,2.53450908014224,0.829860911739938,1.15119025594791,1.00756221619295,0.583429648292833,0.576124965836527,0.241942816609051,0.575559758823831,0.311366631288663,0.387043734997162,0.414617654506932,0.211173571577063,0.372038024334935,0.532826418784098,-0.823595399973638,3.12597591186946,NA,NA
186,1.06280972251414,1.09019316430558,0.0676890906891701,0.225949607890171,1.06427292025375,0.919254932293785,0.30176408757898,0.711043989609112,0.469954545572982,0.218159102270845,0.360521446530474,0.81970517740841,0.985296709246119,0.413303311203024,0.370795002480736,-1.85998698552844,2.31188620130878,NA,NA
187,2.34307983123946,1.93600550004123,0.994015304443995,2.29214666973662,1.16105502194829,0.59875080893212,0.753046845423407,0.50735719161341,0.509068808121141,0.770229792291997,0.761041971401544,0.460286537008826,0.507193381307297,0.768793578997836,0.528779240584234,0.0165206426486226,4.56777269682463,NA,NA
188,1.00010683611161,1.76451775965396,0.512707924179224,1.4231369342943,0.905105176671351,0.0888621838960098,0.497411616670084,0.78264061588177,0.381569603534066,0.724466518163099,0.66840178027912,0.621749904716969,0.145722618117463,0.981727202618611,0.632692522652447,-0.350836614202311,3.19711048279091,NA,NA
189,0.0778224766790892,0.0710892737319846,0.0515875079179545,-0.898485246996687,0.923346963119231,0.527402468722663,0.180368795680581,0.910689526811475,0.00969253869052045,0.321076758029056,0.598716863234993,0.0150679787681438,0.462513351105736,0.231457874761429,0.55539910276758,-2.70821203994481,0.911241545951438,NA,NA
190,-0.992357186842008,-0.919576495528825,0.0507907943532823,-0.757985246427029,0.798428535531576,0.407437695913832,0.145482672446989,0.184383601806243,0.181899065580103,0.54820791915257,0.673602673667367,0.840605379363871,0.698728553697467,0.362175126169808,0.800349065493559,-2.32287642029798,0.806905927443919,NA,NA
191,1.85378708814001,1.50254326148681,0.997777840703399,1.72035368531886,0.929440288059028,0.100413192539825,0.802782037512748,0.285552471937495,0.104401341948076,0.174443643802777,0.490758811640204,0.476375933135627,0.894110936880694,0.163030739563168,0.444131399911479,-0.101315805057363,3.54202317569509,NA,NA
192,2.37769981236423,1.88159261893856,0.999824780382818,2.13280662095858,0.960690258171261,0.515658054671134,0.929899633120513,0.753062772130012,0.610744968774146,0.970157841907581,0.857405127819278,0.519665346070309,0.45979517506191,0.560340241002967,0.902660943516996,0.249888314644425,4.01572492727274,NA,NA
193,0.161539490123027,0.216181780893662,0.0505110878105026,0.315007905071568,1.00524437848613,0.714156556004426,0.123643114215694,0.545623525750241,0.282882894659298,0.0539030007468536,0.66754477756191,0.851159171383013,0.570161020280211,0.432794617492007,0.0314832893722923,-1.65523487242259,2.28525068256572,NA,NA
194,-0.951540137422419,-0.960377210486118,0.142236731790441,-0.697402846077512,0.805354458328864,0.338855894379667,0.388501514675329,0.345734648906277,0.205737704403931,0.191421185432817,0.678525902034948,0.547938919299631,0.75882559992536,0.693099326246884,0.285563407910522,-2.27586857919085,0.881062887035826,NA,NA
195,-1.52509380167262,-1.26675735018783,0.102752989139781,-0.968195256466326,0.880329438735244,0.43516408503626,0.358314461916569,0.204111793258111,0.972178102267557,0.210271743243444,0.281248610038892,0.785841838720022,0.172391043733805,0.52571460512036,0.958222133428557,-2.69360925091776,0.757218737985112,NA,NA
196,3.77893842752922,2.95812215468462,0.850128242370633,2.01176966362453,0.920816582111879,0.772493252394139,0.583749601925141,0.0541709369686432,0.849717229266767,0.9481288333392,0.718577973776264,0.546914371702005,0.945214852604666,0.164747441293322,0.230551921669859,0.207002326317973,3.81653700093108,NA,NA
197,-0.115376084232059,1.28432736052965,0.979759902088495,0.263953969495344,1.11692625732188,0.181860521408962,0.691363035054295,0.804850227272604,0.549097585327108,0.850850318965502,0.121781640719855,0.560233457873459,0.91368842813361,0.861968733371585,0.0746010785301914,-1.92518126824266,2.45308920723335,NA,NA
198,1.84497431517168,1.75993585575267,0.100540116521702,2.70893445546125,0.975545584203771,0.506703434365918,0.356048647689284,0.102354339852696,0.172209314101608,0.711502243895549,0.177229931172333,0.251603736880352,0.0397104092166992,0.00287346947460901,0.284496175216744,0.796900245144769,4.62096866577772,NA,NA
199,2.25364289480164,2.18226125888305,0.050349923653274,1.90740284789368,0.861019543839582,0.35946588868869,0.104693307107547,0.73674216278852,0.932487599718384,0.113208352205926,0.428894470334053,0.29522445804195,0.711361327386461,0.722939090750646,0.0822758554400643,0.219835551982998,3.59497014380437,NA,NA
200,0.294881038920121,0.259231371700112,0.0543588513554661,0.943525121282804,1.00265223999367,0.882164087233483,0.231017270522774,0.472492807073984,0.994251340066898,0.615950942112249,0.591423183712177,0.0684908415200189,0.889537970449775,0.746902321677655,0.893425217204029,-1.0216371581232,2.90868740068881,NA,NA
201,2.28683050139005,2.35905726991126,0.384534853724722,2.31909714971033,0.898255242363019,0.252127883238485,0.469518137664534,0.75575815473788,0.289258759340504,0.0329762710825307,0.216471809402923,0.296967375834589,0.475210302081541,0.0749908788285684,0.651120859408751,0.558549225754516,4.07964507366614,NA,NA
202,3.1757432017232,2.93284481151618,0.999479915945049,2.64869883746581,1.12833635854669,0.638801775464904,0.875483960705926,0.992227437526686,0.053440775591298,0.831985544168623,0.000265834819991142,0.790237402454251,0.656794715537224,0.0897432552254759,0.607440218632459,0.437200212267228,4.86019746266439,NA,NA
203,0.46423412445265,0.551106667377542,0.0514470316185937,0.779576693445374,1.01402040592998,0.865259996550274,0.175728833318222,0.845299035318429,0.580221663195873,0.588471377571695,0.000622921816422604,0.515889294049819,0.884611619206844,0.750826617855928,0.0179347739851801,-1.20786678176607,2.76702016865682,NA,NA
204,3.75757685439573,3.70439715114847,0.0502887674347188,3.18945307429788,1.1632386096572,0.610613323065336,0.0950854194171261,0.302338823920232,0.923376678223605,0.525204310730332,0.987789293891867,0.405157190765021,0.817268823040649,0.740720170206041,0.0419793808141258,0.909547293943315,5.46935885465244,NA,NA
205,1.68330030705629,1.67370247373768,0.0507383229634674,1.97191431164314,0.90975166563131,0.842603498241282,0.142047078470001,0.0553006394696422,0.146697389996727,0.7186028741966,0.680392135542119,0.0825865135986824,0.587152640662156,0.984366676207399,0.709513811090495,0.18883381213045,3.75499481115583,NA,NA
206,-2.48104251083694,-2.15839492440867,0.999876862522836,-3.34956057168274,1.08614477171155,0.0545902647429612,0.947539310252294,0.148029811480432,0.830576441465295,0.629637353634927,0.149294676946476,0.153036894450313,0.741005838139448,0.954993863958516,0.951313705855864,-5.47836520623386,-1.22075593713161,NA,NA
207,1.13705759822675,1.09528284372437,0.0507535919663901,1.38901240070834,1.07568117726428,0.580630196721526,0.143071368440636,0.356773714812589,0.481670211851015,0.212547147513134,0.677623466674471,0.252676144005847,0.131678802992683,0.0276512000559596,0.26188946864137,-0.719283965577305,3.49730876699398,NA,NA
208,0.939062849239295,0.932449167134345,0.0501445113921132,0.688074919642813,1.13032055813243,0.425959154053708,0.0604646603923757,0.00572564620873891,0.340394788584439,0.741306163443136,0.00627709494833834,0.433245110178832,0.956385040223133,0.0121902382252738,0.635254652312258,-1.52731266528197,2.90346250456759,NA,NA
209,-2.95875588124026,-1.55278947071556,0.999701448147914,-0.649135657540272,0.857295239639292,0.339262920336332,0.903247966124909,0.222810277284007,0.209253505016793,0.326371302147396,0.842483645255212,0.530897385179997,0.336951174762449,0.423071437730105,0.307227884269087,-2.32940345135092,1.03113213627037,NA,NA
210,-0.923187632736923,-1.31932613465994,0.531845613150832,-1.11172403775907,0.822549602292807,0.366639721009997,0.501441281506443,0.0494057758309646,0.596153315725387,0.0777625243447255,0.19915653341182,0.302825267778477,0.940088406373048,0.496028221546789,0.256529591378523,-2.72389163375072,0.500443558232573,NA,NA
211,-2.22943180690329,-1.51173956302178,0.995066508722615,-3.12318984791226,0.93750908172803,0.184379457816831,0.762760419867118,0.183054837714531,0.78110355499899,0.650991594158113,0.15881603679352,0.0864002912751166,0.851982363783056,0.629923684444861,0.120213188641472,-4.96067388327842,-1.2857058125461,NA,NA
212,1.24815541477971,1.64114559610004,0.996322732648597,1.72776868128143,0.92787590717503,0.223696376210893,0.777520687855198,0.472639747819165,0.401176212583785,0.901610133601469,0.425512570627034,0.679183143389877,0.27646015366714,0.418081562704872,0.0906262094135163,-0.0908346789040577,3.54637204146692,NA,NA
213,0.464409438839015,0.570412476615581,0.986397148038394,1.07171031606166,1.05159347206135,0.7402467604751,0.711588010806474,0.414863850842463,0.406390405818005,0.83374646374688,0.3851764838784,0.550414994801278,0.163191003291053,0.609431037002127,0.204997516434174,-0.989375015556014,3.13279564767933,NA,NA
214,3.4807750518973,3.04059389948113,0.999829789754458,1.82326090732171,0.856956587212282,0.544625734661706,0.931350183372269,0.831584907256649,0.900456879504724,0.173828651534859,0.0896114214952104,0.253928992725094,0.544993171385722,0.785722534125322,0.310125716781011,0.143656860071281,3.50286495457214,NA,NA
215,1.50486554674167,3.63124320569518,0.998778918216474,4.23319931227178,0.930989479260733,0.766382418434485,0.832771931745927,0.396271542046336,0.0130157974322792,0.026032060282887,0.89950747506565,0.802327901987708,0.558170344571816,0.518175694909529,0.916324832877726,2.40849346293504,6.05790516160851,NA,NA
216,2.76489746804223,2.81775821515119,0.0504108172624503,2.90717245936019,0.933780358592231,0.789427769051981,0.11271818839456,0.450655585798435,0.207314108973835,0.468420798720792,0.661499323870521,0.2791925720094,0.676512946872739,0.358777114752913,0.872424728489015,1.07699658704852,4.73734833167186,NA,NA
217,1.36278153747958,1.29736475740779,0.838666296084293,1.78781464491307,0.856044696358868,0.869104408344487,0.579343418547069,0.141069289754261,0.0719197369307512,0.622136866964749,0.895714465681813,0.206017589473049,0.347424540784792,0.453903882464278,0.789351883085794,0.109997870893159,3.46563141893297,NA,NA
218,0.323416973670946,2.95074938008885,0.997235951903988,2.18690275881613,1.03382837836926,0.559163035169477,0.791842595638125,0.707499122303911,0.406992018179735,0.865679386488395,0.737494760052068,0.11776025141729,0.329762379522552,0.741523395409458,0.159005993119557,0.160636371016937,4.21316914661532,NA,NA
219,2.47133407904524,3.8178440643947,0.975296808999301,4.44160247690666,0.876409682241879,0.918754621249391,0.681159106751787,0.616434656288126,0.498408942328533,0.438486530530732,0.797378271919326,0.221134394448134,0.0200504105356522,0.333652277644258,0.141005228178925,2.72387106401038,6.15933388980293,NA,NA
220,-1.3936099090281,-1.24429902586414,0.879297686548302,-1.14675441340572,0.938561421832402,0.34163029119547,0.596362594346632,0.446500763056451,0.348840646526311,0.541074726235587,0.054918319781078,0.155493359607644,0.736567096016486,0.3602031328429,0.535809513469809,-2.98630099747593,0.692792170664491,NA,NA
221,1.08868657212944,1.73231109034786,0.94107286439734,2.32333088763373,0.925282283162741,0.662749241200159,0.635806225572946,0.739082211338216,0.547593719261815,0.46089467054978,0.572219525193097,0.20232770859194,0.86631250927411,0.412844361773459,0.547770013705594,0.509810937101771,4.1368508381657,NA,NA
222,0.686851336901771,0.37446358782224,0.991555996940864,0.283391929246806,0.966035072040379,0.0500021999835735,0.735703866518103,0.667496426775819,0.330787345373654,0.159451867779251,0.726263316438883,0.386857572296984,0.898754984169383,0.161339157227776,0.818670296419528,-1.61000201975489,2.1767858782485,NA,NA
223,-0.508163907813119,1.89442082956689,0.999907597662855,3.60692472760482,0.911430061768661,0.754064823432709,0.961898386056302,0.34835483469232,0.767771043293294,0.18292640646291,0.453352539381594,0.104180100235622,0.834793189770891,0.199905700867414,0.5444467723493,1.82055463211113,5.39329482309851,NA,NA
224,-0.964793480805449,-1.0514748985565,0.061897571185954,-0.962668949078375,0.912467007612233,0.124261148374411,0.281623756752931,0.925112528966856,0.136614222136093,0.135489069774747,0.945380642022821,0.319118748172419,0.0222038675681688,0.600065010914695,0.280938849315746,-2.75107142107939,0.825733522922636,NA,NA
225,0.844254812419599,1.02000779052051,0.999042206454901,0.77813586904787,1.12430702783307,0.654071211097296,0.844928815133986,0.410197452710592,0.172539773112745,0.0160678166673752,0.717506140593206,0.100854816344683,0.371228139994084,0.811291083174874,0.623826859077322,-1.42546541307022,2.98173715116596,NA,NA
226,3.60181593527495,2.9410239516636,0.998372631024268,2.94508919980681,1.09221663431997,0.98631289319112,0.818389145516325,0.25197519802535,0.909141541382298,0.326743942922563,0.407484268070082,0.789770511750598,0.957475191225647,0.356846011981484,0.578973643526551,0.804383933224109,5.0857944663895,NA,NA
227,0.363272009467872,-0.46187133666443,0.939947012567029,-0.281639163016077,0.899137939906544,0.399848457639688,0.63479673140659,0.769706765979645,0.701889936057036,0.396621607109089,0.51562825190532,0.0393742930615554,0.14330832916568,0.598006844762946,0.612127972771064,-2.04391714236644,1.48063881633429,NA,NA
228,3.94523680512127,3.88116005290227,0.0794489640752132,3.95148685683791,0.892115397330455,0.87805621161114,0.327884314546478,0.593336705884896,0.374173071071622,0.459607626533369,0.962255601698766,0.122685999260284,0.427650757220108,0.69364523456106,0.455497177299345,2.20297280801658,5.70000090565924,NA,NA
229,1.8235711418035,1.84613780247614,0.0976019866237499,2.20581376350494,1.01941482749017,0.0412439709297614,0.352890940845362,0.763637372769532,0.518705668071168,0.0378251790072536,0.312198612643988,0.933060633318149,0.704244905204046,0.448077584252576,0.79395012489846,0.207797416318096,4.20383011069179,NA,NA
230,1.92848781288082,2.02367843488709,0.0556795713289984,1.78929610398801,0.802824772213729,0.148054319700575,0.244320510696853,0.374197531954851,0.0522855493184179,0.790767374445451,0.173929023129982,0.397567353274091,0.721226350769284,0.707442436494399,0.283449672528892,0.215788464552525,3.36280374342349,NA,NA
231,1.7958091899362,1.91693918687733,0.985218845153161,1.54062938704216,0.893117769440052,0.103694893115666,0.707371375632007,0.170040454854374,0.100571998930769,0.601129783856217,0.820385515368776,0.259681201926665,0.0588069895149674,0.206705438757548,0.234500654516742,-0.209849275013092,3.29110804909741,NA,NA
232,-0.181713357401955,-0.255929663696272,0.127749381672398,-0.265310796514646,0.845684824661085,0.315494951412431,0.379120690465323,0.669371534431819,0.208639375724364,0.903956424041651,0.92828183750168,0.767754007389303,0.874431468626484,0.948336435319856,0.581710725376615,-1.92282259512244,1.39220100209315,NA,NA
233,2.38588383653369,1.99651360890685,0.907524463868063,2.32217475747898,0.897514949299075,0.0918979015080258,0.611355278631789,0.147402432074188,0.324179994052742,0.899373424825259,0.839428781449562,0.313057173681329,0.382494019159232,0.929421285500401,0.0255038978764787,0.563077781266505,4.08127173369146,NA,NA
234,-1.5834957181701,-1.60976299985343,0.0512708910775086,-0.950128618468347,0.903815113926249,0.296224304383271,0.169229749069316,0.399591246983036,0.222919653894147,0.564098060681019,0.126240885720588,0.672383494891576,0.860804765729001,0.943204429882462,0.715980470986571,-2.72157369044676,0.821316453510067,NA,NA
235,0.0743030023429604,-0.716347714697917,0.928638017873912,-0.838021741038092,0.793879343743868,0.253778457379085,0.625530386862927,0.107358543401584,0.429318768552388,0.28088331835065,0.790665427036118,0.947446039978764,0.535668584366096,0.599902585586533,0.235615240770974,-2.39399666284637,0.717953180770183,NA,NA
236,3.24453614511623,2.06859954348428,0.998877456249067,3.042303156954,1.20275996022505,0.968229410496657,0.836984117235872,0.408667413325282,0.369762562880642,0.0368716276206542,0.187565263909171,0.985328279375332,0.555987666190485,0.542334679803462,0.410742607209366,0.684936952866082,5.39966936104192,NA,NA
237,0.718133764806187,0.791318863696121,0.0599392119273367,0.757003820754666,0.98488452923617,0.537404896346619,0.272527159661287,0.0558325197447557,0.323513294170261,0.788266626254423,0.357103490788257,0.290431932497071,0.0378100157560548,0.491251990722027,0.148982113605598,-1.17333438547891,2.68734202698824,NA,NA
238,-0.624234571818076,-1.0189740002519,0.884322617370514,-0.79157380987106,0.873581472662092,0.232088178253267,0.598790751336957,0.540651931765606,0.704776569660055,0.240659727542195,0.0499892455008812,0.145064472761238,0.350264386913041,0.520388867400237,0.822624419129221,-2.50376203385022,0.920614414108101,NA,NA
239,1.10349904038474,1.34969179491538,0.999612811920065,1.20181793144954,0.992621427887056,0.32644933976524,0.890244952223147,0.258357610799721,0.764083920941222,0.511888582270592,0.573609068657854,0.139942989583244,0.158115178323933,0.685428259502863,0.0504750606142916,-0.743684317491807,3.1473201803909,NA,NA
240,-3.93162567044095,-1.79060619997076,0.999714555092275,-1.52771001220605,0.79398543917262,0.11698174310755,0.905493385365815,0.907528842367697,0.192340747855837,0.85715580840339,0.196111128084012,0.56064816638187,0.0186028197797714,0.343481937599368,0.45665001989645,-3.0838928772336,0.0284728528215061,NA,NA
241,0.776589124749564,-0.0487249331499085,0.999344692184066,0.204841035254765,0.935184050499338,0.854165731600253,0.863921107731061,0.801267383057391,0.102614985798602,0.953719692388549,0.430555496235494,0.909601402937551,0.243014884616481,0.830422376754461,0.225769869697397,-1.62808602264022,2.03776809314975,NA,NA
242,0.00155521993978339,-0.0261491899294787,0.0505384604810103,0.665272131845674,0.881284348735688,0.887313043661765,0.126253190217889,0.787057104949374,0.865888967893086,0.564630140083726,0.636454990945524,0.734565541604883,0.636291591635207,0.73912308000098,0.989381107326713,-1.06201345181511,2.39255771550646,NA,NA
243,-0.173676974862937,-0.346118058060033,0.0577996580002858,0.536257589249337,0.941762750597274,0.352378306174884,0.260293097868562,0.382062307367101,0.148397265434614,0.516533017780865,0.76545840425475,0.0954358981068945,0.587937285339809,0.561306779446779,0.549589028185233,-1.3095634839027,2.38207866240137,NA,NA
244,1.24477454293374,1.22122414941859,0.0500532833235448,1.09970890506533,0.753939723820531,0.114997704648413,0.0105731114418013,0.495820108705899,0.587001781947096,0.906410759377992,0.456888163148542,0.63629610543442,0.298626574980211,0.665875576050952,0.267345312245889,-0.377985800136989,2.57740361026764,NA,NA
245,1.29766523817276,1.30468910108246,0.16207832146246,0.650323645658632,0.892189113066639,0.369386216245592,0.399413664596155,0.233929073069128,0.763864086375455,0.943927559183212,0.447574874567334,0.889303238906665,0.429637622743845,0.457246287647402,0.940441566344816,-1.09833488335071,2.39898217466798,NA,NA
246,0.253292817552954,1.31525731989379,0.687051831992748,1.53821895657858,1.11486150692407,0.958536377600627,0.535540672088042,0.838903801901615,0.884061544227763,0.397399169557262,0.733571671853191,0.0535604369932553,0.108314573415788,0.936727803009213,0.910452601497527,-0.646869444742658,3.72330735789981,NA,NA
247,3.67824090568254,3.88003967137839,0.240961441162779,3.31313640104405,1.12421703991841,0.570268454785924,0.431000947533757,0.954051243172376,0.827259238116443,0.47076949373784,0.563560435195454,0.470731136889779,0.000704716580803506,0.606667741801473,0.111742662414559,1.10971149199773,5.51656131009037,NA,NA
248,2.40021825009772,1.62494595458999,0.944423089571503,1.77679670599114,0.999805207892103,0.0666428135102615,0.638920554141863,0.775758027210482,0.300208532624762,0.0494277613690356,0.927441780489054,0.878924689750769,0.682951232063235,0.700046210971079,0.260311463297927,-0.182785493032964,3.73637890501524,NA,NA
249,1.78274675033698,1.88550162787471,0.0502472537430732,0.477592083146167,1.45628536256342,0.491054105769959,0.0873229073302355,0.423327927071252,0.548860308215488,0.478766514437157,0.600675248348736,0.152770079498761,0.169366647235816,0.513322388074012,0.230109160471708,-2.376674778691,3.33185894498333,NA,NA
250,2.32167137830325,2.36117277322488,0.0519377772388776,3.09734102919314,1.1276834515307,0.737765282332781,0.190356071355869,0.00967961459234357,0.270685958820977,0.448807349833427,0.912079032594222,0.353766523107188,0.89186780686886,0.342006482941331,0.481355387417949,0.887122078231152,5.30755998015514,NA,NA
251,-1.25422333545321,-1.4228200106079,0.956700329939102,-1.42775326274315,1.01109077298944,0.0940644806681667,0.652083349170163,0.192265797371278,0.389741296806373,0.758650944851805,0.29284279830195,0.829491204422316,0.739984278123011,0.110757371700718,0.542742917608004,-3.40945476290323,0.553948237416922,NA,NA
252,1.09494146488561,2.67307582945437,0.973622664262134,2.73594492971749,0.893118889020171,0.652359861726873,0.677789923478384,0.644583530631615,0.365078279712819,0.307857244546292,0.143729404037353,0.877411810918944,0.453092145401868,0.0743692119030748,0.966038215713343,0.985464073325527,4.48642578610945,NA,NA
253,2.06594244021885,0.751451982175453,0.999808616830776,1.87957640563043,1.02785661354706,0.621089488192694,0.92548691236251,0.869746276060818,0.722826509637758,0.451245564862387,0.0444453430243302,0.648124763949774,0.350833186645876,0.423679803683539,0.470071048238664,-0.134985538193116,3.89413834945397,NA,NA
254,-0.555693905282248,0.750981453260303,0.991384856919177,1.16312208652745,0.950820840840468,0.569887079982786,0.734691528247786,0.672113577611977,0.169946019428084,0.335685933956876,0.411891374719795,0.42646796533186,0.461175705042901,0.612765651958412,0.306107096119784,-0.700452517269952,3.02669669032486,NA,NA
255,2.73594088569159,1.66892350927694,0.991025019594932,2.69581635995277,0.894681062479107,0.772674669966102,0.732626448822208,0.258808448516065,0.466695737834205,0.635946337296627,0.734719154375489,0.021020660168957,0.800118137130747,0.229195374838077,0.451610569063341,0.942273699843691,4.44935902006185,NA,NA
256,2.82512177340754,2.03511520061449,0.999947005542403,1.2737020164285,1.06466595991132,0.941626786727225,0.989698707197444,0.883614322433365,0.41715116632334,0.296185733534396,0.581061887209071,0.374386477643973,0.0195130361447809,0.597097408456961,0.546199754050467,-0.813004920563446,3.36040895342044,NA,NA
257,-0.0345546366596172,-0.0448633823634488,0.0519559099005211,0.998496518066066,1.09462831460319,0.785546612414415,0.190822724885307,0.71752751777356,0.403289709082572,0.673571577899856,0.419958213447942,0.00310046704870183,0.123394679291989,0.940820709484164,0.773049259206629,-1.14693555501397,3.1439285911461,NA,NA
258,-2.02040840900387,-1.74793372137973,0.36768635466914,-0.83969305607246,0.841645197775998,0.333949747469276,0.465583952234359,0.523455105781555,0.33710288164753,0.284390860765474,0.213283989548683,0.784873101387406,0.279352173798834,0.681713358069421,0.593535024467274,-2.48928733147451,0.809901219329586,NA,NA
259,0.344018703285367,0.368544652015346,0.0573426561250957,0.165495282543513,0.848920116693739,0.0755735441541765,0.257249889928964,0.372600837172824,0.511995062186383,0.884472487697843,0.949200032202876,0.381766424044501,0.215250463445438,0.334748237254214,0.0892350425050827,-1.49835757192776,1.82934813701478,NA,NA
260,2.31153527618969,2.36867290273775,0.0519808407976955,2.01202561486032,0.833606446874677,0.294732889067382,0.191457334384555,0.545250312356977,0.0598963697559666,0.566224976613186,0.913180173763074,0.400730426752125,0.884229182672687,0.0932241539567476,0.0540034958643373,0.378187001705552,3.64586422801509,NA,NA
261,0.324766905389471,-0.110598505964737,0.998185066228328,-0.0559852680099471,0.848452707737346,0.424336112718331,0.812925036156434,0.187214632490301,0.946688161653001,0.73685055478476,0.28173920948396,0.423934186637867,0.0961138852916192,0.927053673877381,0.373698344502016,-1.71892201776063,1.60695148174074,NA,NA
262,-1.52144958510224,-1.27022090743836,0.9586821066179,-1.38091011384908,1.04689178933207,0.0165485748637002,0.654534982768819,0.534378651859472,0.43386701773922,0.500456048690714,0.557762368674274,0.9058519804565,0.361383944104775,0.464636021204526,0.524259499576758,-3.43278031665063,0.670960088952466,NA,NA
263,1.19818464172344,1.29685582169959,0.190140970114936,1.4797402696228,1.01000536283087,0.577851313105319,0.412289432502352,0.517601189070963,0.31559767801268,0.117978740784805,0.687156134577701,0.585789633661159,0.871552244576276,0.78470426133601,0.881637589494581,-0.499833865718014,3.45931440496362,NA,NA
264,1.07854375929582,0.535398705359096,0.999491052810577,0.547268921918394,0.940050849218123,0.0996824525976554,0.876566856427933,0.744089373319526,0.557547722052317,0.677681587573374,0.457947643111693,0.736245346127427,0.243904898866662,0.488410489833215,0.306746578103863,-1.29519688618542,2.38973473002221,NA,NA
265,0.69074626411767,0.706910585882407,0.0518162823086765,0.880703599143174,0.862203854991273,0.662062838430284,0.187112172295223,0.160252300459193,0.437473983935197,0.492331250948366,0.664824365115492,0.901691935867071,0.34079916806682,0.360979771684622,0.249578505724901,-0.809184903971316,2.57059210225766,NA,NA
266,-1.15168934333907,-1.76662170950476,0.999945741463374,-1.38509191917192,0.769155720594087,0.42801489513577,0.988519990524277,0.874966598387226,0.122893148492207,0.941302742375876,0.599460093594389,0.82319641048694,0.465601165778353,0.277215940180817,0.0741866437828867,-2.89260943003929,0.122425591695442,NA,NA
267,-0.805482915511988,-0.0328045388423578,0.990007887917127,-0.00738359286097001,1.04764842664373,0.791561375508085,0.727204613830429,0.720350062913261,0.248654620322748,0.407483189196093,0.147571347152465,0.543482505034888,0.666147807014058,0.776525469538523,0.255528079524636,-2.06073677754274,2.0459695918208,NA,NA
268,2.58986732184196,2.14026016269617,0.949958496641041,0.956967375877276,0.99138986430226,0.86304135446588,0.644474795956281,0.629804246040294,0.0925283551573521,0.883701237648609,0.988580822058488,0.0836126465215348,0.524940200345824,0.323992231721408,0.156631003105431,-0.986121052793204,2.90005580454776,NA,NA
269,0.0857008514887422,0.0993270349586604,0.0501105230224123,0.271356872433757,1.09181984388809,0.123421861626208,0.0470561465047067,0.147552129000775,0.157432925265864,0.575485100233811,0.836262546521495,0.890575558099197,0.134566743795527,0.887534804824041,0.92487606047478,-1.86857069919303,2.41128444406055,NA,NA
270,0.0416767303817404,-0.00975373721237699,0.0643375066087813,0.189448519415539,0.961473720606309,0.0992362093008123,0.291081205796567,0.228743725188542,0.457963714620681,0.601643311374471,0.681506569087738,0.607094214104232,0.55606771528651,0.202377522945986,0.845602438570699,-1.69500534505455,2.07390238388563,NA,NA
271,1.5347394266805,1.48104274843236,0.0503941744891498,1.08529425733236,0.926570733687116,0.743211017104099,0.110649571008282,0.641452954357839,0.908129000637913,0.467469699190231,0.0701494773672894,0.282991177028976,0.511758481452591,0.363740960562718,0.512813891735743,-0.730751009823242,2.90133952448796,NA,NA
272,-1.18103098407315,-1.11223012519138,0.128586097248836,-0.410113454467859,1.18454386034436,0.110977538456791,0.379703886797419,0.439601426676614,0.546210492303944,0.826122791450005,0.48121819368226,0.435308921381249,0.770999179476639,0.186404579671449,0.725154764224077,-2.73177675885085,1.91154984991513,NA,NA
273,-3.2569288082537,-2.45450143180125,0.998916754366126,-2.31051584086455,1.07575011433001,0.112943500015768,0.83876796621969,0.443606446859427,0.699652096039848,0.746364580030204,0.843532200814574,0.501257456734311,0.832582404627115,0.97917024292727,0.228879754584515,-4.41894732131621,-0.202084360412883,NA,NA
274,1.20856108650071,1.27160366773268,0.990489542757682,1.26262582240353,0.947661847760277,0.00523603297024965,0.729700428715325,0.0416017954993295,0.870419071040233,0.827902146915207,0.763482479145401,0.399228326906683,0.753735670515569,0.852720977049554,0.103282974914066,-0.594757268729294,3.12000891353635,NA,NA
275,-1.68095149089353,-1.60515426742432,0.0529016196975483,-1.85932122081872,0.976448237375641,0.182871475553489,0.210593306170544,0.165564728819998,0.72890642281645,0.0510459479620913,0.737548539273557,0.178821987220319,0.826406768106041,0.928585840331041,0.131656097606756,-3.77312459884259,0.0544821572051537,NA,NA
276,0.574885719395466,0.603853186471186,0.065698932837465,1.25126810080895,1.07934599225832,0.961631298767868,0.295689700495219,0.47587230138306,0.621101492850576,0.549995710324729,0.294972911251592,0.704328802797128,0.176460705179954,0.402152782162419,0.186847614364931,-0.864211170875012,3.3667473724929,NA,NA
277,3.53147751149853,3.43489672172454,0.0500902331635841,1.22922919944592,1.09257840847424,0.558297443383955,0.0369137374968268,0.903519621043582,0.780042866105796,0.0227282588507514,0.52103394339059,0.0380187465335475,0.766314726255601,0.127003933625063,0.774417946895934,-0.912185131449677,3.37064353034152,NA,NA
278,1.88715587048412,1.473072515078,0.998235365469313,1.73020582432345,0.936745661099393,0.0571481832338031,0.814332957153674,0.0989477638739627,0.323247196213109,0.832312029531691,0.31470107883797,0.774691846977803,0.761401579147088,0.141338286849088,0.0378255669241771,-0.105781934105526,3.56619358275242,NA,NA
279,2.83910312827294,2.83117801374393,0.0500567662793397,2.14956438013161,1.20256247389699,0.568748668534216,0.0137392484011361,0.928167575472267,0.672217027133913,0.291630944155739,0.285572499688598,0.917978458303609,0.302228042307659,0.659730780614191,0.685561381376814,-0.207414757865873,4.5065435181291,NA,NA
280,0.504155725437024,0.636534196357999,0.0522257773806228,0.272065087039134,1.32298857447876,0.491816826474736,0.197299496352556,0.0131871305881068,0.286860994122922,0.423058453621343,0.24857283076155,0.622180610580952,0.374602150182589,0.840622974500293,0.309331750127254,-2.32094487089723,2.8650750449755,NA,NA
281,-1.11998184520398,-0.877879165701102,0.999853758890652,-0.174490685931259,0.981746658567569,0.295682696279604,0.938940331011894,0.664471765636117,0.888572314769612,0.490694830875378,0.815698571806075,0.291415443062433,0.815410444309469,0.0316307853645412,0.363188585157273,-2.09867877866624,1.74969740680372,NA,NA
282,0.599468312744392,0.766949663095369,0.320084340501769,0.938360518424247,0.918699154740885,0.852096025354462,0.453838276106049,0.868693147016806,0.508507757679094,0.457688741192222,0.245939710648265,0.723663117830758,0.241955898285378,0.485095991142211,0.28664647682861,-0.862256737495278,2.73897777434377,NA,NA
283,1.36560078616294,1.27843449703491,0.0530226531201313,1.57490346499185,0.941990989640302,0.406590516331838,0.212642989517306,0.130693105543964,0.806873235950014,0.898834390480071,0.757562836920144,0.825149979918147,0.620897387334146,0.42576682023867,0.396418084460893,-0.271364948464381,3.42117187844809,NA,NA
284,0.362092545749735,2.55434606956561,0.961098849456271,2.17787277704482,1.00304057255806,0.414590930911712,0.657681378538255,0.16690226280631,0.0262059491781984,0.474723376145004,0.191387053595041,0.0666592902456177,0.0297289725420997,0.862654712596559,0.145041208436014,0.211949379798581,4.14379617429106,NA,NA
285,0.339903083792802,0.359590377488847,0.0697222288199497,0.618173636482168,0.944463857536434,0.0231202918130439,0.307313157293596,0.613484184941393,0.115527540170122,0.876516999513376,0.455325180027517,0.258529276253539,0.249953120918246,0.418579734287807,0.992902460717596,-1.23294150898901,2.46928878195335,NA,NA
286,2.67263816794655,1.40786258229747,0.999654587782041,1.31228888954618,0.903504935973669,0.313077363664284,0.895955753360293,0.804297532060766,0.576219913908048,0.121951707856148,0.461825674496125,0.509841998845455,0.272167066536611,0.868414336649235,0.776778241242631,-0.458548244816375,3.08312602390874,NA,NA
287,-1.30906954962208,-1.26312833026668,0.144504602464881,-1.1393400550207,0.825562994451323,0.227503417320317,0.389848391159088,0.769237559595495,0.843170459792251,0.966021998305689,0.868769160960219,0.874067318359972,0.626027771958499,0.661873982494231,0.477596201476874,-2.75741379111433,0.478733681072933,NA,NA
288,1.25128871466808,1.22596397901384,0.05111322614379,0.590652886987664,1.04540883482714,0.81292926679994,0.162598637758289,0.296319071689155,0.466095569626894,0.389041104127886,0.900112123299972,0.752574869110482,0.376861875574454,0.519050958753913,0.437049863388995,-1.45831077839351,2.63961655236884,NA,NA
289,-0.359829928773282,-0.258345569365464,0.159582954270045,0.0434037404834455,0.840762724109167,0.666693093299633,0.398139179202146,0.827519824177143,0.123468814818421,0.908140959526063,0.521570203765179,0.623000572708435,0.929139452546835,0.516216636601486,0.261214480502182,-1.60446091831431,1.6912683992812,NA,NA
290,4.90565380592637,4.02420860350093,0.990872752114914,4.35903628111459,0.860930414375241,0.731095932427445,0.73177718457533,0.851667860557558,0.342618373638601,0.0371971624407452,0.304932344410685,0.993145628856844,0.166863918771269,0.551575761529035,0.114626213326817,2.67164367574397,6.04642888648521,NA,NA
291,1.03255270160346,1.1314436657262,0.148089138203184,1.68850905534462,0.940217365571103,0.280304079398862,0.391919736985466,0.767333317408455,0.058623798351502,0.225000725460006,0.235592822139966,0.152341997957672,0.578694072951912,0.112911319141858,0.253942719465354,-0.15428311881387,3.53130122950311,NA,NA
292,-1.82755998089521,-0.00405128840542783,0.997995548074751,0.210096293763171,0.995790511844506,0.611059772011242,0.807948956836015,0.487197739976342,0.144472379176645,0.609707226908533,0.151939101255615,0.67102433437563,0.598706168606179,0.262116625135765,0.593391234793933,-1.74161724559877,2.16180983312511,NA,NA
293,4.82713297642672,2.00051374631662,0.99992289791407,0.883833920953319,1.07639866526569,0.641080636793515,0.970950288256165,0.647450966230943,0.269669545169221,0.0195486866141437,0.628791241999017,0.442995446178364,0.195146187048871,0.991580045984592,0.0472807275929954,-1.22586869597441,2.99353653788105,NA,NA
294,-0.390437815650169,-0.316085439374063,0.0785212194458495,-0.409668071479931,0.795749991080642,0.885813020932721,0.326233430121327,0.913848159445683,0.91537388920004,0.95727661299496,0.277059696330456,0.624417121861945,0.846308832969284,0.580901492277044,0.0165031802387675,-1.96930939469606,1.1499732517362,NA,NA
295,4.18559110764586,4.19838819577486,0.0508359189034361,2.82265843798091,1.13926469844339,0.983805462400429,0.148259732066537,0.00472574466583319,0.0374015248074429,0.680031765441527,0.610206106842496,0.885772719627828,0.311008362796856,0.61758297667536,0.030957238126779,0.589740660173993,5.05557621578784,NA,NA
296,0.553868132547764,0.808293819737917,0.23101643478671,0.584504935547825,0.971808436170363,0.150417578383349,0.427675911471364,0.204544529496576,0.572393314769259,0.18991573343263,0.565316165752127,0.858040613461635,0.140937439255649,0.108562200437649,0.872530977595714,-1.32020459921828,2.48921447031393,NA,NA
297,0.359460208070923,1.75080433493493,0.696766576600654,2.56784263160408,0.832674811054769,0.413561977654928,0.53787412840873,0.754459792267298,0.638704362901161,0.849997516128002,0.242398799370392,0.0865954824596411,0.598073631047737,0.483827280313708,0.919465842450038,0.935829991103041,4.19985527210512,NA,NA
298,0.529841210205444,0.542884040101992,0.0500671269208969,0.482604761308845,0.994104366410304,0.0288988808499416,0.0221219283984974,0.672972138303332,0.963954081258387,0.472269718916505,0.765583192503313,0.0883934363423614,0.928196599599556,0.333364877783693,0.90840974437329,-1.46580399372936,2.43101351634705,NA,NA
299,2.96522423286833,1.98280364265262,0.968270662415093,2.32559147472404,0.841489718747663,0.110249146807939,0.668262522881851,0.380311432388145,0.492194158755126,0.386774689221405,0.524492851294694,0.765544434630196,0.592424859662657,0.307981818688102,0.723988061392331,0.676301932617878,3.97488101683019,NA,NA
300,1.38049706119081,1.45281414205643,0.462055448273773,1.46718376378144,0.846723423026239,0.45162643433793,0.486670121616917,0.567795152751845,0.708797428060323,0.957985379262362,0.981346245395136,0.919949449289008,0.279694386990159,0.736847743837279,0.534900971274706,-0.192363650216464,3.12673117777934,NA,NA
301,-1.60336746892222,-1.63098662302985,0.078759897103292,-0.961273643352091,0.773766241326152,0.344153732508654,0.326663062737673,0.181358182950993,0.758137865766301,0.120186760601006,0.646697847350733,0.26608916343993,0.773344170195749,0.511154805412865,0.558674538182211,-2.47782760880428,0.555280322100095,NA,NA
302,-0.113586392042143,-0.269369644287212,0.993395885289061,0.0209148818461755,0.887758283694446,0.680570740771131,0.748089655671967,0.829258939889842,0.898983838257263,0.958989919309271,0.631164610240725,0.64400907249609,0.465340671745245,0.0422049030762864,0.989847014300874,-1.71905938117203,1.76088914486438,NA,NA
303,1.73065418599855,2.21982029152146,0.487392132250846,2.69161675341996,0.908695576755281,0.458487207536353,0.492065947900992,0.654916495144484,0.143356259292224,0.132265647220076,0.0660950601411751,0.676683336492162,0.936921179154422,0.243073418908869,0.785059005860821,0.910606150068755,4.47262735677116,NA,NA
304,2.74218641123016,2.76672624117892,0.0501137455029142,0.831406029001594,1.10592145234523,0.557439866664819,0.0484932998964796,0.132162699477049,0.380383778615738,0.31617680583871,0.381598212170647,0.36954782179324,0.282871979124495,0.460846047219587,0.573866364560556,-1.33616018732528,2.99897224532847,NA,NA
305,-1.55185184942738,-1.33146823847317,0.10628190130472,-1.45080806280383,0.934671367955098,0.212032755875844,0.361749130751356,0.437430201655952,0.929108681070502,0.156213923773728,0.622464699499891,0.207684100903105,0.551808778207749,0.326372838536045,0.91710323155974,-3.28273028137661,0.381114155768942,NA,NA
306,1.86496591442579,1.94456863408856,0.743835849731967,0.802232197255236,1.03228040862686,0.448173707357724,0.549820847689523,0.464517575692385,0.00693875929014757,0.58143298385106,0.978652295327629,0.77040512198722,0.447755830847658,0.763016632791376,0.129816442510928,-1.2210002255997,2.82546462011017,NA,NA
307,-0.402071732764787,0.101480091545652,0.977459211581117,0.381967199427005,0.794198598821973,0.207515602544067,0.685856116506387,0.856806660369388,0.623233224306721,0.87778884909011,0.102874677269836,0.60412534052541,0.324283024621196,0.773064065197366,0.599342282842845,-1.17463345083624,1.93856784969025,NA,NA
308,0.77850897770707,0.77005499642241,0.050415371748459,0.581763066048864,0.849994362372303,0.364745510814479,0.113269698206801,0.0794375223056413,0.689973213201622,0.852178860118031,0.501642422182369,0.242900541872717,0.154327989201876,0.26750347442925,0.505434262337629,-1.08419527126294,2.24772140336067,NA,NA
309,-0.630778954045574,-0.308856446934214,0.999741878414996,0.725954591004118,0.999231247671154,0.626364353396348,0.91052573930542,0.675684263374074,0.0676924261013046,0.99447373945755,0.647919099751627,0.186897331726272,0.769608348420821,0.359895461841603,0.821456954887603,-1.23250266665837,2.6844118486666,NA,NA
310,-1.28411107458623,-1.6575828443918,0.998478308249952,-1.18360067228423,1.26664011990013,0.0515643264114624,0.821751810509479,0.540372169282404,0.761544905178947,0.200725212173187,0.359575388336903,0.712401468278607,0.283433039963478,0.130844244796317,0.443087281715125,-3.66616968866198,1.29896834409352,NA,NA
311,1.31910320392456,1.30849866378826,0.0501611758169526,0.583382525376907,1.08773286109299,0.304715216130018,0.0659224104742752,0.845934598938795,0.551421243534889,0.469382264978136,0.00799126036220696,0.630224401818588,0.738401764021488,0.786819074058905,0.212055705727544,-1.54853470716605,2.71529975791987,NA,NA
312,3.06283298673698,3.16664880757967,0.964438921146789,3.24068299815769,0.911790319843432,0.737377866939292,0.662352946355939,0.748248098224751,0.998197411629139,0.692772072187276,0.0616881823745789,0.553633511160733,0.253991095109959,0.677896363856154,0.84260975920863,1.45360680981231,5.02775918650308,NA,NA
313,-1.50784313240143,-1.53119779128694,0.0574867800125733,-1.22501070852399,1.15143060620455,0.0585720211114967,0.258229442724725,0.43905774859339,0.805302541175857,0.699015261326218,0.0387430962179787,0.170504961039755,0.953692265295656,0.0675374553886941,0.338482660027687,-3.48177322738204,1.03175181033406,NA,NA
314,1.20935873893114,1.28309414874909,0.0501830400762131,1.20868628127045,0.899533408579997,0.38411739574431,0.0722840276658535,0.576289510326344,0.862457956579165,0.822537718664971,0.943537563300226,0.10849727885332,0.295403826650116,0.634311802438344,0.96464981423039,-0.5543668024369,2.97173936497779,NA,NA
315,0.516791140244593,0.110605685092163,0.998828742928252,-0.310639963294289,0.932973181770337,0.210965620038565,0.834857536471682,0.612261881778017,0.227902996666031,0.312733787347679,0.723294169400004,0.99955511976243,0.180660252856207,0.267323188447976,0.0693731058688136,-2.13923379810589,1.51795387151731,NA,NA
316,-1.39126957171498,-1.3466182798618,0.0639764176934364,-2.06106608079148,0.997804921777245,0.105585301852552,0.28978653939662,0.674906028592377,0.497648493547458,0.281078575826483,0.164440135854413,0.947528447847581,0.24821575915569,0.534387054647901,0.0340161787943216,-4.01672779107168,-0.105404370511273,NA,NA
317,2.29663406198781,3.42356478786885,0.999849627756057,2.46968724186061,1.05065869837359,0.66150692166423,0.937547255912214,0.0309920522553148,0.928576717433985,0.93925551343977,0.826414442313137,0.988307494528824,0.191386736692046,0.494538762594108,0.484105093768914,0.410434033004643,4.52894045071657,NA,NA
318,1.99388384666942,1.96465764889198,0.0511013774025912,1.91747931518045,0.975761338480791,0.181356585577247,0.162062980662449,0.337849278428708,0.739339600374573,0.308891197555698,0.50403486646642,0.958258988154121,0.0529240102625918,0.243657513164566,0.935771625182824,0.00502223425150183,3.8299363961094,NA,NA
319,3.19385306974258,3.26137165248602,0.0500645172446413,3.55431873001384,1.09030362884351,0.940624636191642,0.0201391599233029,0.481579267454334,0.140757266078843,0.966711685925955,0.120811808617786,0.755096367516089,0.749383876210894,0.0178301675677067,0.00152113032445777,1.41736288526723,5.69127457476044,NA,NA
320,2.64329385423996,2.0839420829648,0.999222630432885,0.717767005713528,1.01593144162019,0.73486027967371,0.855374138710089,0.407661101238104,0.79930462666566,0.221662951005623,0.665104826265131,0.854011197292362,0.0913690065603005,0.633407168714446,0.208857992002624,-1.2734220306239,2.70895604205096,NA,NA
321,3.34283343059224,3.23021545826995,0.996045953981963,3.72176435683838,0.887645759069086,0.932156120781903,0.773877589099458,0.870064795940998,0.921546447199187,0.637243431385956,0.16570246995287,0.450198186614085,0.786279613790917,0.567203033557045,0.827680591432028,1.98201063803325,5.4615180756435,NA,NA
322,2.25258480941734,2.57816166304839,0.935684163451504,2.66038514031148,0.931251602106147,0.890422330113826,0.631127725994796,0.892037940612063,0.610014135765261,0.158646602932247,0.834573293391615,0.187810241722967,0.481656990916585,0.354367308707209,0.92703913592943,0.835165539638205,4.48560474098475,NA,NA
323,1.55937212030372,1.72304545045587,0.0870490847420831,2.40045843368784,1.04763311928417,0.952323352357023,0.339778076550458,0.537988428203156,0.00290129876229912,0.832844512005802,0.868237028783536,0.84642669853766,0.0477045183388982,0.883954892168753,0.788511751897633,0.347135250879517,4.45378161649616,NA,NA
324,4.77128679204811,3.33248609086888,0.938945295018567,3.42439753169838,0.836400772921608,0.725343295603641,0.633913271647412,0.716496562160319,0.965794712570147,0.768233012641896,0.308395700488239,0.646711575334426,0.00277974928508047,0.222010508899111,0.67451314110402,1.78508214013056,5.06371292326619,NA,NA
325,0.216073789350628,0.162124372367935,0.0518791527070635,0.467827690139625,0.858815868741702,0.815608511031489,0.188816950867069,0.211493702732376,0.463585149943363,0.877195734850015,0.546014419026906,0.208577595912386,0.417727179748705,0.680241911293357,0.803026709058904,-1.21542048194559,2.15107586222484,NA,NA
326,2.1638922943849,3.15364493121681,0.998341826316704,1.79940192665178,1.24014356082154,0.984248073126306,0.817449910380878,0.0576171482943464,0.891122988478863,0.550293441011803,0.666060815082747,0.17612503262877,0.716706700864132,0.0958078793180175,0.494428029600647,-0.631234788217685,4.23003864152125,NA,NA
327,1.81141638838194,0.0143570381610325,0.892079647779959,0.794642769068029,1.26154608340721,0.620851575931767,0.602724056386156,0.504060476589599,0.523528625897481,0.914738329534419,0.0390664718106855,0.859987452802015,0.952648779255804,0.183164517250145,0.477245021463488,-1.67794211924767,3.26722765738373,NA,NA
328,0.809838694594197,1.9171731749313,0.516413553317372,1.73968603593853,1.12288138084824,0.664732283407124,0.498192130078911,0.643684726368287,0.491800632860046,0.129010820518364,0.116103505091742,0.370391333209816,0.975587421362172,0.127904315100284,0.831726247259066,-0.461121029434621,3.94049310131168,NA,NA
329,-1.12329885621306,-1.06470633964064,0.0986062043175115,-0.878030339517641,0.943935205717149,0.336615104438155,0.353990447817952,0.846003867343883,0.0878884402961703,0.0891480204443214,0.62280404128111,0.261363287963439,0.881529162788997,0.608934811924817,0.0699971236527199,-2.72810934646266,0.972048667427377,NA,NA
330,-0.880027507130679,0.179403799817491,0.998033553039426,-0.308201048757477,0.993267424594077,0.487835894709802,0.808908077704487,0.434033700443455,0.191354572241893,0.42268799780251,0.38263228510879,0.448996147495694,0.216745367454831,0.81284060517454,0.275836583964876,-2.25496942797872,1.63856733046377,NA,NA
331,1.09614110814444,1.15752306508839,0.0841763048230807,0.814278092899568,0.859250287028801,0.217145910178893,0.335585434443899,0.864382468899013,0.738750399625627,0.777214401849662,0.21858991058066,0.368702195234713,0.74392711320112,0.316920847339556,0.886832628209144,-0.869821523382585,2.49837770918172,NA,NA
332,-1.56007543198887,-1.46891319619357,0.0515037974958318,-0.668190993654129,0.969755307474355,0.409413110289373,0.177655789352604,0.426688357045758,0.397568473510444,0.764924759234418,0.31557619010692,0.565366644416936,0.699055191898486,0.885680405957042,0.566536738215946,-2.56887647012043,1.23249448281217,NA,NA
333,0.488190027109093,0.440873933592428,0.0507025586805512,1.54439304242244,0.908684915677173,0.0128345700671198,0.139562573711039,0.696419340893044,0.306197205345379,0.565731723825098,0.878935769789736,0.340043477188563,0.43984953231446,0.840256866753101,0.963986576652387,-0.236596665599634,3.32538275044451,NA,NA
334,1.70905453466673,3.95903536633954,0.999533263997181,4.20679081153525,1.01808199461664,0.845132153361454,0.880898102421314,0.449095880380599,0.914094680003356,0.330924657193478,0.253545624269056,0.66384592956549,0.0498917632699013,0.07943437779136,0.539217747109593,2.21138676877793,6.20219485429257,NA,NA
335,3.10829190956111,3.42134285914365,0.415142588473659,3.34861942046734,0.966789136106825,0.792597788370214,0.476445992705412,0.468793034906732,0.822712415261776,0.581612318278057,0.0884691162277013,0.904138286928064,0.717208946801955,0.409813454784802,0.361066413136199,1.45374753305337,5.24349130788131,NA,NA
336,3.40087513204435,3.44463921190817,0.0502294688112455,3.90263938240419,0.878272695895888,0.92290768226143,0.0835895716635277,0.284254501064541,0.922699474023772,0.481785087328637,0.658426554370555,0.432403267487302,0.75917452480935,0.684879482056713,0.391430121451849,2.18125652984335,5.62402223496503,NA,NA
337,3.86421227430061,3.83245208596851,0.0505198968372917,4.03940624791456,0.893218407091026,0.8470428216086,0.124498027406167,0.603563168819179,0.0466289203974884,0.170477889823727,0.968825709725614,0.418214015730424,0.777968985726358,0.670964769518236,0.200311735790572,2.28873033968792,5.79008215614121,NA,NA
338,-0.239923723563112,0.905414852037722,0.995691533972399,1.4859234955319,0.972740975859632,0.0522812931052176,0.769566725557903,0.427557032289915,0.445088390823454,0.93084748003236,0.463835630385089,0.751081025864696,0.819411454751273,0.959258615224971,0.954403925851802,-0.420613783439328,3.39246077450312,NA,NA
339,-0.67158857771074,-1.42147150291636,0.995905785863672,-1.89591975265001,0.926524220492913,0.175857030663989,0.772128409059718,0.130328990017995,0.263003663897514,0.430439350178232,0.547073246273329,0.223742163034389,0.188216134164366,0.668224020282272,0.206722110713134,-3.71187385562016,-0.0799656496798493,NA,NA
340,-2.33216179973762,-1.75459192090906,0.318153449732778,-2.01266310616698,0.821434433458081,0.0882425599929411,0.453337737868191,0.486439528685878,0.253972185466439,0.512498440192081,0.0284307366419816,0.646335305468296,0.60201316681935,0.74284735274862,0.880383094060002,-3.62264501140589,-0.402681200928083,NA,NA
341,1.61705576284354,1.61727967059414,0.055509023153812,1.73735046765333,0.994141436752675,0.371968201848213,0.242787059392896,0.550571542007267,0.362533780465019,0.837522591265151,0.474957279913011,0.35992995717132,0.176900925491587,0.337582423445769,0.647917783471523,-0.211130943920813,3.68583187922748,NA,NA
342,-0.282001753289076,-0.375145286571473,0.0516550737740401,-0.323373332694298,0.889987435180978,0.955896244199481,0.182456365099293,0.366141362625523,0.71778944270662,0.531031384103931,0.140712820023065,0.825712735327892,0.793837889619521,0.614657761730603,0.925910605447134,-2.06771665234219,1.42096998695359,NA,NA
343,-0.00495430046795686,1.10063496081691,0.993955661456003,0.712837103235822,0.835413540712037,0.313576828654739,0.752547857008409,0.976446601144038,0.78814926588547,0.321569202288287,0.0979293204408605,0.240730219335062,0.605805291205063,0.591882882061414,0.241460491805221,-0.924543348756857,2.3502175552285,NA,NA
344,-0.862709591282056,-0.878958284049698,0.232848056886195,-1.14668015149393,0.830262918996271,0.206462556892307,0.428298531771638,0.906893353473744,0.948987741485238,0.738401771441218,0.219792861045571,0.838802750041243,0.168378030263819,0.931035550412023,0.310969940408017,-2.77396557042571,0.480605267437859,NA,NA
345,0.483494546498548,0.450923846032367,0.303896002571727,0.83818313023242,0.997780014700592,0.928663292272016,0.449571283685858,0.0118109720605426,0.838314237272716,0.825104626348824,0.169607563599129,0.549967932648375,0.255137141042855,0.227805361349834,0.683880183034227,-1.11742976307459,2.79379602353943,NA,NA
346,2.0163957823948,0.690756021452629,0.999621360782925,1.04651077764161,1.10088162149788,0.516444300082629,0.891361739933141,0.346378976175212,0.450924583111191,0.377725863514002,0.399242560454877,0.401256909089163,0.627853579179617,0.953832535918104,0.747965619402938,-1.11117755173628,3.20419910701951,NA,NA
347,-0.452329065994862,-1.85356258784008,0.992242700401338,-0.479740980418027,0.976536698727114,0.401295950924046,0.73998143006803,0.975234353514388,0.123575007827138,0.552158310782979,0.278551709136227,0.127969851366361,0.852737156986142,0.971424744316842,0.297369103301433,-2.39371773950481,1.43423577866876,NA,NA
348,1.60297273727078,1.14571160360978,0.822244232600027,2.30604327386803,0.944438021141419,0.495754995510331,0.573444517430617,0.156147445145645,0.99875094556401,0.0392905971606961,0.0470523811273742,0.0189773682166124,0.961094575076713,0.726039057072252,0.0251918114478467,0.454978766800571,4.15710778093549,NA,NA
349,2.26651012495841,2.20643962038264,0.0500946883956338,1.03409939035079,1.12849575064069,0.200350273425458,0.0393236933941953,0.336994291143143,0.613262200889061,0.228793975641369,0.345965041319025,0.12929637277755,0.39511858967843,0.73005396826379,0.486535434591933,-1.17771163761146,3.24591041831304,NA,NA
350,1.84933672903451,0.837062983639706,0.999826303007864,1.90725588128465,0.892571326550387,0.447776542055304,0.930336102562724,0.568932460335782,0.903037867534906,0.975165162976366,0.725459467092529,0.137752820131718,0.496102548451512,0.292039047232247,0.808353313373751,0.15784822761275,3.65666353495655,NA,NA
351,0.576063334787051,-0.653346754856781,0.584457770692512,-1.20256225966383,0.823964730724402,0.268592522746418,0.512583423808683,0.9018367732279,0.134584856939386,0.149244464566349,0.128701758025796,0.25784598540829,0.563253971487517,0.035380603869562,0.64616078463092,-2.8175034564149,0.412378937087244,NA,NA
352,0.480554597506673,0.507657793673297,0.0524246492323575,1.10726790305654,1.05002513291327,0.490969145690557,0.201589020390296,0.377406558848452,0.657861117347493,0.928456249738228,0.911032192931976,0.0941489797149552,0.346081361421966,0.824981746073114,0.397312348197331,-0.950743540315356,3.16527934642844,NA,NA
353,2.57596299517511,3.0883975094148,0.972118323477415,2.36048231660782,1.15655632158188,0.592911063148873,0.674935191560304,0.33236011953908,0.291256530477316,0.384974843342789,0.777664381398703,0.30477297854342,0.568978363373084,0.0502771586773451,0.917886400606367,0.0936735802152073,4.62729105300044,NA,NA
354,0.883029060286957,0.901636449971819,0.0503020868390708,0.668654565860423,1.07800188299733,0.892675147657632,0.0973407647885615,0.585828212139197,0.905457194550429,0.592367584813968,0.780193073299015,0.626026120545343,0.98676250184013,0.876708497188869,0.195878593860311,-1.44419030008071,2.78149943180156,NA,NA
355,3.80953722485532,3.81010628838472,0.635870335110435,3.65248725554245,0.865010718626842,0.831730628999299,0.52377942337608,0.541991096152924,0.747307740749442,0.125620711196214,0.0594998584813438,0.767308884567348,0.204519507298828,0.413506133148097,0.365948658936541,1.95709740079273,5.34787711029217,NA,NA
356,-0.0895821665537655,-0.277718203960449,0.999956838964573,-0.014136253000687,1.03575556296631,0.0217642145206919,0.999961684967042,0.216223801119835,0.334959220596706,0.0177306059778202,0.898670621493482,0.428181880975724,0.18705536199722,0.255750364893116,0.690656684523798,-2.04417985320166,2.01590734720029,NA,NA
357,3.70772983751456,3.66470780726051,0.0566983505247872,3.82767487672672,0.831015513373389,0.779479928402114,0.252623759574024,0.263371848354349,0.651861934696673,0.0569263830849668,0.920146895281156,0.887293112009764,0.640096663832082,0.57981146817212,0.560728067410295,2.19891439992081,5.45643535353262,NA,NA
358,1.85162119862046,1.83065951451352,0.0505799278454724,0.931654502660275,1.09830985671413,0.494713393900078,0.129964853231562,0.171257876671269,0.47761817430146,0.973145142883644,0.733120462823659,0.0339818018457154,0.532044926258968,0.750063737190328,0.408427928361692,-1.22099326036477,3.08430226568532,NA,NA
359,1.67006607828251,1.56881323181079,0.126329702114238,0.574666518899951,1.06057638018065,0.70739392380917,0.378117953612702,0.400311173199327,0.394381559857749,0.953333226441056,0.0500500756416004,0.317737533725682,0.677004857773893,0.48170519580401,0.404092274165479,-1.50402498910798,2.65335802690789,NA,NA
360,3.57427718863297,3.66214929996982,0.954379085249031,1.70900525193804,1.07089785724611,0.821800316140056,0.649344117319677,0.470432722463855,0.637091925109038,0.685976555240457,0.768060506418813,0.1065058100553,0.00927061402390245,0.387265822337708,0.405156081417808,-0.389915979385441,3.80792648326153,NA,NA
361,-2.20224965085588,-2.18419700500373,0.0501137693557877,-2.45715841299061,1.25307390965574,0.018542136230506,0.0485037852468668,0.924054507934255,0.377484738052823,0.920478415860329,0.453732892974862,0.984890774240368,0.61867519159161,0.749151518534985,0.74749484017794,-4.91313814588266,-0.00117868009855115,NA,NA
362,0.591257836598781,1.4085814180042,0.993274176928152,2.99494891762623,1.02517787623001,0.263932513955748,0.747170134108397,0.241045973450644,0.61631939276983,0.380229928931338,0.973396490692045,0.600578487250721,0.991019026619848,0.359127220120165,0.117330094400095,0.985637202468149,5.00426063278431,NA,NA
363,2.42935459807371,2.58999651197877,0.569200899267952,2.47173522099251,1.01276812336827,0.818336711037206,0.509332451978582,0.484358150075073,0.233882160610752,0.886599333713413,0.415169880205649,0.114599557178561,0.64916930062836,0.643902831429499,0.793111176414415,0.486746174500488,4.45672426748452,NA,NA
364,2.49379723060045,2.48668817037201,0.0503221855875689,1.97074835622613,0.939318125644106,0.253215418385109,0.100562483754591,0.565903617609758,0.10910401567386,0.228052203737199,0.126758498432697,0.518000809505815,0.223847975443001,0.902107471813564,0.149678835603991,0.129718659938011,3.81177805251424,NA,NA
365,-0.152735728407016,-0.133098067015965,0.0505720241207595,-0.748352414404335,1.07097853358941,0.593502871863195,0.129278310404043,0.884559995590826,0.976683941971045,0.979292477647192,0.84922780951357,0.914037893429282,0.0390152283181669,0.698974601894151,0.71441838328098,-2.84743176845509,1.35072693964642,NA,NA
366,1.03433836829624,1.76430635363643,0.999572293049517,1.88677889712102,0.784996144319223,0.136779145782697,0.885266433920944,0.882248269201955,0.846393611490028,0.3028456682252,0.201179058909183,0.251439367950195,0.772272945859819,0.930654566831188,0.433294590039062,0.348214726252532,3.4253430679895,NA,NA
367,2.66676467627041,2.25714068940936,0.170686938684479,1.63624510585758,1.0928714246989,0.119237579489942,0.4036301094027,0.498902274815599,0.730256244314718,0.937183664514916,0.0775413413996575,0.0917813477431191,0.342269931954565,0.453228307062411,0.165477939023287,-0.505743526285243,3.7782337380004,NA,NA
368,2.45810289296592,1.48328801155323,0.999956388700091,1.64746856836944,0.920268298450144,0.245006085926783,0.999442753345007,0.586070348951849,0.226040908646653,0.0730016513861483,0.902672444007709,0.800266315375571,0.650187300732243,0.624359951077029,0.239683553324547,-0.156224152706799,3.45116128944568,NA,NA
369,-2.21228486188847,-1.19424201150287,0.999748345121381,-1.24940066614398,0.851105811222305,0.277334694190067,0.911794685452711,0.884084798665484,0.556138104611891,0.944385236763163,0.0223866334626218,0.479587031981908,0.757600992606138,0.133360049015726,0.0227893732126104,-2.91753740317245,0.418736070884479,NA,NA
370,0.493780837948334,0.489087170534394,0.0580100252447582,2.372856097094,1.34171342849429,0.388979721110314,0.261634964036057,0.359794175846502,0.986001905916492,0.992714164468111,0.928917336876853,0.912879703144194,0.701128942203009,0.117995601754053,0.897069658419583,-0.25685390032857,5.00256609451658,NA,NA
371,3.32289708139593,4.23404194747479,0.999867212689756,4.07048516413553,0.942346631544494,0.876965869204258,0.943766440030304,0.344618839455885,0.346443042093539,0.144740042062709,0.386930422567297,0.0742543963284697,0.681189601692604,0.548102716347901,0.118971342028934,2.22351970535568,5.91745062291537,NA,NA
372,1.6332367729697,0.334153202487841,0.999482191555693,0.603687263973003,0.846356519521677,0.907078500560136,0.875703333911253,0.539207650904194,0.50269850208587,0.818787425445742,0.181459029149613,0.492225701577612,0.270192580702947,0.209961781078135,0.666523501498159,-1.05514103237016,2.26251556031616,NA,NA
373,4.31190590359261,4.27385575994735,0.0508102974021055,3.95417258796636,0.850583094543608,0.857761289837887,0.146701869419659,0.896803111688816,0.332523306446848,0.206715107411263,0.145582044861745,0.294696187087684,0.128076215212001,0.584274117938709,0.586469878043165,2.28706035680226,5.62128481913046,NA,NA
374,1.09509398668977,1.16495450135316,0.0501775570143917,1.26292717614296,0.93380871921285,0.881742741642636,0.0707630710595986,0.31937023948459,0.0438319203929277,0.534674481812399,0.162123945552157,0.043419515273883,0.344733625517925,0.597906382392044,0.47926505648857,-0.567304281963701,3.09315863424962,NA,NA
375,-0.429622255495675,-1.04601796083536,0.999854662692024,0.012562144628566,0.951229499188958,0.417299783619936,0.939250348123489,0.206471352697932,0.547068179856637,0.828887065277901,0.458155526774703,0.00785553613479715,0.0877819122283254,0.747981132491492,0.0537509711717721,-1.85181341481386,1.876937704071,NA,NA
376,1.0714220827449,0.999764840521143,0.0506253913103384,0.758533038335924,1.24655973591397,0.0710460452481639,0.133740940510295,0.525128829572233,0.987350756346364,0.714980952856364,0.921947282548179,0.735885242967051,0.144543890166329,0.232868891985971,0.957249838741147,-1.68467914863322,3.20174522530506,NA,NA
377,2.65511360752136,2.65229452714104,0.0579120186598676,1.15168696808985,0.916776112797908,0.539410206030356,0.261014214203926,0.434932548861834,0.57008857826388,0.80554281388782,0.0691294912828598,0.408969215706573,0.354023350314237,0.250038254561834,0.0925704433927313,-0.645161194880681,2.94853513106038,NA,NA
378,-0.0547846316482831,-0.0484503190045583,0.0500431588743427,-0.827986480176817,0.99693496279716,0.143880970270024,3.58113433467224e-05,0.511689755811705,0.422849969587754,0.455872858181479,0.197325706004398,0.48913586743013,0.459282836002647,0.154674941718811,0.337259433351806,-2.78194310218803,1.12597014183439,NA,NA
379,-0.00145761058578006,0.195986170790344,0.335117811460276,-0.18683805816061,0.940267590900668,0.30926771524339,0.457664630176383,0.450342726592789,0.785468996386626,0.392883178068325,0.0797897390533471,0.79284873453388,0.368898579966626,0.701906865134719,0.862251909439452,-2.02972867215616,1.65605255583494,NA,NA
380,2.56374211462349,3.00180746867159,0.988742558370838,2.72287687572105,0.955337458226237,0.77116937257559,0.721175594388042,0.176638501774054,0.260101498420467,0.172659031392192,0.860392791670863,0.0757237539682537,0.966898697292898,0.0554617862303276,0.269123879379244,0.850449864515591,4.59530388692652,NA,NA
381,5.21259301993008,3.89320959741971,0.997899995807973,4.03803080870098,0.81684479861845,0.871926669480512,0.805615483305301,0.82655485332408,0.464311382193584,0.848713518999866,0.132756491481559,0.296362788501079,0.125495402609347,0.621522046035738,0.215409542306908,2.43704442244995,5.63901719495201,NA,NA
382,-1.57668895163126,-1.45027044961531,0.301043599988442,-1.60231302211913,0.796757460494621,0.191290178672178,0.448801913184812,0.236411573717371,0.279089008338866,0.143710365317413,0.986741722991923,0.53163223714428,0.45650750485016,0.308905936718569,0.974528269863455,-3.16392894910218,-0.0406970951360768,NA,NA
383,2.76342526828691,2.75778126826705,0.0807120067298443,2.6453080053348,1.00471667265771,0.274804587691091,0.33005271133862,0.377525549305021,0.0403672271948308,0.22087676827563,0.0233843484913232,0.567859390470665,0.474321978893597,0.0378716502888128,0.267670390328858,0.676099512258767,4.61451649841083,NA,NA
384,2.46914610957766,0.33236929714782,0.989549858866953,0.549742689994655,0.94836662493416,0.0277786451461725,0.724939270157367,0.141772542944178,0.211811690176837,0.125229069991969,0.514517876292113,0.448065059987246,0.743012075542822,0.576014073025319,0.577437999643153,-1.3090217390161,2.40850711900541,NA,NA
385,3.09108849511258,2.78877556913883,0.572333549160953,3.4228035747537,0.878072007659274,0.672176242209389,0.509998139780131,0.0886040917183273,0.126190196582931,0.774983324872912,0.952294368156348,0.205139296099311,0.406218849607161,0.909370617422974,0.792882143622381,1.70181406390874,5.14379308559865,NA,NA
386,1.33738003680722,1.35654950675422,0.0500635881712984,2.24269679673788,1.02915203540416,0.64939821149176,0.0194138570377836,0.50880923845747,0.198994886746397,0.249645579417236,0.262711006863974,0.265621545900707,0.962867009233567,0.704760199937038,0.193394453299348,0.225595872729642,4.25979772074612,NA,NA
387,3.3288205498782,3.37161616083022,0.0510494324644343,-0.49282358209157,1.23370106277254,0.551004043454886,0.159644639986451,0.0196076443514321,0.597506437131204,0.641369377305848,0.728293585527572,0.64376616547734,0.647636539811967,0.717346726148971,0.485971196496161,-2.91083323281454,1.9251860686314,NA,NA
388,-1.13962347580465,-1.728449688207,0.890559827671753,-2.61087807145144,0.945919637200217,0.171806120010791,0.601934505142737,0.2297296526602,0.839131765488186,0.682056759645348,0.198481961072073,0.069698101479793,0.993154564600205,0.429260055973893,0.188663190717925,-4.46484649263306,-0.756909650269818,NA,NA
389,1.42238955932109,1.05896674685423,0.253150557994998,0.944500905299173,0.873172007018199,0.483175364873488,0.434904187725973,0.30747535019007,0.0795856531086611,0.952477344244253,0.525358204566524,0.402873194767744,0.135629825840704,0.521529425528832,0.321464932197123,-0.766884780765052,2.6558865913634,NA,NA
390,3.5029929449864,3.49768107871544,0.0883503760759596,3.69020122928076,0.944680614533121,0.708573007353931,0.341575430110795,0.131672432080493,0.843970935099293,0.301844425869058,0.656845709902118,0.148091050797375,0.0472898297943175,0.101401460725116,0.680474945351016,1.83866124790268,5.54174121065884,NA,NA
391,-1.24008444448681,-1.30637725958292,0.392433135855645,-1.04021193262646,1.07997527585434,0.281567192623392,0.471330709063564,0.524989224173361,0.773780889351154,0.482190480254125,0.661643978701788,0.996053038909566,0.460065770226764,0.849293826991227,0.103632114836131,-3.15692457749468,1.07650071224175,NA,NA
392,-1.01695731141996,-1.00932726254759,0.0528955803131082,-1.36664250362981,0.861585193417011,0.255092775320984,0.210488809687318,0.749455242740922,0.680340052187093,0.467632584368461,0.117867791513447,0.960283397229388,0.722678657692624,0.624575824976666,0.425125997384777,-3.05531845234013,0.322033445080507,NA,NA
393,-2.96980765540772,-1.54568974217124,0.946036945316147,-1.87141416086582,0.854141074693605,0.137621934333467,0.64048410029232,0.394288185112528,0.578794440933969,0.0612366013565334,0.0321721757745836,0.735417294475017,0.14665786932793,0.346402617425658,0.831319099715096,-3.54549990498162,-0.197328416750014,NA,NA
394,0.496410014377201,1.60699943373526,0.999430726678392,1.44118662616727,1.21547150396931,0.036433710133424,0.870962858788786,0.798859222504427,0.337856720406096,0.431462653115508,0.425154142333777,0.149741668229108,0.407853961615823,0.533882518896717,0.585806525577791,-0.941093745847306,3.82346699818184,NA,NA
395,2.20474550784222,2.92606955449781,0.962751435688361,2.12185588025669,0.958271391630937,0.776266466326779,0.659942509567365,0.762945119027747,0.803974454530398,0.911957546607708,0.879122940727044,0.976664892597357,0.567905340624857,0.00971567952493206,0.768199783425895,0.243678465244977,4.0000332952684,NA,NA
396,-0.404318917645285,-0.063072314620826,0.254159269021186,0.442611207437689,0.940750667883944,0.863777003714582,0.435219416983309,0.0912020387420198,0.74533580250002,0.872114009338664,0.212011936964584,0.609410894323606,0.261904432410956,0.311200971811078,0.796723358411225,-1.40122622004684,2.28644863492222,NA,NA
397,0.744665317858338,0.151982451643364,0.98087094999645,-0.366345765050669,0.990374754297402,0.454859815252596,0.694245626554359,0.0609450315370923,0.60265294328751,0.303002075582277,0.241781971539836,0.284789737260202,0.00659810847847257,0.964758730720962,0.779540079799714,-2.30744461467128,1.57475308456994,NA,NA
398,0.282309582454346,0.270320502998022,0.052587535134606,0.101548841656061,0.994649903452163,0.397481109586894,0.204848559488426,0.322665548750316,0.987552270519896,0.762760909930221,0.915691351107438,0.891028568619746,0.782463856839808,0.808358988280175,0.339807298077154,-1.84792914633642,2.05102682964854,NA,NA
399,1.57885003963285,0.601742638319413,0.999132687191042,-0.450916749832175,0.932139887683018,0.535019948112662,0.849895208968315,0.903269089256879,0.787704262364656,0.867352294514771,0.327002007585252,0.990332728908979,0.390350725423195,0.73121847689501,0.689607214105199,-2.2778773582441,1.37604385857975,NA,NA
400,-0.446894140826658,1.0767560015862,0.999861925907506,0.676533772735642,1.29245230727481,0.518626405688352,0.941814073432819,0.0376789550218964,0.941071998083615,0.555635443096864,0.00475213406491093,0.419209250832791,0.446026400164934,0.271602566114161,0.338558653497021,-1.85662620125869,3.20969374672997,NA,NA
401,-0.657038551848843,-0.402158323448341,0.537105896958917,0.083240302865989,0.929335719123488,0.328384787908755,0.502549161910312,0.194114166152431,0.801985871888464,0.822409890669631,0.831675811857101,0.102114096239326,0.150344793426455,0.258576381501276,0.762251846230822,-1.73822423616268,1.90470484189466,NA,NA
402,1.21598460362372,1.24979638625402,0.793297764108013,0.996067118720458,0.866879155600585,0.628827851945418,0.563990871997434,0.245752882765257,0.0650065707380418,0.992358497628709,0.534954795517493,0.616134220829117,0.24642234661791,0.37379631593416,0.827423898044275,-0.702984805205181,2.6951190426461,NA,NA
403,-1.30622280937333,-1.57756501199581,0.732160912847574,-0.491050630570669,0.984812140300182,0.430702681937604,0.546743959674612,0.0460154495997122,0.319452540014056,0.375452038014657,0.500587304061162,0.285285219980404,0.473309038043139,0.850683000834542,0.587809840793954,-2.42124695709683,1.43914569595549,NA,NA
404,-0.839562847113405,-0.710944333902884,0.0731372807934845,-1.20309773580646,0.824854939777372,0.281358048283379,0.315481987032341,0.967533337708446,0.222412063546013,0.209284502557828,0.233101739814621,0.578188028525212,0.625282427826198,0.299377235263004,0.802871949202847,-2.81978371024006,0.413588238627147,NA,NA
405,-2.78656508928837,-2.14338731191937,0.934870324251406,-1.36043251902549,0.899726519577097,0.0381662679204019,0.630453040699125,0.615749858048046,0.880965855575982,0.404379488203675,0.464534405629034,0.953072434751899,0.796604998986353,0.534803757777438,0.875286587730283,-3.12386409333217,0.402999055281195,NA,NA
406,-0.0477428662375962,-0.019622318883063,0.0504234313460729,1.13292227172731,1.05278590516728,0.941195696579292,0.114230997156701,0.562474620474037,0.907932163053658,0.126630984058604,0.691161680613994,0.726429868320352,0.921113024815801,0.636222620276967,0.999566171230399,-0.930500185831963,3.19634472928658,NA,NA
407,2.50815160459799,2.50714224370139,0.0504626344764984,2.54888374114441,1.14314991799168,0.615553076971671,0.118660355669213,0.935248541865498,0.685808041816927,0.0121864033883903,0.884860284265713,0.709849775425624,0.932506163315033,0.747161248780088,0.683400640259962,0.308351072950801,4.78941640933802,NA,NA
408,3.15348874375741,1.72114024299548,0.522590900460732,1.26177453077316,0.987489962406958,0.0987578974858625,0.499492816800834,0.614522655522567,0.519285088734934,0.946994228119263,0.0657144904998131,0.421951072865399,0.715771622238331,0.838616855903645,0.868377172307461,-0.673670230639292,3.19721929218561,NA,NA
409,0.438737545027069,0.46170083828848,0.202787017974145,1.56579519836876,0.997687864246391,0.567900607791031,0.417396151974332,0.211896507020108,0.660157247669296,0.551767178192968,0.124873984154314,0.556390323563013,0.080647392110317,0.526883124413318,0.325738682934549,-0.389637083366848,3.52122748010438,NA,NA
410,-0.793637443479457,-0.707720428490674,0.0504512139474564,-0.444535532096231,0.957603597637301,0.0906569821411977,0.117409971146262,0.68023112429888,0.582777738460223,0.144218212367152,0.188723163374467,0.668317738654092,0.668623200017144,0.194212385478779,0.807527983292472,-2.32140409493133,1.43233303073886,NA,NA
411,0.694150878714373,0.0113223198587711,0.479115456230316,-0.492328271373995,0.826138280695244,0.428721832751762,0.490309879965731,0.589822332049254,0.225589395668474,0.26260892031563,0.631984051738866,0.82890762504912,0.0445385717158206,0.50832941202214,0.514482019486721,-2.11152954778651,1.12687300503852,NA,NA
412,0.920313298521817,0.950409096898854,0.0500612950881742,0.719152736244878,1.24713180943484,0.141201944549684,0.017577348585939,0.698501070584403,0.561222275945824,0.770641552275978,0.976924542795168,0.952135534247849,0.0459225285646971,0.339733810336445,0.750674265929381,-1.72518069422167,3.16348616671143,NA,NA
413,0.420315815144194,1.49297466966976,0.996644969927078,1.91328051063346,1.11267729324507,0.485574445905047,0.782123169456841,0.746742976755952,0.89093533216347,0.14738910385326,0.583786309094517,0.219373457600479,0.968032771694125,0.269460860971129,0.258229889461421,-0.267526910542391,4.09408793180931,NA,NA
414,4.02853894305236,3.66864075413564,0.325836625537037,3.45372065982081,0.772248879494868,0.930165735947201,0.455316813855432,0.865566150401253,0.935685302378144,0.162920753019862,0.118078789617866,0.331898127032327,0.993876085178112,0.772943361705286,0.470995923741488,1.94014066890946,4.96730065073217,NA,NA
415,2.16910253633215,2.22615843767322,0.16607668764985,2.00059147652731,1.01312015981647,0.921411216912093,0.401405481329653,0.895022675268934,0.435415136818192,0.334991083487752,0.272446356639965,0.998547961484874,0.150895784803783,0.47581620531017,0.493541910220403,0.0149124512755709,3.98627050177905,NA,NA
416,-0.934045871291791,-1.00950299131635,0.0557301705764116,-2.04512591277133,0.899109056473538,0.513033770762384,0.244766666886746,0.899476156761171,0.268743678901112,0.901038008846808,0.841771538888337,0.598383856116794,0.987478389585507,0.628549137157155,0.32645347117004,-3.80734728163326,-0.28290454390941,NA,NA
417,3.13655702749015,3.1773324917151,0.107949900042338,2.81240698969614,1.05748150913103,0.833179903681623,0.363302827400737,0.00937578402075451,0.589091609508963,0.490350066243322,0.493395227019675,0.901379017075058,0.0194017533817096,0.30725239632302,0.126758813195629,0.739781317482271,4.88503266191002,NA,NA
418,2.43661937319555,1.05752181714053,0.984852488154258,0.66387596106612,0.941439883804716,0.161653458764777,0.706127623314969,0.552081015584175,0.699374204995809,0.882094111332204,0.860780615176656,0.415828156150295,0.149570027235313,0.143637626130134,0.833465496852878,-1.1813123048007,2.50906422693294,NA,NA
419,0.648012902153438,0.611564132776498,0.0508752136080619,0.484499838710841,0.872835833130881,0.59652671355952,0.1505586209303,0.0438749256392475,0.445939537432394,0.814488416915177,0.0762542272867868,0.345628772142227,0.134445850206306,0.380682456808398,0.703493146648863,-1.2262269586417,2.19522663606338,NA,NA
420,-1.67547746675231,-1.75122384413654,0.0500623152569155,-0.863679735660174,1.07371983845187,0.410117242950131,0.0184027311851969,0.57009155551868,0.789353688364732,0.423812140500173,0.401170249712071,0.697524603371974,0.260733338716906,0.723968308667303,0.927608551274985,-2.968131948512,1.24077247719165,NA,NA
421,-0.93565660391852,0.00407065144821048,0.999860245507079,0.627068717084406,1.00132088597825,0.962912456292426,0.941209144077147,0.608052548878943,0.251928743183846,0.205181472181808,0.793929947531316,0.511454191777389,0.125673305792268,0.456027554854285,0.868886025388609,-1.33548415640069,2.5896215905695,NA,NA
422,-0.583296408639568,-0.453629622581227,0.946695584592528,-0.0576364117231911,0.951157088402546,0.405462934421841,0.641134863273823,0.499006432355382,0.954151502639754,0.684602927697706,0.769223733216058,0.034319875814137,0.412825823858613,0.577030809437856,0.834976618730812,-1.92187004863216,1.80659722518578,NA,NA
423,2.43380201565573,2.16956561376339,0.208149769386874,3.00849877740775,0.955898382238028,0.540364310094155,0.419458511019358,0.703718872682424,0.958949953761185,0.704681903361925,0.0575066859368235,0.57480226693314,0.0541083112118067,0.888532036773977,0.0932456519238185,1.13497237534111,4.88202517947438,NA,NA
424,0.503218203992315,0.568364224235789,0.876244493448115,0.630864427033208,0.916544425795239,0.648515502757859,0.594929141439265,0.362805786210229,0.162082289457321,0.631694264141028,0.439845812168322,0.561774337898009,0.589426139940275,0.249802980366629,0.108960941392928,-1.1655296377564,2.42725849182282,NA,NA
425,-1.26389249671477,-1.61626955398518,0.998198550997258,-1.12643494900522,0.826120548796697,0.13104507597757,0.813298628985998,0.224197768279468,0.549963433830533,0.0267855602318887,0.367845995925833,0.545826651719632,0.32294216340268,0.300852819478489,0.753613195431768,-2.74560147153521,0.492731573524766,NA,NA
426,2.90921554035906,0.45438641868652,0.73789377203301,0.423240083280679,0.793356593801614,0.481988922325312,0.548244227652671,0.435975080388482,0.224579411026323,0.114778217478073,0.585904082524474,0.489754247107077,0.190677193398937,0.486184391548857,0.327860006209114,-1.13171026746786,1.97819043402922,NA,NA
427,1.60964666073004,1.66251950439214,0.999919962992429,2.33077920043589,1.05919570398329,0.107835182423005,0.969082194410148,0.790740200530039,0.529065489516128,0.0190486159551656,0.552244398903684,0.888230019455543,0.637025570527185,0.644672802027897,0.576805465048295,0.254793768049098,4.40676463282268,NA,NA
428,-0.255026580331449,-0.384767445711204,0.0652906670592039,-0.00458025505212301,0.921543101320453,0.470989194976049,0.294350351952366,0.937639505088446,0.229001724801725,0.12783125159319,0.738093583658803,0.620695465219906,0.181805324348155,0.583619345412822,0.913024511880241,-1.81077154384156,1.80161103373731,NA,NA
429,-1.52272703213944,-1.44565288109866,0.051129628089363,-1.01039453516477,1.1412936030627,0.395494643685874,0.163330812960863,0.2973921696709,0.801107728646835,0.780301042643143,0.942998951101559,0.0824860518344212,0.897739145833882,0.43313269718294,0.0374762656291714,-3.24728889295362,1.22649982262407,NA,NA
430,2.2760337125253,2.24629710777931,0.0500558392010052,1.98912358955193,0.783874924266792,0.195175576636218,0.0129158832981484,0.13267202817474,0.613533708820585,0.373635220259894,0.441380317703821,0.502276909523411,0.676145729830489,0.271103052706923,0.353890614660922,0.452756969604956,3.5254902094989,NA,NA
431,-3.77249076422822,-2.13598855676022,0.999717466040791,-0.487405490812608,1.21338531142198,0.20976282508811,0.906006053111283,0.538756284707575,0.866930850589764,0.607009447616409,0.393206404705998,0.654775903724134,0.0386504824074218,0.780129512395943,0.839584508588887,-2.8655970005696,1.89078601894438,NA,NA
432,1.03183486998901,1.26071920151151,0.445018051840453,1.92773401608266,0.892828805626848,0.376071123598143,0.482999793866999,0.981962726328406,0.630275560377631,0.313319652659586,0.663539542793413,0.295933344094316,0.693249786816654,0.11646802335151,0.9659730275498,0.177821712694129,3.6776463194712,NA,NA
433,4.00447784068115,3.96985769797618,0.0510292371609728,3.2191253917683,0.86547218140427,0.777799474993837,0.158671995884273,0.408264319402864,0.296116274320055,0.555080774368718,0.767690488103312,0.90490497334057,0.541192038603942,0.532210720063536,0.0426169930467149,1.52283108659461,4.91541969694198,NA,NA
434,0.903998163565605,1.05398202534066,0.133829728191109,1.38687130587779,0.810210200813666,0.39003450843168,0.383235309415497,0.0797036126129096,0.0197325407783501,0.771532332306029,0.446606666350388,0.863746324663749,0.744692581671989,0.0203772279985715,0.0878095725178719,-0.201111507623956,2.97485411937954,NA,NA
435,-1.2659848256653,-1.37517198452999,0.0768253533271569,-1.4383546539761,0.936154921403057,0.248723493841011,0.323076451352914,0.835909007194219,0.0389133437734563,0.0580082466364838,0.429180022550398,0.0991217815215932,0.784638400320196,0.552259979301482,0.27323391253897,-3.27318458387602,0.396475275923813,NA,NA
436,1.52094381966978,0.102851761286052,0.999722209578581,0.376315221328953,0.882994102465874,0.425022577185882,0.906852893012692,0.602891170412069,0.55256264999602,0.00692613585840445,0.443093555497588,0.398287143098423,0.895719806326786,0.195205210919958,0.263501983535476,-1.35432141806543,2.10695186072334,NA,NA
437,3.18716594053098,3.77129574537503,0.999911785755725,2.80841427714851,1.14546460255312,0.97440649090847,0.964217797623598,0.00736528173135594,0.461235850366415,0.617241573052597,0.469914069888648,0.19909294272738,0.0153108933753101,0.592929613555199,0.598021342047956,0.563344910578914,5.0534836437181,NA,NA
438,2.19039450315533,1.55241194893881,0.993038443146334,1.31751047199621,0.79270466840823,0.311361436453764,0.745435195672791,0.0503363173210528,0.979302142935805,0.87965299747989,0.786076370759402,0.207021592423669,0.306214483822812,0.707573133096565,0.664297183788847,-0.236162128460683,2.87118307245311,NA,NA
439,1.51889537279731,1.56318952962205,0.0771437494732885,2.63476199417553,1.21649182535455,0.935512153643882,0.323683665854856,0.158890841953806,0.455225144229364,0.245243852135027,0.919804916244815,0.348074459841591,0.259653632958536,0.247223503546673,0.0984306062655523,0.250481828993224,5.01904215935784,NA,NA
440,-1.05318271992467,-1.05112709581833,0.955909870098387,-0.250620982976371,0.896648854945879,0.155819400171167,0.65113519371592,0.403473245805944,0.309125327951042,0.731058819253463,0.260773339444189,0.234965282244026,0.498885330093559,0.957613494316582,0.713066248283722,-2.00802044544937,1.50677847949663,NA,NA
441,1.70345823174169,1.72164889673656,0.050897375042987,1.95105564305335,0.996137832770652,0.00406693795858882,0.151810083547607,0.345026517781313,0.564127078657621,0.998629431328969,0.931600666840444,0.576670696171932,0.819620182185667,0.472592711324221,0.627768924037111,-0.00133863281490876,3.90344991892161,NA,NA
442,3.59101671967052,3.63313252838831,0.05113466457825,2.70299767565771,0.968160498873231,0.659681553139002,0.163553509725141,0.86646106218826,0.902148424328771,0.0484485391096678,0.300151686721598,0.396576101108571,0.513362724548555,0.151269354459713,0.874996644638479,0.805437966611848,4.60055738470358,NA,NA
443,3.11005899678757,3.1228907452565,0.050078116253275,1.47778966605455,1.13360866435691,0.864140459477436,0.0297031555573922,0.843136308416142,0.0285612139026634,0.971757848143112,0.907879458278767,0.0737879407014698,0.268463840356912,0.37299327112746,0.262076274574734,-0.74404248864755,3.69962182075664,NA,NA
444,-1.21123313532518,-0.726709195257761,0.987454487405269,1.2562633465085,1.04379982576157,0.46043669257767,0.715690258521703,0.346888826870359,0.820471289275331,0.835416369711864,0.541109497142723,0.274303781465627,0.91147887722915,0.731753382369992,0.796101746542496,-0.78954671905336,3.30207341207036,NA,NA
445,-1.39353809536408,-1.32134764873483,0.675932802047571,-1.31444770847238,0.920232560838661,0.335100845084875,0.532914606249542,0.254181797697092,0.558902610440389,0.0310888156689471,0.49757483351999,0.691296363572357,0.0859277134006843,0.0608798014960485,0.0387042482718825,-3.11807038511722,0.489174968172462,NA,NA
446,0.2698255308562,0.342772394511578,0.0501272874173756,0.622889307292368,1.19074043458282,0.222848312554765,0.0541182195268339,0.989240153912106,0.568700207173126,0.106860082420637,0.171017737822491,0.0608673946912168,0.702813601760077,0.966291744795744,0.376478527023573,-1.71091905942553,2.95669767401026,NA,NA
447,3.9357258303202,3.86378209896277,0.112894461024229,3.22994830790432,0.89610602401325,0.701875905707013,0.367674707019003,0.546878819819191,0.860047707256512,0.997149956349051,0.726588413980557,0.279541298861383,0.205111226998619,0.230689993606415,0.549077137802378,1.47361277450896,4.98628384129967,NA,NA
448,2.35500798211599,2.28312491214078,0.0856384585704048,2.25524902498182,1.00234087210129,0.490330727719702,0.337759964944329,0.908455343024456,0.591451639991719,0.498071118002641,0.474179367598379,0.0660709294094704,0.454048060595174,0.00939210494002327,0.467673890149337,0.290697015430822,4.21980103453282,NA,NA
449,0.571038499693801,0.34536841945458,0.680774330848521,0.574581370406532,0.891916394802038,0.456882177794352,0.534052494088304,0.876741259619943,0.132251265362022,0.40632644437009,0.529015642127488,0.772017999999807,0.746834969214629,0.784240085780155,0.0630956312362105,-1.17354264062627,2.32270538143933,NA,NA
450,-2.36990624174566,0.114495553163951,0.999658024374852,-0.0238075382728251,0.898055417835289,0.314580257925205,0.89645588807005,0.580780686704093,0.228848946755053,0.26494283436588,0.041769615522353,0.430281130413874,0.398779533402529,0.177451990318601,0.496823834517272,-1.78396381335106,1.73634873680541,NA,NA
451,1.56024748968808,1.57623415465054,0.0526966507094437,1.49269487104278,0.854733694672792,0.435856568700285,0.206919557825197,0.752514214227907,0.957690441130311,0.488396474836627,0.542545738617075,0.843046659317333,0.0728176719546318,0.429898742349236,0.600479418040602,-0.182552386888743,3.16794212897431,NA,NA
452,2.17140562577786,1.97596847717228,0.997960456355362,2.21726827728545,0.964126456548316,0.208432987676701,0.807079335472896,0.365650236468413,0.0112219851172995,0.396212536346051,0.892128149690456,0.103728976563667,0.727555826193886,0.753175393768121,0.311952311483328,0.327615145908525,4.10692140866237,NA,NA
453,-2.00167704307746,-1.95091658195496,0.0502369311133138,-0.363365422119237,0.996714087652331,0.374007455099025,0.0851900803231401,0.321898176157265,0.930304036127869,0.591638478268404,0.982280899280449,0.59531686843629,0.183859308207175,0.928459270810825,0.0280649509094655,-2.3168891368015,1.59015829256303,NA,NA
454,0.264324600946661,-0.280542442535552,0.985341342146506,-0.350547752446939,0.856589999587529,0.0181285667339107,0.707794019690831,0.768163131346228,0.533456327600405,0.245850217920612,0.9014136209141,0.662305083876592,0.174917794880574,0.745881000388181,0.605412580481032,-2.02943330115567,1.3283377962618,NA,NA
455,-1.32513687971833,-1.36151187874981,0.0501266314652263,-0.723600913292642,1.22305964222193,0.00294363144552335,0.0538598530454328,0.0034254077791702,0.653613703266368,0.496116718607373,0.86125487106631,0.571021185701014,0.732021973186289,0.890033974976745,0.0957777286932105,-3.12075376299207,1.67355193640679,NA,NA
456,1.66054325024881,0.0599824889197704,0.933960795505625,0.671275981061594,0.863631674173778,0.938868821328855,0.629708206975716,0.793306356657995,0.261636252444005,0.954922185330652,0.66559800719365,0.876572535050102,0.0815361904354067,0.952413671441376,0.65329471122683,-1.02141099622704,2.36396295835023,NA,NA
457,1.69730585149087,0.488319873880562,0.988500192594869,-0.115355752938465,1.32746726084253,0.24031811078568,0.720097638669657,0.432583425642224,0.432933204853558,0.324645103262621,0.0192766154496931,0.763190395570244,0.886426012472599,0.647958879565354,0.684806311670574,-2.71714377484586,2.48643226896893,NA,NA
458,3.24355056008868,3.2950680262778,0.0500865864724141,3.59106388327461,0.847546939751118,0.824642832774669,0.0348508739954559,0.104002331730677,0.684232766252826,0.623023992047645,0.348532559898566,0.707063215685659,0.225976565219695,0.374224897574051,0.299669014390325,1.92990240615528,5.25222536039394,NA,NA
459,2.62335042430003,2.56561004076152,0.083064027810361,2.46472271278901,1.02747748143004,0.619319993770914,0.333870413581375,0.435252074210439,0.752377313918434,0.616192158290883,0.542177202536492,0.828259113812237,0.34662502808834,0.508580609554309,0.0457191385423066,0.450903854260216,4.4785415713178,NA,NA
460,-3.06435143557546,-1.93225270245701,0.992758070974687,-2.0389080501411,1.18648445184565,0.466857676469954,0.743446104316506,0.700854574648663,0.00749958886671811,0.961390605446068,0.574738371387473,0.910812704991316,0.927511186631164,0.839619614695781,0.113849652565783,-4.36437484397532,0.286558743693123,NA,NA
461,0.0435939980765217,0.130257980315142,0.054680271619067,0.656719401547412,0.928741928222196,0.969875575027312,0.234591646966292,0.800166731402394,0.0491655642130645,0.874035257354029,0.768609254714218,0.429542961185332,0.0167392474992666,0.539369984360645,0.250440737137222,-1.16358132870038,2.4770201317952,NA,NA
462,2.76500798481967,1.07639628146269,0.995815194044844,0.489285230584614,0.920086566152452,0.630023057439714,0.771029342935886,0.564723177907988,0.893768308419036,0.161026654457091,0.97137614369567,0.660846133691026,0.231103257152019,0.832368959760992,0.229814722846611,-1.31405130173332,2.29262176290255,NA,NA
463,2.19819550838319,2.30804278681914,0.0560350521956436,2.44068009926644,1.00840332854667,0.564691618117387,0.247374773472082,0.164662000376149,0.569239040105138,0.805222382227424,0.297196393487277,0.53954779334052,0.83565973961784,0.984691252479097,0.606675482352031,0.464245893424653,4.41711430510823,NA,NA
464,3.47761720162852,3.43131283526308,0.0947001136344604,1.94171377779142,1.19677454152443,0.557662843630882,0.349585489440709,0.59789004725439,0.934839594101999,0.883128158957348,0.0115069829731947,0.174073481891421,0.143664227833971,0.663434035476414,0.580650166151463,-0.4039212212109,4.28734877679375,NA,NA
465,2.26660174569938,3.22635364984709,0.99972818475579,2.02047606443391,1.01066085929227,0.542139752711169,0.907940425752546,0.585013470662408,0.388068370346213,0.353137077986612,0.0464985510481056,0.796583837319049,0.609358701604302,0.110383584771771,0.931553868558956,0.039617179636763,4.00133494923106,NA,NA
466,0.676365241762441,0.192422021180494,0.998582076218274,0.671422691715316,0.960318515094355,0.939627318977728,0.825288732108078,0.369251315187197,0.793545084252022,0.921816381463315,0.718142437345116,0.308578465721104,0.0957014497563941,0.306594014777685,0.12890078394115,-1.2107670115566,2.55361239498724,NA,NA
467,3.02034563003719,2.24550229762626,0.999005249657221,2.68789904152402,0.882585793119617,0.34977495253447,0.84303389077296,0.0573594243892003,0.0735403849980794,0.0961547232228331,0.421114931355463,0.831871185386088,0.840954690074199,0.265498198794201,0.232628571711481,0.958062673742856,4.41773540930519,NA,NA
468,0.657211204994161,0.657806965758504,0.0501704841905742,0.318792552620856,0.918798701265614,0.759162104550283,0.068730238904478,0.72441429723287,0.677425539967371,0.604276184839546,0.364957323357696,0.918842737725587,0.0132680684494553,0.818945664963219,0.494988167848438,-1.48201981090192,2.11960491614364,NA,NA
469,-1.69257526000425,-1.18891376981702,0.34975823379232,-0.552222940000263,1.07261713206457,0.133025645564427,0.461281601032475,0.119533024751581,0.551545569211361,0.819306430992205,0.705668832262047,0.584875102968421,0.84045645147725,0.531793234201497,0.635757053007605,-2.65451388804746,1.55006800804693,NA,NA
470,-0.382726441015171,-0.428732713457042,0.0516615583924177,-0.278496960895141,0.885081299306194,0.887614938033163,0.182652225406724,0.834063051498728,0.59039276157401,0.294514236229821,0.643626390969148,0.725349212993169,0.583269113934948,0.652859371723491,0.751225146430312,-2.0132244309252,1.45623050913491,NA,NA
471,0.762020220621642,1.70776294314497,0.988980077739778,2.35303998178487,0.926567865987744,0.30074505344755,0.722254475662252,0.154290175807197,0.584334124545334,0.333488616651972,0.379827091732528,0.677577737340936,0.900375115254778,0.88620423854189,0.367775153861614,0.537000335216755,4.16907962835298,NA,NA
472,-0.0780173364848976,-0.019274568212582,0.0501196539253477,-0.29070826059963,1.20932672378747,0.00319777125446126,0.0510256158295087,0.336469711489743,0.341280172630446,0.313680391106172,0.212841832041158,0.542691973278648,0.179147880583652,0.79354465165385,0.629901983668795,-2.6609450847649,2.07952856356564,NA,NA
473,2.98135577895643,2.96774439345579,0.0897800806360688,2.47263009849617,1.09838880517341,0.909962485925877,0.343484003026504,0.660100138712092,0.962531964840833,0.813814104434918,0.473922070187051,0.994431023765588,0.316959121448686,0.921182469945517,0.104829469065531,0.319827599334292,4.62543259765804,NA,NA
474,0.112133553715755,1.5429118395738,0.999953374789429,1.27077376951532,0.893553502158428,0.213975052943686,0.996101339448709,0.286792291059974,0.141924993944587,0.729358098648023,0.511639653219958,0.264608799597248,0.213180806808523,0.908604964783066,0.666275680864346,-0.480558912974833,3.02210645200547,NA,NA
475,4.45559787941894,4.23979531988872,0.869232719881115,3.32117421137361,0.982589193683962,0.590251433449565,0.591747446950758,0.713967512377072,0.0619729200346628,0.227671248013154,0.609656061693211,0.289081669779029,0.234843631893862,0.504968781620381,0.44041991856799,1.3953347801548,5.24701364259243,NA,NA
476,4.26956638995099,3.79612997776612,0.438920615106531,3.9596010299341,0.85226589634789,0.636457336878986,0.481675642347778,0.579764504194725,0.0269934473392786,0.668688966240035,0.0814319064487936,0.522944659947301,0.597916102741612,0.800614131787559,0.844046116745216,2.28919056784049,5.63001149202771,NA,NA
477,-1.14121005627779,-1.19514626984325,0.605571559094499,-0.0686327330073391,1.08388796015556,0.453795758647844,0.517127984403865,0.0182759142227005,0.861807823496056,0.418295814529061,0.00347476931940764,0.385821365691489,0.883184012517915,0.545648292184109,0.0964725648990134,-2.19301409818883,2.05574863217415,NA,NA
478,0.0223009969956181,0.108416926035683,0.260869161419311,0.538747460131327,1.02398231305197,0.652979716137867,0.437288144982886,0.502647387122735,0.769180956219905,0.876054314349429,0.192183845992899,0.356379778388189,0.161307453244808,0.15747772480885,0.808603739870479,-1.46822099425656,2.54571591451921,NA,NA
479,0.0708447606758282,0.026678879753525,0.0503214125409162,1.25127260966647,1.15868240291914,0.599351093901554,0.100442329742713,0.387411588237039,0.607259265576839,0.24347820294043,0.813934756808681,0.718357193457894,0.704740646675462,0.678480295131914,0.278950341424439,-1.01970316957538,3.52224838890832,NA,NA
480,1.62364969948397,1.61560964493597,0.0500657574405628,2.2104541547516,1.00358450028377,0.61549459242099,0.0210912393142935,0.446083618615172,0.706621051143389,0.206207211129833,0.963430306913797,0.49292824698356,0.595914881647448,0.144081192307058,0.316440226084553,0.243464678752785,4.17744363075042,NA,NA
481,0.917621020712764,1.08415372951726,0.133225999647735,2.13054685161985,0.989939989026186,0.653826968195033,0.382839076027158,0.799096274727373,0.388767723259283,0.163811419539037,0.635426962294849,0.382882983520161,0.828551591140917,0.620036781707662,0.377757221673033,0.190300126272549,4.07079357696715,NA,NA
482,-0.929378162571085,-0.99213984359606,0.0804698417846867,-0.175123234220512,0.953273281859427,0.421211139625288,0.329643727924442,0.0760948398733744,0.723706894496339,0.236331654428039,0.803158251198125,0.732658571473323,0.454973896762822,0.181460384205566,0.559892916134093,-2.04350453408929,1.69325806564826,NA,NA
483,1.33570672173093,0.406775796311598,0.981499975075972,0.667661301409212,1.06243665338381,0.625152239460847,0.695951204197831,0.689403268016176,0.956332236091956,0.191564693819149,0.414482343597105,0.862930294474238,0.0508146693678573,0.435617563200183,0.245955281399889,-1.41467627507832,2.74999887789674,NA,NA
484,0.775882609244215,0.715487823368661,0.212719341839808,0.642504945027581,0.857460240944442,0.351278862943058,0.421172104248428,0.306269100822974,0.135892554585007,0.652510112680029,0.616858624248183,0.713406446335139,0.982312098958762,0.692708589055808,0.109488685817923,-1.03808624539856,2.32309613545372,NA,NA
485,1.65988008724001,1.77332596373112,0.194593799574011,1.90000050555325,0.839539383760603,0.852587663513958,0.414129084100132,0.256240999989561,0.14912435374991,0.462622010133229,0.513573078602669,0.634971029517241,0.477917595778941,0.732047135975212,0.0288469086397672,0.254533549779517,3.54546746132698,NA,NA
486,-1.86114487396257,-1.24048949437369,0.986974162982327,-0.853688901032273,1.02458906718251,0.0452069928741548,0.713786042984924,0.209142026217189,0.449873544123722,0.665553855756996,0.0376334712125827,0.411340059625451,0.803135886728414,0.505247224382008,0.344330941864871,-2.86184657166348,1.15446876959894,NA,NA
487,2.00720395001233,2.01418327294785,0.0500488409345883,1.63341782281471,1.20633287019679,0.205657594674616,0.00622014670143835,0.361571942966781,0.505700840865844,0.984692403988098,0.864128817659919,0.134179764797562,0.3176011716387,0.796340113078128,0.497628834859584,-0.730951156137821,3.99778680176724,NA,NA
488,3.32513579646503,3.36574964084114,0.0520268944316159,2.42062851071426,1.14057087068826,0.964081232066732,0.192608932640869,0.00601616703730542,0.018201549496036,0.341235293465084,0.413405097981216,0.654442954770755,0.647475513537764,0.988379717261647,0.81455686708563,0.185150682349773,4.65610633907874,NA,NA
489,2.72970782675663,2.99218375965614,0.264943007788916,3.41985112232005,1.15798438587524,0.64637637141766,0.43852124381531,0.312654019323876,0.564654080157285,0.71407072332094,0.404367538153194,0.706043038144358,0.275001068271697,0.655925528823398,0.994582215024391,1.15024343134485,5.68945881329525,NA,NA
490,2.75085480355517,2.70715451442966,0.109078612809636,2.09686892103847,1.0465031982835,0.866600851523108,0.364330639190506,0.338301869542105,0.530788280153181,0.446700228482718,0.713736956602195,0.993822775046574,0.031253391620703,0.00721474193374161,0.997738089282298,0.0457603426968221,4.14797749938012,NA,NA
491,1.38183361300738,0.375602970077671,0.996415159938753,0.289855776385911,0.778814727110277,0.619798709726078,0.778798373566591,0.378709770839429,0.593575965286931,0.187616306309239,0.475335866060341,0.847671103781671,0.214541929959436,0.178514319765847,0.547330383007182,-1.23659303937962,1.81630459215144,NA,NA
492,0.0139196015803668,0.927648177953617,0.822806789762433,0.960847472986143,0.851153293983931,0.414346346835373,0.573639417414553,0.285363417997258,0.643678433136316,0.586947501570918,0.955503910811502,0.802579080183874,0.29765951282694,0.881222918918356,0.562008364279522,-0.707382328544994,2.62907727451728,NA,NA
493,-1.17783182837247,-1.00937011730332,0.455242118303848,-0.92941666461672,0.96871462688597,0.077969416238484,0.485207163463463,0.185167949346942,0.758940903084003,0.816957833420485,0.845303294757381,0.0574732865970582,0.805445199942216,0.400964408692671,0.586887236884562,-2.82806244461038,0.969229115376938,NA,NA
494,1.86912331451175,3.25857941810463,0.991688232666498,3.3078428293239,0.965988956403945,0.894047373207402,0.736500099741505,0.926629557247972,0.600746566118207,0.029576989437337,0.00125392676889896,0.965106649236521,0.95933302245941,0.0397477622115985,0.741856602505315,1.41453926530873,5.20114639333906,NA,NA
495,-0.631694937069546,-0.642541129616027,0.0505664718950624,-0.0485803748067939,0.9072553624188,0.469474299032008,0.128790333408746,0.505524295112933,0.229985652229167,0.505784728952451,0.663252131300978,0.867016929263016,0.990320705103688,0.106070077631273,0.363614571208018,-1.82676820992848,1.72960746031489,NA,NA
496,-0.0250526670531003,0.0440083857538272,0.0732153605490585,0.730782965079123,0.95728504357024,0.499490117170732,0.315654646677198,0.701838597214082,0.404468750276137,0.182141072384664,0.689210610581213,0.911992479572655,0.177374646326527,0.529105989545118,0.987060015487368,-1.1454612432574,2.60702717341565,NA,NA
497,-2.11928975169367,-1.02627044694691,0.894496685857263,-0.425447178653987,1.09534482890613,0.0138221490222495,0.603999922287883,0.619570933542331,0.899791913414374,0.553346714576473,0.226435455918428,0.929371553199599,0.691684817094472,0.292698490478797,0.503432026354247,-2.57228359396219,1.72138923665421,NA,NA
498,2.8918620830279,3.49693895974164,0.847632130987455,2.77552374408366,1.05587997234716,0.844114378999453,0.582767485732562,0.651372060071444,0.206543076102273,0.862676158862887,0.612074717212468,0.961879138040938,0.455031737070181,0.640756959525752,0.435177425087546,0.706037026286074,4.84501046188124,NA,NA
499,3.22339444061464,3.34632208758737,0.0691773230211655,2.41414456718164,0.888097134628756,0.805576911876327,0.305882984716212,0.92061002125917,0.414611854533548,0.433417397202109,0.917434254297637,0.458533507984015,0.179960035400232,0.295260474138078,0.139081309839152,0.673506168536055,4.15478296582722,NA,NA
500,1.55547985662513,1.52266359675319,0.0501798154114361,2.15411754306565,0.992471508912533,0.701350964363432,0.0713951433205511,0.0921759006943321,0.759067473848118,0.439132065852755,0.274553030807059,0.934456817703322,0.07333620033646,0.735354872997268,0.536755551567534,0.208909129914966,4.09932595621634,NA,NA
501,-0.353073169840242,0.502947377029142,0.970102911487188,1.6336895608686,1.07571904933357,0.531719384339522,0.671336221129866,0.120244201151305,0.828156396651058,0.0289243490234949,0.750334367300966,0.943613692442188,0.619319421401946,0.335989583692397,0.799081146328477,-0.474681033308863,3.74206015504606,NA,NA
502,0.730822361008776,0.716854247074764,0.0563173494001823,0.772927290528747,0.8373365367191,0.0557554580720607,0.249675489353365,0.172031305824174,0.487172587258392,0.212092208587914,0.230996150316321,0.273226520908996,0.538357909450191,0.112025165223051,0.65169979762705,-0.868222164380188,2.41407674543768,NA,NA
503,0.952777084845122,-0.265357106370298,0.999269211366084,0.686978839501416,0.971754995324631,0.721018519906211,0.858466172245448,0.733504628778785,0.685259005254949,0.752093033329234,0.591508243410499,0.707701244548312,0.121844176320126,0.456532687222818,0.941909455337212,-1.21762595313175,2.59158363213458,NA,NA
504,-2.61589828580478,-1.71479159390774,0.922013661161416,0.764803784870245,0.954105937924365,0.412609079410322,0.62071357110003,0.208597897823085,0.688138937584124,0.090200754509191,0.866441520307446,0.356797273678822,0.734060528349131,0.188117289529066,0.944651144971373,-1.10520949089732,2.63481706063781,NA,NA
505,0.43741950596813,0.491107949942068,0.0534435404193566,1.24451929916867,0.978041238695619,0.629230969525524,0.219183475701488,0.0968263012815733,0.0800624186508358,0.407548808812746,0.351732355897548,0.931771869838005,0.689329280381207,0.168989790665219,0.945233590102289,-0.672406304069682,3.16144490240703,NA,NA
506,1.41315626221874,0.485219385526141,0.997208554989764,0.841241225726219,0.922602296008541,0.477856020862004,0.791347995469463,0.214007180415327,0.662726113323704,0.207842286804807,0.404671527631348,0.613667762274505,0.155086234510993,0.989861919979914,0.894373837414314,-0.967026046504482,2.64950849795692,NA,NA
507,0.2607089856106,-0.525373068225724,0.621139144461217,0.0386888766697433,0.915100321732306,0.384874783753068,0.52052319318254,0.267787651097053,0.689246399456984,0.881010647364892,0.828070829919539,0.303131633387296,0.83343570868636,0.913124470769195,0.179579439139576,-1.75487479616659,1.83225254950608,NA,NA
508,0.740612130851659,0.906461479687498,0.978254956345611,0.0763618165009331,1.01172203771058,0.663867732520797,0.687696028944338,0.188368349511526,0.73543847084092,0.972519389112596,0.942404504460515,0.72262597101077,0.703443073963397,0.561753063877462,0.163491816759342,-1.90657693977728,2.05930057277915,NA,NA
509,-0.0435808025998394,1.45560631149004,0.999106621784246,2.37597308134783,1.03318537157298,0.577405270050047,0.848413319895626,0.741189074208261,0.0228937895392301,0.087352070551482,0.536954868770903,0.900051435052417,0.414824041646789,0.0489479774488136,0.883680800220347,0.350966963711153,4.40097919898451,NA,NA
510,0.718560258366143,0.713729102938581,0.0633597611132251,0.647663551961971,1.1835694628545,0.436490025924402,0.2874974014326,0.295376605901401,0.812658216786338,0.437220368872979,0.972592221312807,0.770973815192818,0.427197485157056,0.15804658709839,0.745150017952081,-1.67208996843426,2.9674170723582,NA,NA
511,0.723808083764336,0.675858569395269,0.0501592750059863,1.39344331891987,1.30926929857555,0.523069955229061,0.0653291356983827,0.277376653580111,0.849405990565429,0.889744250558666,0.944204930440406,0.136634958978393,0.265592416612431,0.293603101807297,0.136655258783023,-1.17267735235223,3.95956399019196,NA,NA
512,3.08018159699673,3.0759801075863,0.0500596077202513,2.39441944867289,0.971903454425745,0.893376545571489,0.0161815291730454,0.452126879500924,0.330407797269523,0.11012320934108,0.684092164269299,0.261953342587804,0.194581290124566,0.869606743675075,0.553128648553975,0.489523681548367,4.29931521579742,NA,NA
513,2.94270634193491,1.84428068283442,0.508506434195092,0.885188951339259,1.18829006045815,0.306615093836328,0.496526273808675,0.482001071396866,0.971463273344096,0.810015259524225,0.00671015428251121,0.0518750173192238,0.402194551724126,0.264001758814557,0.973979605319095,-1.44381677034563,3.21419467302415,NA,NA
514,-0.711994525682839,0.0679046453071546,0.9953886850398,0.427079767904042,1.09976364622975,0.57385825347167,0.766154154634569,0.755352928759181,0.75459254325612,0.515679359005066,0.246840029937099,0.783236355261994,0.0146223190266173,0.847639420316787,0.445289055496454,-1.72841737021271,2.5825769060208,NA,NA
515,-0.071827714473583,-0.435630020454715,0.581500914086645,0.201234600264544,1.22266459357866,0.370227531674434,0.511951510593761,0.726090184346889,0.515695155121735,0.213450804174645,0.00821245606523007,0.852219483354362,0.455544811984408,0.537402566625387,0.134594906546059,-2.19514396832194,2.59761316885103,NA,NA
516,1.15053265997171,-0.121323791170619,0.978612710953137,1.70219546820709,1.03512758810275,0.862413401417551,0.688544749400229,0.0263043536811601,0.382479292307631,0.0107939032755094,0.527453518324764,0.494822611961281,0.895429933676263,0.422531436106423,0.971405591388349,-0.326617323878107,3.73100826029229,NA,NA
517,-0.0983046974332069,0.308339562844185,0.758013490335188,1.16493270578994,0.809306044323015,0.410762661617249,0.55367905841209,0.848427390760858,0.906961785583408,0.0233763003483182,0.53905816646188,0.03961434142699,0.930430528624915,0.228674340345897,0.864740196539555,-0.421277993553748,2.75114340513362,NA,NA
518,4.23796851107279,4.2943672522084,0.104540289033249,3.62473201512878,0.982315885798979,0.875533260590979,0.360080122346641,0.531351913460763,0.382617053227499,0.241753680543974,0.812779110078118,0.248435950466432,0.121473928040476,0.492644585284288,0.243550241455203,1.69942825752122,5.55003577273634,NA,NA
519,0.403153046840409,0.457890420174487,0.0541616534372364,0.743726898375192,0.99988668408554,0.39815426692809,0.228692039137124,0.174053395591909,0.90179487240361,0.804004847177537,0.223295629859087,0.336345298457076,0.802700988822617,0.641651826836169,0.617470223552315,-1.21601499105365,2.70346878780403,NA,NA
520,2.98388741628759,3.0251318086094,0.0501176254522371,2.05632281842674,0.908070579622962,0.709263039285201,0.0501706001494313,0.133485620832536,0.309583840306965,0.664519338671467,0.276397885033628,0.667778821302345,0.506246941417223,0.368537336300127,0.538176976906834,0.276537186945327,3.83610844990816,NA,NA
521,2.90803122323785,2.10533396722237,0.988320823937055,1.99068311339444,0.958864250459379,0.918183247071458,0.719314224397764,0.844638650455163,0.665835755431792,0.907974342204281,0.819241122679436,0.342956711550942,0.697149571801419,0.77089084883919,0.945673387827352,0.111343716431064,3.87002251035782,NA,NA
522,0.501140344331946,0.437954666795491,0.0515519873412381,1.14000345854289,1.00025800114412,0.290622386179399,0.179235464374768,0.415636143044336,0.384623119733646,0.452677411869634,0.760101693965262,0.43642252398585,0.768115191591438,0.0336404163839761,0.181747639720445,-0.820466198947597,3.10047311603338,NA,NA
523,0.442565745027695,0.324247265213495,0.902409649344765,-0.0240085657134033,0.923970163574261,0.265666398704634,0.608364429903682,0.00212284477474168,0.4099056471691,0.764036650436115,0.167297832261771,0.123918875793344,0.531057453678572,0.874115348549793,0.776197063081665,-1.83495680910854,1.78693967768173,NA,NA
524,2.95977576453593,2.97144919233314,0.0501422093875944,2.59980297505717,0.978160827592185,0.587023851075093,0.0596616486874409,0.912882869939669,0.648433772492921,0.823163688703556,0.821906549975974,0.411878124524374,0.22677109754656,0.713136357928859,0.187525257025263,0.682642981888598,4.51696296822575,NA,NA
525,0.803390085627782,1.11939656998652,0.999463206301452,0.690447809597483,0.845902386597775,0.31842950294842,0.873901910560555,0.155397920653224,0.26843270063994,0.0396130556931021,0.437607051464263,0.33297887911275,4.15041076485068e-05,0.284778951504501,0.129435665374622,-0.967490402570633,2.3483860217656,NA,NA
526,3.70857730815865,3.73830269427967,0.0505953028592153,3.36128126289614,0.899090854549886,0.571171378103201,0.131273992527975,0.894825561643578,0.20140512254159,0.473192600360839,0.0943217501165345,0.606599778235308,0.672177303815493,0.611751990741119,0.621690620985581,1.59909556914902,5.12346695664325,NA,NA
527,-0.931203308094627,0.202922039065492,0.555125936342088,0.418862394210597,1.0784971473999,0.579845304377377,0.506350826899172,0.0193579513966106,0.153684065785958,0.491306347484933,0.984533239670447,0.412476513698813,0.256187420974602,0.955981562544825,0.327155844324036,-1.69495317212239,2.53267796054358,NA,NA
528,0.670950151139496,-0.00855337762189734,0.96375187929547,-0.0863873353031659,0.93755820574549,0.536983570168144,0.661358576521161,0.71813789177849,0.74072204609646,0.621502431988483,0.747219137642183,0.963040703888517,0.0685602146202,0.313347246814519,0.48787109211483,-1.92396765197432,1.75119298136799,NA,NA
529,1.27775812276399,0.835117905143818,0.406956190867041,0.77783360182998,0.871226323012326,0.232619955048664,0.474617239310057,0.109453887490788,0.143562759088585,0.198009989482467,0.840975820902386,0.791188474656665,0.602795353445225,0.679068872074713,0.905265514610335,-0.929738613657439,2.4854058173174,NA,NA
530,-0.139704795850152,-0.659195421573568,0.609826508357574,-0.153146239161585,0.805592829031243,0.43717226134357,0.518051771932631,0.245267684162012,0.246927154362435,0.159755568123888,0.479644213585416,0.0774147511943011,0.425944132623379,0.510411761042313,0.226980066482676,-1.73207917026655,1.42578669194338,NA,NA
531,-0.86379049155573,-0.823879626250299,0.0558480455507946,-0.283689099488248,0.955842032001864,0.287922317049466,0.245791019482655,0.165145221550134,0.535750912867952,0.691196399268461,0.152868469316978,0.255215062769246,0.287869648410124,0.118434089847025,0.305944344116491,-2.15710505712148,1.58972685814499,NA,NA
532,3.68583558715329,3.7483820200935,0.127167409852655,3.07324553304999,1.00192262783409,0.698085302178282,0.378711672107223,0.56522365797509,0.325973726414028,0.529681975331856,0.339135546790319,0.124864314977895,0.0702643396813655,0.90415991121612,0.414220602347166,1.10951326719944,5.03697779890054,NA,NA
533,-1.50649939644982,-1.55130309363063,0.0509247125970096,-1.73266822007539,0.867349614983804,0.351910443249508,0.153311978772283,0.382847998463083,0.393982945236377,0.681057210353436,0.26047579329391,0.378335382623714,0.267780043418519,0.822347701410647,0.443655983521952,-3.43264222744833,-0.0326942127024517,NA,NA
534,2.16667957346372,2.17941519716497,0.0503112436061332,1.30353170256623,1.34020385751967,0.0663977514691651,0.098834315998829,0.343134398850729,0.074850333665614,0.62533292268787,0.128460566051537,0.0172133099187631,0.80445441791357,0.318696851540939,0.856190957097453,-1.32321959011397,3.93028299524643,NA,NA
535,-1.4654995594708,-1.48309011723085,0.0500527521590623,-1.35105552826905,1.071715529745,0.203509031981928,0.0100721484081587,0.304924647119595,0.918894088109024,0.475863562479382,0.226918240797473,0.215614009819808,0.707385729592643,0.606263014063472,0.929351582081639,-3.45157936824151,0.749468311703414,NA,NA
536,-0.095001599631976,0.789000406806297,0.999052448742164,0.0523066693183794,0.852725053032565,0.696979810942197,0.845466915498488,0.788201109110843,0.352702068380779,0.60222791966598,0.883682026220486,0.0283767500382382,0.0967796812190209,0.0390856618221151,0.761848365776474,-1.61900372334045,1.72361706197721,NA,NA
537,-0.438023120885104,0.0917790805727006,0.996757949089047,0.712932000479801,0.893530637024119,0.279007144004689,0.783841866808943,0.32388316292048,0.113952386147459,0.409668269559741,0.270486199268023,0.414212334877928,0.144118588283309,0.672344272848917,0.575231420389144,-1.0383558671706,2.4642198681302,NA,NA
538,1.06719479831653,1.04068235727134,0.999873165661951,2.16621617424473,1.33896423994177,0.933045809036703,0.946060096734436,0.491404390330659,0.174813245078432,0.402072655813768,0.922459831575514,0.628365510464995,0.784283726150054,0.216317463506246,0.30022338024585,-0.458105512628188,4.79053786111765,NA,NA
539,3.0295070141173,2.94190014152158,0.999849440891226,3.1424792805718,0.831233565896203,0.688851076978957,0.937485150566557,0.0124076680638827,0.452298207649728,0.670662232158473,0.318815937302075,0.442319460496772,0.694094079773524,0.135350203578942,0.501002619694918,1.51329142867445,4.77166713246916,NA,NA
540,2.09667960634539,2.08098167445151,0.0651005896625528,1.10162845995242,0.931472503551161,0.323859557477292,0.293714742629207,0.794838964816532,0.875048799905344,0.123949873311794,0.314192966008908,0.420138238313026,0.921543666991638,0.697480634775013,0.0949037493480137,-0.724024099597208,2.92728101950206,NA,NA
541,0.908083136737358,0.88931323081669,0.0502106041592858,0.414032993820376,0.949915927327265,0.796534439430339,0.0792992399394279,0.238612163740559,0.37966106438858,0.941687820967752,0.925773062410881,0.552392672690446,0.130911329589668,0.575226591940736,0.938997204838786,-1.44776801208203,2.27583399972278,NA,NA
542,0.755449937528544,0.812412291813851,0.050197102260083,0.383316988391133,1.15084142160339,0.259694336807821,0.0759856457393616,0.869223563129199,0.462428063512314,0.80334789927199,0.866554374885163,0.400134180934867,0.318416983151925,0.666934798898175,0.591103240174241,-1.87229074986838,2.63892472665065,NA,NA
543,1.13879089384466,1.06233268778344,0.0544821508635392,0.971425079011817,1.24502098641365,0.0152799104392761,0.232418513438781,0.325282673222479,0.411915138060227,0.903106772012077,0.740796571944025,0.0164304942057934,0.949813687018584,0.906101264502387,0.0354193854882615,-1.46877121435546,3.4116213723791,NA,NA
544,-0.522461889508511,0.255948887519396,0.989648595535965,-0.0615307875844926,0.856846522002176,0.251029968622024,0.725419188166037,0.574644300874788,0.892770006482489,0.721482575571514,0.343596169329714,0.282471970690996,0.729794123159838,0.272428302148706,0.4922885348649,-1.74091911098716,1.61785753581818,NA,NA
545,-0.543558326419709,0.0420218356632564,0.626064241730166,-0.0014007431848726,0.931466002201203,0.798943308741553,0.521606758596492,0.778687027222128,0.0983751494506141,0.972121614284581,0.71985128909233,0.552750041388441,0.790065521620796,0.458443548604846,0.247663106095279,-1.82704056032274,1.82423907395299,NA,NA
546,0.388049729513412,0.429694176582171,0.0505356192157823,0.515209748476635,0.913105220017541,0.787701105446555,0.125988509770599,0.441422452917788,0.195168925601058,0.0860825713915983,0.771911290078657,0.684645099458401,0.130264962046989,0.196058067281498,0.441865808378905,-1.27444359685327,2.30486309380654,NA,NA
547,2.5263473021058,2.49198453830891,0.0531091654266828,2.28734895973283,0.94794458070504,0.0921033603620017,0.214058526354493,0.324373595202924,0.046421579618589,0.223463229158544,0.51853006367234,0.140982814734802,0.888733697671443,0.0629140094486065,0.485346326846862,0.429411722211029,4.14528619725463,NA,NA
548,-2.73527598293772,-1.78514759851295,0.999029802964829,-2.19033534146984,0.828967492772757,0.127504916127538,0.844284815089311,0.968865083098412,0.452643535930314,0.833229790533427,0.980186576334527,0.384293860247126,0.849751306544757,0.605080318425898,0.101714050056646,-3.81508177165891,-0.565588911280764,NA,NA
549,2.16176868734877,2.2004402267077,0.0538967930644473,1.65762624081498,0.955899597578681,0.484872663500253,0.225390113117988,0.223445252622128,0.0775351767183747,0.843397975269239,0.434743354831473,0.185751940378454,0.965894952804549,0.804885316964472,0.890514650038909,-0.215902543275566,3.53115502490553,NA,NA
550,1.1897161920319,0.334157545438735,0.999923541261507,0.733794585379162,1.0960029339398,0.0106202577548102,0.971369277411723,0.818766243402497,0.64642124858743,0.435913358189864,0.509187200572109,0.686202002036502,0.530179297888419,0.252000430671498,0.595322051037336,-1.41433169209307,2.88192086285139,NA,NA
551,-0.201579530844261,-0.180370191084639,0.0520054150255392,0.628955517565436,0.8678570176616,0.327680150551023,0.192075112221646,0.454811294289073,0.385980299149756,0.444798128663329,0.692177711070748,0.484706250100862,0.40374821455311,0.149926072392729,0.95994996093004,-1.07201298078164,2.32992401591251,NA,NA
552,2.21689355905698,3.01861443667278,0.996948577276569,3.34049809591607,1.10899023706842,0.744994665912469,0.786881842124858,0.988652947288589,0.810475379091105,0.393258065300528,0.247002001148066,0.640419543680386,0.886978313588304,0.737148065473069,0.751806040571188,1.16691717205543,5.5140790197767,NA,NA
553,3.58382436473888,3.60900054634109,0.0503788626770462,2.11118528605765,0.94545017001089,0.612407579588238,0.108667771425797,0.169254295619205,0.792411744548939,0.70178633860522,0.525872882826254,0.887887709166505,0.758273442382575,0.951477385065984,0.00431491002335679,0.258137003659034,3.96423356845626,NA,NA
554,1.64847787429539,1.61728958895309,0.0513975876046695,2.0227466463939,0.881270360545883,0.68815064677794,0.173987892711768,0.81057893591898,0.912319754728465,0.5200523377317,0.21040858711442,0.845743807728752,0.453559310996556,0.727738026737236,0.33462063328526,0.29548847908134,3.75000481370645,NA,NA
555,3.31890426362482,1.97573411045265,0.429508161011692,2.28160418550381,0.965354053462737,0.461932492793421,0.479618861853145,0.773493746914552,0.137930331347277,0.214855589190149,0.039993698125123,0.255511989556369,0.604308457458625,0.698123504731222,0.661359159541433,0.389545008387097,4.17366336262053,NA,NA
556,0.828729927415902,-0.0710657108826637,0.989094341314775,1.13088504375107,1.07289388804384,0.960631652713055,0.722781707209302,0.20714251445618,0.477250518761459,0.571570566297625,0.77407064103405,0.973919947532355,0.599608506377554,0.809524662355427,0.0515322827073978,-0.971948336048009,3.23371842355015,NA,NA
557,1.67098994070682,0.649712962278938,0.844889708618249,0.673561555893566,1.09327067251892,0.574011227074545,0.581703347627423,0.530085665905732,0.969647961317794,0.0319632840990089,0.448735163796577,0.521744202172151,0.509605549115804,0.474496814657585,0.0401263119733194,-1.4692095875974,2.81633269938453,NA,NA
558,-0.571096749866455,-0.54805455356214,0.71547540524962,-0.459090223892945,1.05741052799813,0.077255931072752,0.542484099074383,0.281562870409107,0.179832664311863,0.233050131598138,0.333111163180554,0.96406726623443,0.180140819524415,0.760053656149423,0.0873531385557726,-2.53157677564276,1.61339632785687,NA,NA
559,1.39275743912497,1.30251224176162,0.12425613379057,1.71510212903256,0.941184146578605,0.514290251243976,0.376622336311731,0.27908445875335,0.199264500662684,0.626087124475511,0.138055682409904,0.59902644361963,0.103543285904452,0.454969505048473,0.208467282738653,-0.12958490108157,3.55978915914669,NA,NA
560,2.19525575390757,2.24676907342122,0.150339155326414,3.02077064028624,0.898119514527007,0.475645193130593,0.39318593686563,0.64236891409941,0.185124804947292,0.786409173520282,0.484818603918306,0.981101999522187,0.757094402546645,0.0559077858806122,0.0591596771837212,1.26048873800071,4.78105254257177,NA,NA
561,2.3484087635433,2.00093543503633,0.999924202463574,1.8009430437591,0.945056836794834,0.365578117067111,0.971803584118257,0.342359444479225,0.0639680291645927,0.678645078293164,0.320826132340124,0.376593941755826,0.288080527664511,0.90088041457755,0.678877890774515,-0.051334319702121,3.65322040722032,NA,NA
562,2.67662933460741,1.44297562669613,0.999940536297786,2.27842115860434,0.940081769525048,0.783156562753953,0.983939429433318,0.322427024548408,0.819794059874839,0.569212527268101,0.588155316918506,0.34460255650233,0.426975238320301,0.966596003076062,0.554633490379201,0.435894747812561,4.12094756939611,NA,NA
563,0.130896448942271,1.69996612134278,0.999405053086142,1.56733861586987,0.984467973122085,0.58622311049595,0.868755931316293,0.583625772218453,0.0805590357449837,0.480590519475401,0.327527773497975,0.704853216657881,0.00165077841386665,0.205260130437091,0.298274059185293,-0.362183155382565,3.4968603871223,NA,NA
564,-0.0855124489358814,-0.0653379384624611,0.109394939059009,-0.157799330556042,0.773990351507856,0.463319083724869,0.364615397311049,0.552809171302244,0.235807206310565,0.222146889471216,0.309154112719232,0.368398729855311,0.983650768586202,0.544958517059684,0.46046863306663,-1.67479254389294,1.35919388278085,NA,NA
565,1.98971443492063,2.08746552538602,0.053812585508719,2.03338964107985,0.933034777820363,0.714809491272084,0.224293345409911,0.235768452068325,0.0231114276791923,0.926339141572826,0.641494067016523,0.406455159831094,0.493397174016456,0.556600280545186,0.239057303580106,0.20467508022861,3.86210420193109,NA,NA
566,1.2132082798141,0.931562173310407,0.999934878015869,1.42069079012264,0.985313736153462,0.488411984540755,0.979394326084759,0.123315648669377,0.543535261291079,0.389721018737997,0.272921669353149,0.102700020703953,0.869175740647595,0.4831170704494,0.923355081828195,-0.510488646210743,3.35187022645603,NA,NA
567,3.34335350875454,3.48433696945318,0.999892036295934,1.81924005862744,1.02028620581323,0.898254234445514,0.954115425697062,0.560324031787924,0.574891087893513,0.661382936501177,0.794982158346917,0.436657336483942,0.549353156252881,0.56224123750499,0.287115150694852,-0.180484158689512,3.81896427594439,NA,NA
568,3.19682449747991,3.64389268367183,0.977166483421377,1.96933744544539,1.09396394365425,0.565270895056659,0.685195183064905,0.820201992531074,0.590915419281577,0.885153226004331,0.760964310219046,0.341072005276918,0.181185962019837,0.407326933088014,0.177364453477901,-0.174792484502336,4.11346737539312,NA,NA
569,-0.0130541277846615,0.711347642351368,0.744542766013205,0.333066990273157,0.861502549894936,0.440158010560437,0.55000993622269,0.72183660098433,0.940186652069679,0.357146318915533,0.791766064605094,0.0097529172153445,0.778902852334664,0.332297590476461,0.695202763243229,-1.35544698011034,2.02158096065665,NA,NA
570,1.36673924744226,1.53882033666057,0.836560445603317,1.71570103694269,0.929474750227977,0.82527126299392,0.578561317467829,0.712914182602195,0.684882070004358,0.836931187790935,0.492490397495567,0.520488833584124,0.105535787964822,0.517411821752437,0.134277127170353,-0.106035998043511,3.53743807192888,NA,NA
571,-0.683082227447571,-0.709734270209111,0.101247504214733,-0.113979692249412,0.941367322235585,0.449602798202774,0.35678296163003,0.0616124227625551,0.989239159630495,0.398839679068071,0.210594354079687,0.276540158253396,0.603762106609182,0.564685182357789,0.921491814211593,-1.95902574005407,1.73106635555525,NA,NA
572,-3.64293262421698,-0.815848486964758,0.999758198182231,0.225602911527656,0.938354293167301,0.397787210781127,0.913792212357162,0.077133022445254,0.916986473831697,0.13410428561829,0.0361333038201556,0.732288061762461,0.322106649525347,0.879130618039635,0.777353747807676,-1.61353770781879,2.0647435308741,NA,NA
573,1.59010095310359,0.585733693280954,0.988006542443803,0.8701378756518,0.916982987932422,0.0787198862363584,0.717969781320426,0.506508602980641,0.0399550458532758,0.806523382426472,0.644412513926975,0.738995737361023,0.342907753246604,0.541578422526363,0.609576281169546,-0.927115755131674,2.66739150643527,NA,NA
574,1.63805470343096,1.63263995313363,0.0502492145698485,2.22164647901019,1.03872508561666,0.330944385528797,0.0877179676827509,0.732883240968338,0.359569545542472,0.821888637535856,0.822359817664372,0.268585239169537,0.763288567287964,0.896736863474827,0.561739647752722,0.185782721363263,4.25751023665712,NA,NA
575,-0.697486251458335,-0.710167668521301,0.0502518683685286,-1.32456340780312,1.29397620107711,0.505712340181461,0.0882477250052616,0.988178612652002,0.190578319315799,0.757748375458992,0.605255882845959,0.318799078954849,0.487507983442396,0.632715004837024,0.199984486792702,-3.8607101587662,1.21158334315997,NA,NA
576,1.23360310831043,1.27943662846858,0.101965755636584,0.775322766227214,0.873294936335496,0.0623569486407796,0.357518837729236,0.746174159051501,0.39075732975069,0.902530999073526,0.929543806762784,0.367204158645938,0.531972075784113,0.139373563411529,0.190554523554049,-0.936303856871557,2.48694938932599,NA,NA
577,-0.435573079136217,-0.485025119691678,0.0509874241733396,-0.769715932216088,1.24864042404101,0.324690020079259,0.156596118908492,0.271545107122161,0.996595587968244,0.687493770744652,0.532267304392415,0.25802654128836,0.845389998129103,0.809454982070834,0.924389337254222,-3.21700619297729,1.67757432854511,NA,NA
578,4.09081636843179,4.01183482761461,0.134381884219256,3.06938542101521,0.998162478979649,0.869628478392493,0.383595445007784,0.348569210577291,0.262312516539823,0.221145578045398,0.691736554422881,0.597816653918009,0.334292629370815,0.565929675642052,0.389826872176025,1.11302291149588,5.02574793053454,NA,NA
579,0.898693185969487,0.999995747450687,0.999510886439727,1.78004803998372,0.867086415882687,0.769320032168762,0.878555379125173,0.930048937885673,0.259509236463229,0.0472836632316466,0.154188879762311,0.861598986112513,0.633458268826478,0.420408540422562,0.89670186407899,0.0805898933697351,3.47950618659771,NA,NA
580,1.2989608441479,1.36595143153882,0.0645203586696626,1.91628778367855,1.02088435026602,0.562934627767769,0.291724616386113,0.206836909615784,0.541901073208079,0.860821132321842,0.84550210160017,0.301886318375124,0.196273029298405,0.053107993341866,0.162559560554684,-0.084608775223419,3.91718434258051,NA,NA
581,3.20859400602666,1.77813954319233,0.557007113607066,1.66170090884792,1.08440294198274,0.449082675462123,0.506748566108174,0.634253082356183,0.350242825960857,0.0133338184043532,0.567632123264251,0.76829903458606,0.418882544167573,0.221380567453802,0.183192358838627,-0.463689802167516,3.78709161986336,NA,NA
582,1.55135435676407,1.31239556502825,0.227821864116023,1.05916907567016,0.995703893649385,0.0246152551614214,0.42657835082151,0.280212528807228,0.0826899092196254,0.442212634327589,0.359040101168444,0.363115469680284,0.441461168261827,0.415544597264146,0.105059565141681,-0.892374695148934,3.01071284648926,NA,NA
583,-0.0138598950544459,-0.0445296765503011,0.142084635870623,-0.0796078210420539,0.919424863937651,0.285834281303803,0.38841013289243,0.79023606937076,0.130156841493095,0.0605226512587396,0.185855731002986,0.886569200712955,0.703543882649858,0.861104804808856,0.252466277193162,-1.88164744085049,1.72243179876638,NA,NA
584,5.05352580166209,3.44065620016115,0.99856553207528,2.94788891931684,0.91768018692803,0.76134039385675,0.824707844046177,0.177641519143595,0.258193660959601,0.579226702198386,0.271878209547838,0.478244959046599,0.849305497406167,0.298086764007574,0.511160935243126,1.14926880361192,4.74650903502177,NA,NA
585,2.73577028222303,2.68288788058068,0.0500849576385324,2.14168453309771,1.11020587943046,0.924064883858315,0.033901246578549,0.549830913899001,0.65523798065132,0.255417607953423,0.633070317537873,0.314365095624467,0.145277798874304,0.93997725798469,0.0938950376915745,-0.0342790060106055,4.31764807220603,NA,NA
586,0.0312571787156215,-0.165548960701713,0.999914970876175,-0.262556429786668,0.862932754029539,0.768011346735293,0.966056696209707,0.0110852400795557,0.604416149346274,0.815963494867552,0.422518831891124,0.829864921296714,0.683376797674107,0.567741726664826,0.0689622249321546,-1.95387354876453,1.42876068919119,NA,NA
587,-0.822350672071959,-0.430264801470564,0.998795061083229,-0.100142913450921,0.958549786541134,0.0650003425804898,0.833438197430689,0.959225251265336,0.232150716973585,0.195059487250517,0.323004806748591,0.057810838658479,0.292162036008784,0.398202757726074,0.826157683670172,-1.9788659724601,1.77858014555826,NA,NA
588,2.76851350223753,4.05719093413873,0.839997636273828,3.49018475160023,0.995098382258419,0.950871604944579,0.579842068249243,0.162823411661666,0.594904923481052,0.103529920743546,0.458843024322996,0.265010236407863,0.390617049867753,0.00627810453763232,0.162135654652957,1.53982776129966,5.4405417419008,NA,NA
589,-1.91244044630955,-1.85964385115795,0.378082991560924,-1.31820811730149,1.17259655980536,0.0692339237006381,0.468022997127031,0.695069937150693,0.693174647816108,0.510633460108656,0.955255216231337,0.673129755395581,0.177847296535503,0.304737515342538,0.905910296925809,-3.61645514291556,0.980038908312587,NA,NA
590,1.43793161925741,1.52388371399186,0.0505514298152337,1.1369810262487,0.907569281686771,0.292071716983686,0.127443896319717,0.355911677356693,0.0934200063229073,0.559005872375448,0.420506116055883,0.502822750150692,0.036082228921121,0.167934278182918,0.63850351759512,-0.641822079332262,2.91578413182965,NA,NA
591,-0.300597615197353,-1.72131786989441,0.970511367006119,-1.31808577399037,1.0772750679552,0.0683072530293139,0.672046224123915,0.566091637962731,0.817078174201539,0.689958674385562,0.25344113793259,0.998465203648666,0.541723263658001,0.992503282916849,0.797753152954043,-3.42950610862549,0.79333456064476,NA,NA
592,4.60355921036795,3.40702021880027,0.98569201643361,3.71880205198551,0.899625915478874,0.733461841117241,0.709023435361218,0.956675131864962,0.850828912407276,0.240166680969414,0.269989033891587,0.683980483936495,0.0661864891219884,0.587789134771563,0.836262590397499,1.95556765808804,5.48203644588297,NA,NA
593,-1.79113757034427,-0.976665544909534,0.999114826471787,-1.11931362819052,0.885241169158737,0.389082619578927,0.84887506823719,0.836604633145267,0.804533297486603,0.933956391784246,0.53621174907824,0.308056581127341,0.0860200883186189,0.438677077724249,0.28470382752188,-2.85435443737377,0.615727180992733,NA,NA
594,1.59777916863696,1.50753262925888,0.199618409293482,1.04322828082515,0.871161218789828,0.0470864343398716,0.416149975620792,0.936942264030105,0.647390856458107,0.175858494001324,0.547700916357571,0.352810910477536,0.706692129336065,0.536542230030522,0.780016417210805,-0.664216332730932,2.75067289438123,NA,NA
595,0.0855973857842231,0.286763922355409,0.500822133649158,0.712042089461975,1.0781549875441,0.5995997587241,0.49490552008641,0.680759311967879,0.876895734665799,0.0849962657936849,0.15141812386224,0.593193029472255,0.502504779416951,0.876382804048131,0.479515495791333,-1.4011028558767,2.82518703480065,NA,NA
596,0.832933537592289,0.805839268781406,0.0835928531990108,0.878965127066819,0.898846389059127,0.895712624146021,0.334692629630328,0.21972450116009,0.678549557314371,0.298572567314724,0.366639788959874,0.8356743365929,0.239038387900568,0.392974443747546,0.589078160732402,-0.882741423122947,2.64067167725658,NA,NA
597,0.870200853402293,0.854368561439838,0.0500524264989183,0.345262375242339,0.995858632701777,0.682004955244018,0.00976250458916184,0.481332190584159,0.984277115116362,0.0254944420576794,0.623258993552998,0.0659601297231857,0.600216143244295,0.123479025948094,0.175807721446734,-1.60658467854645,2.29710942903112,NA,NA
598,3.43778162762657,3.4658192851567,0.0827765532225063,3.28365049403649,0.931005499365932,0.666050070895464,0.333418115245295,0.402637120251078,0.105870586224017,0.812821515666437,0.922545441601542,0.372691834426834,0.170125515058404,0.124289495478035,0.757397871452267,1.45891324587053,5.10838774220244,NA,NA
599,-0.251801644065283,-0.341922496991875,0.0531851472266254,-0.735053837038601,0.954576537362754,0.55990471564373,0.215269747404964,0.917544572753599,0.946073576018331,0.929393564660568,0.583487916711951,0.0721469840203645,0.916800305061741,0.824303959952202,0.0164996676190058,-2.60598947075655,1.13588179667935,NA,NA
600,0.0752432465426189,1.43319283978167,0.997118689359306,1.84463769250907,0.837318807226056,0.47394728330255,0.789758957154117,0.851467778604245,0.899086780270794,0.251133678091923,0.929442743830965,0.805039958797395,0.800798327508033,0.999110421951627,0.264797846365138,0.203522986767966,3.48575239825018,NA,NA
601,3.17172991468996,3.25435043057346,0.0532208033398437,2.66283140752323,0.94679376541609,0.508698992954916,0.215828245386481,0.847880674113752,0.976349006365403,0.388778979869909,0.484434937328333,0.169106901397463,0.242089013351826,0.366188664957765,0.0650933314542053,0.807149726520634,4.51851308852584,NA,NA
602,2.93647042115831,3.48661653576022,0.648355166415526,3.34328549031838,1.05052484100996,0.624959639740759,0.526578141534934,0.493471854156698,0.952058231961331,0.987204187249532,0.669574915782432,0.528329633908928,0.264982645143988,0.28988397200813,0.970740402130643,1.28429463707419,5.40227634356257,NA,NA
603,-0.61800982234284,-0.0934486726882764,0.949180429594596,0.917676492137031,0.908518584636648,0.453284071447561,0.643660109503195,0.143977290488663,0.174127494137152,0.538041712513776,0.101879008464166,0.764575415594387,0.528404458800214,0.113678699951502,0.459935935775749,-0.862987213036103,2.69834019731017,NA,NA
604,-1.00178740320097,-0.981568399706473,0.0501082218330009,-1.20490617972345,0.988519205208554,0.165412898249575,0.0460039895215305,0.18630345231609,0.265066300302162,0.181602558125509,0.997722859889851,0.110629020985682,0.228474945599912,0.196823578168405,0.85021403582592,-3.14236821995837,0.732555860511476,NA,NA
605,2.70429053113638,1.84893896730308,0.997625799869441,2.16476275532796,1.08744270437785,0.885353762798477,0.799464955241303,0.679127173987334,0.400237314100144,0.339629336674348,0.907356680744444,0.377077895126073,0.969757646273472,0.807168431762606,0.634971044524107,0.0334142194965277,4.29611129115938,NA,NA
606,1.22307587303808,1.27338282622753,0.955302734312405,0.328366299534857,1.02173339121377,0.946294256156194,0.650417853568331,0.266216706010513,0.0276383237608243,0.566513811275247,0.435369193785242,0.468189893711009,0.690059040243621,0.321342987572774,0.984061822471442,-1.6741943490461,2.33092694811582,NA,NA
607,-1.73220677119899,-1.64957682096443,0.997408790935635,-1.57319945304372,1.11248338260566,0.174311949353083,0.795080304122763,0.263744451015838,0.818746418274008,0.164398849387653,0.00397969809756614,0.394637890809914,0.939203589282581,0.65814712299814,0.91213135356945,-3.75362681635011,0.607227910262663,NA,NA
608,2.51936454422221,2.43964203330699,0.0502944674897004,1.19001904905245,1.01014115350653,0.194918307800428,0.0960630677869776,0.779395471489173,0.869423004793585,0.207258815667941,0.106396922861924,0.0747228729369817,0.31604963065288,0.368011735584121,0.217216600990389,-0.789821231122092,3.16985932922699,NA,NA
609,1.28786691137701,-0.290696875699836,0.993515848281188,-1.58023653553284,0.864786074591061,0.489472745589796,0.749012607972254,0.623169320524437,0.727750475739595,0.23032340906118,0.731032701179502,0.93503529572906,0.903758493973059,0.576734761456028,0.168778855192591,-3.27518609606309,0.114713024997406,NA,NA
610,-0.0624246360541306,-0.0993658014664535,0.0502279293310784,0.965298371715362,1.07997739958141,0.581341633168515,0.0832529160160339,0.259920232456527,0.768954839307233,0.485256705291104,0.775945486980723,0.740282743827091,0.360329015713884,0.781284341140185,0.40136424679833,-1.15141843558142,3.08201517901214,NA,NA
611,1.18709817084807,1.26308005733988,0.0505627415465956,1.6247214577846,0.958219593017869,0.788289577144082,0.1284597864768,0.425576714061666,0.794126806158107,0.532560343764955,0.291217182659544,0.815469642618904,0.910809942758759,0.435193559766165,0.46568294976349,-0.253354433811046,3.50279734938026,NA,NA
612,2.16855662476516,2.11173993962219,0.431491032003174,1.82581242204976,1.0373517814082,0.696252965648426,0.480053512767074,0.645691147446865,0.538297153174877,0.145925880415714,0.56058432124008,0.910343137365649,0.946223705021548,0.495656699799583,0.556707690415671,-0.207359708808788,3.8589845529083,NA,NA
613,2.89011290738904,2.20582217183811,0.596342288801713,2.41077840055159,0.894241291079052,0.475186452764203,0.515133920627879,0.60414651326579,0.188588254021714,0.067706884238054,0.0848345858146204,0.540025774734328,0.122627990181558,0.720853786044521,0.934649261177168,0.658097676548052,4.16345912455513,NA,NA
614,2.11772850321572,3.27623342399394,0.998652349948126,3.1066870468415,0.839814134155447,0.814479310747702,0.827834001255222,0.779911536269006,0.274142197293579,0.0642697594454512,0.586897833647439,0.987284254896455,0.72337787511549,0.925008296376676,0.248372191784903,1.46068159018913,4.75269250349386,NA,NA
615,2.4515637366482,2.5478593959213,0.0971623525997229,2.21253593079248,0.887511087128959,0.117496661691344,0.352402660756605,0.918017767327372,0.403583628443652,0.404687124980381,0.274470511845546,0.13506981509144,0.120416351846885,0.653748405732214,0.0648346338137053,0.473046164139727,3.95202569744523,NA,NA
616,-1.62924998311928,-0.820061197425337,0.995007466097761,-0.677054053388982,0.845165256907842,0.114473539557075,0.76216246255883,0.940005584158236,0.283543236785801,0.719961786845699,0.490365660406067,0.147772196911625,0.263293563516112,0.897943730899831,0.51387607996806,-2.33354751791289,0.979439411134931,NA,NA
617,0.92647153878387,0.796157700761706,0.088052487813972,1.68038780984775,0.974373084035058,0.697646663219668,0.34116920144693,0.821892659401055,0.682302269293112,0.151595286422526,0.25026668426767,0.781701267583645,0.367927517960081,0.864103482073988,0.402996759135742,-0.229348342366187,3.59012396206168,NA,NA
618,4.07708040660148,3.53582710027628,0.995663801268172,2.8204605966688,0.867210335881065,0.677821843445999,0.769244451001636,0.082614077201928,0.839778902485035,0.20334577117546,0.862825837208074,0.220467822032049,0.553442061257898,0.767983001977904,0.94389335230377,1.12075957132103,4.52016162201657,NA,NA
619,-1.67519133581215,-1.41211825454224,0.372579679314408,-0.651133850484955,0.784708139811304,0.430480975459679,0.466736674470245,0.862170167279779,0.020014762969804,0.834566316335928,0.410441874570679,0.855683767026872,0.191793692182051,0.234900252219406,0.0462274621383986,-2.18913354289053,0.886865841920623,NA,NA
620,1.27404188616271,0.960430325121049,0.998952774644349,0.449174038112522,0.818795225104437,0.700786083581741,0.840460744298063,0.122512300304719,0.961290717895143,0.147648197802133,0.351245732804411,0.906914565684157,0.366520244943444,0.391609095161664,0.426088706590584,-1.15563511380554,2.05398319003059,NA,NA
621,0.16915199732309,0.0164629843735474,0.23354808478269,-0.0167791797036561,0.9253843432802,0.293109081511619,0.428535235607764,0.783078742524376,0.609385733978124,0.382010133242235,0.802198994306265,0.213658577978611,0.160471126733464,0.103948701410787,0.183771573131438,-1.8304991643901,1.79694080498278,NA,NA
622,-0.167150819281818,-0.242283270029566,0.800108781986853,0.899053258464203,1.06411417808398,0.482255010351306,0.566122246501036,0.513637994141318,0.715193296105484,0.613639519425691,0.787593334162724,0.343022066414356,0.573818563586799,0.00583246634958778,0.516032022624626,-1.18657220601884,2.98467872294724,NA,NA
623,-0.81121178376976,-0.942559733094869,0.221975333209227,-1.02761252757295,1.04247139045043,0.400568011865602,0.424529641294619,0.0380401300014928,0.661971849263879,0.759398652953678,0.183373330641305,0.962052056914894,0.141481438032002,0.527075026618666,0.341377013598802,-3.07081890776918,1.01559385262328,NA,NA
624,4.47144568143919,4.43549853162921,0.0640659380613905,3.80102216561928,0.983502824442419,0.639914529619971,0.290110555354971,0.190096661860473,0.243713137726299,0.350138961852528,0.696148349748575,0.312928354184842,0.312910313357948,0.67191024931916,0.114450839403318,1.87339205101872,5.72865228021984,NA,NA
625,0.33132263160368,0.358743994108018,0.0549775592008642,0.537460187967215,1.18767038066528,0.00981973816954996,0.237686548824538,0.547806771891424,0.180383216131944,0.977824071467738,0.125168582319398,0.328420249130926,0.452450006018742,0.41992877449526,0.519315460588899,-1.7903309836417,2.86525135957613,NA,NA
626,-1.0852124736299,-0.968131076913707,0.0506414562596004,-1.42745829673834,0.898470820905725,0.104899378016824,0.13500995893823,0.115549042875762,0.456064951088512,0.136846804507193,0.365604008939816,0.0488535065568285,0.763577746346244,0.328918593566981,0.0332991901470814,-3.1884287468737,0.333512153397015,NA,NA
627,1.89562283793365,1.99400879845129,0.0630824577204653,1.83424152190779,0.833511045715547,0.252888269297429,0.286433847548324,0.79197752074257,0.896042491274187,0.151259768280783,0.133541091783321,0.917072285461356,0.700197687421809,0.342759041456273,0.610672918632859,0.200589891588999,3.46789315222658,NA,NA
628,-1.15663500597591,-0.675769677197263,0.964013203751107,-0.945971582354293,0.908087344391211,0.373814519350883,0.661734645857592,0.697476437523379,0.864414492841228,0.369842318314826,0.792126505839522,0.437860798673821,0.217375183510478,0.770069543382735,0.157942075656028,-2.72579007217769,0.8338469074691,NA,NA
629,-0.105430722612116,-0.168329171827883,0.121764424904797,-0.606221283279591,0.908509311879286,0.781571575474227,0.374773700599559,0.702691044527455,0.437792058023042,0.672562493230565,0.73254344566213,0.555708323306055,0.313846097464208,0.930267324776738,0.198551509334589,-2.38686681418226,1.17442424762308,NA,NA
630,1.91383131280668,1.80472316219939,0.0635671575054109,1.51380723278719,0.980433266620104,0.985113094473141,0.288278708736878,0.262053267863113,0.937095284905518,0.683620783199207,0.438442877256544,0.727240638889023,0.8872002644639,0.619623132352252,0.286148255028296,-0.407806659033172,3.43542112460755,NA,NA
631,1.57292103578509,1.78457552471394,0.998459646421263,2.43704434079855,0.990737238145846,0.850676139505347,0.821141362859402,0.0591080199491698,0.521677534729824,0.304543601802434,0.0794358308515511,0.779751192926662,0.058029126672307,0.153998625694774,0.863385223006248,0.495235035890007,4.37885364570709,NA,NA
632,0.536275292128797,0.626326401225229,0.0586266792318751,0.773820312297854,1.02577697757267,0.999091442093486,0.265375992445275,0.744635062866146,0.731736523691914,0.227078881425201,0.416628544422099,0.380519318727311,0.611783914573723,0.0304681486106711,0.135595206251834,-1.23666561991493,2.78430624451064,NA,NA
633,3.09260449019232,4.02211778430254,0.999615290659867,3.69959603192242,0.811556682764288,0.60956374579831,0.890566206794581,0.0976010163690662,0.401979986060876,0.600962828527903,0.374776802368346,0.587455202844692,0.642717496632366,0.296372512331,0.101088241583086,2.10897416229161,5.29021790155322,NA,NA
634,-0.278051151207447,0.0666577315745339,0.314319164815399,0.682210785321656,0.918500781683463,0.509286618647631,0.452337253297563,0.4174346309721,0.7576437875228,0.351567481076112,0.954497902537114,0.505187232707511,0.634520265625208,0.864773316808394,0.545183181923814,-1.11801766654982,2.48243923719313,NA,NA
635,0.105582859759528,-1.27439842229124,0.927314371121035,-0.884614901186514,1.28652295396928,0.109331108072773,0.6245360851062,0.106067814663867,0.360323981337948,0.516435840530088,0.426206337089767,0.0543700905896258,0.839417741697631,0.0464985597416526,0.714915558598121,-3.40615355625039,1.63692375387736,NA,NA
636,2.3128132591517,1.53579154710524,0.998620950348812,1.09337755214278,1.03718908945594,0.187073173970217,0.82668073476851,0.398225795711973,0.705908638813533,0.265165046526352,0.559130354062072,0.794913493343745,0.0922584928136785,0.0993473703088239,0.25932222630363,-0.93947570834875,3.12623081263431,NA,NA
637,4.18011568735052,4.26867668514942,0.0500452319681493,3.92269517997432,0.992879726051398,0.675572513809078,0.00238172234711237,0.0310809650371084,0.543260948907584,0.142921568318154,0.131187163366121,0.976251912896172,0.816903738132329,0.244075938549475,0.49042944833322,1.97668667593358,5.86870368401505,NA,NA
638,-1.91710291831396,-1.3670871855352,0.999064622832158,-1.01174487508078,0.884027147772509,0.272619546558009,0.846114116748562,0.91028675286728,0.190372121609864,0.660991774110124,0.809422281308798,0.762839886580245,0.900986403727788,0.557676975085633,0.649074745647493,-2.74440624607056,0.720916495909009,NA,NA
639,3.22403686087655,3.18917834076802,0.0511668769712517,0.847596087840544,1.27692669547766,0.536011933906237,0.164954899328877,0.0745443261321634,0.341769675676129,0.607566007920308,0.21524072487012,0.827030979188625,0.294540364167071,0.659043980627204,0.209705942938221,-1.65513424619341,3.3503264218745,NA,NA
640,0.285081330696013,0.136708373810973,0.475810936935606,1.46188074892604,1.23377102247701,0.957626269016415,0.489607150556287,0.534514971479308,0.0557099275309592,0.985735488860402,0.0785823303986108,0.688438395356643,0.712721201314591,0.318376418882166,0.63107550108328,-0.956266020298051,3.88002751815014,NA,NA
641,-0.0618598356357281,-0.119543431345873,0.0795248969212768,-0.163319461038703,0.950543002810222,0.442464757856098,0.328017195885302,0.45542452421342,0.648702221205109,0.588639124552021,0.83072266787407,0.367544322345057,0.216295376897673,0.814710800450761,0.778623865986126,-2.02634951230329,1.69971059022589,NA,NA
642,-0.856247106712738,-0.933281138022154,0.066664462508337,-0.395382942932998,0.950139415764617,0.373058928531478,0.298725684471196,0.0944826889752876,0.366641597444192,0.152139024321921,0.0358688742642989,0.281048973264173,0.533240354974521,0.327662098851055,0.138849542321288,-2.25762197812358,1.46685609225758,NA,NA
643,3.95360867598266,2.66578617276201,0.999938113941467,1.86613184109237,1.00911990131101,0.712533285700018,0.981942859477829,0.378213454504614,0.354962164785364,0.0445185023848899,0.211732480958453,0.153666439505992,0.409643428500742,0.131226332057384,0.786497405480128,-0.111706821559832,3.84397050374457,NA,NA
644,2.74537444494091,3.12314115057919,0.998079094537849,2.72790084263404,1.00757101148268,0.888973666774342,0.810082063104375,0.977477302617044,0.893471557935933,0.411062179294764,0.127764682082692,0.321991117796395,0.396263206679141,0.361677242640289,0.719960484404815,0.753097948261393,4.70270373700669,NA,NA
645,0.20391919718494,0.255649564014667,0.151278046239941,-0.0678695218945857,0.789635607591863,0.496554390588193,0.393706901668687,0.70859149280563,0.904726392331766,0.370861992373364,0.340747025111225,0.18905521536537,0.138676906512235,0.711497251766268,0.649525118575897,-1.61552687368504,1.47978782989587,NA,NA
646,0.346812318354387,0.161889057981252,0.333665966812588,0.635814623186124,0.83535100195555,0.686188209828921,0.457300313829677,0.350408755392651,0.0640750988979125,0.520544459276949,0.103137328582467,0.827868479600642,0.687179977347492,0.854387273084023,0.360248564109788,-1.0014432550962,2.27307250146845,NA,NA
647,-1.07226295756788,-1.07507553995879,0.129066647809239,-1.88778611804525,0.95273090645205,0.492149768105708,0.380036284237751,0.948308778294479,0.0472495500670048,0.706379405885003,0.710935054664966,0.948809691176051,0.189728565179743,0.317819322199677,0.823618135281838,-3.75510438164947,-0.0204678544410342,NA,NA
648,2.84176881943042,2.37726983123802,0.999899637357859,2.09505219324315,0.935834822899929,0.760736997921485,0.957766078266082,0.0328873354580719,0.917802368041011,0.248969715100131,0.0267696102202171,0.165313465013052,0.433966304264031,0.0299076514507178,0.879368428401416,0.260849644880874,3.92925474160543,NA,NA
649,2.28573330614945,1.99942235031137,0.120048147450306,2.0286662258101,0.795921580878963,0.19406831626175,0.373465781668201,0.49619290410541,0.154156533859088,0.809108861865592,0.676269439314958,0.235567731729476,0.772710801426321,0.584707678258652,0.614767985383864,0.468688592769151,3.58864385885105,NA,NA
650,4.08945666822479,4.07787367457613,0.0951069741760802,3.66021911405512,0.884281162805061,0.587549086387036,0.350061006970005,0.272700145204202,0.746907582088839,0.0684889357826905,0.374171822392265,0.809301010934403,0.442412797272787,0.254296092458069,0.700494019991951,1.92705988275,5.39337834536024,NA,NA
651,-0.174554779509814,-0.208824326773672,0.0605043706430742,-0.516002858978425,0.909651230595058,0.229504305087961,0.275322412776412,0.577956424335949,0.339420417703106,0.722228488774505,0.745691158808419,0.92193685069622,0.24064268237818,0.673879152120906,0.746323040180258,-2.29888650943728,1.26688079148043,NA,NA
652,1.41022953620192,1.35713548848618,0.0500959034821424,1.11493887067314,0.90981900461541,0.300376396430423,0.0399612991961185,0.906492534269346,0.292427026430145,0.594686809139559,0.288557260464644,0.625243814322283,0.225257302272017,0.585602834815159,0.348028492673184,-0.668273610823144,2.89815135216943,NA,NA
653,0.759320323681717,0.790918195177836,0.0527354365749863,1.0810878460505,0.794148214028975,0.392126027658931,0.20763563120761,0.983475344573148,0.599113491392345,0.180058673951426,0.999007708248333,0.403082361949259,0.962187953247572,0.0325403425119584,0.501582559870323,-0.475414051833096,2.6375897439341,NA,NA
654,1.75503524340678,1.73740461192582,0.050656627193128,2.12382974569894,0.849436245752357,0.736112230613246,0.136179529059562,0.469356239099521,0.0193762711148011,0.913415691198432,0.246435256274184,0.271103328054654,0.679076389196794,0.468456979666604,0.46210527027573,0.458965296861409,3.78869419453648,NA,NA
655,-0.185078594446248,-0.232872240416259,0.107261577615361,1.05023392942019,0.987740563572374,0.937556169832707,0.362666811658652,0.114110297929728,0.523045967194019,0.342095541042625,0.813412170534954,0.919324748291401,0.521110910694464,0.477311266363598,0.794339052261203,-0.885702001250958,2.98616986009134,NA,NA
656,3.38485923302901,3.31710036147019,0.0510945267437208,2.2488738248918,1.15879122042795,0.635983341071638,0.161750644268235,0.0524624330997467,0.0125435183723457,0.383122980657616,0.799451811434701,0.649449865002185,0.724237485323916,0.134929606659804,0.0619688337619882,-0.0223152327481921,4.5200628825318,NA,NA
657,3.97658501889922,3.83811887038052,0.0501529316551954,3.70373435398854,0.968558229895517,0.955067932601436,0.0632967426797841,0.536159127547406,0.0487573678862536,0.695512930680416,0.65881034029345,0.000266292797285132,0.635339395044837,0.0479764279120136,0.721793308971566,1.80539510646347,5.60207360151362,NA,NA
658,3.70737672319606,3.70586870360165,0.0521690906829066,3.33525578590142,1.13915952663656,0.976433245750726,0.19600659594743,0.598119976231712,0.463461562906043,0.338803096705698,0.172267854534555,0.0795198759244522,0.518575684768264,0.807889561054413,0.892920285483939,1.10254414104807,5.56796743075476,NA,NA
659,1.39908942747288,1.18368456637096,0.998966331959451,1.28915507885881,0.889799723221122,0.132181269987952,0.841112982000457,0.877791008420754,0.326490043862956,0.0858520543961786,0.603145062918193,0.933507103390293,0.0514565300055547,0.138250952000497,0.324975011217059,-0.454820332108297,3.03313048982592,NA,NA
660,0.748683238053709,0.143942859589426,0.988107932902251,0.77109207148403,0.97275319890997,0.694872334219748,0.718399673103355,0.608739870646154,0.439570095241419,0.735078837244189,0.977399233559146,0.820770748898038,0.570667025146889,0.0827641962987836,0.72748470246559,-1.13546916422564,2.6776533071937,NA,NA
661,2.34484090495261,2.33226440564118,0.0517331530126211,2.30394079856912,0.943144193655837,0.294453516507172,0.18476531767589,0.397818459567265,0.502420187137905,0.991653849807335,0.357549508242286,0.48416604153777,0.15773778584192,0.748068495657993,0.0203996071991278,0.455412146775615,4.15246945036263,NA,NA
662,2.2887054499801,2.28028909792857,0.0505418421191558,2.33245135679421,0.88590741867821,0.12359327005886,0.126566396260052,0.671645727935364,0.128949625283247,0.136107149911812,0.485282131892978,0.703769057062338,0.118128783426248,0.568161967381253,0.722057169654872,0.596104722548071,4.06879799104035,NA,NA
663,-0.233091465470621,-0.172572934827299,0.27067905667917,0.00732268003988956,0.826162464951169,0.441635761689045,0.440229776359512,0.624976646660594,0.470593913191697,0.0550929820697056,0.543311516303336,0.371383784313104,0.371672530130018,0.927890995244845,0.737981394383823,-1.61192599664324,1.62657135672301,NA,NA
664,-2.07458715654562,-1.77578600875379,0.9620576349849,-0.946942297876953,1.05252589741349,0.108644516111235,0.658981744305231,0.354337997580064,0.897649677021545,0.554186263908865,0.838809861416696,0.573068565242807,0.258711492670933,0.182649994624662,0.508278489181655,-3.00985514960309,1.11597055384918,NA,NA
665,3.22195669953437,3.00097078740183,0.999872355890396,2.51073222015947,0.9932244147556,0.966221255549346,0.945741844729986,0.229320094886003,0.644870646215975,0.807695594839752,0.571330667031929,0.474310181549983,0.0810711117408937,0.285772480889689,0.353213010177133,0.564048138672621,4.45741630164632,NA,NA
666,-0.311636462488726,-0.640497619788322,0.983053173005,-0.666480601335655,0.838036659992509,0.488924406708567,0.70041907861433,0.893703276590677,0.177311159437173,0.983481079675024,0.496600908021093,0.532965702303452,0.422327062816126,0.932528289035195,0.135272842685459,-2.30900227264521,0.9760410699739,NA,NA
667,3.53377244004621,1.68242811135331,0.987757120011805,1.62342009608178,0.845448124152711,0.183612120104604,0.716927321951371,0.125345769569627,0.506149464849965,0.943307724285754,0.798546379651758,0.772846928247716,0.227831964538782,0.385765400088974,0.358080407246947,-0.033627778054484,3.28046797021804,NA,NA
668,-1.1440918371669,-1.1049801892384,0.969259121915109,-0.241426331482927,0.959534558946057,0.436685474829865,0.669898737037438,0.375471664676908,0.505091444438673,0.838865009354195,0.850850731240003,0.714714873770252,0.160801015668898,0.370991052814294,0.464514740105602,-2.12207950893872,1.63922684597287,NA,NA
669,-1.14510695870949,-0.293657822607683,0.999894112923557,0.946921990090289,0.930470835495123,0.733884699618211,0.95508662937989,0.347297351927031,0.507008975750534,0.205743601769791,0.620573978482164,0.971184360960615,0.289847945921822,0.87571638908633,0.942064661513199,-0.876767336145046,2.77061131632562,NA,NA
670,4.27807072377878,4.27725935240351,0.0503372939656758,3.46922036003227,0.905442879160824,0.949672320105718,0.102854634878691,0.222239150123787,0.257575120167108,0.395219017517753,0.161570009042975,0.72230690187146,0.669228614951135,0.610406646256335,0.0705277328466764,1.6945849268188,5.24385579324573,NA,NA
671,3.01309635822359,2.73482064217059,0.989208273457346,1.99060793252934,0.998247252020577,0.512264611198916,0.723312873919611,0.952745112773846,0.52997994756361,0.383827327788924,0.336283367848373,0.00299241374316625,0.234420743160648,0.801812879931764,0.920570286951959,0.0340792709029334,3.94713659415575,NA,NA
672,1.7923518442874,1.64477031297792,0.997866440253013,1.25596022319206,0.766753884862523,0.529420295009506,0.804821088952711,0.975982983896858,0.832258217691095,0.641560347918305,0.137935078687151,0.852585158185568,0.501022107869503,0.716027822829899,0.764198350092629,-0.24684977614466,2.75877022252877,NA,NA
673,-2.03702507891363,-1.6992479266355,0.999162033723037,-0.110464202104777,1.02882516951032,0.380182734617149,0.851617847358692,0.401655248243012,0.770399377298192,0.644075804143096,0.588848998775473,0.741713635436958,0.0518737925820751,0.818163737805095,0.303130151379155,-2.12692448073332,1.90599607652376,NA,NA
674,1.31787938107588,1.67208873725261,0.173627405860896,2.04034929989504,0.867765156378159,0.936789112512488,0.405011324820225,0.833422959022573,0.63928402747435,0.708318066816311,0.73436849523813,0.660244020131417,0.787426336075994,0.30131288511923,0.0759234939966118,0.339560846355085,3.741137753435,NA,NA
675,-3.37713890287608,-1.80891804756139,0.999902630622241,-1.67144195364901,1.02128298510261,0.133516060146736,0.95928014998755,0.127974535435904,0.619089181083487,0.678158847351442,0.204433131160098,0.739343892203178,0.538961514361552,0.965767528064433,0.473080207403516,-3.67311982247367,0.330235915175661,NA,NA
676,-1.15915298743758,-1.15301697654046,0.0503036863150507,-1.28097551319987,0.975964807973105,0.13945902481128,0.0976048883810872,0.0653761184180621,0.313420230428339,0.38427751016384,0.169177890286664,0.0998279391684337,0.596801337060519,0.0830561643132241,0.848075184951769,-3.1938313870057,0.631880360605967,NA,NA
677,-1.03533394638381,-1.32012667510855,0.417712226575104,-1.54901100153146,0.851672750035328,0.266187655875925,0.477016792883282,0.0984996383844409,0.353642696765251,0.351493701395113,0.770274332659668,0.506195552058867,0.992881163185812,0.563886403105338,0.0761157941602869,-3.21825891821489,0.120236915151965,NA,NA
678,3.61660409181702,3.60479201976054,0.0521543646033421,2.76496315828407,0.784490598094432,0.870736011091853,0.195665208765306,0.914226088421652,0.283253569333232,0.506595379475155,0.817026910949731,0.791931310465676,0.394128390642698,0.657884118940798,0.579809691320406,1.2273898398087,4.30253647675944,NA,NA
679,-0.189095862745389,-0.0390846616465672,0.992440728072905,0.427041184484624,1.00812411961293,0.612780052009155,0.741284907487221,0.212899820311461,0.927028670882923,0.750268721420085,0.208499045492616,0.720883309787605,0.97660098584916,0.648200004681014,0.92638633295428,-1.54884578190286,2.40292815087211,NA,NA
680,1.98976471001417,1.99784325272994,0.0763067542723895,1.47375233688654,0.760576482668936,0.264824404586223,0.322072284563677,0.113219311300199,0.272996554882498,0.894927223985898,0.672354660555953,0.533590559769887,0.353435570144793,0.769713534031296,0.878113089102553,-0.0169501766327269,2.96445485040581,NA,NA
681,3.65496673453607,3.67683931395468,0.0508429171746571,3.53772160393506,0.797043411923086,0.873160451512784,0.148676955699921,0.872764474998927,0.91092238954315,0.166561583603965,0.951702643148834,0.661983027766808,0.442639341670787,0.364686856122804,0.520893204396474,1.97554522245089,5.09989798541924,NA,NA
682,1.93617247891299,1.9732702472174,0.153208312591254,1.95420943514904,1.18653604518931,0.000893117611645721,0.394764733771561,0.327768767956644,0.659225681043114,0.54011648300779,0.406601536863483,0.347169581872993,0.816106027600938,0.997326620562119,0.314603159398655,-0.3713584797806,4.27977735007868,NA,NA
683,1.82550072006685,1.92074759271377,0.0532420286367751,1.96331003113664,0.950626327569369,0.432331699310103,0.216157788493671,0.347819793798029,0.125172081153374,0.119698673661798,0.207175509070163,0.0405490409827325,0.400018123394693,0.507191690483713,0.843967672411818,0.1001166663451,3.82650339592818,NA,NA
684,1.21128174260359,1.26724313456581,0.0520980215347472,0.656718849330592,1.03316058958043,0.465217809990398,0.194337183783646,0.0271191831034375,0.285318201440386,0.0341257654732326,0.363725652821013,0.983951907484676,0.911638505667564,0.503480598290218,0.908659483640106,-1.36823869649321,2.68167639515439,NA,NA
685,0.726316882711338,1.72630263169046,0.999906506481948,2.53117721573981,0.996657691051315,0.394027409317903,0.961311336812912,0.240417229363811,0.531340171872056,0.424373372247559,0.611043269797228,0.384553751273663,0.753466586845228,0.582470814246684,0.518809869142016,0.577764036364384,4.48459039511523,NA,NA
686,1.85855094550475,1.72673904394171,0.676819291863462,1.82304804871157,0.826465590767363,0.258199225506862,0.533122332682717,0.900368290430168,0.410761262239539,0.13384996153391,0.385848629550892,0.673532876170822,0.744242981600808,0.0520726579417242,0.301445278140483,0.203205256345915,3.44289084107722,NA,NA
687,-0.0841457272710571,-0.264146892479535,0.999541893638194,0.41243295058018,0.980278836072027,0.781206335349823,0.881831677093985,0.240706451533595,0.669963501673541,0.55361757895723,0.258920274892822,0.928382853863295,0.998934508072911,0.337114202360739,0.481750568532967,-1.50887826292783,2.3337441640882,NA,NA
688,0.4241913351094,-1.37328931151196,0.999378549086075,-1.88449497891288,0.906614185125097,0.454188849786879,0.866575298142037,0.967068149121245,0.00600680414948147,0.278954282518942,0.313399536603014,0.0199864362085937,0.39473171547649,0.207730172279873,0.725774964070646,-3.6614261296312,-0.10756382819456,NA,NA
689,3.43703213482207,3.43277350927874,0.999937472886046,3.33922799502783,0.990015176790992,0.739984331322834,0.981427557873423,0.478858965733438,0.459865763502312,0.0854839720054297,0.863129393789452,0.75737949363573,0.466544935010374,0.596410608740291,0.475015256026876,1.39883390436943,5.27962208568623,NA,NA
690,1.85315132658934,1.80859621602999,0.0584589442938482,1.63426360834267,0.914240724532479,0.972510379505577,0.264385321201291,0.199330754690804,0.366045467906632,0.778928377976874,0.601960697810282,0.627580054254504,0.597104518936365,0.0886826372584328,0.052847994341515,-0.157615284940789,3.42614250162613,NA,NA
691,0.999325105099564,-0.0179362956284639,0.996462395702877,1.24168366721962,1.04824364477058,0.695583710940788,0.779464074709802,0.513133265782031,0.124988547019078,0.260580528435763,0.825662635940243,0.968343610874843,0.66652986341645,0.169540188926971,0.0577097441375954,-0.812836123553722,3.29620345799296,NA,NA
692,4.49134961973785,4.50308794221782,0.0514135100927362,4.11439088988009,0.834516942186636,0.707518121126224,0.174555153358378,0.616622900163638,0.438465804645442,0.469629141771467,0.468131409941358,0.0454124666851712,0.411304432037636,0.150292283521034,0.227033082673326,2.47876773870579,5.75001404105439,NA,NA
693,2.54633563767812,2.51208043917833,0.0518043447571127,2.91306988962928,0.964631134211575,0.258714267760166,0.186781832104083,0.383461773661315,0.0655342721493216,0.0419482130819233,0.702723899491597,0.0295701305062976,0.706489965360262,0.0431746879644925,0.817604471654864,1.02242760820857,4.80371217104999,NA,NA
694,1.23237294607974,-0.842711736979218,0.999669018275695,-0.46437953175261,1.07678170640759,0.923205031117075,0.898090282039135,0.628191826866008,0.0250160825001076,0.989979858152918,0.833442610325641,0.708126557487529,0.906838712830097,0.870554634966538,0.824779217122588,-2.57483289552306,1.64607383201784,NA,NA
695,-1.92013347709778,-1.80858789965775,0.999695041189568,-0.736909159300207,0.839858679315734,0.395726712155505,0.902185974152293,0.438889227284701,0.514594990412123,0.0636868636863073,0.269005133049213,0.678501100936555,0.232438163591782,0.281226033978397,0.998679147799383,-2.38300192286242,0.909183604262006,NA,NA
696,0.126539810694846,0.163579920166524,0.062329539828596,-0.190267521206396,0.824168759843155,0.46086077848787,0.283429971484933,0.76580273122678,0.638200931068743,0.622823446498369,0.286752842934337,0.87610591391474,0.485332350275945,0.601561202660319,0.533228113442543,-1.80560860768202,1.42507356526923,NA,NA
697,2.28556651099884,1.12974725270205,0.999199857379176,0.843617451057972,0.920767798661227,0.705438058048487,0.853929233274073,0.145295913874987,0.700466327901115,0.817935769307544,0.909491316517815,0.529912620313698,0.882469090925995,0.417851432243013,0.294644612644566,-0.96105427244226,2.6482891745582,NA,NA
698,0.860759228066278,0.935344365726597,0.050200215019808,0.565067623030643,0.999167013828822,0.148584842465119,0.0767692699684994,0.824878925966797,0.811424057445955,0.806059719256125,0.562981152015389,0.315579093774082,0.904490646488615,0.455449304847629,0.830679004708654,-1.39326373861428,2.52339898467557,NA,NA
699,-1.27001119161205,-1.32764373891877,0.999586612964191,-1.47135847139485,0.791289219598207,0.224063339039567,0.886969886889448,0.282063078682288,0.247248798298184,0.18118731756648,0.730078897136031,0.314634410858969,0.266125473006628,0.329912158464431,0.64184369270131,-3.02225684316214,0.0795399003724406,NA,NA
700,0.159405264888736,0.323613217532346,0.0873925093173306,-0.137484216022639,0.82652235351304,0.156835614709067,0.340258226110018,0.712427714647958,0.826026681412244,0.208645118526649,0.4561558012967,0.0938432061752537,0.57707393386506,0.566346256205114,0.670707026307704,-1.75743826132548,1.4824698292802,NA,NA
701,2.85627067382048,3.32706883053225,0.999881929881136,2.82373556213884,0.880258076866736,0.860907268345007,0.949640714793582,0.878042337457067,0.669125738020521,0.0989221194742713,0.452210929926601,0.143951772575383,0.124410672733327,0.777921940439264,0.296770516674384,1.09846143437955,4.54900968989814,NA,NA
702,2.38282638942781,1.41633061667759,0.57671187724759,0.73247184146537,1.00018127247174,0.200547055726754,0.510930029405514,0.000687768508680165,0.93067261045042,0.733507372530061,0.204847633470199,0.990849017873988,0.320102837381302,0.549821070432779,0.384729241102003,-1.22784743059068,2.69279111352142,NA,NA
703,2.36708597042717,2.37810632271194,0.0502536179933152,0.289437636547136,1.14248083282539,0.545051283602254,0.0885939454989275,0.223882193269907,0.215009742439259,0.184264641273185,0.33885401106684,0.260092342834687,0.664691662326921,0.389409188463702,0.402009104890283,-1.94978364881795,2.52865892191223,NA,NA
704,-1.93358201231834,-1.96386326548125,0.0524791842465302,-1.49840266154876,0.95076687616434,0.271841398523655,0.202704033368384,0.506267944831052,0.272418087496539,0.4506047937189,0.89428332075174,0.43418797639932,0.497975484795868,0.683344878512085,0.938200014850707,-3.36187149652452,0.365066173427004,NA,NA
705,1.82292563060929,1.80758381050654,0.0509524629253739,0.972596734158261,1.04943479153427,0.474460374399088,0.154791850732989,0.315455216074362,0.47885214150534,0.505475717457011,0.510275555341388,0.00427577716077212,0.812078999356134,0.445299064811785,0.47126315390016,-1.08425766137221,3.02945112968874,NA,NA
706,4.04044359790615,4.07590250221549,0.0500552585778164,3.59957959735108,0.882164365002936,0.654755220623105,0.0123932243990712,0.0150353374219267,0.0169433513258118,0.562911159161711,0.277707189903711,0.395430184823694,0.863723680431489,0.224784790165024,0.911420878395205,1.87056921350068,5.32858998120148,NA,NA
707,2.04582165454642,1.97659887361406,0.0661320675849036,1.67358542086442,0.852900792912038,0.647702435726183,0.297073701912421,0.480380349577288,0.860789566842606,0.715423377448227,0.153482788613881,0.164479870369076,0.579343074375996,0.375004964485299,0.716912547239335,0.00193058437117566,3.34524025735767,NA,NA
708,-0.580269289093322,0.881158711894225,0.996255879276332,0.447996421046219,0.810732311934426,0.320445097496966,0.776616310765268,0.561954628826585,0.213194125385489,0.646632029442815,0.398346999153378,0.232845148682594,0.196507377559086,0.502086934276973,0.708731310541043,-1.14100971144815,2.03700255354059,NA,NA
709,2.52844518295521,2.52108031028398,0.0596408145659351,2.40749060107601,0.876697455098868,0.943100140904891,0.270987184457597,0.4512919094268,0.0539070689855143,0.139576585574308,0.889490243717562,0.245675533031463,0.428657776977867,0.487326145287021,0.815867769858916,0.689195163744306,4.12578603840771,NA,NA
710,0.504885207704807,-0.291108090839306,0.99408902036299,-0.209377422198504,1.18268465843678,0.262888859751984,0.75367044430133,0.542614270179882,0.520480877931113,0.497971484735259,0.62392035584955,0.142735332400771,0.259307226886041,0.542907452242449,0.0444777540951036,-2.52739675780266,2.10864191340565,NA,NA
711,4.7901529112737,2.57882464177253,0.938428321649986,2.80884435271778,1.13972183306032,0.497666908483254,0.633462598656653,0.736343139511999,0.355771250357386,0.0117490002157865,0.285461656892672,0.1079872683133,0.965379550602636,0.381896240082104,0.415445243496797,0.575030607525578,5.04265809790998,NA,NA
712,2.41031014498066,1.58989978968397,0.999283252361994,-0.0183998354310018,1.00247241584101,0.549733205226832,0.859436934914323,0.591277789887623,0.269239244192606,0.492560078442446,0.514103348796489,0.320235787221114,0.147698206045898,0.938369592482923,0.517462514153216,-1.98320966597425,1.94640999511224,NA,NA
713,1.9903062008083,0.944713968654006,0.543217392381162,1.3690156852692,1.02314526151999,0.826567137643462,0.503837122589932,0.0161535730598262,0.121768876201473,0.248280911075301,0.46029556765093,0.080101361017325,0.51664335332578,0.941865958326962,0.612870481914841,-0.636312178262787,3.37434354880119,NA,NA
714,0.514013779451698,1.48572024920962,0.951570854654088,1.00848423145052,0.979773280516789,0.844570795597392,0.646201841344941,0.0866752751610475,0.743370235049631,0.51510965801822,0.653061518982751,0.650442397088977,0.750883810662781,0.554074538424262,0.735418368262821,-0.911836111377047,2.92880457427808,NA,NA
715,-0.731379631804235,-0.653960421421013,0.0509291091579182,-0.923307024885581,0.816605945132606,0.851235292777536,0.153549372849404,0.912487952221185,0.961759907884756,0.913838400960551,0.562102386337239,0.409164876308991,0.930786567527452,0.539795410733554,0.716460857894504,-2.52382526690678,0.677211217135618,NA,NA
716,1.8083815141654,1.75439443415143,0.0720223949439077,0.979934542545598,0.85704942462825,0.277864886858384,0.312952614378999,0.0513796542049386,0.72094488202699,0.915430594164878,0.574415179160656,0.337616393545177,0.0559575038837502,0.79762196678808,0.975319678619271,-0.699851462696547,2.65972054778774,NA,NA
717,3.60881339577234,3.61538543932513,0.0501906498611548,3.30773590532361,0.957847351431623,0.765079439016874,0.0743210999328876,0.0665530044218758,0.479031870311708,0.215785103960545,0.923630318183103,0.316368698949344,0.236647829696536,0.960301561951521,0.483103139891871,1.43038959383055,5.18508221681667,NA,NA
718,2.07609625358803,1.77864703371751,0.225754299501726,1.15412148457814,1.12950595172749,0.709567499705008,0.425859886420425,0.620827733551385,0.532903295637807,0.705441668306943,0.184996449002763,0.842665419779369,0.674436333143618,0.0259561796803027,0.537476983439876,-1.05966950113138,3.36791247028766,NA,NA
719,2.17739615222345,1.00008530647625,0.467372579356566,2.12073903252288,1.0290301844402,0.383329753706232,0.487807857100503,0.706495590028702,0.029152923337766,0.247608194214641,0.1081457249081,0.807377270824159,0.244062159505789,0.546433161990717,0.988652347574476,0.103876932015482,4.13760113303029,NA,NA
720,1.20683853847142,0.292452824449984,0.99993120391367,1.03771132869498,0.862652118198531,0.702596975691616,0.976649899272248,0.257643446726259,0.67104373502254,0.271485904195462,0.933964682602556,0.401654666094342,0.972263622445171,0.145009797508013,0.769792594078695,-0.653055754161334,2.72847841155129,NA,NA
721,1.13395418504192,1.22119411290196,0.0599062098242766,0.828474805075127,0.886342482282219,0.655769987422274,0.272359108420322,0.970504870925914,0.825319075587438,0.995341912650154,0.350757486068876,0.211451511614956,0.199645809222362,0.403970241516363,0.301561262863222,-0.908724538165853,2.56567414831611,NA,NA
722,-1.52523641187426,-1.02068572419514,0.833631915809983,-0.817509281259938,0.959290103886236,0.420738222312066,0.577486835335731,0.606982594925445,0.68752624342381,0.761793606635067,0.801660619233619,0.639407441894757,0.649523803288699,0.997855299416115,0.345456994514214,-2.69768333560265,1.06266477308277,NA,NA
723,1.79996863987849,1.93014969067116,0.979432620028851,1.37134569919257,0.954490872719045,0.545578618062544,0.690543399489252,0.989733175952104,0.879681154068792,0.263654489114415,0.970356886379654,0.927988252769806,0.985749281342723,0.545145772625343,0.0900610123701626,-0.499422034908961,3.2421134332941,NA,NA
724,0.317968073665874,0.409456066548965,0.0607667950224458,1.04098229287449,0.851434814699665,0.740918921194971,0.276570153004839,0.383853418573388,0.134483287744806,0.712295646628249,0.935342771079624,0.658469068598934,0.490409867841168,0.239445518608321,0.565345738044591,-0.627799279120388,2.70976386486937,NA,NA
725,1.54027521310383,1.77079063746404,0.293739678348891,1.82630674107083,0.816927271239903,0.338264958168496,0.446805843333248,0.870642199710826,0.47176720420341,0.09348531383113,0.370173211855814,0.837040544960881,0.870998663952807,0.710022566683823,0.00519230797421187,0.225158711452037,3.42745477068962,NA,NA
726,0.129562784225591,0.0710764457075294,0.0501040356313698,0.231742032344442,1.15347686884487,0.17808403455466,0.04403128517,0.287883347725961,0.636480627608253,0.894089377483353,0.887674801702844,0.267182646003086,0.741781521021389,0.46410121258907,0.141616086501395,-2.02903108759153,2.49251515228041,NA,NA
727,3.69294887429769,3.62273880833407,0.0958364364789963,3.13694397264301,1.218274544051,0.974768048959319,0.350903452700935,0.992522086397163,0.414033104152419,0.266426085166633,0.160731467473553,0.723268598756637,0.199397250524606,0.689459678433719,0.488607054981519,0.749169743021104,5.52471820226492,NA,NA
728,-0.78150381611359,0.673062541717179,0.999023837115851,1.05376535755537,0.926930631863785,0.382202963715536,0.843977986671613,0.995537608493818,0.495820650340407,0.300838853269583,0.640402378389495,0.652564117193106,0.51955672196392,0.647032351632486,0.346728552387911,-0.762985297064599,2.87051601217535,NA,NA
729,3.8632190117396,3.7766385446016,0.115967564935848,2.79477591801993,1.23455091632601,0.623928061282611,0.370233471382526,0.288948782324442,0.913683516889228,0.422305823029135,0.136710793063277,0.0148063595379936,0.440743859222741,0.241659073558403,0.119607868745807,0.37510058494002,5.21445125109984,NA,NA
730,0.387626950441094,-0.591322656281979,0.947705677156355,1.08595345793376,1.10132064458423,0.908105031503364,0.642147722275578,0.136034563248279,0.56057865845284,0.49901886233571,0.995744993396802,0.937883858618559,0.665507069540094,0.377123715913622,0.930728175293305,-1.07259534088178,3.2445022567493,NA,NA
731,-1.37423547260569,-1.37677922755241,0.053265437121133,-1.72441291715402,0.962301270559601,0.195689642214216,0.216518743669963,0.0337212900930317,0.566146250711288,0.165231315530953,0.873846470801742,0.232015648576315,0.228841923399013,0.217038115678937,0.979451022761408,-3.61048874972797,0.16166291541993,NA,NA
732,2.44859291609329,1.74333820532246,0.983629476303027,2.56562583912059,1.03419374065256,0.864668413601234,0.702179863553611,0.79399911184446,0.03066193529882,0.60944046010077,0.331833030001493,0.327316454948625,0.0792809304890689,0.678976079083746,0.895592940774397,0.538643354404806,4.59260832383636,NA,NA
733,0.977049101579896,-0.0852041245166205,0.951099431123806,-0.765429965054706,1.04897509844538,0.883817922990187,0.645691328902729,0.488089236937696,0.580928480232717,0.37489837241394,0.56847119855776,0.795842588244472,0.239965565441409,0.0813722447237233,0.532150544418837,-2.82138337868702,1.2905234485776,NA,NA
734,0.304333315403127,1.20637573424233,0.999810972517803,-0.487699918735647,1.13167212407469,0.511020558533608,0.926106292727054,0.557792744236533,0.371874802514096,0.61226217827748,0.642965135689476,0.226684476073598,0.746458595462376,0.343675995008438,0.795640084873303,-2.70573652422999,1.7303366867587,NA,NA
735,-2.07392930271891,-2.05229779715968,0.146517989749234,-1.65086347442804,0.966966787217973,0.405836463733343,0.391020247442531,0.987242125352495,0.687123846636154,0.944731130050146,0.501260231168475,0.898318047999404,0.253311375566409,0.168346603044658,0.19787221099704,-3.54608355162167,0.244356602765592,NA,NA
736,-0.193810827026019,-0.193934885419832,0.0540072536118814,0.334372735220613,0.983830997813929,0.977403259976883,0.226793561025173,0.784025772952358,0.649696127845906,0.203574227936915,0.245394424516708,0.838457013890613,0.112158488053246,0.673178277158062,0.84940426967747,-1.59390058736879,2.26264605781002,NA,NA
737,4.22812448149129,4.24074394615932,0.0501392483580974,3.20493644682877,1.05742575610125,0.682991210236913,0.0586094206040725,0.353224401242798,0.240242150993319,0.463283988500596,0.953602058945573,0.408302163079265,0.748604602322797,0.106674077953678,0.39220926303498,1.13242004854528,5.27745284511227,NA,NA
738,1.47532138409859,1.31408438057791,0.0913425876617866,2.02411242588967,0.989861411309953,0.87986327961518,0.345496250394848,0.153370839569019,0.413169607990538,0.493283685880946,0.216667845610762,0.339369144467055,0.807314171225065,0.752233714890899,0.0449478442000691,0.0840197100361706,3.96420514174316,NA,NA
739,0.543369487731891,0.567372976646289,0.185929042417434,0.932522657544249,0.96954747860917,0.597161903617321,0.410504273448372,0.837820139635471,0.375280062517151,0.983988610310596,0.645346100712544,0.420531580307754,0.273971466382616,0.0823010025391122,0.298887108579744,-0.967755481831341,2.83280079691984,NA,NA
740,0.117718510834025,0.058070397191208,0.065883083582478,0.163125661510143,0.859146346235463,0.221297271103482,0.296282650432666,0.759047161212424,0.766417786058504,0.327328627230134,0.231277173531009,0.691973128920654,0.110252080859733,0.934934013702441,0.193721679181559,-1.52077023456054,1.84702155758083,NA,NA
741,1.93422574835433,-0.0342912492405894,0.991098322248318,1.21754540101302,1.08325755380306,0.811337432457367,0.733040392535506,0.789648171066539,0.383827726879972,0.302207232257351,0.0340030085599283,0.945998380762059,0.702136408653459,0.116589615362114,0.384355379651766,-0.905600390421941,3.34069119244798,NA,NA
742,1.7942869833963,1.87547764309741,0.991775257421904,1.65120402817353,0.798975635964052,0.141792301990674,0.737030983360717,0.418172534092911,0.0918347092668992,0.649655470815953,0.617824555442203,0.701940662406036,0.254738408109173,0.625040630114381,0.0671378931045765,0.0852405571590005,3.21716749918805,NA,NA
743,-1.18096935236473,-1.35957855690816,0.0688178452048564,-1.99018127468251,1.0051417414757,0.117866657867795,0.304917535975692,0.276125607915805,0.992516843321966,0.582232634060201,0.279305437945062,0.826286219785805,0.534245840871357,0.786168821487459,0.0101417517724913,-3.96022288733275,-0.0201396620322716,NA,NA
744,0.240875927101466,1.04907343213037,0.565343324957273,1.72678455230124,0.855100955580349,0.346212030222057,0.508513843113207,0.75026316945185,0.240925028788974,0.783524298260803,0.701029150259215,0.505952860484715,0.837919384326669,0.159088740482694,0.843080729242531,0.0508174762179723,3.40275162838451,NA,NA
745,2.01770264678597,1.99716587102177,0.0515666005108002,1.89872042474155,0.916811859822209,0.147772730297758,0.179704821088351,0.0954752884752816,0.574030066641164,0.968066608022666,0.993607238718308,0.577641460432322,0.305424479878042,0.602143626557663,0.525282121900003,0.101802198890839,3.69563865059227,NA,NA
746,-3.00262303081562,-1.8680949183401,0.99463615023064,-1.29454376329974,0.887441899046674,0.322868557921378,0.758555893465877,0.17346917362255,0.967411491440143,0.577536601559026,0.777147258050041,0.494213032395346,0.3196885063136,0.954246130296495,0.506077524919529,-3.03389792380306,0.444810397203567,NA,NA
747,-1.27941882017207,0.546224636474325,0.999809731793752,1.44812688327857,0.795661004673826,0.834897314650239,0.925779113629484,0.754728812488262,0.583608915358433,0.759725129025988,0.311548229730688,0.123320424576406,0.525171467347303,0.653304472952266,0.14943167233665,-0.111340029785087,3.00759379634222,NA,NA
748,1.16107837497122,1.07019348076968,0.077538421673648,1.01982842311253,0.882317934991466,0.290331335798604,0.324426822789828,0.646755093960906,0.183003965355223,0.332499124795781,0.991342898961157,0.0905745517263422,0.938276886343723,0.874821651616949,0.596791730512748,-0.709482952384497,2.74913979860955,NA,NA
749,2.31438298315174,2.75579082318057,0.642022130401686,3.02341929881665,0.870561959413283,0.879372061817325,0.525153642444755,0.842403067505802,0.731404066562536,0.789263687820057,0.722442900624359,0.874583902523853,0.864959314804524,0.852413349174662,0.684471064812387,1.317149212056,4.72968938557731,NA,NA
750,3.04846016492147,3.63533817294002,0.825101189780985,2.54529420792968,1.00981140344099,0.643439692655345,0.574439300446189,0.60529967557569,0.829543233482516,0.978760930531193,0.172790963787585,0.890040604805457,0.266783865339821,0.00152818577177823,0.997288203482749,0.566100226007496,4.52448818985186,NA,NA
751,0.541252539974514,1.07670178702126,0.999836408802727,0.967428309381389,0.960414492306378,0.444459467180073,0.933333721558447,0.756458470442682,0.439161507764598,0.69702169422002,0.654880594017566,0.214081405556761,0.731522401357535,0.447728019440547,0.57446990537236,-0.914949505769432,2.84980612453221,NA,NA
752,0.561370244169173,0.592947579284902,0.0577212939729174,1.05329604944079,0.837285908549274,0.413324015931692,0.259784043298801,0.670233730235253,0.218681407337775,0.874795562600484,0.494785557869822,0.69745092932391,0.942242511665449,0.538498654291965,0.816573711420759,-0.58775417607868,2.69434627496027,NA,NA
753,3.54622940771069,3.5278780356983,0.0778604391238751,2.87788354572584,0.995966439587822,0.672581922525424,0.325025557519286,0.551660524111241,0.561732958050678,0.710329452866339,0.365351477208082,0.349466162400204,0.310102202388109,0.714365125380456,0.420017637079814,0.92582519432312,4.82994189712856,NA,NA
754,0.566185599209665,1.73222621143473,0.999931789527,2.44755133842822,0.903064426996266,0.49959516198677,0.977077367219608,0.26099464625516,0.101145136840525,0.097806549508241,0.134559755789698,0.0634090094902786,0.485760966295609,0.788192145771347,0.618725172281032,0.677577585796241,4.21752509106021,NA,NA
755,1.52226194642268,1.47858724676021,0.0506737179254076,1.64876046439319,0.860446456888279,0.260655520867207,0.137465183989378,0.867708377311472,0.416254802503274,0.793144910909934,0.00716659202938899,0.551007755067083,0.0183487137879711,0.120796069921227,0.0249486198321683,-0.0376836017329323,3.33520453051931,NA,NA
756,2.15439568234497,2.20920495314742,0.0516859258320394,2.24707860099454,0.816625602472218,0.0951237160372548,0.183381455943687,0.154662498410791,0.0941680990676396,0.16789590376534,0.478808964547585,0.812448312765337,0.514155790151679,0.791704438133165,0.192128628436127,0.646521831295666,3.84763537069341,NA,NA
757,-0.0447122416103939,-0.107419779322566,0.975099108256648,-0.434890541462264,1.05360402772606,0.476641335868277,0.680749863000936,0.301243970136042,0.454020370711805,0.82366201629024,0.067146426874795,0.0752767182732932,0.977002469634172,0.100111099632224,0.125393353392836,-2.49991648977169,1.63013540684716,NA,NA
758,-0.161270434897565,-0.0764617488013136,0.0609070916862315,-0.552508104231162,1.10513609103835,0.427505272811512,0.277224938644446,0.0400054667487275,0.926828086109832,0.659301242468413,0.796565701593412,0.463635535262874,0.852209889874677,0.12853863195423,0.0477916960527655,-2.71853504068171,1.61351883221939,NA,NA
759,1.43228968901489,1.21590006643812,0.248395449023038,1.35537509400883,0.824625833493739,0.472098518912564,0.433402596681146,0.882977331427275,0.923857981009874,0.115534359282698,0.0800577127711149,0.487693200523965,0.919619404994999,0.275787090194412,0.541896163516794,-0.260861840360221,2.97161202837788,NA,NA
760,-0.340141156503636,0.253855459691743,0.999896986941795,1.58484394512701,0.999482933089373,0.605537433136487,0.956462653200491,0.860227307851776,0.660650880135014,0.344385508821113,0.0465246361319441,0.203296092435485,0.278994235311868,0.65170405546343,0.91165308077354,-0.37410660689062,3.54379449714463,NA,NA
761,0.503200170775407,0.350357677380103,0.999361645392249,0.29429200485499,0.843263905593198,0.129345668195165,0.865232557251817,0.662246597476536,0.470153244035202,0.0586191484972369,0.580114627354778,0.880753694871208,0.286612161533791,0.414230761613348,0.619457272559754,-1.35847487957026,1.94705888928024,NA,NA
762,2.8668910607114,2.73461870213683,0.0706844886454027,2.15833356559822,0.941134266927204,0.806659402596881,0.309746788635501,0.522421875457047,0.0159230208396912,0.507067710787756,0.507292483783094,0.797425859724288,0.89649891809281,0.480573666438926,0.102411950199283,0.313744297804393,4.00292283339204,NA,NA
763,3.12419423762583,3.09688019216315,0.0613094567942944,2.63866732249855,0.977057357745789,0.891790959944134,0.279057669761824,0.927518718909356,0.7571830783349,0.454746274145902,0.618144747916143,0.955680066454341,0.347707238880103,0.102977723957971,0.161197352298303,0.723670090486934,4.55366455451016,NA,NA
764,3.59890296913571,3.64274566083563,0.119100216705212,0.872364575786777,1.0668820884998,0.560698916070047,0.372730700038373,0.514595597254578,0.654523106051376,0.672081950674066,0.717153757081251,0.056144456159207,0.537116982272244,0.375933620528085,0.495101575046661,-1.2186858934237,2.96341504499726,NA,NA
765,1.2245511275999,0.921023785231024,0.999927586170334,-0.128222431449339,0.991002133386664,0.578206390306354,0.974087186847813,0.0680475273068296,0.191504492070526,0.236963880501338,0.333606882567867,0.0858103889394552,0.693952237774734,0.395077831568779,0.0347089482037118,-2.07055092148956,1.81410605859088,NA,NA
766,-1.18252343737298,0.617067021669919,0.999771923826856,1.43528316337467,0.839649247658069,0.42371299796144,0.916714874433703,0.941993666582974,0.954923427410075,0.309509831479983,0.152005788983311,0.230714214588632,0.327079540321371,0.18171584403445,0.145653105287929,-0.210399121681302,3.08096544843063,NA,NA
767,2.66448073558045,1.37354829861337,0.988455467464615,1.69632489893651,0.896502857810919,0.767378183185356,0.719901172640617,0.917153560054488,0.782944358233712,0.842160012796754,0.550128977298969,0.957218398813158,0.0905945377303287,0.148795112664811,0.669569681857014,-0.0607884144101207,3.45343821228315,NA,NA
768,1.87317917650538,1.88993703285442,0.814514399189709,1.10708418964719,1.09953091497855,0.0856232218582882,0.570813180230092,0.384173135599354,0.647967732551042,0.494830873836414,0.791184867506032,0.83663123764121,0.122052589667961,0.987822369257803,0.339358652794734,-1.04795680359913,3.26212518289351,NA,NA
769,2.1397483844711,1.31448691807265,0.969719075011915,1.35235244014522,0.968143448164984,0.225901180931018,0.670677514711977,0.360388298982754,0.223734260945814,0.960920308194938,0.766263832425466,0.602239949045121,0.877491060800152,0.279567689326126,0.754247901865281,-0.54517385012657,3.24987873041701,NA,NA
770,-0.855500028533587,-0.391716636081642,0.601807016319182,-0.777987431297532,0.849120810808573,0.347539506562636,0.5163130802823,0.0447468884099508,0.499004476261558,0.790410886138212,0.36713959621219,0.151714796601445,0.608810842553969,0.833810515532736,0.37590490816033,-2.44223363900578,0.886258776410719,NA,NA
771,1.81818812175349,1.75503047528773,0.0568105663525549,3.71476805673835,1.04607923192398,0.486903325833264,0.253460406752303,0.825553396736155,0.378856890090858,0.246751265754574,0.273221302111866,0.873088221021462,0.615225548490533,0.404293631574255,0.36600099129125,1.66449043719203,5.76504567628467,NA,NA
772,0.895220906265513,0.109536576705595,0.996475861456712,-0.242513934342254,0.883202398412573,0.90171740820515,0.779655472292914,0.328710760311107,0.0991692138771759,0.610435243624262,0.772526213970035,0.0970952166884672,0.175430177914677,0.887070555390324,0.226404760603094,-1.97355882629029,1.48853095760578,NA,NA
773,-0.411845041700073,0.620837185700563,0.950628630864118,0.479643403496435,0.834010006221233,0.91197270150343,0.64518611571053,0.131431503982749,0.0837824500697898,0.328988456911058,0.200075888511143,0.240307659670245,0.73534062145045,0.331927087522112,0.14689462186757,-1.15498617144321,2.11427297843608,NA,NA
774,1.09780996664263,1.21542052106913,0.0752063663252337,1.76480965149189,1.01917786303511,0.824253656125395,0.31987629903364,0.181611666818615,0.831676526327501,0.406516212854069,0.511142032374395,0.0615544099288527,0.566989972030744,0.915229731376749,0.507867803803063,-0.232742253897429,3.7623615568812,NA,NA
775,2.6559114485409,2.06023202768045,0.428958461335643,2.28064472393628,0.95291429304746,0.721984063304029,0.479498232207261,0.317628988439566,0.857040856697015,0.265835907871486,0.592485895949998,0.601815542291035,0.245504253718187,0.91398641296057,0.874373391880654,0.412967029209812,4.14832241866275,NA,NA
776,1.74973417560797,1.76136033105323,0.0524135376214071,1.37979148495143,0.9305298995748,0.732084882619558,0.201358768896898,0.646068552158889,0.65661654726672,0.900781177827739,0.32563568488718,0.18952623405261,0.565535205759224,0.686341438821051,0.447114588267868,-0.444013604752851,3.20359657465571,NA,NA
777,0.145917063881011,0.487090858620668,0.994494405521607,1.0500615479339,0.915712641325812,0.00897189793060534,0.7572442505277,0.515446216678712,0.584963231293601,0.296765724863508,0.190226767537184,0.0250176482024835,0.580621369915898,0.425493075023522,0.919824807588593,-0.744702249252736,2.84482534512053,NA,NA
778,1.18431054291456,0.261046165829315,0.989274925613702,0.777835846466643,0.949044557946663,0.492847821386997,0.72362619106553,0.0613645453178324,0.442992631318979,0.749006528228289,0.462875806776341,0.222191861314932,0.236260036500404,0.995512505844119,0.257055735766422,-1.08225730683255,2.63792899976584,NA,NA
779,-1.52344712183675,-1.53957100358718,0.0500572322489929,-0.330325507268321,1.20001960083662,0.278243058420136,0.0141480257903459,0.249472822908778,0.881174383312231,0.584585098818177,0.4634147561969,0.686938647431671,0.0110847907379502,0.478138132409775,0.521625819210079,-2.68232070565022,2.02166969111358,NA,NA
780,0.843187554452418,1.93514617036236,0.908983650194965,0.905251292486215,0.871050225000283,0.0895502563486807,0.612235536485212,0.697909441337921,0.117290450707544,0.679243680797867,0.46090231499006,0.106327419782523,0.200082511380315,0.264708749874728,0.486074788869126,-0.80197577723985,2.61247836221228,NA,NA
781,0.779875629441501,0.838609213676514,0.0744788168549608,0.0930898505942364,1.02242343045018,0.243804313589935,0.318372555265552,0.128947148958687,0.673025701301871,0.884543759400141,0.447297227982432,0.132873801464098,0.995452214616002,0.324848651396227,0.062837616412784,-1.91082325003801,2.09700295122648,NA,NA
782,-0.0140415143360395,1.77027581113626,0.996584090808512,1.8767373531577,1.22239971952194,0.434957789790351,0.781220805918914,0.325698442244087,0.506920124721713,0.436259168373188,0.0254675265349215,0.346899614538299,0.813670537168509,0.896269449262763,0.853010817693546,-0.519122071817166,4.27259677813257,NA,NA
783,2.17114771984133,2.57101948774692,0.999598217451731,2.66800713020447,1.02156919840369,0.00932697154406924,0.888394161377801,0.0916505926344544,0.306569970177137,0.909556029816624,0.403169388371287,0.0894553583037341,0.258368514403701,0.461320465120021,0.133973647171515,0.665768293617787,4.67024596679115,NA,NA
784,0.0537639722402735,0.0616909583994535,0.0917929075673852,0.196229349677533,0.882089322419488,0.487064924152102,0.346062711087521,0.610569676091894,0.692322648784495,0.112073211960611,0.614262043033261,0.269689522390021,0.404406539435266,0.232317387715681,0.784051830801647,-1.532633953412,1.92509265276707,NA,NA
785,0.792783604477517,-0.976550648653144,0.999791413300855,-0.635246948919239,1.00648135855001,0.153785004803562,0.921182144823717,0.367246559332823,0.750623452743515,0.830550525089959,0.605841182214557,0.239434551280923,0.438709308891208,0.0333595656000543,0.693982080417103,-2.60791416278821,1.33742026494973,NA,NA
786,1.01259995777341,1.04556922040377,0.0512037953006713,1.3997013709831,1.14872027677845,0.797625867282157,0.166514264412457,0.306822032807744,0.177550169380964,0.00865090401936322,0.390174561840598,0.843797449246864,0.776317859312519,0.353202721733483,0.295662799199577,-0.851748999813549,3.65115174177976,NA,NA
787,-1.64016272671254,-1.66504963834033,0.0553905468174264,-1.54172665779357,0.906040170109269,0.18566801698599,0.24169376325584,0.953328935537022,0.076213630169048,0.161947668031557,0.00177211120235734,0.56330489524256,0.93536906811723,0.193904658461572,0.90960256836412,-3.31753275975428,0.23407944416714,NA,NA
788,-0.516431966200394,-0.52258168534248,0.105125063833174,-1.1864308358592,0.971129837943447,0.121096417445922,0.360646025967668,0.291443657142576,0.30056351254601,0.471410675198655,0.0277580460776808,0.178255956266308,0.382513013732503,0.585439556063386,0.319583874615142,-3.08981034254058,0.71694867082217,NA,NA
789,3.57453586262637,3.65088821120419,0.0529591079075581,3.01289076733229,0.910950466521724,0.588145825556945,0.211577278370387,0.645069815354072,0.0629862117569428,0.723455012559891,0.728560309479828,0.893438416654128,0.663942391810706,0.672642872932483,0.00483829492097721,1.22746066124975,4.79832087341483,NA,NA
790,0.050402054610169,0.272507720887993,0.735707404514686,-0.0735241310840333,0.924055210540749,0.226658129853196,0.5476697103529,0.293373534651124,0.851357097729226,0.348854808934382,0.408990592754213,0.164932317368919,0.561130451248609,0.467553218281013,0.117991705331602,-1.88463906347048,1.73759080130241,NA,NA
791,0.812019676698133,0.766795691983727,0.050146050995165,0.962099918576791,1.08739249821832,0.237611120843096,0.0609946164403809,0.00750437592307571,0.636621190733975,0.847229751742445,0.81546477774065,0.647611765435082,0.244992363691563,0.733729826971772,0.797480973357917,-1.16915021499015,3.09335005214373,NA,NA
792,2.51661302048445,1.15106937759192,0.993876387247506,0.231846172046403,0.923888706779585,0.684462276660604,0.751892148523475,0.950876449312665,0.031997160101193,0.0667436910083052,0.596186460291967,0.745967486508773,0.880651090216357,0.0577253049882129,0.238181599667412,-1.57894241896487,2.04263476305767,NA,NA
793,3.26790038288336,3.33453200916542,0.0606001262823347,3.8434878242844,1.05380126010238,0.790535062186187,0.275781233765534,0.485856746798847,0.340532535148552,0.461314030650421,0.53252769078,0.894655145755503,0.359108899294282,0.762166102857795,0.548818669115426,1.7780753076208,5.90890034094799,NA,NA
794,1.07076242956001,0.576515934371938,0.589200659322799,0.568041984355634,1.01248708442887,0.149967140926397,0.513599145464832,0.25930170064501,0.151690889697871,0.971046149994829,0.642250414735754,0.869930488019367,0.416025847218349,0.845800665401737,0.291589195581153,-1.41639623593691,2.55248020464818,NA,NA
795,0.38205765099244,0.408101225262842,0.0624808940550474,0.73088670719814,0.909673888075404,0.938191728220321,0.284048093104502,0.526367441413226,0.139641104832524,0.397717473205994,0.107089516310254,0.807717821870348,0.0252262451424031,0.945283800568082,0.0125217546690255,-1.05204135110617,2.51381476550245,NA,NA
796,-0.0114917066439648,1.11866742604912,0.999411424847487,1.82520941281911,0.81917446974026,0.354666016085423,0.869294644921436,0.0815975972809829,0.925083501229878,0.981857313677087,0.581860736362869,0.43072280436859,0.505896670950111,0.312317242539604,0.211752952394192,0.219656955073502,3.43076187056471,NA,NA
797,-0.0190241886657428,0.145611711901083,0.997569189145695,0.550232995446879,0.90580880227308,0.674754282570328,0.798283753527212,0.979324717448908,0.368237972442992,0.934801898392616,0.577843448624364,0.246716062013176,0.0524144559528213,0.214146804647986,0.696354210340302,-1.22511963388772,2.32558562478148,NA,NA
798,3.77894153230435,3.84634124424248,0.0505038595687448,2.80727324805874,1.05441950528112,0.945890456822352,0.122930542571004,0.308633025698015,0.625431919875089,0.749709844565601,0.627476569690276,0.514811736127362,0.432994671788299,0.240182796296198,0.673423876860412,0.740648993111198,4.87389750300628,NA,NA
799,2.80836545743082,3.07966072736926,0.980968545113295,3.32600205671347,0.914326389163348,0.92224179170921,0.694506617996027,0.155521651587565,0.526712100357632,0.669829924136284,0.451885658363462,0.776992540039122,0.140080514461035,0.82755858048494,0.00394367226760369,1.53395526383875,5.11804884958818,NA,NA
800,1.05859150772943,1.03818957750438,0.06933136660766,0.105969801639631,0.927178988854278,0.255672383476864,0.306291285052896,0.180597516391776,0.706287157592597,0.918705973826698,0.0683341977625387,0.833723399735289,0.688675995948375,0.834083557379316,0.166544219194329,-1.71126762373702,1.92320722701628,NA,NA
801,-0.940687858968282,-1.76676542146584,0.974042459783979,-2.47219040082984,0.874933767538623,0.250018712571007,0.678614794411813,0.669673122700886,0.476845794269,0.624616749420995,0.852417638561456,0.702709985923138,0.678105306305923,0.894744573256001,0.531747920554946,-4.18702907406348,-0.757351727596196,NA,NA
802,2.06861232865045,1.5267282411466,0.998280386320654,1.32828073457818,0.854908728077784,0.396664822971332,0.81562752820598,0.621918186030234,0.238569824049599,0.0719370460222708,0.986394097699435,0.592449408516637,0.42379070713243,0.935671254662448,0.552869866329012,-0.347309582523217,3.00387105167959,NA,NA
803,-2.14929974465839,-1.99608911584302,0.308872640763634,-2.83820145487399,1.01301343613544,0.186296661833883,0.45090060439927,0.225856157572824,0.955664497007267,0.307463619788759,0.901625088582281,0.521004499410512,0.833888826137758,0.472415160430362,0.333543895629933,-4.82367130555462,-0.852731604193365,NA,NA
804,2.28812972072284,2.14852805778199,0.99826723437503,1.550719115851,0.851984235737517,0.880802499849,0.815245879805763,0.657969788087998,0.6953715361004,0.613179482267937,0.789606356921256,0.236080817564623,0.478705046518473,0.655414799922961,0.497450764979701,-0.119139301590412,3.22057753329242,NA,NA
805,-0.712243094400034,-0.725990331648989,0.0593543574206655,-1.07747019352945,0.891080916579128,0.412310899153817,0.269463788787019,0.431047158696456,0.750124232799746,0.845365647028433,0.36029413102183,0.655340503867483,0.810000797173125,0.78346723895974,0.728632080246112,-2.82395669733548,0.66901631027658,NA,NA
806,-0.0941377513866893,-0.122626802163452,0.0514033614601203,-0.301575064441127,0.97696101577906,0.0753555651406059,0.174194336591521,0.87408600566152,0.0754638053032104,0.415022917771596,0.00931203516502865,0.695709015353816,0.280748095634859,0.219825886073988,0.637134281800245,-2.21638346966775,1.6132333407855,NA,NA
807,0.277462992401273,0.4096215502197,0.0678924287995964,1.36497216784693,1.15316581531448,0.944129247796023,0.302346471175551,0.022934682289022,0.0604134891418507,0.967590111944941,0.292398050981225,0.617666766790207,0.774876117510023,0.184715312132263,0.733331798948231,-0.895191298372211,3.62513563406607,NA,NA
808,-1.78194607932404,-1.89884900681112,0.698356632127298,-0.146108871105121,0.916469093676411,0.446074468702078,0.538259774235194,0.589360709310742,0.504323783047381,0.640527209172957,0.556536766580655,0.972216430299799,0.59919160737074,0.362636721278192,0.534144818048109,-1.94235528765495,1.65013754544471,NA,NA
809,2.35547584712138,1.72121493052023,0.999609577617091,3.0176119268839,1.09844451161114,0.992892031421885,0.889828851100523,0.803849151531351,0.386131445616484,0.940882381919539,0.584413663148182,0.826917150772409,0.0120387226585299,0.587388008273556,0.679020054460503,0.864700245110375,5.17052360865743,NA,NA
810,1.25418686409809,1.22142446436521,0.0501256909205648,1.558561458792,1.12290099123953,0.674054928442114,0.0534870466704015,0.0166670770708006,0.293808627641643,0.597480868857703,0.61888892849884,0.798252051729127,0.81328637670062,0.87181280297006,0.605944004414137,-0.642284042241801,3.7594069598258,NA,NA
811,1.95280118094372,2.02753685124291,0.999935632310304,3.08849827862608,1.01148999717008,0.0977267853621161,0.979976885570213,0.33391751917894,0.708151590747177,0.278271888341056,0.711203427391709,0.426728339793975,0.0230181526535889,0.105049813908176,0.564300040568341,1.1060143134502,5.07098224380196,NA,NA
812,3.32189365332566,3.40161418867138,0.0654789303535018,2.74878993390973,0.925935145150906,0.800105701453169,0.294972279704176,0.594647409872035,0.771234294459224,0.977236241029343,0.589096547780209,0.640527870395221,0.158712258710992,0.176012816747068,0.986602557732724,0.933990397394086,4.56358947042537,NA,NA
813,1.54509537519003,0.602889492153764,0.999944084088805,-0.28754011240634,0.919838530453861,0.817479647508822,0.987015471328748,0.471512455689139,0.488257819402148,0.276073473244091,0.742836753399577,0.159812701322371,0.524314001536462,0.426778871008661,0.243158120204229,-2.09039050368816,1.51531027887548,NA,NA
814,2.03037114294652,2.04840442821961,0.415792803752938,1.37834885943707,1.1006790041649,0.493996308792266,0.476590567756793,0.631488075009896,0.978723614113289,0.817339806974749,0.778365215742961,0.677080452257069,0.619908607523772,0.528155510498793,0.0701315913748695,-0.778942347265545,3.53564006613968,NA,NA
815,4.22281490389604,4.1884706836229,0.050169527660281,3.48790627193726,1.04625896627878,0.917659959806362,0.0684488651760621,0.732300228768494,0.131146576309926,0.0876024951594882,0.69984413365915,0.194543703575619,0.348260625357507,0.77116356318444,0.361705895377905,1.43727637952875,5.53853616434578,NA,NA
816,-0.517480134128921,0.679972575148572,0.995262970013027,0.259160533203817,0.80256890029026,0.670548801095574,0.764802640481736,0.685815468828427,0.856817631879938,0.538913681868115,0.457327330348664,0.213364231523126,0.509395183491637,0.0569704830760602,0.248972550911596,-1.31384560647701,1.83216667288464,NA,NA
817,1.69126434096659,1.27506892162783,0.97899834021586,1.81451539427488,0.938946860625885,0.334037149211275,0.689475274011842,0.425083111580927,0.752645552722388,0.969823214326287,0.853750713884016,0.564945386947831,0.856665184819023,0.702933260913589,0.491398205298814,-0.0257866359488066,3.65481742449856,NA,NA
818,1.07856366891651,1.77073961221253,0.617767825161118,0.234394371222432,1.02074185333731,0.525775858198642,0.519784218256129,0.795893609870225,0.210430574593251,0.853818089686683,0.361851252055145,0.0107047058162279,0.186651312681846,0.00842934021260589,0.719470271757804,-1.76622289883136,2.23501164127622,NA,NA
819,0.960094807741932,0.0423396821776576,0.670028530628282,-0.131451190589731,0.971477558992765,0.909129772452754,0.531537964992458,0.97982896382187,0.0958735506446101,0.739369869351271,0.589522631811909,0.562532544522663,0.997142592232674,0.641032435260131,0.876264675776125,-2.03551221800444,1.77260983682497,NA,NA
820,1.82706974987026,1.68516987113563,0.0767555856169096,2.3965002713336,1.01382667994419,0.884359059391893,0.322942462794483,0.0362034664039966,0.62007620140526,0.753017310875934,0.80665946385439,0.815887196256546,0.670885072252597,0.934432802775409,0.41196687586722,0.409436492077167,4.38356405059004,NA,NA
821,2.98333830864739,3.66985107323288,0.931390531304948,2.78402366102346,1.13234266260494,0.862856069278903,0.627653512836434,0.963487799277296,0.675915112089016,0.445711408250849,0.0815964097054675,0.248590196672827,0.328307123108185,0.837050210909103,0.136019236431574,0.564672824159596,5.00337449788733,NA,NA
822,3.13400235738364,3.20927971254756,0.9999497367847,4.43437033128122,1.07346234075729,0.59095612747292,0.992344542506034,0.0484855481390841,0.411220430433983,0.413081568749272,0.102442442926578,0.749704629535903,0.00374108878022525,0.825373150455416,0.609033460836974,2.33042280463686,6.53831785792558,NA,NA
823,-0.644233961631627,-0.00264998118124615,0.940695592144625,1.56490690556218,1.14411183608698,0.600169849552796,0.635465954348678,0.381968304972048,0.681763602960971,0.290289206346497,0.97200324241037,0.00478562593052629,0.945822647730703,0.924528921966325,0.825379158456577,-0.677511087454287,3.80732489857865,NA,NA
824,3.2630016707262,3.56800580391143,0.990770554947915,3.16290422565759,0.957910370200178,0.975599762033206,0.731215017821407,0.548933741773246,0.370173589029,0.199552192424657,0.554335817990592,0.930097882646136,0.629544609527569,0.286548987703165,0.219904904870433,1.28543439964781,5.04037405166737,NA,NA
825,4.09984292070874,4.09281068279203,0.0548779407781372,2.91315883257106,1.06055363127642,0.752957094189594,0.236670453838306,0.456060456406325,0.255224746788386,0.295264466034714,0.578210441840463,0.107157016548095,0.667233655055286,0.0159699754667236,0.569013779349858,0.834511911596106,4.99180575354602,NA,NA
826,-1.85112598545887,-1.66097773770829,0.0832499836018218,-0.981066228673899,0.981274849890514,0.320833165422315,0.334160972454236,0.85906125392078,0.0423713216654724,0.0244082391709089,0.306972228204599,0.288558798640268,0.779301896713674,0.93189624883025,0.300686115559191,-2.90432959339425,0.942197136046456,NA,NA
827,1.794063885653,1.78971706649392,0.0500758416723358,1.74945590292003,1.0166791228104,0.333288372241426,0.0282255240747472,0.339424247370916,0.413973357663257,0.951492415389163,0.735836265302612,0.323192222113372,0.662803565544426,0.405481124517508,0.685170240122708,-0.24319856162213,3.74211036746218,NA,NA
828,-0.401476019454087,-1.25124898341859,0.999793825891008,-0.360613185783839,1.03426287926756,0.0197106485249242,0.921763960677199,0.185584907520912,0.524558516502031,0.68322735959175,0.698410618745256,0.0260010411576368,0.0468929500657832,0.353896320602274,0.805146276597283,-2.38773117969496,1.66650480812728,NA,NA
829,2.12214420684809,1.57501189801929,0.992377091342933,0.501353944586545,0.783527507369895,0.450249464795925,0.740862374668242,0.786212915915064,0.302314094357193,0.542236360724783,0.900671503454447,0.124247406682349,0.560782306846697,0.447308490303345,0.514931966141332,-1.03433175075489,2.03703963992798,NA,NA
830,-1.55457656355289,-1.73502545388067,0.999875445488491,-0.372136592090309,0.916747136159644,0.193641822850681,0.946967134072213,0.397089015522157,0.314916549996007,0.589158520151861,0.17994718661136,0.377562583663384,0.380566461335868,0.582749348415178,0.648812309802859,-2.16892796189345,1.42465477771283,NA,NA
831,-1.5902383535008,-1.73500078819164,0.999562698373488,-1.18528694680054,0.878602294169954,0.248032357605989,0.884156683112145,0.576960471247672,0.41288676431973,0.297343691031099,0.940341340379557,0.16256893984857,0.0309534005391179,0.234059721262893,0.953864832507912,-2.90731580010791,0.536741906506838,NA,NA
832,2.28157143700734,1.61449445801157,0.954785082024668,2.63493055176338,1.03703367542986,0.702236773023847,0.649813518049195,0.984333350891946,0.878292491318774,0.628063290139078,0.662328652460594,0.0225113939989824,0.614737240222632,0.863355845093494,0.504261528120376,0.60238189716566,4.66747920636111,NA,NA
833,-1.02949028986971,-0.752906877370178,0.311711955639033,-1.12048219480328,0.915367453860296,0.467041958070826,0.451651853678399,0.483403716175468,0.842947955544922,0.0998655110854888,0.122712708545034,0.171424712757813,0.51786389618984,0.631230457687401,0.828323858123622,-2.91456943698958,0.673605047383033,NA,NA
834,1.97864398853587,2.03671313767475,0.0715387194367124,1.63868089245682,1.05160791847709,0.0134128230998758,0.311816177031142,0.060406900384347,0.863062928238884,0.879006829071441,0.807091373877716,0.445151936184848,0.278264162633219,0.142833146161051,0.692928082800121,-0.422432753615399,3.69979453852904,NA,NA
835,-1.07465696436022,-0.942717544250773,0.987239487843121,-0.878800919481605,0.974357410203506,0.291797154721571,0.714829171239864,0.592125259094755,0.507875022908207,0.412702003850369,0.558048538685776,0.147229189913254,0.510392458684742,0.187594411124941,0.186043689961778,-2.7885063515502,1.03090451258699,NA,NA
836,-2.50546169298085,-2.52227959309085,0.999383829372303,-1.79171443626466,0.977971070638681,0.394624862448312,0.86700222671451,0.620492398948758,0.4829916985858,0.527958764963667,0.704775152235525,0.771791619758355,0.823114417651203,0.969326943499968,0.302238267336739,-3.70850251263855,0.125073640109231,NA,NA
837,2.22277190164411,2.28222986201537,0.0629184632604729,2.11327604514666,0.881778830972478,0.263165665275767,0.28579436256038,0.690519918855396,0.242871249011834,0.702389540835982,0.417798607497592,0.224088380673551,0.159953957987949,0.871215575431008,0.441266386984731,0.385021294110776,3.84153079618255,NA,NA
838,-1.41549522827354,-1.08773582634573,0.237743831580942,-1.19796220566622,0.80703626668484,0.202270074689179,0.429939787872834,0.97296100844827,0.147749341962859,0.27080848159024,0.00298471783671994,0.55890173302358,0.135009289143491,0.866258224980556,0.304544647400384,-2.77972422258616,0.383799811253733,NA,NA
839,-0.381422364871056,0.20720958382471,0.382354652650984,1.77621556270594,1.11704667046428,0.54102905687294,0.469014410425676,0.3648901931328,0.658222487697378,0.231145964361727,0.93093437269656,0.334341583545087,0.499256213847664,0.558763028936111,0.42327816771972,-0.413155680454437,3.96558680586632,NA,NA
840,-1.31464565577104,-1.36027035438835,0.0500666482082718,-1.47908591345104,1.12868262539157,0.130169316295534,0.0217640529256314,0.421616606996278,0.960151481599081,0.22678099227685,0.597510500895558,0.238375013361685,0.805749141351087,0.581950568077038,0.055317865304416,-3.69126320919462,0.733091382292549,NA,NA
841,0.752524469772992,0.738914355024866,0.0511469717697322,1.26562561538285,0.863324715171486,0.78671255786391,0.164093565455521,0.798214185686433,0.739983457864611,0.63807767572708,0.323806443487061,0.0590272719584173,0.386589168058359,0.350946869176929,0.167908160076244,-0.426459733316557,2.95771096408227,NA,NA
842,-2.67742236489111,-1.63169957100147,0.999921856726435,-2.09012587474999,0.869342427326581,0.124658026499092,0.970279551089159,0.0676666263034567,0.512637173577794,0.0345888914262177,0.891456083623576,0.556718915108708,0.954994464187301,0.737517377237789,0.886258304419345,-3.79400572254272,-0.386246026957264,NA,NA
843,-0.432010505517032,0.480051495778648,0.997931508349151,1.0163244847913,0.916903585794495,0.500688913947903,0.806373129024403,0.390295985838398,0.179220397380413,0.156914737290121,0.754117565680994,0.0463730136010563,0.313232346197707,0.317472613495193,0.68685558880202,-0.78077352066154,2.81342249024414,NA,NA
844,-0.895174856122955,-0.98722784590973,0.149778802549864,-0.812322273732714,0.875908388065535,0.0935892229799647,0.392872960676672,0.758784060399863,0.870670963080833,0.963427584246499,0.876112942362437,0.493741181754856,0.0265867332497146,0.640099031037418,0.702138225287548,-2.5290711680977,0.904426620632268,NA,NA
845,0.25893846112605,0.195569018894741,0.0501885664296802,1.31573996200039,1.07056435357968,0.889816964942147,0.0737715802002931,0.157376931076054,0.745661018664599,0.425750961237587,0.906201626267051,0.712826176201575,0.00634476838947739,0.308130107592558,0.280092078620568,-0.782527614148177,3.41400753814896,NA,NA
846,1.31154806649027,1.64337721851665,0.872538565920543,1.43076895604298,0.972550385238935,0.770635608666344,0.593229076458141,0.0342019428687636,0.625879315630416,0.0171546160983853,0.398996215462452,0.0327706099033821,0.285632874647505,0.295568965313374,0.761357750368305,-0.475394772175889,3.33693268426185,NA,NA
847,1.31427768401344,1.27403455228892,0.0502341115242642,0.80919133551137,1.12542583347989,0.199289406599943,0.0845913400608115,0.175384231604054,0.595612156876363,0.911452957173227,0.109351620746194,0.11895312725706,0.343774176297011,0.0234052125969902,0.783845602779882,-1.39660276538018,3.01498543640292,NA,NA
848,3.02287614942696,2.97116746432199,0.0502202658395434,2.57263798578997,0.898384652258194,0.732636563729378,0.0815424900258658,0.171508534908644,0.0331032113424735,0.166089455706882,0.932083312305738,0.746787626061938,0.495660391908139,0.041397751014214,0.237091682423023,0.81183642310037,4.33343954847957,NA,NA
849,0.0553255594642016,0.833645830714875,0.999783648249834,0.436441033738137,1.40549969016833,0.0341533109144075,0.919354197140317,0.00364419412845746,0.777506268118508,0.81822028062446,0.426718061685562,0.922407379918033,0.478390544860042,0.314077168451622,0.650321170223877,-2.318287739274,3.19116980675027,NA,NA
850,3.67666420535349,3.93854129123278,0.998166192668027,2.80658863251126,1.3376780342566,0.63810018910293,0.812406774037285,0.47515997415944,0.264521875541774,0.974270122610731,0.445299503329908,0.396134838816943,0.0940654466286069,0.902903844761895,0.194656406150083,0.184787862458001,5.42838940256453,NA,NA
851,5.2396727878998,3.74476176355884,0.990327250862179,3.91123655866892,0.84716185984932,0.650915561609087,0.728845769464853,0.859613978752517,0.331197078361758,0.104705532885622,0.344223694374086,0.867965992778773,0.564493409933639,0.44006517487485,0.623447437324678,2.25082982428828,5.57164329304955,NA,NA
852,0.983093687967995,-0.261338965298863,0.99708707161275,0.989495065204288,1.10291122952997,0.660610943841515,0.789211606990662,0.447247901679715,0.964206687363447,0.700914421938593,0.671506807460333,0.728944626947865,0.0635180911561474,0.97513584009849,0.662871579197003,-1.17217122281923,3.15116135322781,NA,NA
853,0.390406351467404,0.368403667433386,0.0500767049186895,1.31406539307131,1.24007483531522,0.665225535366917,0.0287914658478694,0.456522561910911,0.212289617686998,0.774481525399839,0.797859456679318,0.682272613674519,0.943521689572721,0.133841110085719,0.0582438696306199,-1.11643662228095,3.74456740842357,NA,NA
854,4.05349280955152,3.97358048007887,0.98395711757324,3.8706539912715,0.931045813384568,0.794873948277906,0.703208261790103,0.376775103431661,0.743956308038789,0.0836663871443598,0.262355231417576,0.0603408531916793,0.393931907569291,0.893103519618744,0.608050137600512,2.04583772908095,5.69547025346205,NA,NA
855,-0.76501906459075,-0.888845377616618,0.998957166049422,-1.23471683183614,0.986000590474536,0.378604159424198,0.840671085101552,0.587433625330217,0.295067164489999,0.558411376316915,0.371246944519808,0.0872567470594076,0.238691575098783,0.621319787053857,0.268196901335963,-3.16724247790146,0.697808814229177,NA,NA
856,3.98251664425361,3.46245361518913,0.999590837220266,4.14157376827454,1.09679451824107,0.613514106518938,0.887483670090674,0.0233938394145807,0.427541708132718,0.354233094130526,0.488932597319363,0.48398861024715,0.683868322887691,0.581169756283052,0.622500638225349,1.99189601408108,6.29125152246799,NA,NA
857,2.24030326686174,2.02177690757495,0.540169788667429,1.7525240982782,0.851342159346884,0.158372455025907,0.503194726151065,0.854107897809474,0.356830468998756,0.638748861931032,0.752024367371458,0.634338404820766,0.089022745739785,0.096567661019857,0.498869630043162,0.0839241274377527,3.42112406911865,NA,NA
858,3.41072533487592,3.38854090404674,0.0514821863519264,2.99314153277658,0.85212154300564,0.576314795629121,0.176930884622387,0.785945636479882,0.204696909658378,0.798217444694368,0.290875572456396,0.444062306097359,0.251803021373693,0.319113680406241,0.897868678703322,1.32301399803483,4.66326906751833,NA,NA
859,3.38820070759673,3.62112067661222,0.519533005709948,2.89631996184978,1.08544765829158,0.839177928102436,0.498849003008567,0.642591097365483,0.182454906135215,0.873154771794798,0.685103842287441,0.711303929017391,0.251478225562721,0.67593956389837,0.0863557554966537,0.768881644494959,5.02375827920461,NA,NA
860,0.983059573702975,0.673393642007229,0.948508235678786,0.46193659452751,0.865243874416814,0.256386036346201,0.642965699671186,0.103391466014436,0.41563779270777,0.857502643619315,0.476738824482309,0.00186401853919961,0.808289641019306,0.972292249866761,0.618361424556235,-1.23391023717334,2.15778342622836,NA,NA
861,3.63820247846142,3.70070908252469,0.533795109434382,3.44339080662686,0.993135203294654,0.744373142428114,0.501851813632646,0.618742045731633,0.264214502011891,0.907439292802243,0.7855246366926,0.603317569178529,0.429346662974916,0.639382389939507,0.054768310313113,1.49688157639048,5.38990003686325,NA,NA
862,2.44718622682371,2.51688376164433,0.0502192734240514,2.06915304167974,1.01062031499429,0.167551106629195,0.0813166519959923,0.134228392961551,0.386969189038151,0.902468538430287,0.0146644800642971,0.0886321333431406,0.356561613909202,0.29402386764111,0.030218208783539,0.0883736222463989,4.04993246111308,NA,NA
863,0.703937351764513,0.72652551672158,0.05013722324682,-0.623199909455115,1.01011339897069,0.691157456070767,0.0578768165390939,0.944048466204666,0.988850564664463,0.931958178138477,0.233703219380928,0.473489855006454,0.656494427178754,0.203088177658035,0.799819542085286,-2.60298579173901,1.35658597282877,NA,NA
864,-0.126887075493844,-0.0833784694470011,0.0501988032144406,0.262094943063019,0.898058816497896,0.762952836977784,0.0764153744087089,0.750765472267056,0.764797470335616,0.120703275514767,0.646480061081122,0.945215068603633,0.03273306988494,0.793012150283204,0.628939052093774,-1.49806799327152,2.02225787939756,NA,NA
865,3.88357633989032,3.73553995763345,0.203621391184801,2.68099377962346,0.944923947203338,0.580421138274833,0.417720818228205,0.924560941289645,0.836786479516653,0.612958449756377,0.0613048306774581,0.487088267332176,0.469465869362233,0.365568868433707,0.729643559332471,0.828976874975494,4.53301068427143,NA,NA
866,1.11322313614784,1.15709223725657,0.0521143851968305,1.03465578567837,0.929715890220386,0.0427943443737458,0.194726512383902,0.844457702100859,0.508396683806321,0.318210907039931,0.555633328635944,0.905264940860914,0.43767162065336,0.94864231996343,0.721412442018627,-0.787553875008184,2.85686544636492,NA,NA
867,-1.16410181517992,0.141694678358011,0.898801900065674,0.31129021254587,0.90095596661044,0.897242845873698,0.606337292225216,0.904513750397833,0.234131170201465,0.812083290165407,0.584696252934518,0.475922226157039,0.0323301713537658,0.977683481875574,0.953114084488363,-1.45455103366706,2.0771314587588,NA,NA
868,0.392530160334755,0.878471443158986,0.987574989602746,1.25375173757869,0.866064738772466,0.585517212666804,0.716179266738589,0.550308425099473,0.851875564712565,0.102217455270235,0.607213869426865,0.495511678971932,0.761789146414376,0.759361930565909,0.582358890164527,-0.443703958695435,2.95120743385281,NA,NA
869,2.91189400921888,2.87775404280359,0.0621716503063713,1.78006797672017,1.0877580405968,0.64539673116582,0.282777128303773,0.659862460699747,0.328994384621619,0.85049674213992,0.144768687287346,0.803593388582347,0.798016035226989,0.309948223021114,0.0786579442663351,-0.351898606743411,3.91203456018375,NA,NA
870,3.06033992531292,3.10979137352171,0.052256814147428,3.0751901182875,1.04494905667706,0.923924172514584,0.197993529246538,0.8151341929544,0.950674166939221,0.0465176931032911,0.703946218105499,0.886217303985497,0.717745171740418,0.725209241734236,0.930123406015802,1.02712760152136,5.12325263505365,NA,NA
871,-1.34063177015933,-1.38546599703062,0.0818536199889273,-1.32317151948173,0.8420150038498,0.379603415316553,0.331939709986211,0.707696203002357,0.460089165589656,0.34619086146215,0.593616960648331,0.460597975765937,0.482334410690237,0.628090847905376,0.464248544273665,-2.97349060146969,0.327147562506231,NA,NA
872,2.72872439551435,2.79830283495027,0.0536769309692652,2.45437003094559,0.863785135648616,0.873593309225049,0.222474720356637,0.0708914357136236,0.0136712948317872,0.394641468636575,0.543976752311341,0.533375318540842,0.415420626001782,0.476071139837382,0.876586986077717,0.761382274693259,4.14735778719792,NA,NA
873,4.78183741508979,3.74133635841327,0.990145101169635,3.97720327043482,0.810601183002518,0.933750452383887,0.727903277578182,0.533201452424401,0.886736572225462,0.41720577131398,0.380938376232516,0.649988260070444,0.28730935611506,0.592084405625821,0.283547013137373,2.38845414592432,5.56595239494531,NA,NA
874,1.48550972689057,0.815232324148716,0.997828539682859,-0.360093076586002,1.05659547641244,0.303708713302854,0.803938686107867,0.496546400959254,0.490183502461645,0.331731801458285,0.670687028926332,0.0242505428163568,0.129657339684549,0.370030635396135,0.245099857673049,-2.43098215658233,1.71079600341032,NA,NA
875,1.81118914942485,1.28932755176335,0.960720639831644,1.67073987036187,0.953904042955152,0.464612394227763,0.657176850182819,0.958773053178331,0.760970882490976,0.605537467248971,0.711668389847735,0.166648533710977,0.307071007606224,0.247857444098918,0.49188712979632,-0.198877698537379,3.54035743926111,NA,NA
876,1.93650652116867,1.14913154956165,0.551161592392876,1.97769627693705,0.919649889862108,0.385133531293483,0.505513282989617,0.193436718012439,0.0106431281858822,0.745249658130226,0.97482947003562,0.75900875721965,0.927458432756597,0.398947976677679,0.619572437702678,0.17521561442109,3.78017693945301,NA,NA
877,-1.58696235310386,-1.61234922266421,0.0500985748727389,-1.2748385977437,0.988542666055419,0.218346977078822,0.0413351446792949,0.15689390558633,0.719759777549072,0.682789559512981,0.548359100833535,0.776027533662273,0.0694858721160563,0.613895742356661,0.503992451359285,-3.21234662039352,0.662669424906128,NA,NA
878,3.27358646452078,3.28052847696105,0.0864437462342262,1.39580848129748,0.877949341274906,0.548225264163455,0.338921245912905,0.515659869562136,0.315351669983356,0.259648742350633,0.714353369205957,0.997082975417608,0.591654641197179,0.957466438781703,0.220011795268045,-0.324940607851999,3.11655757044696,NA,NA
879,0.791090104967603,0.792863599924091,0.0887791036089352,0.694172723460696,1.02882512133376,0.555914893769776,0.3421548095037,0.772307148338296,0.494025167322368,0.434722208991298,0.713077252410934,0.549143775994773,0.209145811392344,0.261930559447152,0.276172320911312,-1.32228746074353,2.71063290766492,NA,NA
880,-1.12849313395531,-1.40996108578244,0.999903067930115,-0.645755969243897,0.866053041308504,0.391984677690431,0.959505240095197,0.943384763937909,0.577141449540155,0.871992359516909,0.335481076990021,0.628876538898214,0.0427960921498016,0.500376094053499,0.520010771632544,-2.34318873890994,1.05167680042215,NA,NA
881,2.56088612448191,3.04571506354041,0.633336986199579,3.21859389914159,0.92081037262497,0.956781817766256,0.523216091629001,0.554988222154207,0.288875060994644,0.495625617290265,0.582994652955094,0.307357534495881,0.814247691730037,0.609633469500113,0.287546687714639,1.41383873220574,5.02334906607744,NA,NA
882,1.10462586817221,1.38469857503295,0.976874341082236,1.17231315657275,0.787547819991697,0.368667909444193,0.684543761262787,0.68605406452436,0.189009316455107,0.293527147090645,0.63706606111466,0.729314550320618,0.288705727089429,0.84863138807239,0.765926340917707,-0.371252206714007,2.71587851985951,NA,NA
883,-1.06090960088422,-1.51111119986529,0.989674410229344,-1.3187538197621,0.931247086399572,0.012026590866968,0.725545409265324,0.477826822934439,0.334066332667368,0.468564992142608,0.296161389256828,0.327571448720759,0.473907589508453,0.916318475895328,0.620080577131477,-3.14396456981312,0.506456930288921,NA,NA
884,0.836217408245894,1.45344732824488,0.424324819720495,1.69361280327816,0.841096960161532,0.455416409761994,0.478479017195292,0.48394206394814,0.0583716152729467,0.459170586820925,0.648065125346533,0.932384254610864,0.899976132685551,0.257272920518415,0.546891860133037,0.0450930538554348,3.34213255270088,NA,NA
885,-0.298085876852293,-0.288648268525345,0.0514605685400099,-0.356041220550666,0.919312865885678,0.178662542039528,0.176195120496675,0.569253370568389,0.556511782277958,0.789918710137252,0.636964992193505,0.195424995268346,0.156391606823541,0.715127674780786,0.212875325019704,-2.1578613282109,1.44577888710956,NA,NA
886,2.119345370445,2.03192405111639,0.0523176581827561,1.80195978042372,0.982122070651207,0.841927660296671,0.199326895413571,0.0294864944573492,0.762951006492483,0.073854784581461,0.243604484390933,0.798505881649326,0.47187396292889,0.218728562431992,0.521166302673169,-0.122964106474552,3.72688366732199,NA,NA
887,0.751142544774431,0.680437912459156,0.0500932645608207,0.879708540057464,0.94165200599347,0.556450862678117,0.0385660554504721,0.813068091737106,0.796265837575891,0.458770682235132,0.112227923324797,0.434559939101106,0.0751810746255796,0.328064094521804,0.143292654433404,-0.965895477659631,2.72531255777456,NA,NA
888,4.97548103138029,3.99051397292556,0.336944549096449,3.09531351823746,0.974122092956203,0.61308996478247,0.458121518266271,0.0620283817477757,0.84013760131353,0.481381828704616,0.778547154396423,0.292672356799827,0.802190691186348,0.248014917115215,0.104200155992294,1.18606929949852,5.00455773697639,NA,NA
889,3.59784007506402,3.55413490753022,0.972731576120037,3.90760620727884,0.881560834878117,0.723631491977838,0.676080448854831,0.639594407352037,0.066099974788609,0.648322234733845,0.585347194870119,0.359275163929909,0.956785064276075,0.886691666255589,0.265181272741291,2.17977872073667,5.63543369382101,NA,NA
890,-2.07362118112895,-2.60634446885485,0.999925635183622,-1.7984799410255,1.03091134529335,0.0416648884692695,0.972757802495849,0.638174617754645,0.448330838530441,0.42084266647289,0.750608964501764,0.939938352010213,0.867763608431211,0.976770725285169,0.573362302808091,-3.8190290490542,0.222069167003195,NA,NA
891,2.68019481874915,1.24821755219678,0.999909548242776,0.81437591178226,0.997946950940785,0.988740850777249,0.962965270372224,0.516401407816913,0.571047821835615,0.982650732186041,0.869437799236854,0.913320652706898,0.854254350617644,0.603229025302222,0.643617602144484,-1.14156417054324,2.77031599410776,NA,NA
892,1.20337059848804,-0.591203680841356,0.995889993970228,-0.532919842612255,0.926215377856274,0.356586507153814,0.771935089062084,0.519339215303073,0.0706339146686951,0.938325999174383,0.165346894776099,0.109191560158739,0.0592875994760543,0.96112612418842,0.37145380189619,-2.34826862513771,1.2824289399132,NA,NA
893,0.882583837008526,1.34895033016064,0.99991450185578,0.715602864667293,0.952734078014666,0.153017587146256,0.96578162953991,0.848962062808801,0.599774087893311,0.192641729273368,0.947620374424965,0.635014604080585,0.860177791244583,0.169028292273637,0.77752419091505,-1.15172161508543,2.58292734442001,NA,NA
894,1.61936191584215,1.74805794242599,0.954011714618888,2.0325705052063,0.910005006233136,0.0957146693923278,0.648922781026457,0.731544202850782,0.842404685581336,0.76953916412557,0.104754152661539,0.387976216461975,0.556717530438327,0.689940033439314,0.597725282223895,0.248993467238201,3.81614754317439,NA,NA
895,-0.680075951342314,-0.143693936639989,0.973137871568249,-0.671875338755405,1.02135297359859,0.784018269446096,0.676853058350855,0.344249253157293,0.0726660661593778,0.347656930188416,0.724316226651426,0.467792643748573,0.859770518898265,0.730774031979847,0.294360501584597,-2.67369038251152,1.32993970500071,NA,NA
896,0.630847954110391,-1.14454280380718,0.661621993148587,-1.39705325225512,0.954263360232492,0.348564131715451,0.529597539969138,0.00275584119861014,0.385299415295827,0.197279182490078,0.641980926246382,0.0706390305400127,0.339827907756204,0.137546417679172,0.903453191136126,-3.26737507007697,0.473268565566739,NA,NA
897,0.874738288955798,0.314471170189397,0.750075350342045,1.09881883841742,0.843200723926421,0.498425987736438,0.551501425076625,0.354868714136304,0.138256641783286,0.479492430552491,0.0933109799824888,0.573897890183143,0.353584885708522,0.746294557601563,0.791147277300712,-0.553824212216466,2.75146188905131,NA,NA
898,3.8214732408071,3.16451912138856,0.999579476823007,2.08773731691233,0.900775771772388,0.758495795221766,0.886113745700219,0.0713496654166374,0.0429968735417351,0.840972715123557,0.991994795503211,0.262821784771746,0.0118017848981544,0.380184678978636,0.730250551042729,0.322249246092176,3.85322538773248,NA,NA
899,1.12790481040267,1.18197458751007,0.0501546423297172,0.870885122907092,1.13962485536331,0.0350778694904875,0.0638530215641949,0.840209256132483,0.349194218952558,0.766713200238184,0.394913977161865,0.0924084391115466,0.713330667842529,0.688705367351882,0.893748843013193,-1.36273854949166,3.10450879530584,NA,NA
900,-1.25174878055685,-1.25199648235378,0.0524482949447736,-0.52709593414255,1.13218742125689,0.38953719182394,0.202075516796089,0.220037822228041,0.938860044367146,0.416010248604696,0.0589869450599654,0.320762178725214,0.351964336008183,0.514580340562505,0.216617577272933,-2.74614250355533,1.69195063527023,NA,NA
901,1.82631801448372,1.92318414638138,0.367236821691447,1.12717035942153,0.867506160374403,0.660024384732475,0.465477617014665,0.486634764351649,0.171144150976557,0.347205327303847,0.159382844828768,0.281750449328334,0.23159461068979,0.195960072830087,0.122952190931421,-0.57311047127893,2.82745119012199,NA,NA
902,1.6551223302397,1.77770190870409,0.0502387705782112,2.49211744193666,0.930034819247889,0.717419215235976,0.0855768636285793,0.966751315862173,0.769705278598471,0.0496550069050863,0.595666199669009,0.871243827272556,0.898247079392546,0.937418932606233,0.431346362410812,0.669282691842584,4.31495219203074,NA,NA
903,3.44341549811329,3.43080240852478,0.0504372643110222,3.07222520865364,0.848242037417478,0.993038536676555,0.115839048178983,0.814208158666734,0.0703982727798866,0.345780346876825,0.698958085855003,0.455155225943541,0.49482656490407,0.466407820610912,0.452232472850825,1.40970136514251,4.73474905216477,NA,NA
904,1.18983573225929,-1.34779932142138,0.999908530004049,-1.04851015366461,1.02490960662586,0.0544710430835839,0.962405498466571,0.928957355031511,0.939905941649689,0.0238792851357721,0.529679036685964,0.25700684540777,0.561542155288975,0.0940471835461212,0.67213419189339,-3.0572960700604,0.960275762731184,NA,NA
905,0.107235942867073,0.119537048793671,0.295262412858283,0.803997916739242,0.940434332581097,0.0304313402133994,0.447225159677211,0.782361053688801,0.718648151525296,0.421922350892564,0.782775191210443,0.422551661647623,0.449937380013289,0.21939803922805,0.199322245194577,-1.03921950494467,2.64721533842315,NA,NA
906,3.49586214121566,3.08122062411821,0.999335161596994,3.45627244503153,1.04997919685949,0.631905093017733,0.86319865902781,0.935906658690888,0.237868483364349,0.301296046882519,0.402007909527165,0.742374639427988,0.0435970352448057,0.772417260873481,0.949655804256443,1.39835103467064,5.51419385539242,NA,NA
907,2.20530169076816,1.91083100791374,0.999723831659948,2.25409445184232,0.958901194706328,0.369876447359566,0.907145795514341,0.638987411317648,0.044412871238892,0.320515253749443,0.0476341243096394,0.263184343458037,0.882811089275521,0.480363668202539,0.948618678009021,0.374682645485492,4.13350625819916,NA,NA
908,-1.02431662498324,-1.93395065025261,0.798580736868037,-1.76801287934244,0.858603918949013,0.143082246761071,0.565639522054116,0.857854059612728,0.67098563300469,0.9997750356826,0.0726829362618737,0.871626644892385,0.614167974120472,0.625782370085362,0.458185706267715,-3.45084563746745,-0.0851801212174272,NA,NA
909,0.0724714056539334,0.219306588492777,0.058712696900351,0.420404053628786,0.92725701425008,0.823839396271738,0.265876648290432,0.955524241374806,0.184121032397496,0.730159249180811,0.0824371231506811,0.437347600408597,0.407282329274691,0.301673329521087,0.681766135336016,-1.39698629871351,2.23779440597109,NA,NA
910,3.54223874796071,3.62026528097749,0.0544238594502762,3.89708595185046,0.903264825013553,0.830128313251073,0.231760903981398,0.961949011473218,0.8119108551112,0.290963059664587,0.590852352258749,0.292423642293899,0.847625350313145,0.716907770247199,0.430889069554396,2.12671942632203,5.6674524773789,NA,NA
911,3.47336039379863,2.93972358429677,0.703059568611365,1.99622241081385,0.95451911009338,0.644803284312948,0.539406839856645,0.231531909481389,0.420883406621288,0.997578952601645,0.4673995492697,0.333794217146235,0.148148225874524,0.165861713309307,0.170657650749316,0.125399332475608,3.8670454891521,NA,NA
912,0.803139724561462,0.723068281008927,0.0527922706527395,0.911401516787734,0.84823798738109,0.298744886157219,0.208666834727977,0.644490084506804,0.698684655820369,0.0145413239774061,0.995340574902249,0.428709549918538,0.00116163538536057,0.68773518839071,0.688075203187997,-0.751114388797942,2.57391742237341,NA,NA
913,2.88050903168403,2.97005414346961,0.0783608265087428,2.62806978172959,1.1220631873926,0.997277557770139,0.325942752485513,0.951852008974412,0.632702193047502,0.344688787835767,0.0606226303681033,0.991003758427221,0.765558872390306,0.432386013165466,0.801094155886676,0.428866346061874,4.82727321739731,NA,NA
914,0.397482321711693,1.03431701771957,0.980303828212898,1.71866850170871,1.02450784813546,0.655465640297509,0.692754346923204,0.889840685984585,0.516664244657615,0.428682793641463,0.471682326405076,0.30695980466262,0.207216077130171,0.787542042051908,0.882821735872538,-0.289329982515424,3.72666698593284,NA,NA
915,-2.12977563396788,-0.861280948628279,0.978512630956178,-1.40658981460405,0.903762596831841,0.311883064488298,0.68830593540764,0.823312615702278,0.936888868742622,0.84279799535824,0.444429836844327,0.631605570411775,0.920926269823569,0.237925094541512,0.52801130470843,-3.17793195496886,0.364752325760747,NA,NA
916,3.01757021882833,3.0286526780888,0.0502439365690892,2.92819154263621,0.989401228707046,0.942227511242265,0.0866473886739695,0.951424200430163,0.490646606876748,0.465993768243818,0.874428208078956,0.486503925369936,0.562820371026755,0.92589962781209,0.81429423395684,0.989000768110725,4.8673823171617,NA,NA
917,4.18238965984499,2.86097346432889,0.999647682247324,2.34854723906274,1.14101215581757,0.631406432777294,0.894965642956435,0.858335406661848,0.606485323666944,0.716643472714699,0.496305577527382,0.357693369637243,0.32484586842393,0.190704671710031,0.355277956876089,0.112204507737897,4.58488997038758,NA,NA
918,4.13907086756256,2.8390803355178,0.835499668549268,2.7625305595327,0.917385322242182,0.982021057477687,0.578170372531633,0.564018980340567,0.48954614300339,0.258553471850348,0.836885213813395,0.676068130668253,0.623295507751871,0.630633193273214,0.588646366337547,0.964488367992352,4.56057275107305,NA,NA
919,2.04348256845795,1.90099470243152,0.193152807790009,1.71071180042421,0.826682215051895,0.704407955512055,0.413538917411584,0.262715603803168,0.317217002090882,0.0487235287829535,0.818198547182023,0.730345052242279,0.0155316959690535,0.457898612417048,0.801576406788081,0.0904444322626992,3.33097916858572,NA,NA
920,1.46698363328676,1.41969856355887,0.0655878724779539,0.579719305283706,1.12697410511069,0.237005658317357,0.295328780786484,0.581895159086212,0.451034205737407,0.839048866321682,0.218462732209009,0.28656479009171,0.727057778299553,0.338152528146165,0.111359491778072,-1.6291093522425,2.78854796280991,NA,NA
921,2.11763333393711,1.51736925235776,0.424867029437772,1.88029741929292,0.9099388657195,0.0534202603087761,0.478598505385453,0.820727683315403,0.8441946365271,0.343153143427917,0.186728464529035,0.949904982825741,0.49678073589562,0.704241397370352,0.487114670179901,0.0968500143494768,3.66374482423637,NA,NA
922,-1.7560447855508,-0.0153729701524002,0.999951294664343,0.0910039007132675,0.780140005407827,0.370603029588703,0.99391887038236,0.359021364480956,0.0415175006460631,0.916089965381892,0.0832897006081184,0.78026558502554,0.0257869053689064,0.25304876295384,0.453943649189896,-1.43804241278496,1.62005021421149,NA,NA
923,4.00643177634639,4.04872429682644,0.185043504913559,3.62771788884887,0.887186716569489,0.750330064111855,0.410123112679459,0.243419877857785,0.197047234821832,0.954107402248541,0.769612590486999,0.747262652461533,0.529789849851048,0.0160553319064202,0.112978956156061,1.88886387681032,5.36657190088741,NA,NA
924,3.77755037645794,3.74052794776071,0.0503164198835568,3.46262766070047,0.872730016874811,0.676343604691443,0.0996592971242499,0.582710922381142,0.569511022535153,0.220146516885259,0.370713165538502,0.880043526522582,0.515970600369037,0.691243961222121,0.364104511466459,1.75210825939881,5.17314706200213,NA,NA
925,0.253509001501963,0.815244375828852,0.95260978154686,0.648780898167223,0.919712046079197,0.352698011578177,0.647343723937753,0.247924842404318,0.087059929470066,0.502556892516557,0.116942593842396,0.769145935549983,0.0748168475636048,0.762971078814589,0.890165504016099,-1.15382158829565,2.45138338463009,NA,NA
926,2.58247218229612,2.33352741276285,0.284463675742012,2.31579563867797,0.860032354875977,0.222449384022155,0.444213415481849,0.114742004293948,0.0554025408421876,0.111872544150567,0.640797430017032,0.705488888613763,0.097823224209249,0.604058082129341,0.906157373379101,0.630163197581885,4.00142807977405,NA,NA
927,2.44217456133081,2.48389968048993,0.220140293014356,1.55424927043241,1.26532756445895,0.4963374577621,0.423875465453719,0.00674387945211492,0.74960155025241,0.98239929743344,0.567229194750194,0.104666671669693,0.973838983159279,0.256335757604684,0.826764080590219,-0.925747184552904,4.03424572541773,NA,NA
928,1.25564064149368,0.370676097509075,0.999736720279438,0.569827903259789,0.904452880820794,0.618853250006912,0.909536152267829,0.248425518269418,0.421960272307391,0.945475106612197,0.70528270393319,0.174914655512781,0.72011162166961,0.280596025346429,0.976758368242532,-1.20286716886246,2.34252297538204,NA,NA
929,0.483671245185008,0.538275486702997,0.0504897937704883,1.5201055904842,1.04794152827957,0.289201318269363,0.121514143386157,0.172980765800923,0.400882911725086,0.360337130768341,0.85411405978736,0.27861505201878,0.949405356708681,0.537817106677336,0.509490069196676,-0.533822062847628,3.57403324381603,NA,NA
930,4.09278603743195,4.06245122798018,0.0717727055197512,3.20268472399979,1.09692800809183,0.9149349361473,0.312369025638327,0.303015016062651,0.795879178152536,0.0629075908141676,0.166073902954347,0.338736679422203,0.540500343395281,0.717770929166349,0.0779442806578008,1.05274533450654,5.35262411349303,NA,NA
931,-0.320004010138396,-0.436254841747904,0.154650582091427,0.159025058582158,1.01178571311712,0.883112974414253,0.395543847847148,0.584811665648362,0.982067573980195,0.595271078774123,0.597390730448882,0.865840029780637,0.616322254971601,0.154134571226197,0.640328696883167,-1.82403849919958,2.1420886163639,NA,NA
932,2.13387601541614,2.34333665944783,0.329442018820435,2.5665996822643,0.843750999458626,0.0632474820772186,0.456234232573537,0.105339848761214,0.150895935933106,0.793868836320122,0.829917433627998,0.362689278442413,0.391651396916946,0.794486628580722,0.116150082053849,0.91287811140572,4.22032125312288,NA,NA
933,4.24454546823991,4.00429162429972,0.726719880644502,4.46911395472916,0.887027458930732,0.799939622212318,0.545338003713521,0.505141588774277,0.00832066478324123,0.716274873532588,0.715010903197806,0.788402397111873,0.0619248733714921,0.45221661092178,0.098571557752206,2.73057208192685,6.20765582753148,NA,NA
934,-1.75241763804075,0.164428539294235,0.983107903480129,0.791490065597138,0.878466427528331,0.644036302953493,0.700583749767044,0.727711147024762,0.455780955411028,0.767078116092947,0.880400047555915,0.754163951818133,0.53906258831278,0.390615780711756,0.771195278559579,-0.930272493985957,2.51325262518023,NA,NA
935,4.89424517764114,3.8510391032375,0.994610914563093,3.24832004454488,0.84348991144615,0.822959990397794,0.758319870965905,0.331883471512236,0.624536467771279,0.358652674285113,0.358196606395533,0.423140073527815,0.218361710954807,0.629397205507383,0.260741889142664,1.59511019678754,4.90152989230221,NA,NA
936,-0.921551164479989,-0.944545062410497,0.952990001507891,-1.12369342367185,1.00614464452896,0.073430784142809,0.647767558393418,0.527932034841739,0.423026372658904,0.259376257888973,0.61325219504477,0.445636409532279,0.0334943032129668,0.253795164127252,0.0293000858093146,-3.09570069018647,0.848313842842762,NA,NA
937,1.7603327636452,1.85466090443015,0.240684990931979,1.49780559172997,0.829571075548462,0.268319723962108,0.430910304068821,0.0691177011890104,0.156246236991487,0.210583553828881,0.00501237360038795,0.506739755527931,0.075738578483928,0.00120206617133226,0.537625534760067,-0.12812383896117,3.12373502242111,NA,NA
938,0.82070940775091,0.799244788643997,0.0500472528973029,1.50627496980054,1.00867867795657,0.34813168514974,0.00456732240959536,0.693025567350211,0.350759787553572,0.16979446866503,0.971795257823658,0.77116748069087,0.418132723675459,0.258045731776394,0.281147543098545,-0.470698910967808,3.48324885056889,NA,NA
939,2.07155094596375,1.65116526876774,0.999943255812549,1.14835144839634,1.03485903197465,0.360341082511819,0.986280215186533,0.42065409340011,0.720117796880426,0.962589479471208,0.941433591805748,0.422457315849722,0.479034161775722,0.0951351893467363,0.185528817224549,-0.879934983349968,3.17663788014264,NA,NA
940,1.37275086660971,1.12903955935882,0.975736837211539,0.912557779779481,1.01053553330187,0.190805355692282,0.682081536782789,0.647693081574747,0.800025817655609,0.791861686791875,0.0236537408949807,0.0961766670193756,0.951250173858716,0.54795773081691,0.726882501931512,-1.06805547059016,2.89317103014913,NA,NA
941,2.62813569875569,2.84751718297123,0.993115278892004,2.05329057954548,0.920787501707301,0.868594992450904,0.745994194898056,0.925559794397908,0.657464008329436,0.254995054877014,0.531887903465307,0.304264698978746,0.964902980084298,0.373411393795395,0.171352536782739,0.248580238784556,3.8580009203064,NA,NA
942,1.19165176945786,0.787729941368166,0.999954834226444,0.394926863371693,0.846686279106231,0.80410911511234,0.997691507087206,0.624461289555999,0.858838675797102,0.605270019467804,0.434391782721505,0.478872790695517,0.785623335672775,0.0784564336561598,0.873290569765959,-1.26454774988075,2.05440147662413,NA,NA
943,0.395333232613726,0.453433328567215,0.0503987347044922,0.69486346725256,1.00010702647759,0.779989201814635,0.111224941999768,0.351544854100561,0.430500460025854,0.456696691594669,0.847856997927534,0.00887076248333324,0.558554634187021,0.216602314776857,0.125674353100476,-1.26531028532897,2.65503721983409,NA,NA
944,0.141233992504268,0.133167639519212,0.050068165224294,0.580313189062644,0.944973204024934,0.726052612383966,0.0228894509477541,0.0998875739951618,0.141390111865476,0.526390803602873,0.935983410217683,0.310832111721858,0.892619632387767,0.39601865908294,0.738962064075633,-1.27180025718165,2.43242663530693,NA,NA
945,2.62516806889482,2.53898618189726,0.0601880479686591,2.15546473278076,1.08755968588798,0.953291268941597,0.27377677306172,0.650107485402725,0.20178532186721,0.936071085500182,0.254108011250733,0.721590031732107,0.705637770576635,0.59892995005555,0.788299240189255,0.0238869174026153,4.2870425481589,NA,NA
946,2.28633061074685,2.21462740844297,0.0504976088763421,2.56033088980797,1.02568309995951,0.3413352577599,0.122306052602245,0.465919725418324,0.00106236361549236,0.0914928195020184,0.00236201858695131,0.761730720958207,0.235970330481534,0.220731564630289,0.313462325004046,0.550028954335927,4.57063282528001,NA,NA
947,2.45654180382898,1.32359278974473,0.625133049789324,0.975727486912539,0.951930379862542,0.238736392582185,0.521401512069628,0.838220347511116,0.244210902514751,0.698457020015689,0.339818925491185,0.101269995142356,0.732832659967593,0.187429177761544,0.159520372756058,-0.890021773407575,2.84147674723265,NA,NA
948,1.55303897328434,1.52216847869941,0.944759908883915,1.87571160524231,0.897777115914103,0.302377197472146,0.639243322302937,0.863065602061106,0.42475078485359,0.763803167138016,0.908110623324523,0.0230597739878576,0.169646348023438,0.0712939111705637,0.258779667081661,0.116100791906424,3.63532241857819,NA,NA
949,0.922180454764942,1.53047751188612,0.999660973532717,0.0804832409843214,1.0451417987617,0.527876285419683,0.896889107550262,0.331012612171588,0.451519594250014,0.178395141143701,0.600179108431446,0.170240624198806,0.431036990957684,0.461760841746465,0.0339301170507679,-1.96795704332603,2.12892352529467,NA,NA
950,-1.2745581856912,-1.28938431457082,0.0588519395368505,0.798378609524187,0.969805351754793,0.459326369051007,0.266676806038129,0.560755769866286,0.405200911177206,0.426222969194641,0.870021697478136,0.663065106771886,0.419749529658468,0.915820769793121,0.693251494927448,-1.10240495192941,2.69916217097778,NA,NA
951,3.54182195933092,3.49534643362653,0.05007913174339,3.58344201228485,1.20339685090576,0.840308974089799,0.030349006890785,0.996861977484194,0.652398093692609,0.541696530134766,0.0264184932186035,0.97483177902014,0.857037426864495,0.450313216527691,0.629365571145783,1.22482752540065,5.94205649916906,NA,NA
952,2.24694199563675,2.28326557403066,0.0516332468858185,1.68102583081846,1.03705999375152,0.598123078403529,0.181791434509214,0.57230742769991,0.646884504567599,0.0556265041028382,0.51993904328323,0.868681392968632,0.389935834521544,0.449351083065965,0.40499184938625,-0.351574406741855,3.71362606837877,NA,NA
953,-0.0102571959961141,0.0134556259557767,0.0502040199016105,0.0940464053218861,1.18835588662477,0.126679927591234,0.0777107531639049,0.334992659116513,0.329838558102376,0.788794722775463,0.551136358212214,0.417646900199121,0.356069335276843,0.210740172213758,0.293922479331377,-2.23508833327883,2.4231811439226,NA,NA
954,-1.11387552465676,-1.16415631842813,0.0607510001173515,-1.79484831499029,0.849220058040175,0.250828386584879,0.276495908238459,0.369827778831474,0.434949504000135,0.0603146152701229,0.279774123835959,0.604997401682427,0.433057631103904,0.213802798330318,0.0846468362034066,-3.45928904369805,-0.130407586282532,NA,NA
955,0.433755700070417,0.610905380671469,0.972592983504157,-0.00667184166061574,0.83864729004753,0.192530897908029,0.67581945544295,0.996340522251441,0.0458678859968204,0.895094725265983,0.476484499522834,0.188065141446074,0.545369849583832,0.278787899230374,0.427418275466072,-1.65039032588589,1.63704664256466,NA,NA
956,4.20271691644101,4.22024317576528,0.0512780297866265,3.41980536716155,0.914193228437102,0.578970042830799,0.169510193927097,0.742030334705254,0.0505957106200512,0.294126024788595,0.132365695177345,0.350027747551678,0.542738646059996,0.57900726852857,0.555705601523281,1.62801956451443,5.21159116980866,NA,NA
957,1.47750967946836,1.50325299635707,0.0847844535866405,1.16931527291769,1.04057557623817,0.0629560214962112,0.336500547178206,0.0405054494459182,0.982522845613188,0.70429943813628,0.803716143732076,0.158455535990885,0.64419128094893,0.441717724211165,0.0814878332975786,-0.870175379701139,3.20880592553651,NA,NA
958,-0.48229357842464,0.418330882049014,0.997304515424741,0.165779819303045,0.966406012917185,0.243068678686745,0.793102130300365,0.275970508864033,0.472084920600872,0.611142095822142,0.867590524903848,0.177702636137721,0.349356098155375,0.0735057216363493,0.274070255870232,-1.72834116045759,2.05990079906368,NA,NA
959,0.556964636427133,0.482659123637222,0.0926878085618817,0.584943114123006,1.03585615421928,0.584044238971779,0.347171338627813,0.609380116422893,0.167514956761734,0.530346757082734,0.63457843915117,0.260640287615824,0.673848164739902,0.0270632467925316,0.132704462704947,-1.44529764131095,2.61518386955696,NA,NA
960,0.891047312998007,1.72162248804606,0.92329289218519,0.944879275086718,0.905023848702106,0.846984765499248,0.621613831297029,0.387690162788727,0.797714096619864,0.215273279407527,0.895470214507892,0.808686292533181,0.907600178261637,0.454275686615147,0.217847833155305,-0.828934873519236,2.71869342369267,NA,NA
961,-0.112122481302331,-0.127252951905131,0.389118112048698,1.24125714078684,1.13327809532463,0.989853016810026,0.470572241437272,0.135185429460718,0.696414612891735,0.354523291711928,0.938831798841478,0.740877788978047,0.105201446140651,0.6642280333495,0.317222885218682,-0.979927110517574,3.46244139209126,NA,NA
962,3.70383452416985,3.51508602076686,0.997393889772416,3.60817521532309,1.01087188120765,0.776899179919274,0.794792808278813,0.588606986067491,0.63316830160073,0.115213817790966,0.00405475837597623,0.778319702433539,0.416601251169341,0.244689771716949,0.0157810322378064,1.62690273517184,5.58944769547433,NA,NA
963,0.177357261912982,0.249005853171608,0.730404112140955,2.08877067087533,1.13598279024694,0.514947729410138,0.546288138902048,0.75673201193416,0.357116414985387,0.300066705604899,0.071687529387651,0.0156507933513494,0.610705919744214,0.718322028309572,0.853907507143798,-0.137714685065994,4.31525602681666,NA,NA
964,1.40729473783472,2.55449461866977,0.999917822528662,2.19783190625349,1.00500817351604,0.686712488135206,0.967762478202814,0.826300246396568,0.632207861502306,0.935336632621591,0.902289991465397,0.581674978395808,0.0651249209757662,0.325609705854906,0.350576550884871,0.228052081993672,4.1676117305133,NA,NA
965,4.27811083473819,3.45451265909099,0.998310992283464,2.64498944771768,0.928858012318717,0.995770539846737,0.816527064643684,0.384716758879134,0.87641017305071,0.231940795565723,0.592884498112486,0.812581067669787,0.518407849422307,0.377716355711571,0.153564402056509,0.824461196821539,4.46551769861383,NA,NA
966,2.38161497609549,2.46715246054093,0.550117152867586,2.23420245467658,0.780616134372803,0.497341460887692,0.505292758377385,0.105960798731074,0.965312425987795,0.887661410787609,0.395641360900714,0.116303460960975,0.581968110760092,0.45904656141391,0.446663918829523,0.704222945555004,3.76418196379815,NA,NA
967,1.79632703265412,1.76773791799999,0.0615449526616999,1.7292461876865,0.819598789299878,0.790127328789909,0.280100669300184,0.459836330358055,0.353478352893493,0.744300407614442,0.856714631194947,0.641179187966278,0.559221107989899,0.260607953418163,0.0468398400699953,0.122862078886109,3.33563029648689,NA,NA
968,-1.54916570103554,-1.38144077566519,0.177865985428609,-1.32791364886049,0.812446343478431,0.107152190379798,0.406953965503955,0.0476814459931338,0.345631899448461,0.387834202939644,0.424395051580039,0.335961767847301,0.369254518468049,0.476820294530713,0.701441320416168,-2.92027922144948,0.264451923728489,NA,NA
969,-0.246884020879473,-0.330050285165802,0.050382140418889,-0.479592758095607,0.90705847726716,0.443282347130473,0.109098660009913,0.563953016437124,0.209962114157388,0.315602221432375,0.329089471632731,0.968553075683187,0.0872356656832853,0.909760145543609,0.932241314248997,-2.25739470541098,1.29820918921977,NA,NA
970,4.48699006526353,3.48662103255047,0.962902049857516,3.1534459303087,1.09937715743548,0.741253899844363,0.660153343757032,0.501610085500637,0.56036791834631,0.0793004754903959,0.984498857552768,0.193370375493891,0.975462370762019,0.569062674299348,0.794679223966785,0.998706296309147,5.30818556430825,NA,NA
971,-1.46193530434181,-1.46936111756869,0.0540456883555607,-1.9273741311187,0.874213530020997,0.14033630333317,0.227272871946683,0.92210457475076,0.0844339382972103,0.662324158927659,0.0711609268615721,0.719358943073545,0.104641583087738,0.757005574831041,0.0608945298217004,-3.64080116475748,-0.213947097479922,NA,NA
972,-0.0891006929977596,-0.144673574690714,0.0501299974363446,0.408519413204858,0.931064516921544,0.763546503890539,0.0551717157514067,0.385890742268879,0.347614598992164,0.84939042871166,0.107641510434682,0.865493323577452,0.971939280276769,0.2373190722086,0.954695237010135,-1.41633350724455,2.23337233365427,NA,NA
973,2.92746699247609,2.8326178136629,0.158328594926496,2.46278130157466,0.94017194926617,0.278654123175307,0.39748897353746,0.015664494557539,0.023524551701732,0.452282880593208,0.961532230981858,0.146646782088443,0.0342213994541671,0.129590993480058,0.234160064865835,0.620078141738149,4.30548446141117,NA,NA
974,1.52051670727819,1.52720057040525,0.0840790409503733,1.67615251052033,0.809868223213401,0.415758238265058,0.335437624436687,0.137954091546126,0.200225211211946,0.950020776594989,0.840037561387639,0.335185673421249,0.319042506931699,0.583317700599902,0.34974449950119,0.0888399607986141,3.26346506024204,NA,NA
975,2.98579624574786,3.2004244996876,0.999789476784964,2.96459489558236,0.995058363857316,0.746920072510373,0.920719985169359,0.179928419235162,0.903867049587891,0.976419483624981,0.906994987842976,0.761249380891095,0.397832191127702,0.224380249939044,0.147222792899003,1.01431633990666,4.91487345125805,NA,NA
976,1.03278439401225,0.377798385995917,0.998754979329994,0.0710402589533419,0.86395861617483,0.0612451285868883,0.831799922240432,0.717309975661803,0.772075362889562,0.141484355367837,0.32114196508436,0.360361108646612,0.798987058087951,0.774710064904415,0.439204941186472,-1.62228751288239,1.76436803078907,NA,NA
977,1.54863698063687,1.34377850040424,0.631129828571117,1.49804226059264,0.964242609619775,0.0163177401053254,0.522726472289884,0.965576262976509,0.453030451377621,0.157747920246213,0.0381292464958969,0.443439603231614,0.399270867507672,0.137069560922449,0.0268029136887053,-0.391838526621031,3.38792304780632,NA,NA
978,3.0984591242669,1.87002281279079,0.998594441229154,1.75239093537356,0.917131453890609,0.440742408945807,0.825727321402985,0.380889701391687,0.0691087139834417,0.68176785491535,0.388416583053069,0.465562146790326,0.710844999132794,0.334386489238008,0.842051423898083,-0.0451536833408914,3.54993555408801,NA,NA
979,1.61279793829591,1.07966954791248,0.96867798474144,0.671044588328066,1.27453285192678,0.671357279373915,0.668930722515215,0.363346833352814,0.0240448224897264,0.378967175036203,0.100856608858798,0.786745084105525,0.633669526263606,0.103319571564673,0.425539648203412,-1.82699389856154,3.16908307521768,NA,NA
980,2.6671844318737,0.929537749261355,0.973446389339186,0.725730067159124,0.799011311748272,0.160553426612751,0.677447350657312,0.0657750764865195,0.219695495850756,0.692217458491097,0.239212106987368,0.954828233073931,0.981206448167446,0.390472571010352,0.478949560019188,-0.840303327107595,2.29176346142584,NA,NA
981,2.3581846558311,1.11983628649096,0.9703061568691,1.4700963125241,1.13481420740247,0.49899649069272,0.671688333578059,0.151416256075143,0.658828576004715,0.410712262466433,0.626982757851947,0.0580941154528409,0.853542488623876,0.980073512391304,0.127723534929566,-0.754098663129116,3.69429128817731,NA,NA
982,-1.23537191208695,-1.29879158594913,0.243156752298475,-1.44063663872969,0.854572820914661,0.385869803741924,0.431717294287286,0.728136463808943,0.554735936356592,0.486972365695983,0.486564019782469,0.0345360198051203,0.22149190821941,0.884942328931065,0.560032637480064,-3.11556858988923,0.234295312429838,NA,NA
983,2.84333504211255,3.55556768950438,0.546340669737785,3.35528570102544,0.969689184164071,0.665857685119146,0.504495799130644,0.729633326203329,0.911781156690093,0.845509633418755,0.373090154393576,0.758862557259738,0.299482866049395,0.0363607594497735,0.977135196855525,1.45472982386583,5.25584157818505,NA,NA
984,-0.915467408415173,0.971286468949622,0.943885913988555,0.0254976822391875,1.11458445937224,0.134562893273076,0.63840956427413,0.375864263247116,0.533503152380232,0.586253325117053,0.572580036366009,0.519163922800566,0.9714451895901,0.369578694341355,0.257659093299066,-2.15904771585845,2.21004308033683,NA,NA
985,0.377264638963169,0.442894269137935,0.0507822684618219,1.03822623847642,1.09559813417202,0.60123785182985,0.144940224965801,0.618378002093989,0.131812321663834,0.43220674358285,0.755489308275166,0.911454025380895,0.447319983010762,0.0076137846900383,0.981276597389253,-1.10910664603002,3.18555912298287,NA,NA
986,2.03910008679489,2.0231203018197,0.0510371210493382,1.204077892288,0.93658740633954,0.2250159795566,0.1590539485435,0.778432869682438,0.883119306573411,0.662908038104186,0.273706176674226,0.204188222032739,0.872292254419182,0.498210088106571,0.416167735418305,-0.631599692511276,3.03975547708728,NA,NA
987,-1.56846365579577,-1.42191537493976,0.976047486430909,-1.90549212939511,1.0939842518695,0.220797906324966,0.682742612276576,0.469509910413413,0.656094487205031,0.64371679488325,0.704334134213976,0.979796038202476,0.369571896627429,0.263876993298647,0.557357018253067,-4.04966186271333,0.238677603923114,NA,NA
988,1.02311663633452,0.556661450221667,0.995971266702591,-0.13510793072477,0.856073550719838,0.768987082150532,0.772938009341829,0.621100576644531,0.290332484855084,0.186400667054928,0.695700367196696,0.246202651838772,0.329064538693056,0.263173849627259,0.542247851411696,-1.81298125825298,1.54276539680343,NA,NA
989,2.97177768685339,2.56351897050132,0.636876291493859,3.19139575025241,1.16838419897341,0.0060185664917808,0.524003523979918,0.828281530542416,0.284200608424377,0.299570185451885,0.00856291297869757,0.794073419380118,0.208364085194189,0.175941974507412,0.355952167779906,0.901404800158849,5.48138670034598,NA,NA
990,0.281171063316302,-0.217535328589134,0.375339195742696,1.36954014103057,1.08807646260676,0.681138751262333,0.467382976402878,0.094674313693773,0.628946370991645,0.464247553953319,0.781001831169706,0.884887507128529,0.922945982919307,0.751479801996844,0.160677939867368,-0.763050538104425,3.50213082016557,NA,NA
991,3.59321609049581,2.90146862330511,0.995293452020638,2.42214500113854,1.06971390485527,0.80610037312971,0.765127034214907,0.279850214272155,0.748076187945553,0.67535894654505,0.833698886193451,0.163593478396884,0.370038413286675,0.875450082404423,0.00931297441711649,0.325544273860511,4.51874572841657,NA,NA
992,0.321868361955036,0.0249114496057095,0.936614667055834,-0.106296877202918,0.993336356869343,0.0315881639810977,0.631908898605267,0.297920735394233,0.990055006436072,0.0954356749763247,0.0216092718433356,0.451939176455257,0.785486507773167,0.988776691067149,0.347116005823715,-2.05320036120106,1.84060660679522,NA,NA
993,1.18338400651199,-0.340995536528146,0.99912214270312,0.440115060426793,0.93859050490561,0.234199225463439,0.849290436382988,0.3734129719513,0.12068796418421,0.48019663071353,0.722508313409868,0.996971014345996,0.185068207134609,0.714551176094334,0.706503668911522,-1.39948852541947,2.27971864627305,NA,NA
994,-0.135037823853849,-1.14303177653135,0.999323976645023,-1.60011315327241,0.86866721166109,0.156496441597003,0.862363889125292,0.182080630003591,0.675114728803863,0.1230522925806,0.337048027538112,0.633062551663956,0.152646759179654,0.649149728177581,0.590360651144641,-3.30266960267898,0.102443296134158,NA,NA
995,-0.913158912833188,-0.76407863655779,0.0865153182918223,-0.618559997245534,0.87753988707555,0.371211837245501,0.339023262244533,0.957201917568455,0.153309166251449,0.478196574463975,0.565817718653358,0.66983351958124,0.358550179039128,0.166791297368356,0.0943064781550784,-2.33850657091096,1.10138657641989,NA,NA
996,0.757846522478765,0.910805288676687,0.999680065956826,1.70624227522442,1.10216926731493,0.711164809135953,0.899788278735592,0.797788326470531,0.62187640907208,0.71265621992317,0.119248459606548,0.0134997293290216,0.247194765061024,0.728817380623193,0.39849108843063,-0.453969793579731,3.86645434402857,NA,NA
997,3.97030754439712,3.95960615567474,0.0508177546223632,3.28736756609923,1.1008302624124,0.853416042446625,0.147160311019979,0.117274482648354,0.512464666653424,0.698967333714012,0.338393961654394,0.572651330748689,0.172757551725721,0.890675556845614,0.757817552824388,1.12977989867914,5.44495523351932,NA,NA
998,0.478201530022977,0.430199275115228,0.0516165119157673,1.01638380948575,0.951996419321053,0.951756681192783,0.181275587287033,0.611137982315267,0.877225580499042,0.630656117245438,0.38227298506978,0.765369110173779,0.788674962061225,0.366719525978551,0.750087311907206,-0.849494885794605,2.88226250476611,NA,NA
999,2.17145955124214,2.18448289293241,0.0501875256165979,2.12252481687987,1.0316829112896,0.317209930792335,0.0734947804614203,0.676966082451516,0.235094171722769,0.0407604601612547,0.0563428102845792,0.999340409817407,0.408046424925211,0.781863558160258,0.881462559980573,0.100463467286827,4.14458616647291,NA,NA
1000,0.0574443341502794,-0.554172377737472,0.999766280675958,1.07161954706386,1.08554062218323,0.470351298910799,0.915492514372803,0.340282778583933,0.232803057955345,0.426527588518802,0.227238046999788,0.121490502539906,0.81251895481383,0.440897020041593,0.331890845786198,-1.05600097617047,3.19924007029819,NA,NA
1001,0.795475563753327,0.844265506385884,0.223959861131342,0.856467627883656,0.926285824019557,0.467579749594093,0.425231017262908,0.419121127716382,0.203100095861824,0.128072493289365,0.148032478557783,0.53013040845166,0.127673386277282,0.0938499851528322,0.332619144078111,-0.959019226584682,2.67195448235199,NA,NA
1002,2.96755102069041,2.93167639957111,0.050634888991522,1.3841724028769,0.984261805425356,0.566396501037176,0.134495071557467,0.81945003028214,0.874934068741859,0.875396662275889,0.729082649702905,0.0712894755220041,0.142846682123956,0.241218845797703,0.00772659423120785,-0.544945287115164,3.31329009286897,NA,NA
1003,3.65255618481168,3.63372064561555,0.0723640664778154,0.250355167932791,1.0642925159036,0.54293209096347,0.313740807645023,0.180054947905126,0.968783620161121,0.30599399439001,0.229338386812364,0.476916885614861,0.345367380628828,0.0496206888675224,0.137732814384275,-1.83561983225379,2.33633016811938,NA,NA
1004,1.31051265583476,1.35314183492981,0.05009185784635,0.972179600175401,1.16270960829101,0.832976154084201,0.0378060833637137,0.163613470084383,0.620776035133284,0.438895641013281,0.177822930287919,0.0792247719638981,0.630945201814524,0.465521091402275,0.407431888005347,-1.30668935655365,3.25104855690445,NA,NA
1005,-0.804160345462601,-1.47547529414391,0.999799174462936,-0.992558441371758,0.901069337146038,0.111093026129412,0.923078464479186,0.303954442877555,0.724345945948386,0.00923494887677953,0.505515138973598,0.417339775929926,0.850187464398565,0.066071044900571,0.155872147260117,-2.75862188975137,0.773505007007854,NA,NA
1006,0.176395197311475,-0.741968606659127,0.982224350288167,-0.619791260067196,1.06830170512342,0.0807679346996592,0.697987198894378,0.0485022344572935,0.447306468700524,0.454164720753441,0.443894787869183,0.481782419098308,0.842246079922188,0.0996920645643258,0.275424259886611,-2.71362412673182,1.47404160659743,NA,NA
1007,-1.40445318773483,-1.49458272619039,0.0513267926082915,-0.740480758991505,1.02872076481514,0.0385821965794312,0.171385003619362,0.725613315455848,0.690424428638653,0.31180968297401,0.838316134877154,0.339526974419714,0.762646013594349,0.849935419715359,0.645483851936529,-2.75673640817768,1.27577489019467,NA,NA
1008,1.00116986505651,1.71140073005149,0.928309845583443,1.96408210592797,0.956408786047825,0.30419269038504,0.625282300443389,0.504981758060167,0.0545939269691007,0.742592869565822,0.37600300215988,0.97810856479127,0.082458633143804,0.410382983811665,0.639351836626069,0.0895553307765553,3.83860888107938,NA,NA
1009,1.90988188961985,2.14518048803987,0.999592504503143,2.92171207674704,0.961158816442953,0.896951428494765,0.88768791734823,0.52118381610699,0.148882755887462,0.0362611374426633,0.190540192233864,0.742996238884633,0.984359253485803,0.203917230152758,0.679783416535938,1.0378754130957,4.80554874039837,NA,NA
1010,-1.62153468541263,-1.68046424963424,0.0500826326842667,-1.75193392290985,1.3023024452146,0.202584119641106,0.0325137508771149,0.195866500855889,0.709717116354266,0.0350791060063057,0.83733329546731,0.305026334393653,0.607927265263512,0.586432128171437,0.658233233920415,-4.30439981250891,0.800531966689205,NA,NA
1011,-0.491805203268991,1.2953123640834,0.997048105924906,0.725890190135286,0.941356842771265,0.282017177870031,0.78854514332267,0.849675999528961,0.778576892913552,0.447516526854597,0.379169969528448,0.407111782077467,0.527194835228845,0.994595361547079,0.632310373249464,-1.11913531829673,2.5709156985673,NA,NA
1012,-0.852225019780429,-1.19172129202782,0.810689142589226,-1.40179791505526,0.850158484287443,0.150908549177693,0.569541718841647,0.969028916980838,0.997007547038142,0.494447822061135,0.301095554834814,0.228942401462467,0.782626563411322,0.862148704184219,0.743623437249917,-3.06807792540981,0.264482095299285,NA,NA
1013,3.01743927142993,2.22981461934155,0.993820035276925,1.25966447669755,1.01178759331924,0.882536701368168,0.751431147208088,0.314266425410635,0.760264309499529,0.654762825373909,0.31715396787494,0.602969793081516,0.37296022501355,0.773549183826311,0.990218200304662,-0.723402766212618,3.24273171960771,NA,NA
1014,-0.624460081904099,1.22813456309074,0.990168234301012,1.43130312360672,0.863782962360623,0.0849756861644564,0.7280220145192,0.704850162974326,0.307718629589886,0.851888564461959,0.804919140424579,0.857811758693308,0.926743515601032,0.452845943531487,0.312744357176824,-0.261680373079415,3.12428662029286,NA,NA
1015,1.77748881738786,1.71822179191838,0.0501055272881317,1.4202357369973,1.02173448974265,0.377153613618459,0.0447431699348381,0.476568631240516,0.889177863366902,0.891063031447702,0.761996024662047,0.266653928599088,0.961855886142352,0.529841121717822,0.289707978999824,-0.582327064660712,3.42279853865531,NA,NA
1016,0.996546565557403,-0.250392238042016,0.99930481253097,-0.556825350566482,0.896099601219254,0.345953585914103,0.860965183530585,0.658684593002661,0.544594813122298,0.736348781058914,0.0404358108950546,0.953857933767024,0.187824373991694,0.578559903338202,0.375233916398487,-2.31314829551692,1.19949759438396,NA,NA
1017,2.00987570926158,2.45864248974324,0.914259637545881,2.40757732863756,0.982300229732401,0.825526054407586,0.615527477077791,0.690192351420177,0.497254058066057,0.500859418294975,0.920755490308045,0.783573474835022,0.0407590804263018,0.81597094406723,0.759322681826306,0.482304256356632,4.33285040091848,NA,NA
1018,1.27461344157953,1.19663698673062,0.0500881159060756,1.84061794247107,1.09907508655716,0.689275918073836,0.0357264278325019,0.0395041357571026,0.562854748179321,0.38281524703023,0.499802193662501,0.629927102347137,0.879345704132225,0.650814353111782,0.973470389948343,-0.313529643486191,3.99476552842834,NA,NA
1019,0.551786761331998,0.497054756058328,0.998910725530665,0.865489964624992,0.828444039152426,0.163856504278723,0.838490143594216,0.69387411614263,0.88626475613215,0.179912997580017,0.67503602035041,0.175520229975926,0.786719173087971,0.623706074751914,0.723482639916823,-0.758230515320653,2.48921044457064,NA,NA
1020,2.96851379577852,2.58573275035152,0.525408880292903,3.99660062448611,1.10287848346222,0.90311482682114,0.500086080082925,0.999627282376867,0.8915991449625,0.295774171849713,0.413508324677241,0.242261369929533,0.593325974496547,0.149404723464977,0.184873090022127,1.83499851757601,6.15820273139622,NA,NA
1021,-0.886740192853271,-0.913841998864726,0.299861380074372,-0.616137827895231,0.865157957110735,0.284511218992295,0.448481397023774,0.59542284839449,0.114463579961914,0.925010671000346,0.752980031912215,0.972836153427954,0.0608224809459643,0.83797461375338,0.870458203900489,-2.31181626477052,1.07954060898006,NA,NA
1022,-0.761857944936708,-0.87945234147933,0.050906071575887,-1.34624134272786,0.830943634659206,0.269721701715258,0.152292762805009,0.689727064873674,0.828780899299192,0.343690634540166,0.495125052552321,0.330934918677085,0.573429662329261,0.117366438243305,0.732339525232674,-2.97486093984271,0.282378254386997,NA,NA
1023,0.773348041173495,-1.0963558013121,0.965752659930983,-1.25155426804012,0.901798796810343,0.104193517458858,0.664306870341417,0.730569689079653,0.667849100275547,0.279372526783263,0.375686141401529,0.923930961918552,0.662433027303428,0.330711367500713,0.175150693495176,-3.01904743108994,0.515938895009709,NA,NA
1024,2.57749784193274,2.75399994368254,0.20062338478379,2.88339867817019,0.898685406299831,0.741920172416838,0.416547519391519,0.0839075566838728,0.816848440349684,0.471611067152699,0.925232743932866,0.658733497370151,0.974566165937576,0.24887190790684,0.832340388529468,1.12200764839077,4.6447897079496,NA,NA
1025,0.427572807918244,0.477425193649358,0.0501031746484559,0.526210482836066,1.16332918651883,0.196986985954456,0.0436157257793238,0.813522754974081,0.0976419881635811,0.23852946031699,0.95303812558495,0.209538270978257,0.997911371453549,0.709230792183196,0.498494239030406,-1.75387282490511,2.80629379057725,NA,NA
1026,2.99070595018501,2.98790414276262,0.0514343675458072,2.54917746512526,0.933201589267752,0.991207497048192,0.175288651719922,0.637895835144445,0.119674277045066,0.154452945007128,0.993100011871778,0.657155020708917,0.0301563069300028,0.354536579803331,0.583528711794061,0.72013595984493,4.3782189704056,NA,NA
1027,1.13319888785969,1.07873378072453,0.0646149044449393,1.208133276255,0.808437315616826,0.93126446668501,0.292054177449667,0.806497000203701,0.528210340457037,0.0887485641734675,0.749203959721024,0.446103630915866,0.829796567322919,0.382598171468591,0.95071118545637,-0.376374746112216,2.79264129862222,NA,NA
1028,1.85072952214569,1.84881268548584,0.0576295567308998,1.96211074376922,1.08136594759849,0.930750944428146,0.259181564945029,0.714653955466696,0.163310276850592,0.279687636792194,0.289249969711411,0.821012666398543,0.780798494521179,0.41181038600835,0.885019564853516,-0.157327567631844,4.08154905517029,NA,NA
1029,2.75040889419151,2.9803340585298,0.968949305732164,3.09187961169059,0.794329179972027,0.821054256238858,0.669380489530391,0.553042244160199,0.701449677735567,0.582986906465027,0.875538410415407,0.383616470308043,0.540437478683307,0.778380721039604,0.475985296091065,1.53502302707618,4.648736196305,NA,NA
1030,3.19026963153036,3.21059025114436,0.0878610340560598,2.69366537976099,0.913299963390351,0.932668196435901,0.340906505231513,0.831424751554732,0.822233920946484,0.0923813373814337,0.653900112237316,0.036294920451357,0.88019024785771,0.186745024364442,0.524791620496777,0.903630344434157,4.48370041508783,NA,NA
1031,2.2014882953563,3.83534415941485,0.998542936391749,2.70177059400223,1.02741634305602,0.83546894885425,0.823925193638308,0.0358541742991656,0.522239587986376,0.224423534208443,0.298712919966783,0.32472999379551,0.184879170093569,0.0346675140003208,0.955197267474607,0.688071564484573,4.71546962351988,NA,NA
1032,1.79444324941593,1.83883941963573,0.0738754915324729,1.48538844317079,1.08833112670222,0.039813587433775,0.317092189495335,0.283724722467945,0.22849653569283,0.962280885129469,0.948389382754336,0.583297558608232,0.362436492282897,0.771610915090889,0.0769574086494977,-0.647701368419456,3.61847825476104,NA,NA
1033,0.317231995826642,0.3088339636809,0.0502798493200216,0.820304312304461,0.976542871455459,0.990737705237698,0.0935164336794987,0.419500646518078,0.142418795806821,0.201622022563359,0.947390752804466,0.710836123605026,0.445529870709404,0.555050649644458,0.0853173197977012,-1.09368454510757,2.73429316971649,NA,NA
1034,1.7533795364979,1.42780138783218,0.99975179296634,1.3736532230865,0.961865976147982,0.398982150229043,0.912484637391521,0.913006373903481,0.765847046585171,0.628580834810738,0.202875414327253,0.689066150185419,0.00980870601371862,0.0109209235490998,0.791908940488123,-0.511569448118012,3.258875894291,NA,NA
1035,2.09455358017993,2.66811621687287,0.966495603580807,1.55313455441786,0.968611187870095,0.975140349670546,0.665444030184415,0.512899986652425,0.0834540064240573,0.693014948683092,0.319589408150176,0.497795715417131,0.856428506071563,0.192867337887641,0.173737190865097,-0.345308488830088,3.4515775976658,NA,NA
1036,-2.51096426514844,-1.18406024089951,0.995603117234628,0.392086862686515,0.931250599136801,0.481251731939381,0.768546355789178,0.971496533279191,0.180749016124173,0.617725519484258,0.0413030129622202,0.991548744540079,0.351434191382839,0.510958037437173,0.748039709362551,-1.43313077220296,2.21730449757599,NA,NA
1037,2.11319346403294,2.21669219724908,0.323522072450985,3.07414884494326,0.971380132067151,0.730560156719293,0.454724125130451,0.101197536110529,0.550267996711424,0.00253116311749909,0.155677994115511,0.627366771159694,0.820428627354326,0.20896835522342,0.591725804630551,1.17027877079388,4.97801891909264,NA,NA
1038,0.573989523370375,0.277344311283208,0.296467907821463,0.774031457867001,0.892721299073028,0.522134332249174,0.447555915010977,0.0777795144919073,0.709321689780918,0.433979415859561,0.989040793910623,0.637043412536848,0.578157017633552,0.981324185111443,0.710643687857082,-0.975670136547944,2.52373305228195,NA,NA
1039,2.38098660170241,2.32142995780066,0.0501923316431286,2.21236024866792,0.831532351098629,0.147037637750735,0.0747603200594895,0.252965313128545,0.637634321799153,0.504394249729929,0.0744806108409539,0.36591273287416,0.787535989075783,0.396537392782979,0.980413539706846,0.582586788534696,3.84213370880115,NA,NA
1040,-1.14502114146465,-0.214407641769169,0.942638012994451,-0.406665692184301,0.949551992025563,0.75559314423264,0.637239965072717,0.191881672739401,0.624471821178333,0.241474015926826,0.186475925770006,0.992268349148799,0.49160565143032,0.708554226437467,0.731721377044334,-2.26775339800267,1.45442201363407,NA,NA
1041,1.67419269020684,1.6725368037044,0.0501348272551346,1.22205754177388,1.01864876937339,0.142591329587274,0.0569959518694086,0.117936132789007,0.714602462320239,0.908966100326856,0.666628147960408,0.111165506861988,0.778026500233565,0.132001083730836,0.0319657188254641,-0.774457359094012,3.21857244264178,NA,NA
1042,-1.78228743557704,-0.224816978983301,0.999733592185055,0.430490074822801,1.10633000116764,0.706416407558369,0.908945426067803,0.731464895337704,0.650557543132105,0.734360261412337,0.143282391265151,0.161893276218325,0.0683193453205749,0.847400464817765,0.722957528692903,-1.73787688248193,2.59885703212753,NA,NA
1043,-1.16700728071656,-1.17567782076573,0.051699633264941,-1.18617986449251,0.901961137166487,0.282806749998941,0.183787060333299,0.852835998806404,0.539783276573638,0.964873455541208,0.604449897170416,0.950104173863772,0.929838987761759,0.0671278931606794,0.157441434735083,-2.95399120879362,0.581631479808597,NA,NA
1044,4.37473236933803,4.07147972932624,0.269333994526717,3.4606654037228,0.995088234879999,0.570926783364848,0.439831960136537,0.823591917529237,0.267874312061584,0.109298420344247,0.599679378353991,0.0928285101827933,0.270538372058538,0.77972669495875,0.513320493139909,1.51032830191847,5.41100250552713,NA,NA
1045,2.97427875280396,3.43819926691273,0.99964308069434,2.55806387398409,0.876982096946244,0.716555942375911,0.894316588339279,0.876260418110643,0.742935268050525,0.0103577913522022,0.688520064181183,0.766756607215153,0.332765329402639,0.831750032831565,0.256462743008742,0.83921054888304,4.27691719908514,NA,NA
1046,2.90074561082237,3.06922039323555,0.513289332118635,3.00894998492326,0.97687771058857,0.989067842101795,0.497534096544725,0.809617257660255,0.442281705128262,0.809685009929002,0.22985445034958,0.472402475645649,0.968682378715952,0.90773412083264,0.995448364378302,1.09430485486972,4.9235951149768,NA,NA
1047,1.31512643780283,1.28605900094335,0.267117712085997,0.937190804041175,0.949985320685683,0.0339939946789527,0.439172727948055,0.885193589286879,0.37615561207477,0.729542171167675,0.201754470994347,0.538266679018503,0.310508170326473,0.348721019768971,0.474173847616301,-0.924746210344496,2.79912781842685,NA,NA
1048,3.85250141621416,3.87590805089932,0.0509445676928154,3.39942182241483,0.882518113559166,0.836212632135604,0.154375243386719,0.774073352112901,0.0897355324340751,0.132846446705051,0.452841778055299,0.30609574540786,0.264412223155028,0.152559275417589,0.187216826467542,1.66971810413464,5.12912554069502,NA,NA
1049,1.05794857905957,2.00623038133098,0.97763652312185,2.13763298118912,0.813493953351665,0.135991663432564,0.686260542337317,0.256604468437727,0.0711817659771768,0.26846865127224,0.286359870558837,0.482914193131146,0.0624978500760626,0.2063766848878,0.315938056605868,0.543214130978751,3.73205183139949,NA,NA
1050,2.33483940791139,1.91398151767582,0.87161638102883,2.06177287610111,0.855361769125907,0.507408635129803,0.592812539568287,0.580175136006437,0.377734736746061,0.289699790999875,0.35340400172025,0.431215984503855,0.555062861873186,0.299651354282978,0.0991708852396114,0.385294614861872,3.73825113734036,NA,NA
1051,2.15320795360899,2.11313853050293,0.138544973634053,2.40645571471275,0.907814361906033,0.317809618576313,0.386244387442828,0.308448351357132,0.956567317005713,0.937612460140139,0.430345434780582,0.269291642783326,0.608452044425765,0.27073252429592,0.359493992950302,0.627172260728715,4.18573916869678,NA,NA
1052,4.13049750258569,4.06867615225385,0.108216856092349,2.6110740133884,1.1235928254937,0.972374413910089,0.363547597278608,0.289283537155949,0.910341897413018,0.543315917650354,0.0480326371164992,0.366006231391686,0.133892724001547,0.705046217536554,0.192836345967953,0.408872542133149,4.81327548464365,NA,NA
1053,-1.46915015262861,-1.34721577429925,0.976527392568039,-0.906474282637398,1.07449188718512,0.082695730520878,0.683780475543113,0.679884123822092,0.397396859291126,0.559508603044087,0.431694920122158,0.586534334958764,0.853196481189923,0.622332102642744,0.972853431375697,-3.01243968320071,1.19949111792591,NA,NA
1054,0.072396381927016,0.379001158817172,0.999832176952682,1.25852051126763,0.986272183410002,0.991890529975528,0.932056522880099,0.287243272838532,0.614777811524458,0.888854331174633,0.0351838852037909,0.548217757363687,0.0990670775723411,0.482837659148965,0.63152098389098,-0.67453744716966,3.19157846970491,NA,NA
1055,2.6027150116123,2.63207004985873,0.0500505214382344,2.09493501186576,0.923913642514894,0.0928107756546233,0.00791168419946916,0.0730591957779834,0.103029920988716,0.775567810781649,0.0903108434220776,0.405908925505006,0.864386768880649,0.0516568233728176,0.0842461978932843,0.284097547711357,3.90577247602017,NA,NA
1056,-1.06250171882859,-1.07109720420198,0.0506928487855583,-1.80664597027055,0.902858489387678,0.112194329513819,0.138866204486811,0.0201521676762495,0.419158837722614,0.368799560953979,0.252693791872705,0.181127630966017,0.400765946690342,0.55143666414998,0.856841396959964,-3.57621609260664,-0.0370758479344655,NA,NA
1057,2.00775590138081,1.34913006622067,0.947487672862067,1.14635239872402,1.08167796104671,0.582956447009696,0.641927572031622,0.934854994732421,0.991306946773664,0.689102192654857,0.0369718342890264,0.150496518636821,0.0842876894951332,0.30924784025026,0.334258240799885,-0.973697447798251,3.26640224524629,NA,NA
1058,-0.659525905826123,-0.562463096303755,0.204671662674146,-0.198337176483185,0.993149759370303,0.261558259740006,0.418127476624562,0.582267451027408,0.995680049334187,0.37227062184643,0.883030130560161,0.893582993593067,0.357901204514201,0.379134620543337,0.655371617211262,-2.1448749361036,1.74820058313723,NA,NA
1059,1.11817731896032,0.981776365682299,0.628167805642793,1.09200729748438,0.875107443464801,0.223000924129155,0.52207107428275,0.57308089951647,0.183534172937158,0.91031081787881,0.403547382915975,0.693019645675085,0.395535435784492,0.0799190163869644,0.806426437108079,-0.623171774309547,2.80718636927831,NA,NA
1060,3.62923920322044,3.53771793198506,0.99952118080247,3.70689219506642,0.92838129271376,0.586991477438714,0.879619502416812,0.224591938576312,0.774599499581382,0.0540388628049986,0.0553972189266933,0.804893289889093,0.638271617502905,0.572963938684086,0.388501586060738,1.88729829742671,5.52648609270613,NA,NA
1061,2.67448780795463,2.17944723627817,0.246057909960576,1.49068887607245,0.803491451856799,0.169946223497274,0.432654725658824,0.50909086263692,0.2927450485687,0.826885110475938,0.335907511236379,0.219828247002559,0.153241977747995,0.208489729280816,0.244439268688671,-0.0841254314526767,3.06550318359757,NA,NA
1062,0.744973825393844,0.777480034576478,0.0500498658494327,0.639026823898177,1.08469479023438,0.100638943506172,0.0072585808262229,0.0217272598588606,0.321560850526206,0.740577415046981,0.358527641013497,0.731812357848277,0.537579236631165,0.573172211787547,0.675278419173439,-1.48693589917944,2.76498954697579,NA,NA
1063,4.00088549902683,3.48617347108946,0.887250012221567,3.70147893849342,0.833832293200826,0.805352069607587,0.600247492814204,0.249550522301462,0.138757000755402,0.860495127366506,0.556253081731382,0.130918375252513,0.300262342174421,0.994422223489615,0.197216745029553,2.06719767467336,5.33576020231348,NA,NA
1064,-0.630991710661197,-0.423374920774158,0.471094619957189,1.69921777293081,1.19377596680048,0.748036440505995,0.488602400438278,0.372108115226496,0.770779939966975,0.517047152392217,0.904022212013253,0.981593493403518,0.15399738153303,0.843613014647504,0.768501796403318,-0.640540127607606,4.03897567346923,NA,NA
1065,0.629100639085988,0.480444076719335,0.755737361794043,0.568253922624763,0.852291567474658,0.340701727820327,0.553049956349772,0.501064886011882,0.527760098561295,0.464719323713332,0.7889550159676,0.544697467338876,0.0643252631896175,0.938869378753239,0.681198582355282,-1.10220685395275,2.23871469920228,NA,NA
1066,-0.00336994642251248,-0.0676327568498089,0.0508646601786312,0.373940192820375,0.897892555776897,0.331290651383111,0.149951494607842,0.388380657873699,0.170740733716171,0.549287595210015,0.32474642565113,0.715418277855613,0.127417844642536,0.0266364511263091,0.0603654024938587,-1.38589687848896,2.13377726412971,NA,NA
1067,2.63856078386789,2.14533606403346,0.997339701096493,1.72638434828904,0.841881026178299,0.886788806908531,0.793760962776141,0.588202527874964,0.349522788191563,0.620861466160859,0.240042253988911,0.0760001101624221,0.756968300477602,0.0536206955406815,0.670355820459779,0.0763278577119475,3.37644083886612,NA,NA
1068,1.05555434681768,1.4478755483624,0.91937113537196,1.71958875039597,0.967031856324121,0.00236756191914901,0.618895670501748,0.230058719150256,0.147066344269784,0.100531672779121,0.800812691002386,0.233488609767635,0.305933853071299,0.998020570525434,0.739870177302393,-0.175758859902218,3.61493636069416,NA,NA
1069,1.07835906073556,0.979415806277824,0.0754556088283257,1.43235501484254,0.955137802045559,0.305133501655888,0.320381751940586,0.0452202190099051,0.297132877457538,0.767880890190601,0.244656466548913,0.895900943448185,0.765422466793912,0.951786689632107,0.480642674016417,-0.439680677439504,3.30439070712458,NA,NA
1070,2.5729448829008,3.8901057904906,0.986557674040103,3.42821202867716,1.16944362912135,0.925318701695884,0.712190136102028,0.548042262225994,0.0573374934142921,0.082119120673975,0.123155018714955,0.469452195431455,0.905334979634266,0.891255558335222,0.110908592707128,1.1361446336495,5.72027942370481,NA,NA
1071,4.15526688042171,4.12858554018788,0.910979595861839,3.39642379872168,0.950429470157299,0.89776414331852,0.613460260126274,0.0187524397727102,0.63153991752048,0.131623351012007,0.573062456006417,0.02590406214213,0.00562017384101637,0.0837584439023631,0.705017311780364,1.53361626736789,5.25923133007548,NA,NA
1072,1.61395358020657,2.40536908560606,0.387031907707555,3.25121867232324,0.943707296094758,0.829191250693402,0.470093236231944,0.684271823790506,0.00906925965868868,0.0758768176878803,0.350008937021601,0.621246876834193,0.33714016415365,0.0526271466712933,0.752198777558166,1.40158636002984,5.10085098461665,NA,NA
1073,1.54257365467316,0.340407559398919,0.993905412344491,0.354917585137457,1.00404555670389,0.260385346618132,0.752131242730189,0.725255770882242,0.32810214950447,0.402818175656954,0.1104101959744,0.994663608173141,0.510569998064428,0.356408900386537,0.130219633203698,-1.61297554483964,2.32281071511455,NA,NA
1074,1.33025562639895,1.05999663677614,0.99994866180618,1.40515226755759,0.992028388867963,0.785134938555537,0.991286411392619,0.898699592309422,0.555179249231704,0.443249313498847,0.372759826032445,0.862068909708993,0.910060566964909,0.470751558025833,0.119330784937483,-0.539187646264917,3.34949218138009,NA,NA
1075,-0.922835916542407,0.049235435956591,0.995357190402219,-0.0288610706656875,0.954879378119752,0.291137680368032,0.765812156779459,0.448341799562797,0.772784584592795,0.325818539877073,0.553580103622284,0.572028234512312,0.638962105727987,0.788882839043974,0.349307532356121,-1.90039026136041,1.84266812002903,NA,NA
1076,-0.535854304866589,-0.00202392414558041,0.86346522340898,1.13857566812339,1.21598039806805,0.494126662633847,0.589236191033269,0.404756453809678,0.977337026044377,0.703629927796894,0.593107489429647,0.488539127211436,0.131296427232097,0.29019296452892,0.64589061015984,-1.24470211799667,3.52185345424346,NA,NA
1077,3.35397436875525,3.21348786233268,0.16665715515073,2.97191867171608,1.00480416616681,0.538935599357472,0.40168970996351,0.663278827761649,0.0610055688639404,0.503718118322897,0.353962712888955,0.748497048642952,0.909269245263771,0.0455373224704526,0.834216140749748,1.00253869451333,4.94129864891882,NA,NA
1078,1.42480568032741,1.70364185806854,0.487009665314692,2.38125537701904,0.879432709125648,0.518186080764164,0.491984915402601,0.442270781925065,0.0885872715828009,0.130293862293707,0.0950559646202019,0.0521161342486739,0.82521926655306,0.754682513730251,0.963285703728674,0.657598940306277,4.1049118137318,NA,NA
1079,2.58403637742909,2.73205027617772,0.0703488408701495,2.67039886104398,0.884755652110907,0.57321522669238,0.30891072662489,0.554289202399086,0.034258321357891,0.831055630651652,0.267558595417999,0.523131141560385,0.953446125884191,0.478686022030539,0.700756061214139,0.93630964778835,4.4044880742996,NA,NA
1080,-0.118665339833085,-0.131462624567495,0.0502013727028743,-0.0259526389614924,1.02719273786948,0.215305726181134,0.0770576082193293,0.108309611388016,0.301215857009403,0.728862857144326,0.133170780374436,0.154139309549355,0.908611928993952,0.970322171866428,0.772160204359097,-2.03921341036677,1.98730813244379,NA,NA
1081,1.08305091724845,0.684058696819767,0.833698964895166,0.78014009375371,0.87949913774609,0.16480721829494,0.577511268138187,0.226632927380851,0.402721339379088,0.342798369620228,0.745039884789614,0.877972829421749,0.716155130233034,0.565469816175639,0.600860168887651,-0.943646540662659,2.50392672817008,NA,NA
1082,2.48591581340327,2.4422935338936,0.0528343461200612,1.55074259472968,0.990389720332981,0.64702507116273,0.209416863115388,0.389657881915919,0.421084259990719,0.615333874281379,0.523948329904699,0.483148366315174,0.654486260566162,0.347559682189603,0.914468112774775,-0.390385587781663,3.49187077724102,NA,NA
1083,2.74484084006419,3.00452049295758,0.999947700177189,3.44859553198291,1.39286475621872,0.970802611546591,0.990358461323776,0.467613536147983,0.615056538327946,0.0138353138217935,0.275030314174946,0.687753034064081,0.285185104881995,0.489770503259613,0.09129989524954,0.718630774459059,6.17856028950677,NA,NA
1084,0.431142916962809,0.379251195635563,0.0502563938307443,0.159763196020553,1.03138182257588,0.8356161743392,0.0891383662394946,0.636235430894885,0.920637980980799,0.53074763006391,0.156849145440268,0.866692309407168,0.497014903251082,0.917584297555732,0.495541237202589,-1.86170803053745,2.18123442257856,NA,NA
1085,0.666186855365051,0.862402897283306,0.704797430426629,1.13531635376585,0.986665570378782,0.151901775850565,0.53983320620365,0.544392783210496,0.722167741986807,0.900415418779245,0.921225981386495,0.60352823807369,0.737591410248657,0.982956735700485,0.620856132451445,-0.79851262896223,3.06914533649393,NA,NA
1086,3.67932133965471,3.16409092618452,0.992857029477499,3.45392324047101,1.22376350063979,0.896022055148729,0.744139296465553,0.649066302630701,0.834967507180176,0.9966270391047,0.0213349303167779,0.0466819353646133,0.760199520648923,0.872542528191581,0.241622696907609,1.05539085362237,5.85245562731966,NA,NA
1087,1.04164027768525,1.12604770509983,0.061165681014923,1.03227531096933,0.825740815963462,0.235576776206726,0.278410292970599,0.871771678698482,0.693539369666134,0.760776610409608,0.354756865018397,0.363756117280922,0.836323815259966,0.671201326342882,0.968420791434008,-0.586146948883771,2.65069757082243,NA,NA
1088,0.2586000704758,1.07952013341543,0.995421814677375,0.720040906090852,0.835418328694945,0.167391867974307,0.766516424539848,0.727202858259552,0.407752306286828,0.923719043917838,0.372100151797873,0.753152399654966,0.523617406638456,0.384106232569553,0.0133534565063892,-0.917348930175884,2.35743074235759,NA,NA
1089,2.27819196233202,1.87725760958635,0.395030163953009,1.70740532903694,0.907331696662335,0.203171823450946,0.471922662297147,0.886955976577476,0.358556742189685,0.444484291514731,0.632445277604857,0.194097499684663,0.618153691099258,0.594715895420057,0.918250114044757,-0.0709321184528588,3.48574277652674,NA,NA
1090,0.46460151547644,0.179815056779697,0.791172461262891,0.309030533194781,1.02888411058946,0.616204804302542,0.563336230082321,0.270352721875999,0.58625833376497,0.554918278392171,0.965906911202357,0.734489363676519,0.338129544547759,0.365345790977241,0.959390327530913,-1.70754526782609,2.32560633421565,NA,NA
1091,3.4933222700246,3.42478254070782,0.0503539505667555,2.80915113124034,1.04421865226987,0.572199779142393,0.105265632342082,0.6286806780427,0.7847662451535,0.362846570265363,0.558743301346665,0.940995382689754,0.720824782624375,0.835127454834408,0.30431153689581,0.762520180806447,4.85578208167423,NA,NA
1092,2.55702686800014,3.12100867296992,0.99989109001466,3.61716382177386,1.01375554267213,0.899918689709506,0.953679044821882,0.941182745203958,0.525890137979528,0.660063045955263,0.998721099321963,0.0358797177192755,0.714316601597122,0.690188032609643,0.8408570549906,1.63023946900863,5.60408817453909,NA,NA
1093,0.577861050625814,0.513576082898305,0.0501209009057713,0.156402837338676,1.14602483515077,0.179898847930483,0.051544062906527,0.625683439224027,0.218180575363338,0.377020954141626,0.310662788112997,0.866312102468219,0.484601504398393,0.613229427816812,0.123966335735749,-2.08976456494528,2.40257023962263,NA,NA
1094,2.41242645234401,2.34705595682051,0.0523336756436279,2.98083080841095,0.877319789380031,0.113657407286111,0.199672104613506,0.326224502313649,0.572735946435831,0.331419240970281,0.399871216577478,0.340675759881153,0.11671143224102,0.0544922677830327,0.892293479119311,1.26131561830183,4.70034599852008,NA,NA
1095,2.63772834533734,1.11711485478086,0.999685681932502,1.66781710804313,0.96779189418414,0.089204992240062,0.900674046033761,0.0349878300677519,0.275302126750234,0.965191685469123,0.483898879753542,0.5031624920842,0.0838906452051597,0.761353592178551,0.809882676629466,-0.229020149087579,3.56465436517385,NA,NA
1096,1.67293108978535,1.76514758863934,0.0507655465718292,1.57391414183352,0.892891840319933,0.00472611703106668,0.143858947573695,0.926486780305509,0.38078192026855,0.365425792856142,0.730620933671016,0.717838323881268,0.684570133225759,0.262795770047465,0.661589991745306,-0.176121707283232,3.32394999095028,NA,NA
1097,3.79779103555916,2.06525401045307,0.999550015292581,2.27599074533762,0.805098256158676,0.273645929339807,0.8827264942287,0.883332764623221,0.374592430998455,0.324032957122428,0.198513529523509,0.528825666236226,0.875737004748778,0.291269306588452,0.390988934131572,0.698027159250611,3.85395433142463,NA,NA
1098,-1.09582545398721,0.124486772069892,0.971256119719772,1.22728233602509,0.81543902804331,0.705604820332373,0.673365660077892,0.11545714719058,0.108962868914008,0.374182672698982,0.0227302710600197,0.823936316260369,0.701996708226972,0.878348174196435,0.0885697334199212,-0.370948790528148,2.82551346257832,NA,NA
1099,4.30421522444444,4.13543292324001,0.178568506831512,3.76254369545978,1.11671007012258,0.907929447661852,0.407270667386823,0.150040386105655,0.51359014477313,0.0648777566789649,0.0825649600095348,0.702361666582059,0.88831398739852,0.0597664690604433,0.598627562127076,1.57383217684632,5.95125521407323,NA,NA
1100,-0.399150942596074,0.111030279456794,0.999941679194515,1.03260935566976,1.20198649207729,0.41184733052121,0.984909848615178,0.212380648403312,0.361130776835489,0.364404786976287,0.502233898077044,0.779426047486835,0.404663264438626,0.376934306658222,0.138330246539204,-1.32324087870536,3.38845959004488,NA,NA
1101,0.371290979308157,0.778126004430067,0.999939451956293,0.8907669156175,0.795860677425922,0.0481092734897975,0.983035818300676,0.539775929041905,0.0995780347685795,0.827329922824982,0.587998213930754,0.45762793554645,0.640602438095375,0.829442939410568,0.980712306992966,-0.669091348848956,2.45062518008396,NA,NA
1102,1.73925195920207,2.48097195278758,0.984655164242517,0.861825345684511,0.963475937101622,0.89083826399222,0.705469933413784,0.65513654461829,0.540051867101574,0.627414689951693,0.48904971961875,0.997528232613346,0.440292122661369,0.233363763552858,0.240536094978219,-1.02655279100565,2.75020348237467,NA,NA
1103,2.93536606125416,2.87472744519679,0.0568265929990701,2.64567840030933,0.968810687106696,0.671539911486208,0.253578778295545,0.90296549125493,0.36061307079473,0.491926730529522,0.660726697318954,0.463285595450085,0.804708536836668,0.853730831243913,0.999039421834983,0.746844345742703,4.54451245487596,NA,NA
1104,1.67608595882767,1.65073760177875,0.0504436358626296,1.9323094375393,0.912870154450162,0.331562922799378,0.116562696367153,0.77758273995819,0.425621035128599,0.614088743717293,0.675625045113149,0.0310849875580752,0.101709683991619,0.0894615047350526,0.544648320540786,0.14311681225547,3.72150206282314,NA,NA
1105,0.687957115151702,0.691597761019787,0.0500540596267316,1.35067674601939,1.10765232012131,0.673736554005765,0.0112963639515219,0.255437926500337,0.207769787337165,0.0527334668176482,0.207824597594794,0.674342404372175,0.564753536373144,0.352870708370931,0.174135577258887,-0.820281908810617,3.52163540084939,NA,NA
1106,3.78772395318829,2.93353962990841,0.999682805473562,2.14149186640643,0.978903840320716,0.859397770408541,0.900218404255342,0.706633490348584,0.56825419200724,0.282300234710565,0.227666469493066,0.787266949349665,0.00722427102818619,0.157936441690312,0.140135153608397,0.222875595049876,4.06010813776298,NA,NA
1107,-0.846966497015741,-1.46094565977562,0.997723608813956,-1.6484150604355,0.957372157860839,0.432684798224946,0.801573576600291,0.853890073319082,0.049787556108553,0.175169570070342,0.772240141086397,0.480454664258053,0.192016318135429,0.777045448320219,0.662383195054368,-3.52483000964413,0.227999888773142,NA,NA
1108,1.50828980398082,2.29766830181924,0.905000003892888,0.880536351480047,0.862706361936186,0.517083440096118,0.609861231143354,0.480564193885773,0.617798755507451,0.0632161614877405,0.629277996468591,0.180424370226683,0.715488091079402,0.417434524600743,0.235387010853156,-0.810337047148453,2.57140975010855,NA,NA
1109,1.12188245418239,0.837674378144749,0.474979663156906,1.49280791886873,0.827855283701952,0.735332492125453,0.489430215884931,0.232092415848281,0.425339178668801,0.535296804820304,0.115233403478633,0.495206661675707,0.0278679165448993,0.424352611282957,0.385299132967251,-0.129758621598286,3.11537445933574,NA,NA
1110,-0.926363198826572,-1.47666476698736,0.505658669798497,-1.49313736402458,0.942599533052808,0.189032028650399,0.495925888383295,0.811798944996786,0.118079833947122,0.792486283036764,0.848549918401986,0.881963249609456,0.300844033450587,0.191890076823533,0.977848578634323,-3.34059850065236,0.354323772603191,NA,NA
1111,-2.14214236049356,-0.551886685480305,0.912142205786951,0.103579341557993,0.907842084204611,0.388131428593304,0.614185034821858,0.821277433703886,0.744523180016666,0.923021543970797,0.908602300926694,0.243709394725505,0.17182180973643,0.589580327454023,0.975997409154545,-1.67575844713282,1.88291713024881,NA,NA
1112,1.08680229676116,0.340169170174569,0.656792436878737,-0.129263406969653,0.993837155709238,0.535728086634539,0.528492568950751,0.392567243191646,0.450114563860581,0.533218197205104,0.217374714066624,0.161453576580971,0.576082244721125,0.844065402074717,0.594726671440061,-2.07714843865748,1.81862162471818,NA,NA
1113,0.512956855954656,0.573524828535307,0.0501556805507984,0.264759501186314,0.970192264096743,0.34723440106574,0.0641876390281832,0.887620698579936,0.872250733684166,0.0596123321137857,0.175468896308332,0.347690050294856,0.759637483101455,0.486613607143983,0.654894706967869,-1.63678239452268,2.1663013968953,NA,NA
1114,2.48155047495025,1.86029865324301,0.449337589033007,1.43435667854223,0.827963120191008,0.274028168498073,0.483934260492329,0.875030486289063,0.577813880812959,0.414729159055976,0.714719163204311,0.0781648825085722,0.352124639779213,0.331321911325213,0.37857167023886,-0.188421217559549,3.05713457464402,NA,NA
1115,2.27943473300634,2.71368257406703,0.9972718560692,3.40879994499713,1.1685028270518,0.608699175546179,0.792498231183272,0.968297408153419,0.575228480396676,0.0520831945051905,0.527839169847197,0.322882748757023,0.410133457559044,0.603863744062372,0.657453952766955,1.11857648814236,5.69902340185189,NA,NA
1116,1.39373528534448,1.41884681793853,0.0502636839735231,2.30098215641016,0.952412239395246,0.748823684273404,0.0905405826562783,0.987798019950045,0.202286689601839,0.253809054096811,0.247732587593142,0.682693230939214,0.235472968042246,0.00237808459170628,0.519886739857495,0.434288468760334,4.16767584405998,NA,NA
1117,1.92652062033817,3.1994375207628,0.998068148341359,2.57396812391439,0.93496990536558,0.728499135758379,0.809797371725319,0.521828325820388,0.399139067968237,0.133115256735007,0.994093493194086,0.570212138082716,0.6857484288587,0.898415402660961,0.0382686532598455,0.74146078276903,4.40647546505975,NA,NA
1118,2.48316265548117,2.37871263263426,0.988825485895025,4.2920163508166,1.13727163861208,0.037530222783098,0.721549697595183,0.220776496830862,0.611449247356155,0.310253174858517,0.0124425851320848,0.965508733127033,0.0834621157541405,0.605995658196392,0.356980761412415,2.06300489849807,6.52102780313513,NA,NA
1119,-1.84094403014875,-1.80184664564753,0.997160930142126,-2.01105437481408,0.921232258248611,0.152138941848651,0.790499626592267,0.849289406180731,0.011825315602473,0.079637570898165,0.689522527245455,0.493282758654561,0.0441535137618193,0.983473047236563,0.315030977312592,-3.81663642237786,-0.205472327250303,NA,NA
1120,0.0111181756193613,-0.0746630235633383,0.0758672740999794,0.75186125900302,0.908631305495725,0.614861424381495,0.321206145870849,0.632986017372459,0.83542375501839,0.0617609392757295,0.744638069784152,0.277119028866873,0.365617209747084,0.85826137499779,0.44555018438457,-1.02902337499421,2.53274589300025,NA,NA
1121,1.63883474382868,1.63296100155443,0.0859398361981298,1.56775286095922,0.82057077123622,0.552605413815938,0.338197496484034,0.463688650910975,0.0785958002215484,0.135698821322178,0.674709015659639,0.882922592231771,0.777314120554482,0.514314668559236,0.852872569068335,-0.040536297430031,3.17604201934846,NA,NA
1122,2.60621642150878,2.71469984065146,0.0741432297653078,2.54309787523596,1.07450741775233,0.695319294703077,0.317664222645224,0.69292316225823,0.408570538995205,0.410316078775213,0.180914127752185,0.352298615240259,0.306593739810516,0.0386687360749347,0.705786837054766,0.437102035320265,4.64909371515165,NA,NA
1123,0.164283234864887,1.34574792675733,0.789413115395644,1.86048478502038,0.947370993414322,0.889092701270361,0.562797923140344,0.150851667980431,0.288341184886871,0.718288404921535,0.740177927222918,0.293277144954307,0.22433578992344,0.19922093369707,0.529438520775409,0.00367175793038022,3.71729781211039,NA,NA
1124,0.257991670595737,0.222783927788404,0.916771263446282,1.19584777071444,1.23018152939802,0.968557704019127,0.617159121859353,0.599711018846254,0.211494659435702,0.361948501989595,0.790483216991764,0.760233320996631,0.221663550873753,0.533162886183942,0.633517630880931,-1.21526372135207,3.60695926278096,NA,NA
1125,2.53622455107838,2.57784347218163,0.0962694707665239,2.7339796334355,0.885027697416685,0.344860606812406,0.35139755680447,0.299891155734076,0.0500024504889734,0.713799118271796,0.7530668887801,0.150828112303629,0.0869381410381757,0.389670446260599,0.379490431220504,0.999357221178381,4.46860204569261,NA,NA
1126,2.54094719019422,1.20454431788569,0.920389408614038,1.76537398986505,1.04943304204321,0.854744317655335,0.619589678300195,0.231173386972165,0.607942300473805,0.656965309160762,0.0967252696932992,0.441976559444913,0.420736363069387,0.880937427733792,0.810156042755116,-0.291476976725943,3.82222495645605,NA,NA
1127,1.46104849562284,2.20500600995805,0.999898326487856,2.4125938722309,0.9373280692092,0.81962048123125,0.957117170743295,0.887036927473149,0.790739106663852,0.528019600206637,0.842590437448816,0.105254676039913,0.0626543873575283,0.832595260613016,0.18537845154386,0.575464614882404,4.2497231295794,NA,NA
1128,1.74461313563483,1.70057702743892,0.0503775348154105,2.15658459087387,0.99546403020414,0.810755859920988,0.108492150558392,0.66288112741767,0.436596777056809,0.598078931376222,0.160144614600344,0.956033875449211,0.516354250662029,0.853363389723585,0.875513092307956,0.205510943768667,4.10765823797908,NA,NA
1129,1.44148940108148,2.37116983392604,0.999158268248605,2.33456487928833,1.03655007333758,0.122515826647286,0.851393472947646,0.307648215444642,0.00154302905150689,0.543694403345115,0.533649561254657,0.0236522188396193,0.488213789182017,0.848147744539194,0.118345962562715,0.302964067374331,4.36616569120233,NA,NA
1130,-1.97708478530339,-1.52098921990053,0.997555055439282,-1.06046777380963,0.850722458847304,0.140676223468734,0.797993129657814,0.112116844124859,0.826876400741283,0.218996308456175,0.43908527261694,0.527655023290426,0.443301370288245,0.430260181875783,0.238596268673777,-2.7278531539897,0.606917606370446,NA,NA
1131,3.32302149285663,3.30439926674428,0.0547570826940717,3.33025888304433,0.821988798208128,0.803781202362734,0.235409632557421,0.640699286536314,0.566723931979621,0.994809396318858,0.969466965697356,0.516713448670111,0.735977306722547,0.506734301567893,0.741200068675564,1.71919044286103,4.94132732322762,NA,NA
1132,-1.3216346299095,-1.36124324343162,0.996798957977355,-0.893750934957046,0.861130853402859,0.357716697129072,0.784480519409524,0.161877157071489,0.310478842211189,0.124412850109395,0.638499887333135,0.20905955526419,0.791235282690148,0.287380044040736,0.636584310725448,-2.58153639360289,0.794034523688797,NA,NA
1133,-2.03878450090955,-1.63672590596789,0.950299229687053,-0.776255230942604,0.868230313960443,0.446632319695666,0.644835337662953,0.631708618657431,0.474515335209086,0.368001255967421,0.316923746124376,0.824475891803159,0.566271648262977,0.70078337122628,0.200522292985232,-2.47795537659097,0.925444914705767,NA,NA
1134,4.23659530758953,4.22225202606559,0.0547828321842874,2.55385935711024,1.01994845734122,0.641716036657453,0.235680908495444,0.282958903635503,0.333285448607523,0.113793214689009,0.651998128674226,0.316753456715844,0.0679793380629271,0.626455770893255,0.466882078333525,0.554797114634265,4.55292159958622,NA,NA
1135,-2.94452849994957,-1.46548171449472,0.977949681524506,-1.36256202926195,0.798320663099291,0.159978421430336,0.686982523184968,0.371177443325752,0.495215902772499,0.0990327131247614,0.500106385307852,0.540811482594465,0.591194851875771,0.543289012011839,0.509518840912031,-2.92724177705069,0.202117718526795,NA,NA
1136,1.8815779066974,1.87996751690583,0.0931632899502621,2.50832042368899,0.987414373198517,0.838376307092491,0.347751398171764,0.555917360438034,0.587932311793324,0.521955065547256,0.702338040278177,0.915710829723626,0.102377514600405,0.119772910511936,0.928255339489202,0.573023814402708,4.44361703297528,NA,NA
1137,1.17580611775962,1.60976719879165,0.614264698512135,1.48785548553177,0.917878400865294,0.755052186251618,0.519018603910576,0.817707891569124,0.287022795118624,0.441055716361501,0.548579296585405,0.119634198187734,0.803634037041455,0.0117904015320819,0.848841831145342,-0.311153122351424,3.28686409341497,NA,NA
1138,1.86605375467874,1.60232452713432,0.707017925748953,1.11304938709044,0.819001210905629,0.177786123532569,0.540379993762122,0.921468523424235,0.494751496935496,0.328320548824733,0.440683313623653,0.782668699790724,0.69085774813476,0.724694340750575,0.860593460873701,-0.492163489579289,2.71826226376016,NA,NA
1139,0.593516106314815,0.672050105877805,0.659637431884435,1.89063727632052,1.14630295035735,0.286540288554272,0.529142649012618,0.424316043401137,0.000564062909805216,0.000870557464892045,0.4108322099332,0.562050387843512,0.824473811134347,0.465235928182374,0.840157107676962,-0.356075221751883,4.13734977439293,NA,NA
1140,1.66496221402267,1.62476805684954,0.0504884266256358,1.51214787631434,1.00530617372435,0.517722458617413,0.121374312935979,0.479777366628987,0.491138831162825,0.204061964578228,0.524754164430429,0.456174532542005,0.220967350534396,0.443920038526412,0.91861851725867,-0.458216017621144,3.48251177024982,NA,NA
1141,3.1724979227255,3.56546609714561,0.999932846565141,1.23274623077878,1.19310379228281,0.623463963791379,0.977858324977802,0.413341711124987,0.854026671713102,0.18388721501187,0.92339973215817,0.33705272151262,0.806242569445283,0.388878359299968,0.582511539135245,-1.10569423191369,3.57118669347125,NA,NA
1142,1.29215676184838,0.878329002369408,0.967654682619378,1.32092484051969,0.975434600186093,0.328941308010719,0.667267594766337,0.571097377073602,0.3728108493787,0.799498211821774,0.739689839601982,0.13144706356118,0.303276159688132,0.499514054549858,0.438294905263814,-0.590891845119277,3.23274152615866,NA,NA
1143,4.17305205941491,4.13580565530949,0.0550814788335677,3.32947358178069,1.20027384174455,0.606391511647264,0.238725181270391,0.152814231284661,0.310943137590075,0.254351625543204,0.105049272419536,0.777956459984765,0.791927235105308,0.75543326414912,0.508910827075131,0.976980080375839,5.68196708318555,NA,NA
1144,0.65852499148643,1.13710391660406,0.99794167936877,0.539069526312939,0.880579598647994,0.177170039100922,0.806620127897244,0.854724420277053,0.810755069750478,0.761121129026171,0.54082436084433,0.000538134227041155,0.919057360728504,0.270098898381693,0.100326631593285,-1.18683477255786,2.26497382518374,NA,NA
1145,-1.49576842937157,-1.47208003520439,0.0534849871004685,-0.903657075201161,1.03174416650202,0.0737075421233894,0.219783875537454,0.899907592667383,0.0630739186462015,0.0157045696887653,0.324078932366916,0.113067492720089,0.751924490337144,0.889493301584036,0.346326266479213,-2.92583848280441,1.11852433240209,NA,NA
1146,3.73236452905927,2.96650768731795,0.998499365519763,2.4433977157742,0.867465603806907,0.829799003061373,0.822449655747274,0.221759087170009,0.877917129572364,0.69511811535107,0.855576869107434,0.667494256204227,0.325161210513092,0.131604613735806,0.109992283490254,0.743196374485375,4.14359905706303,NA,NA
1147,3.15021804225251,2.49370132825129,0.507812159029313,-0.691881390621198,1.34659542042833,0.554621836702805,0.496379926632158,0.597283037779504,0.503037728419411,0.700328651666641,0.0345392318230588,0.0317746919535566,0.893383496604743,0.0646244415254332,0.318776746519958,-3.33115991640729,1.9473971351649,NA,NA
1148,-0.384260011324051,-0.197487346825492,0.132326146174044,-0.506146599125787,0.85151718780633,0.693992387235048,0.382243642555317,0.976754206902347,0.88498253064882,0.841570081424434,0.332893456152058,0.029018625906785,0.858811517603346,0.437227829221403,0.156438374811667,-2.17508961944302,1.16279642119145,NA,NA
1149,2.33261523369687,3.67922948327592,0.656994294591004,2.89344652882282,0.961448712316782,0.603092075247434,0.528538615539321,0.518053817370906,0.402306370033068,0.563885499078315,0.509989852847648,0.452357156046666,0.378047617767239,0.357623549533775,0.804985936162295,1.00904167969952,4.77785137794612,NA,NA
1150,0.291541365544021,0.764926497822359,0.999944706029291,-0.246035168693177,1.0640068377683,0.40319521162007,0.987574759194395,0.465392323741224,0.542347689602873,0.510132013905444,0.602069557244075,0.462032565389178,0.863466456327937,0.768490446409211,0.0717946919688257,-2.33145025002339,1.83937991263703,NA,NA
1151,-1.32837742387322,-1.34619532490357,0.0944085319260317,0.356160094697716,0.997890217746801,0.402911492140498,0.34924216626829,0.395064838990453,0.276940662854002,0.420406376160798,0.654201790416264,0.566054775434081,0.184044696770026,0.211289841380087,0.648413633163436,-1.59966879261085,2.31198898200628,NA,NA
1152,3.0902434725292,3.23586699916408,0.409118230340487,3.26686242753806,0.959973744461958,0.816633471605717,0.47510178603197,0.541480401603738,0.738310351663968,0.094721996244858,0.609174505948205,0.59438316425879,0.513743115095887,0.233981240335619,0.191781006011181,1.38534846228857,5.14837639278756,NA,NA
1153,-0.385045197631987,0.102218660760165,0.998382310478928,0.575108190123114,1.19007034490579,0.810356121637858,0.818687939619645,0.391429740161635,0.997807775933994,0.754364290321944,0.43103960782371,0.0569630354630062,0.331998194566695,0.191214953709394,0.115230393392383,-1.7573868249614,2.90760320520763,NA,NA
1154,0.20097800737347,0.91771973998067,0.999897850004172,0.940799863220175,0.881288952559562,0.775377193529741,0.956883372553275,0.265533201803453,0.798249517131713,0.802746129353181,0.725830814425251,0.45926241670514,0.915597243692377,0.86531668616517,0.915966942198225,-0.786494743769594,2.66809447020994,NA,NA
1155,-0.341839749855442,-0.620318863259238,0.999774713425497,0.362222707931119,1.16024617410985,0.316026096621761,0.917330341772642,0.575911071338691,0.990529677241109,0.415885318162851,0.814304133402184,0.0502659240333596,0.811064313703217,0.121434951369185,0.292898058872088,-1.91181800652458,2.63626342238682,NA,NA
1156,-0.00712082919991214,-0.0218307464720619,0.101582335349971,-0.0252881858229141,0.78679754807522,0.451328126501408,0.357127210506122,0.0567457319442183,0.0734846675639274,0.904269830779522,0.510781686681439,0.435610863064416,0.430371328674257,0.86891177610145,0.41988942311483,-1.56738304317477,1.51680667152894,NA,NA
1157,1.81313073389966,1.89179101544014,0.0500581046770308,1.40511637489357,1.06909573492505,0.0111179957431741,0.0149045030699344,0.137043839390273,0.612673998638405,0.281658152863733,0.428223762264475,0.321322766862228,0.123616330494173,0.155473319201265,0.972186281422386,-0.690272761584906,3.50050551137205,NA,NA
1158,0.970397542453341,0.998058606487082,0.0762370179535391,0.69734998064418,0.984923656480651,0.419841188290855,0.321935789337731,0.682466798312962,0.781950157354469,0.0309542420700891,0.869827825487358,0.290748839956359,0.820979503379087,0.911692609526915,0.781626277448144,-1.2330649135794,2.62776487486776,NA,NA
1159,2.61946995015755,2.01224028284811,0.998428540304931,1.38580582927418,1.13223858402595,0.00761814038653392,0.820140075867414,0.278158877286362,0.039328070863965,0.472818562533823,0.407679770864197,0.116854308081558,0.1822060524642,0.339354371684254,0.988130396418273,-0.833341017323321,3.60495267587167,NA,NA
1160,-1.54902338108008,-1.70926225868543,0.435094141401059,-0.73613189135873,0.871468430505354,0.403863072124776,0.480841436610091,0.140685202757712,0.911460608219961,0.473952275014599,0.748456418771646,0.132463988622534,0.601293222834007,0.298965982693247,0.382124470082345,-2.44417862881287,0.971914846095411,NA,NA
1161,1.78972940180105,1.7692857358417,0.0503596402033896,1.74742478121172,0.860385014740172,0.137314072953654,0.106063273669337,0.761223850826733,0.102299596727709,0.292235861921567,0.317589371018345,0.27758647627919,0.923010183282429,0.422377202349482,0.88733363825269,0.0611011394830177,3.43374842294042,NA,NA
1162,3.07654619794509,3.09900436055396,0.0501740415863232,2.91647813312538,0.838155984768094,0.603604880309547,0.0697630113696214,0.862861309136613,0.317582705194945,0.800986243919702,0.498149949918268,0.610324012697674,0.227252341084299,0.276405207032803,0.967996958715841,1.27372258955322,4.55923367669755,NA,NA
1163,3.82151588667684,3.80468782906879,0.187753985077936,1.03625246257482,1.10940057953468,0.551605489624431,0.411283305454184,0.510629316605627,0.109925187536632,0.86442694740044,0.14864108596032,0.800516651401762,0.451518969152705,0.743439732253784,0.270775600622175,-1.13813271774101,3.21063764289065,NA,NA
1164,1.51306021472227,1.56188563449882,0.0513740979913025,1.16714679387214,1.0864116492709,0.979706171744619,0.173139149547205,0.405953487425228,0.837785356750595,0.453934013867402,0.334963237204938,0.930548931914382,0.218603729166207,0.463156631266349,0.205220045686816,-0.962180911083577,3.29647449882785,NA,NA
1165,-1.51439296211971,-1.50749332371511,0.0571955080414587,-1.11613740033925,0.815575831088761,0.355402530561667,0.256229900632869,0.956059242534335,0.236601435604854,0.743774469738244,0.123690226094099,0.55981789784634,0.260460614279611,0.484313319290522,0.915460989395971,-2.71463665593454,0.482361855256047,NA,NA
1166,2.73296288161916,2.70594104683405,0.932465346294222,-0.510287514033786,0.953685996915351,0.544464449656778,0.628503933300381,0.215702845019288,0.254933308041189,0.189211590595078,0.352134084022488,0.897827262274572,0.373765510345809,0.972841301084729,0.733713202106068,-2.37947772054805,1.35890269248048,NA,NA
1167,2.87831944277708,2.27604386007624,0.437437729193226,1.93079461102728,0.780769773867282,0.89139946052758,0.481352665270795,0.841095070728217,0.299264365770272,0.357813583048061,0.418363197275088,0.234441224444308,0.17140822174924,0.523527550883824,0.877873376885196,0.400513974029927,3.46107524802464,NA,NA
1168,1.50520940521307,0.541765472767496,0.999884307971252,0.742327220421702,0.918458890226821,0.683505720472662,0.950658186955843,0.602067450014176,0.0432031345466385,0.934274815078359,0.464282188409474,0.285900865045376,0.250025668437011,0.341517349254922,0.253128714671358,-1.05781912570349,2.5424735665469,NA,NA
1169,2.06524765561845,2.07045904426434,0.050241719997602,1.76723768941458,1.01130607960914,0.289915179486736,0.0861908616237342,0.447819042654475,0.04458119207446,0.747356983094825,0.104310036004987,0.249624977595056,0.877593703457853,0.899617136616842,0.233102652055211,-0.214885803965739,3.7493611827949,NA,NA
1170,0.364737392644677,0.127466264627051,0.998129830286842,1.11633843600109,0.990039732174393,0.871182053614059,0.811423113110475,0.106562787916861,0.546903065893799,0.448228791865986,0.111647384415031,0.781215678576264,0.21025628564856,0.268312062565237,0.571293297854369,-0.824103782324398,3.05678065432658,NA,NA
1171,3.81165187576178,3.82115672426096,0.0511778887115964,3.25357319149387,0.896317833116071,0.679431416528649,0.1654251137994,0.559172367496183,0.441213992995792,0.57137200528942,0.518054187232628,0.532214530782076,0.733046074498445,0.873913183066412,0.0355804825128289,1.49682251988539,5.01032386310235,NA,NA
1172,-1.2461015006087,-0.182930528820318,0.999734497545178,0.308670302875781,1.11061018104925,0.948394549250253,0.909115683078766,0.410793749128236,0.521307616465492,0.577436881500646,0.79846878142585,0.848296305028838,0.29722941518703,0.59680222838663,0.266827924841782,-1.86808565284426,2.48542625859583,NA,NA
1173,2.20492617070088,3.61799629316761,0.999847589443215,2.87286423486881,0.901567163447917,0.935420529750059,0.936873945372179,0.930892707129708,0.924372543069068,0.256682247956167,0.0890997206130996,0.118269831630751,0.358161241663503,0.885348537650658,0.0453107900338946,1.10582506486696,4.63990340487066,NA,NA
1174,0.524435373393131,0.551204080156489,0.0501757662479882,1.19385596508465,0.942889105105552,0.659290399261052,0.0702561373248464,0.650678187974263,0.0207902948894771,0.864870653060498,0.95729621374968,0.883213234161027,0.326255577688338,0.266748563726549,0.406712354735471,-0.654172722337434,3.04188465250673,NA,NA
1175,-1.75629257879911,-1.90504604233883,0.763796462067491,-2.33096933871752,0.927975504487415,0.113034894761513,0.555295198618551,0.143153367067222,0.871649131597485,0.521079257181264,0.998148887513205,0.925889629294165,0.0579682943961816,0.469667983343126,0.727653526943643,-4.14976790604824,-0.512170771386798,NA,NA
1176,1.03749330215888,1.77612162934347,0.980737181193062,1.28667758469766,1.12118841552558,0.368242346777348,0.693890009447001,0.473630441648769,0.820716449266765,0.978407456432236,0.0204418633850291,0.46646794621821,0.142356710640364,0.557134664271376,0.996275296373758,-0.910811329615997,3.48416649901132,NA,NA
1177,1.86421098272919,1.75839160025841,0.999394918724044,2.39926185250167,0.901109700613754,0.762141517717275,0.867910867178114,0.1972089545622,0.285526567494147,0.92567780270637,0.969948576027062,0.343861399237066,0.484154122072621,0.810765694796341,0.809493827406783,0.633119293179044,4.1654044118243,NA,NA
1178,0.0159269352046542,0.270758771757012,0.999834899655759,-0.0873404905176383,0.845118952982808,0.275904077903251,0.93287450113357,0.984607878193376,0.0284942379369168,0.904874217782868,0.291831529455027,0.67256264392368,0.592992118597846,0.481179040178075,0.765201388385496,-1.74374320101614,1.56906221998086,NA,NA
1179,2.37739078764081,2.39079853960598,0.122490639586224,2.69553698076373,0.937617896227891,0.229471604827326,0.375318491097423,0.281214587523835,0.527086798329139,0.507928711086744,0.0984686194615206,0.508097195069073,0.203233172427746,0.816615717153065,0.510821149066556,0.857839672896854,4.53323428863061,NA,NA
1180,0.0869514269041477,0.755797171233452,0.400129770842464,1.04160279418651,0.939312486675443,0.476273744304781,0.473079525625682,0.265426896189107,0.904115965362405,0.852949161964469,0.664011294486932,0.201498425662867,0.506684103303123,0.322884375010733,0.675526521515101,-0.799415849926113,2.88262143829914,NA,NA
1181,2.65578540670209,1.82026362670828,0.935164898634148,2.35477135925,0.861413901441873,0.465807430827874,0.630696340467432,0.73895921948005,0.786928954139468,0.871067296218709,0.284266886466998,0.450913709896849,0.161512445438071,0.949734409066034,0.161827344775433,0.66643113664179,4.0431115818582,NA,NA
1182,0.206966639329921,0.488239313688754,0.979304609464955,0.594547054181663,0.834372914462493,0.342391655255109,0.690226278934511,0.121255337218288,0.0851175303962082,0.865144724185811,0.82401366130088,0.793565190668101,0.801625478763133,0.866769932557945,0.370498058161233,-1.04079380784054,2.22988791620387,NA,NA
1183,1.61360784310009,1.34543865061824,0.996968518087437,2.16084158009282,0.897858266506331,0.566929822506965,0.787210713439155,0.123937348225038,0.146241232571076,0.743214740269817,0.287650788757484,0.959928527676268,0.747767328639631,0.387795885747997,0.309982760694693,0.401071714518847,3.92061144566679,NA,NA
1184,3.88271546722685,3.73476409877194,0.996518129652669,3.47220568350444,1.06067745350684,0.738775696055498,0.780261025967076,0.993626681175316,0.461961472644587,0.390625093917595,0.373962532798643,0.500720121104852,0.256697416477371,0.891791174760903,0.359931741566048,1.39331607541738,5.5510952915915,NA,NA
1185,0.124759640406066,0.996591132829484,0.997471956947519,-0.0485181935123076,1.35378981937465,0.886187062867801,0.79631759166182,0.986554137429572,0.0968072009938769,0.027551956287236,0.806311830507126,0.313583983693155,0.230416754797567,0.836531839976553,0.987674559044535,-2.70189748212361,2.604861095099,NA,NA
1186,3.38004687100623,2.41288393192857,0.999857324344087,2.14878783745703,0.900588518464583,0.610126524328836,0.94017465768673,0.122218594262959,0.106863891553483,0.0764787315464346,0.964353393864934,0.0190133910463192,0.468341206751997,0.207479729031096,0.622122127355193,0.383666776376162,3.9139088985379,NA,NA
1187,3.13794860148033,3.12996670604541,0.0501662741923858,2.46708921974777,1.13239024384277,0.531338117950712,0.0674797982133459,0.695686906720744,0.576721122915274,0.955662567749037,0.603985614546691,0.951744374419679,0.83047894456191,0.555839425589424,0.155425116257276,0.247645125371407,4.68653331412413,NA,NA
1188,0.0559758293051091,0.0890223841397789,0.050089100705219,0.707194156670497,1.29578201966993,0.241428983447375,0.0362821890199557,0.905674490992213,0.959015828470467,0.185889935140149,0.601007905774051,0.642979320071521,0.626852211748133,0.933034834488179,0.550124552897061,-1.83249193369715,3.24688024703814,NA,NA
1189,1.49366503843242,1.56971630420363,0.0737502808724463,2.41578470971676,1.04716843545918,0.743771689314279,0.316822524162242,0.97041359547968,0.695892153483699,0.776648742903722,0.389185318511562,0.569833766274736,0.736364205447258,0.50797721594444,0.882042670537485,0.363372290469604,4.46819712896391,NA,NA
1190,1.86517570590691,1.94991521177098,0.0504075270672626,3.34838145969945,1.26408542510759,0.993855601347168,0.112315957876272,0.656183659840957,0.673808897145675,0.653566027663183,0.295006891358411,0.0181501620869385,0.48273813689535,0.667780791044468,0.792231907165027,0.870819553106571,5.82594336629233,NA,NA
1191,1.51903588527841,1.53813473520432,0.0502139064435082,1.14690809532824,1.21717873161276,0.0159501720953267,0.0800773333008401,0.79707950259652,0.478236063832883,0.623585510254838,0.832393128917785,0.0333018838653807,0.931276319007389,0.320183233923162,0.251261673000408,-1.23871838138091,3.53253457203738,NA,NA
1192,3.67648309226391,3.68360899820981,0.0513428888338225,3.00955297749748,1.08140822400742,0.553397282631369,0.171988786111237,0.166376664338866,0.991581236630445,0.96195395848772,0.828683647614671,0.472547072458663,0.528504211884108,0.627620265645906,0.189707556561101,0.890031805857512,5.12907414913745,NA,NA
1193,-0.908216408825203,-0.916163427193714,0.0591849950093718,-1.14766470208694,0.892517033854894,0.0492744589734357,0.268541232456104,0.498058389622718,0.375561206404236,0.0984495394916739,0.125837572440621,0.589812175316736,0.335706843087683,0.595868605345138,0.289012797749485,-2.89696594403105,0.601636539857168,NA,NA
1194,1.33807259232518,1.31271249606926,0.0501814294296904,2.33782047944779,0.979466817557934,0.746149557573255,0.0718420246986207,0.246675419124891,0.392357035321649,0.550681012381334,0.703065193354618,0.301440159483463,0.301460783608491,0.825831969945459,0.914989325363538,0.418100792982177,4.25754016591341,NA,NA
1195,2.52801411513525,2.58023858953474,0.0728369027783172,2.4161397838867,1.13085134997536,0.201330548246042,0.314812413972104,0.724778747153701,0.338675999822328,0.0168792993937386,0.715875632832642,0.108909944629529,0.311740747135365,0.608337679074029,0.0954469384830445,0.199711866066488,4.63256770170691,NA,NA
1196,-0.858337601635363,-0.274744399865418,0.999248197045984,0.48691523155651,0.921545137637251,0.859597190997447,0.857047565918299,0.257465297865449,0.677644648834481,0.232828469901113,0.970738795424462,0.926151755689178,0.327563960476313,0.221693412098452,0.592669336565887,-1.31928004834051,2.29311051145353,NA,NA
1197,-1.54381199759007,-0.110922353507075,0.999574947523436,1.39036450991544,1.04939491394447,0.550700182015891,0.885577855211217,0.474449325409252,0.158969161521527,0.640348971613101,0.136008729284978,0.797657970757573,0.937924508823664,0.646059039504966,0.196274233334698,-0.666411726975232,3.44714074680611,NA,NA
1198,3.01892807651731,3.01148559540197,0.0536790566685805,3.64997515139135,1.15354980130152,0.92783804627764,0.222503730209079,0.0739184669186361,0.422336778784869,0.318902371774777,0.688398820344126,0.525536109097418,0.0291031908041332,0.70844024808635,0.211091957486351,1.38905908646704,5.91089121631566,NA,NA
1199,1.99033435611758,1.9138604696816,0.0649719959658798,1.25541689165678,0.856197396953407,0.651806374752894,0.293280252045952,0.332981657465571,0.485253904066631,0.385675173802301,0.577461129496223,0.695260390028008,0.947809032924823,0.057084717298625,0.20125763335661,-0.422699170028842,2.9335329533424,NA,NA
1200,0.577829407046799,-0.112022599210458,0.999259660810175,0.1520582005531,0.88382758053325,0.159224027605378,0.857816460477072,0.409015996179543,0.186308401416289,0.665346549666603,0.377909600938787,0.782277171313763,0.932258557640831,0.933632011589245,0.329789939398062,-1.58021202583524,1.88432842694144,NA,NA
1201,-1.19421726177313,-1.16368035425076,0.99967736091688,-1.77422254535472,0.963541777509117,0.0512695180610754,0.899367163852439,0.148515100419521,0.33673531938938,0.329931070835912,0.310252538333298,0.705615671770298,0.737182709602988,0.230208750234917,0.653949862705427,-3.6627297268723,0.114284636162849,NA,NA
1202,-0.497290225728816,0.268455016695492,0.535948929221769,0.490643669605445,0.974521868379307,0.572574160326505,0.502305446098559,0.313302702864399,0.312685065592872,0.836056507376838,0.628491364422604,0.27374359773437,0.162148795101792,0.419442059108755,0.473776109288097,-1.41938409456468,2.40067143377557,NA,NA
1203,-1.86548828459912,-1.61339144943572,0.712933939660322,-1.60478713498206,1.01528273777524,0.205205546951038,0.541848149101366,0.630893494638964,0.833443867496564,0.488921262369025,0.424947283207905,0.504696320629329,0.520987015680294,0.395798676971695,0.0113171758947428,-3.59470473514675,0.38513046518263,NA,NA
1204,2.69733557054643,2.03165070606411,0.327426920293964,1.74501002439849,0.95133440150293,0.900282563466462,0.455722338696593,0.149649857979268,0.889658877970302,0.922777997046826,0.325418404860888,0.788937412104802,0.0998493366786279,0.122087009213632,0.568976740688551,-0.119571139801216,3.6095911885982,NA,NA
1205,1.5184291871025,1.42926597922134,0.0548521038767339,1.61451239936666,0.995545456891824,0.000173341203364544,0.23640354904125,0.918830212089582,0.373321066188393,0.523712623116327,0.236520930280094,0.896619976661983,0.742373531248304,0.805482152138138,0.904294098204118,-0.336720841113787,3.56574563984711,NA,NA
1206,-1.13102429031113,-0.60616602212738,0.999841788522895,-1.77871083603246,0.899829467974404,0.149385737266275,0.935005905526807,0.159541584382881,0.717154704891727,0.606046310742269,0.322154347570264,0.594814083977253,0.345735283528804,0.904891176685691,0.305391169257811,-3.54234418549013,-0.0150774865747856,NA,NA
1207,3.13643632316787,3.13634840766083,0.0511832505447872,2.09805900536955,1.14934709986329,0.931645477858256,0.165652483441401,0.368494974720175,0.351440465876833,0.0844743378974963,0.956911133938353,0.850394208620884,0.643587208212353,0.735824084777618,0.530306713910657,-0.154619916098056,4.35073792683715,NA,NA
1208,3.95130212086003,3.60269194518027,0.710788253953878,3.62381005425026,0.836869106314526,0.769818333617877,0.541313717072248,0.404078897085739,0.859496757703833,0.610905347930617,0.54471603614511,0.149260451589944,0.501641700075241,0.709514475128963,0.637540814730339,1.98357674609957,5.26404336240095,NA,NA
1209,-1.46589963918321,-0.550937366995057,0.99929294662587,-0.672819221435611,1.06099538094274,0.431698604447418,0.86011832814489,0.41275685869297,0.417914297863957,0.252806887291488,0.963959676095401,0.775252810169128,0.53601268081076,0.470153717301437,0.937552424112568,-2.75233195584673,1.40669351297551,NA,NA
1210,-1.33967993424802,-1.29451567919259,0.0704914664663108,-0.355592056345981,0.858977817262876,0.381644239350338,0.309267627082299,0.985394238849287,0.233176291560987,0.629267193602631,0.569948457198218,0.361057498526294,0.639745595981134,0.64438821515115,0.163774315141607,-2.03915764170005,1.32797352900808,NA,NA
1211,-0.875026954914126,-0.890276343947308,0.0500437550021209,0.250340357756145,1.08573449567237,0.22810655640834,0.000721736792009324,0.316416785555659,0.304076791076921,0.336148307945114,0.8729520530015,0.986543716382119,0.368296779574128,0.695721429885598,0.116920529001509,-1.87766015053446,2.37834086604675,NA,NA
1212,-0.079589266970661,1.07547831304524,0.481876004778805,0.872586573518625,1.04915900733901,0.687424006229732,0.490896196722053,0.666075130296871,0.776638303779298,0.172431233946583,0.0876941371865105,0.52059720121068,0.843867508316995,0.962265053930692,0.343718247001991,-1.18372729492163,2.92890044195888,NA,NA
1213,2.0533733954024,1.83338591280093,0.69969165474008,0.443548573849064,1.07432609633391,0.563087037424091,0.538584405433387,0.596592331189313,0.86396688610781,0.599988718572306,0.423806959744543,0.0968331174183404,0.839702189396718,0.554925974095939,0.107088800154743,-1.6620918826169,2.54918903031503,NA,NA
1214,0.453444847987773,1.12861066342973,0.986734639212026,1.02929692404244,1.03540892989529,0.118462542325724,0.712862192693516,0.0422547245664755,0.585318486828124,0.88023268869461,0.596639120775741,0.270211352588609,0.129010068969917,0.803659731499385,0.578163345146459,-1.00006728782348,3.05866113590836,NA,NA
1215,-0.0233257609007122,0.431098389560683,0.99993394419066,-0.277514595814022,0.811504279727645,0.165561739704921,0.978682387397508,0.871254971610033,0.962351207547355,0.654122638927191,0.682542945738533,0.358024270549067,0.780232136979117,0.0867594403029652,0.150956546404632,-1.86803375738032,1.31300456575228,NA,NA
1216,3.20406228532395,3.16158204554791,0.0535077698874639,2.02596512508367,0.953288405019567,0.550138219365035,0.220110885715578,0.735751013011206,0.270272222964209,0.0461316821323708,0.708261312066228,0.544074304532609,0.620489599969005,0.408147473733174,0.888664242692175,0.157554184365687,3.89437606580165,NA,NA
1217,3.4260132580345,3.33163396251163,0.139124561201097,3.30888058367778,0.985505809687623,0.753759580765851,0.386604256586754,0.519597157045035,0.948291997779859,0.986260912156198,0.330951293300837,0.954363211285789,0.0452897534769727,0.941269632972544,0.665058807760361,1.37732469013506,5.24043647722051,NA,NA
1218,0.375749327226099,-0.0570369417109052,0.999930825196281,-0.341422227660824,0.996442033874108,0.502433431624901,0.976375387856271,0.0427318955794908,0.895593128941371,0.630335891038529,0.809854149496648,0.416631776627037,0.98269534434122,0.921705731352325,0.0325017231689999,-2.29441272673591,1.61156827141427,NA,NA
1219,2.11157216503853,2.10357577834925,0.869940663986623,1.32689687644457,0.892361985228933,0.390924026389024,0.592062059972668,0.17594523174793,0.260761814715574,0.892494551247451,0.145218312310055,0.354853718921309,0.829091433283989,0.235194629407139,0.998246059174533,-0.422100475776799,3.07589422866594,NA,NA
1220,0.947644400072187,-0.0457327526106016,0.996630321988104,0.225206026411589,0.839583420070328,0.495434513151529,0.781904572755797,0.766397807488684,0.591820987556595,0.64522873120266,0.344599252344924,0.44007368853793,0.645602331704809,0.69636102777929,0.516781796776806,-1.42034723894322,1.87075929176639,NA,NA
1221,1.71941002543444,1.62545704787385,0.05134408618995,0.678795286711249,0.811385124149866,0.504092909899424,0.17203341071296,0.934020054233842,0.581090680054855,0.782946350362035,0.684562097233371,0.718928470300394,0.438469520063023,0.715720895528328,0.236017178531969,-0.911490334214047,2.26908090763655,NA,NA
1222,3.10220731903003,3.80903648131018,0.999845119960188,3.03295317780622,1.13002437668979,0.895161679661484,0.936070166904363,0.0768408103720285,0.536887794210692,0.141990905795945,0.51701276537322,0.590277451840346,0.262756067368202,0.518778832948417,0.748504786011763,0.818146097841912,5.24776025777053,NA,NA
1223,-3.15628567344501,-2.06928793651184,0.877765249280364,-1.71231185889989,0.993954259045103,0.0322660915799206,0.595639310837025,0.417979575518635,0.873916336169234,0.694898664967972,0.571612205068581,0.813597255740082,0.0796277225191006,0.860151416719193,0.807231802245136,-3.66042640890849,0.235802691108706,NA,NA
1224,0.825213645757915,0.743062931998268,0.074974706038597,0.738179692032021,0.934485318807596,0.0799049635711126,0.319402123613865,0.999066533609061,0.480111691269674,0.332510953142308,0.538508862371091,0.844514387930161,0.63900738442177,0.547222225087928,0.682593061914435,-1.0933778769123,2.56973726097634,NA,NA
1225,-1.7077317539748,-1.67160416938098,0.123105925409478,-1.41841883623718,0.877763899152707,0.168568475989276,0.375776160944253,0.57828476756881,0.751472149050911,0.267586407208582,0.0370121049584122,0.856719405987416,0.337900442213635,0.392145957922679,0.783271146944957,-3.13880446550593,0.301966793031574,NA,NA
1226,2.27876948836436,2.25096261981952,0.0578733412823546,1.99075198676651,1.01478464426699,0.240949690371985,0.260767140446929,0.774532881332212,0.981756298726075,0.286796437527519,0.780504889264703,0.479233980480349,0.464424639457953,0.0417222385596251,0.102620758969919,0.00181063193892173,3.97969334159411,NA,NA
1227,0.0177317428925606,-0.100054139088377,0.148417084404448,0.0398119687967489,0.860717150000668,0.622116333046113,0.392105876985122,0.00505874833790585,0.818281146591762,0.748796937877662,0.657113146568532,0.537275154571864,0.0604397810449591,0.963600942913676,0.754636007183115,-1.64716264608052,1.72678658367402,NA,NA
1228,0.806434369559322,0.765357458382438,0.99937038149251,1.26098759717172,1.22952991082228,0.489653268262162,0.865922009761445,0.0330390869649127,0.354345779704861,0.758324372364557,0.069572758913273,0.0446109415489482,0.340306840446079,0.40879971782444,0.0999402655385202,-1.14884674595469,3.67082194029814,NA,NA
1229,-2.20583711093385,-1.84816149426613,0.998939411738103,-0.668937212268808,1.26345293926864,0.40473355942138,0.839826061700354,0.63596513041039,0.532092257890385,0.591228985310998,0.54540289098979,0.617087290167808,0.13672248082608,0.0112190596549772,0.394731563756708,-3.14525946939662,1.80738504485901,NA,NA
1230,3.6418236268959,3.29179374309247,0.999149551229132,2.89150350674662,1.10131475451278,0.94368730082328,0.850877873875899,0.208442663528607,0.659737296109786,0.711366001094342,0.568857778377016,0.241743384622619,0.928526452240534,0.623220228779712,0.0146206734123407,0.732966252259003,5.05004076123424,NA,NA
1231,0.352259927441626,0.378019695701418,0.0500686548865148,0.758454800333764,0.822927267231796,0.757665733017726,0.0232473658565432,0.428006971361116,0.128177506660111,0.1867088518854,0.508535081341397,0.83318311679503,0.275605016828282,0.49428978609445,0.387757740967558,-0.854453005336523,2.37136260600405,NA,NA
1232,0.912453981837959,0.832913738731422,0.0500561472953329,1.43195646057692,1.08962743122722,0.429774020181503,0.0131910176003585,0.780514844506164,0.0674762294270331,0.190981238150038,0.12435093697696,0.179303305578651,0.543890147785307,0.473737098252284,0.411305090221344,-0.703674061195317,3.56758698234916,NA,NA
1233,-0.742696888174894,-1.09741993028133,0.989822671149875,-0.428468146339521,1.25102942571544,0.106586422094842,0.726276431249804,0.683382685872726,0.723420996938366,0.579770943576936,0.194091617026599,0.156861755829304,0.0563430782009382,0.014594943967415,0.891874054985819,-2.88044076434161,2.02350447166257,NA,NA
1234,1.42581108356671,1.39578061892904,0.055974966282387,1.00584380162808,1.13952223007723,0.305906352311955,0.246871288506198,0.783936902997666,0.367651161633316,0.204901671386906,0.936594538520905,0.183948268827284,0.876972357621999,0.859687632104265,0.78245080916537,-1.22757872890606,3.23926633216221,NA,NA
1235,0.554557999552956,0.554291178096664,0.0507105415500536,1.01686247351325,0.903143462483275,0.875010168669629,0.140127919029444,0.787801458712667,0.313959287187085,0.991415737149655,0.516033682164387,0.309901480627246,0.841370618082699,0.513663184680161,0.194320913219242,-0.753266185826771,2.78699113285327,NA,NA
1236,2.74900840957553,1.10470535561989,0.999074342215521,1.60954844440113,0.995795919767322,0.913508654551115,0.846636890440248,0.888076732599991,0.467379648228176,0.447138472658,0.673101254822919,0.929954060341814,0.200873388008913,0.884097551549436,0.296075351776322,-0.342175694294754,3.56127258309702,NA,NA
1237,1.93520595904787,1.85632154215615,0.060258159277528,0.236455238395603,1.37319795925566,0.966783841372002,0.274123410799191,0.0411612761524739,0.559970723952982,0.949906186759355,0.0858577669351362,0.22604864466982,0.354695289037889,0.969699692920316,0.656977146420511,-2.45496330538939,2.92787378218059,NA,NA
1238,1.06605218780611,1.75879782591879,0.992965951637445,1.85694504100391,0.983128178348685,0.510673132636817,0.744913388299174,0.298593262296752,0.017764510845067,0.583089980092132,0.757051064021303,0.529330622268375,0.936316685182857,0.531083422971074,0.391514169434435,-0.0699507807459852,3.7838408627538,NA,NA
1239,0.37460068451994,0.50238859908377,0.173164133861191,0.191140851979177,0.958142646380942,0.334789012143039,0.404795584056526,0.357364536515204,0.865351771206013,0.841033632505103,0.549851440006867,0.982814405987621,0.198053634764045,0.332908137987717,0.223057108693756,-1.68678422697937,2.06906593093772,NA,NA
1240,-0.0699911383147235,-0.10821987793594,0.0533730078604737,-0.135087911283193,0.868924467637612,0.211583791103913,0.218144987729494,0.239873185827513,0.173601196062751,0.273532928580069,0.270897363368655,0.00578291941492353,0.124724766044295,0.164153784788563,0.613192467103479,-1.83814857313855,1.56797275057217,NA,NA
1241,2.15854412330874,1.7429799938232,0.825967065609173,2.0465883838899,0.805588833485647,0.46440878446924,0.574743275932269,0.916895933243213,0.713943318935693,0.304087561071385,0.302591864029062,0.68555539451004,0.81756565881893,0.903396702008555,0.276642389976419,0.467663283910402,3.62551348386941,NA,NA
1242,1.98084534862109,2.01098147928025,0.0684800408591884,2.19696918352313,0.857278012567368,0.712024895164766,0.30399368302559,0.420474806438782,0.919261562092463,0.116129908982548,0.444652583364863,0.599926946355263,0.830529362804955,0.812061275270069,0.0391784095576731,0.516735154153017,3.87720321289325,NA,NA
1243,1.35564096362672,1.35304825404787,0.586877303167921,0.817918348321912,0.846208692169132,0.227037820910336,0.513101247354061,0.761614686653484,0.759568642613129,0.855247828109539,0.773124232315575,0.126629588141106,0.935663588187424,0.336257200086722,0.613588079216192,-0.840620211734327,2.47645690837815,NA,NA
1244,1.9251203485112,1.94769017593399,0.0900440874695744,2.13327411089681,0.960755724668893,0.86126508585515,0.343829244166147,0.335333172464278,0.597066743537551,0.139373288862756,0.30996807459672,0.181604939252604,0.0673671059238259,0.211979299595812,0.538749842366204,0.250227492605096,4.01632072918852,NA,NA
1245,-0.609470931524667,-0.624615355198761,0.0564933605238414,-1.19075330685907,0.948234527390518,0.204726266607293,0.251058839756646,0.362114064081921,0.338460542363115,0.315344676790177,0.893311112996191,0.32224371602945,0.456052951871185,0.799952909584856,0.854937161474605,-3.04925882944184,0.667752215723709,NA,NA
1246,2.69712046636481,2.09318219652998,0.958488767291611,1.58862551416824,0.955756862064844,0.134020819225581,0.654290923272958,0.1829467373878,0.895357576339622,0.932872989502968,0.196870384804439,0.172453025415307,0.850662116830354,0.314598300681449,0.525785971512785,-0.284623513455867,3.46187454179235,NA,NA
1247,3.77398505409258,3.13858584542395,0.996727033261224,2.58285708670981,0.895726578136983,0.963393456655904,0.78336569874105,0.699648157801712,0.155677338313777,0.129705672309268,0.318113224157016,0.557395512718707,0.563925437168451,0.888206374604837,0.67136443186528,0.827265253566019,4.3384489198536,NA,NA
1248,1.88589051291711,0.926843382399651,0.999916177629747,0.0117505239308602,1.11483159549109,0.916069053134415,0.966771455281298,0.599461017170572,0.819350150558981,0.676919863202609,0.137304975245264,0.977107250160421,0.118617355341441,0.227152875194675,0.900940762225073,-2.17327925205899,2.19678029992071,NA,NA
1249,2.87371169696189,3.52682848058242,0.866651615758703,3.60562106980666,0.87918749752121,0.848289106527227,0.590612372556934,0.908764064930612,0.938274571178365,0.441694548530271,0.16302127118397,0.763951753373258,0.548876321784686,0.946141358131776,0.110170514513622,1.88244523900719,5.32879690060613,NA,NA
1250,0.322327430829109,0.272554011903706,0.0504830504206179,0.793083257934492,1.00248746620392,0.81153981079103,0.120820618929225,0.363902813933557,0.492893978158012,0.287532067955472,0.82947009909444,0.651085919733392,0.536647778161685,0.806934765284765,0.0668017426102888,-1.171756070778,2.75792258664698,NA,NA
1251,-1.57457343798343,-1.04099126773561,0.999534570812738,-0.675807549466815,0.874392122210323,0.940232142620254,0.88103836274019,0.758309779391275,0.674589966698084,0.674603769328678,0.811945097211748,0.524277918757754,0.846734457776998,0.976406545808073,0.597284225933021,-2.38958461736459,1.03796951843096,NA,NA
1252,1.09103231185724,1.15308404748936,0.0642175768840996,1.24815820362315,1.25578582526399,0.510136632526643,0.290654800618649,0.264518204344553,0.459020529503119,0.170777818938252,0.0104861087593017,0.590687364287442,0.0777481984295882,0.919690716523794,0.949074716874165,-1.21313678619019,3.70945319343648,NA,NA
1253,2.05825822197199,2.07384322995073,0.0694857697817345,1.8522730796717,0.821241223772583,0.283853224038729,0.306697353766649,0.668393906935933,0.161745099901455,0.675810486796894,0.808882145393523,0.190977827089373,0.119188318353263,0.719130513405427,0.7757190933167,0.242669858457836,3.46187630088556,NA,NA
1254,-0.0423356844485367,-0.0226593742794633,0.0500606913350769,0.865214366719913,1.12183043653235,0.910121047601453,0.0170823780993232,0.497961856228299,0.974645644973265,0.107115788444644,0.626167864583549,0.619165942962864,0.108943383605336,0.488632014951203,0.839282870838302,-1.33353288564434,3.06396161908417,NA,NA
1255,2.11779720246802,2.19164049586381,0.999138126736816,2.13673113496372,1.06730991776823,0.367812121756608,0.850210069169523,0.358547911880305,0.567924230030272,0.285381273128442,0.794203041437082,0.978654557380127,0.155823060005088,0.173390434968052,0.0641417969431495,0.0448421357955726,4.22862013413186,NA,NA
1256,3.42969237955593,3.73660571692654,0.999918570562325,3.42764569641233,0.921574842295902,0.857065125456545,0.968219734743936,0.937034576431732,0.65120867718535,0.626782833935693,0.254641049918369,0.517265150912921,0.357152199236676,0.205608572114841,0.0807570946492488,1.62139219645418,5.23389919637048,NA,NA
1257,-0.619668760515024,-0.572502544589256,0.104367859676589,-0.554299447059645,0.814306991187595,0.247393909620238,0.359912169674761,0.237265595851,0.867732093076454,0.319749783754698,0.720115178664215,0.364039569519227,0.167988796504098,0.184259240178741,0.993218623624649,-2.15031182214651,1.04171292802722,NA,NA
1258,0.145715214910983,0.110052422027406,0.0537805204099402,-0.0483877590842086,0.992370655186796,0.0269119877392659,0.223869356228854,0.376324174079346,0.850122223245446,0.408349985902547,0.0635462715253234,0.869410935049877,0.437360944699729,0.273814288720023,0.468688662428991,-1.99339850256474,1.89662298439633,NA,NA
1259,4.27322899268623,4.19068743793775,0.052506547471672,2.98956968572219,0.957975131526589,0.950033140719985,0.203254313514801,0.203913692060974,0.775489129505586,0.112914841077058,0.0286492704373086,0.283723405532655,0.604929446175694,0.618323891976965,0.533749172287178,1.11197292984505,4.86716644159932,NA,NA
1260,0.547524327497857,0.613631282642598,0.118652089381864,1.24247627793773,0.927234470534438,0.500357299591298,0.372379955741344,0.83038770457299,0.676365049179294,0.584268740474945,0.695053957790253,0.753992882145802,0.384650296034059,0.0681675784488907,0.985950965932687,-0.574869889533833,3.0598224454093,NA,NA
1261,0.819085058064995,1.09027263992015,0.982692578259546,0.459309192623922,0.834648060628401,0.617419262902462,0.699347011829494,0.711568264640984,0.668354762568139,0.198822137803538,0.582423649616772,0.452587932930444,0.0903042954737321,0.958362261996022,0.669419519296964,-1.17657094597395,2.09518933122179,NA,NA
1262,1.76404301006288,1.81872278935491,0.0998516811746258,1.85064256324737,0.946120809817869,0.561589654655894,0.355324633603217,0.198411181345582,0.88257887116645,0.942288082307903,0.746382041190285,0.63805327930802,0.507815415586112,0.41607888282428,0.810844905130565,-0.00372014901952533,3.70500527551426,NA,NA
1263,-0.6040598371652,0.455913405593639,0.801776689078881,0.461644132376174,1.13018553764399,0.270796366623719,0.566652254786692,0.449987369762268,0.626808664454147,0.24614784684428,0.259842203765875,0.872264372010017,0.963438414996374,0.950447786622099,0.995604005618254,-1.75347881725408,2.67676708200642,NA,NA
1264,2.75991512320711,2.30298614030868,0.995127721803765,1.14359188990785,1.06385078571963,0.501668917914154,0.763387922194903,0.818401839497266,0.821096276271739,0.766467317294213,0.195766411383287,0.908116088028066,0.252287592221051,0.68211394633702,0.429482387775322,-0.941517335027253,3.22870111484296,NA,NA
1265,0.0981696444299096,0.798933518515549,0.594807442347478,0.453683736327836,1.02807206893735,0.0707228094809689,0.514803500516457,0.710852369257482,0.364601557331625,0.177058748631505,0.899253577138879,0.458334261555457,0.298095293084276,0.0366698514219606,0.899407447054982,-1.56130049230095,2.46866796495662,NA,NA
1266,2.20004614277851,2.25989164441854,0.0506104032408603,2.33054901983664,0.898609123267894,0.0843081072627101,0.132527263101074,0.91958402266365,0.775708673203713,0.466622337094741,0.150289419357898,0.988515958513483,0.411647734434227,0.242116504195612,0.0020130218656268,0.569307502052455,4.09179053762083,NA,NA
1267,2.39674025788781,0.359921695976863,0.996537605981602,0.501073375543173,0.807660259453074,0.43955202576681,0.780542521942174,0.743631846193224,0.905977084425278,0.403538861498004,0.699121515066945,0.425234174918151,0.891266045143479,0.808684247052763,0.272968390150345,-1.08191164472913,2.08405839581547,NA,NA
1268,0.265572457235629,0.481540072489525,0.931142784459754,0.468103836360662,0.908015319986814,0.201884301527869,0.627459233157104,0.788630575216725,0.465902551311068,0.29845571950404,0.30098021386459,0.620188168379711,0.622949251837563,0.734255620246986,0.140740063834237,-1.31157348822411,2.24778116094543,NA,NA
1269,4.29516124389993,3.37369070100324,0.984364770717625,3.04665951474835,0.768899197645736,0.967529248486622,0.704517012665165,0.292915896025719,0.913430850082077,0.646248745789984,0.130826346550602,0.542310387573088,0.471374070175923,0.213496531749843,0.690322404849343,1.53964477962096,4.55367424987574,NA,NA
1270,-0.088640041795589,0.168379482891969,0.831574188591368,0.486663294530959,0.944392627193123,0.728518948066514,0.576740735595697,0.527191792516154,0.618071674740058,0.352580213873414,0.7363387760896,0.402443799691391,0.796380206295173,0.462744043957093,0.421598618552089,-1.36431224203272,2.33763883109464,NA,NA
1271,-0.886996225353395,-0.509041879125814,0.999844708278384,0.297369110974928,0.979925042387023,0.399365643612575,0.935937418113463,0.0993271290448029,0.937814808988245,0.137141851917957,0.966418570206384,0.19371946280275,0.304157701839227,0.0588683814358665,0.720417099510436,-1.62324867965252,2.21798690160238,NA,NA
1272,-1.58804703895705,-0.824665410294036,0.420916216019856,-1.63117536936429,0.868031734908381,0.249904601096176,0.477726451626979,0.158042426726548,0.32758878997073,0.35055947466928,0.287438547391794,0.581247143369866,0.925483026787173,0.025318323108484,0.311450176275452,-3.33248630722254,0.0701355684939526,NA,NA
1273,2.23954523671226,2.00599197937199,0.998253426627911,2.55866987677973,0.941028649934676,0.0900985450014705,0.814848299944191,0.0900588850297499,0.0483135168877197,0.589772992416983,0.92658270541532,0.366743312946986,0.966389619926806,0.190336696887156,0.978286595315207,0.71428761448742,4.40305213907205,NA,NA
1274,3.69238608600315,3.67290721986467,0.0500809364399718,3.56941334591522,0.910262335652859,0.998694267268176,0.0314766045620199,0.0899401282978943,0.15776173342322,0.856548245690879,0.331228701952612,0.404045311743743,0.991810095940018,0.572389852431719,0.869629199476214,1.78533195155231,5.35349474027813,NA,NA
1275,-2.56838248540578,-1.63221976199863,0.986159219754685,-1.85984251963347,0.874724776364274,0.189848146589473,0.71070831219398,0.13692221014353,0.279589777385001,0.385204037542455,0.355941471322789,0.670913438691292,0.481220932718832,0.0151407558582723,0.991600254893419,-3.5742715776923,-0.145413461574641,NA,NA
1276,4.26912714587785,4.07866272816077,0.497162794887621,3.90493689209028,0.896626946757338,0.713255617073854,0.494132812643191,0.142011706413003,0.604778427738813,0.0687762189012719,0.0986960624966305,0.382225908469176,0.544300290946732,0.823504185037804,0.771834357344545,2.14758036887779,5.66229341530278,NA,NA
1277,-0.830833217129726,-0.920618475383833,0.0562483110949705,-0.794376445536183,0.862753155741328,0.0263995563496137,0.24912240561482,0.952173116070335,0.570809949341463,0.867908935772604,0.0526000040045474,0.136058498219121,0.634464385596104,0.287636768758879,0.392687941816403,-2.48534155833746,0.896588667265095,NA,NA
1278,3.05386851360974,3.17242966140243,0.0500484037317575,3.28865382493697,1.15832971256064,0.814544950929238,0.00577053010975942,0.411613396027358,0.518095756077906,0.00389562497206498,0.946649733326514,0.334749037921429,0.439207591207232,0.833094328808365,0.0866922917007469,1.01836930609549,5.55893834377845,NA,NA
1279,-1.67686446632239,-1.85219154573962,0.116993062587347,-2.22213936092196,0.838222384367169,0.233048821507022,0.371062800667249,0.183922829315765,0.608523188670631,0.787774705344811,0.818545061868965,0.624882085849415,0.450707881911192,0.310279068274889,0.594410566498875,-3.8650250453169,-0.579253676527015,NA,NA
1280,1.33574064882811,1.12927135790275,0.9912069551264,1.13852867310738,1.04606433338655,0.734226787263295,0.733660099637345,0.479145100244205,0.178701176881325,0.340541655601002,0.859582019672962,0.928631318827975,0.472605191629613,0.753633620830718,0.365140268690418,-0.911719745842148,3.18877709205691,NA,NA
1281,1.52643756315296,1.58998920992493,0.0502313876792256,1.50746913673789,1.11979280691628,0.482925333924242,0.084006045046146,0.8588403335982,0.765258592617931,0.508896286119358,0.994779465625179,0.197066427836427,0.401029832541826,0.858963219906669,0.0221524043251993,-0.687284434965019,3.70222270844081,NA,NA
1282,1.90747987304879,1.92414512900664,0.99954621648644,1.68846021429425,0.814742810778501,0.427105837277137,0.882305962033221,0.126315233067842,0.120212584310095,0.176607515053358,0.0773441895192955,0.196233207394718,0.408992357236682,0.158689248001901,0.863546664353693,0.0915936485054591,3.28532678008305,NA,NA
1283,1.66785053133617,1.51775035635915,0.310786522437802,1.58285332024033,0.873437212931964,0.0240408597483765,0.451407554555684,0.723970523813739,0.217851952051162,0.732707461366081,0.749757459467277,0.943147634120658,0.85456299659505,0.411452662391355,0.530739491701126,-0.129052159863363,3.29475880034402,NA,NA
1284,-1.5326227461974,-1.43795031041092,0.2091778173481,-1.73487123021271,1.31937170793536,0.125810247476096,0.419847439181642,0.328013215370593,0.39525509808166,0.0202780969546875,0.939351271572639,0.907019432468805,0.489260211217916,0.815005949734943,0.452851799563854,-4.32079225998711,0.851049799561697,NA,NA
1285,1.61003574344932,1.69030061052643,0.0502793632103547,1.77129606775969,0.986362838484396,0.441431508881156,0.0934294805305544,0.733411512621678,0.753052625101758,0.0905885367847513,0.223519516953733,0.31528044281702,0.0413667320929235,0.383189315601951,0.596392500320566,-0.161939571358421,3.70453170687781,NA,NA
1286,-1.4383936371842,-1.36990611907674,0.61276120948449,-1.99887636017248,1.05537226200917,0.122484992867918,0.518690693310346,0.0892398594917031,0.788708068405977,0.583855280240998,0.268426716133486,0.90069680694805,0.104414174672216,0.153156526895938,0.41261867754499,-4.06736798399303,0.0696152636480569,NA,NA
1287,-3.09873832449588,-1.94644406975128,0.998101721661498,-1.65013400923926,0.980495396982983,0.017634962195647,0.810675723003922,0.667611786967958,0.725253758558771,0.257113128875964,0.321770374276093,0.625700625833939,0.579707158929552,0.490528747295029,0.781499425470829,-3.57186967433321,0.271601655854694,NA,NA
1288,-0.889650179602785,-0.845691754999485,0.0539570637989885,-1.38976942648906,1.31524267069489,0.479210453826818,0.226160716510843,0.523809653762612,0.622699452392408,0.709452336772578,0.82691379468434,0.926752343526226,0.979268025803612,0.0771171646272996,0.614252870286931,-3.96759769198133,1.1880588390032,NA,NA
1289,-0.107531582457221,-0.15609204715903,0.0503713063239708,0.613062408818026,0.834683458552403,0.420286115023191,0.107660052729771,0.993013822016306,0.838673694367753,0.229782172866981,0.566714574200334,0.611096913102781,0.522039871944697,0.516844091316802,0.611780733493273,-1.02288710843602,2.24901192607207,NA,NA
1290,1.20938249854696,1.5507195435992,0.999879613068289,1.43266181949183,0.974725350323089,0.0282178705135593,0.948668977304129,0.911997255305876,0.747519025366753,0.652056019067066,0.913538267579861,0.144127495875815,0.00306351668783464,0.129057783428114,0.457795255861944,-0.47776476195961,3.34308840094327,NA,NA
1291,-1.8253933315572,-1.6252304680678,0.239007279275884,-0.092606813169978,0.983894070973288,0.458976926089963,0.430358086829889,0.436959252748173,0.95984117093333,0.3730013239166,0.937483456588001,0.375433278929559,0.488673438337399,0.602929799869307,0.956745114518562,-2.02100375688012,1.83579013054016,NA,NA
1292,4.03328216815713,3.83050902963772,0.171484971733416,3.69486021451959,0.889293966822561,0.906018533725524,0.404007779493229,0.739502674686257,0.253122939125984,0.837307797080488,0.113754045610782,0.298015579274157,0.487361135443556,0.669848314276431,0.567561903034686,1.95187606787861,5.43784436116056,NA,NA
1293,0.398561992545693,-0.111331652523803,0.998809594680994,0.449800585937599,0.964404798261633,0.7748784566588,0.83404571436462,0.305975023762323,0.692914346665377,0.572326455423958,0.282300864262506,0.0491002224566182,0.828197828248958,0.11312965986738,0.687917446769076,-1.44039808517282,2.33999925704802,NA,NA
1294,2.44422244219073,2.31228231204721,0.995998157519434,2.53078276584275,1.02619497157987,0.58188988864515,0.773274287309381,0.195246016838122,0.983673110733624,0.905197428107494,0.799754045041278,0.811027658563107,0.4249167309599,0.926117638150114,0.510107683517272,0.519477580430099,4.54208795125539,NA,NA
1295,2.64787263196882,2.64256294112338,0.0500960763172425,2.75729281799983,1.10802852461158,0.92984666582197,0.0400513360712212,0.390756750775035,0.847524448697688,0.563452750167926,0.682457458674558,0.19039161070867,0.947255505642737,0.804488369518542,0.646623829797725,0.58559681591807,4.92898882008159,NA,NA
1296,-0.823558919889953,-0.925225315369842,0.888326741245079,-0.147956473105724,0.956092182560754,0.423336077674874,0.600791532773408,0.542193043542095,0.524430017557112,0.552736530358437,0.238878898928873,0.758268969525583,0.0239665503620636,0.536393791888026,0.454743213688838,-2.02186271682509,1.72594977061365,NA,NA
1297,3.67839581570338,3.64570724827454,0.0500797380278768,2.91333565256946,0.957258648602242,0.699249039303046,0.0307306642220356,0.301653473341023,0.236190490184352,0.201014181364095,0.918462977947784,0.329611880631885,0.855434303679038,0.00690537720639259,0.00813369637727737,1.03714317741958,4.78952812771934,NA,NA
1298,-1.64551524333349,-1.53360763705681,0.263086079092733,-0.517930753423534,1.06036094671527,0.324313828226528,0.437961256124894,0.640375928652589,0.446276467233896,0.548989670842188,0.91441226829926,0.157684425162151,0.136131416943274,0.427993054071558,0.169023535200977,-2.59620001959825,1.56033851275118,NA,NA
1299,1.51375299824102,-0.472301844068372,0.999928363694875,-0.0590397778411744,0.871446961753594,0.102103782358696,0.974626992690726,0.949299227223964,0.943855047311867,0.314087524764705,0.871174888931331,0.915203414831194,0.49529601521499,0.834644024088746,0.634078963995911,-1.76704443731507,1.64896488163272,NA,NA
1300,0.894584919284827,1.28233496343219,0.933574858930203,2.02197769698002,0.945700885236111,0.257700707134558,0.629395020137657,0.489697896865197,0.996008790483931,0.920890082196216,0.442292978284415,0.39167102461867,0.526258310090285,0.757823230761336,0.358799087575055,0.168438021769596,3.87551737219044,NA,NA
1301,-1.30484555918426,-1.30318319427505,0.0503678496477705,-1.11862886140797,0.86708116650922,0.267221150453901,0.107192215520306,0.960670166729018,0.159139086919138,0.830028695010464,0.0956769447077531,0.126273326732451,0.364398459507152,0.538685026231571,0.196509805547423,-2.81807671943902,0.580818996623079,NA,NA
1302,-0.105894800584794,-0.198591662848446,0.236072892077352,-0.939348872595837,1.07459588967518,0.480003989442135,0.42938330568478,0.500363969231839,0.807926634116098,0.253066493923659,0.188137448114576,0.531447830099147,0.756293495010585,0.0545049142834032,0.855347586049465,-3.04551811429396,1.16682036910229,NA,NA
1303,3.83838177069589,3.50455589294251,0.895014632537698,3.01549980470898,1.10891440837372,0.576779944256297,0.604276648043771,0.757158423251822,0.27191244128719,0.0770267830082448,0.193116461152327,0.012238986159442,0.229906307908939,0.699434823014075,0.639991704656393,0.84206750235895,5.188932107059,NA,NA
1304,3.92127795667684,3.85670656473151,0.28634046576948,3.13438060541357,0.870885996859804,0.637987359488383,0.444743370558484,0.102521977939876,0.152779115230427,0.940050801361096,0.422324959213031,0.504017861327389,0.413631067089038,0.739563966186019,0.16969434302696,1.42747541692809,4.84128579389904,NA,NA
1305,-2.45891460831932,-1.99713146369394,0.985048498805186,-2.17651323379019,0.828940458249113,0.0583238110337406,0.70678933445795,0.572835066393949,0.426650514741312,0.690871068070061,0.980860713090515,0.966244121855358,0.659637556957197,0.455744978139759,0.838977024743683,-3.80120667728658,-0.5518197902938,NA,NA
1306,1.73795024083634,1.78762966584426,0.05007440188212,1.73730522009383,1.03017003474518,0.162779613216058,0.027267114804592,0.116482743094326,0.161491437478806,0.717118071726756,0.506297755846521,0.81159182603145,0.515297469358775,0.637617860880913,0.601251254081959,-0.281790945959103,3.75640138614677,NA,NA
1307,2.89624717179119,3.23677125571267,0.35215132772979,3.62072139957034,0.920071356669312,0.827215682285256,0.46186354192195,0.626012944095884,0.110344973288709,0.686736626979429,0.683949552730424,0.726589821292204,0.165162291104323,0.830917146755732,0.09787219727505,1.81741467729158,5.4240281218491,NA,NA
1308,2.37100284550149,2.53777060399594,0.990421701635394,3.03777480659212,0.892759946944268,0.723283320336836,0.729341422047815,0.590744767093915,0.541180717689684,0.974847590113291,0.796316059586243,0.982190769815119,0.980816898585064,0.320928313322132,0.0915768486156594,1.28799746374146,4.78755214944277,NA,NA
1309,-0.00668412706939664,0.178314603078713,0.680383076746567,0.426453342836564,0.971130676647552,0.71198766935966,0.533960226453724,0.627440328774159,0.836454334503156,0.690423555450398,0.159559183924226,0.465369783976581,0.0401317232606234,0.923870521453675,0.39417949141236,-1.47692780767465,2.32983449334778,NA,NA
1310,2.23824493077676,2.32936170241787,0.0533627289784873,1.93139116860953,1.14983998013438,0.0535665828286437,0.21799184250168,0.587736542842933,0.0213472104936372,0.429553192383843,0.943410069233505,0.109586342978524,0.0530098426300101,0.694847247838741,0.671927090546116,-0.322253780438106,4.18503611765717,NA,NA
1311,-1.85119608873708,-2.03923008038719,0.162459808361063,-2.26149535937766,1.06401710511154,0.00199761254864279,0.399606332311756,0.2010929012876,0.952729009691626,0.493594801414059,0.944763925021398,0.212012698164093,0.938901086164289,0.259815184577485,0.864402223180281,-4.34693056433085,-0.176060154424468,NA,NA
1312,0.791475961935681,0.178411328929901,0.998698740425412,-0.154841539531379,0.873152765412335,0.249021781357238,0.829587929990026,0.855768583885161,0.783393683407921,0.829653462246526,0.867002736790106,0.477538789320504,0.503636496484978,0.202916880165692,0.463758230539854,-1.86618951274111,1.55650643367835,NA,NA
1313,1.2499130079103,1.28400545743287,0.0597897718964143,1.47023106881149,0.921578030742542,0.813812984666671,0.271761732972111,0.0964631175901741,0.900776093927445,0.870516373049351,0.569394212602056,0.879039874690818,0.237939304114087,0.0804056847422617,0.335062889591558,-0.336028680387238,3.27649081801022,NA,NA
1314,1.02359087322463,1.07597158134379,0.982847474391367,2.10396682877233,0.983066353671182,0.823424867769121,0.699804814011208,0.730321249922854,0.225211918055546,0.234658073213417,0.420357187740505,0.469789467612165,0.10019816642045,0.96703522907279,0.99149670963292,0.177192181163701,4.03074147638096,NA,NA
1315,-0.743410798228456,-0.172760373655962,0.998635389157035,-0.203264876211277,0.844207729513425,0.0599410755172139,0.827207761410507,0.205457797989482,0.393266775523662,0.272731606042711,0.520584911343642,0.727519266215502,0.941767984283739,0.702323396228952,0.0857031586098019,-1.85788162152792,1.45135186910537,NA,NA
1316,0.593856523719761,0.686553898051984,0.175895343209844,0.706594649490385,0.798771473784406,0.478088705342379,0.406057670992333,0.965375065949862,0.791734181433334,0.677046494637965,0.013937987367739,0.792026673191693,0.565452829685877,0.394879532266292,0.373210225014598,-0.85896867100503,2.2721579699858,NA,NA
1317,3.07060435834257,2.26226037154519,0.8981704460568,0.601681763460819,1.21053393494248,0.523979744720855,0.605989061876782,0.250417982655112,0.7117573099609,0.693658529074164,0.546795415032189,0.582418059707736,0.0980735255370382,0.482196889638086,0.242045110889943,-1.77092115109,2.97428467801164,NA,NA
1318,0.815446352868266,0.0228214770032619,0.999939241318143,1.79130747654751,1.15665376560447,0.524601275535184,0.982862166089471,0.239359688621247,0.7966379512368,0.502246593631338,0.555286539402674,0.119124446003698,0.769448458693572,0.880205399151891,0.601589091315865,-0.475692246619891,4.0583071997149,NA,NA
1319,-0.10957880568509,0.0466447533035504,0.998042818303947,0.928788000607665,1.05131698908102,0.694493070882861,0.809144706997089,0.79108478529891,0.0846081861334387,0.853094863436767,0.347481714096735,0.510427881521755,0.811962794703664,0.0963907650969923,0.019976280884468,-1.13175543432622,2.98933143554155,NA,NA
1320,-2.16798692070181,-0.991459200572629,0.999436469553871,-0.91367740255875,0.87243105698727,0.438603289351915,0.871470126760425,0.0595531582691474,0.787112176582799,0.76567021783744,0.896511496726773,0.373951451672474,0.885503399944399,0.282826373385731,0.798149004550069,-2.62361085324801,0.796256048130509,NA,NA
1321,-2.31437455615957,-1.71690888620836,0.999317256357701,-2.0296279375468,0.827346872402694,0.186757802544511,0.861868943963898,0.857002031226875,0.122381147457287,0.947944067242555,0.499009912927519,0.224794673014549,0.907115678195725,0.358361406472977,0.0837725052838214,-3.65119801017794,-0.408057864915669,NA,NA
1322,1.50512431610127,1.48194883192727,0.0638085096892683,1.60739872836365,1.08431190597751,0.0746742784648668,0.289173250352382,0.814609548211796,0.813566598951002,0.483595922603155,0.559842771084048,0.424748972136294,0.480194196838886,0.706900791274384,0.174996932879207,-0.517813555360251,3.73261101208755,NA,NA
1323,-2.29657594337091,-1.44932501566193,0.999948951079801,-0.253614075839517,0.969036686734705,0.422896657808218,0.991568956693518,0.0287409745429177,0.854743519064272,0.655282757729758,0.888120467082015,0.0730976195279509,0.617300877658068,0.782020257598953,0.518209946664749,-2.15289108153756,1.64566292985853,NA,NA
1324,-1.93178723530626,-0.888024609923599,0.999787243593546,-0.898122794756816,0.895954696966814,0.426221720620291,0.920192270239582,0.14565421511454,0.894330025081174,0.117156323139323,0.16849324326776,0.0775147814720403,0.183077541773906,0.124843202827498,0.844761133219697,-2.65416173259127,0.857916143077636,NA,NA
1325,-2.09414087141373,-1.85758379657474,0.348392417274912,-1.27711041123559,0.932577076734873,0.340142754027271,0.460948347149184,0.0129310456190724,0.791368075321428,0.244685293713468,0.937904173366143,0.526291975902743,0.241236717354157,0.619096999140922,0.483886582763633,-3.10492789444359,0.550707071972406,NA,NA
1326,0.705330794903327,0.727987895737515,0.0543171790862426,0.185992191402706,0.954284589130639,0.151120182383573,0.230534748564241,0.460031195312738,0.601242521009175,0.55882820173935,0.352921976585989,0.618212453836459,0.562420778056607,0.371076615896891,0.785955723608145,-1.68437123429495,2.05635561710036,NA,NA
1327,3.03308227966028,2.97752343847227,0.112215551498576,3.19251734295568,1.07958141424301,0.7675933571395,0.367093800861738,0.207957150448696,0.64405064785073,0.701472862360184,0.135245039110305,0.380434384042979,0.97068098354328,0.91449779767578,0.832756321447901,1.07657665266057,5.30845803325079,NA,NA
1328,-1.92474882484102,-2.40389263167382,0.741669429161202,-2.21721035291739,1.09172311817703,0.109849668647279,0.549243404542794,0.991299578690203,0.807446261909674,0.93995424919168,0.857750025566784,0.37903979152278,0.665424868208473,0.935468154425849,0.21443530516699,-4.35694834563413,-0.0774723602006429,NA,NA
1329,-1.21353457109838,-0.377444709552076,0.886617249144649,-0.147567142731675,0.930315157561804,0.284006886166986,0.59992987030407,0.427151209539617,0.367128648805432,0.503248989173677,0.48756653018482,0.454504011696205,0.209647997591295,0.0723224955949699,0.478300539651304,-1.97095134582452,1.67581706036117,NA,NA
1330,0.474833808264791,0.413811191881116,0.054546862915948,1.1669407916253,1.03606411955926,0.5477053116553,0.233138660172001,0.260321103429538,0.780663528656005,0.310970944141736,0.249225587863126,0.182240985688753,0.916044548303471,0.163574698810466,0.710498250939068,-0.863707568385055,3.19758915163566,NA,NA
1331,1.76126072025824,1.88253150551022,0.641134219819798,2.11462131832775,0.87081810596396,0.687525657815393,0.524954732534941,0.971996564352186,0.0326258231682004,0.0439360149524873,0.961070773883257,0.61441002456937,0.189265377485543,0.879939321179292,0.531495647642645,0.407849193553,3.82139344310249,NA,NA
1332,-0.350828205572146,-0.302426982661325,0.288694252930773,1.30873225082147,1.21154354118692,0.455985823306721,0.445404054757091,0.138472659224994,0.368989189580316,0.399755684806383,0.781578166908002,0.184691325282911,0.781536722214427,0.782763244580827,0.209318161736126,-1.06584945560701,3.68331395724995,NA,NA
1333,0.466183418469927,0.422980116916039,0.050457726810624,0.76519555073612,0.838637545985406,0.708334887199919,0.11812685965118,0.418661409036489,0.697223766561947,0.235554257031647,0.0314630054396112,0.467073315935093,0.553585210818099,0.441287874291302,0.847233749012463,-0.878503835478327,2.40889493695057,NA,NA
1334,4.31572201789497,2.0609886072185,0.999806220225079,1.71442965720188,0.932554033786315,0.0528112909502815,0.924864546531229,0.76483135615068,0.257493885013624,0.570486375610577,0.342743474899325,0.31144187250128,0.841693160351249,0.201234908080078,0.434887524340069,-0.113342662656848,3.5422019770606,NA,NA
1335,-1.3964855853729,-1.31438934962927,0.0502599096353883,-0.999970752233333,1.20416635283595,0.306078908239026,0.0898195188675309,0.520127615229343,0.404609034818946,0.53737179760891,0.394409553800942,0.166458524181275,0.842970416796743,0.109542629540549,0.986274634054513,-3.36009343518675,1.36015193072009,NA,NA
1336,1.01848852780499,1.00004386576945,0.0500730336969909,1.12573610779539,1.01070926205193,0.503255888137384,0.0263390277106082,0.112583204873139,0.732055962853017,0.408735792853986,0.289632375166635,0.129911972529255,0.303582726195338,0.177652842496289,0.858221903742291,-0.855217644667441,3.10668986025822,NA,NA
1337,4.04784399588698,4.00729612792437,0.0500520207795023,4.06371101129447,0.877741479269177,0.826226897677639,0.00937403706053738,0.559737294407445,0.00579573162831366,0.2260290480064,0.393721185053699,0.485604795142543,0.944393828021479,0.406853908708319,0.471568535283208,2.34336932418997,5.78405269839897,NA,NA
1338,5.57685881397479,3.82142804900939,0.956558049994633,2.88906563640771,0.910236580557944,0.758778898795834,0.651911475070054,0.414129835262196,0.641972030209028,0.0810952283928636,0.844330330732511,0.47707635442703,0.333384045762359,0.0167171149286441,0.607661389585934,1.10503472110325,4.67309655171217,NA,NA
1339,4.06033944195738,3.99780137331305,0.0504717995459073,3.82792477609944,0.796128322994704,0.846464960626909,0.119641684769536,0.776838737056358,0.165005297382362,0.121122228444554,0.576268364359159,0.57156932434591,0.486130333348527,0.632470640666666,0.559181357669411,2.26754193595755,5.38830761624134,NA,NA
1340,2.18404977956222,2.33992991997407,0.0500705571082459,1.9568273083402,1.05535623680469,0.071859495617915,0.0246139718885534,0.0208158198469318,0.371018635287182,0.851114202283206,0.564417630133568,0.412512777297059,0.511380984201794,0.0922890694923699,0.180015356422635,-0.111632906656721,4.02528752333712,NA,NA
1341,-2.78586200127625,-1.82165230237421,0.999812611844372,-1.6961452517376,0.975007690523084,0.15871452582418,0.926541891465662,0.468342623436474,0.782121329838294,0.0808367705014534,0.299365555084427,0.941707885999931,0.107957924391143,0.56264559619152,0.585228470080649,-3.60712520981242,0.21483470633722,NA,NA
1342,-1.03037595509381,-0.261766128531466,0.958239000704321,0.983263890535756,0.970265125769906,0.738014672113932,0.653977234390913,0.568194046263234,0.405699954953045,0.85551172652503,0.0624646473028697,0.844087146656471,0.569581926680286,0.892545835026889,0.943355348593672,-0.918420811428485,2.8849485925,NA,NA
1343,-1.28627309388529,-1.2544810166736,0.999558281876673,-0.6965022245093,1.05492779887209,0.169063107026741,0.883654012019397,0.524189561965992,0.645314377392642,0.223850126558798,0.362599416665733,0.579754376545898,0.721859078343608,0.916565426097601,0.774922509032884,-2.76412271658872,1.37111826757012,NA,NA
1344,1.75767833098011,1.6429881023699,0.802890202534541,1.88715514272352,0.879486582321134,0.575948580588098,0.56700792413915,0.799964590773569,0.231221815672005,0.896232574433321,0.429750901071588,0.216465635371278,0.0430095083267661,0.458526319966535,0.128462474620435,0.163393116487879,3.61091716895917,NA,NA
1345,0.98494070380973,1.03817808212851,0.766649058166749,1.15161814722243,1.00468011290788,0.362848200866021,0.556102137681213,0.324929983230424,0.443662220392958,0.912427214107593,0.157642100206343,0.700748520343099,0.976215824805899,0.239998089812696,0.0298493240843527,-0.817518690060655,3.12075498450551,NA,NA
1346,3.05794182256459,2.62679643309898,0.868388224863567,2.60123684157724,0.810117656930953,0.902003387886914,0.591374016746413,0.833628801033017,0.390275527738617,0.88279710716242,0.930246051953174,0.805926195901702,0.364823522106861,0.401234582724283,0.195288962213788,1.0134354107526,4.18903827240189,NA,NA
1347,-4.25715290053976,-1.16579992314452,0.942222385066899,-1.08630473461866,0.835844604100416,0.418631389464135,0.636855699817534,0.0814490114444634,0.603554848664324,0.0143043757455889,0.48807459808432,0.473789295286057,0.767061637330917,0.800078066013171,0.341647363262135,-2.72453005532762,0.551920586090292,NA,NA
1348,2.66155183562599,2.51083892217469,0.289133598999421,1.77269097239578,0.832256155636801,0.538451271297876,0.445526893909439,0.0928222903114511,0.473686131683062,0.560637395869475,0.115924980751588,0.245089774085209,0.363582221866818,0.449562995375483,0.403548586102668,0.14149888143589,3.40388306335567,NA,NA
1349,2.77070027722146,0.732916565257431,0.999353070493261,1.19695035423768,1.19779650004142,0.924690134817967,0.864564935932402,0.639295015612617,0.014866742689861,0.854639062825125,0.10869955368957,0.517910443044966,0.00540815871022642,0.977455295062391,0.00705731649626978,-1.15068764665163,3.54458835512698,NA,NA
1350,3.79701808762374,3.77447516369018,0.0503065845788595,2.89900363912433,1.05541745334221,0.949144001384033,0.0980799588514492,0.342775966537767,0.297917618270847,0.556753168182098,0.878492538787308,0.582524734592647,0.629428421064862,0.498721226739348,0.424061507668695,0.83042344191862,4.96758383633004,NA,NA
1351,2.84837042099318,3.93299092102264,0.99944730629901,4.0010440194169,0.900762269380593,0.856045702100149,0.872441567472764,0.0238611046754522,0.320453290639678,0.381531718700891,0.213811391848023,0.229214002143592,0.46053188047884,0.215591875038575,0.982637881709496,2.23558241279837,5.76650562603542,NA,NA
1352,2.65490360984374,1.55155052394475,0.999629806738597,2.50935423190646,1.05531413770105,0.965846452952246,0.892490115656285,0.904297791375313,0.184537481221138,0.657170004067128,0.996215574276866,0.689792089166236,0.229300976267201,0.631754138089716,0.450913595726597,0.440976529636463,4.57773193417645,NA,NA
1353,2.28435996607903,2.32793478248642,0.052387086759854,1.84307638962942,0.946371021687011,0.244173424336128,0.200806379700545,0.327220411992748,0.436228525441722,0.372959503920749,0.633954637236078,0.122116384916473,0.46791410877672,0.303118169562076,0.480171440183069,-0.0117767288894925,3.69792950814834,NA,NA
1354,1.95268266645246,2.02992274132593,0.160779822044135,2.69529534257322,0.876150239918964,0.404406096179038,0.398753577257274,0.687761674336041,0.25112912810035,0.762175091551035,0.892888132902211,0.909438354704063,0.388502537029446,0.212627696138923,0.0121590583743528,0.978072427285918,4.41251825786051,NA,NA
1355,-0.932746659522591,-0.838560876963591,0.135899695962849,0.0749956257300096,1.24727540759981,0.0290659616732737,0.38457457174256,0.0139871167127276,0.58803004802682,0.418982441944536,0.619595064974506,0.955138978836127,0.582280892934534,0.28833438946004,0.936156383026158,-2.36961925196813,2.51961050342815,NA,NA
1356,0.508317603637311,0.447924013191854,0.0628303549776505,1.46389748374124,0.860840975185089,0.486296680566273,0.285447476446279,0.292025988674257,0.10827491649508,0.496686159703298,0.625512957972125,0.237232388016302,0.165774242525571,0.667483689067769,0.829115588422399,-0.223319824037876,3.15111479152035,NA,NA
1357,1.35246995919666,1.39280600145933,0.0501123608834173,1.22739858916405,0.984346509119259,0.128757423504954,0.0478808441309957,0.888704376513837,0.215829372229869,0.303545776221436,0.660021277853521,0.361968801663723,0.173912249698536,0.323282091203961,0.962790863695787,-0.701885117017428,3.15668229534552,NA,NA
1358,1.09432903647258,1.135623051524,0.0560753527759845,1.3053833100233,1.11295011664074,0.101212260526838,0.247709685877897,0.805543999598129,0.615803678258439,0.153615587768378,0.526203748435597,0.927370400547166,0.851168522335007,0.652412875202717,0.763974119213643,-0.875958835182204,3.48672545522881,NA,NA
1359,-0.0741813548101566,-0.157821210546984,0.769878648405166,-0.580982511064896,0.976024269912201,0.276522277200129,0.557023793425527,0.78660871782701,0.714461783633567,0.314722197694238,0.400577453051112,0.272629437259282,0.944818035990931,0.758344205521396,0.952417442031438,-2.49395492812981,1.33198990600002,NA,NA
1360,3.17589273575475,3.08952463649456,0.229305868370544,2.99946385087295,0.922699848119584,0.783591922925087,0.42709007654991,0.402047632520436,0.525052925094147,0.699817880536779,0.483101380727021,0.653044641697896,0.571544336355408,0.776301816788502,0.602292964587803,1.19100538001798,4.80792232172791,NA,NA
1361,-1.34435969715103,-1.20750951936704,0.120971106513891,-0.42167844804023,1.15606982966391,0.433406919680885,0.374172753785038,0.290907690940658,0.90289976490289,0.427818583189044,0.650497705390211,0.388327751867124,0.871298851889558,0.0407386336295167,0.982082490708446,-2.68753367779484,1.84417678171438,NA,NA
1362,3.51775578285717,3.81053099343077,0.888782578324304,3.47255690791442,0.870216422026433,0.795941447578953,0.601023224488017,0.938335290677147,0.557276852677925,0.0706631169519387,0.522227227058145,0.105590739604551,0.391062647545477,0.889824299076456,0.0896264597869012,1.7669640619873,5.17814975384154,NA,NA
1363,-0.0231422025270117,0.669186141488864,0.60482029361989,1.79724716281905,0.932936569695593,0.807382866548491,0.516965182586573,0.955167855579872,0.949615950954729,0.101650324202492,0.940801346103544,0.790920776729705,0.14935285331856,0.515729509594734,0.871071714376216,-0.0312749136446522,3.62576923928275,NA,NA
1364,3.59982905320694,3.75656358332209,0.111599356692023,3.98556047821761,0.951557125969601,0.793928134099231,0.366561430551694,0.973003059163224,0.608368216092349,0.664008393935277,0.0923105034990003,0.0977773264554562,0.774285983092617,0.491669762837002,0.0490536886360496,2.12054278208475,5.85057817435047,NA,NA
1365,3.08297847948079,3.10522832642737,0.19607132775196,2.91915064717174,1.00265632862464,0.6143408694627,0.414729224976036,0.633073433168698,0.441890306035639,0.57598267650581,0.408354557710351,0.743775583739858,0.669633794695605,0.766357236811426,0.12300521349709,0.953980354196293,4.88432094014718,NA,NA
1366,3.65051069160862,3.65768085214392,0.0682880009334039,2.93168601623457,0.99696289709714,0.905216766970698,0.303461070251884,0.075209589258302,0.859958420090959,0.593289286699495,0.805418458236032,0.217942162928055,0.831380703851464,0.329371358293924,0.152755449629738,0.977674644001462,4.88569738846767,NA,NA
1367,2.81008111814604,3.22638694362068,0.999859126439191,2.98776667423949,0.932862012466156,0.602054394909996,0.940810310419882,0.954962762381998,0.909970541121438,0.443520920258015,0.134000229075085,0.656914678479312,0.157424789415323,0.559968227844336,0.969306485818,1.15939072726027,4.81614262121871,NA,NA
1368,1.5546396598143,1.5865092796035,0.0512504895760774,1.25813813466243,0.769895094849331,0.180963646856137,0.168419516140479,0.865274500887957,0.721699725745712,0.252332014845102,0.657952690434875,0.638567150948802,0.873746244848589,0.74362311141158,0.554360028670752,-0.250828523116311,2.76710479244116,NA,NA
1369,-0.968266329327018,-0.947682400040354,0.0553322156618779,-2.01703948049963,0.864084094278661,0.31581438370503,0.241146676674602,0.980720980537357,0.921435854481184,0.666091332825948,0.027454940289841,0.482048881487688,0.571340074244654,0.278082457342651,0.0923792419076199,-3.71061318489971,-0.323465776099539,NA,NA
1370,2.61065671565627,2.6130281910325,0.0552723554010894,2.58784912269344,0.981457693058037,0.525289779928979,0.240579026435036,0.0301491512226639,0.858186281787115,0.931337255147635,0.176899057570379,0.932726988701383,0.771530915039009,0.967704733913415,0.515793180065928,0.664227391949922,4.51147085343696,NA,NA
1371,2.43237494014157,2.37496721587538,0.0507487270463564,2.01179063925662,0.931008314263019,0.0368664228359703,0.142747283695266,0.694879479674622,0.101747773889336,0.419125817054301,0.580822789509548,0.39404732673103,0.525958500207518,0.172067612206796,0.841673471729155,0.187047873993752,3.83653340451948,NA,NA
1372,-1.09018643577998,-0.752911809541649,0.971377369446319,-0.333675660906958,1.06329210503751,0.685063668111456,0.673583600405836,0.574331563247717,0.999138697876129,0.634635823074263,0.493674775983323,0.287789936662884,0.951634079980897,0.826821697329637,0.947115915001486,-2.41768989182626,1.75033857001235,NA,NA
1373,2.94658900671894,2.29701550328162,0.817013064031826,1.4911855276025,1.00273728200367,0.359937599111465,0.571654453585856,0.125580512480461,0.383374505315209,0.987538949741516,0.709607973327045,0.121794195438386,0.435061061061686,0.01835742050095,0.336986276342184,-0.474143431080268,3.45651448628528,NA,NA
1374,1.06402313919402,0.963225529130033,0.221269490042715,1.05421440543992,0.861906023975102,0.254605629153433,0.424278661934426,0.745453069555922,0.45364246942848,0.680582233297522,0.576726093818084,0.860587157236529,0.869551060205209,0.338702544273343,0.171924975803704,-0.635090359609393,2.74351917048924,NA,NA
1375,0.819589223807003,0.00418530990805488,0.999507482594456,-0.24350201354939,0.920848693598546,0.568166724670678,0.87820844442863,0.716776100731571,0.635523912662873,0.137601611791179,0.735084920226829,0.336605487351073,0.950253271217807,0.290950950880419,0.85174399493495,-2.0483322882133,1.56132826111452,NA,NA
1376,1.52363204703055,0.889565678159417,0.98017924431674,1.29849779966163,0.991895405686829,0.41817059998773,0.69243238239584,0.654129162468598,0.197753070421983,0.47707426757284,0.472152797396644,0.429373962423531,0.957993586870492,0.0857754269314464,0.90201305008796,-0.645581471915299,3.24257707123856,NA,NA
1377,0.755230672686675,0.975249604984798,0.21479320426893,1.19519900002895,1.23081677217746,0.653351909439429,0.421937213162542,0.604714341220912,0.311722391121439,0.00956263875158038,0.96039020491729,0.00537349882663693,0.219692709734547,0.663584452992538,0.0774714479474351,-1.21715754500671,3.60755554506462,NA,NA
1378,-1.45569565150092,-1.47071405321383,0.0502231717219193,-1.51924437715151,0.867723930624224,0.135305667283479,0.0821979605096858,0.082159787110053,0.311303301709355,0.341798401552718,0.659593038235558,0.324156658791704,0.521722063280293,0.388103259010473,0.878664435737184,-3.21995202969852,0.181463275395498,NA,NA
1379,0.902352970300058,0.93736354552443,0.062446092231921,1.98526280617099,1.07702357400658,0.592453867558506,0.28390662194381,0.160565064515104,0.573837802174385,0.334466047817026,0.228707866564509,0.141862755205249,0.923764166944195,0.172593524563126,0.753278581587947,-0.12566460938251,4.09619022172448,NA,NA
1380,1.20730039092253,1.03834590805219,0.491039233929394,0.396956775545837,0.895404239177727,0.183203147403314,0.492838145207381,0.126856453354703,0.245670168461511,0.0784674717029557,0.147127294236561,0.698008984665386,0.13827068206307,0.674375443324679,0.0213932302962057,-1.358003284847,2.15191683593867,NA,NA
1381,0.798794409063804,0.752359671590362,0.05010124609617,0.677715802897186,0.905905009160119,0.853962271802942,0.0426721732919104,0.929826528849313,0.25010446099937,0.926653960240423,0.197846663490403,0.0389471645313315,0.233106132213026,0.162521011600271,0.269897722269176,-1.09782538847107,2.45325699426545,NA,NA
1382,4.75419682587681,2.66116757725871,0.999373650231335,1.86115571563897,0.819041404813246,0.504590559074306,0.866182438981719,0.705694016313995,0.0540955395421479,0.160011090116459,0.401836539108423,0.516023588369484,0.71351024392934,0.324220021301298,0.0365006848584162,0.255864060357918,3.46644737092002,NA,NA
1383,0.350404462543816,0.662326869995036,0.27801047589327,0.982882127087523,0.853267022552702,0.358538203381002,0.442369047277956,0.392365155366249,0.0960236536603188,0.356473578005447,0.903702052978566,0.766404712389223,0.296797063999227,0.526471680737916,0.207646037830506,-0.689490506311499,2.65525476048654,NA,NA
1384,-1.03517010209754,-1.0784602481097,0.050340173991615,-1.55084820122059,1.14225525608961,0.160057473176857,0.103279905259726,0.351379251632956,0.939400643481873,0.150679988392629,0.530321894952795,0.951405249771546,0.328930328323855,0.0381153767409269,0.158825462986249,-3.78962736430781,0.687930961866625,NA,NA
1385,2.48601121447037,2.11784838812922,0.913974300079623,1.6520144320293,0.846622779576255,0.0143569623278454,0.615344846759457,0.630321895552799,0.0859709343514405,0.40066557514458,0.533172763513052,0.653738956934772,0.708886736440822,0.204532903526444,0.563765786916483,-0.00733572443135255,3.31136458848995,NA,NA
1386,1.47332247788121,1.4705229360067,0.0573972668131575,1.65682502352505,0.975881234072571,0.138348675658577,0.257623283414985,0.100964183717151,0.751976624293486,0.946368840160896,0.694772324790712,0.615009157064836,0.781189444324351,0.90679372943996,0.922497622430208,-0.255867048445696,3.56951709549579,NA,NA
1387,0.802538290608326,0.867583049576083,0.0964114837874272,0.460651632773627,0.989906902183857,0.318830912818899,0.351558642422198,0.334052836066927,0.420408991689095,0.545485603859182,0.0808724886012496,0.0200896687329514,0.826600308741326,0.109287918453454,0.766162575185182,-1.47953024355435,2.4008335091016,NA,NA
1388,-2.29700846534726,-1.99983971670449,0.99867843226038,-2.36055343480041,0.998315900689548,0.0600409045319539,0.828812558937701,0.461643259085948,0.622159498582943,0.696143255212228,0.294332669298048,0.666470608282252,0.26138347413356,0.758859956531669,0.739113891343004,-4.31721664534559,-0.403890224255235,NA,NA
1389,2.22989194539226,0.616777616427486,0.99865969823913,1.25864049836401,0.963181204031495,0.651067544290912,0.828107768058428,0.966335499142413,0.95300438538217,0.0957107900301926,0.214802005361649,0.923071643293602,0.370685151324607,0.548773231941741,0.147772942414158,-0.629159972123649,3.14644096885166,NA,NA
1390,3.89009993787162,3.92622982094006,0.0505996724370468,2.32070852763183,0.981584639779691,0.800558010758134,0.131639886888093,0.226138734425651,0.928052647723933,0.185482012037653,0.696706184115494,0.175477493237006,0.435854832680547,0.484927641354152,0.0636083317663288,0.396837985885913,4.24457906937775,NA,NA
1391,-0.979117853800321,-0.0658445237483628,0.937123746510932,0.227742315542132,1.03180845931229,0.345369202948408,0.632340795971802,0.770932823496056,0.539156222201069,0.202373462221934,0.051088305280311,0.969402189158951,0.955265850079712,0.749903015634743,0.920415848613135,-1.79456510365372,2.25004973473798,NA,NA
1392,-0.776864611763377,-0.103832104996299,0.999729795309512,-0.362768492440872,0.988475151515366,0.735790580046829,0.908237650621682,0.271328900201013,0.116861073504901,0.528904621085385,0.674107527648914,0.241301303659333,0.823988878490753,0.860903142786585,0.835077436656924,-2.30014418902376,1.57460720414202,NA,NA
1393,0.564175422217503,0.276769015700967,0.937403881926598,1.50119676962186,0.908218184872416,0.595759286858607,0.632579847442685,0.192621627931832,0.169190338303102,0.0443047582306899,0.8721051877219,0.849499022253556,0.711508656381513,0.558070468845544,0.838242164623574,-0.278878162832414,3.28127170207614,NA,NA
1394,3.46628120904693,1.79790228360941,0.984152197802469,2.05631859448861,0.815670336553536,0.198115795118618,0.70383042747702,0.264489425480366,0.0891262925805058,0.794013902995852,0.538478046386153,0.875860733957845,0.274853594921529,0.910938057998079,0.677805323454668,0.457634111586016,3.65500307739121,NA,NA
1395,-1.53140945215154,-1.5961931770824,0.0562328333075318,-2.0136470699964,1.04646801580241,0.380855655544554,0.248997576183057,0.00118282769189682,0.484154303783318,0.535529363920679,0.0995849938988686,0.171643040725729,0.682385639273329,0.863912303689518,0.718765410514665,-4.06468669194222,0.0373925519494165,NA,NA
1396,4.55597329151959,3.37831863656128,0.993185630234696,2.02377716592127,1.0122423268017,0.699676906157751,0.746511476534652,0.741716653837939,0.1547243652693,0.75733816558437,0.865748311468284,0.913624053803971,0.719440118499915,0.0426988655303139,0.219134628600557,0.0398186617629095,4.00773567007963,NA,NA
1397,2.32006272332021,2.30270083212661,0.0518319321922459,2.36543431374537,0.791575275199881,0.434047531482531,0.187541973967105,0.601363781996421,0.09386683170998,0.514134405483957,0.415504895609571,0.409571529699606,0.648907389020664,0.384562285580789,0.317591916604317,0.81397528330122,3.91689334418952,NA,NA
1398,2.72443102624783,2.77986086717963,0.0675830897929034,2.56053695839166,0.942071614904325,0.766792457048432,0.301457879486959,0.622135021264316,0.0669759818485472,0.45503711770277,0.192760094210156,0.853187801998341,0.269934572244529,0.000368141696322709,0.496364876841195,0.714110522321699,4.40696339446163,NA,NA
1399,2.92282196222213,1.68365505860318,0.999954658457276,2.22730553670748,0.985756084593639,0.30805359415873,0.99749729321606,0.723205003291718,0.970232471713563,0.545605499062804,0.141321754353237,0.317386409807135,0.458075282576261,0.504333511263714,0.314376957446337,0.295259113362725,4.15935196005223,NA,NA
1400,1.23704834144659,1.85237349000507,0.925387267902831,2.05235462886842,0.888389773942975,0.226266002811724,0.623117760807043,0.583062627410982,0.0475100878453813,0.421394500894123,0.306014250455424,0.688677111303201,0.843074425438186,0.68416410146968,0.830045073124464,0.311142667706505,3.79356659003033,NA,NA
1401,0.395745125721475,0.540291070894379,0.341319276521971,1.05958457015163,0.986250225060041,0.802119465116761,0.4592090452587,0.221403214374208,0.500221551794559,0.524572448328254,0.255496670725755,0.0816576570121106,0.969241586152464,0.0876802620609524,0.0678146467668703,-0.873430350710577,2.99259949101383,NA,NA
1402,1.6070368400447,1.31730492346016,0.999887289456686,1.37329624852266,0.926698276461653,0.152978512777598,0.951963782258099,0.228375993505353,0.212898196084774,0.0656057005575858,0.256208703028271,0.0987776872476097,0.247947998128249,0.289496587951784,0.390436015295796,-0.442998997877519,3.18959149492284,NA,NA
1403,1.11775995248268,1.18677614440713,0.927046190553719,1.66862352114853,0.842464692694821,0.4839650557969,0.624336658311775,0.839973972953972,0.149868210969726,0.567650296123582,0.579677682923735,0.799164864015533,0.650680590216303,0.831024173168465,0.472151095660869,0.0174230652200802,3.31982397707699,NA,NA
1404,0.123691386804871,-0.0247630754899536,0.983368978248338,0.87506384068428,1.18873968973104,0.63053561345872,0.701376543308026,0.749747440733248,0.981259876583586,0.9735046021241,0.795607314716908,0.392327323957696,0.103038209072198,0.766701204506215,0.43273022040003,-1.45482313818188,3.20495081955044,NA,NA
1405,2.61530535587198,2.55194837919157,0.0508854580973195,1.60010253596696,1.04001510095489,0.813172677952098,0.151141018369701,0.503125551552977,0.00358759956283029,0.348466931205126,0.672922385177808,0.45707313962013,0.917973512765602,0.668623889440554,0.66344160174916,-0.438289605282408,3.63849467721633,NA,NA
1406,-0.940454164619287,-0.985970599140603,0.0522578381974143,-1.00291667293756,0.925042922225085,0.299064025406144,0.198016266082064,0.173607491411502,0.800905815652804,0.199250125174178,0.176177980473847,0.536781520660035,0.821357067654142,0.639935955520603,0.204181776521262,-2.81596748465242,0.810134138777287,NA,NA
1407,-2.77558545571156,-2.21266426978812,0.28184293667995,-1.50279818411734,0.845172275622361,0.391240842509433,0.443468592453166,0.950060859141173,0.100090731618111,0.569655061773956,0.827299905251246,0.585008225037949,0.707674861120759,0.703407040181803,0.755349644875038,-3.15930540506893,0.153709036834244,NA,NA
1408,3.90097104158448,3.80130770505734,0.0501409633630468,3.40140388434942,0.9373682342168,0.900882969766972,0.0592215574993752,0.0278293918705313,0.0794296934407903,0.863625483336626,0.158411276047467,0.15923861076904,0.0206034489542944,0.0760725295291049,0.698036062044324,1.56419590503259,5.23861186366625,NA,NA
1409,3.92374367528102,3.628013129173,0.399505431801798,3.100584797582,0.82674244531452,0.77154156947881,0.472938275358756,0.879518455536803,0.50989413743862,0.0412843607451068,0.679171088657458,0.94435778949433,0.498370576441288,0.676651385150268,0.323957798885764,1.48019938027497,4.72097021488904,NA,NA
1410,1.62574638772262,1.55024494707233,0.103258503941495,0.478664347289119,0.912380398395724,0.894625150751206,0.35881949284859,0.566612438092125,0.964600852041389,0.456311031358433,0.0746900091549614,0.217189453356201,0.381046275016153,0.759871852464741,0.744134493278805,-1.30956837376681,2.26689706834504,NA,NA
1411,0.997009382486605,1.25512242200249,0.689052640162958,1.6697962890695,1.010237322787,0.640467942114919,0.536018159653875,0.371655133100925,0.585949529908714,0.288234413037193,0.70702409824694,0.0219729788140394,0.529157320560422,0.6174943411157,0.57253365643695,-0.310232479431185,3.64982505757018,NA,NA
1412,2.89545060854017,2.85817716052551,0.0512944422512741,3.09075777020688,0.928459718968953,0.751079909988446,0.170149071185966,0.200668598874006,0.945548472344992,0.178586457740865,0.858947823496303,0.512276812379248,0.988233328398433,0.0101506790036801,0.541224147010944,1.27101015993155,4.91050538048221,NA,NA
1413,0.918329671172646,0.830840670878483,0.0504308839634323,1.22181639715136,0.930213286954783,0.773844051239314,0.115103761443053,0.178995029184502,0.672826156918192,0.470374367807875,0.416304550165427,0.586040020579705,0.317004802016541,0.446069703774876,0.271352954305243,-0.601368143220634,3.04500093752336,NA,NA
1414,1.2786559182747,1.24352963053544,0.0501193655002082,1.22845895669036,1.24832618345262,0.54154332987906,0.0509049304219661,0.261367207116215,0.534917466428946,0.518820084718522,0.98810313424177,0.128396892022924,0.686321127269999,0.918728302884265,0.015241842910531,-1.21821540383513,3.67513331721584,NA,NA
1415,3.68944008764826,3.61648909352441,0.050267509499111,2.75350019709063,0.985198192701298,0.898798761040322,0.0912609720712062,0.659094819624908,0.500995451526716,0.262195526829688,0.697920273034018,0.60952622908249,0.237083173454506,0.0214730561561883,0.983559945177985,0.822547221762134,4.68445317241913,NA,NA
1416,0.563945487434074,-1.7092006502493,0.999499072786368,-2.37452685185931,0.862246296857249,0.308688852924621,0.877361451217323,0.982721858172328,0.896954244303051,0.674270922165364,0.992388246099697,0.323866235663299,0.827746360397665,0.59439167842071,0.434228185791406,-4.06449853950255,-0.684555164216069,NA,NA
1417,1.05547913817093,1.32144864832255,0.999875777236154,0.604330664606544,0.918598369199805,0.228995022631017,0.947100502886693,0.528676508400356,0.137200678427354,0.666838673116174,0.985187099057948,0.6431988827202,0.926406613216037,0.789302061074995,0.254657652669004,-1.1960890552823,2.40475038449539,NA,NA
1418,0.639350184629402,0.65208818170824,0.10600397547018,0.0940443500191565,1.10413951650025,0.280990499084583,0.361486067521269,0.694026991519961,0.536453649675823,0.705756975539145,0.164761399639421,0.0955672888590489,0.273136114270659,0.351274085152196,0.0512332825490739,-2.07002933622881,2.25811803626712,NA,NA
1419,0.0760868899714361,-0.0717989882226375,0.469925731705798,1.06783171377276,1.13601371684939,0.722435373483342,0.488353037039167,0.466000814200845,0.544243153162068,0.359672067546635,0.693959468329907,0.198662098210771,0.417195839215652,0.645741532055777,0.909021240090136,-1.15871425719552,3.29437768474104,NA,NA
1420,2.63546201842106,2.5304327543385,0.0509632848574845,1.99553640572187,1.07069383982705,0.170552177016274,0.155357320256764,0.40687475042406,0.0187452051481232,0.419973835199373,0.57552222220134,0.325170928394538,0.17566416212637,0.274398157060379,0.704105992362602,-0.10298495880805,4.09405777025178,NA,NA
1421,1.75636706859281,1.43397333212929,0.922655256920875,1.1485387959521,0.899823352577506,0.00835611506807618,0.621163398560486,0.682774097461835,0.555506764237885,0.967275066733477,0.284626674599713,0.329081045764615,0.341122111575212,0.459892633833457,0.75807473523519,-0.615082567547895,2.9121601594521,NA,NA
1422,-1.55131454837504,-1.67159632999838,0.0669326564615508,-2.15369514178755,0.948370997534586,0.187897866473184,0.29953833572811,0.0471733568836935,0.724969852743205,0.600366231612046,0.724746340327896,0.644908597323927,0.132643225693493,0.765164421340567,0.249324260541471,-4.01246814093766,-0.294922142637433,NA,NA
1423,0.16682451873402,0.0636433825869385,0.0506646819224512,0.334663100704263,0.950106780848925,0.677355340143666,0.13678956303047,0.0908831261905143,0.433237824509619,0.898014042435796,0.649922397158458,0.427768311027321,0.999031351376325,0.98249328469811,0.715392202323768,-1.52751197122692,2.19683817263545,NA,NA
1424,-0.073677220637854,-0.0835566599089976,0.0648552269508125,1.36329212922447,1.15123065196981,0.849033946214593,0.292882521587424,0.714480708756601,0.316757918442367,0.436724985013367,0.976489866361022,0.0270631269272417,0.988944066276308,0.501206814685371,0.901688422311679,-0.893078486534924,3.61966274498387,NA,NA
1425,-1.09634034881305,-1.09482808863784,0.0501024696781554,-0.813080873055223,0.959065735150569,0.310550923817675,0.0432728768499801,0.68714368494309,0.721351474833326,0.62136334026407,0.776636819923413,0.681237439928693,0.344206001318409,0.251298843357828,0.961661337359343,-2.69281517275677,1.06665342664632,NA,NA
1426,-1.44446773041761,-1.7823752468189,0.125170445004634,-0.578038008178098,0.964144347379072,0.349185213061399,0.377286453102832,0.379981955938041,0.953552522053942,0.200019605903653,0.978014548053266,0.591409046685207,0.402870324181626,0.194876125009614,0.94754270556639,-2.46772620493895,1.31165018858276,NA,NA
1427,2.251495901662,1.52882163241879,0.673888784433289,1.83115216803284,0.891450050251433,0.445893781984923,0.53243668235885,0.433108846618445,0.458365900325123,0.976941917836783,0.594271382914623,0.300596934540779,0.915306976608234,0.799201433343347,0.70267675664823,0.0839421755236074,3.57836216054207,NA,NA
1428,2.27109978200536,1.86700538306497,0.999852255927693,2.30907757047115,0.908509736051996,0.81629233526485,0.93842900978378,0.708411904724198,0.290797452667612,0.753928294090671,0.0131082419345621,0.875248780964874,0.542374250967521,0.978345767628634,0.292090059129638,0.528431208205245,4.08972393273705,NA,NA
1429,-0.373454709663417,-1.0787594128074,0.87346316753075,-0.566040682909657,0.9291806166095,0.0174980360059999,0.593649269516347,0.518537252383423,0.294144011211814,0.648889308522572,0.020760176602751,0.199631358109298,0.86291518798715,0.616564440561691,0.816462848221068,-2.387201226597,1.25511986077768,NA,NA
1430,2.56673085511038,2.40447024299059,0.114859544078951,1.69370064794046,1.20921724166344,0.0192464352848474,0.369323886593687,0.696628873558366,0.28217294622527,0.746806367226294,0.224764571543434,0.360895619055256,0.41556891085743,0.0978511292275507,0.665872516808333,-0.676321595204754,4.06372289108567,NA,NA
1431,-0.633398362460647,-0.603020278628879,0.0501166226308339,-0.630285313352142,0.891690863776306,0.173617211774923,0.0497424424595665,0.19786786362424,0.483910397640779,0.134839675730211,0.784415695274249,0.0526689105519326,0.434904276525602,0.0141001681592315,0.682204787248978,-2.37796729169711,1.11739666499283,NA,NA
1432,-1.61148562189437,-1.67678796627764,0.0517844439739334,-1.78953675781011,0.882451441991496,0.292657138123526,0.186226250566309,0.547027649027994,0.259237689643167,0.36902629219566,0.849782187613659,0.836114922478679,0.436616722001461,0.648859282825491,0.654414453539532,-3.51910980221888,-0.059963713401346,NA,NA
1433,0.825166791370375,0.826693168388891,0.915254023774479,2.51298081069366,0.999558158134584,0.343498847008683,0.616168243297725,0.683947431538836,0.0150109442395624,0.466303901377483,0.924095557875582,0.491533387278905,0.393122798124445,0.945676903499756,0.865866819344461,0.553882820296683,4.47207880109064,NA,NA
1434,-0.0813031693653247,0.352090784111884,0.969532896717546,0.79010362068313,0.904995351222268,0.745673231836292,0.670360914976336,0.563114033753867,0.27115741852019,0.752688744258834,0.0842564928751672,0.0114243982626358,0.768564320646459,0.161878902567434,0.210707749762223,-0.983654673888693,2.56386191525495,NA,NA
1435,-1.53170706520484,-0.434818432606258,0.999883241441064,-0.419839686489691,0.952795272618152,0.393356349513866,0.950199307423667,0.151752194162342,0.314440494287992,0.101460281469277,0.0422973352626432,0.00378099373483565,0.0930606538812863,0.420986975423177,0.0231127614792204,-2.28728410546129,1.44760473248191,NA,NA
1436,-0.781969202950319,-1.38204815198124,0.981797154153921,-1.48605229903936,0.973510603520269,0.301820912748342,0.696776859910577,0.189460123361554,0.835580728579196,0.547214372418704,0.814629929824732,0.204578904116526,0.978881194925285,0.989322619369253,0.215804693188868,-3.39409802050694,0.421993422428216,NA,NA
1437,3.46887222757665,3.50212280880483,0.0535589240423787,3.28297368713175,0.922701971306076,0.594891695540631,0.220837477492518,0.421022778432467,0.0351066294022603,0.104425687414012,0.927545968955732,0.200240368789178,0.92588330035063,0.499160583216697,0.424626255944371,1.47451105490773,5.09143631935576,NA,NA
1438,2.6291739958911,3.5488178486123,0.999916563990739,2.2569541087501,1.15489302406055,0.561071611443185,0.967002472522086,0.721422193336068,0.617386848886381,0.95501804151549,0.00964146462106146,0.287118686881149,0.977921028982499,0.34564527667861,0.492528295936529,-0.00659462440512826,4.52050284190534,NA,NA
1439,1.32464453556509,1.27123844052158,0.061287265293624,1.79240359594515,0.845791176144226,0.375989717045217,0.278958280973835,0.916085848378483,0.630963576482842,0.082855640900787,0.261589508373872,0.896327313404297,0.078125519425841,0.712688481003046,0.88055583608686,0.134683352260693,3.4501238396296,NA,NA
1440,0.0817736068536002,0.0246433664607384,0.0534106778175265,0.339886343805348,0.988223659165922,0.569200391156599,0.218702285389067,0.709042851771344,0.821812801615684,0.209540265442803,0.251138683449826,0.752441848006332,0.677853383086505,0.654088084765826,0.615692634985666,-1.59699643683024,2.27676912444094,NA,NA
1441,1.48665212684163,1.48369187396681,0.0507252374166954,1.69409177611275,0.865026738485329,0.170493407373782,0.141152275416302,0.492182737169322,0.127692018537782,0.820383211561246,0.807795775493374,0.685082088839612,0.671042895875988,0.987261020671809,0.941069143322529,-0.00132947698263752,3.38951302920814,NA,NA
1442,1.30719489487534,1.38725507597304,0.0508539926839336,1.88151753474061,1.09402256058426,0.468820980734192,0.149330235365429,0.980456242490327,0.777265424497426,0.428334467222332,0.436068814638769,0.389913511817693,0.432201027674833,0.795267455102177,0.766900111595867,-0.262727282278821,4.02576235176005,NA,NA
1443,2.8233792983159,3.11965638834561,0.360535575423994,3.40036272272167,1.15636332445093,0.831096825908753,0.463883374001714,0.00447955361148342,0.304585544515168,0.45182081111474,0.515276515330304,0.773780333384522,0.594561115156277,0.327000024942681,0.228211099158507,1.13393225375484,5.66679319168849,NA,NA
1444,1.81586292237767,1.85432457265371,0.0631092731423328,1.21690751274156,0.913590098558642,0.00565448114683386,0.286537659901078,0.806995313304942,0.872559517925372,0.0702983809788711,0.208742962765158,0.652391775033553,0.937049821115099,0.151716209683684,0.694927429577452,-0.57369617706578,3.00751120254889,NA,NA
1445,-1.81544910957958,-1.78135846148616,0.343300640016231,-2.30542121555983,0.948006121689421,0.138677921759547,0.45969859197503,0.492662207961781,0.81328381063987,0.163049553643563,0.328820370836766,0.912294685044093,0.420412454650388,0.564223604403902,0.259870311035775,-4.16347907119459,-0.447363359925074,NA,NA
1446,-0.0539490433337316,-0.284958076134293,0.143825464409029,0.631557180443637,0.906162764969269,0.478759043691796,0.389448102133465,0.464463083513197,0.231513754348271,0.482952461347217,0.182562763016438,0.210309831491206,0.75101715579303,0.798407274372876,0.523168220467865,-1.14448920302736,2.40760356391464,NA,NA
1447,0.780672088421038,1.70018806963425,0.999881300085545,1.02229345986646,1.0022362531176,0.815293682230869,0.949374686377822,0.591946101048263,0.0781188920426648,0.922286632184987,0.0112312059079995,0.201607913165353,0.392392057001009,0.399483404246508,0.0431342774613295,-0.942053500244408,2.98664041997732,NA,NA
1448,-0.866471915257661,-1.6785404648576,0.996923260200627,-0.953402790092759,0.961246329536516,0.231719273445313,0.786467376279645,0.537188711490831,0.247790860551526,0.440603486148524,0.804369420084171,0.902547981492942,0.572090562883997,0.0983757007071981,0.57476357433747,-2.83741097625565,0.930605396070132,NA,NA
1449,1.64118905341258,1.55293580880787,0.0542824890946395,0.812519806564997,1.0757980730825,0.534887672104174,0.230129524726304,0.776081858247519,0.970990057115909,0.35689638442744,0.77990830683324,0.66474063258071,0.659351146785426,0.104929331551655,0.357010030760197,-1.29600567131428,2.92104528444428,NA,NA
1450,2.0481540689515,1.69754162330161,0.345389292556127,1.74854978865128,0.858267408067297,0.079268247942091,0.460212670150213,0.274230604519951,0.784141018775757,0.405436694033327,0.966505054405774,0.228174318823149,0.41063581175264,0.275367267983384,0.602874628396821,0.0663765797348337,3.43072299756772,NA,NA
1451,0.671132356872789,0.513228071454793,0.562396300082027,0.93605316882069,0.999624280668805,0.833873998795636,0.507889232157031,0.219333666473045,0.0564514119580854,0.395544139176724,0.694169885021867,0.0547682673553936,0.217740163551876,0.870278809877811,0.0816929040990071,-1.02317441936193,2.89528075700331,NA,NA
1452,4.80835348203607,2.01263284879629,0.999602600250821,1.47379429473391,0.884914057854921,0.809245577937574,0.888942808078486,0.7153534858044,0.755333514090977,0.378225105124293,0.57902067771263,0.156079633501591,0.0954786680018297,0.00465222507528961,0.659813561962452,-0.260605388074926,3.20819397754275,NA,NA
1453,4.33208683004279,4.40174244159211,0.0518498371070811,2.80578641613666,1.08904482493744,0.969056960197049,0.188029234779999,0.0322007492778357,0.0923459706832655,0.796744376416784,0.88534112351283,0.404840253435308,0.154689111361513,0.397764768436435,0.0189639591141604,0.671297781709546,4.94027505056377,NA,NA
1454,-1.54707233238661,-2.05591800872976,0.998890921382024,-2.69057366851003,0.878660015345348,0.191693063229788,0.837588212734438,0.953592748378986,0.336036448163912,0.92434339761571,0.219200736120692,0.938506741878809,0.330590894208406,0.0643871686552884,0.540404378406354,-4.41271565324233,-0.968431683777741,NA,NA
1455,1.99058221947958,1.90085972849157,0.996844400451059,1.84109286612687,0.961748895907018,0.154571678185835,0.785197813126026,0.665258588902885,0.947160468836199,0.00535584889864549,0.405018279429409,0.629491950601921,0.28942610948428,0.92954634120618,0.354690832304303,-0.0439003320220455,3.72608606427579,NA,NA
1456,-1.09675317542375,-1.48158583684023,0.999900616152239,-1.61833258714227,0.879788626615314,0.0498267355175922,0.958256152022164,0.581105653206352,0.112904124569613,0.984469669948565,0.926143843853148,0.60870014905266,0.444688834380242,0.421920565472683,0.285266213101451,-3.34268660931624,0.106021435031706,NA,NA
1457,3.28589983458987,1.58074598546385,0.999820199234141,1.85839246726293,0.880650823626178,0.0464471759361913,0.92860893000837,0.349774595309282,0.164274723438779,0.0663638792932034,0.0244538977141492,0.10332877969637,0.673312211881974,0.801478324162425,0.667783864970203,0.132348570000082,3.58443636452577,NA,NA
1458,-0.934516575650791,-0.894218574879163,0.244309164332934,-2.09892288472406,1.0623419480633,0.0229395433532773,0.432090908807819,0.202239377891645,0.710566128617851,0.65774598269863,0.624773125496111,0.522170177518157,0.942696725058835,0.0289256371557713,0.139708000809187,-4.18107484219424,-0.0167709272538854,NA,NA
1459,0.156161171545058,1.21176520950592,0.999763962155706,1.73708601721731,0.948153826511698,0.312655762965674,0.914998831123463,0.411014591925661,0.113322062536026,0.87825512682728,0.83998737960367,0.0718847616101848,0.983486452545854,0.765536976906471,0.127090395231731,-0.121261334549456,3.59543336898408,NA,NA
1460,-1.28371470329361,-0.234571621924649,0.999818684135394,-0.246424142025461,1.07571400993796,0.872148134133313,0.928189288395108,0.985750020305975,0.227208528047428,0.799877670682385,0.271193312716321,0.302028952588793,0.539989956387901,0.144702051886008,0.900232860320946,-2.35478485916902,1.86193657511809,NA,NA
1461,-1.55230981261988,-1.68893227607975,0.0500453899724196,-1.07974273039609,1.3516719009597,0.259478021406336,0.00255608626594767,0.13961635368201,0.949009331154288,0.498520506104687,0.326341716190684,0.413285619416274,0.581010993667645,0.382061417661607,0.993846838135971,-3.72897097519189,1.5694855143997,NA,NA
1462,3.7610479738328,3.71457046396752,0.0513161509564779,3.6555981039986,0.80152639444269,0.782002380821854,0.170981796647189,0.753806482016458,0.365681934333988,0.886421409038594,0.614770936750458,0.508852921727928,0.468977468127618,0.431405255867168,0.638296566480305,2.08463523823269,5.22656096976452,NA,NA
1463,-0.440955893304181,-1.79540648662714,0.999886139960488,-1.5053815174743,0.993812959569351,0.111921221052646,0.951456371658714,0.511155647115433,0.444391325357603,0.154957890530466,0.523456150588696,0.632570987887681,0.924024349880521,0.313666031212197,0.0881618605963886,-3.45321912559939,0.442456090650786,NA,NA
1464,2.34886449097419,1.34677774979988,0.694499080494306,1.18574487897787,1.02855522505284,0.515253348837723,0.537326030361815,0.0673261645531747,0.749329660261166,0.927335086551262,0.119961006992264,0.312125409269007,0.691227100108867,0.535876618105685,0.854062682699063,-0.830186318236178,3.20167607619192,NA,NA
1465,-1.96072350359674,0.266024554578775,0.912887956327198,0.45063234922388,0.974940816274669,0.649560964623117,0.614654485191335,0.702200885399594,0.348370042506605,0.519348726856522,0.174557450538385,0.983304005586659,0.0938854537436273,0.842561522465781,0.823439234463847,-1.46021653773255,2.36148123618031,NA,NA
1466,0.14944990579906,0.15182802896661,0.0556221241463024,0.339939543355702,0.925881269681612,0.44297939899331,0.243809158810182,0.949595028782729,0.220176129122381,0.499701681631501,0.053628318139934,0.785210900269914,0.645464490783168,0.527641151806572,0.000744903005193919,-1.47475439918047,2.15463348589188,NA,NA
1467,-0.0126523226318051,0.433470357969672,0.879881328586737,0.94508324621145,0.858139960857696,0.809841037749662,0.596640126520186,0.76517602749134,0.280568803515751,0.280272834614967,0.433540603178204,0.793095046560746,0.896576370352297,0.00889069219154771,0.745689165691962,-0.736840170764246,2.62700666318715,NA,NA
1468,0.234555234577404,0.229179169625962,0.0502172776629151,0.894800709204143,0.976209026211249,0.804705928478623,0.0808593782063108,0.266896130108275,0.394724796191091,0.875835232412792,0.504887014160282,0.814424070663634,0.499863029990694,0.180789993247716,0.0826266790335067,-1.01853382355282,2.80813524196111,NA,NA
1469,0.599453874919635,0.529390118648637,0.0814436292781625,0.506115791864583,0.915710175208883,0.983280524166883,0.331269656029763,0.232691949205357,0.980815091366414,0.00432784664747305,0.366161380431149,0.0514596129162237,0.0972066690599313,0.322442723722314,0.901241612277343,-1.28864317182169,2.30087475555086,NA,NA
1470,2.92009383315,2.72131789911456,0.92118021664438,2.57529654336942,1.00119584736644,0.964769549338496,0.620134242001339,0.810407593943528,0.407313326610485,0.0749849247701932,0.62989198944706,0.268304665306001,0.361874285953818,0.316042661813437,0.752937004554435,0.612988741060137,4.5376043456787,NA,NA
1471,0.5088603062476,1.15817923698813,0.917569594763484,0.710741532797953,0.842677759576052,0.820797362848069,0.617687068433617,0.927167660820414,0.295726388384006,0.771149733375991,0.522534613085911,0.920460044770385,0.281648877050611,0.78953715847258,0.352433363948483,-0.940876526544012,2.36235959213992,NA,NA
1472,1.38400312770027,1.24664139100102,0.170012881442605,1.93632663012019,1.13489685839055,0.256606583259534,0.403309445075807,0.454419420658494,0.9995825907127,0.942738200158463,0.30763403364073,0.45693824116874,0.920316181452712,0.303760958007304,0.522319273617351,-0.288030338492947,4.16068359873332,NA,NA
1473,2.45924306900631,2.8774088330425,0.973770614344222,2.2061450957717,1.01550209241938,0.65889664473373,0.678079170788871,0.08755233715137,0.62945583354542,0.0259198934216984,0.0434388375977287,0.291794724014238,0.0280270825736225,0.774251557394513,0.678159673186019,0.215797568404654,4.19649262313875,NA,NA
1474,-2.12793962353859,-1.88994924514764,0.995480710133637,-1.51178331392957,0.813056927253909,0.146621086799656,0.767166930691921,0.272386251621414,0.243352501218789,0.219021748688421,0.507945792205166,0.721183815745055,0.606883473224705,0.755684165561339,0.687135670894175,-3.10534560872803,0.081778980868896,NA,NA
1475,-0.0879437826629903,1.68954384386302,0.993378522417898,1.61500009644805,0.943853643001952,0.618217106938013,0.74795745298441,0.477333750125603,0.3358112194438,0.721769085217849,0.326972506710212,0.438604969062028,0.632931950101512,0.752755128553952,0.0832169936451828,-0.2349190505127,3.4649192434088,NA,NA
1476,3.94148474109197,2.63617475922713,0.999921177805336,2.76116626739466,0.838479971202017,0.658458097661263,0.969846983701223,0.802342994148727,0.296781062112073,0.146705941383145,0.979373355927644,0.407920831803582,0.302786917505786,0.845435515828081,0.502679381285561,1.11777572208053,4.4045568127088,NA,NA
1477,1.75305849323029,1.52382362046938,0.577465139875236,1.65168134189991,0.880336005417274,0.212674626091728,0.511090541252866,0.84198352264578,0.219340665058699,0.283184197185445,0.967472939982312,0.860396220352501,0.788234885708196,0.36758590471372,0.439615670632105,-0.073745523011802,3.37710820681163,NA,NA
1478,2.80084283156239,2.55886829420735,0.979903808609943,1.45340246936272,0.898910552776987,0.855234785578563,0.69172754175833,0.393972719504847,0.58858214216202,0.427152501229895,0.346810166734853,0.0476717895289184,0.349547916223062,0.963265108236461,0.420521761923213,-0.308429839403167,3.2152347781286,NA,NA
1479,-0.566342098297864,-0.878569532618943,0.998993170785441,-0.967601720656075,1.0721456307003,0.174823667479912,0.842429780063103,0.0758791880307253,0.592634713112959,0.596370043196832,0.168957538199145,0.256536215351895,0.554140970905661,0.160726749167079,0.960670026948908,-3.06896854301064,1.13376510169849,NA,NA
1480,3.62606134001269,3.59744154231326,0.0505221281992186,3.56231021157435,0.94696326385687,0.81853226204589,0.124712282312335,0.162112555436906,0.715909892938565,0.146103347507771,0.120488094453467,0.203621356631513,0.532947891127784,0.0173842169245472,0.760835665249964,1.70629631973238,5.41832410341631,NA,NA
1481,-0.143562333740267,0.695556841370139,0.98704013822446,0.97788496720997,1.180057839409,0.925946690797689,0.714043454643688,0.00152506856480613,0.33971505264088,0.00605312262044754,0.11407139557309,0.847014435770921,0.233994323467137,0.511983362115687,0.00881780787499156,-1.33498589770583,3.29075583212577,NA,NA
1482,2.25743019404316,2.33844866969024,0.0504177195229755,1.85596852954219,0.910372775407439,0.450617033022339,0.113551637376077,0.34392556972953,0.111152633639984,0.824297163075535,0.296809494179674,0.891949441750767,0.284798804745194,0.791340174197452,0.133306918205693,0.0716706772378439,3.64026638184655,NA,NA
1483,0.339776444910444,1.42457941960907,0.999863651195542,1.09290092794517,1.10331582343493,0.0606565776154166,0.942442869357532,0.594177654019091,0.553830700734747,0.888044443181483,0.486012255239068,0.863101835826877,0.628417151294765,0.0693640792533988,0.218452407803037,-1.06955834956046,3.25536020545079,NA,NA
1484,5.37245295565008,3.88251731066487,0.999058503570857,3.04030456705296,1.01382572854589,0.690557444337523,0.845787758396589,0.0498505336776143,0.135458293994307,0.821130186140304,0.905081470652949,0.00746464578039013,0.0264893398444401,0.827373557341518,0.322064748534118,1.05324265250294,5.02736648160299,NA,NA
1485,4.14738940942372,4.2316862960817,0.052207330682372,4.05367774872651,0.809565880444262,0.63526430376037,0.196882408719626,0.863974102670443,0.293384028621134,0.208459076043568,0.105895076269866,0.491195632149931,0.299959459460573,0.552640019982587,0.203338578582741,2.4669577799433,5.64039771750973,NA,NA
1486,3.4031677279439,3.93907108391978,0.99917547715225,4.57714998097561,1.14975086490662,0.60794762728177,0.852427205763874,0.250727031550021,0.000283061055117287,0.00310123934829608,0.0651431109316181,0.789124060344067,0.714952237281366,0.627000946663786,0.400063924401649,2.32367969456486,6.83062026738636,NA,NA
1487,2.57327700469752,2.61918489993832,0.0501633188193247,2.31790488856898,0.938325007481228,0.350678312674747,0.0665829451479949,0.718549704004428,0.136466549009201,0.269629260179354,0.505344952643616,0.810360975658987,0.0699763243319467,0.302182613913552,0.0105576037700521,0.478821668112498,4.15698810902546,NA,NA
1488,3.63208961708023,3.51623091103059,0.0501482748411019,2.54646209909817,0.877587932733088,0.808949592876947,0.0617503206732217,0.311788017850835,0.238091487222118,0.557768954249448,0.75696397113218,0.818150958483689,0.552230061686365,0.381268726201612,0.803988302963786,0.82642135767436,4.26650284052198,NA,NA
1489,-0.627301387263691,0.442478413655939,0.946419605038106,0.564732719952175,0.920569482846624,0.877006464126869,0.640861268850742,0.958153308549197,0.249032129628817,0.727910338705406,0.205108289137948,0.692889648351469,0.304951978331315,0.677443809624412,0.556134637477109,-1.23955031169387,2.36901575159822,NA,NA
1490,-0.955181855079698,-1.92330380485915,0.798005710870038,-0.694602472690782,0.805221393169657,0.379315547901555,0.565458559371531,0.459019712787238,0.305818333923235,0.531979506355012,0.616099465097766,0.808259262359119,0.646126732437522,0.251694187341491,0.399741741815466,-2.27280740288448,0.883602457502912,NA,NA
1491,4.48825864005434,4.10788133610433,0.985508437870329,2.03817499188133,0.965369982095916,0.942783788967878,0.708376180367894,0.356094145157491,0.396563490924775,0.696573962563998,0.0337981638450874,0.0427377066228073,0.326801607127651,0.30262738451839,0.946327335847076,0.146084595217255,3.9302653885454,NA,NA
1492,-0.47360009903516,-1.50225506653881,0.99669133358082,-1.26776326994688,0.850336275993428,0.466103155857068,0.782821394252474,0.891536303325556,0.0948312249034643,0.110689762208378,0.679894744142308,0.381249463925953,0.909619755172986,0.657283119452535,0.348710936372168,-2.93439174564191,0.398865205748147,NA,NA
1493,-0.565967756638477,0.515250873473815,0.99852297834179,0.620984588237827,1.09959722808729,0.632109627709957,0.823243917398504,0.218125465004588,0.465253343440359,0.363354404245503,0.606603871335275,0.696650896692532,0.133188727685367,0.654711966059636,0.0262518978824373,-1.53418637631334,2.77615555278899,NA,NA
1494,3.00879124468834,3.05197519237957,0.948807209968773,1.58505664084881,1.00024664135072,0.583553084043204,0.643273492981214,0.242875727930339,0.705423176071956,0.781709910268546,0.700375816178625,0.575635577228502,0.583593873832724,0.851258617067244,0.242601873213775,-0.375390751855757,3.54550403355337,NA,NA
1495,0.823347461746036,0.598892214812073,0.999674171361884,0.704555696538228,0.908570162804701,0.611732454977813,0.898875131701003,0.598844698953792,0.277932950873044,0.587907516210107,0.250817734171753,0.728038927763933,0.793035024796147,0.745175737010431,0.20205119527888,-1.07620909998668,2.48532049306314,NA,NA
1496,3.40381182882215,3.43904209754025,0.0980932465123848,3.27896864153558,0.89167659761156,0.543499476722674,0.353431531244773,0.664987497196649,0.612319089034572,0.963777690507588,0.651107597264694,0.244282392597524,0.0538346731850179,0.76093924618978,0.426854633859708,1.53131462435971,5.02662265871146,NA,NA
1497,-0.0577460552666544,0.0272958912991582,0.0500582193916365,0.399310249612334,0.855476546630992,0.703467075676424,0.0150031255371869,0.571832407077309,0.2637050393963,0.751067138592829,0.268590201381361,0.67822449247085,0.822399722755188,0.956470771550084,0.447682518062997,-1.27739297140311,2.07601347062778,NA,NA
1498,3.21027585714449,1.93890586606011,0.974780698391222,1.34428402822914,1.15731537739908,0.00146634191321209,0.680097349419491,0.321074390784604,0.868152216130984,0.979523785655387,0.22422461195325,0.724502865072107,0.996649900796358,0.197390562905814,0.207432285991497,-0.92401243022744,3.61258048668573,NA,NA
1499,2.24627767721232,2.23005720077152,0.0500754722361782,2.39122845957958,0.922085845951357,0.840868526220904,0.0279813519961899,0.678959523121593,0.914604768109624,0.0224272892550798,0.608545784955961,0.903920713069267,0.0416053487326717,0.355265931859263,0.489307472740067,0.583973410860771,4.19848350829839,NA,NA
1500,2.31770570247898,1.7602582774978,0.997491296445176,1.68484519699127,0.907934622884081,0.386162420452922,0.79670258217107,0.827179200632498,0.329136183060473,0.16083603227709,0.880564054529648,0.250306882072357,0.946516582690063,0.775324787523947,0.312403146389988,-0.0946739641784851,3.46436435816102,NA,NA
1501,1.32673491462997,1.30542189158263,0.0634236808685751,1.82847090658786,1.03949285831002,0.511675029829261,0.287739468183951,0.036873486437602,0.898050563518656,0.0214297690133099,0.0176776681781048,0.130101635109051,0.601633343529073,0.115666118075955,0.0623851507016225,-0.208897657886365,3.86583947106209,NA,NA
1502,0.353528752074354,0.428319406393695,0.0637019675753599,0.584702470272007,1.00360054736271,0.634807476846268,0.288780280232779,0.603424271990079,0.166984352704836,0.519695021822467,0.62768637943943,0.613008949083858,0.295573944881442,0.183763281918946,0.00640485921315849,-1.3823184574236,2.55172339796761,NA,NA
1503,-0.188517195738149,-0.314844665587881,0.998294065607206,1.41307683759199,0.886167246693299,0.845831846705871,0.816027582917828,0.491924708217965,0.398572389245033,0.86931195135694,0.630434087565169,0.737171985731693,0.397367651642184,0.468736618731637,0.351953709726455,-0.323779050205894,3.14993272538988,NA,NA
1504,1.76971557567048,0.946339791050353,0.997663221030979,1.37583271018728,0.851507236704234,0.751691328996443,0.800261285745772,0.49725895546691,0.325239566252567,0.737051304600318,0.758208804078284,0.0911323905916652,0.522500040721497,0.0511098229710478,0.233958705603145,-0.29309080632824,3.0447562267028,NA,NA
1505,3.11857137530775,4.41004375078997,0.846028625500028,3.58653797373939,0.873685283039978,0.747650647360017,0.582143422080786,0.0108528066852596,0.0576199635234661,0.765452397229848,0.615778572852607,0.146279257875285,0.119974720058264,0.173601079450804,0.246750885521178,1.87414628515835,5.29892966232043,NA,NA
1506,2.70950643491637,1.66534920762812,0.996202093752829,1.57204628406534,0.992450752728633,0.0813924677858595,0.775900312434998,0.720504101881059,0.929902995549492,0.676256731075933,0.293853315267945,0.351775440731435,0.657882847966393,0.231808541140403,0.91350778803241,-0.373121447712447,3.51721401584313,NA,NA
1507,-0.804800232293319,-0.725748240302929,0.0502084939499626,1.30438911782453,1.13257414022147,0.775830387030263,0.0787956125838682,0.685079038236057,0.730714047191315,0.720799214989645,0.563185734543367,0.592581959064235,0.79926141273824,0.970991632176563,0.979651728761382,-0.915415406830959,3.52419364248002,NA,NA
1508,3.43028744621699,3.39931845326407,0.0564517501292449,3.57090992992173,0.938178073639549,0.724199574501137,0.250735196456546,0.933606509196456,0.741038905630005,0.639569848225568,0.958882857521181,0.480522099542199,0.269116388471914,0.835640169512248,0.694319482203224,1.73211469450305,5.40970516534041,NA,NA
1509,-1.91261947616106,-1.72060993305292,0.78553436570975,-0.348995215385088,1.02647418650272,0.421857227667235,0.561622387539945,0.592709568873048,0.748728314222069,0.667120117280167,0.205739170070388,0.938179602372111,0.783844643444056,0.349911244244082,0.144807117266348,-2.36084765199047,1.6628572212203,NA,NA
1510,-1.54324278095044,-1.12107303922989,0.985995058461315,-1.13997830615578,0.825420871321533,0.505273918092716,0.710109998132801,0.902109356495435,0.694219060913776,0.988607918667956,0.278110637790174,0.949215110406745,0.490747982609901,0.075920588611858,0.423503089916427,-2.75777348603366,0.477816873722092,NA,NA
1511,0.911555631319829,0.957884773621762,0.929667308093405,0.618145576735164,0.846337598000712,0.129652024352457,0.626315352602513,0.653181909534149,0.681219932475244,0.811244908327586,0.170174891165341,0.821749730980606,0.276569804675179,0.424550586330588,0.760316644165316,-1.04064563410837,2.2769367875787,NA,NA
1512,-0.87241980870407,-1.01675543077485,0.995737459222372,0.0371880730985863,0.931942207790595,0.447484626029734,0.770104979706113,0.064971889690496,0.399933096559369,0.217729030130198,0.0864683692655526,0.0599734173082979,0.600999833003851,0.0593941942924866,0.740875525423675,-1.78938508984372,1.8637612360409,NA,NA
1513,0.448957874678731,0.295937216665258,0.99198001758501,1.2209860381753,1.13990829857843,0.519714567017392,0.738302391618257,0.216565117673366,0.795114244223922,0.366609681170085,0.997052342030918,0.830532693217858,0.343206395149231,0.0130453227190301,0.28263035134552,-1.01319317271676,3.45516524906736,NA,NA
1514,0.0947524777656369,0.153892843263442,0.482776275116704,0.481057439022943,1.1243499512921,0.0103870070055127,0.491087269560434,0.709756824716343,0.742223963344586,0.167249465954141,0.111337904446875,0.0497251605596393,0.493545908386586,0.544062106800266,0.562641368816723,-1.72262797152893,2.68474284957481,NA,NA
1515,0.786781018380727,2.45150027025577,0.999456079179747,3.00662925450589,0.994026534814681,0.716481005244306,0.873242043306003,0.0351129934153287,0.538789497880964,0.514588563630125,0.155321416479535,0.236674345576088,0.696090193993761,0.779372679511551,0.552262356004678,1.05837304659197,4.95488546241981,NA,NA
1516,1.32879482996116,1.37852879213505,0.0724799172281892,1.55242759143598,0.831920879832612,0.269241859310074,0.314005394808366,0.713199395654956,0.951064393226057,0.214034330756287,0.747881627851399,0.858941868395079,0.902134783784277,0.52218932892615,0.146328013846069,-0.0781073710228126,3.18296255389477,NA,NA
1517,2.11647573528479,0.112708805452724,0.999469212775329,0.439521463864445,1.08806934769884,0.98668952156743,0.874464857496787,0.990814712254098,0.0773237800467759,0.536921914701117,0.295930067616864,0.280291188223171,0.612379439387005,0.0902434149599867,0.322516552643501,-1.69305527030728,2.57209819803617,NA,NA
1518,1.74171436211174,1.46345315775475,0.842893569066669,1.17545001547449,0.879584111696874,0.685518265397637,0.580938275994384,0.424785886234837,0.152450457403669,0.366425792151131,0.146801924096653,0.431675892399391,0.972923400522675,0.444080572078237,0.499435838000849,-0.548503164825042,2.89940319577401,NA,NA
1519,1.4126609163741,1.35873067525971,0.0504282760905518,1.19744017547178,1.03661249340596,0.817972433960298,0.114800085700233,0.298480932015111,0.642110614811303,0.854354842963279,0.881765275966376,0.664488183690351,0.809577993946266,0.348390917582903,0.295269575628918,-0.834282977528154,3.22916332847172,NA,NA
1520,4.18579613397302,3.62598642495158,0.762659572815949,3.51450533288006,0.85156918281658,0.786198925880948,0.554975416839821,0.751993822391611,0.05912896563916,0.268858406082611,0.234826652120217,0.40672924887808,0.726509535747464,0.893671386028524,0.847551830412471,1.84546040421536,5.18355026154476,NA,NA
1521,1.67298043983509,1.63805384994849,0.0502880204883574,0.946416199878117,0.937831607058599,0.69161095602531,0.09495587897941,0.168921064123977,0.159906540110824,0.477691602734965,0.49169693319092,0.873557985178078,0.0724359978899592,0.726661298585357,0.343318778968882,-0.891699973520057,2.78453237327629,NA,NA
1522,4.12426450549852,4.10548050820123,0.0526648264266355,3.68486953536661,1.03891401790892,0.992052056557732,0.206324298112188,0.26949771997286,0.963160325801349,0.391077773738885,0.266135668444913,0.647476961532841,0.628931676685344,0.451122219924582,0.154495150690083,1.64863547723131,5.7211035935019,NA,NA
1523,3.32419082578563,3.01717481558524,0.999211658695923,3.01346054479026,0.926960988197264,0.718512480788282,0.854672798151849,0.939413753374247,0.565829456309672,0.140873761263792,0.823702722885995,0.715675002655247,0.875382462117122,0.908233278931934,0.903592222118052,1.19665039284997,4.83027069673056,NA,NA
1524,1.95394941458799,1.88942577914849,0.0600978995322222,2.55084197346621,1.3777568900957,0.439005027077743,0.273327585685533,0.189684204705642,0.680541433710954,0.293339142971556,0.0140974886273034,0.973146230968414,0.476749428079114,0.0651578994987067,0.805762823636993,-0.149511910573281,5.2511958575057,NA,NA
1525,-0.967600150408116,-0.879400704380528,0.665112159117128,-0.40008509408631,0.864907745777933,0.116226686732145,0.530400447564782,0.310279740800848,0.2082513871548,0.183059228136321,0.847244315252756,0.270503154366394,0.79282871319796,0.509823954571853,0.44944115861156,-2.09527312576078,1.29510293758816,NA,NA
1526,2.38545241276441,3.3509905041419,0.998441753420216,3.08119714842614,0.950296691182825,0.876410229161498,0.820562958827126,0.853041586269275,0.14003359958902,0.386217394346255,0.594537245516083,0.977514760403661,0.388026250268449,0.993104128172272,0.378208891211427,1.21864985908022,4.94374443777206,NA,NA
1527,-1.35331524892776,-1.36194480312707,0.050619818514005,-0.919429497216016,0.914500676408513,0.301249757135287,0.133293105286895,0.487828089503455,0.347046730814269,0.658815771047142,0.189566020869068,0.459881077628466,0.709826446529012,0.427165343974833,0.150465673784609,-2.71181788681422,0.872958892382186,NA,NA
1528,0.522444551367858,-0.138101485845712,0.999953273271545,-0.364421844409089,0.873363133125496,0.929174849139294,0.995992586579756,0.21375996895181,0.129808784239343,0.655987596032675,0.729796227920102,0.853883296523592,0.0667054434465244,0.72932883561519,0.210352980109048,-2.07618213076012,1.34733844194194,NA,NA
1529,3.77989757433467,3.77607986720275,0.0500736050865367,3.62242736078763,0.879409568901801,0.719281414616387,0.0267287176181562,0.615224560752627,0.15012639010651,0.834309620237094,0.756054305460071,0.22715025662852,0.430711039251997,0.856775195169961,0.780796051754383,1.89881627808021,5.34603844349506,NA,NA
1530,3.50198465319781,2.38484026547349,0.959449267998739,2.070919072489,0.909271927837584,0.354007746319985,0.655514269204228,0.416859111810103,0.00478506563534029,0.349042507431353,0.332262849115184,0.00657482942391653,0.627001740641077,0.51765686646942,0.515422332347138,0.28877884177403,3.85305930320397,NA,NA
1531,-1.06795697518253,-0.297108375886497,0.903090531256341,0.464676934130905,0.908164657627423,0.426692836983129,0.608754422192927,0.609665917251026,0.331912842688616,0.16838359594706,0.909638354156865,0.392539495351259,0.211669060395681,0.376103652008693,0.108202750331257,-1.31529308685099,2.2446469551128,NA,NA
1532,3.59381563499066,2.72513878499456,0.995176142382556,1.79948296151303,1.19836348127019,0.994854928938439,0.763889868032304,0.0972350957748713,0.912932683046441,0.585577845551656,0.643293625551276,0.80697978165606,0.0357136891551781,0.813467131124344,0.189273300608038,-0.549266302164582,4.14823222519064,NA,NA
1533,2.59009940685993,2.42108735560087,0.994452906919532,1.66424316783852,1.09564145083605,0.999504323712317,0.75686659020558,0.840633955016732,0.853307196713285,0.847932428497588,0.380241823385819,0.176994047260727,0.47064855808916,0.806389964403468,0.944281704774592,-0.48317461576936,3.8116609514464,NA,NA
1534,3.4517506717023,3.39864405241612,0.0501103217870496,3.1361394640187,0.873443956536742,0.946754929860705,0.0469650151749374,0.893285092029371,0.926329883416533,0.128917796263238,0.933243479984929,0.0322245553416433,0.835220392588293,0.570511996846762,0.31386062750523,1.42422076669252,4.84805816134489,NA,NA
1535,0.114672985167837,0.843528097791874,0.966935318112269,0.381211356507401,0.929260372612441,0.667427538584452,0.66612856165471,0.781852663682192,0.320656717927195,0.990674958033371,0.302176670639426,0.379555074049276,0.0770371841503074,0.156092709380318,0.786517336538411,-1.44010550607325,2.20252821908806,NA,NA
1536,1.24770155093752,1.20311306160479,0.0561479183622862,1.24586519580631,0.915145720219352,0.589044502904522,0.248307204307872,0.499607976822299,0.0757875288432697,0.608665128924302,0.655981640785583,0.461193326456123,0.908401599221979,0.643412068525096,0.819558536165394,-0.547787456429583,3.03951784804221,NA,NA
1537,-1.13927338354905,-1.78920421945528,0.999761269181652,-0.63321533471624,1.06257133263333,0.401909981112578,0.91443146511307,0.103518321111682,0.74182552403002,0.671604004411492,0.184244750053971,0.936832222934347,0.378555176420487,0.281903601602186,0.0506608836278319,-2.71581687768229,1.44938620824981,NA,NA
1538,2.37333798735035,2.36762863296409,0.197635902937695,1.17527776537248,0.953560452553443,0.0434360628400464,0.415359331810731,0.649902867703116,0.145400863857241,0.23537561395776,0.106552475512959,0.310311407559086,0.760786958781071,0.571282353104907,0.461437814619276,-0.693666378713985,3.04422190945894,NA,NA
1539,1.45336549279914,1.07237777970501,0.974390006534546,0.629372292556349,1.08803657495176,0.0488899969223421,0.679307571126381,0.111379656324862,0.665129822694696,0.929941907162429,0.853320112170652,0.952597443025326,0.847403778961161,0.166073096837965,0.701723478986067,-1.50314020821141,2.76188479332411,NA,NA
1540,-0.367886671849325,-2.0098703049004,0.99978121374647,-1.48756678821562,0.919551689363075,0.431379763344419,0.918794584690128,0.60715069141495,0.344264659543289,0.401027908110409,0.850139845356578,0.737940062316484,0.156695310567971,0.601000728436746,0.644385679947562,-3.28985498129021,0.314721404858975,NA,NA
1541,2.19952454441053,1.9063608029919,0.44728221791926,2.0495381429315,0.755185144969279,0.396171340105007,0.483489968653419,0.111712356693461,0.0744212947684573,0.724968115981552,0.363078997796401,0.41625549708365,0.979758225895115,0.79855232361448,0.749145312521956,0.569402457132059,3.52967382873095,NA,NA
1542,3.12509024735049,2.15925726938635,0.405375596250577,1.79769718409285,0.768348631002435,0.312382925998652,0.474262264787918,0.614059208634659,0.542556507085101,0.935730144182104,0.395169209639775,0.162335611687507,0.446935883767321,0.0709617815511301,0.667201664026477,0.291761539757419,3.30363282842827,NA,NA
1543,1.1256866433979,1.22456088635671,0.120647765947475,1.12148001941062,0.869651338742105,0.433842274275492,0.373926047423505,0.320913393523311,0.0882943711902481,0.590695288370713,0.992792585820192,0.696230573918205,0.383369799881009,0.284350982928066,0.570191200348665,-0.583005283630946,2.82596532245219,NA,NA
1544,3.51772203860181,3.55068389258491,0.0500924218369898,2.8225416250988,0.985399809194847,0.727862173608039,0.038112165454193,0.463422712429776,0.841891826194711,0.598707340236171,0.946489265694981,0.661191030026181,0.88131995631766,0.226283303347649,0.569860574420425,0.891193488704264,4.75388976149334,NA,NA
1545,-0.711897220151464,1.18653763237046,0.992653847531511,1.83270439002052,0.783769547549333,0.773197527648066,0.742726121848333,0.16428069526935,0.117610830117483,0.709840547846747,0.244111773092649,0.173309558708919,0.653699698637472,0.434851121794665,0.695738557919511,0.296544304644573,3.36886447539647,NA,NA
1546,3.91382423994015,3.93059296635692,0.05009777441041,2.85664675037242,1.02450271762479,0.904502759922063,0.0409274276352953,0.0788650824342621,0.793127601349726,0.157373706099112,0.0326196982865222,0.979461084298673,0.892017686786712,0.85463927407877,0.0663248902310152,0.84865832176443,4.86463517898041,NA,NA
1547,1.82653389538718,1.95547010112581,0.370840042379676,3.25266997668871,1.18903241799182,0.720282367013511,0.466327857978758,0.489472378695849,0.503762131254771,0.00456041115219705,0.290268651421764,0.842129064676701,0.137555016227416,0.501522345141857,0.884315982636297,0.922209260974156,5.58313069240326,NA,NA
1548,1.84314416299239,1.58967306544313,0.215165479587264,1.28107941976691,0.954586025686597,0.59180200365989,0.422073749218835,0.94351181195979,0.261079114406719,0.05649780160503,0.5129871413816,0.303546330096317,0.170811288757832,0.430647055508918,0.17940226299793,-0.589874810724046,3.15203365025787,NA,NA
1549,-0.56471079140976,-0.429226591970577,0.460891849021864,-0.939017102288007,0.883447045885678,0.145785661472939,0.486420691842795,0.53699673119653,0.486861505562556,0.271757752842153,0.387562830305775,0.167984801585088,0.148948293561814,0.61229419242416,0.364833835650119,-2.67054149447224,0.792507289896227,NA,NA
1550,3.56494113218877,4.0469570461221,0.999798279149337,3.75851934510938,0.812298495867498,0.920995771858026,0.922856004452333,0.766958356379415,0.224335884908214,0.0769608412620146,0.146107860948076,0.378564850078546,0.742979033251177,0.28001749912533,0.290055057889316,2.16644354851302,5.35059514170573,NA,NA
1551,1.90239675401357,1.85532438680266,0.0539210272566652,1.86671188808317,1.04986256979917,0.166654145570821,0.225701381423743,0.824272613430861,0.618942932978272,0.684393881228403,0.231637736819917,0.935573327338439,0.950934119303012,0.126598815649282,0.398950758040533,-0.19098093743988,3.92440471360622,NA,NA
1552,-0.104560651621218,-0.0882810239957711,0.0500546258622351,0.114442964852183,0.877812953671596,0.621594690222759,0.0118173838449875,0.760668240447412,0.396444160861196,0.316793028052314,0.503514154536999,0.940412921059411,0.554895316890324,0.634973854553536,0.711207096872618,-1.60603880950687,1.83492473921124,NA,NA
1553,2.13452989246404,1.45295833448795,0.972193085089635,1.71372230537772,0.915329717494504,0.366052423645626,0.675073494695942,0.157964905680739,0.431869645898114,0.417597534812405,0.378753738833824,0.243161393604707,0.325691774772247,0.119109395655338,0.160159464599332,-0.0802909748907248,3.50773558564617,NA,NA
1554,4.12945588525781,3.71897113247296,0.997296297785291,2.53147744319491,1.22843445954134,0.970346339120995,0.79294949501392,0.453684030323988,0.160595197747694,0.897937823901186,0.494355635392014,0.0769582052662736,0.868563619625522,0.134393562586047,0.673848530266434,0.123790145125955,4.93916474126387,NA,NA
1555,2.68963377710763,1.51409726994535,0.997453400791052,2.05861281517555,0.841398902582756,0.474720683887019,0.795950946449884,0.875739710983471,0.856271986025153,0.590046765290666,0.957718530626502,0.578930220362498,0.0804844402214512,0.705639853476779,0.707271430679015,0.409501269481819,3.70772436086927,NA,NA
1556,-1.08220300243116,-0.768559021527687,0.999871502826524,-1.35956156818075,0.893340500667436,0.336274328780943,0.945408754322212,0.959604311988107,0.790051688110107,0.735894846786861,0.497182540070382,0.180920332593378,0.115522369781858,0.686768923828145,0.857032409477048,-3.11047677541991,0.391353639058399,NA,NA
1557,-3.81768514196915,-2.79528308215657,0.997892177372047,-2.03258352093736,0.897244841437308,0.415265239294968,0.805429263701779,0.488824686678359,0.676724917356973,0.723617064817809,0.989629526993725,0.548887617223663,0.933910944135394,0.991403014483862,0.789549659518641,-3.79115109546884,-0.274015946405888,NA,NA
1558,1.58846052646457,0.696939301802922,0.99703434082946,0.882183409455918,1.00073611473953,0.901035187984002,0.788311801516451,0.42231862499367,0.975330461705918,0.844129704974475,0.0752214687623782,0.393104098909185,0.652798767610104,0.986826276538894,0.55796882023511,-1.0792233334621,2.84359015237394,NA,NA
1559,0.115151015505946,0.20568587331869,0.332383028748249,-0.282898672587,1.01108159202874,0.526709623826435,0.456977489728015,0.961496218276676,0.176411480048322,0.85602761919098,0.894969604967395,0.0102150624273345,0.610418770604534,0.162251270891284,0.220952929589432,-2.26458217839475,1.69878483322075,NA,NA
1560,3.97453706435091,3.93141782998961,0.0511927786132152,3.49041371282014,0.935182476674867,0.899240765482769,0.166053995755967,0.247383088838891,0.25069241058419,0.964076074402663,0.179499885384692,0.907738126785727,0.0246621555003803,0.550642106603715,0.274845570208388,1.65748973956443,5.32333768607585,NA,NA
1561,1.09105039745,0.372480048097036,0.982524686085605,0.94974182873518,1.09631526802278,0.981982732392964,0.698855318629765,0.309098260299535,0.513472687472124,0.251632523554726,0.99691547205532,0.0700553989368491,0.111045160676818,0.607204512418481,0.227769578065025,-1.19899661229084,3.0984802697612,NA,NA
1562,-0.0292662608917522,0.0130277356202041,0.114309270173559,0.691665899104845,1.33225857314875,0.990078580493224,0.368866798262345,0.663613707342884,0.391432184441364,0.733327773396741,0.142558788480819,0.00617886152677238,0.952025714845047,0.032216906115762,0.652918428868288,-1.91951292236143,3.30284472057112,NA,NA
1563,0.105939554479317,0.708654332355472,0.620918101707656,1.25301675153122,1.10725158624994,0.668334261632524,0.520474674878293,0.677098212142359,0.286277170670452,0.106383839005255,0.100082357364823,0.574170214526006,0.609749579251511,0.942853150539449,0.10081464191759,-0.917156479343501,3.42318998240594,NA,NA
1564,1.08099731126803,1.36433890157782,0.18917854358759,0.934305307021182,0.838998381894929,0.698895499062375,0.411885485881823,0.310893110724748,0.936075218959944,0.708897472306387,0.898232527493616,0.134758858865243,0.660950824481202,0.0727091276621213,0.818109801991144,-0.710101304580261,2.57871191862262,NA,NA
1565,1.62588219030077,-0.370610603756242,0.997681393009079,0.174328264820119,0.900762398493022,0.353213034747052,0.800652589602279,0.0546423581055133,0.925780050742789,0.155018862913712,0.215676581957377,0.846973650592263,0.212260626428179,0.167212430182728,0.717395396746579,-1.59113359485412,1.93979012449436,NA,NA
1566,-1.11560149171195,-0.477531261122391,0.881623856545737,-0.279731932786415,0.906265408699234,0.463890996672097,0.597475651602261,0.429617732665385,0.214463516410906,0.138165278704604,0.739279979963205,0.837547388082952,0.838316284018569,0.899449472132605,0.435711067600176,-2.05597949427139,1.49651562869856,NA,NA
1567,-1.74882538033961,-1.7697718109059,0.0500458669357338,-1.4519263287147,1.0303015872517,0.176685951755382,0.00307877608388662,0.338504365908797,0.528915273115737,0.815218383592204,0.762027387434267,0.462775138474535,0.472195939940051,0.961650978990248,0.731175902355812,-3.47128033294249,0.567427675513088,NA,NA
1568,1.22260892235989,2.19576182435465,0.708288821209141,2.36855163664021,0.862353077927061,0.834027771428344,0.540693978699273,0.815921307557612,0.778255443041329,0.725335424165358,0.437049643944716,0.466982112142141,0.958484619346913,0.841091138339601,0.0243282853242708,0.678370661945906,4.05873261133451,NA,NA
1569,1.99652542039066,1.93836337875574,0.989415305485867,1.63517849615039,0.895006343076711,0.239967094629654,0.724292431119131,0.495227275325102,0.287856486411183,0.88744444137637,0.241193825408933,0.45139182474697,0.593753127892385,0.867306378770736,0.383071075073443,-0.119001702214864,3.38935869451564,NA,NA
1570,0.306972042102435,0.692442952040297,0.503585382859399,0.395238547134803,0.98597297692508,0.54603751932655,0.495488601398305,0.0318179757505422,0.887133694612887,0.131346771212178,0.822551398006384,0.262110486036865,0.652497598118382,0.626962645965279,0.713610945264692,-1.5372329773681,2.3277100716377,NA,NA
1571,0.585649024271238,0.605203255977057,0.0594662248386732,1.49443872237963,0.932730192568338,0.678562051865272,0.270064131171093,0.0530261227244046,0.968215387193603,0.0431124122012407,0.999760650479002,0.163432059465325,0.467098910173052,0.3445683697965,0.929563076421269,-0.333678862347425,3.32255630710668,NA,NA
1572,3.72449166369467,3.67324256886188,0.164736936742345,3.47100992148164,0.876278390047756,0.683345459802309,0.400744764019153,0.945728294514935,0.567162202517036,0.238247864715522,0.469405404814752,0.112588602904929,0.445088771996088,0.82835924976028,0.397857172596268,1.75353583655729,5.18848400640598,NA,NA
1573,-0.866775255920512,-1.3996936638513,0.999947880759769,-1.59404789552533,0.956800200958738,0.27214891423448,0.990531411243603,0.413724364381284,0.343628366829362,0.524196302464115,0.723586527892272,0.299394687736756,0.818450404234929,0.995047245712951,0.0180027210403932,-3.46934182980515,0.281246038754478,NA,NA
1574,-1.13230376228542,-1.19033333171424,0.0512192722166547,-1.08279232522384,0.871920497416374,0.270171967701172,0.167153821059037,0.138519871594734,0.312159347751644,0.619791856101947,0.411454167922144,0.523950112683,0.146033436632715,0.0863189286295092,0.506725599304424,-2.79172509754218,0.626140447094505,NA,NA
1575,1.51883073881925,0.904246821580706,0.999865952082625,1.48532511111398,1.11881054344537,0.519272544284351,0.943293941108393,0.549420512423618,0.583430725795683,0.547660111011355,0.916812205114402,0.570847528896411,0.870242080159485,0.146919729015557,0.724271326260641,-0.707503259562624,3.67815348179058,NA,NA
1576,4.29126408653666,4.2600337643326,0.0513620333836446,3.04903141652135,1.04656923654015,0.911153436710243,0.172697574084741,0.352469315117341,0.307067997899372,0.599157911997056,0.465505852754111,0.328747641458176,0.151705975733814,0.374736269288929,0.787190564691788,0.997793405575075,5.10026942746762,NA,NA
1577,1.93412172418634,2.00871748819738,0.0572872848359568,1.86551934538621,0.863615665884836,0.906829886588035,0.256868471990922,0.738315653657075,0.252581020870595,0.140040343239787,0.348456260230392,0.888975532699842,0.0487691686773906,0.873100609748857,0.889607530904119,0.172863743767354,3.55817494700507,NA,NA
1578,1.3224499707165,1.38876349182017,0.106863989489803,1.68119331103352,0.938564667807725,0.473416760498774,0.362296169523033,0.0807318138560513,0.825878315062262,0.870497859037947,0.541772415226907,0.183036516610649,0.42347147152375,0.666009679256473,0.265717509131413,-0.158359635031426,3.52074625709846,NA,NA
1579,0.870958909195475,0.883757987132324,0.0776306696530989,0.135289619071912,1.11065653194317,0.539679510344053,0.324599032826489,0.365200461628265,0.440017229473684,0.216798355693463,0.545868778164499,0.820162604854326,0.831878406640491,0.697890324773965,0.176844738884596,-2.04155718273086,2.31213642087468,NA,NA
1580,2.82792924249378,2.3909867697024,0.452394411417949,2.85082831828685,0.887297813017765,0.296611831358634,0.484593871580437,0.699113817513222,0.971984931082698,0.706879860278568,0.0633450415781699,0.148548869653489,0.194470987482928,0.18532754589594,0.337719688497018,1.11175656121087,4.58990007536282,NA,NA
1581,-0.49610874521005,-0.796563785613352,0.179313088809729,-1.37084171437655,0.932170701401841,0.0310648555873195,0.407604741136078,0.0957109673251398,0.907007556769415,0.127466857090592,0.0167956453921506,0.970923899954534,0.775879620223422,0.646661221240531,0.415645880572614,-3.1978627165676,0.456179287814502,NA,NA
1582,0.54116184653042,0.863838529343631,0.992086666606721,0.893310721665319,0.834132279163246,0.1420181226813,0.738977408251143,0.861959998567123,0.188192647298798,0.222629260425572,0.852852900547208,0.700145166341565,0.0225925645289244,0.198233702886617,0.699641521772253,-0.741558503836953,2.52817994716759,NA,NA
1583,-0.956088360814841,-0.302228718383352,0.607655166606867,-1.33039950643825,1.01544479188381,0.0639009838313796,0.517579983011819,0.218783180552884,0.718056714374921,0.59280540839606,0.759504191795364,0.741252647264744,0.827272849163041,0.920238573670504,0.983101550820284,-3.32063472681928,0.659835713942791,NA,NA
1584,-0.372036235259834,0.00805970472943533,0.795364318817039,0.392728886072031,0.857131648513126,0.784926305943867,0.564632094212459,0.139052252324298,0.832520522940671,0.839752057437319,0.139500667849323,0.182920732207363,0.107048263149918,0.990114952881006,0.482926574321114,-1.28721827502314,2.0726760471672,NA,NA
1585,-1.06292553555882,-0.649396777739594,0.999472833212499,-0.916726558755095,0.863374248395443,0.0697662869143533,0.874807260692818,0.0535674901989987,0.241818030546536,0.561304284192272,0.480045923930127,0.925030521141249,0.699672543152701,0.228246175156441,0.282217279455042,-2.6089089907895,0.775455873279312,NA,NA
1586,1.53218219936128,1.60093078849981,0.0509838460525475,1.95758725561903,1.02407757217905,0.199652472689515,0.156414416731452,0.605961934801424,0.419896670422051,0.986666616428178,0.432744666094077,0.247603797834599,0.657055524566676,0.13605153049645,0.951973432256491,-0.049567903227125,3.96474241446518,NA,NA
1587,-1.37548779527072,-1.46890533929175,0.957301309453381,-2.12512612456937,1.08907418246212,0.172730654278421,0.652815317300381,0.0179312826344976,0.409158311967156,0.400244981201249,0.812356561729801,0.0947228399232263,0.967439200219465,0.215077539472491,0.403058072956628,-4.25967229868752,0.00942004954878461,NA,NA
1588,2.16602739234381,2.59515434024024,0.669498443966819,2.37197017819599,1.26558595654033,0.596305770638981,0.531414941095514,0.436203020214685,0.995013623878127,0.277794598761015,0.0767621719057206,0.15726520189771,0.116417324565933,0.97387291649892,0.505778040123871,-0.108532715962719,4.85247307235471,NA,NA
1589,0.978643623354655,0.986801255291482,0.0506756181242293,0.798652288656343,1.05979182595394,0.242868988699047,0.137606108892011,0.296502314484096,0.804070822368143,0.487055453879293,0.466142328125075,0.229660912666004,0.658990288842702,0.911174523503287,0.0239770313976333,-1.27850152132332,2.875806098636,NA,NA
1590,0.476526421436239,0.420250784726382,0.0501948518921876,0.834521229144111,0.91494513522343,0.841487969916197,0.0754113803724758,0.455602797632222,0.74425864105369,0.320095628177398,0.502550331023056,0.218412540614023,0.552694708087365,0.00098782876774203,0.907912767310278,-0.95873828372394,2.62778074201216,NA,NA
1591,-0.582491284594144,-0.743105309684987,0.999635065930925,-1.05035124362568,1.0997294845148,0.0640333813483594,0.893205817202688,0.530685906278784,0.756021738105221,0.360528685108642,0.320216276649735,0.425590337774018,0.643387903283117,0.242960049859481,0.686355078684166,-3.20578142601149,1.10507893876012,NA,NA
1592,3.92807813356585,3.89461684330097,0.0597080658700305,2.75929636130529,1.15731840219225,0.962468942613574,0.271338333884953,0.273007651186315,0.363341870493372,0.180976233192603,0.503165533999912,0.98931991530885,0.0612251366745913,0.020633663966204,0.429900539143826,0.490993974363038,5.02759874824754,NA,NA
1593,2.34287814757562,0.0226069000423327,0.994962466455368,-0.295205405657184,0.861589252711007,0.224535872646957,0.761711431121686,0.267324178720475,0.308006127721979,0.0284435300658224,0.214203110212227,0.553439635721967,0.188880546645611,0.550292351238313,0.251816565746441,-1.98388931043754,1.39347849912317,NA,NA
1594,2.72606553467,3.03103318383064,0.998552349883006,2.66309579028911,1.09556590327645,0.998157656481955,0.824249767364119,0.816739462595782,0.0527779790209606,0.458397312583285,0.0839962010016898,0.52746430495102,0.668456322840299,0.138795564378728,0.0422468676592689,0.515826077177174,4.81036550340104,NA,NA
1595,0.91224870257184,0.96162000441248,0.0659834563772207,1.40047769879101,0.933061157054169,0.731958027422428,0.296603003008175,0.796708914869348,0.00319873858301435,0.64934878590703,0.396680008261232,0.214808687673882,0.352997053014929,0.956802124221576,0.00680206062586512,-0.428288564408431,3.22924396199045,NA,NA
1596,2.96661657223188,1.73607867975678,0.988177167836699,2.2342031719368,0.870359434998568,0.903930361295701,0.718695310923038,0.726691489200806,0.950481224863674,0.710875966324122,0.491417682178086,0.665830191072891,0.755251202834072,0.912329224004061,0.61113370962441,0.528330025734974,3.94007631813862,NA,NA
1597,3.40189476583937,3.3605702206223,0.125757400149668,3.35421211786448,0.918569893819443,0.957435000358499,0.377708911001217,0.719785451669944,0.864877005081158,0.861839798928471,0.0581087541666348,0.648691772104707,0.0630489326022798,0.751515727313468,0.931111299021402,1.55384820869559,5.15457602703337,NA,NA
1598,2.69891300224809,3.19601099971456,0.843333944258038,3.37795087256196,1.19831698633377,0.976548053949955,0.581106387078064,0.0391322021989617,0.462970641451888,0.337449104259606,0.495832159978454,0.0379055559220724,0.117454085979844,0.257969839803875,0.589769668407273,1.02929273728519,5.72660900783873,NA,NA
1599,-1.74497696724661,-2.06123666001291,0.305595593761096,-1.80069278460224,0.977632626725342,0.0223072739073541,0.450027098741615,0.626509085472324,0.829297798798303,0.413668570383219,0.949518025389873,0.554330370226293,0.193348926456296,0.541032901750761,0.737496935423114,-3.7168175230952,0.115431953890716,NA,NA
1600,-0.3197304080983,-0.349567277492409,0.0527809974460303,0.105711918180735,1.05522231220288,0.383685351034626,0.208463966557058,0.855388210087083,0.060500463818782,0.993474369210075,0.211440336421598,0.500241127515794,0.671675158828264,0.179361472977675,0.438633888547542,-1.96248580941999,2.17390964578146,NA,NA
1601,-0.11698929578193,-0.11763995834377,0.0502257603411796,-0.0290979098824486,0.983350594801445,0.171444564533536,0.082774720324087,0.839400027202093,0.628138430371531,0.917025696909404,0.414654827310937,0.1288602949247,0.990640005875495,0.802649036814226,0.522665838993387,-1.95642965986932,1.89823384010442,NA,NA
1602,3.18068433762,1.82202342488825,0.999901890692303,1.51572258682491,0.956789594463605,0.293737314217608,0.958901587176602,0.364177895754925,0.700950796355144,0.287453505037469,0.221440895394771,0.924991160912206,0.268961202787817,0.530224993266515,0.511776084606419,-0.359550559106435,3.39099573275626,NA,NA
1603,1.17609909233369,1.15725174422263,0.0505078182250285,1.08635896274789,1.08854089338428,0.462714384808438,0.123322049182025,0.437885679368395,0.69141457438108,0.509515979783144,0.834428140073083,0.764447595336125,0.475807439055759,0.17827384020912,0.231683426464791,-1.04714198398436,3.21985990948013,NA,NA
1604,3.53129117116298,3.68949771378801,0.999803009527965,2.92507997808529,1.02022483587053,0.604784404327977,0.924042726070853,0.0720581625704654,0.302904029439087,0.532400866303127,0.78511431075295,0.61271777277824,0.0502976806676015,0.171451198303956,0.566471377792535,0.925476043645754,4.92468391252482,NA,NA
1605,2.20898040024901,2.23071865350621,0.191281453445311,1.99099292290665,0.998948545943109,0.157503369226004,0.412765153543442,0.227882186967065,0.0271490850520786,0.0530067988415249,0.0449000735467998,0.97046761894424,0.585734117014217,0.0767938013412058,0.817150124353822,0.0330897504494989,3.9488960953638,NA,NA
1606,1.4837787998388,1.82381360514788,0.146054093752212,1.94164583813845,0.8462610906834,0.234553205932025,0.390752182960394,0.050506199606345,0.316390315916971,0.94871085755399,0.621283583683195,0.397014316369779,0.948115984877455,0.60495973907772,0.409100856401608,0.2830045788814,3.6002870973955,NA,NA
1607,2.3329076408874,2.22524132405203,0.0504418192030125,2.36166967956741,0.857506991862906,0.392501807920868,0.116357433644356,0.113983027223381,0.0300550832905574,0.594018367342069,0.783200745785376,0.587928052179283,0.450058680626913,0.364490372404223,0.962073483281303,0.680986859024832,4.04235250010998,NA,NA
1608,3.52897236628352,3.50885569229415,0.05459778275243,3.17257581552804,0.975471805804671,0.995425275072106,0.233698185664602,0.962588081423659,0.663339456138783,0.275556995677995,0.690969023274607,0.192858824459836,0.794219625322614,0.959565613463987,0.372033034088206,1.26068620821664,5.08446542283945,NA,NA
1609,-2.23198733797222,-2.08496261075932,0.999623626900259,-0.56196588241468,1.04060219665542,0.221588844006998,0.89166200324602,0.217932671058923,0.563326339167892,0.808624897387577,0.950210307872971,0.657519614804652,0.692949663543608,0.723097126021632,0.240306688196724,-2.60150871009257,1.47757694526321,NA,NA
1610,-3.03436068997805,-1.71532621744489,0.999754244797816,-1.96036410616235,0.919471281526078,0.145468135898584,0.912981130650849,0.30549762278609,0.866378167054732,0.688353133897996,0.166959703293396,0.0208310356190195,0.590760830111918,0.523121623834595,0.105593083802727,-3.76249470277235,-0.158233509552348,NA,NA
1611,3.60907814039798,2.0251959923651,0.810359227650269,2.03158204544592,0.997787954223592,0.902999232594855,0.569432968941401,0.666887803546269,0.351587015617872,0.465494592832983,0.222149987203535,0.541934654028271,0.0853371368040098,0.335196705989423,0.703654199489625,0.0759535909597797,3.98721049993206,NA,NA
1612,1.82138019417617,2.2554140658692,0.896674380927107,2.36886805721538,1.04144449093909,0.0446130688448902,0.605171541537158,0.26893889247044,0.0813569766533328,0.143254164095619,0.222659941280144,0.358868942795321,0.718986165511189,0.170005621393677,0.965456156406435,0.327674363077114,4.41006175135364,NA,NA
1613,-0.0577441865948639,-0.335204089894545,0.965176793105922,-0.564809670493734,1.00568492347113,0.870220331861987,0.663441661691177,0.606314243195811,0.707611325430684,0.791182583891205,0.0601742604689207,0.511537272765068,0.226028382306104,0.846180756150628,0.833769168974599,-2.53591590029208,1.40629655930461,NA,NA
1614,1.61680290958205,1.19954251305369,0.994806029028674,0.973842923527453,0.840646364032315,0.307835882545682,0.760174056089949,0.600517478937865,0.205197423061822,0.673138199060806,0.103753005882376,0.631438046216033,0.90176235227671,0.595159022490028,0.84982199771388,-0.673793673710432,2.62147952076534,NA,NA
1615,0.843593638660507,2.50090728240538,0.99991349081037,2.4913007838406,1.01553589354777,0.144769196305424,0.965193777516717,0.234462655383861,0.467941268215654,0.381098644114682,0.0739613666203804,0.235258936585975,0.0709883947958006,0.176527731942129,0.877069761678926,0.500887007479271,4.48171456020192,NA,NA
1616,1.0399524513778,0.991465614871287,0.131530150956383,-0.71799763827867,1.03526053715513,0.507833072810317,0.381712001663283,0.0387119242920307,0.116348367651226,0.980910903423093,0.299658276056289,0.131792961391504,0.461734851784538,0.238308264195453,0.205519030005671,-2.74707100571831,1.31107572916097,NA,NA
1617,1.20811776339899,1.14844001583763,0.0746656647274807,0.745749146570382,1.03804976946233,0.947449817444896,0.318762853440479,0.710432691191905,0.794926886174246,0.323884033218492,0.816247881554766,0.920888929367182,0.0741639303795528,0.895786672252929,0.0739907209960511,-1.2887910157359,2.78028930887666,NA,NA
1618,3.94748626439887,3.92423685609764,0.0542206732667914,3.38938145282243,0.992975591724258,0.858081144099124,0.229399269260699,0.494928560053231,0.244713417929364,0.995740055819741,0.462366565079312,0.289794372819481,0.0545465296802577,0.985227681375807,0.352817772200913,1.44318505551553,5.33557785012932,NA,NA
1619,-1.43907976627246,0.18909334256206,0.999953819143581,1.05786559142629,0.821345219981996,0.657137118016719,0.996580165098538,0.842539738659863,0.531848824920831,0.593801293305354,0.84304153714783,0.558113504078938,0.6130103632682,0.593655093333451,0.350415280238609,-0.551941458612555,2.66767264146513,NA,NA
1620,1.61868123677054,1.62058062068221,0.0526383120128191,1.34634628706084,0.829046142635229,0.367100257410086,0.205822918650811,0.109576144343475,0.579988026730483,0.338344928056002,0.203477789056371,0.720011423323653,0.0287885736851022,0.44308602753852,0.769146926778019,-0.278554294026068,2.97124686814774,NA,NA
1621,-0.630856928568555,-0.639163441363915,0.0509684930411893,-0.0635891263861303,0.861494130657344,0.38299089981115,0.155627201023512,0.981161679801182,0.447718357078149,0.740063859567163,0.378301321397536,0.680176447093254,0.492606657121796,0.649979770748294,0.143978589173639,-1.75208659536717,1.62490834259491,NA,NA
1622,-0.353216418195407,0.940528705683076,0.998695924961343,1.72734055621264,1.11924967209857,0.606868664575624,0.829479716208298,0.214610440089134,0.840714169620536,0.353797035102267,0.209915193697787,0.856494414985529,0.861797004791442,0.919273932249169,0.0496599992137635,-0.466348490808817,3.92102960323409,NA,NA
1623,0.0576652486905192,0.139578990070968,0.0501475118790631,0.9085922073864,0.984421270502447,0.480891338329762,0.0614923366350122,0.0431043033874594,0.230879686776665,0.435120117812417,0.771022801904939,0.391182048287592,0.670143585131154,0.245852019073092,0.455883870074525,-1.02083802841356,2.83802244318636,NA,NA
1624,1.46012194958295,1.49389563509729,0.0500506337327781,1.03304179450004,1.13749970599809,0.0296022464510752,0.00802270231908187,0.807610516723595,0.593462784242118,0.193852324492182,0.280876827886095,0.534294063134003,0.321208461692208,0.821063965579378,0.380503840498975,-1.19641666168111,3.26250025068119,NA,NA
1625,1.79040830820492,1.92086300087885,0.180767762073749,1.71518399736194,0.829432999031019,0.297154499730095,0.408252766743535,0.188622818636592,0.0258447322577704,0.536310416841996,0.877083587562433,0.419692437010468,0.95895643754385,0.711766620450187,0.568367486992851,0.0895251916720943,3.34084280305178,NA,NA
1626,0.691524780809651,1.14224525408053,0.255952813921727,0.469962066592501,0.936703328382104,0.377894168299623,0.435777131447452,0.39925462214509,0.779679615793168,0.361109590886161,0.14240887131996,0.941203049734235,0.897393193848548,0.128050979172927,0.3087967181165,-1.36594272123522,2.30586685442022,NA,NA
1627,-0.466212925027287,-0.478011079315301,0.0520564745317368,1.21332921347633,0.984269416290409,0.461419187879423,0.193334909807309,0.0147456959284609,0.274589870253578,0.450260451007984,0.719204872521455,0.762298169517773,0.220149098587339,0.0564712200482609,0.535041967100813,-0.715803393537137,3.14246182048979,NA,NA
1628,-1.96299970703901,-0.298723840887557,0.999711024786827,0.717385736984674,0.887374760651639,0.736520290247514,0.904878605800099,0.201539517644327,0.464618083502748,0.910883745576139,0.438979291162686,0.817129977118806,0.557861254521413,0.658645215547062,0.0726300713211531,-1.02183683468239,2.45660830865174,NA,NA
1629,0.75955719241386,0.894679402293976,0.21834799370025,0.952565123952197,0.905343903804945,0.180419777848059,0.423231179566705,0.780448837497272,0.823127447153907,0.272085782928974,0.876720162282698,0.386017362051061,0.87283349939133,0.352276582806837,0.558387636875035,-0.82187632112839,2.72700656903278,NA,NA
1630,0.385656558858633,0.818078820892579,0.999527863161227,0.944497416059397,1.10807472630431,0.437967587307794,0.88032256488339,0.110684439706849,0.479905546818394,0.392324132791138,0.440005000625504,0.908514952065074,0.505101462513791,0.0716267714144196,0.340867830867646,-1.22728913967612,3.11628397179491,NA,NA
1631,1.03569988268269,0.942919629223186,0.717368105363393,0.854082568329115,0.996996370193751,0.210414200091152,0.542959822524455,0.819688297827262,0.552285720883054,0.317922640990117,0.0298116320702247,0.084468671997427,0.595076843031449,0.250738388292957,0.990809935264639,-1.0999944099678,2.80815954662603,NA,NA
1632,2.06039181401949,1.4410689679839,0.941718554517567,1.80950498644225,1.03426314509838,0.362485965000349,0.636393338877824,0.79289685966284,0.326734668556717,0.522356184072443,0.257861709602061,0.870325620969757,0.694809258671361,0.235931879878743,0.829533269064035,-0.217613528487707,3.8366235013722,NA,NA
1633,2.22704511703239,2.56116673696336,0.81283321804237,3.36426468985908,1.22843684332673,0.629746086437837,0.570251965939999,0.294622986004455,0.303913026580121,0.393970690788119,0.918554668607889,0.371790761165554,0.844349003680749,0.311948839907302,0.545680077018565,0.956572719656617,5.77195666006154,NA,NA
1634,0.926066069069409,2.10239431806392,0.999840917496379,1.28917389251925,1.04687484831751,0.72054977493966,0.93473134179716,0.277827465962619,0.165953641833155,0.391655891017057,0.534452205919311,0.515296004778706,0.712290592745063,0.926741552783758,0.758547939213342,-0.762663106503906,3.34101089154241,NA,NA
1635,0.471032837134641,1.89714687479452,0.97103714703957,0.545234186991426,0.945618094969968,0.52289499213302,0.672974314616295,0.293940061489586,0.917223881238722,0.537614269335056,0.871952821873128,0.98448279172671,0.254020878914627,0.694401590570225,0.891078119852114,-1.30814322227909,2.39861159626194,NA,NA
1636,-2.32122530510752,-2.30711194040794,0.0502912059174431,-1.58775910536693,1.15593692506999,0.139580570687889,0.0955059976482298,0.330440713758348,0.623894841676112,0.773463778688922,0.736561056869919,0.526725124971592,0.64161098108883,0.974573145777918,0.94808474495355,-3.8533538469041,0.677835636170232,NA,NA
1637,2.0824530051055,1.8805603094468,0.276139207036332,1.52535618237572,1.07249988788908,0.642997450687108,0.441827583549893,0.255794100125786,0.170286140317563,0.286106723175617,0.554534116349183,0.362352809518226,0.922389240514138,0.979973966546007,0.961363891011919,-0.576704971310122,3.62741733606156,NA,NA
1638,1.59390991970899,3.41667630883609,0.997705579290688,2.26326774827774,1.05629369534559,0.59321539161785,0.80117817431211,0.210761706627207,0.7464799294353,0.730622583086486,0.88969655511016,0.679830985603738,0.463092521364801,0.185613888805383,0.91085182937386,0.192970148303674,4.33356534825182,NA,NA
1639,0.718714991210675,0.794033809678259,0.0551941618772575,0.452579673903179,0.905522357063624,0.298001620086841,0.239827791743912,0.670748091804213,0.0141812879261561,0.142253291365225,0.945800493821735,0.424096150494413,0.574035844368511,0.0453963215642143,0.271636815259466,-1.32221153313734,2.2273708809437,NA,NA
1640,-1.24395465884791,-1.31161472151583,0.0505910457687092,-1.76341680475066,0.948377088145881,0.0438406552370871,0.130914927035687,0.551486086119432,0.640575645252131,0.738846640401171,0.39644972052332,0.165754821793991,0.547393751927419,0.229516036206856,0.627090493347379,-3.62220174127956,0.095368131778234,NA,NA
1641,3.64877328456709,3.64702647197289,0.182147847596789,2.78503890748863,0.951424748782451,0.602578221046948,0.408861988792894,0.452769281632849,0.861318795834668,0.656261432626052,0.154621640772093,0.755934372088173,0.197220270873397,0.549441340551712,0.213595694315038,0.920280665874956,4.6497971491023,NA,NA
1642,3.94069305358523,3.96294120437996,0.0508257832240064,3.42523748036544,0.885663853999346,0.663450260901591,0.147649232917116,0.792012699083658,0.652630684494856,0.880847750672838,0.315498880978324,0.338175342887174,0.386121757330373,0.438196917116758,0.472943808824639,1.68936822411778,5.1611067366131,NA,NA
1643,-1.32450180702198,0.408225663839821,0.994841888607294,1.71408684692007,1.288743950775,0.332442703736364,0.760522354826098,0.762330983878812,0.979689240498119,0.00202481802611146,0.887262769352761,0.443592515056953,0.695161897326121,0.126136056460207,0.871832009415957,-0.811804881892795,4.23997857573294,NA,NA
1644,-1.10649956038143,-1.13260852586459,0.0757394448225653,-1.51647268017325,1.09986065789588,0.0274172361498931,0.320951530762832,0.485192735484801,0.517886245219968,0.614780037292512,0.56007527616329,0.0898098005371867,0.696968909378396,0.892085554884281,0.779499165373854,-3.6721599576617,0.6392145973152,NA,NA
1645,-1.77801452071271,-1.61454684496633,0.495857205089868,-1.94321589317624,1.00545494215633,0.044265856780461,0.493856959080906,0.444765871608397,0.511494295632001,0.703202304889681,0.45433050381334,0.300314770732657,0.245479034848511,0.74439765632432,0.374350328556146,-3.91387136788046,0.0274395815279718,NA,NA
1646,-0.230387735686375,-0.406809375123535,0.547178064966013,0.343586955095766,0.916438929984613,0.860393049994949,0.50467246363638,0.76014909409883,0.90148451003572,0.432860249541816,0.265713766533066,0.971701421087841,0.978318268519477,0.118901805878384,0.770180330871488,-1.4526003417045,2.13977425189603,NA,NA
1647,3.82529337655444,3.82203836581473,0.0505573548886394,2.97056869661377,1.02722969085714,0.849971261772793,0.127978588898317,0.283467793250689,0.868746091907611,0.111027931683115,0.167972818004549,0.636611324497499,0.451087467791978,0.796930389155284,0.318080880215275,0.957235498683576,4.98390189454397,NA,NA
1648,2.55240936456884,2.76132018359072,0.152254628045374,1.75218334457076,0.931112497004654,0.521772400222719,0.394244286708767,0.268334016616689,0.1108404387068,0.796464663848048,0.189284957175143,0.155648354962352,0.807848927121959,0.152396523528034,0.916674002545886,-0.0727636151135227,3.57713030425504,NA,NA
1649,0.597000170028024,-0.419138662782721,0.999955997091803,0.998980523995653,1.02794006027668,0.980559508567909,0.99899576082651,0.68691374277859,0.880296229880652,0.171866812010296,0.114807131132926,0.254349112516968,0.776891789491521,0.958575787242269,0.469756928444607,-1.01574497241257,3.01370602040388,NA,NA
1650,2.43135056870066,1.71262160374141,0.582318040715124,0.812448228467606,0.967090839880801,0.556857270083623,0.512126042582211,0.617154057563865,0.545597925018286,0.0722200044882484,0.209015656372183,0.639704824570101,0.291893021647003,0.573690084346919,0.0599408214666182,-1.08301498747736,2.70791144441257,NA,NA
1651,-0.28743850569794,-0.244589285357384,0.0502609388619997,0.44281727794942,1.25550397399751,0.438090079425485,0.0900171790655004,0.995187611945206,0.431230890787905,0.651942783661652,0.827694154664758,0.939348938575131,0.173070119696786,0.503911297853221,0.482304585279315,-2.01792529353261,2.90355984943145,NA,NA
1652,1.87316748383533,1.18011917777504,0.997171228780797,0.580943340904523,1.21693587235436,0.819335619118763,0.790681873472291,0.0297758115341421,0.0868344642417505,0.511245995532372,0.680674130111351,0.916265198293258,0.057498648676672,0.47943398170697,0.399282999573858,-1.80420714040484,2.96609382221389,NA,NA
1653,4.63399913851561,3.47709874001546,0.991444655006919,2.44182745241286,1.14052849479038,0.956292428751243,0.735042966475245,0.441581796080573,0.391937496137689,0.16471536276082,0.934747693314217,0.510804320097552,0.874615341089666,0.999514765770291,0.244628812744282,0.206432679282042,4.67722222554367,NA,NA
1654,-0.394737736622502,-0.646863773696766,0.402122767685758,0.103760549221147,1.10399773756021,0.56702752734907,0.473529722544248,0.784687680670526,0.831178411980392,0.440232001448749,0.885920861259568,0.922935406089295,0.973364622803754,0.346602749755373,0.63609742165904,-2.06003525541056,2.26755635385286,NA,NA
1655,0.420828055173844,0.494684212449508,0.0503482752703005,0.537357328252299,0.88501443439377,0.356104128217557,0.104457129144575,0.775123667893233,0.643192614455358,0.951533187176567,0.72793398957036,0.848786018921412,0.366128460521577,0.146152727949666,0.14834954042593,-1.19723908895758,2.27195374546217,NA,NA
1656,0.449851171752403,-0.124802352280644,0.999489667159624,0.643634932034523,0.748103283804467,0.774347688522073,0.876430839286768,0.108629153775517,0.0972450102394214,0.370267179284128,0.3697755317064,0.485274298739154,0.70057119308738,0.851697724363301,0.674027167063556,-0.822620560938378,2.10989042500742,NA,NA
1657,-0.903837219898823,-0.772005017280614,0.209622054980564,0.453132564862057,1.30149254343791,0.801292251072126,0.420014881104697,0.309628929251106,0.601799445990357,0.919821581196622,0.936340559306671,0.849697981755715,0.914756738717202,0.797044182766578,0.564845334022306,-2.09774594642367,3.00401107614778,NA,NA
1658,2.28168457515121,1.94905216523968,0.991648536173071,2.01721179133898,0.841467828731652,0.127136581188417,0.736259763449663,0.890996112377266,0.488972167761531,0.60695687849971,0.40034168035246,0.307678777735331,0.39804649920552,0.367280056081247,0.798839978640666,0.367965152875825,3.66645842980214,NA,NA
1659,0.754759095479276,0.766220014225786,0.0502064937636992,0.394029033198652,1.13173788767358,0.537777930110693,0.0783135166923748,0.451969508325215,0.933486912560184,0.687532192178653,0.492845869527664,0.642220162021811,0.479601700979052,0.434371886650566,0.899826644722372,-1.82413646658101,2.61219453297831,NA,NA
1660,0.751168610288263,1.35312082550974,0.862601678910277,1.11516720168936,0.910334883642127,0.503796637980384,0.588867844453896,0.23517373077001,0.432128820336307,0.739810723569011,0.540288303270587,0.760959304218064,0.294384989037528,0.409348862983286,0.126157943429309,-0.669056384119674,2.89939078749839,NA,NA
1661,-0.964109058641178,-0.991457329972283,0.0916434632983828,-1.88750664693998,0.881885192749953,0.182345869184472,0.345875372479204,0.0846489070256939,0.0410928311914904,0.970588933472289,0.39183022487245,0.373477930303314,0.309670940394513,0.394018526557367,0.405968456249917,-3.61596986322905,-0.159043430650905,NA,NA
1662,2.08999916492918,3.02422512386524,0.776583569526993,2.86217295308777,0.867528714950287,0.633483691318776,0.558965803772793,0.190869006147841,0.105206484366674,0.0217988207280869,0.232428793038009,0.0367229465743294,0.81087192063441,0.764156883645803,0.571683584376355,1.1618479162309,4.56249798994465,NA,NA
1663,2.97947964049651,1.6072017084143,0.997370732917148,1.5053176264571,1.06764301066122,0.166400178508135,0.794349268318969,0.398729143303353,0.985053249567281,0.00144477305293549,0.612654599707108,0.374658774607,0.970499213442439,0.222526877537719,0.0520171544112964,-0.587224222784801,3.597859475699,NA,NA
1664,0.565195917306666,0.526126180924246,0.0501000639882903,2.17067191078088,1.06492947935239,0.874674114403082,0.0420848968368955,0.326532726508565,0.703186345354654,0.618840453968965,0.470764485500287,0.0932239022140857,0.790986802908126,0.695413707011845,0.676134602658451,0.0834484851752078,4.25789533638655,NA,NA
1665,0.850322695356344,0.809435213661101,0.0538308573886786,0.69493467553375,0.871795112360466,0.951303564894828,0.224533364432864,0.722301007186878,0.812485229234444,0.430550881267642,0.9191796716674,0.768521555639803,0.0174848886565305,0.530911176511319,0.153034501197282,-1.01375234659081,2.40362169765831,NA,NA
1666,2.44447777472907,2.4692019700706,0.0515978356194317,2.45899191935489,0.927478786627573,0.582489007507451,0.180693566964357,0.94202523462777,0.16638186637382,0.380975844805129,0.0640901274937205,0.144854692447698,0.893680746969418,0.720067771671689,0.172630662869546,0.641166901139936,4.27681693756984,NA,NA
1667,2.01104586334046,1.47974584536253,0.967828005807449,1.16865794174531,1.07805379365664,0.462337184259086,0.667545684351469,0.37944757945789,0.767346784959896,0.431682193225482,0.238064240047242,0.719780296869925,0.401768094947794,0.147233861584682,0.167010414305609,-0.944288667218482,3.28160455070909,NA,NA
1668,2.59761624335448,2.63965944052879,0.0988848395269179,2.14888264957825,0.879235313071715,0.66855321286025,0.354291712739039,0.931705867882818,0.609757350685308,0.425131663797656,0.0302387770777568,0.44987366568204,0.267355720959255,0.664921524388599,0.663761819832842,0.425613102021888,3.87215219713461,NA,NA
1669,1.55281857640882,1.59799564546681,0.050213084214505,1.50444229999711,1.18221538651061,0.175355721791042,0.0798847260794137,0.573553462138865,0.294618935815291,0.769283062779694,0.941652225803002,0.598540364935179,0.021870476435055,0.122565281699994,0.381449399972567,-0.812657279532788,3.82154187952701,NA,NA
1670,0.925429991340319,1.88507694694728,0.998346456838354,3.20268814095993,0.998552806918565,0.703888579330174,0.817589976999443,0.128370688982308,0.475478172735078,0.0129084482818143,0.835279699964332,0.832908202596591,0.37751723107486,0.645334691649769,0.802233341563842,1.24556060273817,5.1598156791817,NA,NA
1671,2.18030099218705,1.84799023111458,0.998215720244839,1.76266858315586,1.30622505633885,0.66432005080732,0.81377835970372,0.457783347561606,0.579404431325616,0.804621987735969,0.856088760057464,0.514139689705218,0.588508690827875,0.386607133173733,0.746906606066856,-0.797485482972094,4.32282264928382,NA,NA
1672,-1.31767121056403,-1.71734494836034,0.999912517229347,-2.00204695524653,0.969986504716097,0.18523662316706,0.964634165252675,0.353857112470083,0.249984117071377,0.525583118766663,0.383877518459223,0.112003270766349,0.658310616950854,0.236018406708492,0.738172836401267,-3.90318556997997,-0.100908340513087,NA,NA
1673,-0.44918903249026,-1.06911097133585,0.984286425009719,-0.433928001748844,0.847517002669624,0.376561945946654,0.704262903414317,0.349104641073151,0.318423550008098,0.508253140652552,0.482258188303327,0.38852862684615,0.588105627183919,0.674512414047727,0.0790574052579468,-2.09503080326664,1.22717479976896,NA,NA
1674,0.914084001569917,0.472162319158216,0.645218974014321,0.371008917958344,0.973554819614579,0.910676236556261,0.525871429522289,0.898251749548945,0.49374113789585,0.952568501111353,0.392804303839686,0.0627412138242507,0.257098355334019,0.803378974407911,0.106579924018588,-1.53712346546162,2.27914130137831,NA,NA
1675,2.33946755537398,1.98669613653753,0.259835506761875,2.1605743376384,0.877292374463423,0.55441584286734,0.436972573649371,0.745743135092547,0.280413269224111,0.153170078635565,0.475552583002718,0.557655588350724,0.113090226776781,0.294885361492052,0.382885199387558,0.441112879778468,3.88003579549834,NA,NA
1676,1.28369936851857,0.543606483840409,0.963360267644997,0.405664268585794,0.945353210176405,0.457148947439273,0.660799858267186,0.429420799422311,0.763115315742092,0.335226069656084,0.0914162113395287,0.13704427327984,0.705242617438198,0.968353680078755,0.952812490078039,-1.44719397602928,2.25852251320087,NA,NA
1677,2.09380711679678,0.484571643845795,0.966627147819829,0.418275887464531,0.875947740967263,0.843133476031362,0.665647901454824,0.401237572413753,0.202567266711965,0.122993194257957,0.0493033947212389,0.588608636180405,0.996221883181017,0.998866195571958,0.055811269533704,-1.29855013717053,2.13510191209959,NA,NA
1678,4.02667443771606,3.40344331785373,0.733437470135968,2.76569277926152,0.873964696128844,0.747349141072948,0.54707631587272,0.907471418270376,0.355428881502128,0.513688870608457,0.677094658579328,0.0785669299683068,0.381949048521346,0.971695572860306,0.467334029845428,1.05275345108949,4.47863210743355,NA,NA
1679,0.584136973025915,0.613123765142443,0.272870175955934,1.03491108217035,0.849162261491488,0.39362234510202,0.440874219735735,0.759641680768225,0.52631321442523,0.635200206462061,0.7950854802588,0.250534934708267,0.223151880109101,0.0291137190728914,0.647489721458405,-0.629416367383551,2.69923853172425,NA,NA
1680,-0.596781408887182,-0.320446254026152,0.991283778311653,-0.0258808761867171,0.850564829198412,0.97815282859467,0.734102940686047,0.284596128917299,0.519864269535639,0.239700867283973,0.336765786845353,0.816013244012604,0.824923640525085,0.574559186315513,0.835562033785856,-1.69295730793207,1.64119555555863,NA,NA
1681,1.84995220448612,2.54907915871383,0.965341451000635,-0.520078195803819,1.34734948268649,0.558792239951435,0.663687637329218,0.482849316358566,0.975803490699502,0.306553438891773,0.409066232823767,0.20825407966529,0.783486145152594,0.383523989863694,0.176351323254406,-3.16083465645801,2.12067826485037,NA,NA
1682,0.272550730013543,0.270740534190413,0.250198938509301,0.374349587013086,0.864433491387608,0.692088154144352,0.433975182235823,0.805045345979044,0.378281820682692,0.437926695404458,0.129025784639642,0.894056098830188,0.740125030203722,0.125651273850119,0.0587420108978404,-1.31990892313684,2.06860809716301,NA,NA
1683,0.325612459541235,0.368696290496695,0.0935295290116185,0.811624178291269,0.967353043152771,0.337048039275338,0.34819405403675,0.0842235778854229,0.155205488494248,0.340345381018124,0.112671238164185,0.28330515551928,0.806518601938733,0.660225295453099,0.846915193868103,-1.08435294662338,2.70760130320592,NA,NA
1684,-1.94013791329724,-1.28655398724151,0.959272229921932,-0.95346442214249,0.867219051152593,0.108150250150473,0.655286718046176,0.416296466952655,0.562492952335859,0.667700241731014,0.931427701951237,0.743439100102871,0.710167222515913,0.515363444517716,0.184125107377651,-2.65318252910857,0.74625368482359,NA,NA
1685,-0.619709429769771,0.13964881397535,0.998741778077271,-0.263896502916177,0.852192157733831,0.353651112199994,0.831271855536499,0.767759529703762,0.72644129121874,0.289108055445482,0.113345063088695,0.274669858244713,0.230890290819341,0.175341843607253,0.720831523871748,-1.93416243998196,1.40636943414961,NA,NA
1686,-0.98400120563414,-1.46890032478558,0.890976770431721,-0.383061446674921,1.24872900057037,0.00373441888275556,0.602150153169874,0.557146538427449,0.606629199306946,0.213860689534573,0.764666674549691,0.957873367064749,0.848976769760949,0.170668146119802,0.00325836505996995,-2.83052531424355,2.0644024208937,NA,NA
1687,1.40549222945083,1.4069179025894,0.906752640842527,1.33647415814777,0.844381102730432,0.477353332492174,0.610894675252494,0.894142401129473,0.203655612248578,0.355420322752907,0.259043855074327,0.68330772725516,0.861400241710013,0.742159349244204,0.389085139464471,-0.318482392430091,2.99143070872563,NA,NA
1688,1.20002794527034,1.26545256329756,0.258133942850479,1.30419704231482,0.83873721941245,0.323015699683689,0.436450655878056,0.251371530968114,0.193379759011441,0.802121348646702,0.686187937487964,0.931189728425932,0.906381063252105,0.744549751706305,0.62633331873361,-0.339697700226852,2.94809178485649,NA,NA
1689,-0.825011801517018,-0.91898266938867,0.0510782816962901,-0.300436797912886,0.893259960882156,0.406452158724307,0.161002122278558,0.74281726829242,0.631285435663653,0.333867663816782,0.127189456852153,0.114302942993934,0.0129093503151089,0.94452780593303,0.824386002112762,-2.05119415007357,1.4503205542478,NA,NA
1690,2.4394829281723,3.8386398744454,0.856813311454147,3.00333756602492,1.01030508789712,0.546617699846742,0.586447150594788,0.648103149668896,0.0249157905991888,0.460257567880908,0.0734799661670113,0.744476735303644,0.283642658003373,0.685841022892622,0.262949642511783,1.023175980349,4.98349915170085,NA,NA
1691,1.57330229889593,0.0119487312999908,0.999951892003034,1.02812862548279,1.20743984243449,0.563679972336511,0.994535910095437,0.70323315485206,0.594098371987115,0.781116927771829,0.465339299779385,0.97523751637293,0.332170994517393,0.111085920613725,0.216191246437607,-1.33840997918753,3.3946672301531,NA,NA
1692,0.405674129077377,0.409079248596354,0.0500602963566671,1.08869132136967,1.24883055061224,0.948684163557016,0.0167558945040219,0.244600024348823,0.581719547557645,0.568250113909249,0.30529568462004,0.044439442937728,0.0566866570851998,0.805506791461026,0.563492068807245,-1.35897158062364,3.53635422336298,NA,NA
1693,0.420752660735471,0.604318085977606,0.910161801661474,0.644754788111665,0.904994080616591,0.05078694447421,0.612955512845074,0.768704320880584,0.563704830606235,0.636865462239017,0.086537382147857,0.709130154156242,0.383825448472635,0.404817083338159,0.696919238947332,-1.12900101611879,2.41851059234212,NA,NA
1694,2.14693039592672,3.11233547841786,0.380238208823742,1.53715861724896,1.09492693348111,0.57466820730269,0.468523952127201,0.149410722042318,0.713034033578471,0.768801591739291,0.283112550142454,0.22099371726939,0.995959365995252,0.5992965629627,0.113417137285229,-0.608858738076889,3.68317597257481,NA,NA
1695,0.927263372095481,0.759293360866813,0.0563899714732523,1.51771098450205,0.911718892539106,0.789719675702159,0.250250841433997,0.532927464704378,0.319617159213871,0.859225698525202,0.0627924852053402,0.596979177067289,0.754551806466188,0.512444117246661,0.957512163655483,-0.26922520889934,3.30464717790344,NA,NA
1696,1.67699285776053,2.67140654817271,0.999889528450125,1.58789398515328,0.945990433050753,0.770344028143096,0.952967147518182,0.433943124552141,0.387114200573065,0.232017517430359,0.489850493452628,0.348615785383736,0.689852855583187,0.661118826170336,0.465033973334706,-0.266213193345642,3.44200116365221,NA,NA
1697,2.66101559239265,2.66579977800308,0.0517432351240381,1.28331516249777,1.06879569508973,0.742310114127002,0.185055866950541,0.656573431254365,0.265744384490768,0.795554836934549,0.11870924588351,0.595979261520202,0.384116642475012,0.787041731798789,0.144002947447821,-0.811485906709543,3.37811623170509,NA,NA
1698,-0.564662971083326,0.596057845718206,0.860436673141409,1.74486323827034,0.953695053841945,0.667897213710239,0.587952737540822,0.553941397515708,0.837224483957863,0.0622165358826751,0.905545996242203,0.432868016035645,0.405647337280796,0.355666485038004,0.428905880184495,-0.12434471949386,3.61407119603454,NA,NA
1699,2.09364725813078,1.3366280013832,0.942937358764348,1.27423766100236,0.829683307601779,0.0477660365512129,0.637518339899951,0.596024300205754,0.980392005745787,0.118610281513538,0.121169951469637,0.51363321516756,0.773598931554588,0.265551438697148,0.96029779317521,-0.351911740471192,2.90038706247592,NA,NA
1700,-1.79122294617968,-2.14047579773382,0.999942438575092,-2.00830129715379,1.00162594605133,0.162206721407128,0.985565201694146,0.470907521143323,0.823642662658705,0.60370176981925,0.678447550951503,0.884214066282613,0.00769376274640672,0.0442491839729482,0.907033164347406,-3.97145207739525,-0.0451505169123345,NA,NA
1701,0.0796934933428073,0.0977058267903762,0.0566641408625199,-0.04775923024871,0.978232235907751,0.0838390479423106,0.252365933148889,0.300653157372726,0.496047395223635,0.89705942289019,0.550652120221173,0.897259811336757,0.0647766690584831,0.939251035448164,0.81193558092392,-1.96505918114399,1.86954072064657,NA,NA
1702,-0.652543185578108,-0.599698265558597,0.050325663236103,-0.351590423346559,1.17062746842075,0.242359111605678,0.101099471397349,0.633944175179349,0.104563141148188,0.915785468061222,0.934384755580919,0.446748695905204,0.543254093574942,0.0685233605669346,0.120850723006646,-2.64597810076453,1.94279725407141,NA,NA
1703,3.05492442798596,3.08532160576495,0.0507914357283132,1.37376061023663,1.02523685363376,0.52852560114162,0.145523242375813,0.933351454279968,0.226655577433994,0.44929349060182,0.89751922077674,0.0671156395002035,0.436246673123562,0.670378059478127,0.000247375408536755,-0.635666698508708,3.38318791898197,NA,NA
1704,2.4621872292791,2.74347068908138,0.110136291082134,3.06484755284684,0.90964827627771,0.782998341407045,0.365277259465423,0.423916888733045,0.37685061991238,0.234106161010801,0.808107741729007,0.633641082151211,0.82180793658644,0.474852306525921,0.45102791438112,1.28196969274359,4.84772541295009,NA,NA
1705,-1.17247089960495,-1.05818755468427,0.115399003191817,-1.00396286158735,0.878801088337229,0.314161122030229,0.369768516217591,0.313921567041427,0.522783090892946,0.0187126320879906,0.0259902547060046,0.0403048235077877,0.017919195054681,0.306273171006585,0.575926475792425,-2.72638134430292,0.71845562112822,NA,NA
1706,4.10089787872816,4.06947464560165,0.0501157823063075,2.7586355728094,0.989035579778652,0.937037556612049,0.0493808189077536,0.370392467238009,0.942086294127046,0.486479907600093,0.14005670598126,0.600334242372075,0.463675084733288,0.428736034367699,0.474836593150045,0.820161457014555,4.69710968860425,NA,NA
1707,1.16600625950478,2.25186788854171,0.999926842017778,0.174514576045781,1.21715786604584,0.530729273683857,0.973575950470753,0.43030881111417,0.945405587040586,0.539890554864542,0.3686144493256,0.550722294072039,0.695883149603265,0.282439935986302,0.923829090064741,-2.2110710049037,2.56010015699526,NA,NA
1708,-0.953437239481451,-1.02597643743469,0.050122297944139,-1.08637601146467,1.06461723952008,0.0822814173431834,0.0521185855978401,0.0254933399115689,0.943104405622347,0.371662153515033,0.217724695583922,0.375624029246625,0.801241126383306,0.566937690156512,0.617526463552495,-3.17298745824448,1.00023543531515,NA,NA
1709,-0.365789348300656,-0.378193826886031,0.0589319220250153,0.615141485417252,0.923675763358261,0.729305526350858,0.267130806035595,0.520546409508912,0.655813036370673,0.86149961309426,0.470132742692484,0.756328778936528,0.574550578111666,0.590672567307367,0.621349591825972,-1.19522974415748,2.42551271499199,NA,NA
1710,3.22620680272471,3.36782574963358,0.157165943529888,3.74633497536441,0.881119352879496,0.54379923086951,0.396880420868751,0.852072793387924,0.266104324795306,0.352148792859516,0.0197523970417678,0.507233448913321,0.621087337724748,0.123679920775932,0.476136162332492,2.01937277763936,5.47329717308946,NA,NA
1711,2.25445658757051,2.22298690552693,0.0510657940416304,2.47700987681865,0.813188806584481,0.856511737823486,0.160419031700469,0.32330483734759,0.145619396655587,0.807372281413642,0.340092506527086,0.513169690194656,0.0884213739949046,0.0263993080010405,0.836684791336767,0.883189103281957,4.07083065035533,NA,NA
1712,2.37170854897157,2.85531785896098,0.986351978512079,2.83560657861824,1.07890029442923,0.639116393235279,0.711419844301185,0.538063791162102,0.627145873795846,0.602688415410346,0.544381916362792,0.453164914548863,0.360643655435997,0.442830016505439,0.787715517434059,0.721000858627284,4.9502122986092,NA,NA
1713,3.0060891742975,3.01789305190402,0.0505854588317142,2.90561682266027,0.846490996897234,0.50600296226365,0.130439753318788,0.0830679790680297,0.127329025621177,0.780564416109119,0.446003169040661,0.612368858225294,0.212888854784542,0.148195301387692,0.861233569728094,1.24652495550429,4.56470868981626,NA,NA
1714,-1.29769101020762,-1.28571995838871,0.0571492453488187,-0.862673030939341,0.915519647001378,0.196186338106752,0.255904940097476,0.302821946937474,0.298744272098294,0.604983805660042,0.539878348190803,0.259413193932269,0.637690641054651,0.0218150577993365,0.137364961485728,-2.65705856620087,0.931712504322183,NA,NA
1715,1.79012249155648,1.72156983554071,0.0803707896131522,1.6234296460203,0.878719300851506,0.319291939504095,0.329475536093931,0.46739447562967,0.185964356805198,0.90916834267613,0.686870992053417,0.332117320450023,0.291324641604209,0.829718315754901,0.453384275438613,-0.0988285361688623,3.34568782820947,NA,NA
1716,0.416457771792581,-0.326725221089271,0.99841431527962,-0.124823371785303,0.938723107093671,0.778309154003509,0.819688756696531,0.641900031720987,0.363664830882801,0.0404030725001358,0.267073601843207,0.687467360799899,0.913304598577553,0.748817838246352,0.749528615282849,-1.96468685314443,1.71504010957383,NA,NA
1717,-0.545066083417665,-0.507656669847318,0.0501678907365749,0.349691870907548,1.26678630708496,0.402263562130742,0.0679636434708955,0.217312580949627,0.627616772435606,0.109680153244524,0.685998756984249,0.297435840035672,0.132394707230036,0.102359131619334,0.527076125937048,-2.13316366708746,2.83254740890256,NA,NA
1718,2.43205211167667,2.47851199987334,0.0500652173976779,1.99226687272542,1.01814322638977,0.760012430975679,0.0206788828780409,0.661033208314329,0.947770322455559,0.773924954056973,0.802765066578868,0.0118918774385238,0.139370535904658,0.111584967969568,0.444668760108878,-0.00325718210193116,3.98779092755278,NA,NA
1719,2.42498210783136,2.42348612544424,0.998725657753985,1.64861476952088,0.895628233281205,0.788663315067999,0.830634475559345,0.0469594180182321,0.0321720682955347,0.825866645836271,0.566489441387355,0.855283959852881,0.98902261425613,0.84239124025777,0.476706332222675,-0.106784311247523,3.40401385028928,NA,NA
1720,0.855525709039252,0.459047967933394,0.9672277904264,1.883505633867,0.94064940180788,0.842325808433699,0.666588748128386,0.722948246260406,0.603219943547505,0.148640685958322,0.361464599825093,0.239806469468866,0.931763749676524,0.463768416038947,0.132206105701742,0.0398666842444138,3.72714458348959,NA,NA
1721,0.100571756305191,-0.668043099257532,0.995584848079188,-1.21983595859792,0.842125814883792,0.325749260258162,0.76833806896524,0.474717703078408,0.418351671009674,0.0321603120841319,0.341328410984133,0.0302121093665482,0.548341705774772,0.11469933902123,0.381579622260644,-2.8703722262216,0.430700309025755,NA,NA
1722,4.66246406879674,4.24209592875536,0.979098136763461,3.69537060168729,0.964444571729747,0.591462362595368,0.689718803257681,0.517299969668384,0.0103454763120972,0.108914815032505,0.448352150721243,0.249105680317269,0.409182621503132,0.822858490160084,0.368440922477166,1.80509397601183,5.58564722736275,NA,NA
1723,1.01596186409274,0.99501289922953,0.999234205925566,2.06731559432981,1.04103386707346,0.838843328959774,0.856124876910588,0.140324095053948,0.736508996616933,0.959575191356009,0.0649322470186744,0.669080582550145,0.752155024061445,0.489202549327863,0.460632957159192,0.0269267081793654,4.10770448048026,NA,NA
1724,0.937703538186353,0.9036334617076,0.0530128771891898,0.843565182557713,0.884885011450196,0.218906594262691,0.212480500189587,0.0804559378607664,0.23941388360085,0.707378836268675,0.973534073706251,0.895435041568475,0.222229936840013,0.0610651892460883,0.572047184009221,-0.890777570343985,2.57790793545941,NA,NA
1725,-2.32591610361933,-1.3075195181374,0.962390297787906,-0.933750429525283,0.895772801526984,0.07600758580619,0.659440290098079,0.350843199986732,0.204431700100657,0.55103317607916,0.384879832780454,0.902022535481025,0.624191587350331,0.087069901593728,0.416928369451198,-2.68943285884872,0.821931999798151,NA,NA
1726,1.41535947204477,1.40601901066327,0.0618228403914841,1.34464470540346,0.813407095239445,0.459897080836701,0.281304724313319,0.919473828843562,0.830200699482346,0.102894434102694,0.441612562833121,0.00845054682018235,0.024471074538189,0.0844120717326878,0.643192797242431,-0.249603906035193,2.93889331684211,NA,NA
1727,0.418759985674546,0.401749133091169,0.0545277584794508,1.4287126190707,1.01565674405447,0.172250140404212,0.232927123549278,0.751424563203473,0.0355877039771294,0.539401026130887,0.683288770571467,0.0559164779566927,0.865197798297508,0.855061024177936,0.517753929568804,-0.561938019931272,3.41936325807267,NA,NA
1728,-0.209871606881725,-0.167153563843199,0.0501509306450917,0.672757240115258,1.31781936156348,0.547490576994838,0.0626381025341107,0.191256816548295,0.727321840898017,0.899524122185074,0.787008335556253,0.168274810851784,0.434149683917873,0.783626132289995,0.971631321314373,-1.91012124667872,3.25563572690924,NA,NA
1729,3.19948848282797,1.51972819092016,0.959934717443068,1.4390210423749,0.82394846709184,0.283086767669651,0.656143133509788,0.948742881330894,0.602257388952421,0.585305844351882,0.844660922735115,0.539346400362207,0.372276426568744,0.13973938185873,0.344617716701468,-0.175888278242091,3.05393036299189,NA,NA
1730,1.51391211322353,1.94126997296651,0.981155119417694,1.04267588650783,0.821462206666819,0.5203509662305,0.695009229472605,0.737592454655096,0.173005723554641,0.829066503639799,0.846279954198515,0.916618997792713,0.293127677105134,0.143233971781214,0.887564498470048,-0.567360453219933,2.65271222623559,NA,NA
1731,2.1507454934929,1.58758851087391,0.985905283850326,1.46039501107306,0.952950688678576,0.337655166408164,0.709785714644822,0.335710209836601,0.766681275558192,0.325341223780182,0.0126058476651087,0.0809854930659058,0.315603042530129,0.763869955679285,0.939854443869437,-0.407354017779584,3.32814403992571,NA,NA
1732,2.92633811015082,2.90952372582024,0.0557987533132941,3.23399302934558,1.10005537916275,0.609205210429616,0.245365180999506,0.460593174485373,0.973046679064282,0.275492407280253,0.721178647257504,0.191264102315647,0.308377723839949,0.214641829516855,0.894652214035974,1.07792410518705,5.39006195350411,NA,NA
1733,2.07545540495031,1.99308051491356,0.0517606957776131,2.79135575838452,1.22874734740235,0.627849280699273,0.18555510790518,0.0784603444417007,0.537500814028201,0.969252663857769,0.0164509908069158,0.883956300483784,0.934010396566126,0.245138376433402,0.579478129000636,0.383055211376785,5.19965630539226,NA,NA
1734,0.89972623026619,0.922088445888109,0.0506388184385017,1.50741624954729,1.06747441104328,0.919875951013877,0.134803784163902,0.167226348097203,0.598254900938831,0.866546881182236,0.364233078248333,0.80101641076291,0.110632068076869,0.0779142893081298,0.366802244064165,-0.584795150515657,3.59962764961023,NA,NA
1735,1.38851927954095,1.3375155199805,0.0559224311892609,1.60768481843195,0.869888248281248,0.0874148427693872,0.246426935266703,0.0589836669748183,0.163651382200187,0.868743218974792,0.874768795033218,0.881457382463152,0.492490193372942,0.88349353156588,0.743121596146026,-0.0972648187739362,3.31263445563783,NA,NA
1736,1.30065720115442,1.2277840300233,0.0503579072355149,2.45420317913863,1.02153140821357,0.745248579228413,0.105821669300902,0.431603478262085,0.427467404247727,0.526925287016551,0.690467626302154,0.43821477068658,0.088536567860283,0.42614129090705,0.421308258067351,0.452038409963555,4.45636794831371,NA,NA
1737,1.19075504331642,1.08934583027964,0.828950903689158,1.19982229355311,1.08839979358651,0.847919576906366,0.57579986954364,0.340843230112805,0.308754068565089,0.0150772015447728,0.0407036542409332,0.38735443960561,0.309234682595008,0.378473124390119,0.767709958578227,-0.933402102657289,3.33304668976351,NA,NA
1738,2.4235174889885,2.40697142529899,0.0501081246841131,1.77140541917644,1.23632017785787,0.0964446994963801,0.0459590801054146,0.168299516725121,0.0220645638487767,0.434092869627872,0.308666601164732,0.754976883588359,0.500064554568147,0.414634092307067,0.698905210489989,-0.651737602785142,4.19454844113802,NA,NA
1739,1.15888646831572,1.13768631492825,0.051992048798034,1.80479339510059,0.960051056898773,0.643832787014428,0.191740038315183,0.329594792173593,0.616587389202206,0.150487022302463,0.74234760848491,0.179868589371094,0.546097119282233,0.734844491968746,0.419145088154823,-0.0768720997406167,3.6864588899418,NA,NA
1740,1.32527041691831,1.28844092286123,0.0699599878451865,1.23759178652002,0.94370343246995,0.23802476824529,0.307925102644018,0.484822761869291,0.196664752206183,0.932283567275736,0.397831072247587,0.225527526111109,0.664150540124741,0.960542999652796,0.88833967196045,-0.612032953207912,3.08721652624794,NA,NA
1741,-0.944804298363024,-1.65024094313083,0.939503959321446,-0.445566756057862,0.989029052532725,0.424982865310158,0.634404301935341,0.196236401552567,0.974275143091916,0.556184218105394,0.535291340314317,0.120035718535888,0.53095297569118,0.341088120147353,0.96868432031828,-2.38402807868577,1.49289456657005,NA,NA
1742,3.59366392269406,3.65433844281105,0.0552139593638265,3.47340302871094,0.858188094943708,0.706670602851431,0.240019051599083,0.942808644701377,0.468186854738975,0.578730224632076,0.959091659433092,0.535384025615407,0.545642267587245,0.493383101046784,0.263251091544982,1.79138527066024,5.15542078676165,NA,NA
1743,1.62734281525839,0.924253440463564,0.994540671277168,1.63599552625547,0.91851906466393,0.858552366577322,0.757668645476224,0.619476268275641,0.16016729884292,0.19763420889189,0.61527346732677,0.447076413298957,0.723578967124107,0.189234549375949,0.0563055294111837,-0.164268759599253,3.43625981211018,NA,NA
1744,1.24149307908788,1.88941269890718,0.89938547301704,1.36821322512757,0.867820665236144,0.718110620447202,0.606660823222133,0.236513759915833,0.874250907778856,0.0519335061439779,0.575488107892103,0.355288470757543,0.0370983047524933,0.692384956541471,0.981736692532315,-0.332684023774865,3.06911047403,NA,NA
1745,3.59724313851912,2.65078306912249,0.99990589394031,3.39647012141546,1.35654228016322,0.594421168435598,0.960984787942958,0.462181431116653,0.98669236386125,0.487691571446601,0.178473621535697,0.861080111002782,0.00853654621972237,0.0494891978503438,0.430013023839332,0.737696108789713,6.0552441340412,NA,NA
1746,3.42689197589734,3.06725264738044,0.919530085089332,3.02618870737418,0.909953964664855,0.697245293371263,0.619003477344522,0.677761739201495,0.181432552472223,0.88159015290183,0.101497244219296,0.684445044094347,0.277504596228246,0.767198953911313,0.640957036757725,1.24271170904163,4.80966570570672,NA,NA
1747,1.27432007041344,1.29830804325775,0.0525994316934429,1.30687224910093,1.00361025908257,0.265217231921386,0.205078542567091,0.144332136278972,0.824258748010849,0.889454954792862,0.243261908141896,0.83236108586716,0.549618885247386,0.588267222541501,0.668849511330365,-0.66016771321582,3.27391221141767,NA,NA
1748,1.49855547110901,1.75397180668092,0.999831130956145,1.20135929237756,1.16666598981891,0.0866653019424994,0.931745798238902,0.0862013494707644,0.802946574901463,0.891692263039411,0.346346651180182,0.964622099286993,0.027367443742929,0.0927801137944916,0.367236719752313,-1.08526402965527,3.48798261441039,NA,NA
1749,1.62704896302328,1.77788561186427,0.39610858689882,2.58033314458803,1.2560989743665,0.953508109797025,0.47216790793254,0.0695740156705724,0.668998261248227,0.533756888545235,0.20057217411208,0.946176361704129,0.0482388672834495,0.325412452651188,0.967072101392783,0.118424393811997,5.04224189536407,NA,NA
1750,-0.96057362405707,-0.921754404646306,0.0502692134672473,0.166784524449154,1.03377358696362,0.343584601390292,0.0915785391310928,0.692443074862822,0.881670764648356,0.988461589874467,0.770812319296412,0.439225241621141,0.755521488385159,0.993562568870606,0.742914830376394,-1.85937447416832,2.19294352306663,NA,NA
1751,3.23549549312224,3.2476652267875,0.0588113904873994,2.81394911577222,0.934821952904946,0.690058462355635,0.266445085169165,0.676422358921962,0.0952783603047719,0.513274197468185,0.0757574792102678,0.215484196364996,0.651106796569307,0.512695041390951,0.44833597275184,0.981731756121128,4.64616647542331,NA,NA
1752,2.25350774938312,1.53038830691468,0.999869830411351,1.94975749956578,1.04585371193617,0.981415052391007,0.944762105260044,0.0635602891714079,0.537352492971811,0.305072135040537,0.383469483762048,0.541135093673249,0.152308009452769,0.590284429701045,0.121829125835444,-0.100078108926643,3.9995931080582,NA,NA
1753,3.12739366702743,1.91025970356161,0.995789519512719,1.55662578711919,1.08456274266969,0.807868387486087,0.770722163894447,0.275202059717849,0.00769678173924331,0.557087204563199,0.954652904706658,0.568354604554013,0.379189581390819,0.519855295037269,0.329149772945093,-0.56907812748738,3.68232970172576,NA,NA
1754,1.83319390494445,1.53222634801568,0.754801523319646,1.56595973989346,0.916139136383268,0.197762505340273,0.552792412224342,0.0220918909116881,0.740487950870651,0.912988412837265,0.914998047344969,0.690571851296816,0.452676895828219,0.696676716921385,0.62488058406359,-0.229639972245371,3.36155945203229,NA,NA
1755,3.24066455154232,2.27313605326284,0.998846149604946,2.71490355656401,0.908589373540733,0.555222021091147,0.835607107384247,0.652241168875247,0.103566666889703,0.484278463206138,0.138776003587409,0.138016451454721,0.348994391594199,0.451698295453796,0.625139781162143,0.934101107688368,4.49570600543966,NA,NA
1756,2.58351051893098,2.46988204463777,0.998509259760722,2.05991264677536,0.826925967728957,0.710029746934189,0.822780937519157,0.905335452067084,0.867465288913809,0.744905703836353,0.451341876103892,0.879748220653739,0.389235803786782,0.721589368297253,0.328094024876016,0.439167532145674,3.68065776140505,NA,NA
1757,1.93623926930472,1.75673730443221,0.999779290389647,2.84423676938812,0.986446404149014,0.961111490848241,0.91835685267474,0.861266534152557,0.55845885726111,0.685177697251551,0.78670833434735,0.681721180101391,0.745406591016101,0.917149939938565,0.0407157564722002,0.910837344577009,4.77763619419923,NA,NA
1758,2.22457193087006,1.72435837233349,0.900390072990905,1.95565945791276,0.81957288327946,0.0972445570527343,0.607221666261437,0.892586066125892,0.846813567949808,0.256031404881389,0.0458041914321948,0.97437340648449,0.836942327894503,0.0358114107208094,0.590579895900097,0.34932612397937,3.56199279184615,NA,NA
1759,1.45604540483622,1.4957922481758,0.0546598451256748,1.48076829761664,0.927223150858197,0.0674395627839258,0.234371869888855,0.107540053197066,0.275723968041712,0.0205773633562494,0.450332520081196,0.565704936760711,0.137441993920016,0.996259040468955,0.526399034823175,-0.336555683697171,3.29809227893046,NA,NA
1760,0.390016017017622,0.440881246177398,0.999864307709312,-0.0219111089522328,1.02224730157984,0.945091913340613,0.942684233279666,0.729162626991049,0.993000004157308,0.399134679355659,0.345412214578129,0.185237555081025,0.428207581272,0.901835477901972,0.500541455632076,-2.02547900334197,1.9816567854375,NA,NA
1761,0.619431403704602,1.59293758797045,0.955781132189069,1.49375337840369,0.979960222880663,0.0423897969762329,0.650982306467951,0.45837001574703,0.530319126112852,0.445123885935405,0.638663919931394,0.58094174769125,0.560058309965068,0.633609226409113,0.236666117243818,-0.426933364724258,3.41444012153163,NA,NA
1762,1.99704902100211,0.865790750708756,0.996881153153621,0.905635414370631,0.922805194973931,0.457653130177525,0.785785512703704,0.134595385590568,0.67946150203119,0.274015471441671,0.109636205249815,0.41060955726204,0.0042776964501245,0.614375834110891,0.764897869409062,-0.903029532524735,2.714300361266,NA,NA
1763,1.95594768351917,2.33948439010003,0.857630557838893,1.21099639080764,0.986168839523209,0.552429388815654,0.586783966958872,0.0584290773224784,0.716773597285268,0.742226274638087,0.549319907795754,0.584097766827559,0.0925430284398608,0.125296930471435,0.412431452184217,-0.721859017333504,3.14385179894879,NA,NA
1764,2.37072666453588,2.32504232335023,0.0590499097642826,2.47678864503974,1.35205359901144,0.979181866785395,0.267793234387762,0.684905202127993,0.686043484031921,0.58700920584565,0.178855574460467,0.716384436451364,0.502253195955302,0.450707377676619,0.130968206149992,-0.17318771419045,5.12676500426993,NA,NA
1765,4.07910045640949,2.55548049439775,0.99956769324892,1.61887948492252,1.09088910136485,0.530278559914906,0.884731334603042,0.357816855472163,0.806356877615559,0.722679991928744,0.755660106932046,0.167343453960842,0.314923310106038,0.638790315004415,0.336137998220162,-0.519223864879842,3.75698283472489,NA,NA
1766,0.190944315586807,0.378375727468356,0.338919845743048,1.51713807684864,0.961425957218356,0.753217762268963,0.45861371023301,0.543807481218362,0.327435201373184,0.0670338159988169,0.225037090298836,0.956730033029919,0.111796631689765,0.962821112584905,0.825534741841489,-0.367222173101285,3.40149832679856,NA,NA
1767,0.963790547589254,1.05075492535763,0.0720583999340751,0.752805431981301,0.954144784451104,0.520919968428789,0.313036233944935,0.0373096625905018,0.704155152747408,0.40304677997448,0.854536870379816,0.845420281896833,0.883549605242442,0.5467427327818,0.54324987964693,-1.11728398157959,2.6228948455422,NA,NA
1768,0.153929523958499,0.185628068905343,0.0514931302111573,1.47775219493514,1.21572533364685,0.94788938479498,0.177299284852576,0.978554412730853,0.87323190147616,0.00788245995494071,0.825412616646034,0.399819869798725,0.441543370553059,0.756869710218394,0.173490373191307,-0.905025674105625,3.8605300639759,NA,NA
1769,0.208676327542294,-1.45755149793537,0.665589653864369,-1.1032336049974,0.879258775361808,0.233587149720639,0.530510588755133,0.409911565255141,0.595159398873104,0.794790308985626,0.202214193535852,0.110011438852409,0.504654413244221,0.540775003233342,0.203593304001726,-2.82654913779734,0.620081927802534,NA,NA
1770,-0.493966007919299,0.0856481473318993,0.377229097561101,0.263604165771324,0.956265412715075,0.851577424113755,0.467824090571841,0.752460755525157,0.761418189436546,0.504587728825514,0.960736695750733,0.775855517728487,0.642252312727272,0.0507895660495851,0.21337171412725,-1.61064160281155,2.1378499343542,NA,NA
1771,0.331179599071684,0.721150745248537,0.301987307793407,0.524129493628255,0.934120107105347,0.055192506378633,0.449057071703486,0.737309092951007,0.802409688360407,0.237471303694882,0.297865431044949,0.369480786638567,0.28400064540212,0.436277369260089,0.0144504407478962,-1.30671227353292,2.35497126078943,NA,NA
1772,-2.46733419334005,-1.93206252609872,0.999816897245207,-1.28076185541117,0.809393953589012,0.20924804678699,0.927698850419838,0.886039544087835,0.144743991340161,0.7483022765395,0.882838405584684,0.418587803772534,0.775344298872631,0.21241926324158,0.869439075138769,-2.86714485375012,0.305621142927775,NA,NA
1773,2.96390286586178,2.92748055491888,0.0680403333835381,2.80061262022055,1.06207903960629,0.540516774999793,0.302766022855882,0.84363662955258,0.430101552434033,0.732426500420785,0.313898444898892,0.543932795117027,0.729324849792058,0.922791358723189,0.633319876165595,0.718975953857331,4.88224928658377,NA,NA
1774,1.36666635407869,1.49347646794702,0.996107900630155,0.892559464735943,1.05855160065849,0.184764950948418,0.774670396329602,0.748622827888117,0.690523262633476,0.808206075895228,0.693271441273973,0.67562168446905,0.0384888946885476,0.839436830580351,0.523507004712243,-1.18216354833193,2.96728247780382,NA,NA
1775,1.32846238696266,1.34229060021474,0.050071264652009,1.21251789968393,0.776941947585964,0.742785598750925,0.0251129097449593,0.909447288799682,0.915831523948233,0.795166791951633,0.598324887858471,0.254614514226443,0.582897571614129,0.460332129791612,0.21459597587341,-0.310260335662971,2.73529613503082,NA,NA
1776,3.49131469591637,3.4690251715278,0.0501235189152168,2.52744421486839,1.03536753176528,0.798479440042865,0.0526153534388868,0.476135635350598,0.71904113279283,0.741599386492162,0.162872133936267,0.948231364432024,0.754106970831519,0.00337092876876704,0.2225021570588,0.498161141846317,4.55672728789046,NA,NA
1777,1.30461057048157,3.86006919417988,0.97816641459902,3.457145031244,0.988156426635991,0.669391191200353,0.687488082189811,0.461161241396796,0.845761592050549,0.168503048286424,0.716354002525797,0.21663425001828,0.469855942872353,0.156618431958254,0.790820820982102,1.52039402394566,5.39389603854234,NA,NA
1778,0.660424010545534,0.703897603874344,0.0846607309308865,0.768258632640147,0.863665704251066,0.656048777084565,0.336315629512304,0.316802157275262,0.0382850243340945,0.993996601074585,0.805632411648054,0.536429519276135,0.201462886772235,0.448738879755605,0.69786777208664,-0.924495042374364,2.46101230765466,NA,NA
1779,0.53621949036739,1.16423220555068,0.982046846740483,0.136391180034631,1.01035689327985,0.564041433386621,0.697480865480262,0.835090499801561,0.0451779036843218,0.546981595434132,0.835676794309053,0.14049809820985,0.954455184779363,0.914820422270801,0.820312046991428,-1.84387194232565,2.11665430239491,NA,NA
1780,0.217919786676306,0.22328243532945,0.0575763146009165,0.784871488570328,0.911369877031268,0.954407303003361,0.258828596768435,0.914619468783145,0.164943102444522,0.890183381971205,0.342379030183423,0.980539241146762,0.20230962193897,0.736021568094846,0.330909017092898,-1.00138064700565,2.57112362414631,NA,NA
1781,4.01495708977466,2.657673246535,0.999714952449586,3.12557628253766,0.968523228133537,0.597869106126134,0.90556305792951,0.227214062099694,0.815811446378008,0.188083592836978,0.51235536290193,0.623520363542368,0.503163829476107,0.922145063036936,0.7307717975548,1.22730563720546,5.02384692786986,NA,NA
1782,3.60545364124869,3.53422232520717,0.0502721843668022,3.68537273515385,0.852748239881607,0.717600159983383,0.0921274471570505,0.67325802562153,0.520976505100261,0.998499634067644,0.667190114385681,0.839916049992666,0.421729560889769,0.819022211556905,0.272399475688231,2.01401689710598,5.35672857320172,NA,NA
1783,0.878940264332209,0.882942814087655,0.0503432123778724,0.946673260541507,0.944798706127574,0.445446466941154,0.103724675545585,0.796273568969802,0.48932000793959,0.527455368170165,0.26122261080693,0.427030665864004,0.0345746487108991,0.577889577438706,0.468035066442215,-0.905098176108579,2.79844469719159,NA,NA
1784,2.14147277548408,2.01812932514652,0.999794845987336,2.07012299212628,1.04999566358502,0.126144637451041,0.922012015515356,0.822577556483797,0.559427024294389,0.018205126738525,0.163961636369349,0.7486693425267,0.290630986208213,0.865653377117356,0.158402493983041,0.0121693075763951,4.12807667667616,NA,NA
1785,2.76517682568707,2.80970148762404,0.0509994634673793,3.28725139063962,1.025257482283,0.905663951405557,0.157202697970904,0.445612419500831,0.501671540842275,0.158410783705651,0.561069001851836,0.205729528122814,0.0760941320594866,0.942401833699783,0.770701189928921,1.27778365048472,5.29671913079451,NA,NA
1786,-0.475252793964563,-0.503565616277919,0.9994488510717,0.406619882896612,0.868954880402518,0.780505950883613,0.872581593926298,0.705491370383068,0.446882205072092,0.756547998084454,0.77482761677145,0.773302659424604,0.296040020514862,0.93752600909234,0.677480165060377,-1.29650038688263,2.10974015267586,NA,NA
1787,1.43985894988623,1.43610755100172,0.123906905815438,1.69928960014283,0.902620644316125,0.855660580435535,0.376366695725475,0.651556107997312,0.34690776644845,0.561906669827178,0.199562756734202,0.318331376887276,0.457288413743139,0.616319697084604,0.610323361330666,-0.0698143544191145,3.46839355470477,NA,NA
1788,2.23485165236955,2.30557222415248,0.0509118586153775,2.37424285745685,0.85185647913586,0.192133514797781,0.152611399980378,0.0245341216183733,0.214773470672313,0.751872161798528,0.255879666955909,0.441353597187786,0.726238309470704,0.132697039408842,0.784542355890502,0.70463483835347,4.04385087656023,NA,NA
1789,-1.62375346477509,-1.47131496833662,0.356109134757076,-1.12161643123835,0.814386384331278,0.287219244145905,0.462820622003288,0.0703186774555361,0.773301443899632,0.242554364567739,0.644858260178939,0.244962876494508,0.339287046332727,0.738754841857357,0.689282667578897,-2.71778441402745,0.474551551550752,NA,NA
1790,0.0958336079491864,0.00115993759280826,0.292407675572455,0.159766311025872,0.929398508913621,0.888006739347125,0.446437640185119,0.205673840240343,0.469433786320384,0.921429113733466,0.0963479989037151,0.447530174511019,0.890337211773847,0.826007667494006,0.0219007717178902,-1.66182129373005,1.9813539157818,NA,NA
1791,1.33133520993775,1.34332788626576,0.0701283890374832,1.80710951127688,0.866778484718967,0.119875097177923,0.308354234230821,0.0629984012073837,0.182984096199973,0.663561188429478,0.356887695022859,0.614537996778614,0.822795789554832,0.524641916131019,0.692335585912108,0.108254898653507,3.50596412390026,NA,NA
1792,1.97310543958002,0.58177821792089,0.992293647322353,1.08111762258516,0.833771374765091,0.322220650208648,0.740313597086584,0.339500521551236,0.0907164049878484,0.484864892234211,0.412593484064797,0.177137745484128,0.770216876210296,0.918237679947983,0.45715105502645,-0.553044243294862,2.71527948846519,NA,NA
1793,0.791581530697777,0.812241305634304,0.99681706998717,1.37509840753818,0.962780162682808,0.971222348307143,0.784765187317855,0.315747662183945,0.176891031852923,0.171039097592584,0.355345957024256,0.995957057182561,0.101402666565962,0.416996757013956,0.996650550226565,-0.511916036349738,3.2621128514261,NA,NA
1794,1.59814007838328,1.55058767864958,0.0506072073995029,1.33729694271247,1.01516141156327,0.761793550186558,0.132264625936863,0.30432895487512,0.480987477318733,0.844636291532544,0.427005974981817,0.19214917742135,0.964202252370305,0.719569908093661,0.0970729828432668,-0.65238286244639,3.32697674787133,NA,NA
1795,3.16268500796033,2.22843159361643,0.994324901087627,2.16474917367121,0.881955683947779,0.0768201421586564,0.755719114455162,0.567362171147368,0.168934406534419,0.0742384464298375,0.903444739598781,0.237884479882545,0.792088192750816,0.296772095068824,0.342720771566383,0.436147797173172,3.89335055016924,NA,NA
1796,2.21169489805143,2.31769903569717,0.999276363317804,3.64852108939177,0.962693830441147,0.861524356840411,0.85895829021174,0.248688545180717,0.358207127578557,0.576948223076761,0.551770252793445,0.364549312075949,0.858450683087227,0.867838055869448,0.937160536826588,1.76167585358822,5.53536632519533,NA,NA
1797,3.53366670263682,3.51291935980888,0.0529406106306086,2.95852864123267,0.773440269290104,0.793096575479722,0.211262772644171,0.74326209437137,0.171809195481357,0.800275426169042,0.700652213305002,0.784244718744187,0.208890704036457,0.412434734783485,0.0730327501223655,1.44261356923111,4.47444371323423,NA,NA
1798,0.37614858755259,0.301231472498358,0.52869274710143,-0.146800544629168,1.01414545755371,0.884749984408845,0.500777436104952,0.77189648976305,0.698055746780476,0.388242100390955,0.312684961319668,0.692225145373028,0.999889114329591,0.0582948270979105,0.985303642417421,-2.13448911651934,1.840888027261,NA,NA
1799,0.796356204664516,0.788175661934319,0.0510250034122634,-0.30515069476138,1.41719913806404,0.509626128340838,0.15846567452373,0.290402337325737,0.992178332985612,0.58047997481015,0.959799645320047,0.61565957646491,0.866874743638444,0.0400980530492961,0.604467830730602,-3.0828099642881,2.47250857476534,NA,NA
1800,-0.0907810499121962,-0.121533778038272,0.0671951709316425,0.109371407289436,0.89456798589795,0.102545250022085,0.300321629603393,0.575344174523139,0.0910595426288201,0.893338182629901,0.743338480654056,0.223012260910356,0.663401674333261,0.0815654941524845,0.942685795997037,-1.64394962679308,1.86269244137195,NA,NA
1801,3.10704262196628,3.0988448730262,0.0569168781806062,2.82808567332581,0.833463595920659,0.763413045973051,0.254240505648544,0.809149538288359,0.216869013164542,0.379625080646132,0.0905544461761601,0.275145233602729,0.653266526306164,0.378891453594435,0.616860996806412,1.19452704289608,4.46164430375555,NA,NA
1802,2.24286834689244,2.70550615353257,0.999895271075943,2.19873439623444,0.967003036326941,0.516963156458922,0.955636584014632,0.832978919688263,0.195747063875431,0.475153826750582,0.932786651561269,0.385049682379235,0.380007662280928,0.729703181342338,0.867003022420569,0.303443272092755,4.09402552037612,NA,NA
1803,-1.51542835675645,-1.32156741575693,0.993582896056377,-0.228972415395267,0.92677613295568,0.443763038216392,0.749535865215119,0.373830959192477,0.303073798153666,0.727487076715566,0.610942889433703,0.795362986732041,0.19798429282126,0.764964354227064,0.68072724928183,-2.0454202577197,1.58747542692917,NA,NA
1804,1.50030863382517,1.85463276027447,0.999440853249883,2.4211160795256,1.09029688647241,0.267726254845387,0.871860827674973,0.253769876130624,0.664193501983304,0.299379482915741,0.517528084735852,0.567193275651778,0.88784212630766,0.898975336411968,0.25255532761733,0.284173449583523,4.55805870946767,NA,NA
1805,1.28101027133785,1.70004164345842,0.986891633436769,1.70571577290952,0.86973758662413,0.0911484776325524,0.713465846378705,0.535619485560572,0.194163023134461,0.873694249495165,0.298154466923559,0.656088953163591,0.272583436416695,0.560834026562632,0.858665759437135,0.00106142712543766,3.4103701186936,NA,NA
1806,-0.486525081666983,-0.506261854992679,0.0620168472209979,-0.561098641703506,0.919881414528213,0.419158359255642,0.282128880611039,0.127009062730474,0.194985715543851,0.276768560442957,0.265449787165388,0.195999237446929,0.918935470699216,0.446617919349228,0.940502632702468,-2.36403308422656,1.24183580081955,NA,NA
1807,-0.164618473964666,-0.211959419648924,0.0551151476250761,-0.563047904011684,0.957160370566223,0.128227968317689,0.239057159473188,0.962363346903818,0.985772937059519,0.283565266848891,0.668829697773326,0.210615468799835,0.115109805843327,0.141662411894766,0.433911122577381,-2.43904775775049,1.31295194972712,NA,NA
1808,2.30746826504821,2.22481978414999,0.99784034108911,1.70671095693024,1.04836087474194,0.628303444471909,0.80421178869484,0.133905234514154,0.833875040096347,0.414250660327729,0.0889087583284127,0.924276620105957,0.491082019366091,0.520593649397721,0.229055338101578,-0.348038600364862,3.76146051422534,NA,NA
1809,-3.72637776156067,-1.87405849202968,0.996370262980715,-1.63736957553987,0.86572911924373,0.297907103535254,0.77817368459003,0.16788462573837,0.919559315730934,0.424661953105358,0.655446516627446,0.357241210423759,0.385414723702241,0.246595212853979,0.946611986673903,-3.33416746962516,0.0594283185454216,NA,NA
1810,2.36520350305509,2.32092628515239,0.0501845630808221,1.98746271971671,1.01405810390187,0.155287613510969,0.072698416937259,0.850282007431495,0.369211323734839,0.292562968553393,0.402941866731388,0.115367897397955,0.91815200596361,0.349398807804217,0.603300613877829,-5.46421619236348e-05,3.97498008159535,NA,NA
1811,-1.99601833214995,-1.94525987116491,0.882041414619545,-1.77471421489362,0.949931522728214,0.355959797182004,0.59767743126303,0.432393687334144,0.809081320955185,0.611906357245171,0.0519159824195085,0.809962295747595,0.934552882728865,0.920670911788824,0.297987317058141,-3.63654578722021,0.0871173574329682,NA,NA
1812,1.21704009093053,1.39525678044691,0.999827001229789,1.73290483455597,0.857513895783663,0.372693683262449,0.930537532857852,0.734476807836792,0.254310382336145,0.322586778403725,0.248354671381647,0.537779322001268,0.661442351521458,0.907404193127179,0.0397233662618091,0.0522084825773592,3.41360118653458,NA,NA
1813,4.77717810749551,4.29394906180525,0.777095627678723,4.09260068403004,1.04992052729547,0.960046747627435,0.559115757522523,0.0560949875855586,0.03631691685447,0.103465366042918,0.153630448155687,0.13332943804143,0.359647971510538,0.761962506229524,0.846300589288119,2.03479426390162,6.15040710415846,NA,NA
1814,-0.0910093362284094,0.0133264327875588,0.061508640246643,0.00888101604489666,0.836176137846326,0.729833102616249,0.27994122147595,0.897862630461343,0.768419079169515,0.98144040797581,0.236263679358992,0.470209280178184,0.387015868352959,0.415057408284512,0.0362712797160493,-1.6299940988657,1.6477561309555,NA,NA
1815,3.28296062339578,3.23153898058075,0.137870059866825,1.93067655733763,1.0935478764636,0.637092179592117,0.385822656445089,0.337412489591166,0.716341748779872,0.792539873857866,0.455858062058804,0.608177366585354,0.449082198294811,0.506367654843954,0.0750005712920101,-0.212637895901267,4.07399101057654,NA,NA
1816,2.1465134766653,3.3135745508602,0.92506600529067,2.242720043037,1.03849434131539,0.605214632738149,0.622884583131294,0.329421702800435,0.671695459484588,0.401674378374009,0.775248587953974,0.133779706263333,0.912145985262818,0.288825330014341,0.027130943635595,0.207308535910199,4.2781315501638,NA,NA
1817,2.40973149916178,1.31809947669236,0.99071580126072,2.03681090004254,0.789897185685361,0.452757181329536,0.730916359067662,0.97845058403397,0.686727323943167,0.270123040882289,0.371579635977279,0.365069606052479,0.550145042536664,0.321880756907165,0.822224566087942,0.488640864609681,3.58498093547539,NA,NA
1818,3.05920218800662,1.89459872261482,0.976308346473922,1.83664274739395,0.897417706192934,0.164166150892619,0.683304217627621,0.0937728450098075,0.540635176168289,0.975512774969917,0.481871379543678,0.468931499235216,0.373156772947405,0.903699879023363,0.59582618740492,0.0777363641672533,3.59554913062065,NA,NA
1819,0.0484751734423419,1.12340408202476,0.999555210694442,0.714185597907129,0.857009596174037,0.0852994113191962,0.883307412764058,0.873743782356381,0.373914060375886,0.114110209558043,0.732212236647378,0.4993466982065,0.725041685771197,0.85028882381157,0.8521429573528,-0.965522344999198,2.39389354081346,NA,NA
1820,3.26888839629433,2.06314976912529,0.998977330423408,1.97959288763836,0.857842142093048,0.35715752442379,0.841648423510254,0.53196310705191,0.22107726868079,0.82071997418988,0.0156778672088403,0.575485972368973,0.102995923746144,0.681462949874578,0.493224241424235,0.298253184715291,3.66093259056142,NA,NA
1821,4.1904256639687,4.18727416991285,0.0500911991207954,3.87385530881919,1.05481820202962,0.678067903121701,0.0374461998369079,0.636587369233836,0.59667139304115,0.405910972786602,0.459240916730952,0.0612746428551618,0.255762151805218,0.467396407496417,0.180607565201819,1.80644962260385,5.94126099503452,NA,NA
1822,0.458439910057828,0.537993942411887,0.999919126558114,-1.03342236338439,1.29490171952932,0.286015627888381,0.968562332154135,0.405465967612807,0.571665475122165,0.572672451527091,0.746513579983381,0.80620675186615,0.989742613371811,0.591315160873462,0.543505766425747,-3.57138309718084,1.50453837041206,NA,NA
1823,3.8480794642928,3.93011025400681,0.0820893008500725,3.79869696664767,0.963344598102444,0.795445053306175,0.332321127972566,0.010237355781137,0.68254091005167,0.647028171047801,0.468715735659702,0.0472608376970747,0.631040450008237,0.462168977534631,0.323083009530441,1.91057624966567,5.68681768362967,NA,NA
1824,1.28345623208159,1.47649648786409,0.997759733966898,1.96459547333279,1.02805224060172,0.730149550795439,0.802375320067862,0.96493106949341,0.0765211024172604,0.824689265493187,0.519313795894734,0.512802113280981,0.730741470592096,0.819558415367617,0.26623217651865,-0.0503498924722967,3.97954083913787,NA,NA
1825,1.84409920539596,3.66091775786664,0.994195783322703,2.89349268509934,1.04109246841797,0.67991169534775,0.754587443774799,0.653612153286114,0.664765518714092,0.416753606818616,0.85162780658179,0.731094598918455,0.66156752218504,0.136740218767896,0.065866689066519,0.852988942424222,4.93399642777447,NA,NA
1826,0.0818729995622994,0.0491288240445695,0.0500775604938668,0.718001603594909,0.945096301463215,0.787305381688522,0.0293461290140403,0.312313204057631,0.611950133388978,0.19622632778855,0.910481686697691,0.733784448933904,0.547766413766658,0.120141437162645,0.565577630514745,-1.134353109195,2.57035631638482,NA,NA
1827,2.39863720147219,2.45445569850706,0.994683735824944,2.80279810391588,0.87432232086954,0.801735967344721,0.759003968322417,0.940694948390476,0.19804201540153,0.457278387023951,0.751082088690368,0.780738863541046,0.321566491572186,0.593237231735722,0.278065548558254,1.08915784413211,4.51643836369965,NA,NA
1828,-0.0751468342566421,-0.0638089464092777,0.0521437909003475,1.09084966952867,0.98884997299588,0.764062083159923,0.19541864490218,0.668745893587358,0.548220762387384,0.725583636028343,0.952988810113049,0.622777566907811,0.277163962885737,0.575518006002996,0.92192531040241,-0.847260663656656,3.028960002714,NA,NA
1829,3.56032924399231,3.82568385205649,0.998012931679453,3.53052701976924,0.908937290476077,0.689576819680049,0.808385389821371,0.391690506723942,0.72849717808445,0.0969002114807954,0.0595359442555346,0.701297363030608,0.621805738982512,0.410526023184531,0.362078959846403,1.74904266623071,5.31201137330778,NA,NA
1830,3.30401507332851,3.42378448599598,0.0527268087478717,1.60228668155373,1.02827513295721,0.553531691020704,0.207477221814799,0.817082293915795,0.324687929306296,0.797276110986364,0.975181491180789,0.995283462207299,0.960841816549189,0.130182390349568,0.374584000596195,-0.413095545240524,3.61766890834799,NA,NA
1831,1.2909532461744,1.38116537184469,0.0506828947256265,1.08629714160244,0.892348205711222,0.288628034566645,0.138142127195373,0.61384867163538,0.550527200097567,0.890992420319817,0.886165391986608,0.817804595388123,0.797042401160696,0.810405194913386,0.0115675177939702,-0.662673203260489,2.83526748646538,NA,NA
1832,3.04579822832353,2.70884738541197,0.994183823223989,3.0880830335338,0.994606242982518,0.928165839966619,0.754483887031791,0.801742836396559,0.266907831686665,0.224551854043617,0.0853681503593689,0.34968394943967,0.00236644914885983,0.900296764313476,0.165739806692,1.13869061848938,5.03747544857823,NA,NA
1833,1.49542195738289,2.3580893267155,0.990983912095274,2.83775614860881,0.837352692560696,0.193256670341943,0.732395775814308,0.0455426065648207,0.175707286984893,0.797620168856578,0.242698305597994,0.936438363148947,0.147403618140612,0.497142604773864,0.325409467656631,1.19657502883221,4.47893726838542,NA,NA
1834,0.562444725787007,0.530813686708686,0.0501290355847414,-0.0746919794616714,0.998960191562662,0.808290189687978,0.0548003394805128,0.973935010329587,0.0311075680059148,0.643381524090539,0.14957604543725,0.814927900666604,0.905587079355377,0.882778766809264,0.500039278720506,-2.03261797691372,1.88323401799038,NA,NA
1835,1.42585853891204,0.623068632840883,0.999887765597669,0.0367128271181791,0.907894240846674,0.36118291320675,0.952175477644429,0.611904531794018,0.245310679715476,0.59674927114544,0.141771192066721,0.0436074712667614,0.11406998570147,0.29320008158742,0.821928380350466,-1.74272718671264,1.81615284094899,NA,NA
1836,2.59316975084569,3.02343318541067,0.998144115237998,1.14409368090404,1.00146613582607,0.532889022868127,0.811807248399826,0.947352335461532,0.815041662105476,0.365851249587722,0.311339817134663,0.619907244889415,0.203849773476832,0.978849043260212,0.850939047263237,-0.818743877051545,3.10693123885963,NA,NA
1837,-1.75849498075015,-1.776990697469,0.0542362953039069,-2.06506512913295,1.07939925562213,0.154038784642238,0.229584819199634,0.280825689985882,0.94056043542258,0.329479377162061,0.354273756677634,0.605942252118955,0.748467438580818,0.936409903136781,0.342472275928827,-4.18064879509168,0.0505185368257712,NA,NA
1838,2.50848838254029,2.46775189433234,0.0662881719538742,0.97417944049841,1.17537764822791,0.636901382715325,0.29756356710312,0.704439350947039,0.516160100070643,0.250722962231142,0.979677180057042,0.395830483969068,0.109602913180715,0.209219883544021,0.548067097179592,-1.32951841826168,3.2778772992585,NA,NA
1839,-1.98034608717758,-1.27474827517124,0.859344137918863,-1.80067553376209,0.937116214177537,0.188763289799448,0.587495400041807,0.490299534430727,0.434124205049127,0.756438099324005,0.851408322766423,0.433697419297416,0.431914199809777,0.121698010588996,0.356313727237517,-3.63738956287858,0.0360384953544055,NA,NA
1840,-2.46908281886057,-2.06844024555589,0.961645420581556,-1.60970199620616,0.87376730490255,0.216882922553224,0.658418859469821,0.932452289585257,0.0566668930304004,0.0815287296124734,0.553477462189388,0.703384346552775,0.376086505971034,0.718776611920795,0.964459112645243,-3.32225444468378,0.102850452271469,NA,NA
1841,-1.19839580410516,-1.15887104314328,0.0500469936691831,-1.12318701100192,1.00103583985379,0.120250730266096,0.00429225495364517,0.184846312763868,0.352064822623855,0.720466579594184,0.911856908457703,0.13885969448532,0.57528614411992,0.0198423199782846,0.512193120451411,-3.08518120434915,0.838807182345305,NA,NA
1842,1.1358738355697,0.965092767365851,0.865781140190823,1.01634017135441,1.01602951176724,0.00683303811983205,0.590233717934229,0.595844493440352,0.256949159356998,0.671127221492585,0.938271273214719,0.247426148300641,0.635944594680681,0.179570506385178,0.0484954797719838,-0.975041078939188,3.00772142164801,NA,NA
1843,0.672613952726858,0.612676752808939,0.0530693504700835,0.572550545574378,0.932025675662739,0.214835656391806,0.213412005360005,0.688395765562076,0.356450531796436,0.958445997621166,0.619496772412676,0.739856557741063,0.844988538561156,0.397454134925851,0.225274990387261,-1.2541862113912,2.39928730253996,NA,NA
1844,-0.937309546630609,-0.234000315742667,0.999705596452297,-0.312434456567636,0.900416789748484,0.727227928411681,0.903947793983622,0.59042081352754,0.869817885819706,0.785741444906569,0.0917366551375017,0.601485377185512,0.333518322032061,0.901078450284083,0.224043490304262,-2.07721893554984,1.45235002241457,NA,NA
1845,3.14502729893878,3.03205697721647,0.282133995924928,3.04753514585884,0.972933528512062,0.588712303210399,0.443551592289936,0.163053770926548,0.482446405334864,0.148447225849377,0.764450953227584,0.440622477889061,0.262352014687727,0.741108537047054,0.895107506503351,1.14062047062373,4.95444982109396,NA,NA
1846,0.982338238449113,0.388048915786558,0.651967527745985,-0.288558031399268,1.23445271109319,0.565986019863514,0.527395385836833,0.991665449067485,0.412266030051396,0.776040143811144,0.707678350199829,0.56931692735909,0.47723876220372,0.528702078819624,0.652305912532029,-2.70804088575975,2.13092482296121,NA,NA
1847,1.0696712848923,1.3866254976907,0.999950477353228,1.5022482064644,1.080837375039,0.327379652652075,0.993086752880597,0.635360821816372,0.783599516365444,0.959442719809129,0.0182883752770722,0.882050988556934,0.0338813783398364,0.0731339142969809,0.699138688860694,-0.616154121756855,3.62065053468566,NA,NA
1848,1.51200132916382,1.654919885032,0.21205615888216,1.55797017429142,0.935875127136256,0.157012378179003,0.420925805761246,0.802520981610869,0.890226058140979,0.57439873124822,0.692525609569508,0.699262701077387,0.210616626070347,0.400122852985398,0.860177865502541,-0.276311368922487,3.39225171750533,NA,NA
1849,0.355739807006232,-0.116231787534089,0.874361572721076,-0.293474615291133,0.93011556248678,0.867629427112872,0.594060053929803,0.381121257363819,0.906137059536413,0.785317915254738,0.751941015729215,0.188864231137093,0.205768771245726,0.738038677351316,0.688676596312434,-2.11646761922544,1.52951838864317,NA,NA
1850,1.24344088106267,1.21518726426698,0.0583470307869897,1.2947935606883,0.907217788967912,0.350315416292404,0.263713453620672,0.909875607324648,0.535004653201439,0.697899188166368,0.639862650823081,0.960903983619181,0.05950676643115,0.475186365641421,0.984621711057611,-0.483320631822869,3.07290775319946,NA,NA
1851,2.0287121554684,2.06729123524537,0.0512636234373525,1.49711759437453,0.887379042255512,0.502953261046554,0.16894261843001,0.936259075122536,0.242386737532797,0.540943918638863,0.621700467515737,0.699561155791744,0.301664116065251,0.155657723840908,0.345630047894898,-0.242113369081917,3.23634855783098,NA,NA
1852,-0.904041082410086,-0.390328857328552,0.999697276168751,-0.564801748382897,0.85523492853235,0.299754966337932,0.902553880713298,0.600432810479891,0.667184481704491,0.0294728744121967,0.800174237883068,0.0418603185950778,0.174239729901659,0.350120026248507,0.85561168589408,-2.24103140662699,1.1114279098612,NA,NA
1853,3.7680204921812,3.82694089342749,0.0510068067981407,3.64926667091878,0.86302401664019,0.749132537433761,0.157569105524919,0.977534720552503,0.379315307192155,0.349948175452068,0.964847325763549,0.471617615787894,0.214421661992441,0.98070353327482,0.254092345972778,1.95777068051091,5.34076266132664,NA,NA
1854,-2.88690256875928,-1.91559695100807,0.794846269460229,-1.84259331749729,1.08707566872879,0.303493764641462,0.564470912209828,0.0527295156937325,0.639786811216618,0.717721623117104,0.712988380682538,0.942465397597756,0.466117826181813,0.305167964147753,0.40792082468851,-3.97322247667552,0.288035841680932,NA,NA
1855,3.66599772468303,3.40941429234755,0.851116432127308,2.98058865808726,1.01342470209151,0.973834264089353,0.584142085908214,0.0284965990711935,0.688919608942349,0.663198140255641,0.0993090690054232,0.659283563058008,0.87614825330989,0.838216394973686,0.414835839155479,0.994312740944661,4.96686457522986,NA,NA
1856,-0.735654587519103,-1.56974162946501,0.806784541592215,-1.41630706037295,0.893388907623438,0.469793697127723,0.568263633023715,0.93260986970691,0.2558209577417,0.936641482894076,0.480652335070074,0.187008088893723,0.885033706007176,0.0883299990372034,0.502027304603253,-3.16731714350247,0.334703022756564,NA,NA
1857,5.11916112366549,3.85866991196276,0.999952526475639,3.04935248424787,0.820670027882552,0.927230425064568,0.995199755821144,0.822392241484369,0.189507095466601,0.291420595682575,0.450546248310246,0.184482531769201,0.252624075418571,0.399977254703408,0.584909418412717,1.44086878640658,4.65783618208915,NA,NA
1858,1.57231825873696,1.29762993243848,0.0909023674787666,1.07647020065965,1.07109154481068,0.521041079888702,0.344936772550805,0.366724864500342,0.702659157203394,0.840294685530011,0.252403418758768,0.0810308087213198,0.16434040186787,0.150867738516419,0.66092629415798,-1.02283065131465,3.17577105263395,NA,NA
1859,1.55489399135312,1.47663301777123,0.992767868997379,2.44976089647589,0.958620187391842,0.429351675970713,0.743514317642665,0.789023064557579,0.517282317179954,0.0927445449023507,0.741448431348428,0.326293964923709,0.623792830251623,0.973216885502101,0.360600591322989,0.570899854334839,4.32862193861693,NA,NA
1860,-0.682351474706766,-1.66486360807311,0.976853794795622,-1.10190998919577,1.01624622868368,0.479919725046726,0.684498249471071,0.825176344607491,0.0621335724372184,0.885750287315459,0.709025547279045,0.610691639834666,0.486872017557616,0.147881026717601,0.812861301218974,-3.09371599684043,0.889896018448893,NA,NA
1861,0.770561922049648,0.727772021454891,0.0502764245866352,1.47558448330377,1.07917853216828,0.600900010147016,0.0929005896522431,0.453400766781066,0.847219493707991,0.00580614249955397,0.135623360045254,0.222769778804039,0.443969327594503,0.724081289725844,0.90692092705809,-0.639566572634851,3.5907355392424,NA,NA
1862,2.56061150223284,2.58084821264218,0.0570276754513018,2.56228551473829,0.980789293958298,0.967295873863041,0.25504095279891,0.0718349408602808,0.483107208776171,0.0429423751967261,0.423055243865703,0.503577931370703,0.613852855658624,0.622587828236981,0.25508322078269,0.639973822157558,4.48459720731902,NA,NA
1863,3.16749096133979,3.4365055962624,0.748167237047472,3.09282190467541,1.05802939640015,0.926911751400796,0.550984672027989,0.837395045451354,0.428153461308102,0.814732803339954,0.990146619401523,0.0276398095787736,0.675989030482597,0.792406007256475,0.368758020219859,1.01912239314647,5.16652141620436,NA,NA
1864,-0.53755082932938,-1.07395867022215,0.781780245438776,0.974032944747635,0.959016932828389,0.471320779423811,0.560498882712214,0.556822297649924,0.798998841702589,0.544113194682519,0.347622925717384,0.693590256890748,0.724913770323386,0.236911322022206,0.65925000977749,-0.905605704160074,2.85367159365534,NA,NA
1865,0.486210894401311,0.176261647943435,0.932406299881923,0.576537867089747,1.03951727873042,0.914336108218995,0.628456891110633,0.230857212081086,0.729227209610748,0.574796369317919,0.535593491922133,0.113677121579065,0.616549375628121,0.31280449906236,0.676562342792167,-1.46087856052896,2.61395429470846,NA,NA
1866,-0.377957965614759,-0.632949150554976,0.989926326680841,-0.101122700588159,0.820801860165226,0.472730039101793,0.72679380388197,0.558270649892394,0.582283370636986,0.267051660297671,0.478254968978814,0.398871900584316,0.767846221849555,0.990848789914977,0.641403703930555,-1.70986478495548,1.50761938377917,NA,NA
1867,2.19086064294174,2.78793260101667,0.71880284079422,1.39303796642007,1.03642966466996,0.524303902724991,0.543321662593633,0.0871651480812579,0.799509793510195,0.580954270115704,0.283825146729359,0.777084684183938,0.0108129395605065,0.135553247672389,0.489875733814435,-0.638326848841979,3.42440278168212,NA,NA
1868,1.38451128896088,0.781073179391961,0.442488845404362,1.50692699280462,0.95092190803408,0.103390302434564,0.482451280304464,0.986127773527172,0.485528683559154,0.274568570741336,0.915450466966955,0.333440312321647,0.476423746357556,0.94707796020282,0.866033155289246,-0.356845699052283,3.37069968466153,NA,NA
1869,-0.138546894533831,-0.117309696864663,0.0504020373883297,0.639261513720087,1.08199839310362,0.617779941760353,0.11163755566685,0.00881134692614432,0.955006298283697,0.642378700929461,0.435898660351755,0.959424726311001,0.462287145000766,0.754163010229589,0.432366569920559,-1.48141636809322,2.75993939553339,NA,NA
1870,-0.331241838910565,-1.61487594858367,0.985668475789765,-1.28375000738495,0.933855611530417,0.422402790722088,0.708939981001778,0.994020615650574,0.0816375592332333,0.282598354953341,0.22152841121587,0.787978855682188,0.0460582862538286,0.238524376174319,0.422367006596061,-3.1140733727452,0.546573357975292,NA,NA
1871,-1.51085732272407,-1.17316286064743,0.994923315516991,-1.65678888078067,1.02583284666348,0.0305122962532332,0.761322269445518,0.38509808329388,0.206056549329078,0.501982322882046,0.0290330168355722,0.087621306676534,0.731339074502816,0.0125790205316152,0.529644786172896,-3.66738431439929,0.353806552837951,NA,NA
1872,-0.317962885972486,-1.66230085137457,0.999946435291795,-2.43180364150022,0.865791231817949,0.32658241582464,0.989163522794261,0.0643013231031364,0.0298355578018818,0.95060028850555,0.349818290103343,0.606387424817658,0.998320227058954,0.586614792433218,0.321969790048199,-4.12872327399397,-0.734884009006474,NA,NA
1873,3.21505430652543,1.85229038839734,0.999502609280272,2.44317569585148,0.910970051598676,0.700131861084839,0.877715884182835,0.38665030478558,0.0409765173692722,0.916587967294501,0.861969378971844,0.725734259339864,0.917207932921476,0.952797295478638,0.377429510985152,0.657707203723479,4.22864418797948,NA,NA
1874,-0.341667743950456,-0.161793278002843,0.849430558357014,0.28857618793239,0.897344803379212,0.920101352000027,0.583473764406168,0.085731988052954,0.918098167007905,0.0692785654494073,0.981717728301533,0.966744527249946,0.355154803744168,0.656573846625281,0.499907816242543,-1.47018730840504,2.04733968426982,NA,NA
1875,-0.00256789230532561,1.86552636163618,0.646523193135002,1.92966472985577,0.845981861169966,0.241616248088889,0.526165012481739,0.146506682926905,0.267287910218351,0.846582304183161,0.656455252025393,0.325627284791786,0.3363929013093,0.828564575141179,0.39652402393287,0.271570750388472,3.58775870932307,NA,NA
1876,1.06086384851657,1.05088369411585,0.0904324085206762,2.35860497763394,0.959802731375848,0.722707266354817,0.344333117105416,0.187670520135318,0.458575352302752,0.578035360240727,0.0936991316715721,0.857315324897296,0.192919215266127,0.820910456416546,0.660322004562477,0.477426191874105,4.23978376339377,NA,NA
1877,3.47588791601153,3.64916267427578,0.113681773492772,2.22996415748587,1.11027953128735,0.98587561143667,0.368341116648749,0.691974675544072,0.894709374581464,0.896605580244097,0.520465069262893,0.20091174274392,0.551115814338671,0.17179214532976,0.704815043789335,0.0538562633906436,4.40607205158109,NA,NA
1878,1.53903049580887,1.50726349769338,0.0507311821682977,1.79281463612498,0.79673969556482,0.346592470496544,0.141560766557464,0.61009481696866,0.142701433667797,0.786520592340734,0.389988669278682,0.835389260907774,0.960050742686726,0.675311835069442,0.458887611799059,0.231233527764524,3.35439574448543,NA,NA
1879,1.92275779124629,1.20494834867635,0.840802093770478,1.46876789964188,0.900319364374785,0.0704631111591589,0.580144980872748,0.124424477151828,0.3420715246615,0.835966643357417,0.368026155385189,0.498631105914013,0.178265144019155,0.706428800431546,0.446367747302866,-0.295825629116688,3.23336142840046,NA,NA
1880,0.155031911753098,-0.34056807138722,0.999911065903072,-0.661206983407168,0.957209985791047,0.0946317310151644,0.963811401643907,0.252235840292531,0.167394240367459,0.619102916824399,0.882128572403802,0.0849064358295873,0.655838205879671,0.487633059622487,0.859898192249821,-2.53730408119972,1.21489011438538,NA,NA
1881,0.310092612056557,-0.05978620118293,0.999604684704142,0.603570139697248,0.993205336369673,0.468112687981804,0.889205869587604,0.31842088593205,0.230139708915376,0.0974130759029649,0.206036140101613,0.596494045617874,0.589886558187543,0.18997884416976,0.884866291052429,-1.3430765488403,2.5502168282348,NA,NA
1882,1.07623405272783,0.61643055715894,0.974513694457429,0.935003044771519,0.877963654006649,0.692735036235768,0.67955632965907,0.652857460508822,0.934102341921418,0.429084430336603,0.406032701060176,0.453677904778975,0.141975820527645,0.1931427137641,0.484810238324339,-0.785774096816698,2.65578018635974,NA,NA
1883,1.96009041806594,2.00021177429126,0.0667911159924719,1.39297306574176,0.95109919642465,0.759634846736095,0.299111043826328,0.681876927476493,0.882436365733854,0.811801194330328,0.710215272145462,0.668512421304709,0.686906212616945,0.174717847561813,0.587298459482845,-0.471147104975544,3.25709323645906,NA,NA
1884,3.3561800935691,3.30858099698042,0.45027822407476,1.2117760991437,0.916636819517562,0.562434114757343,0.484137378861196,0.27350319102034,0.862846908812877,0.242184288569377,0.237578311009915,0.403963005844853,0.331094499849365,0.1076538903818,0.379897828665213,-0.584799054014059,3.00835125230147,NA,NA
1885,3.39067061897418,3.4026797686057,0.050132104697441,2.69479258550206,0.901191009539966,0.750631357667386,0.055975828715018,0.000293871871894225,0.966115177163738,0.863199859794229,0.157198154663318,0.626702474341961,0.405235934329336,0.72141034789558,0.732920686854632,0.928490663612439,4.46109450739169,NA,NA
1886,0.159605805662892,0.129608511175545,0.0616995551980885,-0.411203516784701,0.834372967551234,0.310166056172922,0.280774031123845,0.660880695737666,0.415034496237291,0.138524085850688,0.341939138662536,0.25628742650908,0.159377120294259,0.802456956036272,0.347826827916899,-2.04654448285893,1.22413744928952,NA,NA
1887,-3.00103410656998,-1.62181262248748,0.99261701283303,-0.819932994895699,1.06767006547692,0.448793591761845,0.742474087063689,0.623748202489107,0.68335632556607,0.285779345470481,0.865322853232617,0.589179605569574,0.139625636443729,0.01878023020213,0.718011916228454,-2.91252787060199,1.27266188081059,NA,NA
1888,1.04043271033641,0.947953445741927,0.0810497420834752,0.798676609195342,0.92800380249082,0.53379314746859,0.330617925363942,0.503833352899062,0.99486562513432,0.0273180773940403,0.0438559224775527,0.5937743882793,0.248947037472273,0.944217705955845,0.811186486100429,-1.02017742120289,2.61753063959357,NA,NA
1889,-1.27609052419084,-1.28936401485193,0.0565954309143684,-1.04400190825845,0.815040441723752,0.271496307282941,0.251844095477019,0.276585257781087,0.395606010725722,0.122181338184164,0.0189584179747617,0.297556458248058,0.426358694402385,0.780651842007996,0.729092218592064,-2.64145181998062,0.553448003463722,NA,NA
1890,3.48825594776965,3.5338058364037,0.111150644996631,3.24649202274606,0.935150360606422,0.608016305154772,0.366170632157009,0.740071609754465,0.984923498754972,0.731635764335981,0.635643158869003,0.488193272113567,0.128876915350673,0.635588692998863,0.290926063209656,1.41363099582783,5.07935304966429,NA,NA
1891,4.10311613193165,4.17334149458027,0.0501618466063671,3.14154973169295,0.983107903635756,0.646800429589814,0.0661301064086147,0.242138654184528,0.92044676595123,0.165830982541316,0.6375614631176,0.0286531229069224,0.0846983218839159,0.260282188607031,0.223989592358354,1.2146936476502,5.0684058157357,NA,NA
1892,0.743523046303563,0.835899748449925,0.118152723730499,0.868993098129674,0.952954585665926,0.82025253730698,0.371986611959292,0.661988517866121,0.381427337453933,0.813491286600474,0.303883648928371,0.950746457181172,0.519171166526387,0.94933314976492,0.277799065973493,-0.99876356867783,2.73674976493718,NA,NA
1893,0.598380726627212,0.479534534069631,0.322428824206589,0.788970091607789,0.862718592979745,0.756115283795982,0.45444313903281,0.0932560581970029,0.0989075282751583,0.371066200372763,0.20382045033027,0.0651018537690397,0.82564496738452,0.500596689098515,0.490763950403663,-0.90192727942558,2.47986746264116,NA,NA
1894,0.290500551583555,0.284066256960293,0.0507990783054135,0.0845060788817174,1.00321570634962,0.936064584318316,0.146004158533528,0.867173335279105,0.068603704421781,0.866014402922825,0.967626391719677,0.160219873326598,0.986262571512489,0.0623165779627161,0.978533247051179,-1.88176057428844,2.05077273205188,NA,NA
1895,0.783622693526469,0.0900240887380431,0.999397236613988,0.615822807085419,0.972623904558935,0.640548993478762,0.868102892469149,0.812887143654749,0.80821692953445,0.260048457415076,0.671114102050429,0.475076362908701,0.615792958299513,0.821575308803935,0.0711125560095534,-1.29048501635282,2.52213063052365,NA,NA
1896,4.64035806354069,3.86948134066328,0.918130953801746,4.36115251597271,0.993366890573172,0.715876521069324,0.618061079929699,0.625063519131159,0.423831399908406,0.309274138245964,0.870788347224821,0.280754667051835,0.994746940603131,0.261206298255711,0.0170362166289706,2.41418918701475,6.30811584493066,NA,NA
1897,-0.565630373504045,-0.586110043925499,0.999740263620353,-0.274300472030159,1.00521240639829,0.958424690227257,0.910213831363246,0.658422336516553,0.983323259606725,0.476400779668707,0.316497462433181,0.898820118697127,0.014160925992066,0.570285563392448,0.75961341817514,-2.24448058538364,1.69587964132332,NA,NA
1898,1.58335307228645,1.18649599162489,0.139883589339897,1.21222370534842,1.07911722890048,0.987137350504519,0.387072382000042,0.543175936869346,0.726790520984912,0.411688039766741,0.916466276736115,0.962986727301031,0.523270686325734,0.401635609142948,0.837868759559118,-0.902807198393187,3.32725460909003,NA,NA
1899,3.63441434609462,3.58478244762731,0.0500628262554113,2.65153176090682,1.0690226843531,0.984901405247743,0.0188110968705732,0.915335349841742,0.827697376688593,0.694044628429576,0.161051803009934,0.597261301672901,0.688431068170001,0.0466436833925545,0.551186252206797,0.556285800918402,4.74677772089523,NA,NA
1900,1.77085937369175,1.6403124244798,0.17502728133859,1.1692120558886,0.939123630355011,0.236907306230627,0.405659082334954,0.579129268185585,0.736310149786994,0.919024443437113,0.848250687097432,0.819227469602483,0.651847613858292,0.197585119474796,0.38046277479222,-0.671436436637725,3.00986054841493,NA,NA
1901,2.46324633196012,1.13875752834929,0.999630860921235,0.221159624667017,0.804205885132542,0.36056403382658,0.892632757018087,0.7191861988483,0.771583298306447,0.0831638536399696,0.652683648677194,0.645810483575799,0.520366342959343,0.255294339740998,0.279860985508072,-1.35505494634792,1.79737419568195,NA,NA
1902,2.30385927197786,2.26791704471327,0.0503334659187665,1.96310840311221,0.98326973470711,0.996242085525999,0.102283724116511,0.176372915366432,0.456591167343897,0.192018345360295,0.951287767178612,0.751929325097706,0.312213789800531,0.38500009990565,0.33595517447521,0.0359351359980249,3.8902816702264,NA,NA
1903,1.98972364387167,1.94789860116564,0.137048429476727,1.50904121649416,0.955821382431172,0.381484361946117,0.385305302625289,0.370609584730235,0.42975815401657,0.947299094628775,0.22810708570003,0.546222587471828,0.293869023647741,0.637052438791026,0.237759258260601,-0.364334268724221,3.38241670171254,NA,NA
1904,3.025826291954,3.0169279921222,0.0549330450095932,3.12829593769959,1.18097229591192,0.796285100233741,0.237235033478355,0.412198414777755,0.73498743015714,0.0114526194176869,0.3343050935223,0.27178765566065,0.483453556475928,0.932487518908922,0.154999502825434,0.813632770972647,5.44295910442654,NA,NA
1905,1.40147841213228,0.238023085518551,0.996162296593474,0.121480630114939,0.908318536778305,0.632626596874907,0.77537699993758,0.320458028394496,0.107641467167763,0.173442322996794,0.773925770516624,0.120572983151185,0.873338779323152,0.571554856232251,0.0682864698430058,-1.65879098846066,1.90175224869054,NA,NA
1906,-0.375284646337428,0.417636837145208,0.992531067802819,1.2290192296372,0.990322594895255,0.0202799303408246,0.741890841926448,0.800672203426366,0.71210611857404,0.495164362016716,0.0171888651772169,0.173747544464772,0.480587642326835,0.769082292137435,0.820804887424572,-0.711977389433752,3.17001584870815,NA,NA
1907,2.829653524601,0.919081542740393,0.999893179531609,0.826389711332373,1.26040226490673,0.579244476656895,0.954647762744455,0.997165311176796,0.16810489762947,0.0246688576439628,0.0926257396047004,0.100270834387979,0.198539782315376,0.223910980206798,0.553875319870072,-1.64395333391754,3.29673275658228,NA,NA
1908,-1.10529061923509,-1.56817061936008,0.945430958977188,-1.49700546566773,1.07792419344827,0.246936393552693,0.639891920654452,0.514452365997713,0.554349163905485,0.77910485713149,0.879505589963985,0.264167768088402,0.862090314684785,0.0283184207916493,0.55189641465398,-3.60969806289073,0.615687131555261,NA,NA
1909,-1.98901856009598,-1.83714742512869,0.0554239034159449,-1.49847064474536,1.12739788507887,0.101709877572139,0.24200397459371,0.671191003984772,0.481403034058167,0.35584705520398,0.681260480554774,0.383087792443112,0.795779039880144,0.710578562490875,0.264345583615825,-3.70812989574658,0.711188606255854,NA,NA
1910,-1.03701271094483,-0.221570771262075,0.999926515921325,1.02495998609898,0.857729496009504,0.95475804571656,0.973353557141731,0.116959235863877,0.834013439114555,0.858703578016139,0.738710859526764,0.233618419150473,0.089673017349327,0.690879928418435,0.376784057397279,-0.656158934557336,2.7060789067553,NA,NA
1911,3.19397936305256,3.18423503859018,0.916359723032885,2.46116720886659,1.0542650576354,0.965051050020498,0.616888751045219,0.270877483108896,0.220722355457488,0.93013445588504,0.237178991448251,0.568558893457171,0.0164151297481731,0.701251908871927,0.994261865525041,0.394845665742166,4.52748875199101,NA,NA
1912,1.02290022409788,1.14367744985894,0.053084602209637,0.337363654388419,1.01662517911597,0.471815812051296,0.213660647676559,0.794402853339445,0.418997555460315,0.892640781697584,0.912571109870449,0.878375037629623,0.224855364209856,0.37969052417262,0.410294800398522,-1.65518508245546,2.3299123912323,NA,NA
1913,3.19651722592066,3.31621460655382,0.0994447441379867,3.07044879189722,1.01833173027087,0.982785816764925,0.354892212099163,0.124663038680679,0.273455176450429,0.927670722109964,0.12971899655601,0.85098616178357,0.206875033934019,0.620550578811439,0.201510735538322,1.07455527625195,5.06634230754249,NA,NA
1914,2.49534238265111,2.49800099809283,0.0664317183250704,2.89904364474936,1.10148640717384,0.680331552687101,0.29800997025019,0.526506448434084,0.733558159921784,0.546264379660599,0.78924391769967,0.903487470285734,0.112778402367607,0.509036607015529,0.488453338351566,0.740169957228217,5.0579173322705,NA,NA
1915,2.060564048266,1.73171187681235,0.773578282422621,2.2102271267271,0.854804555052881,0.892156329818303,0.55809047362057,0.440159847044735,0.112474001125665,0.737963081890717,0.748953319415334,0.498116821513046,0.249326012016973,0.691777012199978,0.330034171009669,0.534840985002668,3.88561326845153,NA,NA
1916,-0.393535807728383,1.13855206955296,0.98235967362884,1.01152914324406,1.13825388839064,0.0210422664154321,0.698376555198804,0.0742235569939949,0.133385711171199,0.461802921981201,0.144264192920411,0.555042342234054,0.406636718152906,0.569950335904025,0.324421425367589,-1.21940748326427,3.24246576975239,NA,NA
1917,4.13886465839265,3.86274774235127,0.192931161679415,3.04996282357199,0.840004123649619,0.752222586611868,0.413447708067717,0.144734558467055,0.845282246433897,0.632649567210232,0.506635860006907,0.53474590314331,0.534539923598408,0.0617524641049094,0.712372669559787,1.4035849943536,4.69634065279037,NA,NA
1918,1.54260470340459,-0.611010966171848,0.998615771928066,-0.614996310917294,0.874371246243337,0.408148333439021,0.826493060217937,0.478092341638636,0.871088822943624,0.0422109591715271,0.890878212314332,0.803495466666878,0.546997586137382,0.200641332378262,0.409508705998422,-2.32873246267164,1.09873984083705,NA,NA
1919,4.2031478857419,3.74989933673579,0.764530705490709,3.12414027156328,1.00130559937288,0.59543169868493,0.555502272526734,0.612772102670395,0.605128560291254,0.322225183262024,0.466966356495162,0.141009948029881,0.41411022797029,0.104484642689233,0.247258973747608,1.16161735927414,5.08666318385242,NA,NA
1920,3.12876100216763,2.18754924044538,0.999904502055834,1.3460497994755,0.886613354392668,0.276440512392437,0.960250600708649,0.803195480303257,0.887770651264349,0.19010111691826,0.0669457391892793,0.67536250961211,0.334859370309161,0.277976521466509,0.112464094029041,-0.391680443346372,3.08378004229738,NA,NA
1921,-1.16937364364198,-0.144506894832048,0.865052274078367,0.372562594313418,1.18173786502517,0.908647811315022,0.589918238155078,0.972468336441205,0.633957558875205,0.928921766871354,0.319496656225994,0.577424024961656,0.265439189253375,0.266373206216493,0.107715133917634,-1.94360106030317,2.68872624893,NA,NA
1922,0.388832996103168,-1.72009579038993,0.997637588328504,-1.07024037982165,1.1610628441696,0.0729513681262033,0.799714457320515,0.355352949512657,0.486176989221014,0.81991757267667,0.904703424038365,0.0638797514984617,0.868265055277152,0.843261731845792,0.527946277263109,-3.34588173818171,1.20540097853841,NA,NA
1923,0.495538782052603,0.470679098974259,0.0555353849266813,0.703157176153412,0.816156991865113,0.121946511824965,0.24302714429039,0.946884306407534,0.703811230811872,0.719318984395242,0.604857371372054,0.969906573105254,0.3858448820638,0.0697206811551005,0.431531848811312,-0.89648113363276,2.30279548593958,NA,NA
1924,-1.24630870971751,-1.16709884795662,0.999933528979415,-1.28108095187296,0.898323656615368,0.321823880782235,0.978369060981204,0.237718979528872,0.454829663048149,0.145154897386557,0.513156943235313,0.305625963137369,0.59017211456236,0.679575704274816,0.970084298638278,-3.04176296529941,0.479601061553486,NA,NA
1925,0.885544317722216,0.169577236906619,0.993759644751531,0.433675977214854,0.975007702076247,0.0252901640353957,0.750941720425501,0.269925995981903,0.199662238276564,0.679772622383898,0.187389129522024,0.344026610607631,0.182889168490772,0.662616644468741,0.53619484889647,-1.47730400350375,2.34465595793346,NA,NA
1926,0.856137742208057,0.848480382883384,0.0500874916567686,2.16241263262179,1.10504354518703,0.633788567508222,0.0353709137373371,0.11898633009044,0.493159091195208,0.522876928635757,0.611869627009844,0.276116399773047,0.678607120805071,0.471311305082752,0.672798376968829,-0.00343291729325079,4.32825818253683,NA,NA
1927,1.65383305131946,1.63951368379893,0.0593970720031683,1.43033213720362,0.860932718074623,0.650120439281454,0.269693853465957,0.881133402013686,0.67976918190287,0.273215234237257,0.28831123427453,0.351220570353558,0.335075668921927,0.878656626070035,0.164076882302761,-0.257064983334819,3.11772925774205,NA,NA
1928,1.50240363141162,2.15859884304084,0.971740980663712,0.853798077245162,1.13399287277707,0.48444158869714,0.674242578843725,0.812222356274258,0.927833829405368,0.327519397002412,0.386057693755953,0.253358074971475,0.201792394216522,0.0225763393488014,0.466263652492897,-1.368787112123,3.07638326661332,NA,NA
1929,-1.35606100818906,-1.29627096459528,0.05005122980708,-1.07766088187364,1.28328087043274,0.0567691092501627,0.00860790980863385,0.25329935756675,0.978034815988271,0.250041703883908,0.170755089499289,0.870721232246142,0.550825737954699,0.0914559830534272,0.450201262451475,-3.59284516997101,1.43752340622374,NA,NA
1930,0.13895560445875,0.115269859511614,0.0541075585849657,1.15169840465566,0.916215289221219,0.533157937414944,0.228034998472896,0.50200351169752,0.91609278885473,0.772840640848386,0.779384718611371,0.115807151024928,0.667555439451477,0.285457654706202,0.20645491211873,-0.644050564302876,2.9474473736142,NA,NA
1931,0.439842644210989,1.59785267429675,0.997524326308305,1.37598286330539,0.875583467806311,0.358360528428457,0.797367002659244,0.82877141735726,0.935159354237257,0.169154829725157,0.0568975587241584,0.961090634628898,0.219489833412459,0.259371723783086,0.865478206289699,-0.340129199053663,3.09209492566444,NA,NA
1932,5.03531697221343,3.1102345345686,0.779914498084187,3.05630393584006,0.989038354838817,0.634346774551435,0.559945564272464,0.816188770192908,0.3222949588052,0.149938994704396,0.602798213500646,0.294143042807118,0.585463720141212,0.226527357839397,0.19830866957095,1.11782438102723,4.99478349065289,NA,NA
1933,0.882330152254747,1.54917589494892,0.957480581490131,1.66511192988777,0.960832089468776,0.872635185867548,0.653035564520396,0.0213073617194314,0.234508946837741,0.0333213455994846,0.369074225822813,0.151073947557947,0.607402997359633,0.540418205674388,0.178266381500405,-0.218084360661396,3.54830822043694,NA,NA
1934,2.04857231483974,2.16389261610565,0.999941143830814,1.37645399496981,1.04814760449053,0.913334896962391,0.984452932529384,0.900803573976271,0.273943648800487,0.760246509328601,0.337626303186058,0.142422885045526,0.193907408690662,0.0449251242608298,0.928988885585917,-0.677877560313572,3.43078555025318,NA,NA
1935,2.23057490085474,1.81149963867547,0.653138825276449,1.68254739778578,1.02293246345785,0.575345404194319,0.527661138375755,0.448558804892469,0.654441525479662,0.195658995198784,0.0679767044612672,0.218735118423472,0.109268411060446,0.101523845111835,0.422669203377329,-0.322363389208427,3.68745818478,NA,NA
1936,-0.663604117194383,-0.304228077029544,0.804474117367201,1.85633402579892,1.07580143293411,0.79746041744214,0.567516410531127,0.341877104385523,0.754370733310352,0.518447139165713,0.586385059605818,0.278075859482284,0.631913159394055,0.492144170094631,0.711640639353311,-0.252198037268525,3.96486608886637,NA,NA
1937,4.24101471188373,4.38390537038807,0.0713052992016657,3.76721438892068,0.9629385684217,0.794399652177817,0.311258788892999,0.960153084311634,0.387826443195459,0.269143739250023,0.0541579265200999,0.139236496139783,0.0369667162698461,0.703770437252824,0.320713854209171,1.87988947548959,5.65453930235176,NA,NA
1938,1.46576448794089,1.98245778098921,0.997601709958263,1.93356033123539,0.911182691512202,0.217556373344269,0.798958913799492,0.80847548083507,0.192637342070229,0.193041496948455,0.417416426627897,0.252489241009811,0.680792837843765,0.0850866275050212,0.032028111212072,0.147675072535202,3.71944558993557,NA,NA
1939,-0.306303877440982,-0.298110049091449,0.0500477244775933,0.0787737851565429,1.13066387723599,0.198911264992552,0.00506386986724101,0.261819721639971,0.237359200277948,0.713163048416143,0.948522781989304,0.989737962767249,0.719961318982067,0.391347263377393,0.181427643402712,-2.13728669284642,2.29483426315951,NA,NA
1940,-0.334808580710505,-0.0934416826414793,0.457553017949825,0.746652538901173,0.875574301433278,0.508170273773721,0.485704033895861,0.430656107277027,0.762003397250897,0.336830658576335,0.831292230515741,0.714105021699332,0.63200426745601,0.669407316835714,0.772925012983847,-0.969441557696867,2.46274663549921,NA,NA
1941,1.00893541811335,0.983667933448635,0.0531441087934666,0.785473636084623,1.02289750848425,0.285266381603899,0.214619178494904,0.607702858214499,0.951887778171804,0.152777462442988,0.855178698025411,0.637522979845875,0.021125764016062,0.20043013761472,0.408955591147998,-1.21936864042027,2.79031591258951,NA,NA
1942,-0.445532194143468,-1.54218438670754,0.685044330762073,-0.693036596660206,0.971825196519583,0.330159562564106,0.53506314561679,0.153923223756719,0.666309741542675,0.68850128150743,0.608089312817552,0.749124836427742,0.163933806226822,0.0247294907614123,0.540705599534442,-2.59777898110715,1.21170578778674,NA,NA
1943,0.261787896512023,1.14082796973933,0.999208705276989,0.966659526680778,0.792142074999823,0.236085644804058,0.854485674042022,0.891207774093142,0.514456820626278,0.775205485540675,0.251611189975403,0.0224111949058715,0.730370787626016,0.22553506780928,0.293291689261445,-0.585910410957701,2.51922946431926,NA,NA
1944,1.43171222963258,1.32146080424557,0.0822391413628229,1.26534741315571,1.07692595694971,0.0408543056843337,0.332562221525353,0.512277606518124,0.210709699520143,0.938613856777432,0.22066582356696,0.694545569785987,0.940864179775701,0.578178840621375,0.371933997312794,-0.84538867648206,3.37608350279348,NA,NA
1945,0.0853585016524756,-1.49804543640701,0.999950253118429,-1.17816595590126,0.981440960202256,0.207242072608904,0.992860855871346,0.678492051412002,0.468932584540453,0.255660002084333,0.391320013941498,0.191691568317125,0.83426351277309,0.502691508813645,0.386531044959673,-3.10175489085009,0.745422979047569,NA,NA
1946,1.60834726756014,1.65547134534305,0.0502835534869548,1.50003128318826,1.0617863605553,0.321007949878345,0.0941741015105508,0.931433241658495,0.855736908557243,0.497030132580898,0.776141652338905,0.464053689496359,0.082607281139004,0.272502670802525,0.00262828755192459,-0.581031742775979,3.5810943091525,NA,NA
1947,0.406893720593423,-0.101905064906645,0.217377270205935,-0.319962003289235,0.803986873827981,0.273216543172603,0.422879980710335,0.890437489580596,0.132753686759272,0.217297346166219,0.830209609287675,0.326626915156725,0.375833035442862,0.283014433479402,0.124874425130547,-1.89574732003502,1.25582331345656,NA,NA
1948,1.31252953295676,0.22625803645558,0.999246196246459,-0.0675390110804306,0.959642925664314,0.485309254918131,0.856914570532972,0.71559642548149,0.972851834798814,0.398429022364318,0.974124507179367,0.831222505759797,0.355593050195253,0.611241643464309,0.873539398862398,-1.94840458340113,1.81332656124027,NA,NA
1949,-1.35803787911699,0.0399100417170497,0.980476772529593,1.70080935579879,0.957277363609661,0.86558578161546,0.693204610218876,0.317235546860495,0.707399346450577,0.22916470125888,0.409794766399194,0.035486283511389,0.470107674125582,0.996857091440004,0.291427031445084,-0.175419800091597,3.57703851168918,NA,NA
1950,1.28100886206086,1.3308406708211,0.0610750489567507,0.74820515270365,0.906690126069841,0.208838994398015,0.277997959236149,0.860752674909076,0.734284934821073,0.783003893521964,0.862396629194496,0.859156439506914,0.0135836538396543,0.223204500811989,0.053002812319668,-1.02887483953132,2.52528514493862,NA,NA
1951,1.50896423849395,1.03096488378751,0.827325433209639,0.177064380419445,0.85313770036641,0.20653290399001,0.57522251947422,0.764271930230316,0.440555121992133,0.906563147258596,0.570222732148715,0.421320425269078,0.685189438166446,0.107129560187692,0.395624524317798,-1.49505478615204,1.84918354699093,NA,NA
1952,-1.81377403677372,-1.81786566606923,0.183904457868217,-1.80064170560646,1.14682273409437,0.230399892359157,0.409629755530274,0.525548560111085,0.753758977665333,0.560402580172638,0.884446095569292,0.708720229976811,0.575501970284269,0.351983716219664,0.804386113621295,-4.04837296108317,0.447089549870259,NA,NA
1953,4.38434369181779,4.39631799834985,0.0500642928015608,2.77904087077115,1.20219190600778,0.719846343940939,0.0199649044739781,0.186853046305361,0.24827320642909,0.412212532050442,0.234324593580328,0.757593767527374,0.764746888743131,0.114041350239771,0.436483749074978,0.422788032490343,5.13529370905195,NA,NA
1954,3.89288754098476,3.48674610926441,0.926089282395753,-0.25051225776145,1.09892541598634,0.548984529107693,0.623630508018658,0.394519163173041,0.69692531024944,0.0451166186964838,0.322787190817762,0.975839991523419,0.559565083335969,0.521453367387643,0.190042642070097,-2.40436649479036,1.90334197926747,NA,NA
1955,0.916485403713146,0.847779685667902,0.051911931001337,1.56648204684885,0.897573871412178,0.917134785636445,0.189683316454175,0.834866065034061,0.712619514941121,0.63360413357825,0.758975141697098,0.796432722558384,0.392853894089232,0.407613235276658,0.456341562952497,-0.192730414583206,3.3256945082809,NA,NA
1956,-0.446509078184372,-1.42159899674391,0.768090782909924,-1.28542590237066,1.06023109654014,0.0659615956728812,0.556512500510435,0.286173529308406,0.389331329662586,0.658316590954084,0.390578768821666,0.985583565159701,0.64488209316798,0.0312955678473227,0.202527929264237,-3.36344066687874,0.792588862137429,NA,NA
1957,-2.22473459213668,-2.22069796781983,0.0689288131404205,-1.42140558258488,0.991226797651296,0.0877563777437899,0.305217476441292,0.400917835512548,0.573489930646261,0.0509899561158381,0.89369304189377,0.892140952469548,0.867296122706495,0.662332715400145,0.806851988979848,-3.36417440649239,0.521363241322634,NA,NA
1958,1.2702788250863,1.03164320827856,0.999327804365759,0.732673645139835,0.901390443131703,0.0983044524353463,0.862648000911926,0.295781775868149,0.892425816694391,0.878611517101992,0.388865496267681,0.822873456205707,0.323995102668297,0.522525309271296,0.904864653692232,-1.0340191594069,2.49936644968657,NA,NA
1959,4.05183703838236,3.98311278857136,0.135379207443223,3.35789832407714,0.922042016006962,0.661482567505329,0.384240578894271,0.203394323342713,0.944373207384255,0.544627904801047,0.832601902005961,0.275566698207636,0.117567851376371,0.319610003545997,0.437841554976883,1.55072918047079,5.16506746768349,NA,NA
1960,1.31375616852018,1.65135579320995,0.983850872413836,1.69271009329311,0.954659987038984,0.97194492719823,0.702872536559706,0.665683507002308,0.158370321713388,0.573591341373976,0.52686825601873,0.0530152756153839,0.0768598704756005,0.310983926964225,0.428019448387786,-0.178389098784774,3.56380928537099,NA,NA
1961,1.5684910076854,2.68177339527546,0.998407663835843,1.62152015480039,0.985002393643083,0.0329573060324183,0.819479110572138,0.193970228871214,0.118965333110304,0.0729095318721374,0.18243668691488,0.410455406183959,0.557080982927233,0.0222085033792537,0.288410881689051,-0.309049061425794,3.55208937102658,NA,NA
1962,1.13273512850314,0.0970019323900924,0.997796098049953,-0.626014556826901,0.940068571221057,0.219364249808597,0.803195499482448,0.529255039907992,0.645681296740426,0.409068076827913,0.304282390999491,0.579476825786289,0.697575686264783,0.778844589670654,0.7077757470496,-2.4685150994182,1.2164859857644,NA,NA
1963,-1.4599046648075,-1.49747106482365,0.739790096619809,-1.87492179133521,0.94499068150587,0.213160418283311,0.548744935875642,0.100188493473455,0.878531686249655,0.668318211242906,0.175849774841918,0.497022685404867,0.80901422770787,0.580180294488673,0.57068202814809,-3.72706949281267,-0.022774089857742,NA,NA
1964,-1.76220026972099,-1.77587965505339,0.0520642125865698,-1.70680869528102,0.794288976615373,0.329018491559895,0.19352310372598,0.92920707182202,0.217395265052561,0.755049470483675,0.471491058046347,0.810784217910725,0.948551826280658,0.52403081631707,0.616071673985338,-3.26358648276432,-0.15003090779771,NA,NA
1965,-1.52436617647912,-1.62472052727879,0.952092359755375,0.280516117007806,0.82053042565549,0.416170473761391,0.646772095673368,0.120693019830622,0.809595092297532,0.177883028447744,0.459649886886124,0.160519633672666,0.57756478007033,0.347059744558064,0.706106054885546,-1.32769396549627,1.88872619951189,NA,NA
1966,-1.94946471142246,-1.95421275477935,0.0853869060712218,-1.75811317042038,0.825238321618082,0.266689848709619,0.337392036951845,0.889298962482368,0.614377874182421,0.996357984310249,0.754717136023915,0.635515377622214,0.421393209962989,0.201903396369889,0.436536291090422,-3.37555055945411,-0.140675781386663,NA,NA
1967,0.418023987819356,0.471168561898693,0.975534646764589,2.04616133428054,1.05729000815599,0.939169107057154,0.681655680200202,0.068507083817618,0.824542529608123,0.0303298903042451,0.706406841969467,0.566515956490883,0.0658843246715842,0.297470649935305,0.775053389611305,-0.0260890029192584,4.11841167148033,NA,NA
1968,1.57050331595285,1.54946751783449,0.0537520103552822,1.79006700788739,1.0293503484559,0.624399851895636,0.223489355543861,0.586734261576552,0.258695039774524,0.284782630915055,0.329880136845051,0.958530302183237,0.25786968571227,0.795761202258407,0.65766989717586,-0.227422602559923,3.80755661833471,NA,NA
1969,2.52910661365676,1.16222241775722,0.999515727454287,0.793491322523899,0.832063515409365,0.90447246227623,0.879052975691156,0.70130776190653,0.187494033723953,0.933033690243959,0.305551319760503,0.518723034977447,0.605184087664122,0.857024862048449,0.932991902894573,-0.837323200528244,2.42430584557604,NA,NA
1970,-0.0199822718352319,0.023917202876386,0.0500444591237829,0.815348014860818,1.07946733725471,0.245530103547033,0.00151998684753198,0.969554024387617,0.484737360181287,0.0459652249534847,0.330420423147734,0.52480992199399,0.0948507325251121,0.493512035561958,0.655920564167085,-1.30036908864576,2.9310651183674,NA,NA
1971,2.91243976549624,3.64262155316191,0.999839510776429,3.86330542324064,0.982601513043357,0.997750718014664,0.934291075791116,0.118108577618143,0.276164533898467,0.346991259227507,0.962814694502624,0.946923726460431,0.263704714575666,0.444574239056208,0.851290645751986,1.93744184652109,5.78916899996018,NA,NA
1972,2.8326928885536,1.46833514378579,0.998802492058418,2.41239987047175,0.882368874999356,0.387580454737763,0.833747898634756,0.584059705511085,0.81407300173468,0.965527684158529,0.130261381459539,0.576002472698223,0.34155411768402,0.357354388853884,0.697120468775858,0.68298865439389,4.14181108654961,NA,NA
1973,-2.09389991086425,-0.941204921425722,0.728930945156277,-0.69356895555205,0.836102025154299,0.219745663883165,0.545907290912233,0.643317630298785,0.289514003031189,0.359079643970239,0.801104211300495,0.645200353632797,0.57650554781931,0.269995455430355,0.879974294875516,-2.33229881225548,0.945160901151377,NA,NA
1974,4.97417168457842,4.21660202678162,0.991869350088668,2.77803518606697,0.996374420913735,0.604199658031459,0.737611285526305,0.728590419822489,0.0511538020236185,0.308188104963046,0.708706778487423,0.345196338776732,0.246507557812729,0.46913775497512,0.0780205650959397,0.825177205959099,4.73089316617484,NA,NA
1975,1.56963947892465,1.5948667964005,0.98738897802271,0.168726381625966,0.995662479522459,0.878850597699988,0.715426356785465,0.945377927152906,0.967573155878345,0.634431375246961,0.759132469643839,0.944573227874818,0.0424415128387045,0.210407285016496,0.0800300335418433,-1.7827362189959,2.12018898224783,NA,NA
1976,1.73280062935018,2.28333339168863,0.999929481946426,1.72688795532975,0.902944777423732,0.645675798377488,0.97541371375951,0.856119407377206,0.857662762772641,0.848043957274407,0.788244711443665,0.0851067357863067,0.126173220466822,0.855648887947085,0.182933600231074,-0.0428512884492982,3.4966271991088,NA,NA
1977,0.390043701755971,0.0506220722079951,0.99969002009465,-0.205373567164567,0.822420831098962,0.529833650626591,0.901369172088336,0.947919635243597,0.737547112684697,0.858137716994854,0.46771926708275,0.454000903014443,0.611006331575569,0.894161941998871,0.182095314705861,-1.81728877625403,1.4065416419249,NA,NA
1978,-0.862574167672569,-1.35301188048909,0.988662826103437,-2.29282618659417,1.02753400099725,0.10629232912499,0.720818464266136,0.516776262068306,0.817982942730654,0.108061394635006,0.910657240248634,0.311552243360668,0.202867683666642,0.479785591907334,0.0969149597076466,-4.30675582143913,-0.278896551749209,NA,NA
1979,-1.12244801148583,-0.835948161124417,0.999930224104119,-0.17607017617234,0.840357264840302,0.339756583460839,0.97594275968289,0.11944078681001,0.449240460510599,0.810665953424759,0.530604081618018,0.899193742747651,0.675432960633305,0.428321234046016,0.340472211143002,-1.82314014940592,1.47099979706124,NA,NA
1980,2.41790688617706,2.91307358706251,0.999955191123742,2.9268469392041,0.838930560439517,0.802659810737357,0.998088192233816,0.135783912375104,0.816440583318472,0.0897731024373788,0.528069291819003,0.61182153007912,0.762152258531772,0.097469780370011,0.859011464397074,1.28257325521265,4.57112062319556,NA,NA
1981,4.14199830961586,2.25297126289059,0.905748829852633,2.28915924527371,1.09709255821516,0.978577588469954,0.610300683420384,0.444297936310526,0.501289857781958,0.798580227271305,0.987356618728721,0.288282188366167,0.377281033724779,0.466516749897273,0.250920294785639,0.138897343465078,4.43942114708234,NA,NA
1982,1.6442564447347,1.60576075913718,0.0500723783669455,1.83325265592425,0.851393035139042,0.725859750993317,0.025888319136342,0.0634107039603405,0.0648669253789121,0.949193015871104,0.263805690884939,0.747702102829004,0.100636278392049,0.535327758905944,0.328564289717819,0.164552970363484,3.50195234148502,NA,NA
1983,0.107304899794985,0.176711022555131,0.089137127530878,0.602699500447357,0.883782796519177,0.724660840304336,0.342633960396168,0.81107220374234,0.0170178929835092,0.0503669359206688,0.256694269353058,0.37244706707506,0.941142579466687,0.28354332444584,0.935051849140902,-1.12948295088632,2.33488195178103,NA,NA
1984,3.36311541691975,3.40168824862148,0.080047330640033,3.71204846336308,0.948849493185682,0.79124350195576,0.328922580202459,0.0257573098182911,0.922376473389915,0.999396767310216,0.859001512756338,0.0551548902337672,0.69823369104811,0.49683451336436,0.15224796763435,1.85233762997006,5.5717592967561,NA,NA
1985,3.43241284982025,3.40646480805258,0.0536304726802253,3.18178681509314,0.895078049032025,0.812092674018582,0.22183648705564,0.747449106259272,0.0368625999060459,0.266857957923436,0.924978964395588,0.354281306387042,0.984876011695131,0.543555109326378,0.630532612574752,1.427466075638,4.93610755454829,NA,NA
1986,1.88140130261189,0.77610156388006,0.999665050705551,1.2021010514863,0.844449113794854,0.41655946168548,0.897494273134391,0.911298385804752,0.885275564733776,0.376248865620233,0.977868359123357,0.889942704647314,0.752648338021128,0.636762486966327,0.584206813633442,-0.452988798328374,2.85719090130098,NA,NA
1987,1.98451807759451,1.44479664843375,0.965965563659759,1.48530252080464,0.859241489992059,0.411321980252746,0.664630296206335,0.872143041203613,0.605813683551154,0.463970195241505,0.122274675710942,0.799720315798535,0.120852585763554,0.471558032377157,0.841050389101147,-0.198779853602325,3.16938489521161,NA,NA
1988,-0.760674678019149,-1.70458356689958,0.996071819179812,-1.41634876715601,0.787285015737752,0.161203373783268,0.77420710309397,0.881601384112262,0.139498844158021,0.755563900042092,0.561747423598892,0.101907841665321,0.271730839629192,0.814260949453455,0.756339978245902,-2.95939904357005,0.126701509258036,NA,NA
1989,1.84126401332912,2.57477392901735,0.999185719047557,2.41993155554588,0.903328316389661,0.676653827185626,0.853052715065307,0.243731706082239,0.115378459575004,0.00732425096444786,0.257368927847943,0.545020849947352,0.994344844428473,0.174498545962037,0.956266091797734,0.649440589206944,4.19042252188482,NA,NA
1990,-0.412038533638837,0.0675352949767783,0.748338271784784,0.913396147418299,1.10427939887405,0.867304565453902,0.551030888901441,0.944763625826803,0.6402607518062,0.918149711731356,0.841335089594359,0.154859287225991,0.271383296108572,0.589029857345624,0.221089976008749,-1.25095170324437,3.07774399808097,NA,NA
1991,-0.313098837327206,-0.026037882112558,0.760114060462517,-1.08514121378741,0.915820782151771,0.247996144874953,0.554263102361234,0.198783654817031,0.589552607749589,0.893924032784416,0.67659285133821,0.980464876794605,0.280445652703405,0.733498217850691,0.302956678971415,-2.88011696309818,0.709834535523368,NA,NA
1992,3.57194306380641,3.58910046451672,0.0504768152212973,3.32854258559555,0.934482561055695,0.571656082187081,0.120170690614264,0.785022284222068,0.291768903300399,0.0786370119587518,0.810381241785129,0.607574229502585,0.568497293849359,0.421160594071145,0.333000112203648,1.49699042174564,5.16009474944546,NA,NA
1993,1.82625674182725,1.87506182694133,0.050085182393607,1.66327106295514,0.819853833922978,0.778997323236428,0.0340333585398039,0.403809742558165,0.107014589998987,0.086764187291963,0.537307164729689,0.0265607263114071,0.739414296129835,0.2918094453105,0.246375914272852,0.056387075879021,3.27015505003126,NA,NA
1994,0.923715815936562,2.38681141079776,0.877458590673757,2.19157454646456,1.17435478991147,0.765604241583613,0.595495502816862,0.161061412135721,0.370571178886574,0.306425067731878,0.04271001992526,0.630699828797602,0.419190929547884,0.393549188547651,0.642617331836256,-0.110118546834031,4.49326763976314,NA,NA
1995,2.74586843674313,3.47367255327955,0.999878333631699,2.72683874837437,0.978659770728728,0.764987400989281,0.948140328646172,0.964444499130012,0.641012785147293,0.390276327776257,0.816975153594743,0.538546034723404,0.0492960538405459,0.0235531365124043,0.30393071323412,0.808700844627836,4.6449766521209,NA,NA
1996,3.42943211006215,3.01920598470158,0.719665957495644,2.2930913164254,1.07831066698691,0.715240363415913,0.543539855805575,0.026617517206003,0.808587814065744,0.616792791709537,0.875122137973434,0.225255765744252,0.980334657238913,0.642086145269102,0.418279625030351,0.179641244985701,4.4065413878651,NA,NA
1997,-2.01544158881379,-1.14913386365166,0.99977057531141,-1.83752270899155,1.07587912905869,0.173471795998514,0.916420045669307,0.196993061787914,0.885930632773205,0.715878202214371,0.44949540831882,0.196943944363156,0.674936861105962,0.0137462119741831,0.0411374814440496,-3.94620705366491,0.271161635681804,NA,NA
1998,-2.00326525144994,-1.79165293938754,0.953415142532856,-1.81177372094425,0.946946039151219,0.0815732082928298,0.648245332176331,0.921899283836014,0.0335692703566747,0.506079030550085,0.206915144498809,0.389485994301387,0.606330678777653,0.615744082161342,0.626678133889334,-3.66775385298349,0.0442064110949929,NA,NA
1999,-3.86810941499327,-1.88813174654009,0.999418151342672,-1.93745769218765,1.01683248425708,0.0394193087866297,0.8698697114354,0.21034461514873,0.969032498034299,0.542672251424636,0.280172087225248,0.350748695557471,0.290446956705768,0.943942922532791,0.734824331198353,-3.93041273964192,0.0554973552666178,NA,NA
2000,0.890251306287067,0.859863680697243,0.0708316602366861,0.546568756651429,0.848869686424867,0.37247219835734,0.310109201423475,0.86845563069405,0.931930623330991,0.119031111968565,0.412180586822447,0.143438229946885,0.890944142931141,0.683747258555726,0.351486837574979,-1.11718525630912,2.21032276961198,NA,NA
