"iteration","sig2","range1","range2","range3","range4","range5","range6","range7","range8","range9","range10","nugget"
1,2.97163957320624,0.140329193792904,1.52724801060838,0.0620196864860501,0.0691808376955632,0.0694857999383293,1108.89363058568,1.17890352210327,1.44904050178747,2.58349202899261,22.6959868962392,0.127362082935615
2,2.97163957320624,0.140329193792904,1.52724801060838,0.0620196864860501,0.0691808376955632,0.0694857999383293,1108.89363058568,1.17890352210327,1.44904050178747,2.58349202899261,22.6959868962392,0.127362082935615
3,2.97163957320624,0.140329193792904,1.52724801060838,0.0620196864860501,0.0691808376955632,0.0694857999383293,1108.89363058568,1.17890352210327,1.44904050178747,2.58349202899261,22.6959868962392,0.127362082935615
4,2.97163957320624,0.140329193792904,1.52724801060838,0.0620196864860501,0.0691808376955632,0.0694857999383293,1108.89363058568,1.17890352210327,1.44904050178747,2.58349202899261,22.6959868962392,0.127362082935615
5,2.97163957320624,0.140329193792904,1.52724801060838,0.0620196864860501,0.0691808376955632,0.0694857999383293,1108.89363058568,1.17890352210327,1.44904050178747,2.58349202899261,22.6959868962392,0.127362082935615
6,2.97163957320624,0.140329193792904,1.52724801060838,0.0620196864860501,0.0691808376955632,0.0694857999383293,1108.89363058568,1.17890352210327,1.44904050178747,2.58349202899261,22.6959868962392,0.127362082935615
7,2.97163957320624,0.140329193792904,1.52724801060838,0.0620196864860501,0.0691808376955632,0.0694857999383293,1108.89363058568,1.17890352210327,1.44904050178747,2.58349202899261,22.6959868962392,0.127362082935615
8,3.04053002656094,0.144216386044654,1.55081567980132,0.0608904449295213,0.0753269200290305,0.0592311844188967,1057.73619451949,1.3148010461902,1.35477228899123,2.62141861941362,21.4457179745277,0.125283271453841
9,3.04053002656094,0.144216386044654,1.55081567980132,0.0608904449295213,0.0753269200290305,0.0592311844188967,1057.73619451949,1.3148010461902,1.35477228899123,2.62141861941362,21.4457179745277,0.125283271453841
10,3.04053002656094,0.144216386044654,1.55081567980132,0.0608904449295213,0.0753269200290305,0.0592311844188967,1057.73619451949,1.3148010461902,1.35477228899123,2.62141861941362,21.4457179745277,0.125283271453841
11,3.04053002656094,0.144216386044654,1.55081567980132,0.0608904449295213,0.0753269200290305,0.0592311844188967,1057.73619451949,1.3148010461902,1.35477228899123,2.62141861941362,21.4457179745277,0.125283271453841
12,3.04053002656094,0.144216386044654,1.55081567980132,0.0608904449295213,0.0753269200290305,0.0592311844188967,1057.73619451949,1.3148010461902,1.35477228899123,2.62141861941362,21.4457179745277,0.125283271453841
13,3.04053002656094,0.144216386044654,1.55081567980132,0.0608904449295213,0.0753269200290305,0.0592311844188967,1057.73619451949,1.3148010461902,1.35477228899123,2.62141861941362,21.4457179745277,0.125283271453841
14,3.04053002656094,0.144216386044654,1.55081567980132,0.0608904449295213,0.0753269200290305,0.0592311844188967,1057.73619451949,1.3148010461902,1.35477228899123,2.62141861941362,21.4457179745277,0.125283271453841
15,3.01840465252973,0.145922127174903,1.62117693014906,0.0621430115111289,0.0754821222588602,0.0566228924951445,1052.91654139544,1.25070133809009,1.36544673889162,2.32478619866307,23.1577617815429,0.116672030041369
16,3.01840465252973,0.145922127174903,1.62117693014906,0.0621430115111289,0.0754821222588602,0.0566228924951445,1052.91654139544,1.25070133809009,1.36544673889162,2.32478619866307,23.1577617815429,0.116672030041369
17,3.01840465252973,0.145922127174903,1.62117693014906,0.0621430115111289,0.0754821222588602,0.0566228924951445,1052.91654139544,1.25070133809009,1.36544673889162,2.32478619866307,23.1577617815429,0.116672030041369
18,3.20099598458858,0.147234959515124,1.70100294561093,0.0715206131886348,0.0789936711207705,0.0665019461154572,987.244418522327,1.18574245289076,1.15860569683988,2.23843202926193,22.2467469702497,0.10574746945077
19,3.20099598458858,0.147234959515124,1.70100294561093,0.0715206131886348,0.0789936711207705,0.0665019461154572,987.244418522327,1.18574245289076,1.15860569683988,2.23843202926193,22.2467469702497,0.10574746945077
20,3.20099598458858,0.147234959515124,1.70100294561093,0.0715206131886348,0.0789936711207705,0.0665019461154572,987.244418522327,1.18574245289076,1.15860569683988,2.23843202926193,22.2467469702497,0.10574746945077
21,3.20099598458858,0.147234959515124,1.70100294561093,0.0715206131886348,0.0789936711207705,0.0665019461154572,987.244418522327,1.18574245289076,1.15860569683988,2.23843202926193,22.2467469702497,0.10574746945077
22,3.20099598458858,0.147234959515124,1.70100294561093,0.0715206131886348,0.0789936711207705,0.0665019461154572,987.244418522327,1.18574245289076,1.15860569683988,2.23843202926193,22.2467469702497,0.10574746945077
23,3.20099598458858,0.147234959515124,1.70100294561093,0.0715206131886348,0.0789936711207705,0.0665019461154572,987.244418522327,1.18574245289076,1.15860569683988,2.23843202926193,22.2467469702497,0.10574746945077
24,3.20099598458858,0.147234959515124,1.70100294561093,0.0715206131886348,0.0789936711207705,0.0665019461154572,987.244418522327,1.18574245289076,1.15860569683988,2.23843202926193,22.2467469702497,0.10574746945077
25,3.20099598458858,0.147234959515124,1.70100294561093,0.0715206131886348,0.0789936711207705,0.0665019461154572,987.244418522327,1.18574245289076,1.15860569683988,2.23843202926193,22.2467469702497,0.10574746945077
26,3.20099598458858,0.147234959515124,1.70100294561093,0.0715206131886348,0.0789936711207705,0.0665019461154572,987.244418522327,1.18574245289076,1.15860569683988,2.23843202926193,22.2467469702497,0.10574746945077
27,3.20099598458858,0.147234959515124,1.70100294561093,0.0715206131886348,0.0789936711207705,0.0665019461154572,987.244418522327,1.18574245289076,1.15860569683988,2.23843202926193,22.2467469702497,0.10574746945077
28,3.20099598458858,0.147234959515124,1.70100294561093,0.0715206131886348,0.0789936711207705,0.0665019461154572,987.244418522327,1.18574245289076,1.15860569683988,2.23843202926193,22.2467469702497,0.10574746945077
29,3.20099598458858,0.147234959515124,1.70100294561093,0.0715206131886348,0.0789936711207705,0.0665019461154572,987.244418522327,1.18574245289076,1.15860569683988,2.23843202926193,22.2467469702497,0.10574746945077
30,2.83089076838213,0.138884501260556,1.71929376371376,0.0638549725466631,0.0856336679416242,0.063799026588238,992.564832803338,1.37469253209669,1.07172445599723,2.49960789124004,22.585503190277,0.105317659258017
31,2.83089076838213,0.138884501260556,1.71929376371376,0.0638549725466631,0.0856336679416242,0.063799026588238,992.564832803338,1.37469253209669,1.07172445599723,2.49960789124004,22.585503190277,0.105317659258017
32,2.83089076838213,0.138884501260556,1.71929376371376,0.0638549725466631,0.0856336679416242,0.063799026588238,992.564832803338,1.37469253209669,1.07172445599723,2.49960789124004,22.585503190277,0.105317659258017
33,2.83089076838213,0.138884501260556,1.71929376371376,0.0638549725466631,0.0856336679416242,0.063799026588238,992.564832803338,1.37469253209669,1.07172445599723,2.49960789124004,22.585503190277,0.105317659258017
34,2.83089076838213,0.138884501260556,1.71929376371376,0.0638549725466631,0.0856336679416242,0.063799026588238,992.564832803338,1.37469253209669,1.07172445599723,2.49960789124004,22.585503190277,0.105317659258017
35,2.83089076838213,0.138884501260556,1.71929376371376,0.0638549725466631,0.0856336679416242,0.063799026588238,992.564832803338,1.37469253209669,1.07172445599723,2.49960789124004,22.585503190277,0.105317659258017
36,2.83089076838213,0.138884501260556,1.71929376371376,0.0638549725466631,0.0856336679416242,0.063799026588238,992.564832803338,1.37469253209669,1.07172445599723,2.49960789124004,22.585503190277,0.105317659258017
37,2.83089076838213,0.138884501260556,1.71929376371376,0.0638549725466631,0.0856336679416242,0.063799026588238,992.564832803338,1.37469253209669,1.07172445599723,2.49960789124004,22.585503190277,0.105317659258017
38,2.83089076838213,0.138884501260556,1.71929376371376,0.0638549725466631,0.0856336679416242,0.063799026588238,992.564832803338,1.37469253209669,1.07172445599723,2.49960789124004,22.585503190277,0.105317659258017
39,2.83089076838213,0.138884501260556,1.71929376371376,0.0638549725466631,0.0856336679416242,0.063799026588238,992.564832803338,1.37469253209669,1.07172445599723,2.49960789124004,22.585503190277,0.105317659258017
40,2.83089076838213,0.138884501260556,1.71929376371376,0.0638549725466631,0.0856336679416242,0.063799026588238,992.564832803338,1.37469253209669,1.07172445599723,2.49960789124004,22.585503190277,0.105317659258017
41,2.83089076838213,0.138884501260556,1.71929376371376,0.0638549725466631,0.0856336679416242,0.063799026588238,992.564832803338,1.37469253209669,1.07172445599723,2.49960789124004,22.585503190277,0.105317659258017
42,2.83089076838213,0.138884501260556,1.71929376371376,0.0638549725466631,0.0856336679416242,0.063799026588238,992.564832803338,1.37469253209669,1.07172445599723,2.49960789124004,22.585503190277,0.105317659258017
43,2.83089076838213,0.138884501260556,1.71929376371376,0.0638549725466631,0.0856336679416242,0.063799026588238,992.564832803338,1.37469253209669,1.07172445599723,2.49960789124004,22.585503190277,0.105317659258017
44,2.83089076838213,0.138884501260556,1.71929376371376,0.0638549725466631,0.0856336679416242,0.063799026588238,992.564832803338,1.37469253209669,1.07172445599723,2.49960789124004,22.585503190277,0.105317659258017
45,2.83089076838213,0.138884501260556,1.71929376371376,0.0638549725466631,0.0856336679416242,0.063799026588238,992.564832803338,1.37469253209669,1.07172445599723,2.49960789124004,22.585503190277,0.105317659258017
46,2.83089076838213,0.138884501260556,1.71929376371376,0.0638549725466631,0.0856336679416242,0.063799026588238,992.564832803338,1.37469253209669,1.07172445599723,2.49960789124004,22.585503190277,0.105317659258017
47,2.56913807048113,0.150652174337916,1.92372404806264,0.0615658835493085,0.0889882896746318,0.0704816577740848,1038.57012697169,1.45254735895994,0.946662831638477,2.29251149348162,24.2537562619532,0.102644571900234
48,2.15623553562487,0.163321943783799,1.82088852802334,0.0682730608183891,0.0897711198292616,0.0605501226712411,1027.91794942291,1.39445474872161,1.1084262914129,2.43891870860855,22.6139913234025,0.101725407786655
49,1.97825308609771,0.166485838896081,1.76324059778489,0.0631523869565428,0.0869256014046655,0.0621328246037869,1209.59882936754,1.42954101231043,1.30472789110778,2.57352192140697,25.2494369506509,0.111783515244748
50,1.97825308609771,0.166485838896081,1.76324059778489,0.0631523869565428,0.0869256014046655,0.0621328246037869,1209.59882936754,1.42954101231043,1.30472789110778,2.57352192140697,25.2494369506509,0.111783515244748
51,1.97825308609771,0.166485838896081,1.76324059778489,0.0631523869565428,0.0869256014046655,0.0621328246037869,1209.59882936754,1.42954101231043,1.30472789110778,2.57352192140697,25.2494369506509,0.111783515244748
52,1.97825308609771,0.166485838896081,1.76324059778489,0.0631523869565428,0.0869256014046655,0.0621328246037869,1209.59882936754,1.42954101231043,1.30472789110778,2.57352192140697,25.2494369506509,0.111783515244748
53,1.97825308609771,0.166485838896081,1.76324059778489,0.0631523869565428,0.0869256014046655,0.0621328246037869,1209.59882936754,1.42954101231043,1.30472789110778,2.57352192140697,25.2494369506509,0.111783515244748
54,2.26131006446771,0.202403815451091,1.71453479910791,0.0572172465495002,0.0842178657517008,0.0655660116747801,1218.08872086239,1.30868542591256,1.21636428274607,2.73945115335739,23.0534500439372,0.0937202310081023
55,2.26131006446771,0.202403815451091,1.71453479910791,0.0572172465495002,0.0842178657517008,0.0655660116747801,1218.08872086239,1.30868542591256,1.21636428274607,2.73945115335739,23.0534500439372,0.0937202310081023
56,2.26065156116835,0.223636156589609,1.30074384521472,0.0610903383385745,0.0717955105951409,0.0681022714059055,1151.76261835121,1.10948582032512,1.21301256207252,2.62531478611409,21.4295793268301,0.0792822436100075
57,2.26065156116835,0.223636156589609,1.30074384521472,0.0610903383385745,0.0717955105951409,0.0681022714059055,1151.76261835121,1.10948582032512,1.21301256207252,2.62531478611409,21.4295793268301,0.0792822436100075
58,2.26065156116835,0.223636156589609,1.30074384521472,0.0610903383385745,0.0717955105951409,0.0681022714059055,1151.76261835121,1.10948582032512,1.21301256207252,2.62531478611409,21.4295793268301,0.0792822436100075
59,2.26065156116835,0.223636156589609,1.30074384521472,0.0610903383385745,0.0717955105951409,0.0681022714059055,1151.76261835121,1.10948582032512,1.21301256207252,2.62531478611409,21.4295793268301,0.0792822436100075
60,2.26065156116835,0.223636156589609,1.30074384521472,0.0610903383385745,0.0717955105951409,0.0681022714059055,1151.76261835121,1.10948582032512,1.21301256207252,2.62531478611409,21.4295793268301,0.0792822436100075
61,2.8284199000128,0.268012652210149,1.32984047204995,0.0659740738883396,0.0751471839495077,0.0729786897490339,1182.22157103386,1.32972129799078,1.29011850667745,2.67940379396222,24.5033411472967,0.077154264362681
62,2.8284199000128,0.268012652210149,1.32984047204995,0.0659740738883396,0.0751471839495077,0.0729786897490339,1182.22157103386,1.32972129799078,1.29011850667745,2.67940379396222,24.5033411472967,0.077154264362681
63,2.8284199000128,0.268012652210149,1.32984047204995,0.0659740738883396,0.0751471839495077,0.0729786897490339,1182.22157103386,1.32972129799078,1.29011850667745,2.67940379396222,24.5033411472967,0.077154264362681
64,2.8284199000128,0.268012652210149,1.32984047204995,0.0659740738883396,0.0751471839495077,0.0729786897490339,1182.22157103386,1.32972129799078,1.29011850667745,2.67940379396222,24.5033411472967,0.077154264362681
65,2.8284199000128,0.268012652210149,1.32984047204995,0.0659740738883396,0.0751471839495077,0.0729786897490339,1182.22157103386,1.32972129799078,1.29011850667745,2.67940379396222,24.5033411472967,0.077154264362681
66,2.8284199000128,0.268012652210149,1.32984047204995,0.0659740738883396,0.0751471839495077,0.0729786897490339,1182.22157103386,1.32972129799078,1.29011850667745,2.67940379396222,24.5033411472967,0.077154264362681
67,2.8284199000128,0.268012652210149,1.32984047204995,0.0659740738883396,0.0751471839495077,0.0729786897490339,1182.22157103386,1.32972129799078,1.29011850667745,2.67940379396222,24.5033411472967,0.077154264362681
68,2.8284199000128,0.268012652210149,1.32984047204995,0.0659740738883396,0.0751471839495077,0.0729786897490339,1182.22157103386,1.32972129799078,1.29011850667745,2.67940379396222,24.5033411472967,0.077154264362681
69,2.8284199000128,0.268012652210149,1.32984047204995,0.0659740738883396,0.0751471839495077,0.0729786897490339,1182.22157103386,1.32972129799078,1.29011850667745,2.67940379396222,24.5033411472967,0.077154264362681
70,2.8284199000128,0.268012652210149,1.32984047204995,0.0659740738883396,0.0751471839495077,0.0729786897490339,1182.22157103386,1.32972129799078,1.29011850667745,2.67940379396222,24.5033411472967,0.077154264362681
71,2.8284199000128,0.268012652210149,1.32984047204995,0.0659740738883396,0.0751471839495077,0.0729786897490339,1182.22157103386,1.32972129799078,1.29011850667745,2.67940379396222,24.5033411472967,0.077154264362681
72,2.8284199000128,0.268012652210149,1.32984047204995,0.0659740738883396,0.0751471839495077,0.0729786897490339,1182.22157103386,1.32972129799078,1.29011850667745,2.67940379396222,24.5033411472967,0.077154264362681
73,2.8284199000128,0.268012652210149,1.32984047204995,0.0659740738883396,0.0751471839495077,0.0729786897490339,1182.22157103386,1.32972129799078,1.29011850667745,2.67940379396222,24.5033411472967,0.077154264362681
74,2.8284199000128,0.268012652210149,1.32984047204995,0.0659740738883396,0.0751471839495077,0.0729786897490339,1182.22157103386,1.32972129799078,1.29011850667745,2.67940379396222,24.5033411472967,0.077154264362681
75,2.8284199000128,0.268012652210149,1.32984047204995,0.0659740738883396,0.0751471839495077,0.0729786897490339,1182.22157103386,1.32972129799078,1.29011850667745,2.67940379396222,24.5033411472967,0.077154264362681
76,2.8284199000128,0.268012652210149,1.32984047204995,0.0659740738883396,0.0751471839495077,0.0729786897490339,1182.22157103386,1.32972129799078,1.29011850667745,2.67940379396222,24.5033411472967,0.077154264362681
77,2.8284199000128,0.268012652210149,1.32984047204995,0.0659740738883396,0.0751471839495077,0.0729786897490339,1182.22157103386,1.32972129799078,1.29011850667745,2.67940379396222,24.5033411472967,0.077154264362681
78,2.43155117456422,0.273590860002198,1.35180896237498,0.0611997366685173,0.0777275986049707,0.0741315448207451,1111.26134143532,1.13625745008182,1.34377150962803,2.83839950569545,22.2734957913149,0.0783668915094882
79,2.43155117456422,0.273590860002198,1.35180896237498,0.0611997366685173,0.0777275986049707,0.0741315448207451,1111.26134143532,1.13625745008182,1.34377150962803,2.83839950569545,22.2734957913149,0.0783668915094882
80,2.43155117456422,0.273590860002198,1.35180896237498,0.0611997366685173,0.0777275986049707,0.0741315448207451,1111.26134143532,1.13625745008182,1.34377150962803,2.83839950569545,22.2734957913149,0.0783668915094882
81,2.43155117456422,0.273590860002198,1.35180896237498,0.0611997366685173,0.0777275986049707,0.0741315448207451,1111.26134143532,1.13625745008182,1.34377150962803,2.83839950569545,22.2734957913149,0.0783668915094882
82,2.43155117456422,0.273590860002198,1.35180896237498,0.0611997366685173,0.0777275986049707,0.0741315448207451,1111.26134143532,1.13625745008182,1.34377150962803,2.83839950569545,22.2734957913149,0.0783668915094882
83,2.43155117456422,0.273590860002198,1.35180896237498,0.0611997366685173,0.0777275986049707,0.0741315448207451,1111.26134143532,1.13625745008182,1.34377150962803,2.83839950569545,22.2734957913149,0.0783668915094882
84,2.43155117456422,0.273590860002198,1.35180896237498,0.0611997366685173,0.0777275986049707,0.0741315448207451,1111.26134143532,1.13625745008182,1.34377150962803,2.83839950569545,22.2734957913149,0.0783668915094882
85,2.43155117456422,0.273590860002198,1.35180896237498,0.0611997366685173,0.0777275986049707,0.0741315448207451,1111.26134143532,1.13625745008182,1.34377150962803,2.83839950569545,22.2734957913149,0.0783668915094882
86,2.43155117456422,0.273590860002198,1.35180896237498,0.0611997366685173,0.0777275986049707,0.0741315448207451,1111.26134143532,1.13625745008182,1.34377150962803,2.83839950569545,22.2734957913149,0.0783668915094882
87,2.43155117456422,0.273590860002198,1.35180896237498,0.0611997366685173,0.0777275986049707,0.0741315448207451,1111.26134143532,1.13625745008182,1.34377150962803,2.83839950569545,22.2734957913149,0.0783668915094882
88,2.43155117456422,0.273590860002198,1.35180896237498,0.0611997366685173,0.0777275986049707,0.0741315448207451,1111.26134143532,1.13625745008182,1.34377150962803,2.83839950569545,22.2734957913149,0.0783668915094882
89,2.43155117456422,0.273590860002198,1.35180896237498,0.0611997366685173,0.0777275986049707,0.0741315448207451,1111.26134143532,1.13625745008182,1.34377150962803,2.83839950569545,22.2734957913149,0.0783668915094882
90,2.43155117456422,0.273590860002198,1.35180896237498,0.0611997366685173,0.0777275986049707,0.0741315448207451,1111.26134143532,1.13625745008182,1.34377150962803,2.83839950569545,22.2734957913149,0.0783668915094882
91,2.43155117456422,0.273590860002198,1.35180896237498,0.0611997366685173,0.0777275986049707,0.0741315448207451,1111.26134143532,1.13625745008182,1.34377150962803,2.83839950569545,22.2734957913149,0.0783668915094882
92,2.43155117456422,0.273590860002198,1.35180896237498,0.0611997366685173,0.0777275986049707,0.0741315448207451,1111.26134143532,1.13625745008182,1.34377150962803,2.83839950569545,22.2734957913149,0.0783668915094882
93,2.43155117456422,0.273590860002198,1.35180896237498,0.0611997366685173,0.0777275986049707,0.0741315448207451,1111.26134143532,1.13625745008182,1.34377150962803,2.83839950569545,22.2734957913149,0.0783668915094882
94,2.43155117456422,0.273590860002198,1.35180896237498,0.0611997366685173,0.0777275986049707,0.0741315448207451,1111.26134143532,1.13625745008182,1.34377150962803,2.83839950569545,22.2734957913149,0.0783668915094882
95,2.43155117456422,0.273590860002198,1.35180896237498,0.0611997366685173,0.0777275986049707,0.0741315448207451,1111.26134143532,1.13625745008182,1.34377150962803,2.83839950569545,22.2734957913149,0.0783668915094882
96,2.43155117456422,0.273590860002198,1.35180896237498,0.0611997366685173,0.0777275986049707,0.0741315448207451,1111.26134143532,1.13625745008182,1.34377150962803,2.83839950569545,22.2734957913149,0.0783668915094882
97,2.43155117456422,0.273590860002198,1.35180896237498,0.0611997366685173,0.0777275986049707,0.0741315448207451,1111.26134143532,1.13625745008182,1.34377150962803,2.83839950569545,22.2734957913149,0.0783668915094882
98,2.43155117456422,0.273590860002198,1.35180896237498,0.0611997366685173,0.0777275986049707,0.0741315448207451,1111.26134143532,1.13625745008182,1.34377150962803,2.83839950569545,22.2734957913149,0.0783668915094882
99,2.43155117456422,0.273590860002198,1.35180896237498,0.0611997366685173,0.0777275986049707,0.0741315448207451,1111.26134143532,1.13625745008182,1.34377150962803,2.83839950569545,22.2734957913149,0.0783668915094882
100,2.43155117456422,0.273590860002198,1.35180896237498,0.0611997366685173,0.0777275986049707,0.0741315448207451,1111.26134143532,1.13625745008182,1.34377150962803,2.83839950569545,22.2734957913149,0.0783668915094882
101,2.43155117456422,0.273590860002198,1.35180896237498,0.0611997366685173,0.0777275986049707,0.0741315448207451,1111.26134143532,1.13625745008182,1.34377150962803,2.83839950569545,22.2734957913149,0.0783668915094882
102,2.43155117456422,0.273590860002198,1.35180896237498,0.0611997366685173,0.0777275986049707,0.0741315448207451,1111.26134143532,1.13625745008182,1.34377150962803,2.83839950569545,22.2734957913149,0.0783668915094882
103,2.43155117456422,0.273590860002198,1.35180896237498,0.0611997366685173,0.0777275986049707,0.0741315448207451,1111.26134143532,1.13625745008182,1.34377150962803,2.83839950569545,22.2734957913149,0.0783668915094882
104,2.43155117456422,0.273590860002198,1.35180896237498,0.0611997366685173,0.0777275986049707,0.0741315448207451,1111.26134143532,1.13625745008182,1.34377150962803,2.83839950569545,22.2734957913149,0.0783668915094882
105,2.43155117456422,0.273590860002198,1.35180896237498,0.0611997366685173,0.0777275986049707,0.0741315448207451,1111.26134143532,1.13625745008182,1.34377150962803,2.83839950569545,22.2734957913149,0.0783668915094882
106,2.43155117456422,0.273590860002198,1.35180896237498,0.0611997366685173,0.0777275986049707,0.0741315448207451,1111.26134143532,1.13625745008182,1.34377150962803,2.83839950569545,22.2734957913149,0.0783668915094882
107,2.43155117456422,0.273590860002198,1.35180896237498,0.0611997366685173,0.0777275986049707,0.0741315448207451,1111.26134143532,1.13625745008182,1.34377150962803,2.83839950569545,22.2734957913149,0.0783668915094882
108,2.43155117456422,0.273590860002198,1.35180896237498,0.0611997366685173,0.0777275986049707,0.0741315448207451,1111.26134143532,1.13625745008182,1.34377150962803,2.83839950569545,22.2734957913149,0.0783668915094882
109,2.43155117456422,0.273590860002198,1.35180896237498,0.0611997366685173,0.0777275986049707,0.0741315448207451,1111.26134143532,1.13625745008182,1.34377150962803,2.83839950569545,22.2734957913149,0.0783668915094882
110,2.43155117456422,0.273590860002198,1.35180896237498,0.0611997366685173,0.0777275986049707,0.0741315448207451,1111.26134143532,1.13625745008182,1.34377150962803,2.83839950569545,22.2734957913149,0.0783668915094882
111,2.43155117456422,0.273590860002198,1.35180896237498,0.0611997366685173,0.0777275986049707,0.0741315448207451,1111.26134143532,1.13625745008182,1.34377150962803,2.83839950569545,22.2734957913149,0.0783668915094882
112,2.43155117456422,0.273590860002198,1.35180896237498,0.0611997366685173,0.0777275986049707,0.0741315448207451,1111.26134143532,1.13625745008182,1.34377150962803,2.83839950569545,22.2734957913149,0.0783668915094882
113,2.43155117456422,0.273590860002198,1.35180896237498,0.0611997366685173,0.0777275986049707,0.0741315448207451,1111.26134143532,1.13625745008182,1.34377150962803,2.83839950569545,22.2734957913149,0.0783668915094882
114,2.43155117456422,0.273590860002198,1.35180896237498,0.0611997366685173,0.0777275986049707,0.0741315448207451,1111.26134143532,1.13625745008182,1.34377150962803,2.83839950569545,22.2734957913149,0.0783668915094882
115,2.43155117456422,0.273590860002198,1.35180896237498,0.0611997366685173,0.0777275986049707,0.0741315448207451,1111.26134143532,1.13625745008182,1.34377150962803,2.83839950569545,22.2734957913149,0.0783668915094882
116,2.43155117456422,0.273590860002198,1.35180896237498,0.0611997366685173,0.0777275986049707,0.0741315448207451,1111.26134143532,1.13625745008182,1.34377150962803,2.83839950569545,22.2734957913149,0.0783668915094882
117,2.43155117456422,0.273590860002198,1.35180896237498,0.0611997366685173,0.0777275986049707,0.0741315448207451,1111.26134143532,1.13625745008182,1.34377150962803,2.83839950569545,22.2734957913149,0.0783668915094882
118,2.43155117456422,0.273590860002198,1.35180896237498,0.0611997366685173,0.0777275986049707,0.0741315448207451,1111.26134143532,1.13625745008182,1.34377150962803,2.83839950569545,22.2734957913149,0.0783668915094882
119,2.43155117456422,0.273590860002198,1.35180896237498,0.0611997366685173,0.0777275986049707,0.0741315448207451,1111.26134143532,1.13625745008182,1.34377150962803,2.83839950569545,22.2734957913149,0.0783668915094882
120,2.43155117456422,0.273590860002198,1.35180896237498,0.0611997366685173,0.0777275986049707,0.0741315448207451,1111.26134143532,1.13625745008182,1.34377150962803,2.83839950569545,22.2734957913149,0.0783668915094882
121,2.43155117456422,0.273590860002198,1.35180896237498,0.0611997366685173,0.0777275986049707,0.0741315448207451,1111.26134143532,1.13625745008182,1.34377150962803,2.83839950569545,22.2734957913149,0.0783668915094882
122,2.43155117456422,0.273590860002198,1.35180896237498,0.0611997366685173,0.0777275986049707,0.0741315448207451,1111.26134143532,1.13625745008182,1.34377150962803,2.83839950569545,22.2734957913149,0.0783668915094882
123,2.43155117456422,0.273590860002198,1.35180896237498,0.0611997366685173,0.0777275986049707,0.0741315448207451,1111.26134143532,1.13625745008182,1.34377150962803,2.83839950569545,22.2734957913149,0.0783668915094882
124,2.43155117456422,0.273590860002198,1.35180896237498,0.0611997366685173,0.0777275986049707,0.0741315448207451,1111.26134143532,1.13625745008182,1.34377150962803,2.83839950569545,22.2734957913149,0.0783668915094882
125,2.43155117456422,0.273590860002198,1.35180896237498,0.0611997366685173,0.0777275986049707,0.0741315448207451,1111.26134143532,1.13625745008182,1.34377150962803,2.83839950569545,22.2734957913149,0.0783668915094882
126,2.43155117456422,0.273590860002198,1.35180896237498,0.0611997366685173,0.0777275986049707,0.0741315448207451,1111.26134143532,1.13625745008182,1.34377150962803,2.83839950569545,22.2734957913149,0.0783668915094882
127,2.43155117456422,0.273590860002198,1.35180896237498,0.0611997366685173,0.0777275986049707,0.0741315448207451,1111.26134143532,1.13625745008182,1.34377150962803,2.83839950569545,22.2734957913149,0.0783668915094882
128,2.43155117456422,0.273590860002198,1.35180896237498,0.0611997366685173,0.0777275986049707,0.0741315448207451,1111.26134143532,1.13625745008182,1.34377150962803,2.83839950569545,22.2734957913149,0.0783668915094882
129,2.43155117456422,0.273590860002198,1.35180896237498,0.0611997366685173,0.0777275986049707,0.0741315448207451,1111.26134143532,1.13625745008182,1.34377150962803,2.83839950569545,22.2734957913149,0.0783668915094882
130,2.43155117456422,0.273590860002198,1.35180896237498,0.0611997366685173,0.0777275986049707,0.0741315448207451,1111.26134143532,1.13625745008182,1.34377150962803,2.83839950569545,22.2734957913149,0.0783668915094882
131,2.43155117456422,0.273590860002198,1.35180896237498,0.0611997366685173,0.0777275986049707,0.0741315448207451,1111.26134143532,1.13625745008182,1.34377150962803,2.83839950569545,22.2734957913149,0.0783668915094882
132,2.43155117456422,0.273590860002198,1.35180896237498,0.0611997366685173,0.0777275986049707,0.0741315448207451,1111.26134143532,1.13625745008182,1.34377150962803,2.83839950569545,22.2734957913149,0.0783668915094882
133,2.43155117456422,0.273590860002198,1.35180896237498,0.0611997366685173,0.0777275986049707,0.0741315448207451,1111.26134143532,1.13625745008182,1.34377150962803,2.83839950569545,22.2734957913149,0.0783668915094882
134,2.43155117456422,0.273590860002198,1.35180896237498,0.0611997366685173,0.0777275986049707,0.0741315448207451,1111.26134143532,1.13625745008182,1.34377150962803,2.83839950569545,22.2734957913149,0.0783668915094882
135,2.43155117456422,0.273590860002198,1.35180896237498,0.0611997366685173,0.0777275986049707,0.0741315448207451,1111.26134143532,1.13625745008182,1.34377150962803,2.83839950569545,22.2734957913149,0.0783668915094882
136,2.43155117456422,0.273590860002198,1.35180896237498,0.0611997366685173,0.0777275986049707,0.0741315448207451,1111.26134143532,1.13625745008182,1.34377150962803,2.83839950569545,22.2734957913149,0.0783668915094882
137,2.43155117456422,0.273590860002198,1.35180896237498,0.0611997366685173,0.0777275986049707,0.0741315448207451,1111.26134143532,1.13625745008182,1.34377150962803,2.83839950569545,22.2734957913149,0.0783668915094882
138,2.43155117456422,0.273590860002198,1.35180896237498,0.0611997366685173,0.0777275986049707,0.0741315448207451,1111.26134143532,1.13625745008182,1.34377150962803,2.83839950569545,22.2734957913149,0.0783668915094882
139,2.43155117456422,0.273590860002198,1.35180896237498,0.0611997366685173,0.0777275986049707,0.0741315448207451,1111.26134143532,1.13625745008182,1.34377150962803,2.83839950569545,22.2734957913149,0.0783668915094882
140,2.43155117456422,0.273590860002198,1.35180896237498,0.0611997366685173,0.0777275986049707,0.0741315448207451,1111.26134143532,1.13625745008182,1.34377150962803,2.83839950569545,22.2734957913149,0.0783668915094882
141,2.43155117456422,0.273590860002198,1.35180896237498,0.0611997366685173,0.0777275986049707,0.0741315448207451,1111.26134143532,1.13625745008182,1.34377150962803,2.83839950569545,22.2734957913149,0.0783668915094882
142,2.43155117456422,0.273590860002198,1.35180896237498,0.0611997366685173,0.0777275986049707,0.0741315448207451,1111.26134143532,1.13625745008182,1.34377150962803,2.83839950569545,22.2734957913149,0.0783668915094882
143,2.43155117456422,0.273590860002198,1.35180896237498,0.0611997366685173,0.0777275986049707,0.0741315448207451,1111.26134143532,1.13625745008182,1.34377150962803,2.83839950569545,22.2734957913149,0.0783668915094882
144,2.43155117456422,0.273590860002198,1.35180896237498,0.0611997366685173,0.0777275986049707,0.0741315448207451,1111.26134143532,1.13625745008182,1.34377150962803,2.83839950569545,22.2734957913149,0.0783668915094882
145,2.43155117456422,0.273590860002198,1.35180896237498,0.0611997366685173,0.0777275986049707,0.0741315448207451,1111.26134143532,1.13625745008182,1.34377150962803,2.83839950569545,22.2734957913149,0.0783668915094882
146,2.43155117456422,0.273590860002198,1.35180896237498,0.0611997366685173,0.0777275986049707,0.0741315448207451,1111.26134143532,1.13625745008182,1.34377150962803,2.83839950569545,22.2734957913149,0.0783668915094882
147,2.43155117456422,0.273590860002198,1.35180896237498,0.0611997366685173,0.0777275986049707,0.0741315448207451,1111.26134143532,1.13625745008182,1.34377150962803,2.83839950569545,22.2734957913149,0.0783668915094882
148,2.43155117456422,0.273590860002198,1.35180896237498,0.0611997366685173,0.0777275986049707,0.0741315448207451,1111.26134143532,1.13625745008182,1.34377150962803,2.83839950569545,22.2734957913149,0.0783668915094882
149,2.43155117456422,0.273590860002198,1.35180896237498,0.0611997366685173,0.0777275986049707,0.0741315448207451,1111.26134143532,1.13625745008182,1.34377150962803,2.83839950569545,22.2734957913149,0.0783668915094882
150,2.43155117456422,0.273590860002198,1.35180896237498,0.0611997366685173,0.0777275986049707,0.0741315448207451,1111.26134143532,1.13625745008182,1.34377150962803,2.83839950569545,22.2734957913149,0.0783668915094882
151,2.43155117456422,0.273590860002198,1.35180896237498,0.0611997366685173,0.0777275986049707,0.0741315448207451,1111.26134143532,1.13625745008182,1.34377150962803,2.83839950569545,22.2734957913149,0.0783668915094882
152,2.43155117456422,0.273590860002198,1.35180896237498,0.0611997366685173,0.0777275986049707,0.0741315448207451,1111.26134143532,1.13625745008182,1.34377150962803,2.83839950569545,22.2734957913149,0.0783668915094882
153,2.43155117456422,0.273590860002198,1.35180896237498,0.0611997366685173,0.0777275986049707,0.0741315448207451,1111.26134143532,1.13625745008182,1.34377150962803,2.83839950569545,22.2734957913149,0.0783668915094882
154,2.43155117456422,0.273590860002198,1.35180896237498,0.0611997366685173,0.0777275986049707,0.0741315448207451,1111.26134143532,1.13625745008182,1.34377150962803,2.83839950569545,22.2734957913149,0.0783668915094882
155,2.43155117456422,0.273590860002198,1.35180896237498,0.0611997366685173,0.0777275986049707,0.0741315448207451,1111.26134143532,1.13625745008182,1.34377150962803,2.83839950569545,22.2734957913149,0.0783668915094882
156,2.43155117456422,0.273590860002198,1.35180896237498,0.0611997366685173,0.0777275986049707,0.0741315448207451,1111.26134143532,1.13625745008182,1.34377150962803,2.83839950569545,22.2734957913149,0.0783668915094882
157,2.43155117456422,0.273590860002198,1.35180896237498,0.0611997366685173,0.0777275986049707,0.0741315448207451,1111.26134143532,1.13625745008182,1.34377150962803,2.83839950569545,22.2734957913149,0.0783668915094882
158,2.43155117456422,0.273590860002198,1.35180896237498,0.0611997366685173,0.0777275986049707,0.0741315448207451,1111.26134143532,1.13625745008182,1.34377150962803,2.83839950569545,22.2734957913149,0.0783668915094882
159,2.43155117456422,0.273590860002198,1.35180896237498,0.0611997366685173,0.0777275986049707,0.0741315448207451,1111.26134143532,1.13625745008182,1.34377150962803,2.83839950569545,22.2734957913149,0.0783668915094882
160,2.43155117456422,0.273590860002198,1.35180896237498,0.0611997366685173,0.0777275986049707,0.0741315448207451,1111.26134143532,1.13625745008182,1.34377150962803,2.83839950569545,22.2734957913149,0.0783668915094882
161,2.43155117456422,0.273590860002198,1.35180896237498,0.0611997366685173,0.0777275986049707,0.0741315448207451,1111.26134143532,1.13625745008182,1.34377150962803,2.83839950569545,22.2734957913149,0.0783668915094882
162,2.43155117456422,0.273590860002198,1.35180896237498,0.0611997366685173,0.0777275986049707,0.0741315448207451,1111.26134143532,1.13625745008182,1.34377150962803,2.83839950569545,22.2734957913149,0.0783668915094882
163,2.43155117456422,0.273590860002198,1.35180896237498,0.0611997366685173,0.0777275986049707,0.0741315448207451,1111.26134143532,1.13625745008182,1.34377150962803,2.83839950569545,22.2734957913149,0.0783668915094882
164,2.43155117456422,0.273590860002198,1.35180896237498,0.0611997366685173,0.0777275986049707,0.0741315448207451,1111.26134143532,1.13625745008182,1.34377150962803,2.83839950569545,22.2734957913149,0.0783668915094882
165,2.43155117456422,0.273590860002198,1.35180896237498,0.0611997366685173,0.0777275986049707,0.0741315448207451,1111.26134143532,1.13625745008182,1.34377150962803,2.83839950569545,22.2734957913149,0.0783668915094882
166,2.43155117456422,0.273590860002198,1.35180896237498,0.0611997366685173,0.0777275986049707,0.0741315448207451,1111.26134143532,1.13625745008182,1.34377150962803,2.83839950569545,22.2734957913149,0.0783668915094882
167,2.43155117456422,0.273590860002198,1.35180896237498,0.0611997366685173,0.0777275986049707,0.0741315448207451,1111.26134143532,1.13625745008182,1.34377150962803,2.83839950569545,22.2734957913149,0.0783668915094882
168,2.43155117456422,0.273590860002198,1.35180896237498,0.0611997366685173,0.0777275986049707,0.0741315448207451,1111.26134143532,1.13625745008182,1.34377150962803,2.83839950569545,22.2734957913149,0.0783668915094882
169,2.43155117456422,0.273590860002198,1.35180896237498,0.0611997366685173,0.0777275986049707,0.0741315448207451,1111.26134143532,1.13625745008182,1.34377150962803,2.83839950569545,22.2734957913149,0.0783668915094882
170,2.43155117456422,0.273590860002198,1.35180896237498,0.0611997366685173,0.0777275986049707,0.0741315448207451,1111.26134143532,1.13625745008182,1.34377150962803,2.83839950569545,22.2734957913149,0.0783668915094882
171,2.43155117456422,0.273590860002198,1.35180896237498,0.0611997366685173,0.0777275986049707,0.0741315448207451,1111.26134143532,1.13625745008182,1.34377150962803,2.83839950569545,22.2734957913149,0.0783668915094882
172,2.43155117456422,0.273590860002198,1.35180896237498,0.0611997366685173,0.0777275986049707,0.0741315448207451,1111.26134143532,1.13625745008182,1.34377150962803,2.83839950569545,22.2734957913149,0.0783668915094882
173,2.43155117456422,0.273590860002198,1.35180896237498,0.0611997366685173,0.0777275986049707,0.0741315448207451,1111.26134143532,1.13625745008182,1.34377150962803,2.83839950569545,22.2734957913149,0.0783668915094882
174,2.43155117456422,0.273590860002198,1.35180896237498,0.0611997366685173,0.0777275986049707,0.0741315448207451,1111.26134143532,1.13625745008182,1.34377150962803,2.83839950569545,22.2734957913149,0.0783668915094882
175,2.43155117456422,0.273590860002198,1.35180896237498,0.0611997366685173,0.0777275986049707,0.0741315448207451,1111.26134143532,1.13625745008182,1.34377150962803,2.83839950569545,22.2734957913149,0.0783668915094882
176,2.43155117456422,0.273590860002198,1.35180896237498,0.0611997366685173,0.0777275986049707,0.0741315448207451,1111.26134143532,1.13625745008182,1.34377150962803,2.83839950569545,22.2734957913149,0.0783668915094882
177,2.43155117456422,0.273590860002198,1.35180896237498,0.0611997366685173,0.0777275986049707,0.0741315448207451,1111.26134143532,1.13625745008182,1.34377150962803,2.83839950569545,22.2734957913149,0.0783668915094882
178,2.43155117456422,0.273590860002198,1.35180896237498,0.0611997366685173,0.0777275986049707,0.0741315448207451,1111.26134143532,1.13625745008182,1.34377150962803,2.83839950569545,22.2734957913149,0.0783668915094882
179,2.43155117456422,0.273590860002198,1.35180896237498,0.0611997366685173,0.0777275986049707,0.0741315448207451,1111.26134143532,1.13625745008182,1.34377150962803,2.83839950569545,22.2734957913149,0.0783668915094882
180,2.43155117456422,0.273590860002198,1.35180896237498,0.0611997366685173,0.0777275986049707,0.0741315448207451,1111.26134143532,1.13625745008182,1.34377150962803,2.83839950569545,22.2734957913149,0.0783668915094882
181,2.43155117456422,0.273590860002198,1.35180896237498,0.0611997366685173,0.0777275986049707,0.0741315448207451,1111.26134143532,1.13625745008182,1.34377150962803,2.83839950569545,22.2734957913149,0.0783668915094882
182,2.43155117456422,0.273590860002198,1.35180896237498,0.0611997366685173,0.0777275986049707,0.0741315448207451,1111.26134143532,1.13625745008182,1.34377150962803,2.83839950569545,22.2734957913149,0.0783668915094882
183,2.43155117456422,0.273590860002198,1.35180896237498,0.0611997366685173,0.0777275986049707,0.0741315448207451,1111.26134143532,1.13625745008182,1.34377150962803,2.83839950569545,22.2734957913149,0.0783668915094882
184,2.43155117456422,0.273590860002198,1.35180896237498,0.0611997366685173,0.0777275986049707,0.0741315448207451,1111.26134143532,1.13625745008182,1.34377150962803,2.83839950569545,22.2734957913149,0.0783668915094882
185,2.43155117456422,0.273590860002198,1.35180896237498,0.0611997366685173,0.0777275986049707,0.0741315448207451,1111.26134143532,1.13625745008182,1.34377150962803,2.83839950569545,22.2734957913149,0.0783668915094882
186,2.56262046619112,0.270880632211421,1.37588597975684,0.062788906288224,0.072128617910992,0.0752727756844894,1156.84860030207,1.15082223989994,1.29725565510665,2.92155561958493,21.583342182071,0.0808102905494673
187,2.56262046619112,0.270880632211421,1.37588597975684,0.062788906288224,0.072128617910992,0.0752727756844894,1156.84860030207,1.15082223989994,1.29725565510665,2.92155561958493,21.583342182071,0.0808102905494673
188,2.56262046619112,0.270880632211421,1.37588597975684,0.062788906288224,0.072128617910992,0.0752727756844894,1156.84860030207,1.15082223989994,1.29725565510665,2.92155561958493,21.583342182071,0.0808102905494673
189,2.56262046619112,0.270880632211421,1.37588597975684,0.062788906288224,0.072128617910992,0.0752727756844894,1156.84860030207,1.15082223989994,1.29725565510665,2.92155561958493,21.583342182071,0.0808102905494673
190,2.56262046619112,0.270880632211421,1.37588597975684,0.062788906288224,0.072128617910992,0.0752727756844894,1156.84860030207,1.15082223989994,1.29725565510665,2.92155561958493,21.583342182071,0.0808102905494673
191,2.56262046619112,0.270880632211421,1.37588597975684,0.062788906288224,0.072128617910992,0.0752727756844894,1156.84860030207,1.15082223989994,1.29725565510665,2.92155561958493,21.583342182071,0.0808102905494673
192,2.56262046619112,0.270880632211421,1.37588597975684,0.062788906288224,0.072128617910992,0.0752727756844894,1156.84860030207,1.15082223989994,1.29725565510665,2.92155561958493,21.583342182071,0.0808102905494673
193,2.56262046619112,0.270880632211421,1.37588597975684,0.062788906288224,0.072128617910992,0.0752727756844894,1156.84860030207,1.15082223989994,1.29725565510665,2.92155561958493,21.583342182071,0.0808102905494673
194,2.56262046619112,0.270880632211421,1.37588597975684,0.062788906288224,0.072128617910992,0.0752727756844894,1156.84860030207,1.15082223989994,1.29725565510665,2.92155561958493,21.583342182071,0.0808102905494673
195,2.56262046619112,0.270880632211421,1.37588597975684,0.062788906288224,0.072128617910992,0.0752727756844894,1156.84860030207,1.15082223989994,1.29725565510665,2.92155561958493,21.583342182071,0.0808102905494673
196,2.56262046619112,0.270880632211421,1.37588597975684,0.062788906288224,0.072128617910992,0.0752727756844894,1156.84860030207,1.15082223989994,1.29725565510665,2.92155561958493,21.583342182071,0.0808102905494673
197,2.56262046619112,0.270880632211421,1.37588597975684,0.062788906288224,0.072128617910992,0.0752727756844894,1156.84860030207,1.15082223989994,1.29725565510665,2.92155561958493,21.583342182071,0.0808102905494673
198,2.56262046619112,0.270880632211421,1.37588597975684,0.062788906288224,0.072128617910992,0.0752727756844894,1156.84860030207,1.15082223989994,1.29725565510665,2.92155561958493,21.583342182071,0.0808102905494673
199,2.56262046619112,0.270880632211421,1.37588597975684,0.062788906288224,0.072128617910992,0.0752727756844894,1156.84860030207,1.15082223989994,1.29725565510665,2.92155561958493,21.583342182071,0.0808102905494673
200,2.56262046619112,0.270880632211421,1.37588597975684,0.062788906288224,0.072128617910992,0.0752727756844894,1156.84860030207,1.15082223989994,1.29725565510665,2.92155561958493,21.583342182071,0.0808102905494673
201,2.56262046619112,0.270880632211421,1.37588597975684,0.062788906288224,0.072128617910992,0.0752727756844894,1156.84860030207,1.15082223989994,1.29725565510665,2.92155561958493,21.583342182071,0.0808102905494673
202,2.56262046619112,0.270880632211421,1.37588597975684,0.062788906288224,0.072128617910992,0.0752727756844894,1156.84860030207,1.15082223989994,1.29725565510665,2.92155561958493,21.583342182071,0.0808102905494673
203,2.56262046619112,0.270880632211421,1.37588597975684,0.062788906288224,0.072128617910992,0.0752727756844894,1156.84860030207,1.15082223989994,1.29725565510665,2.92155561958493,21.583342182071,0.0808102905494673
204,2.56262046619112,0.270880632211421,1.37588597975684,0.062788906288224,0.072128617910992,0.0752727756844894,1156.84860030207,1.15082223989994,1.29725565510665,2.92155561958493,21.583342182071,0.0808102905494673
205,2.50909309307575,0.279631438557977,1.36774675658097,0.0635843759016052,0.0732151687560382,0.0742844622378129,1138.92986285821,1.18994037138316,1.35523179054357,3.09607921594373,21.129729403818,0.0856500441109271
206,2.50909309307575,0.279631438557977,1.36774675658097,0.0635843759016052,0.0732151687560382,0.0742844622378129,1138.92986285821,1.18994037138316,1.35523179054357,3.09607921594373,21.129729403818,0.0856500441109271
207,2.50909309307575,0.279631438557977,1.36774675658097,0.0635843759016052,0.0732151687560382,0.0742844622378129,1138.92986285821,1.18994037138316,1.35523179054357,3.09607921594373,21.129729403818,0.0856500441109271
208,2.50909309307575,0.279631438557977,1.36774675658097,0.0635843759016052,0.0732151687560382,0.0742844622378129,1138.92986285821,1.18994037138316,1.35523179054357,3.09607921594373,21.129729403818,0.0856500441109271
209,2.50909309307575,0.279631438557977,1.36774675658097,0.0635843759016052,0.0732151687560382,0.0742844622378129,1138.92986285821,1.18994037138316,1.35523179054357,3.09607921594373,21.129729403818,0.0856500441109271
210,2.50909309307575,0.279631438557977,1.36774675658097,0.0635843759016052,0.0732151687560382,0.0742844622378129,1138.92986285821,1.18994037138316,1.35523179054357,3.09607921594373,21.129729403818,0.0856500441109271
211,2.50909309307575,0.279631438557977,1.36774675658097,0.0635843759016052,0.0732151687560382,0.0742844622378129,1138.92986285821,1.18994037138316,1.35523179054357,3.09607921594373,21.129729403818,0.0856500441109271
212,2.50909309307575,0.279631438557977,1.36774675658097,0.0635843759016052,0.0732151687560382,0.0742844622378129,1138.92986285821,1.18994037138316,1.35523179054357,3.09607921594373,21.129729403818,0.0856500441109271
213,2.50909309307575,0.279631438557977,1.36774675658097,0.0635843759016052,0.0732151687560382,0.0742844622378129,1138.92986285821,1.18994037138316,1.35523179054357,3.09607921594373,21.129729403818,0.0856500441109271
214,2.50909309307575,0.279631438557977,1.36774675658097,0.0635843759016052,0.0732151687560382,0.0742844622378129,1138.92986285821,1.18994037138316,1.35523179054357,3.09607921594373,21.129729403818,0.0856500441109271
215,2.50909309307575,0.279631438557977,1.36774675658097,0.0635843759016052,0.0732151687560382,0.0742844622378129,1138.92986285821,1.18994037138316,1.35523179054357,3.09607921594373,21.129729403818,0.0856500441109271
216,2.50909309307575,0.279631438557977,1.36774675658097,0.0635843759016052,0.0732151687560382,0.0742844622378129,1138.92986285821,1.18994037138316,1.35523179054357,3.09607921594373,21.129729403818,0.0856500441109271
217,2.50909309307575,0.279631438557977,1.36774675658097,0.0635843759016052,0.0732151687560382,0.0742844622378129,1138.92986285821,1.18994037138316,1.35523179054357,3.09607921594373,21.129729403818,0.0856500441109271
218,2.50909309307575,0.279631438557977,1.36774675658097,0.0635843759016052,0.0732151687560382,0.0742844622378129,1138.92986285821,1.18994037138316,1.35523179054357,3.09607921594373,21.129729403818,0.0856500441109271
219,2.50909309307575,0.279631438557977,1.36774675658097,0.0635843759016052,0.0732151687560382,0.0742844622378129,1138.92986285821,1.18994037138316,1.35523179054357,3.09607921594373,21.129729403818,0.0856500441109271
220,2.50909309307575,0.279631438557977,1.36774675658097,0.0635843759016052,0.0732151687560382,0.0742844622378129,1138.92986285821,1.18994037138316,1.35523179054357,3.09607921594373,21.129729403818,0.0856500441109271
221,2.50909309307575,0.279631438557977,1.36774675658097,0.0635843759016052,0.0732151687560382,0.0742844622378129,1138.92986285821,1.18994037138316,1.35523179054357,3.09607921594373,21.129729403818,0.0856500441109271
222,2.50909309307575,0.279631438557977,1.36774675658097,0.0635843759016052,0.0732151687560382,0.0742844622378129,1138.92986285821,1.18994037138316,1.35523179054357,3.09607921594373,21.129729403818,0.0856500441109271
223,2.50909309307575,0.279631438557977,1.36774675658097,0.0635843759016052,0.0732151687560382,0.0742844622378129,1138.92986285821,1.18994037138316,1.35523179054357,3.09607921594373,21.129729403818,0.0856500441109271
224,2.50909309307575,0.279631438557977,1.36774675658097,0.0635843759016052,0.0732151687560382,0.0742844622378129,1138.92986285821,1.18994037138316,1.35523179054357,3.09607921594373,21.129729403818,0.0856500441109271
225,2.50909309307575,0.279631438557977,1.36774675658097,0.0635843759016052,0.0732151687560382,0.0742844622378129,1138.92986285821,1.18994037138316,1.35523179054357,3.09607921594373,21.129729403818,0.0856500441109271
226,2.50909309307575,0.279631438557977,1.36774675658097,0.0635843759016052,0.0732151687560382,0.0742844622378129,1138.92986285821,1.18994037138316,1.35523179054357,3.09607921594373,21.129729403818,0.0856500441109271
227,2.50909309307575,0.279631438557977,1.36774675658097,0.0635843759016052,0.0732151687560382,0.0742844622378129,1138.92986285821,1.18994037138316,1.35523179054357,3.09607921594373,21.129729403818,0.0856500441109271
228,2.50909309307575,0.279631438557977,1.36774675658097,0.0635843759016052,0.0732151687560382,0.0742844622378129,1138.92986285821,1.18994037138316,1.35523179054357,3.09607921594373,21.129729403818,0.0856500441109271
229,2.50909309307575,0.279631438557977,1.36774675658097,0.0635843759016052,0.0732151687560382,0.0742844622378129,1138.92986285821,1.18994037138316,1.35523179054357,3.09607921594373,21.129729403818,0.0856500441109271
230,2.50909309307575,0.279631438557977,1.36774675658097,0.0635843759016052,0.0732151687560382,0.0742844622378129,1138.92986285821,1.18994037138316,1.35523179054357,3.09607921594373,21.129729403818,0.0856500441109271
231,2.50909309307575,0.279631438557977,1.36774675658097,0.0635843759016052,0.0732151687560382,0.0742844622378129,1138.92986285821,1.18994037138316,1.35523179054357,3.09607921594373,21.129729403818,0.0856500441109271
232,2.50909309307575,0.279631438557977,1.36774675658097,0.0635843759016052,0.0732151687560382,0.0742844622378129,1138.92986285821,1.18994037138316,1.35523179054357,3.09607921594373,21.129729403818,0.0856500441109271
233,2.50909309307575,0.279631438557977,1.36774675658097,0.0635843759016052,0.0732151687560382,0.0742844622378129,1138.92986285821,1.18994037138316,1.35523179054357,3.09607921594373,21.129729403818,0.0856500441109271
234,2.50909309307575,0.279631438557977,1.36774675658097,0.0635843759016052,0.0732151687560382,0.0742844622378129,1138.92986285821,1.18994037138316,1.35523179054357,3.09607921594373,21.129729403818,0.0856500441109271
235,2.50909309307575,0.279631438557977,1.36774675658097,0.0635843759016052,0.0732151687560382,0.0742844622378129,1138.92986285821,1.18994037138316,1.35523179054357,3.09607921594373,21.129729403818,0.0856500441109271
236,2.50909309307575,0.279631438557977,1.36774675658097,0.0635843759016052,0.0732151687560382,0.0742844622378129,1138.92986285821,1.18994037138316,1.35523179054357,3.09607921594373,21.129729403818,0.0856500441109271
237,2.50909309307575,0.279631438557977,1.36774675658097,0.0635843759016052,0.0732151687560382,0.0742844622378129,1138.92986285821,1.18994037138316,1.35523179054357,3.09607921594373,21.129729403818,0.0856500441109271
238,2.50909309307575,0.279631438557977,1.36774675658097,0.0635843759016052,0.0732151687560382,0.0742844622378129,1138.92986285821,1.18994037138316,1.35523179054357,3.09607921594373,21.129729403818,0.0856500441109271
239,2.50909309307575,0.279631438557977,1.36774675658097,0.0635843759016052,0.0732151687560382,0.0742844622378129,1138.92986285821,1.18994037138316,1.35523179054357,3.09607921594373,21.129729403818,0.0856500441109271
240,2.50909309307575,0.279631438557977,1.36774675658097,0.0635843759016052,0.0732151687560382,0.0742844622378129,1138.92986285821,1.18994037138316,1.35523179054357,3.09607921594373,21.129729403818,0.0856500441109271
241,2.50909309307575,0.279631438557977,1.36774675658097,0.0635843759016052,0.0732151687560382,0.0742844622378129,1138.92986285821,1.18994037138316,1.35523179054357,3.09607921594373,21.129729403818,0.0856500441109271
242,2.50909309307575,0.279631438557977,1.36774675658097,0.0635843759016052,0.0732151687560382,0.0742844622378129,1138.92986285821,1.18994037138316,1.35523179054357,3.09607921594373,21.129729403818,0.0856500441109271
243,2.50909309307575,0.279631438557977,1.36774675658097,0.0635843759016052,0.0732151687560382,0.0742844622378129,1138.92986285821,1.18994037138316,1.35523179054357,3.09607921594373,21.129729403818,0.0856500441109271
244,2.50909309307575,0.279631438557977,1.36774675658097,0.0635843759016052,0.0732151687560382,0.0742844622378129,1138.92986285821,1.18994037138316,1.35523179054357,3.09607921594373,21.129729403818,0.0856500441109271
245,2.50909309307575,0.279631438557977,1.36774675658097,0.0635843759016052,0.0732151687560382,0.0742844622378129,1138.92986285821,1.18994037138316,1.35523179054357,3.09607921594373,21.129729403818,0.0856500441109271
246,2.50909309307575,0.279631438557977,1.36774675658097,0.0635843759016052,0.0732151687560382,0.0742844622378129,1138.92986285821,1.18994037138316,1.35523179054357,3.09607921594373,21.129729403818,0.0856500441109271
247,2.50909309307575,0.279631438557977,1.36774675658097,0.0635843759016052,0.0732151687560382,0.0742844622378129,1138.92986285821,1.18994037138316,1.35523179054357,3.09607921594373,21.129729403818,0.0856500441109271
248,2.50909309307575,0.279631438557977,1.36774675658097,0.0635843759016052,0.0732151687560382,0.0742844622378129,1138.92986285821,1.18994037138316,1.35523179054357,3.09607921594373,21.129729403818,0.0856500441109271
249,2.50909309307575,0.279631438557977,1.36774675658097,0.0635843759016052,0.0732151687560382,0.0742844622378129,1138.92986285821,1.18994037138316,1.35523179054357,3.09607921594373,21.129729403818,0.0856500441109271
250,2.50909309307575,0.279631438557977,1.36774675658097,0.0635843759016052,0.0732151687560382,0.0742844622378129,1138.92986285821,1.18994037138316,1.35523179054357,3.09607921594373,21.129729403818,0.0856500441109271
251,2.50909309307575,0.279631438557977,1.36774675658097,0.0635843759016052,0.0732151687560382,0.0742844622378129,1138.92986285821,1.18994037138316,1.35523179054357,3.09607921594373,21.129729403818,0.0856500441109271
252,2.50909309307575,0.279631438557977,1.36774675658097,0.0635843759016052,0.0732151687560382,0.0742844622378129,1138.92986285821,1.18994037138316,1.35523179054357,3.09607921594373,21.129729403818,0.0856500441109271
253,2.50909309307575,0.279631438557977,1.36774675658097,0.0635843759016052,0.0732151687560382,0.0742844622378129,1138.92986285821,1.18994037138316,1.35523179054357,3.09607921594373,21.129729403818,0.0856500441109271
254,2.50909309307575,0.279631438557977,1.36774675658097,0.0635843759016052,0.0732151687560382,0.0742844622378129,1138.92986285821,1.18994037138316,1.35523179054357,3.09607921594373,21.129729403818,0.0856500441109271
255,2.50909309307575,0.279631438557977,1.36774675658097,0.0635843759016052,0.0732151687560382,0.0742844622378129,1138.92986285821,1.18994037138316,1.35523179054357,3.09607921594373,21.129729403818,0.0856500441109271
256,2.50909309307575,0.279631438557977,1.36774675658097,0.0635843759016052,0.0732151687560382,0.0742844622378129,1138.92986285821,1.18994037138316,1.35523179054357,3.09607921594373,21.129729403818,0.0856500441109271
257,2.50909309307575,0.279631438557977,1.36774675658097,0.0635843759016052,0.0732151687560382,0.0742844622378129,1138.92986285821,1.18994037138316,1.35523179054357,3.09607921594373,21.129729403818,0.0856500441109271
258,2.50909309307575,0.279631438557977,1.36774675658097,0.0635843759016052,0.0732151687560382,0.0742844622378129,1138.92986285821,1.18994037138316,1.35523179054357,3.09607921594373,21.129729403818,0.0856500441109271
259,2.50909309307575,0.279631438557977,1.36774675658097,0.0635843759016052,0.0732151687560382,0.0742844622378129,1138.92986285821,1.18994037138316,1.35523179054357,3.09607921594373,21.129729403818,0.0856500441109271
260,2.50909309307575,0.279631438557977,1.36774675658097,0.0635843759016052,0.0732151687560382,0.0742844622378129,1138.92986285821,1.18994037138316,1.35523179054357,3.09607921594373,21.129729403818,0.0856500441109271
261,2.50909309307575,0.279631438557977,1.36774675658097,0.0635843759016052,0.0732151687560382,0.0742844622378129,1138.92986285821,1.18994037138316,1.35523179054357,3.09607921594373,21.129729403818,0.0856500441109271
262,2.50909309307575,0.279631438557977,1.36774675658097,0.0635843759016052,0.0732151687560382,0.0742844622378129,1138.92986285821,1.18994037138316,1.35523179054357,3.09607921594373,21.129729403818,0.0856500441109271
263,2.50909309307575,0.279631438557977,1.36774675658097,0.0635843759016052,0.0732151687560382,0.0742844622378129,1138.92986285821,1.18994037138316,1.35523179054357,3.09607921594373,21.129729403818,0.0856500441109271
264,2.50909309307575,0.279631438557977,1.36774675658097,0.0635843759016052,0.0732151687560382,0.0742844622378129,1138.92986285821,1.18994037138316,1.35523179054357,3.09607921594373,21.129729403818,0.0856500441109271
265,2.50909309307575,0.279631438557977,1.36774675658097,0.0635843759016052,0.0732151687560382,0.0742844622378129,1138.92986285821,1.18994037138316,1.35523179054357,3.09607921594373,21.129729403818,0.0856500441109271
266,2.50909309307575,0.279631438557977,1.36774675658097,0.0635843759016052,0.0732151687560382,0.0742844622378129,1138.92986285821,1.18994037138316,1.35523179054357,3.09607921594373,21.129729403818,0.0856500441109271
267,2.50909309307575,0.279631438557977,1.36774675658097,0.0635843759016052,0.0732151687560382,0.0742844622378129,1138.92986285821,1.18994037138316,1.35523179054357,3.09607921594373,21.129729403818,0.0856500441109271
268,2.50909309307575,0.279631438557977,1.36774675658097,0.0635843759016052,0.0732151687560382,0.0742844622378129,1138.92986285821,1.18994037138316,1.35523179054357,3.09607921594373,21.129729403818,0.0856500441109271
269,2.50909309307575,0.279631438557977,1.36774675658097,0.0635843759016052,0.0732151687560382,0.0742844622378129,1138.92986285821,1.18994037138316,1.35523179054357,3.09607921594373,21.129729403818,0.0856500441109271
270,2.50909309307575,0.279631438557977,1.36774675658097,0.0635843759016052,0.0732151687560382,0.0742844622378129,1138.92986285821,1.18994037138316,1.35523179054357,3.09607921594373,21.129729403818,0.0856500441109271
271,2.50909309307575,0.279631438557977,1.36774675658097,0.0635843759016052,0.0732151687560382,0.0742844622378129,1138.92986285821,1.18994037138316,1.35523179054357,3.09607921594373,21.129729403818,0.0856500441109271
272,2.50909309307575,0.279631438557977,1.36774675658097,0.0635843759016052,0.0732151687560382,0.0742844622378129,1138.92986285821,1.18994037138316,1.35523179054357,3.09607921594373,21.129729403818,0.0856500441109271
273,2.50909309307575,0.279631438557977,1.36774675658097,0.0635843759016052,0.0732151687560382,0.0742844622378129,1138.92986285821,1.18994037138316,1.35523179054357,3.09607921594373,21.129729403818,0.0856500441109271
274,2.50909309307575,0.279631438557977,1.36774675658097,0.0635843759016052,0.0732151687560382,0.0742844622378129,1138.92986285821,1.18994037138316,1.35523179054357,3.09607921594373,21.129729403818,0.0856500441109271
275,2.50909309307575,0.279631438557977,1.36774675658097,0.0635843759016052,0.0732151687560382,0.0742844622378129,1138.92986285821,1.18994037138316,1.35523179054357,3.09607921594373,21.129729403818,0.0856500441109271
276,2.50909309307575,0.279631438557977,1.36774675658097,0.0635843759016052,0.0732151687560382,0.0742844622378129,1138.92986285821,1.18994037138316,1.35523179054357,3.09607921594373,21.129729403818,0.0856500441109271
277,2.50909309307575,0.279631438557977,1.36774675658097,0.0635843759016052,0.0732151687560382,0.0742844622378129,1138.92986285821,1.18994037138316,1.35523179054357,3.09607921594373,21.129729403818,0.0856500441109271
278,2.50909309307575,0.279631438557977,1.36774675658097,0.0635843759016052,0.0732151687560382,0.0742844622378129,1138.92986285821,1.18994037138316,1.35523179054357,3.09607921594373,21.129729403818,0.0856500441109271
279,2.50909309307575,0.279631438557977,1.36774675658097,0.0635843759016052,0.0732151687560382,0.0742844622378129,1138.92986285821,1.18994037138316,1.35523179054357,3.09607921594373,21.129729403818,0.0856500441109271
280,2.50909309307575,0.279631438557977,1.36774675658097,0.0635843759016052,0.0732151687560382,0.0742844622378129,1138.92986285821,1.18994037138316,1.35523179054357,3.09607921594373,21.129729403818,0.0856500441109271
281,2.50909309307575,0.279631438557977,1.36774675658097,0.0635843759016052,0.0732151687560382,0.0742844622378129,1138.92986285821,1.18994037138316,1.35523179054357,3.09607921594373,21.129729403818,0.0856500441109271
282,2.50909309307575,0.279631438557977,1.36774675658097,0.0635843759016052,0.0732151687560382,0.0742844622378129,1138.92986285821,1.18994037138316,1.35523179054357,3.09607921594373,21.129729403818,0.0856500441109271
283,2.50909309307575,0.279631438557977,1.36774675658097,0.0635843759016052,0.0732151687560382,0.0742844622378129,1138.92986285821,1.18994037138316,1.35523179054357,3.09607921594373,21.129729403818,0.0856500441109271
284,2.50909309307575,0.279631438557977,1.36774675658097,0.0635843759016052,0.0732151687560382,0.0742844622378129,1138.92986285821,1.18994037138316,1.35523179054357,3.09607921594373,21.129729403818,0.0856500441109271
285,2.50909309307575,0.279631438557977,1.36774675658097,0.0635843759016052,0.0732151687560382,0.0742844622378129,1138.92986285821,1.18994037138316,1.35523179054357,3.09607921594373,21.129729403818,0.0856500441109271
286,2.50909309307575,0.279631438557977,1.36774675658097,0.0635843759016052,0.0732151687560382,0.0742844622378129,1138.92986285821,1.18994037138316,1.35523179054357,3.09607921594373,21.129729403818,0.0856500441109271
287,2.50909309307575,0.279631438557977,1.36774675658097,0.0635843759016052,0.0732151687560382,0.0742844622378129,1138.92986285821,1.18994037138316,1.35523179054357,3.09607921594373,21.129729403818,0.0856500441109271
288,2.50909309307575,0.279631438557977,1.36774675658097,0.0635843759016052,0.0732151687560382,0.0742844622378129,1138.92986285821,1.18994037138316,1.35523179054357,3.09607921594373,21.129729403818,0.0856500441109271
289,2.50909309307575,0.279631438557977,1.36774675658097,0.0635843759016052,0.0732151687560382,0.0742844622378129,1138.92986285821,1.18994037138316,1.35523179054357,3.09607921594373,21.129729403818,0.0856500441109271
290,2.50909309307575,0.279631438557977,1.36774675658097,0.0635843759016052,0.0732151687560382,0.0742844622378129,1138.92986285821,1.18994037138316,1.35523179054357,3.09607921594373,21.129729403818,0.0856500441109271
291,2.50909309307575,0.279631438557977,1.36774675658097,0.0635843759016052,0.0732151687560382,0.0742844622378129,1138.92986285821,1.18994037138316,1.35523179054357,3.09607921594373,21.129729403818,0.0856500441109271
292,2.50909309307575,0.279631438557977,1.36774675658097,0.0635843759016052,0.0732151687560382,0.0742844622378129,1138.92986285821,1.18994037138316,1.35523179054357,3.09607921594373,21.129729403818,0.0856500441109271
293,2.50909309307575,0.279631438557977,1.36774675658097,0.0635843759016052,0.0732151687560382,0.0742844622378129,1138.92986285821,1.18994037138316,1.35523179054357,3.09607921594373,21.129729403818,0.0856500441109271
294,2.50909309307575,0.279631438557977,1.36774675658097,0.0635843759016052,0.0732151687560382,0.0742844622378129,1138.92986285821,1.18994037138316,1.35523179054357,3.09607921594373,21.129729403818,0.0856500441109271
295,2.50909309307575,0.279631438557977,1.36774675658097,0.0635843759016052,0.0732151687560382,0.0742844622378129,1138.92986285821,1.18994037138316,1.35523179054357,3.09607921594373,21.129729403818,0.0856500441109271
296,2.50909309307575,0.279631438557977,1.36774675658097,0.0635843759016052,0.0732151687560382,0.0742844622378129,1138.92986285821,1.18994037138316,1.35523179054357,3.09607921594373,21.129729403818,0.0856500441109271
297,2.50909309307575,0.279631438557977,1.36774675658097,0.0635843759016052,0.0732151687560382,0.0742844622378129,1138.92986285821,1.18994037138316,1.35523179054357,3.09607921594373,21.129729403818,0.0856500441109271
298,2.50909309307575,0.279631438557977,1.36774675658097,0.0635843759016052,0.0732151687560382,0.0742844622378129,1138.92986285821,1.18994037138316,1.35523179054357,3.09607921594373,21.129729403818,0.0856500441109271
299,2.50909309307575,0.279631438557977,1.36774675658097,0.0635843759016052,0.0732151687560382,0.0742844622378129,1138.92986285821,1.18994037138316,1.35523179054357,3.09607921594373,21.129729403818,0.0856500441109271
300,2.50909309307575,0.279631438557977,1.36774675658097,0.0635843759016052,0.0732151687560382,0.0742844622378129,1138.92986285821,1.18994037138316,1.35523179054357,3.09607921594373,21.129729403818,0.0856500441109271
301,2.50909309307575,0.279631438557977,1.36774675658097,0.0635843759016052,0.0732151687560382,0.0742844622378129,1138.92986285821,1.18994037138316,1.35523179054357,3.09607921594373,21.129729403818,0.0856500441109271
302,2.50909309307575,0.279631438557977,1.36774675658097,0.0635843759016052,0.0732151687560382,0.0742844622378129,1138.92986285821,1.18994037138316,1.35523179054357,3.09607921594373,21.129729403818,0.0856500441109271
303,2.50909309307575,0.279631438557977,1.36774675658097,0.0635843759016052,0.0732151687560382,0.0742844622378129,1138.92986285821,1.18994037138316,1.35523179054357,3.09607921594373,21.129729403818,0.0856500441109271
304,2.50909309307575,0.279631438557977,1.36774675658097,0.0635843759016052,0.0732151687560382,0.0742844622378129,1138.92986285821,1.18994037138316,1.35523179054357,3.09607921594373,21.129729403818,0.0856500441109271
305,2.50909309307575,0.279631438557977,1.36774675658097,0.0635843759016052,0.0732151687560382,0.0742844622378129,1138.92986285821,1.18994037138316,1.35523179054357,3.09607921594373,21.129729403818,0.0856500441109271
306,2.50909309307575,0.279631438557977,1.36774675658097,0.0635843759016052,0.0732151687560382,0.0742844622378129,1138.92986285821,1.18994037138316,1.35523179054357,3.09607921594373,21.129729403818,0.0856500441109271
307,2.50909309307575,0.279631438557977,1.36774675658097,0.0635843759016052,0.0732151687560382,0.0742844622378129,1138.92986285821,1.18994037138316,1.35523179054357,3.09607921594373,21.129729403818,0.0856500441109271
308,2.50909309307575,0.279631438557977,1.36774675658097,0.0635843759016052,0.0732151687560382,0.0742844622378129,1138.92986285821,1.18994037138316,1.35523179054357,3.09607921594373,21.129729403818,0.0856500441109271
309,2.50909309307575,0.279631438557977,1.36774675658097,0.0635843759016052,0.0732151687560382,0.0742844622378129,1138.92986285821,1.18994037138316,1.35523179054357,3.09607921594373,21.129729403818,0.0856500441109271
310,2.50909309307575,0.279631438557977,1.36774675658097,0.0635843759016052,0.0732151687560382,0.0742844622378129,1138.92986285821,1.18994037138316,1.35523179054357,3.09607921594373,21.129729403818,0.0856500441109271
311,2.50909309307575,0.279631438557977,1.36774675658097,0.0635843759016052,0.0732151687560382,0.0742844622378129,1138.92986285821,1.18994037138316,1.35523179054357,3.09607921594373,21.129729403818,0.0856500441109271
312,2.50909309307575,0.279631438557977,1.36774675658097,0.0635843759016052,0.0732151687560382,0.0742844622378129,1138.92986285821,1.18994037138316,1.35523179054357,3.09607921594373,21.129729403818,0.0856500441109271
313,2.50909309307575,0.279631438557977,1.36774675658097,0.0635843759016052,0.0732151687560382,0.0742844622378129,1138.92986285821,1.18994037138316,1.35523179054357,3.09607921594373,21.129729403818,0.0856500441109271
314,2.50909309307575,0.279631438557977,1.36774675658097,0.0635843759016052,0.0732151687560382,0.0742844622378129,1138.92986285821,1.18994037138316,1.35523179054357,3.09607921594373,21.129729403818,0.0856500441109271
315,2.50909309307575,0.279631438557977,1.36774675658097,0.0635843759016052,0.0732151687560382,0.0742844622378129,1138.92986285821,1.18994037138316,1.35523179054357,3.09607921594373,21.129729403818,0.0856500441109271
316,2.50909309307575,0.279631438557977,1.36774675658097,0.0635843759016052,0.0732151687560382,0.0742844622378129,1138.92986285821,1.18994037138316,1.35523179054357,3.09607921594373,21.129729403818,0.0856500441109271
317,2.50909309307575,0.279631438557977,1.36774675658097,0.0635843759016052,0.0732151687560382,0.0742844622378129,1138.92986285821,1.18994037138316,1.35523179054357,3.09607921594373,21.129729403818,0.0856500441109271
318,2.50909309307575,0.279631438557977,1.36774675658097,0.0635843759016052,0.0732151687560382,0.0742844622378129,1138.92986285821,1.18994037138316,1.35523179054357,3.09607921594373,21.129729403818,0.0856500441109271
319,2.50909309307575,0.279631438557977,1.36774675658097,0.0635843759016052,0.0732151687560382,0.0742844622378129,1138.92986285821,1.18994037138316,1.35523179054357,3.09607921594373,21.129729403818,0.0856500441109271
320,2.50909309307575,0.279631438557977,1.36774675658097,0.0635843759016052,0.0732151687560382,0.0742844622378129,1138.92986285821,1.18994037138316,1.35523179054357,3.09607921594373,21.129729403818,0.0856500441109271
321,2.50909309307575,0.279631438557977,1.36774675658097,0.0635843759016052,0.0732151687560382,0.0742844622378129,1138.92986285821,1.18994037138316,1.35523179054357,3.09607921594373,21.129729403818,0.0856500441109271
322,2.50909309307575,0.279631438557977,1.36774675658097,0.0635843759016052,0.0732151687560382,0.0742844622378129,1138.92986285821,1.18994037138316,1.35523179054357,3.09607921594373,21.129729403818,0.0856500441109271
323,2.50909309307575,0.279631438557977,1.36774675658097,0.0635843759016052,0.0732151687560382,0.0742844622378129,1138.92986285821,1.18994037138316,1.35523179054357,3.09607921594373,21.129729403818,0.0856500441109271
324,2.50909309307575,0.279631438557977,1.36774675658097,0.0635843759016052,0.0732151687560382,0.0742844622378129,1138.92986285821,1.18994037138316,1.35523179054357,3.09607921594373,21.129729403818,0.0856500441109271
325,2.50909309307575,0.279631438557977,1.36774675658097,0.0635843759016052,0.0732151687560382,0.0742844622378129,1138.92986285821,1.18994037138316,1.35523179054357,3.09607921594373,21.129729403818,0.0856500441109271
326,2.50909309307575,0.279631438557977,1.36774675658097,0.0635843759016052,0.0732151687560382,0.0742844622378129,1138.92986285821,1.18994037138316,1.35523179054357,3.09607921594373,21.129729403818,0.0856500441109271
327,2.50909309307575,0.279631438557977,1.36774675658097,0.0635843759016052,0.0732151687560382,0.0742844622378129,1138.92986285821,1.18994037138316,1.35523179054357,3.09607921594373,21.129729403818,0.0856500441109271
328,2.50909309307575,0.279631438557977,1.36774675658097,0.0635843759016052,0.0732151687560382,0.0742844622378129,1138.92986285821,1.18994037138316,1.35523179054357,3.09607921594373,21.129729403818,0.0856500441109271
329,2.50909309307575,0.279631438557977,1.36774675658097,0.0635843759016052,0.0732151687560382,0.0742844622378129,1138.92986285821,1.18994037138316,1.35523179054357,3.09607921594373,21.129729403818,0.0856500441109271
330,2.50909309307575,0.279631438557977,1.36774675658097,0.0635843759016052,0.0732151687560382,0.0742844622378129,1138.92986285821,1.18994037138316,1.35523179054357,3.09607921594373,21.129729403818,0.0856500441109271
331,2.50909309307575,0.279631438557977,1.36774675658097,0.0635843759016052,0.0732151687560382,0.0742844622378129,1138.92986285821,1.18994037138316,1.35523179054357,3.09607921594373,21.129729403818,0.0856500441109271
332,2.50909309307575,0.279631438557977,1.36774675658097,0.0635843759016052,0.0732151687560382,0.0742844622378129,1138.92986285821,1.18994037138316,1.35523179054357,3.09607921594373,21.129729403818,0.0856500441109271
333,2.50909309307575,0.279631438557977,1.36774675658097,0.0635843759016052,0.0732151687560382,0.0742844622378129,1138.92986285821,1.18994037138316,1.35523179054357,3.09607921594373,21.129729403818,0.0856500441109271
334,2.50909309307575,0.279631438557977,1.36774675658097,0.0635843759016052,0.0732151687560382,0.0742844622378129,1138.92986285821,1.18994037138316,1.35523179054357,3.09607921594373,21.129729403818,0.0856500441109271
335,2.50909309307575,0.279631438557977,1.36774675658097,0.0635843759016052,0.0732151687560382,0.0742844622378129,1138.92986285821,1.18994037138316,1.35523179054357,3.09607921594373,21.129729403818,0.0856500441109271
336,2.50909309307575,0.279631438557977,1.36774675658097,0.0635843759016052,0.0732151687560382,0.0742844622378129,1138.92986285821,1.18994037138316,1.35523179054357,3.09607921594373,21.129729403818,0.0856500441109271
337,2.50909309307575,0.279631438557977,1.36774675658097,0.0635843759016052,0.0732151687560382,0.0742844622378129,1138.92986285821,1.18994037138316,1.35523179054357,3.09607921594373,21.129729403818,0.0856500441109271
338,2.50909309307575,0.279631438557977,1.36774675658097,0.0635843759016052,0.0732151687560382,0.0742844622378129,1138.92986285821,1.18994037138316,1.35523179054357,3.09607921594373,21.129729403818,0.0856500441109271
339,2.50909309307575,0.279631438557977,1.36774675658097,0.0635843759016052,0.0732151687560382,0.0742844622378129,1138.92986285821,1.18994037138316,1.35523179054357,3.09607921594373,21.129729403818,0.0856500441109271
340,2.50909309307575,0.279631438557977,1.36774675658097,0.0635843759016052,0.0732151687560382,0.0742844622378129,1138.92986285821,1.18994037138316,1.35523179054357,3.09607921594373,21.129729403818,0.0856500441109271
341,2.50909309307575,0.279631438557977,1.36774675658097,0.0635843759016052,0.0732151687560382,0.0742844622378129,1138.92986285821,1.18994037138316,1.35523179054357,3.09607921594373,21.129729403818,0.0856500441109271
342,2.50909309307575,0.279631438557977,1.36774675658097,0.0635843759016052,0.0732151687560382,0.0742844622378129,1138.92986285821,1.18994037138316,1.35523179054357,3.09607921594373,21.129729403818,0.0856500441109271
343,2.50909309307575,0.279631438557977,1.36774675658097,0.0635843759016052,0.0732151687560382,0.0742844622378129,1138.92986285821,1.18994037138316,1.35523179054357,3.09607921594373,21.129729403818,0.0856500441109271
344,2.50909309307575,0.279631438557977,1.36774675658097,0.0635843759016052,0.0732151687560382,0.0742844622378129,1138.92986285821,1.18994037138316,1.35523179054357,3.09607921594373,21.129729403818,0.0856500441109271
345,2.50909309307575,0.279631438557977,1.36774675658097,0.0635843759016052,0.0732151687560382,0.0742844622378129,1138.92986285821,1.18994037138316,1.35523179054357,3.09607921594373,21.129729403818,0.0856500441109271
346,2.50909309307575,0.279631438557977,1.36774675658097,0.0635843759016052,0.0732151687560382,0.0742844622378129,1138.92986285821,1.18994037138316,1.35523179054357,3.09607921594373,21.129729403818,0.0856500441109271
347,2.50909309307575,0.279631438557977,1.36774675658097,0.0635843759016052,0.0732151687560382,0.0742844622378129,1138.92986285821,1.18994037138316,1.35523179054357,3.09607921594373,21.129729403818,0.0856500441109271
348,2.50909309307575,0.279631438557977,1.36774675658097,0.0635843759016052,0.0732151687560382,0.0742844622378129,1138.92986285821,1.18994037138316,1.35523179054357,3.09607921594373,21.129729403818,0.0856500441109271
349,2.50909309307575,0.279631438557977,1.36774675658097,0.0635843759016052,0.0732151687560382,0.0742844622378129,1138.92986285821,1.18994037138316,1.35523179054357,3.09607921594373,21.129729403818,0.0856500441109271
350,2.50909309307575,0.279631438557977,1.36774675658097,0.0635843759016052,0.0732151687560382,0.0742844622378129,1138.92986285821,1.18994037138316,1.35523179054357,3.09607921594373,21.129729403818,0.0856500441109271
351,2.50909309307575,0.279631438557977,1.36774675658097,0.0635843759016052,0.0732151687560382,0.0742844622378129,1138.92986285821,1.18994037138316,1.35523179054357,3.09607921594373,21.129729403818,0.0856500441109271
352,2.50909309307575,0.279631438557977,1.36774675658097,0.0635843759016052,0.0732151687560382,0.0742844622378129,1138.92986285821,1.18994037138316,1.35523179054357,3.09607921594373,21.129729403818,0.0856500441109271
353,2.50909309307575,0.279631438557977,1.36774675658097,0.0635843759016052,0.0732151687560382,0.0742844622378129,1138.92986285821,1.18994037138316,1.35523179054357,3.09607921594373,21.129729403818,0.0856500441109271
354,2.50909309307575,0.279631438557977,1.36774675658097,0.0635843759016052,0.0732151687560382,0.0742844622378129,1138.92986285821,1.18994037138316,1.35523179054357,3.09607921594373,21.129729403818,0.0856500441109271
355,2.50909309307575,0.279631438557977,1.36774675658097,0.0635843759016052,0.0732151687560382,0.0742844622378129,1138.92986285821,1.18994037138316,1.35523179054357,3.09607921594373,21.129729403818,0.0856500441109271
356,2.50909309307575,0.279631438557977,1.36774675658097,0.0635843759016052,0.0732151687560382,0.0742844622378129,1138.92986285821,1.18994037138316,1.35523179054357,3.09607921594373,21.129729403818,0.0856500441109271
357,2.50909309307575,0.279631438557977,1.36774675658097,0.0635843759016052,0.0732151687560382,0.0742844622378129,1138.92986285821,1.18994037138316,1.35523179054357,3.09607921594373,21.129729403818,0.0856500441109271
358,2.50909309307575,0.279631438557977,1.36774675658097,0.0635843759016052,0.0732151687560382,0.0742844622378129,1138.92986285821,1.18994037138316,1.35523179054357,3.09607921594373,21.129729403818,0.0856500441109271
359,2.50909309307575,0.279631438557977,1.36774675658097,0.0635843759016052,0.0732151687560382,0.0742844622378129,1138.92986285821,1.18994037138316,1.35523179054357,3.09607921594373,21.129729403818,0.0856500441109271
360,2.50909309307575,0.279631438557977,1.36774675658097,0.0635843759016052,0.0732151687560382,0.0742844622378129,1138.92986285821,1.18994037138316,1.35523179054357,3.09607921594373,21.129729403818,0.0856500441109271
361,2.50909309307575,0.279631438557977,1.36774675658097,0.0635843759016052,0.0732151687560382,0.0742844622378129,1138.92986285821,1.18994037138316,1.35523179054357,3.09607921594373,21.129729403818,0.0856500441109271
362,2.50909309307575,0.279631438557977,1.36774675658097,0.0635843759016052,0.0732151687560382,0.0742844622378129,1138.92986285821,1.18994037138316,1.35523179054357,3.09607921594373,21.129729403818,0.0856500441109271
363,2.50909309307575,0.279631438557977,1.36774675658097,0.0635843759016052,0.0732151687560382,0.0742844622378129,1138.92986285821,1.18994037138316,1.35523179054357,3.09607921594373,21.129729403818,0.0856500441109271
364,2.50909309307575,0.279631438557977,1.36774675658097,0.0635843759016052,0.0732151687560382,0.0742844622378129,1138.92986285821,1.18994037138316,1.35523179054357,3.09607921594373,21.129729403818,0.0856500441109271
365,2.50909309307575,0.279631438557977,1.36774675658097,0.0635843759016052,0.0732151687560382,0.0742844622378129,1138.92986285821,1.18994037138316,1.35523179054357,3.09607921594373,21.129729403818,0.0856500441109271
366,2.50909309307575,0.279631438557977,1.36774675658097,0.0635843759016052,0.0732151687560382,0.0742844622378129,1138.92986285821,1.18994037138316,1.35523179054357,3.09607921594373,21.129729403818,0.0856500441109271
367,2.50909309307575,0.279631438557977,1.36774675658097,0.0635843759016052,0.0732151687560382,0.0742844622378129,1138.92986285821,1.18994037138316,1.35523179054357,3.09607921594373,21.129729403818,0.0856500441109271
368,2.50909309307575,0.279631438557977,1.36774675658097,0.0635843759016052,0.0732151687560382,0.0742844622378129,1138.92986285821,1.18994037138316,1.35523179054357,3.09607921594373,21.129729403818,0.0856500441109271
369,2.50909309307575,0.279631438557977,1.36774675658097,0.0635843759016052,0.0732151687560382,0.0742844622378129,1138.92986285821,1.18994037138316,1.35523179054357,3.09607921594373,21.129729403818,0.0856500441109271
370,2.50909309307575,0.279631438557977,1.36774675658097,0.0635843759016052,0.0732151687560382,0.0742844622378129,1138.92986285821,1.18994037138316,1.35523179054357,3.09607921594373,21.129729403818,0.0856500441109271
371,2.50909309307575,0.279631438557977,1.36774675658097,0.0635843759016052,0.0732151687560382,0.0742844622378129,1138.92986285821,1.18994037138316,1.35523179054357,3.09607921594373,21.129729403818,0.0856500441109271
372,2.50909309307575,0.279631438557977,1.36774675658097,0.0635843759016052,0.0732151687560382,0.0742844622378129,1138.92986285821,1.18994037138316,1.35523179054357,3.09607921594373,21.129729403818,0.0856500441109271
373,2.50909309307575,0.279631438557977,1.36774675658097,0.0635843759016052,0.0732151687560382,0.0742844622378129,1138.92986285821,1.18994037138316,1.35523179054357,3.09607921594373,21.129729403818,0.0856500441109271
374,2.50909309307575,0.279631438557977,1.36774675658097,0.0635843759016052,0.0732151687560382,0.0742844622378129,1138.92986285821,1.18994037138316,1.35523179054357,3.09607921594373,21.129729403818,0.0856500441109271
375,2.50909309307575,0.279631438557977,1.36774675658097,0.0635843759016052,0.0732151687560382,0.0742844622378129,1138.92986285821,1.18994037138316,1.35523179054357,3.09607921594373,21.129729403818,0.0856500441109271
376,2.50909309307575,0.279631438557977,1.36774675658097,0.0635843759016052,0.0732151687560382,0.0742844622378129,1138.92986285821,1.18994037138316,1.35523179054357,3.09607921594373,21.129729403818,0.0856500441109271
377,2.50909309307575,0.279631438557977,1.36774675658097,0.0635843759016052,0.0732151687560382,0.0742844622378129,1138.92986285821,1.18994037138316,1.35523179054357,3.09607921594373,21.129729403818,0.0856500441109271
378,2.50909309307575,0.279631438557977,1.36774675658097,0.0635843759016052,0.0732151687560382,0.0742844622378129,1138.92986285821,1.18994037138316,1.35523179054357,3.09607921594373,21.129729403818,0.0856500441109271
379,2.50909309307575,0.279631438557977,1.36774675658097,0.0635843759016052,0.0732151687560382,0.0742844622378129,1138.92986285821,1.18994037138316,1.35523179054357,3.09607921594373,21.129729403818,0.0856500441109271
380,2.50909309307575,0.279631438557977,1.36774675658097,0.0635843759016052,0.0732151687560382,0.0742844622378129,1138.92986285821,1.18994037138316,1.35523179054357,3.09607921594373,21.129729403818,0.0856500441109271
381,2.50909309307575,0.279631438557977,1.36774675658097,0.0635843759016052,0.0732151687560382,0.0742844622378129,1138.92986285821,1.18994037138316,1.35523179054357,3.09607921594373,21.129729403818,0.0856500441109271
382,2.50909309307575,0.279631438557977,1.36774675658097,0.0635843759016052,0.0732151687560382,0.0742844622378129,1138.92986285821,1.18994037138316,1.35523179054357,3.09607921594373,21.129729403818,0.0856500441109271
383,2.50909309307575,0.279631438557977,1.36774675658097,0.0635843759016052,0.0732151687560382,0.0742844622378129,1138.92986285821,1.18994037138316,1.35523179054357,3.09607921594373,21.129729403818,0.0856500441109271
384,2.50909309307575,0.279631438557977,1.36774675658097,0.0635843759016052,0.0732151687560382,0.0742844622378129,1138.92986285821,1.18994037138316,1.35523179054357,3.09607921594373,21.129729403818,0.0856500441109271
385,2.50909309307575,0.279631438557977,1.36774675658097,0.0635843759016052,0.0732151687560382,0.0742844622378129,1138.92986285821,1.18994037138316,1.35523179054357,3.09607921594373,21.129729403818,0.0856500441109271
386,2.50909309307575,0.279631438557977,1.36774675658097,0.0635843759016052,0.0732151687560382,0.0742844622378129,1138.92986285821,1.18994037138316,1.35523179054357,3.09607921594373,21.129729403818,0.0856500441109271
387,2.50909309307575,0.279631438557977,1.36774675658097,0.0635843759016052,0.0732151687560382,0.0742844622378129,1138.92986285821,1.18994037138316,1.35523179054357,3.09607921594373,21.129729403818,0.0856500441109271
388,2.50909309307575,0.279631438557977,1.36774675658097,0.0635843759016052,0.0732151687560382,0.0742844622378129,1138.92986285821,1.18994037138316,1.35523179054357,3.09607921594373,21.129729403818,0.0856500441109271
389,2.50909309307575,0.279631438557977,1.36774675658097,0.0635843759016052,0.0732151687560382,0.0742844622378129,1138.92986285821,1.18994037138316,1.35523179054357,3.09607921594373,21.129729403818,0.0856500441109271
390,2.50909309307575,0.279631438557977,1.36774675658097,0.0635843759016052,0.0732151687560382,0.0742844622378129,1138.92986285821,1.18994037138316,1.35523179054357,3.09607921594373,21.129729403818,0.0856500441109271
391,2.50909309307575,0.279631438557977,1.36774675658097,0.0635843759016052,0.0732151687560382,0.0742844622378129,1138.92986285821,1.18994037138316,1.35523179054357,3.09607921594373,21.129729403818,0.0856500441109271
392,2.50909309307575,0.279631438557977,1.36774675658097,0.0635843759016052,0.0732151687560382,0.0742844622378129,1138.92986285821,1.18994037138316,1.35523179054357,3.09607921594373,21.129729403818,0.0856500441109271
393,2.50909309307575,0.279631438557977,1.36774675658097,0.0635843759016052,0.0732151687560382,0.0742844622378129,1138.92986285821,1.18994037138316,1.35523179054357,3.09607921594373,21.129729403818,0.0856500441109271
394,2.50909309307575,0.279631438557977,1.36774675658097,0.0635843759016052,0.0732151687560382,0.0742844622378129,1138.92986285821,1.18994037138316,1.35523179054357,3.09607921594373,21.129729403818,0.0856500441109271
395,2.50909309307575,0.279631438557977,1.36774675658097,0.0635843759016052,0.0732151687560382,0.0742844622378129,1138.92986285821,1.18994037138316,1.35523179054357,3.09607921594373,21.129729403818,0.0856500441109271
396,2.50909309307575,0.279631438557977,1.36774675658097,0.0635843759016052,0.0732151687560382,0.0742844622378129,1138.92986285821,1.18994037138316,1.35523179054357,3.09607921594373,21.129729403818,0.0856500441109271
397,2.50909309307575,0.279631438557977,1.36774675658097,0.0635843759016052,0.0732151687560382,0.0742844622378129,1138.92986285821,1.18994037138316,1.35523179054357,3.09607921594373,21.129729403818,0.0856500441109271
398,2.50909309307575,0.279631438557977,1.36774675658097,0.0635843759016052,0.0732151687560382,0.0742844622378129,1138.92986285821,1.18994037138316,1.35523179054357,3.09607921594373,21.129729403818,0.0856500441109271
399,2.50909309307575,0.279631438557977,1.36774675658097,0.0635843759016052,0.0732151687560382,0.0742844622378129,1138.92986285821,1.18994037138316,1.35523179054357,3.09607921594373,21.129729403818,0.0856500441109271
400,2.50909309307575,0.279631438557977,1.36774675658097,0.0635843759016052,0.0732151687560382,0.0742844622378129,1138.92986285821,1.18994037138316,1.35523179054357,3.09607921594373,21.129729403818,0.0856500441109271
401,2.50909309307575,0.279631438557977,1.36774675658097,0.0635843759016052,0.0732151687560382,0.0742844622378129,1138.92986285821,1.18994037138316,1.35523179054357,3.09607921594373,21.129729403818,0.0856500441109271
402,2.50909309307575,0.279631438557977,1.36774675658097,0.0635843759016052,0.0732151687560382,0.0742844622378129,1138.92986285821,1.18994037138316,1.35523179054357,3.09607921594373,21.129729403818,0.0856500441109271
403,2.50909309307575,0.279631438557977,1.36774675658097,0.0635843759016052,0.0732151687560382,0.0742844622378129,1138.92986285821,1.18994037138316,1.35523179054357,3.09607921594373,21.129729403818,0.0856500441109271
404,2.50909309307575,0.279631438557977,1.36774675658097,0.0635843759016052,0.0732151687560382,0.0742844622378129,1138.92986285821,1.18994037138316,1.35523179054357,3.09607921594373,21.129729403818,0.0856500441109271
405,2.50909309307575,0.279631438557977,1.36774675658097,0.0635843759016052,0.0732151687560382,0.0742844622378129,1138.92986285821,1.18994037138316,1.35523179054357,3.09607921594373,21.129729403818,0.0856500441109271
406,2.50909309307575,0.279631438557977,1.36774675658097,0.0635843759016052,0.0732151687560382,0.0742844622378129,1138.92986285821,1.18994037138316,1.35523179054357,3.09607921594373,21.129729403818,0.0856500441109271
407,2.50909309307575,0.279631438557977,1.36774675658097,0.0635843759016052,0.0732151687560382,0.0742844622378129,1138.92986285821,1.18994037138316,1.35523179054357,3.09607921594373,21.129729403818,0.0856500441109271
408,2.50909309307575,0.279631438557977,1.36774675658097,0.0635843759016052,0.0732151687560382,0.0742844622378129,1138.92986285821,1.18994037138316,1.35523179054357,3.09607921594373,21.129729403818,0.0856500441109271
409,2.50909309307575,0.279631438557977,1.36774675658097,0.0635843759016052,0.0732151687560382,0.0742844622378129,1138.92986285821,1.18994037138316,1.35523179054357,3.09607921594373,21.129729403818,0.0856500441109271
410,2.50909309307575,0.279631438557977,1.36774675658097,0.0635843759016052,0.0732151687560382,0.0742844622378129,1138.92986285821,1.18994037138316,1.35523179054357,3.09607921594373,21.129729403818,0.0856500441109271
411,2.50909309307575,0.279631438557977,1.36774675658097,0.0635843759016052,0.0732151687560382,0.0742844622378129,1138.92986285821,1.18994037138316,1.35523179054357,3.09607921594373,21.129729403818,0.0856500441109271
412,2.50909309307575,0.279631438557977,1.36774675658097,0.0635843759016052,0.0732151687560382,0.0742844622378129,1138.92986285821,1.18994037138316,1.35523179054357,3.09607921594373,21.129729403818,0.0856500441109271
413,2.50909309307575,0.279631438557977,1.36774675658097,0.0635843759016052,0.0732151687560382,0.0742844622378129,1138.92986285821,1.18994037138316,1.35523179054357,3.09607921594373,21.129729403818,0.0856500441109271
414,2.50909309307575,0.279631438557977,1.36774675658097,0.0635843759016052,0.0732151687560382,0.0742844622378129,1138.92986285821,1.18994037138316,1.35523179054357,3.09607921594373,21.129729403818,0.0856500441109271
415,2.50909309307575,0.279631438557977,1.36774675658097,0.0635843759016052,0.0732151687560382,0.0742844622378129,1138.92986285821,1.18994037138316,1.35523179054357,3.09607921594373,21.129729403818,0.0856500441109271
416,2.50909309307575,0.279631438557977,1.36774675658097,0.0635843759016052,0.0732151687560382,0.0742844622378129,1138.92986285821,1.18994037138316,1.35523179054357,3.09607921594373,21.129729403818,0.0856500441109271
417,2.50909309307575,0.279631438557977,1.36774675658097,0.0635843759016052,0.0732151687560382,0.0742844622378129,1138.92986285821,1.18994037138316,1.35523179054357,3.09607921594373,21.129729403818,0.0856500441109271
418,2.50909309307575,0.279631438557977,1.36774675658097,0.0635843759016052,0.0732151687560382,0.0742844622378129,1138.92986285821,1.18994037138316,1.35523179054357,3.09607921594373,21.129729403818,0.0856500441109271
419,2.50909309307575,0.279631438557977,1.36774675658097,0.0635843759016052,0.0732151687560382,0.0742844622378129,1138.92986285821,1.18994037138316,1.35523179054357,3.09607921594373,21.129729403818,0.0856500441109271
420,2.50909309307575,0.279631438557977,1.36774675658097,0.0635843759016052,0.0732151687560382,0.0742844622378129,1138.92986285821,1.18994037138316,1.35523179054357,3.09607921594373,21.129729403818,0.0856500441109271
421,2.50909309307575,0.279631438557977,1.36774675658097,0.0635843759016052,0.0732151687560382,0.0742844622378129,1138.92986285821,1.18994037138316,1.35523179054357,3.09607921594373,21.129729403818,0.0856500441109271
422,2.50909309307575,0.279631438557977,1.36774675658097,0.0635843759016052,0.0732151687560382,0.0742844622378129,1138.92986285821,1.18994037138316,1.35523179054357,3.09607921594373,21.129729403818,0.0856500441109271
423,2.50909309307575,0.279631438557977,1.36774675658097,0.0635843759016052,0.0732151687560382,0.0742844622378129,1138.92986285821,1.18994037138316,1.35523179054357,3.09607921594373,21.129729403818,0.0856500441109271
424,2.50909309307575,0.279631438557977,1.36774675658097,0.0635843759016052,0.0732151687560382,0.0742844622378129,1138.92986285821,1.18994037138316,1.35523179054357,3.09607921594373,21.129729403818,0.0856500441109271
425,2.50909309307575,0.279631438557977,1.36774675658097,0.0635843759016052,0.0732151687560382,0.0742844622378129,1138.92986285821,1.18994037138316,1.35523179054357,3.09607921594373,21.129729403818,0.0856500441109271
426,2.50909309307575,0.279631438557977,1.36774675658097,0.0635843759016052,0.0732151687560382,0.0742844622378129,1138.92986285821,1.18994037138316,1.35523179054357,3.09607921594373,21.129729403818,0.0856500441109271
427,2.50909309307575,0.279631438557977,1.36774675658097,0.0635843759016052,0.0732151687560382,0.0742844622378129,1138.92986285821,1.18994037138316,1.35523179054357,3.09607921594373,21.129729403818,0.0856500441109271
428,2.50909309307575,0.279631438557977,1.36774675658097,0.0635843759016052,0.0732151687560382,0.0742844622378129,1138.92986285821,1.18994037138316,1.35523179054357,3.09607921594373,21.129729403818,0.0856500441109271
429,2.50909309307575,0.279631438557977,1.36774675658097,0.0635843759016052,0.0732151687560382,0.0742844622378129,1138.92986285821,1.18994037138316,1.35523179054357,3.09607921594373,21.129729403818,0.0856500441109271
430,2.50909309307575,0.279631438557977,1.36774675658097,0.0635843759016052,0.0732151687560382,0.0742844622378129,1138.92986285821,1.18994037138316,1.35523179054357,3.09607921594373,21.129729403818,0.0856500441109271
431,2.50909309307575,0.279631438557977,1.36774675658097,0.0635843759016052,0.0732151687560382,0.0742844622378129,1138.92986285821,1.18994037138316,1.35523179054357,3.09607921594373,21.129729403818,0.0856500441109271
432,2.50909309307575,0.279631438557977,1.36774675658097,0.0635843759016052,0.0732151687560382,0.0742844622378129,1138.92986285821,1.18994037138316,1.35523179054357,3.09607921594373,21.129729403818,0.0856500441109271
433,2.50909309307575,0.279631438557977,1.36774675658097,0.0635843759016052,0.0732151687560382,0.0742844622378129,1138.92986285821,1.18994037138316,1.35523179054357,3.09607921594373,21.129729403818,0.0856500441109271
434,2.50909309307575,0.279631438557977,1.36774675658097,0.0635843759016052,0.0732151687560382,0.0742844622378129,1138.92986285821,1.18994037138316,1.35523179054357,3.09607921594373,21.129729403818,0.0856500441109271
435,2.50909309307575,0.279631438557977,1.36774675658097,0.0635843759016052,0.0732151687560382,0.0742844622378129,1138.92986285821,1.18994037138316,1.35523179054357,3.09607921594373,21.129729403818,0.0856500441109271
436,2.50909309307575,0.279631438557977,1.36774675658097,0.0635843759016052,0.0732151687560382,0.0742844622378129,1138.92986285821,1.18994037138316,1.35523179054357,3.09607921594373,21.129729403818,0.0856500441109271
437,2.50909309307575,0.279631438557977,1.36774675658097,0.0635843759016052,0.0732151687560382,0.0742844622378129,1138.92986285821,1.18994037138316,1.35523179054357,3.09607921594373,21.129729403818,0.0856500441109271
438,2.50909309307575,0.279631438557977,1.36774675658097,0.0635843759016052,0.0732151687560382,0.0742844622378129,1138.92986285821,1.18994037138316,1.35523179054357,3.09607921594373,21.129729403818,0.0856500441109271
439,2.50909309307575,0.279631438557977,1.36774675658097,0.0635843759016052,0.0732151687560382,0.0742844622378129,1138.92986285821,1.18994037138316,1.35523179054357,3.09607921594373,21.129729403818,0.0856500441109271
440,2.50909309307575,0.279631438557977,1.36774675658097,0.0635843759016052,0.0732151687560382,0.0742844622378129,1138.92986285821,1.18994037138316,1.35523179054357,3.09607921594373,21.129729403818,0.0856500441109271
441,2.50909309307575,0.279631438557977,1.36774675658097,0.0635843759016052,0.0732151687560382,0.0742844622378129,1138.92986285821,1.18994037138316,1.35523179054357,3.09607921594373,21.129729403818,0.0856500441109271
442,2.50909309307575,0.279631438557977,1.36774675658097,0.0635843759016052,0.0732151687560382,0.0742844622378129,1138.92986285821,1.18994037138316,1.35523179054357,3.09607921594373,21.129729403818,0.0856500441109271
443,2.50909309307575,0.279631438557977,1.36774675658097,0.0635843759016052,0.0732151687560382,0.0742844622378129,1138.92986285821,1.18994037138316,1.35523179054357,3.09607921594373,21.129729403818,0.0856500441109271
444,2.50909309307575,0.279631438557977,1.36774675658097,0.0635843759016052,0.0732151687560382,0.0742844622378129,1138.92986285821,1.18994037138316,1.35523179054357,3.09607921594373,21.129729403818,0.0856500441109271
445,2.50909309307575,0.279631438557977,1.36774675658097,0.0635843759016052,0.0732151687560382,0.0742844622378129,1138.92986285821,1.18994037138316,1.35523179054357,3.09607921594373,21.129729403818,0.0856500441109271
446,2.50909309307575,0.279631438557977,1.36774675658097,0.0635843759016052,0.0732151687560382,0.0742844622378129,1138.92986285821,1.18994037138316,1.35523179054357,3.09607921594373,21.129729403818,0.0856500441109271
447,2.50909309307575,0.279631438557977,1.36774675658097,0.0635843759016052,0.0732151687560382,0.0742844622378129,1138.92986285821,1.18994037138316,1.35523179054357,3.09607921594373,21.129729403818,0.0856500441109271
448,2.50909309307575,0.279631438557977,1.36774675658097,0.0635843759016052,0.0732151687560382,0.0742844622378129,1138.92986285821,1.18994037138316,1.35523179054357,3.09607921594373,21.129729403818,0.0856500441109271
449,2.50909309307575,0.279631438557977,1.36774675658097,0.0635843759016052,0.0732151687560382,0.0742844622378129,1138.92986285821,1.18994037138316,1.35523179054357,3.09607921594373,21.129729403818,0.0856500441109271
450,2.50909309307575,0.279631438557977,1.36774675658097,0.0635843759016052,0.0732151687560382,0.0742844622378129,1138.92986285821,1.18994037138316,1.35523179054357,3.09607921594373,21.129729403818,0.0856500441109271
451,2.50909309307575,0.279631438557977,1.36774675658097,0.0635843759016052,0.0732151687560382,0.0742844622378129,1138.92986285821,1.18994037138316,1.35523179054357,3.09607921594373,21.129729403818,0.0856500441109271
452,2.50909309307575,0.279631438557977,1.36774675658097,0.0635843759016052,0.0732151687560382,0.0742844622378129,1138.92986285821,1.18994037138316,1.35523179054357,3.09607921594373,21.129729403818,0.0856500441109271
453,2.50909309307575,0.279631438557977,1.36774675658097,0.0635843759016052,0.0732151687560382,0.0742844622378129,1138.92986285821,1.18994037138316,1.35523179054357,3.09607921594373,21.129729403818,0.0856500441109271
454,2.50909309307575,0.279631438557977,1.36774675658097,0.0635843759016052,0.0732151687560382,0.0742844622378129,1138.92986285821,1.18994037138316,1.35523179054357,3.09607921594373,21.129729403818,0.0856500441109271
455,2.50909309307575,0.279631438557977,1.36774675658097,0.0635843759016052,0.0732151687560382,0.0742844622378129,1138.92986285821,1.18994037138316,1.35523179054357,3.09607921594373,21.129729403818,0.0856500441109271
456,2.50909309307575,0.279631438557977,1.36774675658097,0.0635843759016052,0.0732151687560382,0.0742844622378129,1138.92986285821,1.18994037138316,1.35523179054357,3.09607921594373,21.129729403818,0.0856500441109271
457,2.50909309307575,0.279631438557977,1.36774675658097,0.0635843759016052,0.0732151687560382,0.0742844622378129,1138.92986285821,1.18994037138316,1.35523179054357,3.09607921594373,21.129729403818,0.0856500441109271
458,2.51405932812114,0.279857990287433,1.3478394066655,0.064028132596424,0.0732604617928653,0.0742250621685442,1127.96750748368,1.19829245682183,1.37382598854111,3.04315052721979,20.9764042255415,0.0849040968155061
459,2.51405932812114,0.279857990287433,1.3478394066655,0.064028132596424,0.0732604617928653,0.0742250621685442,1127.96750748368,1.19829245682183,1.37382598854111,3.04315052721979,20.9764042255415,0.0849040968155061
460,2.51405932812114,0.279857990287433,1.3478394066655,0.064028132596424,0.0732604617928653,0.0742250621685442,1127.96750748368,1.19829245682183,1.37382598854111,3.04315052721979,20.9764042255415,0.0849040968155061
461,2.51405932812114,0.279857990287433,1.3478394066655,0.064028132596424,0.0732604617928653,0.0742250621685442,1127.96750748368,1.19829245682183,1.37382598854111,3.04315052721979,20.9764042255415,0.0849040968155061
462,2.51405932812114,0.279857990287433,1.3478394066655,0.064028132596424,0.0732604617928653,0.0742250621685442,1127.96750748368,1.19829245682183,1.37382598854111,3.04315052721979,20.9764042255415,0.0849040968155061
463,2.51405932812114,0.279857990287433,1.3478394066655,0.064028132596424,0.0732604617928653,0.0742250621685442,1127.96750748368,1.19829245682183,1.37382598854111,3.04315052721979,20.9764042255415,0.0849040968155061
464,2.51405932812114,0.279857990287433,1.3478394066655,0.064028132596424,0.0732604617928653,0.0742250621685442,1127.96750748368,1.19829245682183,1.37382598854111,3.04315052721979,20.9764042255415,0.0849040968155061
465,2.51405932812114,0.279857990287433,1.3478394066655,0.064028132596424,0.0732604617928653,0.0742250621685442,1127.96750748368,1.19829245682183,1.37382598854111,3.04315052721979,20.9764042255415,0.0849040968155061
466,2.51405932812114,0.279857990287433,1.3478394066655,0.064028132596424,0.0732604617928653,0.0742250621685442,1127.96750748368,1.19829245682183,1.37382598854111,3.04315052721979,20.9764042255415,0.0849040968155061
467,2.51405932812114,0.279857990287433,1.3478394066655,0.064028132596424,0.0732604617928653,0.0742250621685442,1127.96750748368,1.19829245682183,1.37382598854111,3.04315052721979,20.9764042255415,0.0849040968155061
468,2.51405932812114,0.279857990287433,1.3478394066655,0.064028132596424,0.0732604617928653,0.0742250621685442,1127.96750748368,1.19829245682183,1.37382598854111,3.04315052721979,20.9764042255415,0.0849040968155061
469,2.51405932812114,0.279857990287433,1.3478394066655,0.064028132596424,0.0732604617928653,0.0742250621685442,1127.96750748368,1.19829245682183,1.37382598854111,3.04315052721979,20.9764042255415,0.0849040968155061
470,2.51405932812114,0.279857990287433,1.3478394066655,0.064028132596424,0.0732604617928653,0.0742250621685442,1127.96750748368,1.19829245682183,1.37382598854111,3.04315052721979,20.9764042255415,0.0849040968155061
471,2.51405932812114,0.279857990287433,1.3478394066655,0.064028132596424,0.0732604617928653,0.0742250621685442,1127.96750748368,1.19829245682183,1.37382598854111,3.04315052721979,20.9764042255415,0.0849040968155061
472,2.51405932812114,0.279857990287433,1.3478394066655,0.064028132596424,0.0732604617928653,0.0742250621685442,1127.96750748368,1.19829245682183,1.37382598854111,3.04315052721979,20.9764042255415,0.0849040968155061
473,2.51405932812114,0.279857990287433,1.3478394066655,0.064028132596424,0.0732604617928653,0.0742250621685442,1127.96750748368,1.19829245682183,1.37382598854111,3.04315052721979,20.9764042255415,0.0849040968155061
474,2.51405932812114,0.279857990287433,1.3478394066655,0.064028132596424,0.0732604617928653,0.0742250621685442,1127.96750748368,1.19829245682183,1.37382598854111,3.04315052721979,20.9764042255415,0.0849040968155061
475,2.51405932812114,0.279857990287433,1.3478394066655,0.064028132596424,0.0732604617928653,0.0742250621685442,1127.96750748368,1.19829245682183,1.37382598854111,3.04315052721979,20.9764042255415,0.0849040968155061
476,2.51405932812114,0.279857990287433,1.3478394066655,0.064028132596424,0.0732604617928653,0.0742250621685442,1127.96750748368,1.19829245682183,1.37382598854111,3.04315052721979,20.9764042255415,0.0849040968155061
477,2.51405932812114,0.279857990287433,1.3478394066655,0.064028132596424,0.0732604617928653,0.0742250621685442,1127.96750748368,1.19829245682183,1.37382598854111,3.04315052721979,20.9764042255415,0.0849040968155061
478,2.51405932812114,0.279857990287433,1.3478394066655,0.064028132596424,0.0732604617928653,0.0742250621685442,1127.96750748368,1.19829245682183,1.37382598854111,3.04315052721979,20.9764042255415,0.0849040968155061
479,2.51405932812114,0.279857990287433,1.3478394066655,0.064028132596424,0.0732604617928653,0.0742250621685442,1127.96750748368,1.19829245682183,1.37382598854111,3.04315052721979,20.9764042255415,0.0849040968155061
480,2.51405932812114,0.279857990287433,1.3478394066655,0.064028132596424,0.0732604617928653,0.0742250621685442,1127.96750748368,1.19829245682183,1.37382598854111,3.04315052721979,20.9764042255415,0.0849040968155061
481,2.51405932812114,0.279857990287433,1.3478394066655,0.064028132596424,0.0732604617928653,0.0742250621685442,1127.96750748368,1.19829245682183,1.37382598854111,3.04315052721979,20.9764042255415,0.0849040968155061
482,2.51405932812114,0.279857990287433,1.3478394066655,0.064028132596424,0.0732604617928653,0.0742250621685442,1127.96750748368,1.19829245682183,1.37382598854111,3.04315052721979,20.9764042255415,0.0849040968155061
483,2.51405932812114,0.279857990287433,1.3478394066655,0.064028132596424,0.0732604617928653,0.0742250621685442,1127.96750748368,1.19829245682183,1.37382598854111,3.04315052721979,20.9764042255415,0.0849040968155061
484,2.51405932812114,0.279857990287433,1.3478394066655,0.064028132596424,0.0732604617928653,0.0742250621685442,1127.96750748368,1.19829245682183,1.37382598854111,3.04315052721979,20.9764042255415,0.0849040968155061
485,2.51405932812114,0.279857990287433,1.3478394066655,0.064028132596424,0.0732604617928653,0.0742250621685442,1127.96750748368,1.19829245682183,1.37382598854111,3.04315052721979,20.9764042255415,0.0849040968155061
486,2.51405932812114,0.279857990287433,1.3478394066655,0.064028132596424,0.0732604617928653,0.0742250621685442,1127.96750748368,1.19829245682183,1.37382598854111,3.04315052721979,20.9764042255415,0.0849040968155061
487,2.51405932812114,0.279857990287433,1.3478394066655,0.064028132596424,0.0732604617928653,0.0742250621685442,1127.96750748368,1.19829245682183,1.37382598854111,3.04315052721979,20.9764042255415,0.0849040968155061
488,2.51405932812114,0.279857990287433,1.3478394066655,0.064028132596424,0.0732604617928653,0.0742250621685442,1127.96750748368,1.19829245682183,1.37382598854111,3.04315052721979,20.9764042255415,0.0849040968155061
489,2.51405932812114,0.279857990287433,1.3478394066655,0.064028132596424,0.0732604617928653,0.0742250621685442,1127.96750748368,1.19829245682183,1.37382598854111,3.04315052721979,20.9764042255415,0.0849040968155061
490,2.51405932812114,0.279857990287433,1.3478394066655,0.064028132596424,0.0732604617928653,0.0742250621685442,1127.96750748368,1.19829245682183,1.37382598854111,3.04315052721979,20.9764042255415,0.0849040968155061
491,2.51405932812114,0.279857990287433,1.3478394066655,0.064028132596424,0.0732604617928653,0.0742250621685442,1127.96750748368,1.19829245682183,1.37382598854111,3.04315052721979,20.9764042255415,0.0849040968155061
492,2.51405932812114,0.279857990287433,1.3478394066655,0.064028132596424,0.0732604617928653,0.0742250621685442,1127.96750748368,1.19829245682183,1.37382598854111,3.04315052721979,20.9764042255415,0.0849040968155061
493,2.51405932812114,0.279857990287433,1.3478394066655,0.064028132596424,0.0732604617928653,0.0742250621685442,1127.96750748368,1.19829245682183,1.37382598854111,3.04315052721979,20.9764042255415,0.0849040968155061
494,2.51405932812114,0.279857990287433,1.3478394066655,0.064028132596424,0.0732604617928653,0.0742250621685442,1127.96750748368,1.19829245682183,1.37382598854111,3.04315052721979,20.9764042255415,0.0849040968155061
495,2.51405932812114,0.279857990287433,1.3478394066655,0.064028132596424,0.0732604617928653,0.0742250621685442,1127.96750748368,1.19829245682183,1.37382598854111,3.04315052721979,20.9764042255415,0.0849040968155061
496,2.51405932812114,0.279857990287433,1.3478394066655,0.064028132596424,0.0732604617928653,0.0742250621685442,1127.96750748368,1.19829245682183,1.37382598854111,3.04315052721979,20.9764042255415,0.0849040968155061
497,2.51405932812114,0.279857990287433,1.3478394066655,0.064028132596424,0.0732604617928653,0.0742250621685442,1127.96750748368,1.19829245682183,1.37382598854111,3.04315052721979,20.9764042255415,0.0849040968155061
498,2.51405932812114,0.279857990287433,1.3478394066655,0.064028132596424,0.0732604617928653,0.0742250621685442,1127.96750748368,1.19829245682183,1.37382598854111,3.04315052721979,20.9764042255415,0.0849040968155061
499,2.51405932812114,0.279857990287433,1.3478394066655,0.064028132596424,0.0732604617928653,0.0742250621685442,1127.96750748368,1.19829245682183,1.37382598854111,3.04315052721979,20.9764042255415,0.0849040968155061
500,2.51405932812114,0.279857990287433,1.3478394066655,0.064028132596424,0.0732604617928653,0.0742250621685442,1127.96750748368,1.19829245682183,1.37382598854111,3.04315052721979,20.9764042255415,0.0849040968155061
501,2.51405932812114,0.279857990287433,1.3478394066655,0.064028132596424,0.0732604617928653,0.0742250621685442,1127.96750748368,1.19829245682183,1.37382598854111,3.04315052721979,20.9764042255415,0.0849040968155061
502,2.51405932812114,0.279857990287433,1.3478394066655,0.064028132596424,0.0732604617928653,0.0742250621685442,1127.96750748368,1.19829245682183,1.37382598854111,3.04315052721979,20.9764042255415,0.0849040968155061
503,2.51405932812114,0.279857990287433,1.3478394066655,0.064028132596424,0.0732604617928653,0.0742250621685442,1127.96750748368,1.19829245682183,1.37382598854111,3.04315052721979,20.9764042255415,0.0849040968155061
504,2.51405932812114,0.279857990287433,1.3478394066655,0.064028132596424,0.0732604617928653,0.0742250621685442,1127.96750748368,1.19829245682183,1.37382598854111,3.04315052721979,20.9764042255415,0.0849040968155061
505,2.51405932812114,0.279857990287433,1.3478394066655,0.064028132596424,0.0732604617928653,0.0742250621685442,1127.96750748368,1.19829245682183,1.37382598854111,3.04315052721979,20.9764042255415,0.0849040968155061
506,2.51405932812114,0.279857990287433,1.3478394066655,0.064028132596424,0.0732604617928653,0.0742250621685442,1127.96750748368,1.19829245682183,1.37382598854111,3.04315052721979,20.9764042255415,0.0849040968155061
507,2.51405932812114,0.279857990287433,1.3478394066655,0.064028132596424,0.0732604617928653,0.0742250621685442,1127.96750748368,1.19829245682183,1.37382598854111,3.04315052721979,20.9764042255415,0.0849040968155061
508,2.51405932812114,0.279857990287433,1.3478394066655,0.064028132596424,0.0732604617928653,0.0742250621685442,1127.96750748368,1.19829245682183,1.37382598854111,3.04315052721979,20.9764042255415,0.0849040968155061
509,2.51405932812114,0.279857990287433,1.3478394066655,0.064028132596424,0.0732604617928653,0.0742250621685442,1127.96750748368,1.19829245682183,1.37382598854111,3.04315052721979,20.9764042255415,0.0849040968155061
510,2.51405932812114,0.279857990287433,1.3478394066655,0.064028132596424,0.0732604617928653,0.0742250621685442,1127.96750748368,1.19829245682183,1.37382598854111,3.04315052721979,20.9764042255415,0.0849040968155061
511,2.51405932812114,0.279857990287433,1.3478394066655,0.064028132596424,0.0732604617928653,0.0742250621685442,1127.96750748368,1.19829245682183,1.37382598854111,3.04315052721979,20.9764042255415,0.0849040968155061
512,2.51405932812114,0.279857990287433,1.3478394066655,0.064028132596424,0.0732604617928653,0.0742250621685442,1127.96750748368,1.19829245682183,1.37382598854111,3.04315052721979,20.9764042255415,0.0849040968155061
513,2.51405932812114,0.279857990287433,1.3478394066655,0.064028132596424,0.0732604617928653,0.0742250621685442,1127.96750748368,1.19829245682183,1.37382598854111,3.04315052721979,20.9764042255415,0.0849040968155061
514,2.51405932812114,0.279857990287433,1.3478394066655,0.064028132596424,0.0732604617928653,0.0742250621685442,1127.96750748368,1.19829245682183,1.37382598854111,3.04315052721979,20.9764042255415,0.0849040968155061
515,2.51405932812114,0.279857990287433,1.3478394066655,0.064028132596424,0.0732604617928653,0.0742250621685442,1127.96750748368,1.19829245682183,1.37382598854111,3.04315052721979,20.9764042255415,0.0849040968155061
516,2.51405932812114,0.279857990287433,1.3478394066655,0.064028132596424,0.0732604617928653,0.0742250621685442,1127.96750748368,1.19829245682183,1.37382598854111,3.04315052721979,20.9764042255415,0.0849040968155061
517,2.51405932812114,0.279857990287433,1.3478394066655,0.064028132596424,0.0732604617928653,0.0742250621685442,1127.96750748368,1.19829245682183,1.37382598854111,3.04315052721979,20.9764042255415,0.0849040968155061
518,2.51405932812114,0.279857990287433,1.3478394066655,0.064028132596424,0.0732604617928653,0.0742250621685442,1127.96750748368,1.19829245682183,1.37382598854111,3.04315052721979,20.9764042255415,0.0849040968155061
519,2.51405932812114,0.279857990287433,1.3478394066655,0.064028132596424,0.0732604617928653,0.0742250621685442,1127.96750748368,1.19829245682183,1.37382598854111,3.04315052721979,20.9764042255415,0.0849040968155061
520,2.51405932812114,0.279857990287433,1.3478394066655,0.064028132596424,0.0732604617928653,0.0742250621685442,1127.96750748368,1.19829245682183,1.37382598854111,3.04315052721979,20.9764042255415,0.0849040968155061
521,2.51405932812114,0.279857990287433,1.3478394066655,0.064028132596424,0.0732604617928653,0.0742250621685442,1127.96750748368,1.19829245682183,1.37382598854111,3.04315052721979,20.9764042255415,0.0849040968155061
522,2.51405932812114,0.279857990287433,1.3478394066655,0.064028132596424,0.0732604617928653,0.0742250621685442,1127.96750748368,1.19829245682183,1.37382598854111,3.04315052721979,20.9764042255415,0.0849040968155061
523,2.51405932812114,0.279857990287433,1.3478394066655,0.064028132596424,0.0732604617928653,0.0742250621685442,1127.96750748368,1.19829245682183,1.37382598854111,3.04315052721979,20.9764042255415,0.0849040968155061
524,2.51405932812114,0.279857990287433,1.3478394066655,0.064028132596424,0.0732604617928653,0.0742250621685442,1127.96750748368,1.19829245682183,1.37382598854111,3.04315052721979,20.9764042255415,0.0849040968155061
525,2.51405932812114,0.279857990287433,1.3478394066655,0.064028132596424,0.0732604617928653,0.0742250621685442,1127.96750748368,1.19829245682183,1.37382598854111,3.04315052721979,20.9764042255415,0.0849040968155061
526,2.51405932812114,0.279857990287433,1.3478394066655,0.064028132596424,0.0732604617928653,0.0742250621685442,1127.96750748368,1.19829245682183,1.37382598854111,3.04315052721979,20.9764042255415,0.0849040968155061
527,2.51405932812114,0.279857990287433,1.3478394066655,0.064028132596424,0.0732604617928653,0.0742250621685442,1127.96750748368,1.19829245682183,1.37382598854111,3.04315052721979,20.9764042255415,0.0849040968155061
528,2.51405932812114,0.279857990287433,1.3478394066655,0.064028132596424,0.0732604617928653,0.0742250621685442,1127.96750748368,1.19829245682183,1.37382598854111,3.04315052721979,20.9764042255415,0.0849040968155061
529,2.51405932812114,0.279857990287433,1.3478394066655,0.064028132596424,0.0732604617928653,0.0742250621685442,1127.96750748368,1.19829245682183,1.37382598854111,3.04315052721979,20.9764042255415,0.0849040968155061
530,2.51405932812114,0.279857990287433,1.3478394066655,0.064028132596424,0.0732604617928653,0.0742250621685442,1127.96750748368,1.19829245682183,1.37382598854111,3.04315052721979,20.9764042255415,0.0849040968155061
531,2.51405932812114,0.279857990287433,1.3478394066655,0.064028132596424,0.0732604617928653,0.0742250621685442,1127.96750748368,1.19829245682183,1.37382598854111,3.04315052721979,20.9764042255415,0.0849040968155061
532,2.51405932812114,0.279857990287433,1.3478394066655,0.064028132596424,0.0732604617928653,0.0742250621685442,1127.96750748368,1.19829245682183,1.37382598854111,3.04315052721979,20.9764042255415,0.0849040968155061
533,2.51405932812114,0.279857990287433,1.3478394066655,0.064028132596424,0.0732604617928653,0.0742250621685442,1127.96750748368,1.19829245682183,1.37382598854111,3.04315052721979,20.9764042255415,0.0849040968155061
534,2.51405932812114,0.279857990287433,1.3478394066655,0.064028132596424,0.0732604617928653,0.0742250621685442,1127.96750748368,1.19829245682183,1.37382598854111,3.04315052721979,20.9764042255415,0.0849040968155061
535,2.51405932812114,0.279857990287433,1.3478394066655,0.064028132596424,0.0732604617928653,0.0742250621685442,1127.96750748368,1.19829245682183,1.37382598854111,3.04315052721979,20.9764042255415,0.0849040968155061
536,2.51405932812114,0.279857990287433,1.3478394066655,0.064028132596424,0.0732604617928653,0.0742250621685442,1127.96750748368,1.19829245682183,1.37382598854111,3.04315052721979,20.9764042255415,0.0849040968155061
537,2.51405932812114,0.279857990287433,1.3478394066655,0.064028132596424,0.0732604617928653,0.0742250621685442,1127.96750748368,1.19829245682183,1.37382598854111,3.04315052721979,20.9764042255415,0.0849040968155061
538,2.51405932812114,0.279857990287433,1.3478394066655,0.064028132596424,0.0732604617928653,0.0742250621685442,1127.96750748368,1.19829245682183,1.37382598854111,3.04315052721979,20.9764042255415,0.0849040968155061
539,2.51405932812114,0.279857990287433,1.3478394066655,0.064028132596424,0.0732604617928653,0.0742250621685442,1127.96750748368,1.19829245682183,1.37382598854111,3.04315052721979,20.9764042255415,0.0849040968155061
540,2.51405932812114,0.279857990287433,1.3478394066655,0.064028132596424,0.0732604617928653,0.0742250621685442,1127.96750748368,1.19829245682183,1.37382598854111,3.04315052721979,20.9764042255415,0.0849040968155061
541,2.51405932812114,0.279857990287433,1.3478394066655,0.064028132596424,0.0732604617928653,0.0742250621685442,1127.96750748368,1.19829245682183,1.37382598854111,3.04315052721979,20.9764042255415,0.0849040968155061
542,2.51405932812114,0.279857990287433,1.3478394066655,0.064028132596424,0.0732604617928653,0.0742250621685442,1127.96750748368,1.19829245682183,1.37382598854111,3.04315052721979,20.9764042255415,0.0849040968155061
543,2.51405932812114,0.279857990287433,1.3478394066655,0.064028132596424,0.0732604617928653,0.0742250621685442,1127.96750748368,1.19829245682183,1.37382598854111,3.04315052721979,20.9764042255415,0.0849040968155061
544,2.53568933439419,0.281548445230376,1.34558183879006,0.0644995671054682,0.0729011304887444,0.0737866657642052,1119.57681526458,1.20372359450728,1.36593186291717,3.09035695436041,20.9777556732336,0.0840406165293626
545,2.53568933439419,0.281548445230376,1.34558183879006,0.0644995671054682,0.0729011304887444,0.0737866657642052,1119.57681526458,1.20372359450728,1.36593186291717,3.09035695436041,20.9777556732336,0.0840406165293626
546,2.53568933439419,0.281548445230376,1.34558183879006,0.0644995671054682,0.0729011304887444,0.0737866657642052,1119.57681526458,1.20372359450728,1.36593186291717,3.09035695436041,20.9777556732336,0.0840406165293626
547,2.53568933439419,0.281548445230376,1.34558183879006,0.0644995671054682,0.0729011304887444,0.0737866657642052,1119.57681526458,1.20372359450728,1.36593186291717,3.09035695436041,20.9777556732336,0.0840406165293626
548,2.53568933439419,0.281548445230376,1.34558183879006,0.0644995671054682,0.0729011304887444,0.0737866657642052,1119.57681526458,1.20372359450728,1.36593186291717,3.09035695436041,20.9777556732336,0.0840406165293626
549,2.53568933439419,0.281548445230376,1.34558183879006,0.0644995671054682,0.0729011304887444,0.0737866657642052,1119.57681526458,1.20372359450728,1.36593186291717,3.09035695436041,20.9777556732336,0.0840406165293626
550,2.53568933439419,0.281548445230376,1.34558183879006,0.0644995671054682,0.0729011304887444,0.0737866657642052,1119.57681526458,1.20372359450728,1.36593186291717,3.09035695436041,20.9777556732336,0.0840406165293626
551,2.53568933439419,0.281548445230376,1.34558183879006,0.0644995671054682,0.0729011304887444,0.0737866657642052,1119.57681526458,1.20372359450728,1.36593186291717,3.09035695436041,20.9777556732336,0.0840406165293626
552,2.53568933439419,0.281548445230376,1.34558183879006,0.0644995671054682,0.0729011304887444,0.0737866657642052,1119.57681526458,1.20372359450728,1.36593186291717,3.09035695436041,20.9777556732336,0.0840406165293626
553,2.53568933439419,0.281548445230376,1.34558183879006,0.0644995671054682,0.0729011304887444,0.0737866657642052,1119.57681526458,1.20372359450728,1.36593186291717,3.09035695436041,20.9777556732336,0.0840406165293626
554,2.53568933439419,0.281548445230376,1.34558183879006,0.0644995671054682,0.0729011304887444,0.0737866657642052,1119.57681526458,1.20372359450728,1.36593186291717,3.09035695436041,20.9777556732336,0.0840406165293626
555,2.53568933439419,0.281548445230376,1.34558183879006,0.0644995671054682,0.0729011304887444,0.0737866657642052,1119.57681526458,1.20372359450728,1.36593186291717,3.09035695436041,20.9777556732336,0.0840406165293626
556,2.53568933439419,0.281548445230376,1.34558183879006,0.0644995671054682,0.0729011304887444,0.0737866657642052,1119.57681526458,1.20372359450728,1.36593186291717,3.09035695436041,20.9777556732336,0.0840406165293626
557,2.53568933439419,0.281548445230376,1.34558183879006,0.0644995671054682,0.0729011304887444,0.0737866657642052,1119.57681526458,1.20372359450728,1.36593186291717,3.09035695436041,20.9777556732336,0.0840406165293626
558,2.53568933439419,0.281548445230376,1.34558183879006,0.0644995671054682,0.0729011304887444,0.0737866657642052,1119.57681526458,1.20372359450728,1.36593186291717,3.09035695436041,20.9777556732336,0.0840406165293626
559,2.53568933439419,0.281548445230376,1.34558183879006,0.0644995671054682,0.0729011304887444,0.0737866657642052,1119.57681526458,1.20372359450728,1.36593186291717,3.09035695436041,20.9777556732336,0.0840406165293626
560,2.53568933439419,0.281548445230376,1.34558183879006,0.0644995671054682,0.0729011304887444,0.0737866657642052,1119.57681526458,1.20372359450728,1.36593186291717,3.09035695436041,20.9777556732336,0.0840406165293626
561,2.53568933439419,0.281548445230376,1.34558183879006,0.0644995671054682,0.0729011304887444,0.0737866657642052,1119.57681526458,1.20372359450728,1.36593186291717,3.09035695436041,20.9777556732336,0.0840406165293626
562,2.53568933439419,0.281548445230376,1.34558183879006,0.0644995671054682,0.0729011304887444,0.0737866657642052,1119.57681526458,1.20372359450728,1.36593186291717,3.09035695436041,20.9777556732336,0.0840406165293626
563,2.53568933439419,0.281548445230376,1.34558183879006,0.0644995671054682,0.0729011304887444,0.0737866657642052,1119.57681526458,1.20372359450728,1.36593186291717,3.09035695436041,20.9777556732336,0.0840406165293626
564,2.53568933439419,0.281548445230376,1.34558183879006,0.0644995671054682,0.0729011304887444,0.0737866657642052,1119.57681526458,1.20372359450728,1.36593186291717,3.09035695436041,20.9777556732336,0.0840406165293626
565,2.53568933439419,0.281548445230376,1.34558183879006,0.0644995671054682,0.0729011304887444,0.0737866657642052,1119.57681526458,1.20372359450728,1.36593186291717,3.09035695436041,20.9777556732336,0.0840406165293626
566,2.53568933439419,0.281548445230376,1.34558183879006,0.0644995671054682,0.0729011304887444,0.0737866657642052,1119.57681526458,1.20372359450728,1.36593186291717,3.09035695436041,20.9777556732336,0.0840406165293626
567,2.53568933439419,0.281548445230376,1.34558183879006,0.0644995671054682,0.0729011304887444,0.0737866657642052,1119.57681526458,1.20372359450728,1.36593186291717,3.09035695436041,20.9777556732336,0.0840406165293626
568,2.53568933439419,0.281548445230376,1.34558183879006,0.0644995671054682,0.0729011304887444,0.0737866657642052,1119.57681526458,1.20372359450728,1.36593186291717,3.09035695436041,20.9777556732336,0.0840406165293626
569,2.53568933439419,0.281548445230376,1.34558183879006,0.0644995671054682,0.0729011304887444,0.0737866657642052,1119.57681526458,1.20372359450728,1.36593186291717,3.09035695436041,20.9777556732336,0.0840406165293626
570,2.53568933439419,0.281548445230376,1.34558183879006,0.0644995671054682,0.0729011304887444,0.0737866657642052,1119.57681526458,1.20372359450728,1.36593186291717,3.09035695436041,20.9777556732336,0.0840406165293626
571,2.53568933439419,0.281548445230376,1.34558183879006,0.0644995671054682,0.0729011304887444,0.0737866657642052,1119.57681526458,1.20372359450728,1.36593186291717,3.09035695436041,20.9777556732336,0.0840406165293626
572,2.53568933439419,0.281548445230376,1.34558183879006,0.0644995671054682,0.0729011304887444,0.0737866657642052,1119.57681526458,1.20372359450728,1.36593186291717,3.09035695436041,20.9777556732336,0.0840406165293626
573,2.53568933439419,0.281548445230376,1.34558183879006,0.0644995671054682,0.0729011304887444,0.0737866657642052,1119.57681526458,1.20372359450728,1.36593186291717,3.09035695436041,20.9777556732336,0.0840406165293626
574,2.53568933439419,0.281548445230376,1.34558183879006,0.0644995671054682,0.0729011304887444,0.0737866657642052,1119.57681526458,1.20372359450728,1.36593186291717,3.09035695436041,20.9777556732336,0.0840406165293626
575,2.53568933439419,0.281548445230376,1.34558183879006,0.0644995671054682,0.0729011304887444,0.0737866657642052,1119.57681526458,1.20372359450728,1.36593186291717,3.09035695436041,20.9777556732336,0.0840406165293626
576,2.53568933439419,0.281548445230376,1.34558183879006,0.0644995671054682,0.0729011304887444,0.0737866657642052,1119.57681526458,1.20372359450728,1.36593186291717,3.09035695436041,20.9777556732336,0.0840406165293626
577,2.53568933439419,0.281548445230376,1.34558183879006,0.0644995671054682,0.0729011304887444,0.0737866657642052,1119.57681526458,1.20372359450728,1.36593186291717,3.09035695436041,20.9777556732336,0.0840406165293626
578,2.53568933439419,0.281548445230376,1.34558183879006,0.0644995671054682,0.0729011304887444,0.0737866657642052,1119.57681526458,1.20372359450728,1.36593186291717,3.09035695436041,20.9777556732336,0.0840406165293626
579,2.53568933439419,0.281548445230376,1.34558183879006,0.0644995671054682,0.0729011304887444,0.0737866657642052,1119.57681526458,1.20372359450728,1.36593186291717,3.09035695436041,20.9777556732336,0.0840406165293626
580,2.53568933439419,0.281548445230376,1.34558183879006,0.0644995671054682,0.0729011304887444,0.0737866657642052,1119.57681526458,1.20372359450728,1.36593186291717,3.09035695436041,20.9777556732336,0.0840406165293626
581,2.53568933439419,0.281548445230376,1.34558183879006,0.0644995671054682,0.0729011304887444,0.0737866657642052,1119.57681526458,1.20372359450728,1.36593186291717,3.09035695436041,20.9777556732336,0.0840406165293626
582,2.53568933439419,0.281548445230376,1.34558183879006,0.0644995671054682,0.0729011304887444,0.0737866657642052,1119.57681526458,1.20372359450728,1.36593186291717,3.09035695436041,20.9777556732336,0.0840406165293626
583,2.53568933439419,0.281548445230376,1.34558183879006,0.0644995671054682,0.0729011304887444,0.0737866657642052,1119.57681526458,1.20372359450728,1.36593186291717,3.09035695436041,20.9777556732336,0.0840406165293626
584,2.53568933439419,0.281548445230376,1.34558183879006,0.0644995671054682,0.0729011304887444,0.0737866657642052,1119.57681526458,1.20372359450728,1.36593186291717,3.09035695436041,20.9777556732336,0.0840406165293626
585,2.53568933439419,0.281548445230376,1.34558183879006,0.0644995671054682,0.0729011304887444,0.0737866657642052,1119.57681526458,1.20372359450728,1.36593186291717,3.09035695436041,20.9777556732336,0.0840406165293626
586,2.53568933439419,0.281548445230376,1.34558183879006,0.0644995671054682,0.0729011304887444,0.0737866657642052,1119.57681526458,1.20372359450728,1.36593186291717,3.09035695436041,20.9777556732336,0.0840406165293626
587,2.53568933439419,0.281548445230376,1.34558183879006,0.0644995671054682,0.0729011304887444,0.0737866657642052,1119.57681526458,1.20372359450728,1.36593186291717,3.09035695436041,20.9777556732336,0.0840406165293626
588,2.53568933439419,0.281548445230376,1.34558183879006,0.0644995671054682,0.0729011304887444,0.0737866657642052,1119.57681526458,1.20372359450728,1.36593186291717,3.09035695436041,20.9777556732336,0.0840406165293626
589,2.53568933439419,0.281548445230376,1.34558183879006,0.0644995671054682,0.0729011304887444,0.0737866657642052,1119.57681526458,1.20372359450728,1.36593186291717,3.09035695436041,20.9777556732336,0.0840406165293626
590,2.53568933439419,0.281548445230376,1.34558183879006,0.0644995671054682,0.0729011304887444,0.0737866657642052,1119.57681526458,1.20372359450728,1.36593186291717,3.09035695436041,20.9777556732336,0.0840406165293626
591,2.53568933439419,0.281548445230376,1.34558183879006,0.0644995671054682,0.0729011304887444,0.0737866657642052,1119.57681526458,1.20372359450728,1.36593186291717,3.09035695436041,20.9777556732336,0.0840406165293626
592,2.53568933439419,0.281548445230376,1.34558183879006,0.0644995671054682,0.0729011304887444,0.0737866657642052,1119.57681526458,1.20372359450728,1.36593186291717,3.09035695436041,20.9777556732336,0.0840406165293626
593,2.53568933439419,0.281548445230376,1.34558183879006,0.0644995671054682,0.0729011304887444,0.0737866657642052,1119.57681526458,1.20372359450728,1.36593186291717,3.09035695436041,20.9777556732336,0.0840406165293626
594,2.53568933439419,0.281548445230376,1.34558183879006,0.0644995671054682,0.0729011304887444,0.0737866657642052,1119.57681526458,1.20372359450728,1.36593186291717,3.09035695436041,20.9777556732336,0.0840406165293626
595,2.53568933439419,0.281548445230376,1.34558183879006,0.0644995671054682,0.0729011304887444,0.0737866657642052,1119.57681526458,1.20372359450728,1.36593186291717,3.09035695436041,20.9777556732336,0.0840406165293626
596,2.53568933439419,0.281548445230376,1.34558183879006,0.0644995671054682,0.0729011304887444,0.0737866657642052,1119.57681526458,1.20372359450728,1.36593186291717,3.09035695436041,20.9777556732336,0.0840406165293626
597,2.53568933439419,0.281548445230376,1.34558183879006,0.0644995671054682,0.0729011304887444,0.0737866657642052,1119.57681526458,1.20372359450728,1.36593186291717,3.09035695436041,20.9777556732336,0.0840406165293626
598,2.53568933439419,0.281548445230376,1.34558183879006,0.0644995671054682,0.0729011304887444,0.0737866657642052,1119.57681526458,1.20372359450728,1.36593186291717,3.09035695436041,20.9777556732336,0.0840406165293626
599,2.53568933439419,0.281548445230376,1.34558183879006,0.0644995671054682,0.0729011304887444,0.0737866657642052,1119.57681526458,1.20372359450728,1.36593186291717,3.09035695436041,20.9777556732336,0.0840406165293626
600,2.53568933439419,0.281548445230376,1.34558183879006,0.0644995671054682,0.0729011304887444,0.0737866657642052,1119.57681526458,1.20372359450728,1.36593186291717,3.09035695436041,20.9777556732336,0.0840406165293626
601,2.53568933439419,0.281548445230376,1.34558183879006,0.0644995671054682,0.0729011304887444,0.0737866657642052,1119.57681526458,1.20372359450728,1.36593186291717,3.09035695436041,20.9777556732336,0.0840406165293626
602,2.53568933439419,0.281548445230376,1.34558183879006,0.0644995671054682,0.0729011304887444,0.0737866657642052,1119.57681526458,1.20372359450728,1.36593186291717,3.09035695436041,20.9777556732336,0.0840406165293626
603,2.53568933439419,0.281548445230376,1.34558183879006,0.0644995671054682,0.0729011304887444,0.0737866657642052,1119.57681526458,1.20372359450728,1.36593186291717,3.09035695436041,20.9777556732336,0.0840406165293626
604,2.53568933439419,0.281548445230376,1.34558183879006,0.0644995671054682,0.0729011304887444,0.0737866657642052,1119.57681526458,1.20372359450728,1.36593186291717,3.09035695436041,20.9777556732336,0.0840406165293626
605,2.53568933439419,0.281548445230376,1.34558183879006,0.0644995671054682,0.0729011304887444,0.0737866657642052,1119.57681526458,1.20372359450728,1.36593186291717,3.09035695436041,20.9777556732336,0.0840406165293626
606,2.53568933439419,0.281548445230376,1.34558183879006,0.0644995671054682,0.0729011304887444,0.0737866657642052,1119.57681526458,1.20372359450728,1.36593186291717,3.09035695436041,20.9777556732336,0.0840406165293626
607,2.53568933439419,0.281548445230376,1.34558183879006,0.0644995671054682,0.0729011304887444,0.0737866657642052,1119.57681526458,1.20372359450728,1.36593186291717,3.09035695436041,20.9777556732336,0.0840406165293626
608,2.53568933439419,0.281548445230376,1.34558183879006,0.0644995671054682,0.0729011304887444,0.0737866657642052,1119.57681526458,1.20372359450728,1.36593186291717,3.09035695436041,20.9777556732336,0.0840406165293626
609,2.53568933439419,0.281548445230376,1.34558183879006,0.0644995671054682,0.0729011304887444,0.0737866657642052,1119.57681526458,1.20372359450728,1.36593186291717,3.09035695436041,20.9777556732336,0.0840406165293626
610,2.53568933439419,0.281548445230376,1.34558183879006,0.0644995671054682,0.0729011304887444,0.0737866657642052,1119.57681526458,1.20372359450728,1.36593186291717,3.09035695436041,20.9777556732336,0.0840406165293626
611,2.53568933439419,0.281548445230376,1.34558183879006,0.0644995671054682,0.0729011304887444,0.0737866657642052,1119.57681526458,1.20372359450728,1.36593186291717,3.09035695436041,20.9777556732336,0.0840406165293626
612,2.53568933439419,0.281548445230376,1.34558183879006,0.0644995671054682,0.0729011304887444,0.0737866657642052,1119.57681526458,1.20372359450728,1.36593186291717,3.09035695436041,20.9777556732336,0.0840406165293626
613,2.53568933439419,0.281548445230376,1.34558183879006,0.0644995671054682,0.0729011304887444,0.0737866657642052,1119.57681526458,1.20372359450728,1.36593186291717,3.09035695436041,20.9777556732336,0.0840406165293626
614,2.53568933439419,0.281548445230376,1.34558183879006,0.0644995671054682,0.0729011304887444,0.0737866657642052,1119.57681526458,1.20372359450728,1.36593186291717,3.09035695436041,20.9777556732336,0.0840406165293626
615,2.53568933439419,0.281548445230376,1.34558183879006,0.0644995671054682,0.0729011304887444,0.0737866657642052,1119.57681526458,1.20372359450728,1.36593186291717,3.09035695436041,20.9777556732336,0.0840406165293626
616,2.53568933439419,0.281548445230376,1.34558183879006,0.0644995671054682,0.0729011304887444,0.0737866657642052,1119.57681526458,1.20372359450728,1.36593186291717,3.09035695436041,20.9777556732336,0.0840406165293626
617,2.53568933439419,0.281548445230376,1.34558183879006,0.0644995671054682,0.0729011304887444,0.0737866657642052,1119.57681526458,1.20372359450728,1.36593186291717,3.09035695436041,20.9777556732336,0.0840406165293626
618,2.53568933439419,0.281548445230376,1.34558183879006,0.0644995671054682,0.0729011304887444,0.0737866657642052,1119.57681526458,1.20372359450728,1.36593186291717,3.09035695436041,20.9777556732336,0.0840406165293626
619,2.53568933439419,0.281548445230376,1.34558183879006,0.0644995671054682,0.0729011304887444,0.0737866657642052,1119.57681526458,1.20372359450728,1.36593186291717,3.09035695436041,20.9777556732336,0.0840406165293626
620,2.53568933439419,0.281548445230376,1.34558183879006,0.0644995671054682,0.0729011304887444,0.0737866657642052,1119.57681526458,1.20372359450728,1.36593186291717,3.09035695436041,20.9777556732336,0.0840406165293626
621,2.53568933439419,0.281548445230376,1.34558183879006,0.0644995671054682,0.0729011304887444,0.0737866657642052,1119.57681526458,1.20372359450728,1.36593186291717,3.09035695436041,20.9777556732336,0.0840406165293626
622,2.53568933439419,0.281548445230376,1.34558183879006,0.0644995671054682,0.0729011304887444,0.0737866657642052,1119.57681526458,1.20372359450728,1.36593186291717,3.09035695436041,20.9777556732336,0.0840406165293626
623,2.53568933439419,0.281548445230376,1.34558183879006,0.0644995671054682,0.0729011304887444,0.0737866657642052,1119.57681526458,1.20372359450728,1.36593186291717,3.09035695436041,20.9777556732336,0.0840406165293626
624,2.53568933439419,0.281548445230376,1.34558183879006,0.0644995671054682,0.0729011304887444,0.0737866657642052,1119.57681526458,1.20372359450728,1.36593186291717,3.09035695436041,20.9777556732336,0.0840406165293626
625,2.53568933439419,0.281548445230376,1.34558183879006,0.0644995671054682,0.0729011304887444,0.0737866657642052,1119.57681526458,1.20372359450728,1.36593186291717,3.09035695436041,20.9777556732336,0.0840406165293626
626,2.53568933439419,0.281548445230376,1.34558183879006,0.0644995671054682,0.0729011304887444,0.0737866657642052,1119.57681526458,1.20372359450728,1.36593186291717,3.09035695436041,20.9777556732336,0.0840406165293626
627,2.53568933439419,0.281548445230376,1.34558183879006,0.0644995671054682,0.0729011304887444,0.0737866657642052,1119.57681526458,1.20372359450728,1.36593186291717,3.09035695436041,20.9777556732336,0.0840406165293626
628,2.53568933439419,0.281548445230376,1.34558183879006,0.0644995671054682,0.0729011304887444,0.0737866657642052,1119.57681526458,1.20372359450728,1.36593186291717,3.09035695436041,20.9777556732336,0.0840406165293626
629,2.53568933439419,0.281548445230376,1.34558183879006,0.0644995671054682,0.0729011304887444,0.0737866657642052,1119.57681526458,1.20372359450728,1.36593186291717,3.09035695436041,20.9777556732336,0.0840406165293626
630,2.53568933439419,0.281548445230376,1.34558183879006,0.0644995671054682,0.0729011304887444,0.0737866657642052,1119.57681526458,1.20372359450728,1.36593186291717,3.09035695436041,20.9777556732336,0.0840406165293626
631,2.53568933439419,0.281548445230376,1.34558183879006,0.0644995671054682,0.0729011304887444,0.0737866657642052,1119.57681526458,1.20372359450728,1.36593186291717,3.09035695436041,20.9777556732336,0.0840406165293626
632,2.53568933439419,0.281548445230376,1.34558183879006,0.0644995671054682,0.0729011304887444,0.0737866657642052,1119.57681526458,1.20372359450728,1.36593186291717,3.09035695436041,20.9777556732336,0.0840406165293626
633,2.53568933439419,0.281548445230376,1.34558183879006,0.0644995671054682,0.0729011304887444,0.0737866657642052,1119.57681526458,1.20372359450728,1.36593186291717,3.09035695436041,20.9777556732336,0.0840406165293626
634,2.53568933439419,0.281548445230376,1.34558183879006,0.0644995671054682,0.0729011304887444,0.0737866657642052,1119.57681526458,1.20372359450728,1.36593186291717,3.09035695436041,20.9777556732336,0.0840406165293626
635,2.53568933439419,0.281548445230376,1.34558183879006,0.0644995671054682,0.0729011304887444,0.0737866657642052,1119.57681526458,1.20372359450728,1.36593186291717,3.09035695436041,20.9777556732336,0.0840406165293626
636,2.53568933439419,0.281548445230376,1.34558183879006,0.0644995671054682,0.0729011304887444,0.0737866657642052,1119.57681526458,1.20372359450728,1.36593186291717,3.09035695436041,20.9777556732336,0.0840406165293626
637,2.53568933439419,0.281548445230376,1.34558183879006,0.0644995671054682,0.0729011304887444,0.0737866657642052,1119.57681526458,1.20372359450728,1.36593186291717,3.09035695436041,20.9777556732336,0.0840406165293626
638,2.53568933439419,0.281548445230376,1.34558183879006,0.0644995671054682,0.0729011304887444,0.0737866657642052,1119.57681526458,1.20372359450728,1.36593186291717,3.09035695436041,20.9777556732336,0.0840406165293626
639,2.53568933439419,0.281548445230376,1.34558183879006,0.0644995671054682,0.0729011304887444,0.0737866657642052,1119.57681526458,1.20372359450728,1.36593186291717,3.09035695436041,20.9777556732336,0.0840406165293626
640,2.53568933439419,0.281548445230376,1.34558183879006,0.0644995671054682,0.0729011304887444,0.0737866657642052,1119.57681526458,1.20372359450728,1.36593186291717,3.09035695436041,20.9777556732336,0.0840406165293626
641,2.53568933439419,0.281548445230376,1.34558183879006,0.0644995671054682,0.0729011304887444,0.0737866657642052,1119.57681526458,1.20372359450728,1.36593186291717,3.09035695436041,20.9777556732336,0.0840406165293626
642,2.53568933439419,0.281548445230376,1.34558183879006,0.0644995671054682,0.0729011304887444,0.0737866657642052,1119.57681526458,1.20372359450728,1.36593186291717,3.09035695436041,20.9777556732336,0.0840406165293626
643,2.53568933439419,0.281548445230376,1.34558183879006,0.0644995671054682,0.0729011304887444,0.0737866657642052,1119.57681526458,1.20372359450728,1.36593186291717,3.09035695436041,20.9777556732336,0.0840406165293626
644,2.53568933439419,0.281548445230376,1.34558183879006,0.0644995671054682,0.0729011304887444,0.0737866657642052,1119.57681526458,1.20372359450728,1.36593186291717,3.09035695436041,20.9777556732336,0.0840406165293626
645,2.53568933439419,0.281548445230376,1.34558183879006,0.0644995671054682,0.0729011304887444,0.0737866657642052,1119.57681526458,1.20372359450728,1.36593186291717,3.09035695436041,20.9777556732336,0.0840406165293626
646,2.53568933439419,0.281548445230376,1.34558183879006,0.0644995671054682,0.0729011304887444,0.0737866657642052,1119.57681526458,1.20372359450728,1.36593186291717,3.09035695436041,20.9777556732336,0.0840406165293626
647,2.53568933439419,0.281548445230376,1.34558183879006,0.0644995671054682,0.0729011304887444,0.0737866657642052,1119.57681526458,1.20372359450728,1.36593186291717,3.09035695436041,20.9777556732336,0.0840406165293626
648,2.53568933439419,0.281548445230376,1.34558183879006,0.0644995671054682,0.0729011304887444,0.0737866657642052,1119.57681526458,1.20372359450728,1.36593186291717,3.09035695436041,20.9777556732336,0.0840406165293626
649,2.53568933439419,0.281548445230376,1.34558183879006,0.0644995671054682,0.0729011304887444,0.0737866657642052,1119.57681526458,1.20372359450728,1.36593186291717,3.09035695436041,20.9777556732336,0.0840406165293626
650,2.53568933439419,0.281548445230376,1.34558183879006,0.0644995671054682,0.0729011304887444,0.0737866657642052,1119.57681526458,1.20372359450728,1.36593186291717,3.09035695436041,20.9777556732336,0.0840406165293626
651,2.53568933439419,0.281548445230376,1.34558183879006,0.0644995671054682,0.0729011304887444,0.0737866657642052,1119.57681526458,1.20372359450728,1.36593186291717,3.09035695436041,20.9777556732336,0.0840406165293626
652,2.53568933439419,0.281548445230376,1.34558183879006,0.0644995671054682,0.0729011304887444,0.0737866657642052,1119.57681526458,1.20372359450728,1.36593186291717,3.09035695436041,20.9777556732336,0.0840406165293626
653,2.53568933439419,0.281548445230376,1.34558183879006,0.0644995671054682,0.0729011304887444,0.0737866657642052,1119.57681526458,1.20372359450728,1.36593186291717,3.09035695436041,20.9777556732336,0.0840406165293626
654,2.53568933439419,0.281548445230376,1.34558183879006,0.0644995671054682,0.0729011304887444,0.0737866657642052,1119.57681526458,1.20372359450728,1.36593186291717,3.09035695436041,20.9777556732336,0.0840406165293626
655,2.53568933439419,0.281548445230376,1.34558183879006,0.0644995671054682,0.0729011304887444,0.0737866657642052,1119.57681526458,1.20372359450728,1.36593186291717,3.09035695436041,20.9777556732336,0.0840406165293626
656,2.53568933439419,0.281548445230376,1.34558183879006,0.0644995671054682,0.0729011304887444,0.0737866657642052,1119.57681526458,1.20372359450728,1.36593186291717,3.09035695436041,20.9777556732336,0.0840406165293626
657,2.53568933439419,0.281548445230376,1.34558183879006,0.0644995671054682,0.0729011304887444,0.0737866657642052,1119.57681526458,1.20372359450728,1.36593186291717,3.09035695436041,20.9777556732336,0.0840406165293626
658,2.53568933439419,0.281548445230376,1.34558183879006,0.0644995671054682,0.0729011304887444,0.0737866657642052,1119.57681526458,1.20372359450728,1.36593186291717,3.09035695436041,20.9777556732336,0.0840406165293626
659,2.53568933439419,0.281548445230376,1.34558183879006,0.0644995671054682,0.0729011304887444,0.0737866657642052,1119.57681526458,1.20372359450728,1.36593186291717,3.09035695436041,20.9777556732336,0.0840406165293626
660,2.53568933439419,0.281548445230376,1.34558183879006,0.0644995671054682,0.0729011304887444,0.0737866657642052,1119.57681526458,1.20372359450728,1.36593186291717,3.09035695436041,20.9777556732336,0.0840406165293626
661,2.53568933439419,0.281548445230376,1.34558183879006,0.0644995671054682,0.0729011304887444,0.0737866657642052,1119.57681526458,1.20372359450728,1.36593186291717,3.09035695436041,20.9777556732336,0.0840406165293626
662,2.53568933439419,0.281548445230376,1.34558183879006,0.0644995671054682,0.0729011304887444,0.0737866657642052,1119.57681526458,1.20372359450728,1.36593186291717,3.09035695436041,20.9777556732336,0.0840406165293626
663,2.53568933439419,0.281548445230376,1.34558183879006,0.0644995671054682,0.0729011304887444,0.0737866657642052,1119.57681526458,1.20372359450728,1.36593186291717,3.09035695436041,20.9777556732336,0.0840406165293626
664,2.53568933439419,0.281548445230376,1.34558183879006,0.0644995671054682,0.0729011304887444,0.0737866657642052,1119.57681526458,1.20372359450728,1.36593186291717,3.09035695436041,20.9777556732336,0.0840406165293626
665,2.53568933439419,0.281548445230376,1.34558183879006,0.0644995671054682,0.0729011304887444,0.0737866657642052,1119.57681526458,1.20372359450728,1.36593186291717,3.09035695436041,20.9777556732336,0.0840406165293626
666,2.53568933439419,0.281548445230376,1.34558183879006,0.0644995671054682,0.0729011304887444,0.0737866657642052,1119.57681526458,1.20372359450728,1.36593186291717,3.09035695436041,20.9777556732336,0.0840406165293626
667,2.53568933439419,0.281548445230376,1.34558183879006,0.0644995671054682,0.0729011304887444,0.0737866657642052,1119.57681526458,1.20372359450728,1.36593186291717,3.09035695436041,20.9777556732336,0.0840406165293626
668,2.53568933439419,0.281548445230376,1.34558183879006,0.0644995671054682,0.0729011304887444,0.0737866657642052,1119.57681526458,1.20372359450728,1.36593186291717,3.09035695436041,20.9777556732336,0.0840406165293626
669,2.53568933439419,0.281548445230376,1.34558183879006,0.0644995671054682,0.0729011304887444,0.0737866657642052,1119.57681526458,1.20372359450728,1.36593186291717,3.09035695436041,20.9777556732336,0.0840406165293626
670,2.53568933439419,0.281548445230376,1.34558183879006,0.0644995671054682,0.0729011304887444,0.0737866657642052,1119.57681526458,1.20372359450728,1.36593186291717,3.09035695436041,20.9777556732336,0.0840406165293626
671,2.53568933439419,0.281548445230376,1.34558183879006,0.0644995671054682,0.0729011304887444,0.0737866657642052,1119.57681526458,1.20372359450728,1.36593186291717,3.09035695436041,20.9777556732336,0.0840406165293626
672,2.53568933439419,0.281548445230376,1.34558183879006,0.0644995671054682,0.0729011304887444,0.0737866657642052,1119.57681526458,1.20372359450728,1.36593186291717,3.09035695436041,20.9777556732336,0.0840406165293626
673,2.53568933439419,0.281548445230376,1.34558183879006,0.0644995671054682,0.0729011304887444,0.0737866657642052,1119.57681526458,1.20372359450728,1.36593186291717,3.09035695436041,20.9777556732336,0.0840406165293626
674,2.53568933439419,0.281548445230376,1.34558183879006,0.0644995671054682,0.0729011304887444,0.0737866657642052,1119.57681526458,1.20372359450728,1.36593186291717,3.09035695436041,20.9777556732336,0.0840406165293626
675,2.53568933439419,0.281548445230376,1.34558183879006,0.0644995671054682,0.0729011304887444,0.0737866657642052,1119.57681526458,1.20372359450728,1.36593186291717,3.09035695436041,20.9777556732336,0.0840406165293626
676,2.53568933439419,0.281548445230376,1.34558183879006,0.0644995671054682,0.0729011304887444,0.0737866657642052,1119.57681526458,1.20372359450728,1.36593186291717,3.09035695436041,20.9777556732336,0.0840406165293626
677,2.53568933439419,0.281548445230376,1.34558183879006,0.0644995671054682,0.0729011304887444,0.0737866657642052,1119.57681526458,1.20372359450728,1.36593186291717,3.09035695436041,20.9777556732336,0.0840406165293626
678,2.54581904821286,0.28453669617992,1.3410848124428,0.0644779350148758,0.0740208972199407,0.0737226493740843,1123.76111083298,1.19357528871363,1.36413038332557,3.05515471870348,20.9232916037733,0.0838260817064642
679,2.54581904821286,0.28453669617992,1.3410848124428,0.0644779350148758,0.0740208972199407,0.0737226493740843,1123.76111083298,1.19357528871363,1.36413038332557,3.05515471870348,20.9232916037733,0.0838260817064642
680,2.54581904821286,0.28453669617992,1.3410848124428,0.0644779350148758,0.0740208972199407,0.0737226493740843,1123.76111083298,1.19357528871363,1.36413038332557,3.05515471870348,20.9232916037733,0.0838260817064642
681,2.54581904821286,0.28453669617992,1.3410848124428,0.0644779350148758,0.0740208972199407,0.0737226493740843,1123.76111083298,1.19357528871363,1.36413038332557,3.05515471870348,20.9232916037733,0.0838260817064642
682,2.54581904821286,0.28453669617992,1.3410848124428,0.0644779350148758,0.0740208972199407,0.0737226493740843,1123.76111083298,1.19357528871363,1.36413038332557,3.05515471870348,20.9232916037733,0.0838260817064642
683,2.54581904821286,0.28453669617992,1.3410848124428,0.0644779350148758,0.0740208972199407,0.0737226493740843,1123.76111083298,1.19357528871363,1.36413038332557,3.05515471870348,20.9232916037733,0.0838260817064642
684,2.54581904821286,0.28453669617992,1.3410848124428,0.0644779350148758,0.0740208972199407,0.0737226493740843,1123.76111083298,1.19357528871363,1.36413038332557,3.05515471870348,20.9232916037733,0.0838260817064642
685,2.54581904821286,0.28453669617992,1.3410848124428,0.0644779350148758,0.0740208972199407,0.0737226493740843,1123.76111083298,1.19357528871363,1.36413038332557,3.05515471870348,20.9232916037733,0.0838260817064642
686,2.54581904821286,0.28453669617992,1.3410848124428,0.0644779350148758,0.0740208972199407,0.0737226493740843,1123.76111083298,1.19357528871363,1.36413038332557,3.05515471870348,20.9232916037733,0.0838260817064642
687,2.54581904821286,0.28453669617992,1.3410848124428,0.0644779350148758,0.0740208972199407,0.0737226493740843,1123.76111083298,1.19357528871363,1.36413038332557,3.05515471870348,20.9232916037733,0.0838260817064642
688,2.54581904821286,0.28453669617992,1.3410848124428,0.0644779350148758,0.0740208972199407,0.0737226493740843,1123.76111083298,1.19357528871363,1.36413038332557,3.05515471870348,20.9232916037733,0.0838260817064642
689,2.54581904821286,0.28453669617992,1.3410848124428,0.0644779350148758,0.0740208972199407,0.0737226493740843,1123.76111083298,1.19357528871363,1.36413038332557,3.05515471870348,20.9232916037733,0.0838260817064642
690,2.54581904821286,0.28453669617992,1.3410848124428,0.0644779350148758,0.0740208972199407,0.0737226493740843,1123.76111083298,1.19357528871363,1.36413038332557,3.05515471870348,20.9232916037733,0.0838260817064642
691,2.54581904821286,0.28453669617992,1.3410848124428,0.0644779350148758,0.0740208972199407,0.0737226493740843,1123.76111083298,1.19357528871363,1.36413038332557,3.05515471870348,20.9232916037733,0.0838260817064642
692,2.54581904821286,0.28453669617992,1.3410848124428,0.0644779350148758,0.0740208972199407,0.0737226493740843,1123.76111083298,1.19357528871363,1.36413038332557,3.05515471870348,20.9232916037733,0.0838260817064642
693,2.54581904821286,0.28453669617992,1.3410848124428,0.0644779350148758,0.0740208972199407,0.0737226493740843,1123.76111083298,1.19357528871363,1.36413038332557,3.05515471870348,20.9232916037733,0.0838260817064642
694,2.54581904821286,0.28453669617992,1.3410848124428,0.0644779350148758,0.0740208972199407,0.0737226493740843,1123.76111083298,1.19357528871363,1.36413038332557,3.05515471870348,20.9232916037733,0.0838260817064642
695,2.54581904821286,0.28453669617992,1.3410848124428,0.0644779350148758,0.0740208972199407,0.0737226493740843,1123.76111083298,1.19357528871363,1.36413038332557,3.05515471870348,20.9232916037733,0.0838260817064642
696,2.54581904821286,0.28453669617992,1.3410848124428,0.0644779350148758,0.0740208972199407,0.0737226493740843,1123.76111083298,1.19357528871363,1.36413038332557,3.05515471870348,20.9232916037733,0.0838260817064642
697,2.54581904821286,0.28453669617992,1.3410848124428,0.0644779350148758,0.0740208972199407,0.0737226493740843,1123.76111083298,1.19357528871363,1.36413038332557,3.05515471870348,20.9232916037733,0.0838260817064642
698,2.54581904821286,0.28453669617992,1.3410848124428,0.0644779350148758,0.0740208972199407,0.0737226493740843,1123.76111083298,1.19357528871363,1.36413038332557,3.05515471870348,20.9232916037733,0.0838260817064642
699,2.54581904821286,0.28453669617992,1.3410848124428,0.0644779350148758,0.0740208972199407,0.0737226493740843,1123.76111083298,1.19357528871363,1.36413038332557,3.05515471870348,20.9232916037733,0.0838260817064642
700,2.54581904821286,0.28453669617992,1.3410848124428,0.0644779350148758,0.0740208972199407,0.0737226493740843,1123.76111083298,1.19357528871363,1.36413038332557,3.05515471870348,20.9232916037733,0.0838260817064642
701,2.54581904821286,0.28453669617992,1.3410848124428,0.0644779350148758,0.0740208972199407,0.0737226493740843,1123.76111083298,1.19357528871363,1.36413038332557,3.05515471870348,20.9232916037733,0.0838260817064642
702,2.54581904821286,0.28453669617992,1.3410848124428,0.0644779350148758,0.0740208972199407,0.0737226493740843,1123.76111083298,1.19357528871363,1.36413038332557,3.05515471870348,20.9232916037733,0.0838260817064642
703,2.54581904821286,0.28453669617992,1.3410848124428,0.0644779350148758,0.0740208972199407,0.0737226493740843,1123.76111083298,1.19357528871363,1.36413038332557,3.05515471870348,20.9232916037733,0.0838260817064642
704,2.54581904821286,0.28453669617992,1.3410848124428,0.0644779350148758,0.0740208972199407,0.0737226493740843,1123.76111083298,1.19357528871363,1.36413038332557,3.05515471870348,20.9232916037733,0.0838260817064642
705,2.54581904821286,0.28453669617992,1.3410848124428,0.0644779350148758,0.0740208972199407,0.0737226493740843,1123.76111083298,1.19357528871363,1.36413038332557,3.05515471870348,20.9232916037733,0.0838260817064642
706,2.54581904821286,0.28453669617992,1.3410848124428,0.0644779350148758,0.0740208972199407,0.0737226493740843,1123.76111083298,1.19357528871363,1.36413038332557,3.05515471870348,20.9232916037733,0.0838260817064642
707,2.54581904821286,0.28453669617992,1.3410848124428,0.0644779350148758,0.0740208972199407,0.0737226493740843,1123.76111083298,1.19357528871363,1.36413038332557,3.05515471870348,20.9232916037733,0.0838260817064642
708,2.54581904821286,0.28453669617992,1.3410848124428,0.0644779350148758,0.0740208972199407,0.0737226493740843,1123.76111083298,1.19357528871363,1.36413038332557,3.05515471870348,20.9232916037733,0.0838260817064642
709,2.54581904821286,0.28453669617992,1.3410848124428,0.0644779350148758,0.0740208972199407,0.0737226493740843,1123.76111083298,1.19357528871363,1.36413038332557,3.05515471870348,20.9232916037733,0.0838260817064642
710,2.54581904821286,0.28453669617992,1.3410848124428,0.0644779350148758,0.0740208972199407,0.0737226493740843,1123.76111083298,1.19357528871363,1.36413038332557,3.05515471870348,20.9232916037733,0.0838260817064642
711,2.54581904821286,0.28453669617992,1.3410848124428,0.0644779350148758,0.0740208972199407,0.0737226493740843,1123.76111083298,1.19357528871363,1.36413038332557,3.05515471870348,20.9232916037733,0.0838260817064642
712,2.54581904821286,0.28453669617992,1.3410848124428,0.0644779350148758,0.0740208972199407,0.0737226493740843,1123.76111083298,1.19357528871363,1.36413038332557,3.05515471870348,20.9232916037733,0.0838260817064642
713,2.54581904821286,0.28453669617992,1.3410848124428,0.0644779350148758,0.0740208972199407,0.0737226493740843,1123.76111083298,1.19357528871363,1.36413038332557,3.05515471870348,20.9232916037733,0.0838260817064642
714,2.54581904821286,0.28453669617992,1.3410848124428,0.0644779350148758,0.0740208972199407,0.0737226493740843,1123.76111083298,1.19357528871363,1.36413038332557,3.05515471870348,20.9232916037733,0.0838260817064642
715,2.54581904821286,0.28453669617992,1.3410848124428,0.0644779350148758,0.0740208972199407,0.0737226493740843,1123.76111083298,1.19357528871363,1.36413038332557,3.05515471870348,20.9232916037733,0.0838260817064642
716,2.54581904821286,0.28453669617992,1.3410848124428,0.0644779350148758,0.0740208972199407,0.0737226493740843,1123.76111083298,1.19357528871363,1.36413038332557,3.05515471870348,20.9232916037733,0.0838260817064642
717,2.54581904821286,0.28453669617992,1.3410848124428,0.0644779350148758,0.0740208972199407,0.0737226493740843,1123.76111083298,1.19357528871363,1.36413038332557,3.05515471870348,20.9232916037733,0.0838260817064642
718,2.54581904821286,0.28453669617992,1.3410848124428,0.0644779350148758,0.0740208972199407,0.0737226493740843,1123.76111083298,1.19357528871363,1.36413038332557,3.05515471870348,20.9232916037733,0.0838260817064642
719,2.54581904821286,0.28453669617992,1.3410848124428,0.0644779350148758,0.0740208972199407,0.0737226493740843,1123.76111083298,1.19357528871363,1.36413038332557,3.05515471870348,20.9232916037733,0.0838260817064642
720,2.54581904821286,0.28453669617992,1.3410848124428,0.0644779350148758,0.0740208972199407,0.0737226493740843,1123.76111083298,1.19357528871363,1.36413038332557,3.05515471870348,20.9232916037733,0.0838260817064642
721,2.54581904821286,0.28453669617992,1.3410848124428,0.0644779350148758,0.0740208972199407,0.0737226493740843,1123.76111083298,1.19357528871363,1.36413038332557,3.05515471870348,20.9232916037733,0.0838260817064642
722,2.54581904821286,0.28453669617992,1.3410848124428,0.0644779350148758,0.0740208972199407,0.0737226493740843,1123.76111083298,1.19357528871363,1.36413038332557,3.05515471870348,20.9232916037733,0.0838260817064642
723,2.54581904821286,0.28453669617992,1.3410848124428,0.0644779350148758,0.0740208972199407,0.0737226493740843,1123.76111083298,1.19357528871363,1.36413038332557,3.05515471870348,20.9232916037733,0.0838260817064642
724,2.54581904821286,0.28453669617992,1.3410848124428,0.0644779350148758,0.0740208972199407,0.0737226493740843,1123.76111083298,1.19357528871363,1.36413038332557,3.05515471870348,20.9232916037733,0.0838260817064642
725,2.54581904821286,0.28453669617992,1.3410848124428,0.0644779350148758,0.0740208972199407,0.0737226493740843,1123.76111083298,1.19357528871363,1.36413038332557,3.05515471870348,20.9232916037733,0.0838260817064642
726,2.54581904821286,0.28453669617992,1.3410848124428,0.0644779350148758,0.0740208972199407,0.0737226493740843,1123.76111083298,1.19357528871363,1.36413038332557,3.05515471870348,20.9232916037733,0.0838260817064642
727,2.54581904821286,0.28453669617992,1.3410848124428,0.0644779350148758,0.0740208972199407,0.0737226493740843,1123.76111083298,1.19357528871363,1.36413038332557,3.05515471870348,20.9232916037733,0.0838260817064642
728,2.54581904821286,0.28453669617992,1.3410848124428,0.0644779350148758,0.0740208972199407,0.0737226493740843,1123.76111083298,1.19357528871363,1.36413038332557,3.05515471870348,20.9232916037733,0.0838260817064642
729,2.54581904821286,0.28453669617992,1.3410848124428,0.0644779350148758,0.0740208972199407,0.0737226493740843,1123.76111083298,1.19357528871363,1.36413038332557,3.05515471870348,20.9232916037733,0.0838260817064642
730,2.54581904821286,0.28453669617992,1.3410848124428,0.0644779350148758,0.0740208972199407,0.0737226493740843,1123.76111083298,1.19357528871363,1.36413038332557,3.05515471870348,20.9232916037733,0.0838260817064642
731,2.54581904821286,0.28453669617992,1.3410848124428,0.0644779350148758,0.0740208972199407,0.0737226493740843,1123.76111083298,1.19357528871363,1.36413038332557,3.05515471870348,20.9232916037733,0.0838260817064642
732,2.54581904821286,0.28453669617992,1.3410848124428,0.0644779350148758,0.0740208972199407,0.0737226493740843,1123.76111083298,1.19357528871363,1.36413038332557,3.05515471870348,20.9232916037733,0.0838260817064642
733,2.54581904821286,0.28453669617992,1.3410848124428,0.0644779350148758,0.0740208972199407,0.0737226493740843,1123.76111083298,1.19357528871363,1.36413038332557,3.05515471870348,20.9232916037733,0.0838260817064642
734,2.54581904821286,0.28453669617992,1.3410848124428,0.0644779350148758,0.0740208972199407,0.0737226493740843,1123.76111083298,1.19357528871363,1.36413038332557,3.05515471870348,20.9232916037733,0.0838260817064642
735,2.54581904821286,0.28453669617992,1.3410848124428,0.0644779350148758,0.0740208972199407,0.0737226493740843,1123.76111083298,1.19357528871363,1.36413038332557,3.05515471870348,20.9232916037733,0.0838260817064642
736,2.54581904821286,0.28453669617992,1.3410848124428,0.0644779350148758,0.0740208972199407,0.0737226493740843,1123.76111083298,1.19357528871363,1.36413038332557,3.05515471870348,20.9232916037733,0.0838260817064642
737,2.54581904821286,0.28453669617992,1.3410848124428,0.0644779350148758,0.0740208972199407,0.0737226493740843,1123.76111083298,1.19357528871363,1.36413038332557,3.05515471870348,20.9232916037733,0.0838260817064642
738,2.54581904821286,0.28453669617992,1.3410848124428,0.0644779350148758,0.0740208972199407,0.0737226493740843,1123.76111083298,1.19357528871363,1.36413038332557,3.05515471870348,20.9232916037733,0.0838260817064642
739,2.54581904821286,0.28453669617992,1.3410848124428,0.0644779350148758,0.0740208972199407,0.0737226493740843,1123.76111083298,1.19357528871363,1.36413038332557,3.05515471870348,20.9232916037733,0.0838260817064642
740,2.54581904821286,0.28453669617992,1.3410848124428,0.0644779350148758,0.0740208972199407,0.0737226493740843,1123.76111083298,1.19357528871363,1.36413038332557,3.05515471870348,20.9232916037733,0.0838260817064642
741,2.54581904821286,0.28453669617992,1.3410848124428,0.0644779350148758,0.0740208972199407,0.0737226493740843,1123.76111083298,1.19357528871363,1.36413038332557,3.05515471870348,20.9232916037733,0.0838260817064642
742,2.54581904821286,0.28453669617992,1.3410848124428,0.0644779350148758,0.0740208972199407,0.0737226493740843,1123.76111083298,1.19357528871363,1.36413038332557,3.05515471870348,20.9232916037733,0.0838260817064642
743,2.54581904821286,0.28453669617992,1.3410848124428,0.0644779350148758,0.0740208972199407,0.0737226493740843,1123.76111083298,1.19357528871363,1.36413038332557,3.05515471870348,20.9232916037733,0.0838260817064642
744,2.54581904821286,0.28453669617992,1.3410848124428,0.0644779350148758,0.0740208972199407,0.0737226493740843,1123.76111083298,1.19357528871363,1.36413038332557,3.05515471870348,20.9232916037733,0.0838260817064642
745,2.54581904821286,0.28453669617992,1.3410848124428,0.0644779350148758,0.0740208972199407,0.0737226493740843,1123.76111083298,1.19357528871363,1.36413038332557,3.05515471870348,20.9232916037733,0.0838260817064642
746,2.54581904821286,0.28453669617992,1.3410848124428,0.0644779350148758,0.0740208972199407,0.0737226493740843,1123.76111083298,1.19357528871363,1.36413038332557,3.05515471870348,20.9232916037733,0.0838260817064642
747,2.54581904821286,0.28453669617992,1.3410848124428,0.0644779350148758,0.0740208972199407,0.0737226493740843,1123.76111083298,1.19357528871363,1.36413038332557,3.05515471870348,20.9232916037733,0.0838260817064642
748,2.54581904821286,0.28453669617992,1.3410848124428,0.0644779350148758,0.0740208972199407,0.0737226493740843,1123.76111083298,1.19357528871363,1.36413038332557,3.05515471870348,20.9232916037733,0.0838260817064642
749,2.54581904821286,0.28453669617992,1.3410848124428,0.0644779350148758,0.0740208972199407,0.0737226493740843,1123.76111083298,1.19357528871363,1.36413038332557,3.05515471870348,20.9232916037733,0.0838260817064642
750,2.54581904821286,0.28453669617992,1.3410848124428,0.0644779350148758,0.0740208972199407,0.0737226493740843,1123.76111083298,1.19357528871363,1.36413038332557,3.05515471870348,20.9232916037733,0.0838260817064642
751,2.54581904821286,0.28453669617992,1.3410848124428,0.0644779350148758,0.0740208972199407,0.0737226493740843,1123.76111083298,1.19357528871363,1.36413038332557,3.05515471870348,20.9232916037733,0.0838260817064642
752,2.54581904821286,0.28453669617992,1.3410848124428,0.0644779350148758,0.0740208972199407,0.0737226493740843,1123.76111083298,1.19357528871363,1.36413038332557,3.05515471870348,20.9232916037733,0.0838260817064642
753,2.54581904821286,0.28453669617992,1.3410848124428,0.0644779350148758,0.0740208972199407,0.0737226493740843,1123.76111083298,1.19357528871363,1.36413038332557,3.05515471870348,20.9232916037733,0.0838260817064642
754,2.54581904821286,0.28453669617992,1.3410848124428,0.0644779350148758,0.0740208972199407,0.0737226493740843,1123.76111083298,1.19357528871363,1.36413038332557,3.05515471870348,20.9232916037733,0.0838260817064642
755,2.54581904821286,0.28453669617992,1.3410848124428,0.0644779350148758,0.0740208972199407,0.0737226493740843,1123.76111083298,1.19357528871363,1.36413038332557,3.05515471870348,20.9232916037733,0.0838260817064642
756,2.54581904821286,0.28453669617992,1.3410848124428,0.0644779350148758,0.0740208972199407,0.0737226493740843,1123.76111083298,1.19357528871363,1.36413038332557,3.05515471870348,20.9232916037733,0.0838260817064642
757,2.54581904821286,0.28453669617992,1.3410848124428,0.0644779350148758,0.0740208972199407,0.0737226493740843,1123.76111083298,1.19357528871363,1.36413038332557,3.05515471870348,20.9232916037733,0.0838260817064642
758,2.54581904821286,0.28453669617992,1.3410848124428,0.0644779350148758,0.0740208972199407,0.0737226493740843,1123.76111083298,1.19357528871363,1.36413038332557,3.05515471870348,20.9232916037733,0.0838260817064642
759,2.54581904821286,0.28453669617992,1.3410848124428,0.0644779350148758,0.0740208972199407,0.0737226493740843,1123.76111083298,1.19357528871363,1.36413038332557,3.05515471870348,20.9232916037733,0.0838260817064642
760,2.54581904821286,0.28453669617992,1.3410848124428,0.0644779350148758,0.0740208972199407,0.0737226493740843,1123.76111083298,1.19357528871363,1.36413038332557,3.05515471870348,20.9232916037733,0.0838260817064642
761,2.54581904821286,0.28453669617992,1.3410848124428,0.0644779350148758,0.0740208972199407,0.0737226493740843,1123.76111083298,1.19357528871363,1.36413038332557,3.05515471870348,20.9232916037733,0.0838260817064642
762,2.54581904821286,0.28453669617992,1.3410848124428,0.0644779350148758,0.0740208972199407,0.0737226493740843,1123.76111083298,1.19357528871363,1.36413038332557,3.05515471870348,20.9232916037733,0.0838260817064642
763,2.54581904821286,0.28453669617992,1.3410848124428,0.0644779350148758,0.0740208972199407,0.0737226493740843,1123.76111083298,1.19357528871363,1.36413038332557,3.05515471870348,20.9232916037733,0.0838260817064642
764,2.54581904821286,0.28453669617992,1.3410848124428,0.0644779350148758,0.0740208972199407,0.0737226493740843,1123.76111083298,1.19357528871363,1.36413038332557,3.05515471870348,20.9232916037733,0.0838260817064642
765,2.54581904821286,0.28453669617992,1.3410848124428,0.0644779350148758,0.0740208972199407,0.0737226493740843,1123.76111083298,1.19357528871363,1.36413038332557,3.05515471870348,20.9232916037733,0.0838260817064642
766,2.54581904821286,0.28453669617992,1.3410848124428,0.0644779350148758,0.0740208972199407,0.0737226493740843,1123.76111083298,1.19357528871363,1.36413038332557,3.05515471870348,20.9232916037733,0.0838260817064642
767,2.54581904821286,0.28453669617992,1.3410848124428,0.0644779350148758,0.0740208972199407,0.0737226493740843,1123.76111083298,1.19357528871363,1.36413038332557,3.05515471870348,20.9232916037733,0.0838260817064642
768,2.54581904821286,0.28453669617992,1.3410848124428,0.0644779350148758,0.0740208972199407,0.0737226493740843,1123.76111083298,1.19357528871363,1.36413038332557,3.05515471870348,20.9232916037733,0.0838260817064642
769,2.54581904821286,0.28453669617992,1.3410848124428,0.0644779350148758,0.0740208972199407,0.0737226493740843,1123.76111083298,1.19357528871363,1.36413038332557,3.05515471870348,20.9232916037733,0.0838260817064642
770,2.54581904821286,0.28453669617992,1.3410848124428,0.0644779350148758,0.0740208972199407,0.0737226493740843,1123.76111083298,1.19357528871363,1.36413038332557,3.05515471870348,20.9232916037733,0.0838260817064642
771,2.54581904821286,0.28453669617992,1.3410848124428,0.0644779350148758,0.0740208972199407,0.0737226493740843,1123.76111083298,1.19357528871363,1.36413038332557,3.05515471870348,20.9232916037733,0.0838260817064642
772,2.54581904821286,0.28453669617992,1.3410848124428,0.0644779350148758,0.0740208972199407,0.0737226493740843,1123.76111083298,1.19357528871363,1.36413038332557,3.05515471870348,20.9232916037733,0.0838260817064642
773,2.54581904821286,0.28453669617992,1.3410848124428,0.0644779350148758,0.0740208972199407,0.0737226493740843,1123.76111083298,1.19357528871363,1.36413038332557,3.05515471870348,20.9232916037733,0.0838260817064642
774,2.54581904821286,0.28453669617992,1.3410848124428,0.0644779350148758,0.0740208972199407,0.0737226493740843,1123.76111083298,1.19357528871363,1.36413038332557,3.05515471870348,20.9232916037733,0.0838260817064642
775,2.54581904821286,0.28453669617992,1.3410848124428,0.0644779350148758,0.0740208972199407,0.0737226493740843,1123.76111083298,1.19357528871363,1.36413038332557,3.05515471870348,20.9232916037733,0.0838260817064642
776,2.54581904821286,0.28453669617992,1.3410848124428,0.0644779350148758,0.0740208972199407,0.0737226493740843,1123.76111083298,1.19357528871363,1.36413038332557,3.05515471870348,20.9232916037733,0.0838260817064642
777,2.54581904821286,0.28453669617992,1.3410848124428,0.0644779350148758,0.0740208972199407,0.0737226493740843,1123.76111083298,1.19357528871363,1.36413038332557,3.05515471870348,20.9232916037733,0.0838260817064642
778,2.54581904821286,0.28453669617992,1.3410848124428,0.0644779350148758,0.0740208972199407,0.0737226493740843,1123.76111083298,1.19357528871363,1.36413038332557,3.05515471870348,20.9232916037733,0.0838260817064642
779,2.54581904821286,0.28453669617992,1.3410848124428,0.0644779350148758,0.0740208972199407,0.0737226493740843,1123.76111083298,1.19357528871363,1.36413038332557,3.05515471870348,20.9232916037733,0.0838260817064642
780,2.54581904821286,0.28453669617992,1.3410848124428,0.0644779350148758,0.0740208972199407,0.0737226493740843,1123.76111083298,1.19357528871363,1.36413038332557,3.05515471870348,20.9232916037733,0.0838260817064642
781,2.54581904821286,0.28453669617992,1.3410848124428,0.0644779350148758,0.0740208972199407,0.0737226493740843,1123.76111083298,1.19357528871363,1.36413038332557,3.05515471870348,20.9232916037733,0.0838260817064642
782,2.54581904821286,0.28453669617992,1.3410848124428,0.0644779350148758,0.0740208972199407,0.0737226493740843,1123.76111083298,1.19357528871363,1.36413038332557,3.05515471870348,20.9232916037733,0.0838260817064642
783,2.54581904821286,0.28453669617992,1.3410848124428,0.0644779350148758,0.0740208972199407,0.0737226493740843,1123.76111083298,1.19357528871363,1.36413038332557,3.05515471870348,20.9232916037733,0.0838260817064642
784,2.54581904821286,0.28453669617992,1.3410848124428,0.0644779350148758,0.0740208972199407,0.0737226493740843,1123.76111083298,1.19357528871363,1.36413038332557,3.05515471870348,20.9232916037733,0.0838260817064642
785,2.54581904821286,0.28453669617992,1.3410848124428,0.0644779350148758,0.0740208972199407,0.0737226493740843,1123.76111083298,1.19357528871363,1.36413038332557,3.05515471870348,20.9232916037733,0.0838260817064642
786,2.54581904821286,0.28453669617992,1.3410848124428,0.0644779350148758,0.0740208972199407,0.0737226493740843,1123.76111083298,1.19357528871363,1.36413038332557,3.05515471870348,20.9232916037733,0.0838260817064642
787,2.54581904821286,0.28453669617992,1.3410848124428,0.0644779350148758,0.0740208972199407,0.0737226493740843,1123.76111083298,1.19357528871363,1.36413038332557,3.05515471870348,20.9232916037733,0.0838260817064642
788,2.54581904821286,0.28453669617992,1.3410848124428,0.0644779350148758,0.0740208972199407,0.0737226493740843,1123.76111083298,1.19357528871363,1.36413038332557,3.05515471870348,20.9232916037733,0.0838260817064642
789,2.54581904821286,0.28453669617992,1.3410848124428,0.0644779350148758,0.0740208972199407,0.0737226493740843,1123.76111083298,1.19357528871363,1.36413038332557,3.05515471870348,20.9232916037733,0.0838260817064642
790,2.54581904821286,0.28453669617992,1.3410848124428,0.0644779350148758,0.0740208972199407,0.0737226493740843,1123.76111083298,1.19357528871363,1.36413038332557,3.05515471870348,20.9232916037733,0.0838260817064642
791,2.54581904821286,0.28453669617992,1.3410848124428,0.0644779350148758,0.0740208972199407,0.0737226493740843,1123.76111083298,1.19357528871363,1.36413038332557,3.05515471870348,20.9232916037733,0.0838260817064642
792,2.54581904821286,0.28453669617992,1.3410848124428,0.0644779350148758,0.0740208972199407,0.0737226493740843,1123.76111083298,1.19357528871363,1.36413038332557,3.05515471870348,20.9232916037733,0.0838260817064642
793,2.54581904821286,0.28453669617992,1.3410848124428,0.0644779350148758,0.0740208972199407,0.0737226493740843,1123.76111083298,1.19357528871363,1.36413038332557,3.05515471870348,20.9232916037733,0.0838260817064642
794,2.54581904821286,0.28453669617992,1.3410848124428,0.0644779350148758,0.0740208972199407,0.0737226493740843,1123.76111083298,1.19357528871363,1.36413038332557,3.05515471870348,20.9232916037733,0.0838260817064642
795,2.54581904821286,0.28453669617992,1.3410848124428,0.0644779350148758,0.0740208972199407,0.0737226493740843,1123.76111083298,1.19357528871363,1.36413038332557,3.05515471870348,20.9232916037733,0.0838260817064642
796,2.54581904821286,0.28453669617992,1.3410848124428,0.0644779350148758,0.0740208972199407,0.0737226493740843,1123.76111083298,1.19357528871363,1.36413038332557,3.05515471870348,20.9232916037733,0.0838260817064642
797,2.54581904821286,0.28453669617992,1.3410848124428,0.0644779350148758,0.0740208972199407,0.0737226493740843,1123.76111083298,1.19357528871363,1.36413038332557,3.05515471870348,20.9232916037733,0.0838260817064642
798,2.54581904821286,0.28453669617992,1.3410848124428,0.0644779350148758,0.0740208972199407,0.0737226493740843,1123.76111083298,1.19357528871363,1.36413038332557,3.05515471870348,20.9232916037733,0.0838260817064642
799,2.54581904821286,0.28453669617992,1.3410848124428,0.0644779350148758,0.0740208972199407,0.0737226493740843,1123.76111083298,1.19357528871363,1.36413038332557,3.05515471870348,20.9232916037733,0.0838260817064642
800,2.54581904821286,0.28453669617992,1.3410848124428,0.0644779350148758,0.0740208972199407,0.0737226493740843,1123.76111083298,1.19357528871363,1.36413038332557,3.05515471870348,20.9232916037733,0.0838260817064642
801,2.54581904821286,0.28453669617992,1.3410848124428,0.0644779350148758,0.0740208972199407,0.0737226493740843,1123.76111083298,1.19357528871363,1.36413038332557,3.05515471870348,20.9232916037733,0.0838260817064642
802,2.54581904821286,0.28453669617992,1.3410848124428,0.0644779350148758,0.0740208972199407,0.0737226493740843,1123.76111083298,1.19357528871363,1.36413038332557,3.05515471870348,20.9232916037733,0.0838260817064642
803,2.54581904821286,0.28453669617992,1.3410848124428,0.0644779350148758,0.0740208972199407,0.0737226493740843,1123.76111083298,1.19357528871363,1.36413038332557,3.05515471870348,20.9232916037733,0.0838260817064642
804,2.54581904821286,0.28453669617992,1.3410848124428,0.0644779350148758,0.0740208972199407,0.0737226493740843,1123.76111083298,1.19357528871363,1.36413038332557,3.05515471870348,20.9232916037733,0.0838260817064642
805,2.54581904821286,0.28453669617992,1.3410848124428,0.0644779350148758,0.0740208972199407,0.0737226493740843,1123.76111083298,1.19357528871363,1.36413038332557,3.05515471870348,20.9232916037733,0.0838260817064642
806,2.54581904821286,0.28453669617992,1.3410848124428,0.0644779350148758,0.0740208972199407,0.0737226493740843,1123.76111083298,1.19357528871363,1.36413038332557,3.05515471870348,20.9232916037733,0.0838260817064642
807,2.54581904821286,0.28453669617992,1.3410848124428,0.0644779350148758,0.0740208972199407,0.0737226493740843,1123.76111083298,1.19357528871363,1.36413038332557,3.05515471870348,20.9232916037733,0.0838260817064642
808,2.54581904821286,0.28453669617992,1.3410848124428,0.0644779350148758,0.0740208972199407,0.0737226493740843,1123.76111083298,1.19357528871363,1.36413038332557,3.05515471870348,20.9232916037733,0.0838260817064642
809,2.54581904821286,0.28453669617992,1.3410848124428,0.0644779350148758,0.0740208972199407,0.0737226493740843,1123.76111083298,1.19357528871363,1.36413038332557,3.05515471870348,20.9232916037733,0.0838260817064642
810,2.54581904821286,0.28453669617992,1.3410848124428,0.0644779350148758,0.0740208972199407,0.0737226493740843,1123.76111083298,1.19357528871363,1.36413038332557,3.05515471870348,20.9232916037733,0.0838260817064642
811,2.54581904821286,0.28453669617992,1.3410848124428,0.0644779350148758,0.0740208972199407,0.0737226493740843,1123.76111083298,1.19357528871363,1.36413038332557,3.05515471870348,20.9232916037733,0.0838260817064642
812,2.54581904821286,0.28453669617992,1.3410848124428,0.0644779350148758,0.0740208972199407,0.0737226493740843,1123.76111083298,1.19357528871363,1.36413038332557,3.05515471870348,20.9232916037733,0.0838260817064642
813,2.54581904821286,0.28453669617992,1.3410848124428,0.0644779350148758,0.0740208972199407,0.0737226493740843,1123.76111083298,1.19357528871363,1.36413038332557,3.05515471870348,20.9232916037733,0.0838260817064642
814,2.54581904821286,0.28453669617992,1.3410848124428,0.0644779350148758,0.0740208972199407,0.0737226493740843,1123.76111083298,1.19357528871363,1.36413038332557,3.05515471870348,20.9232916037733,0.0838260817064642
815,2.54581904821286,0.28453669617992,1.3410848124428,0.0644779350148758,0.0740208972199407,0.0737226493740843,1123.76111083298,1.19357528871363,1.36413038332557,3.05515471870348,20.9232916037733,0.0838260817064642
816,2.54581904821286,0.28453669617992,1.3410848124428,0.0644779350148758,0.0740208972199407,0.0737226493740843,1123.76111083298,1.19357528871363,1.36413038332557,3.05515471870348,20.9232916037733,0.0838260817064642
817,2.54581904821286,0.28453669617992,1.3410848124428,0.0644779350148758,0.0740208972199407,0.0737226493740843,1123.76111083298,1.19357528871363,1.36413038332557,3.05515471870348,20.9232916037733,0.0838260817064642
818,2.54581904821286,0.28453669617992,1.3410848124428,0.0644779350148758,0.0740208972199407,0.0737226493740843,1123.76111083298,1.19357528871363,1.36413038332557,3.05515471870348,20.9232916037733,0.0838260817064642
819,2.54581904821286,0.28453669617992,1.3410848124428,0.0644779350148758,0.0740208972199407,0.0737226493740843,1123.76111083298,1.19357528871363,1.36413038332557,3.05515471870348,20.9232916037733,0.0838260817064642
820,2.54581904821286,0.28453669617992,1.3410848124428,0.0644779350148758,0.0740208972199407,0.0737226493740843,1123.76111083298,1.19357528871363,1.36413038332557,3.05515471870348,20.9232916037733,0.0838260817064642
821,2.54581904821286,0.28453669617992,1.3410848124428,0.0644779350148758,0.0740208972199407,0.0737226493740843,1123.76111083298,1.19357528871363,1.36413038332557,3.05515471870348,20.9232916037733,0.0838260817064642
822,2.54581904821286,0.28453669617992,1.3410848124428,0.0644779350148758,0.0740208972199407,0.0737226493740843,1123.76111083298,1.19357528871363,1.36413038332557,3.05515471870348,20.9232916037733,0.0838260817064642
823,2.54581904821286,0.28453669617992,1.3410848124428,0.0644779350148758,0.0740208972199407,0.0737226493740843,1123.76111083298,1.19357528871363,1.36413038332557,3.05515471870348,20.9232916037733,0.0838260817064642
824,2.54581904821286,0.28453669617992,1.3410848124428,0.0644779350148758,0.0740208972199407,0.0737226493740843,1123.76111083298,1.19357528871363,1.36413038332557,3.05515471870348,20.9232916037733,0.0838260817064642
825,2.54581904821286,0.28453669617992,1.3410848124428,0.0644779350148758,0.0740208972199407,0.0737226493740843,1123.76111083298,1.19357528871363,1.36413038332557,3.05515471870348,20.9232916037733,0.0838260817064642
826,2.54581904821286,0.28453669617992,1.3410848124428,0.0644779350148758,0.0740208972199407,0.0737226493740843,1123.76111083298,1.19357528871363,1.36413038332557,3.05515471870348,20.9232916037733,0.0838260817064642
827,2.54581904821286,0.28453669617992,1.3410848124428,0.0644779350148758,0.0740208972199407,0.0737226493740843,1123.76111083298,1.19357528871363,1.36413038332557,3.05515471870348,20.9232916037733,0.0838260817064642
828,2.54581904821286,0.28453669617992,1.3410848124428,0.0644779350148758,0.0740208972199407,0.0737226493740843,1123.76111083298,1.19357528871363,1.36413038332557,3.05515471870348,20.9232916037733,0.0838260817064642
829,2.54581904821286,0.28453669617992,1.3410848124428,0.0644779350148758,0.0740208972199407,0.0737226493740843,1123.76111083298,1.19357528871363,1.36413038332557,3.05515471870348,20.9232916037733,0.0838260817064642
830,2.54581904821286,0.28453669617992,1.3410848124428,0.0644779350148758,0.0740208972199407,0.0737226493740843,1123.76111083298,1.19357528871363,1.36413038332557,3.05515471870348,20.9232916037733,0.0838260817064642
831,2.54581904821286,0.28453669617992,1.3410848124428,0.0644779350148758,0.0740208972199407,0.0737226493740843,1123.76111083298,1.19357528871363,1.36413038332557,3.05515471870348,20.9232916037733,0.0838260817064642
832,2.54581904821286,0.28453669617992,1.3410848124428,0.0644779350148758,0.0740208972199407,0.0737226493740843,1123.76111083298,1.19357528871363,1.36413038332557,3.05515471870348,20.9232916037733,0.0838260817064642
833,2.54581904821286,0.28453669617992,1.3410848124428,0.0644779350148758,0.0740208972199407,0.0737226493740843,1123.76111083298,1.19357528871363,1.36413038332557,3.05515471870348,20.9232916037733,0.0838260817064642
834,2.54581904821286,0.28453669617992,1.3410848124428,0.0644779350148758,0.0740208972199407,0.0737226493740843,1123.76111083298,1.19357528871363,1.36413038332557,3.05515471870348,20.9232916037733,0.0838260817064642
835,2.54581904821286,0.28453669617992,1.3410848124428,0.0644779350148758,0.0740208972199407,0.0737226493740843,1123.76111083298,1.19357528871363,1.36413038332557,3.05515471870348,20.9232916037733,0.0838260817064642
836,2.54581904821286,0.28453669617992,1.3410848124428,0.0644779350148758,0.0740208972199407,0.0737226493740843,1123.76111083298,1.19357528871363,1.36413038332557,3.05515471870348,20.9232916037733,0.0838260817064642
837,2.54581904821286,0.28453669617992,1.3410848124428,0.0644779350148758,0.0740208972199407,0.0737226493740843,1123.76111083298,1.19357528871363,1.36413038332557,3.05515471870348,20.9232916037733,0.0838260817064642
838,2.54581904821286,0.28453669617992,1.3410848124428,0.0644779350148758,0.0740208972199407,0.0737226493740843,1123.76111083298,1.19357528871363,1.36413038332557,3.05515471870348,20.9232916037733,0.0838260817064642
839,2.54581904821286,0.28453669617992,1.3410848124428,0.0644779350148758,0.0740208972199407,0.0737226493740843,1123.76111083298,1.19357528871363,1.36413038332557,3.05515471870348,20.9232916037733,0.0838260817064642
840,2.54581904821286,0.28453669617992,1.3410848124428,0.0644779350148758,0.0740208972199407,0.0737226493740843,1123.76111083298,1.19357528871363,1.36413038332557,3.05515471870348,20.9232916037733,0.0838260817064642
841,2.54581904821286,0.28453669617992,1.3410848124428,0.0644779350148758,0.0740208972199407,0.0737226493740843,1123.76111083298,1.19357528871363,1.36413038332557,3.05515471870348,20.9232916037733,0.0838260817064642
842,2.54581904821286,0.28453669617992,1.3410848124428,0.0644779350148758,0.0740208972199407,0.0737226493740843,1123.76111083298,1.19357528871363,1.36413038332557,3.05515471870348,20.9232916037733,0.0838260817064642
843,2.54581904821286,0.28453669617992,1.3410848124428,0.0644779350148758,0.0740208972199407,0.0737226493740843,1123.76111083298,1.19357528871363,1.36413038332557,3.05515471870348,20.9232916037733,0.0838260817064642
844,2.54581904821286,0.28453669617992,1.3410848124428,0.0644779350148758,0.0740208972199407,0.0737226493740843,1123.76111083298,1.19357528871363,1.36413038332557,3.05515471870348,20.9232916037733,0.0838260817064642
845,2.54581904821286,0.28453669617992,1.3410848124428,0.0644779350148758,0.0740208972199407,0.0737226493740843,1123.76111083298,1.19357528871363,1.36413038332557,3.05515471870348,20.9232916037733,0.0838260817064642
846,2.54581904821286,0.28453669617992,1.3410848124428,0.0644779350148758,0.0740208972199407,0.0737226493740843,1123.76111083298,1.19357528871363,1.36413038332557,3.05515471870348,20.9232916037733,0.0838260817064642
847,2.54581904821286,0.28453669617992,1.3410848124428,0.0644779350148758,0.0740208972199407,0.0737226493740843,1123.76111083298,1.19357528871363,1.36413038332557,3.05515471870348,20.9232916037733,0.0838260817064642
848,2.54581904821286,0.28453669617992,1.3410848124428,0.0644779350148758,0.0740208972199407,0.0737226493740843,1123.76111083298,1.19357528871363,1.36413038332557,3.05515471870348,20.9232916037733,0.0838260817064642
849,2.54581904821286,0.28453669617992,1.3410848124428,0.0644779350148758,0.0740208972199407,0.0737226493740843,1123.76111083298,1.19357528871363,1.36413038332557,3.05515471870348,20.9232916037733,0.0838260817064642
850,2.54581904821286,0.28453669617992,1.3410848124428,0.0644779350148758,0.0740208972199407,0.0737226493740843,1123.76111083298,1.19357528871363,1.36413038332557,3.05515471870348,20.9232916037733,0.0838260817064642
851,2.54581904821286,0.28453669617992,1.3410848124428,0.0644779350148758,0.0740208972199407,0.0737226493740843,1123.76111083298,1.19357528871363,1.36413038332557,3.05515471870348,20.9232916037733,0.0838260817064642
852,2.54581904821286,0.28453669617992,1.3410848124428,0.0644779350148758,0.0740208972199407,0.0737226493740843,1123.76111083298,1.19357528871363,1.36413038332557,3.05515471870348,20.9232916037733,0.0838260817064642
853,2.54581904821286,0.28453669617992,1.3410848124428,0.0644779350148758,0.0740208972199407,0.0737226493740843,1123.76111083298,1.19357528871363,1.36413038332557,3.05515471870348,20.9232916037733,0.0838260817064642
854,2.54581904821286,0.28453669617992,1.3410848124428,0.0644779350148758,0.0740208972199407,0.0737226493740843,1123.76111083298,1.19357528871363,1.36413038332557,3.05515471870348,20.9232916037733,0.0838260817064642
855,2.54581904821286,0.28453669617992,1.3410848124428,0.0644779350148758,0.0740208972199407,0.0737226493740843,1123.76111083298,1.19357528871363,1.36413038332557,3.05515471870348,20.9232916037733,0.0838260817064642
856,2.54581904821286,0.28453669617992,1.3410848124428,0.0644779350148758,0.0740208972199407,0.0737226493740843,1123.76111083298,1.19357528871363,1.36413038332557,3.05515471870348,20.9232916037733,0.0838260817064642
857,2.54581904821286,0.28453669617992,1.3410848124428,0.0644779350148758,0.0740208972199407,0.0737226493740843,1123.76111083298,1.19357528871363,1.36413038332557,3.05515471870348,20.9232916037733,0.0838260817064642
858,2.54581904821286,0.28453669617992,1.3410848124428,0.0644779350148758,0.0740208972199407,0.0737226493740843,1123.76111083298,1.19357528871363,1.36413038332557,3.05515471870348,20.9232916037733,0.0838260817064642
859,2.54581904821286,0.28453669617992,1.3410848124428,0.0644779350148758,0.0740208972199407,0.0737226493740843,1123.76111083298,1.19357528871363,1.36413038332557,3.05515471870348,20.9232916037733,0.0838260817064642
860,2.54581904821286,0.28453669617992,1.3410848124428,0.0644779350148758,0.0740208972199407,0.0737226493740843,1123.76111083298,1.19357528871363,1.36413038332557,3.05515471870348,20.9232916037733,0.0838260817064642
861,2.54581904821286,0.28453669617992,1.3410848124428,0.0644779350148758,0.0740208972199407,0.0737226493740843,1123.76111083298,1.19357528871363,1.36413038332557,3.05515471870348,20.9232916037733,0.0838260817064642
862,2.54581904821286,0.28453669617992,1.3410848124428,0.0644779350148758,0.0740208972199407,0.0737226493740843,1123.76111083298,1.19357528871363,1.36413038332557,3.05515471870348,20.9232916037733,0.0838260817064642
863,2.54581904821286,0.28453669617992,1.3410848124428,0.0644779350148758,0.0740208972199407,0.0737226493740843,1123.76111083298,1.19357528871363,1.36413038332557,3.05515471870348,20.9232916037733,0.0838260817064642
864,2.54581904821286,0.28453669617992,1.3410848124428,0.0644779350148758,0.0740208972199407,0.0737226493740843,1123.76111083298,1.19357528871363,1.36413038332557,3.05515471870348,20.9232916037733,0.0838260817064642
865,2.54581904821286,0.28453669617992,1.3410848124428,0.0644779350148758,0.0740208972199407,0.0737226493740843,1123.76111083298,1.19357528871363,1.36413038332557,3.05515471870348,20.9232916037733,0.0838260817064642
866,2.54581904821286,0.28453669617992,1.3410848124428,0.0644779350148758,0.0740208972199407,0.0737226493740843,1123.76111083298,1.19357528871363,1.36413038332557,3.05515471870348,20.9232916037733,0.0838260817064642
867,2.54581904821286,0.28453669617992,1.3410848124428,0.0644779350148758,0.0740208972199407,0.0737226493740843,1123.76111083298,1.19357528871363,1.36413038332557,3.05515471870348,20.9232916037733,0.0838260817064642
868,2.54581904821286,0.28453669617992,1.3410848124428,0.0644779350148758,0.0740208972199407,0.0737226493740843,1123.76111083298,1.19357528871363,1.36413038332557,3.05515471870348,20.9232916037733,0.0838260817064642
869,2.54581904821286,0.28453669617992,1.3410848124428,0.0644779350148758,0.0740208972199407,0.0737226493740843,1123.76111083298,1.19357528871363,1.36413038332557,3.05515471870348,20.9232916037733,0.0838260817064642
870,2.54581904821286,0.28453669617992,1.3410848124428,0.0644779350148758,0.0740208972199407,0.0737226493740843,1123.76111083298,1.19357528871363,1.36413038332557,3.05515471870348,20.9232916037733,0.0838260817064642
871,2.54581904821286,0.28453669617992,1.3410848124428,0.0644779350148758,0.0740208972199407,0.0737226493740843,1123.76111083298,1.19357528871363,1.36413038332557,3.05515471870348,20.9232916037733,0.0838260817064642
872,2.54581904821286,0.28453669617992,1.3410848124428,0.0644779350148758,0.0740208972199407,0.0737226493740843,1123.76111083298,1.19357528871363,1.36413038332557,3.05515471870348,20.9232916037733,0.0838260817064642
873,2.54581904821286,0.28453669617992,1.3410848124428,0.0644779350148758,0.0740208972199407,0.0737226493740843,1123.76111083298,1.19357528871363,1.36413038332557,3.05515471870348,20.9232916037733,0.0838260817064642
874,2.54581904821286,0.28453669617992,1.3410848124428,0.0644779350148758,0.0740208972199407,0.0737226493740843,1123.76111083298,1.19357528871363,1.36413038332557,3.05515471870348,20.9232916037733,0.0838260817064642
875,2.54581904821286,0.28453669617992,1.3410848124428,0.0644779350148758,0.0740208972199407,0.0737226493740843,1123.76111083298,1.19357528871363,1.36413038332557,3.05515471870348,20.9232916037733,0.0838260817064642
876,2.54581904821286,0.28453669617992,1.3410848124428,0.0644779350148758,0.0740208972199407,0.0737226493740843,1123.76111083298,1.19357528871363,1.36413038332557,3.05515471870348,20.9232916037733,0.0838260817064642
877,2.54581904821286,0.28453669617992,1.3410848124428,0.0644779350148758,0.0740208972199407,0.0737226493740843,1123.76111083298,1.19357528871363,1.36413038332557,3.05515471870348,20.9232916037733,0.0838260817064642
878,2.54581904821286,0.28453669617992,1.3410848124428,0.0644779350148758,0.0740208972199407,0.0737226493740843,1123.76111083298,1.19357528871363,1.36413038332557,3.05515471870348,20.9232916037733,0.0838260817064642
879,2.54581904821286,0.28453669617992,1.3410848124428,0.0644779350148758,0.0740208972199407,0.0737226493740843,1123.76111083298,1.19357528871363,1.36413038332557,3.05515471870348,20.9232916037733,0.0838260817064642
880,2.54581904821286,0.28453669617992,1.3410848124428,0.0644779350148758,0.0740208972199407,0.0737226493740843,1123.76111083298,1.19357528871363,1.36413038332557,3.05515471870348,20.9232916037733,0.0838260817064642
881,2.54581904821286,0.28453669617992,1.3410848124428,0.0644779350148758,0.0740208972199407,0.0737226493740843,1123.76111083298,1.19357528871363,1.36413038332557,3.05515471870348,20.9232916037733,0.0838260817064642
882,2.54581904821286,0.28453669617992,1.3410848124428,0.0644779350148758,0.0740208972199407,0.0737226493740843,1123.76111083298,1.19357528871363,1.36413038332557,3.05515471870348,20.9232916037733,0.0838260817064642
883,2.54581904821286,0.28453669617992,1.3410848124428,0.0644779350148758,0.0740208972199407,0.0737226493740843,1123.76111083298,1.19357528871363,1.36413038332557,3.05515471870348,20.9232916037733,0.0838260817064642
884,2.54581904821286,0.28453669617992,1.3410848124428,0.0644779350148758,0.0740208972199407,0.0737226493740843,1123.76111083298,1.19357528871363,1.36413038332557,3.05515471870348,20.9232916037733,0.0838260817064642
885,2.54581904821286,0.28453669617992,1.3410848124428,0.0644779350148758,0.0740208972199407,0.0737226493740843,1123.76111083298,1.19357528871363,1.36413038332557,3.05515471870348,20.9232916037733,0.0838260817064642
886,2.54581904821286,0.28453669617992,1.3410848124428,0.0644779350148758,0.0740208972199407,0.0737226493740843,1123.76111083298,1.19357528871363,1.36413038332557,3.05515471870348,20.9232916037733,0.0838260817064642
887,2.54581904821286,0.28453669617992,1.3410848124428,0.0644779350148758,0.0740208972199407,0.0737226493740843,1123.76111083298,1.19357528871363,1.36413038332557,3.05515471870348,20.9232916037733,0.0838260817064642
888,2.54581904821286,0.28453669617992,1.3410848124428,0.0644779350148758,0.0740208972199407,0.0737226493740843,1123.76111083298,1.19357528871363,1.36413038332557,3.05515471870348,20.9232916037733,0.0838260817064642
889,2.54581904821286,0.28453669617992,1.3410848124428,0.0644779350148758,0.0740208972199407,0.0737226493740843,1123.76111083298,1.19357528871363,1.36413038332557,3.05515471870348,20.9232916037733,0.0838260817064642
890,2.54581904821286,0.28453669617992,1.3410848124428,0.0644779350148758,0.0740208972199407,0.0737226493740843,1123.76111083298,1.19357528871363,1.36413038332557,3.05515471870348,20.9232916037733,0.0838260817064642
891,2.54581904821286,0.28453669617992,1.3410848124428,0.0644779350148758,0.0740208972199407,0.0737226493740843,1123.76111083298,1.19357528871363,1.36413038332557,3.05515471870348,20.9232916037733,0.0838260817064642
892,2.54581904821286,0.28453669617992,1.3410848124428,0.0644779350148758,0.0740208972199407,0.0737226493740843,1123.76111083298,1.19357528871363,1.36413038332557,3.05515471870348,20.9232916037733,0.0838260817064642
893,2.54581904821286,0.28453669617992,1.3410848124428,0.0644779350148758,0.0740208972199407,0.0737226493740843,1123.76111083298,1.19357528871363,1.36413038332557,3.05515471870348,20.9232916037733,0.0838260817064642
894,2.54581904821286,0.28453669617992,1.3410848124428,0.0644779350148758,0.0740208972199407,0.0737226493740843,1123.76111083298,1.19357528871363,1.36413038332557,3.05515471870348,20.9232916037733,0.0838260817064642
895,2.54581904821286,0.28453669617992,1.3410848124428,0.0644779350148758,0.0740208972199407,0.0737226493740843,1123.76111083298,1.19357528871363,1.36413038332557,3.05515471870348,20.9232916037733,0.0838260817064642
896,2.54581904821286,0.28453669617992,1.3410848124428,0.0644779350148758,0.0740208972199407,0.0737226493740843,1123.76111083298,1.19357528871363,1.36413038332557,3.05515471870348,20.9232916037733,0.0838260817064642
897,2.54581904821286,0.28453669617992,1.3410848124428,0.0644779350148758,0.0740208972199407,0.0737226493740843,1123.76111083298,1.19357528871363,1.36413038332557,3.05515471870348,20.9232916037733,0.0838260817064642
898,2.54581904821286,0.28453669617992,1.3410848124428,0.0644779350148758,0.0740208972199407,0.0737226493740843,1123.76111083298,1.19357528871363,1.36413038332557,3.05515471870348,20.9232916037733,0.0838260817064642
899,2.54581904821286,0.28453669617992,1.3410848124428,0.0644779350148758,0.0740208972199407,0.0737226493740843,1123.76111083298,1.19357528871363,1.36413038332557,3.05515471870348,20.9232916037733,0.0838260817064642
900,2.54581904821286,0.28453669617992,1.3410848124428,0.0644779350148758,0.0740208972199407,0.0737226493740843,1123.76111083298,1.19357528871363,1.36413038332557,3.05515471870348,20.9232916037733,0.0838260817064642
901,2.54581904821286,0.28453669617992,1.3410848124428,0.0644779350148758,0.0740208972199407,0.0737226493740843,1123.76111083298,1.19357528871363,1.36413038332557,3.05515471870348,20.9232916037733,0.0838260817064642
902,2.54581904821286,0.28453669617992,1.3410848124428,0.0644779350148758,0.0740208972199407,0.0737226493740843,1123.76111083298,1.19357528871363,1.36413038332557,3.05515471870348,20.9232916037733,0.0838260817064642
903,2.54581904821286,0.28453669617992,1.3410848124428,0.0644779350148758,0.0740208972199407,0.0737226493740843,1123.76111083298,1.19357528871363,1.36413038332557,3.05515471870348,20.9232916037733,0.0838260817064642
904,2.54581904821286,0.28453669617992,1.3410848124428,0.0644779350148758,0.0740208972199407,0.0737226493740843,1123.76111083298,1.19357528871363,1.36413038332557,3.05515471870348,20.9232916037733,0.0838260817064642
905,2.54581904821286,0.28453669617992,1.3410848124428,0.0644779350148758,0.0740208972199407,0.0737226493740843,1123.76111083298,1.19357528871363,1.36413038332557,3.05515471870348,20.9232916037733,0.0838260817064642
906,2.54581904821286,0.28453669617992,1.3410848124428,0.0644779350148758,0.0740208972199407,0.0737226493740843,1123.76111083298,1.19357528871363,1.36413038332557,3.05515471870348,20.9232916037733,0.0838260817064642
907,2.54581904821286,0.28453669617992,1.3410848124428,0.0644779350148758,0.0740208972199407,0.0737226493740843,1123.76111083298,1.19357528871363,1.36413038332557,3.05515471870348,20.9232916037733,0.0838260817064642
908,2.54581904821286,0.28453669617992,1.3410848124428,0.0644779350148758,0.0740208972199407,0.0737226493740843,1123.76111083298,1.19357528871363,1.36413038332557,3.05515471870348,20.9232916037733,0.0838260817064642
909,2.54581904821286,0.28453669617992,1.3410848124428,0.0644779350148758,0.0740208972199407,0.0737226493740843,1123.76111083298,1.19357528871363,1.36413038332557,3.05515471870348,20.9232916037733,0.0838260817064642
910,2.54581904821286,0.28453669617992,1.3410848124428,0.0644779350148758,0.0740208972199407,0.0737226493740843,1123.76111083298,1.19357528871363,1.36413038332557,3.05515471870348,20.9232916037733,0.0838260817064642
911,2.54581904821286,0.28453669617992,1.3410848124428,0.0644779350148758,0.0740208972199407,0.0737226493740843,1123.76111083298,1.19357528871363,1.36413038332557,3.05515471870348,20.9232916037733,0.0838260817064642
912,2.54581904821286,0.28453669617992,1.3410848124428,0.0644779350148758,0.0740208972199407,0.0737226493740843,1123.76111083298,1.19357528871363,1.36413038332557,3.05515471870348,20.9232916037733,0.0838260817064642
913,2.54581904821286,0.28453669617992,1.3410848124428,0.0644779350148758,0.0740208972199407,0.0737226493740843,1123.76111083298,1.19357528871363,1.36413038332557,3.05515471870348,20.9232916037733,0.0838260817064642
914,2.54581904821286,0.28453669617992,1.3410848124428,0.0644779350148758,0.0740208972199407,0.0737226493740843,1123.76111083298,1.19357528871363,1.36413038332557,3.05515471870348,20.9232916037733,0.0838260817064642
915,2.54581904821286,0.28453669617992,1.3410848124428,0.0644779350148758,0.0740208972199407,0.0737226493740843,1123.76111083298,1.19357528871363,1.36413038332557,3.05515471870348,20.9232916037733,0.0838260817064642
916,2.54581904821286,0.28453669617992,1.3410848124428,0.0644779350148758,0.0740208972199407,0.0737226493740843,1123.76111083298,1.19357528871363,1.36413038332557,3.05515471870348,20.9232916037733,0.0838260817064642
917,2.54581904821286,0.28453669617992,1.3410848124428,0.0644779350148758,0.0740208972199407,0.0737226493740843,1123.76111083298,1.19357528871363,1.36413038332557,3.05515471870348,20.9232916037733,0.0838260817064642
918,2.54581904821286,0.28453669617992,1.3410848124428,0.0644779350148758,0.0740208972199407,0.0737226493740843,1123.76111083298,1.19357528871363,1.36413038332557,3.05515471870348,20.9232916037733,0.0838260817064642
919,2.54581904821286,0.28453669617992,1.3410848124428,0.0644779350148758,0.0740208972199407,0.0737226493740843,1123.76111083298,1.19357528871363,1.36413038332557,3.05515471870348,20.9232916037733,0.0838260817064642
920,2.54581904821286,0.28453669617992,1.3410848124428,0.0644779350148758,0.0740208972199407,0.0737226493740843,1123.76111083298,1.19357528871363,1.36413038332557,3.05515471870348,20.9232916037733,0.0838260817064642
921,2.54581904821286,0.28453669617992,1.3410848124428,0.0644779350148758,0.0740208972199407,0.0737226493740843,1123.76111083298,1.19357528871363,1.36413038332557,3.05515471870348,20.9232916037733,0.0838260817064642
922,2.54581904821286,0.28453669617992,1.3410848124428,0.0644779350148758,0.0740208972199407,0.0737226493740843,1123.76111083298,1.19357528871363,1.36413038332557,3.05515471870348,20.9232916037733,0.0838260817064642
923,2.54581904821286,0.28453669617992,1.3410848124428,0.0644779350148758,0.0740208972199407,0.0737226493740843,1123.76111083298,1.19357528871363,1.36413038332557,3.05515471870348,20.9232916037733,0.0838260817064642
924,2.54581904821286,0.28453669617992,1.3410848124428,0.0644779350148758,0.0740208972199407,0.0737226493740843,1123.76111083298,1.19357528871363,1.36413038332557,3.05515471870348,20.9232916037733,0.0838260817064642
925,2.54581904821286,0.28453669617992,1.3410848124428,0.0644779350148758,0.0740208972199407,0.0737226493740843,1123.76111083298,1.19357528871363,1.36413038332557,3.05515471870348,20.9232916037733,0.0838260817064642
926,2.54581904821286,0.28453669617992,1.3410848124428,0.0644779350148758,0.0740208972199407,0.0737226493740843,1123.76111083298,1.19357528871363,1.36413038332557,3.05515471870348,20.9232916037733,0.0838260817064642
927,2.54581904821286,0.28453669617992,1.3410848124428,0.0644779350148758,0.0740208972199407,0.0737226493740843,1123.76111083298,1.19357528871363,1.36413038332557,3.05515471870348,20.9232916037733,0.0838260817064642
928,2.54581904821286,0.28453669617992,1.3410848124428,0.0644779350148758,0.0740208972199407,0.0737226493740843,1123.76111083298,1.19357528871363,1.36413038332557,3.05515471870348,20.9232916037733,0.0838260817064642
929,2.54581904821286,0.28453669617992,1.3410848124428,0.0644779350148758,0.0740208972199407,0.0737226493740843,1123.76111083298,1.19357528871363,1.36413038332557,3.05515471870348,20.9232916037733,0.0838260817064642
930,2.54581904821286,0.28453669617992,1.3410848124428,0.0644779350148758,0.0740208972199407,0.0737226493740843,1123.76111083298,1.19357528871363,1.36413038332557,3.05515471870348,20.9232916037733,0.0838260817064642
931,2.54581904821286,0.28453669617992,1.3410848124428,0.0644779350148758,0.0740208972199407,0.0737226493740843,1123.76111083298,1.19357528871363,1.36413038332557,3.05515471870348,20.9232916037733,0.0838260817064642
932,2.54581904821286,0.28453669617992,1.3410848124428,0.0644779350148758,0.0740208972199407,0.0737226493740843,1123.76111083298,1.19357528871363,1.36413038332557,3.05515471870348,20.9232916037733,0.0838260817064642
933,2.54581904821286,0.28453669617992,1.3410848124428,0.0644779350148758,0.0740208972199407,0.0737226493740843,1123.76111083298,1.19357528871363,1.36413038332557,3.05515471870348,20.9232916037733,0.0838260817064642
934,2.54581904821286,0.28453669617992,1.3410848124428,0.0644779350148758,0.0740208972199407,0.0737226493740843,1123.76111083298,1.19357528871363,1.36413038332557,3.05515471870348,20.9232916037733,0.0838260817064642
935,2.54581904821286,0.28453669617992,1.3410848124428,0.0644779350148758,0.0740208972199407,0.0737226493740843,1123.76111083298,1.19357528871363,1.36413038332557,3.05515471870348,20.9232916037733,0.0838260817064642
936,2.54581904821286,0.28453669617992,1.3410848124428,0.0644779350148758,0.0740208972199407,0.0737226493740843,1123.76111083298,1.19357528871363,1.36413038332557,3.05515471870348,20.9232916037733,0.0838260817064642
937,2.54581904821286,0.28453669617992,1.3410848124428,0.0644779350148758,0.0740208972199407,0.0737226493740843,1123.76111083298,1.19357528871363,1.36413038332557,3.05515471870348,20.9232916037733,0.0838260817064642
938,2.54581904821286,0.28453669617992,1.3410848124428,0.0644779350148758,0.0740208972199407,0.0737226493740843,1123.76111083298,1.19357528871363,1.36413038332557,3.05515471870348,20.9232916037733,0.0838260817064642
939,2.54581904821286,0.28453669617992,1.3410848124428,0.0644779350148758,0.0740208972199407,0.0737226493740843,1123.76111083298,1.19357528871363,1.36413038332557,3.05515471870348,20.9232916037733,0.0838260817064642
940,2.54581904821286,0.28453669617992,1.3410848124428,0.0644779350148758,0.0740208972199407,0.0737226493740843,1123.76111083298,1.19357528871363,1.36413038332557,3.05515471870348,20.9232916037733,0.0838260817064642
941,2.54581904821286,0.28453669617992,1.3410848124428,0.0644779350148758,0.0740208972199407,0.0737226493740843,1123.76111083298,1.19357528871363,1.36413038332557,3.05515471870348,20.9232916037733,0.0838260817064642
942,2.54581904821286,0.28453669617992,1.3410848124428,0.0644779350148758,0.0740208972199407,0.0737226493740843,1123.76111083298,1.19357528871363,1.36413038332557,3.05515471870348,20.9232916037733,0.0838260817064642
943,2.54581904821286,0.28453669617992,1.3410848124428,0.0644779350148758,0.0740208972199407,0.0737226493740843,1123.76111083298,1.19357528871363,1.36413038332557,3.05515471870348,20.9232916037733,0.0838260817064642
944,2.54581904821286,0.28453669617992,1.3410848124428,0.0644779350148758,0.0740208972199407,0.0737226493740843,1123.76111083298,1.19357528871363,1.36413038332557,3.05515471870348,20.9232916037733,0.0838260817064642
945,2.54581904821286,0.28453669617992,1.3410848124428,0.0644779350148758,0.0740208972199407,0.0737226493740843,1123.76111083298,1.19357528871363,1.36413038332557,3.05515471870348,20.9232916037733,0.0838260817064642
946,2.54581904821286,0.28453669617992,1.3410848124428,0.0644779350148758,0.0740208972199407,0.0737226493740843,1123.76111083298,1.19357528871363,1.36413038332557,3.05515471870348,20.9232916037733,0.0838260817064642
947,2.54581904821286,0.28453669617992,1.3410848124428,0.0644779350148758,0.0740208972199407,0.0737226493740843,1123.76111083298,1.19357528871363,1.36413038332557,3.05515471870348,20.9232916037733,0.0838260817064642
948,2.54581904821286,0.28453669617992,1.3410848124428,0.0644779350148758,0.0740208972199407,0.0737226493740843,1123.76111083298,1.19357528871363,1.36413038332557,3.05515471870348,20.9232916037733,0.0838260817064642
949,2.54581904821286,0.28453669617992,1.3410848124428,0.0644779350148758,0.0740208972199407,0.0737226493740843,1123.76111083298,1.19357528871363,1.36413038332557,3.05515471870348,20.9232916037733,0.0838260817064642
950,2.54581904821286,0.28453669617992,1.3410848124428,0.0644779350148758,0.0740208972199407,0.0737226493740843,1123.76111083298,1.19357528871363,1.36413038332557,3.05515471870348,20.9232916037733,0.0838260817064642
951,2.54581904821286,0.28453669617992,1.3410848124428,0.0644779350148758,0.0740208972199407,0.0737226493740843,1123.76111083298,1.19357528871363,1.36413038332557,3.05515471870348,20.9232916037733,0.0838260817064642
952,2.54581904821286,0.28453669617992,1.3410848124428,0.0644779350148758,0.0740208972199407,0.0737226493740843,1123.76111083298,1.19357528871363,1.36413038332557,3.05515471870348,20.9232916037733,0.0838260817064642
953,2.54581904821286,0.28453669617992,1.3410848124428,0.0644779350148758,0.0740208972199407,0.0737226493740843,1123.76111083298,1.19357528871363,1.36413038332557,3.05515471870348,20.9232916037733,0.0838260817064642
954,2.54581904821286,0.28453669617992,1.3410848124428,0.0644779350148758,0.0740208972199407,0.0737226493740843,1123.76111083298,1.19357528871363,1.36413038332557,3.05515471870348,20.9232916037733,0.0838260817064642
955,2.54581904821286,0.28453669617992,1.3410848124428,0.0644779350148758,0.0740208972199407,0.0737226493740843,1123.76111083298,1.19357528871363,1.36413038332557,3.05515471870348,20.9232916037733,0.0838260817064642
956,2.54581904821286,0.28453669617992,1.3410848124428,0.0644779350148758,0.0740208972199407,0.0737226493740843,1123.76111083298,1.19357528871363,1.36413038332557,3.05515471870348,20.9232916037733,0.0838260817064642
957,2.54581904821286,0.28453669617992,1.3410848124428,0.0644779350148758,0.0740208972199407,0.0737226493740843,1123.76111083298,1.19357528871363,1.36413038332557,3.05515471870348,20.9232916037733,0.0838260817064642
958,2.54581904821286,0.28453669617992,1.3410848124428,0.0644779350148758,0.0740208972199407,0.0737226493740843,1123.76111083298,1.19357528871363,1.36413038332557,3.05515471870348,20.9232916037733,0.0838260817064642
959,2.54581904821286,0.28453669617992,1.3410848124428,0.0644779350148758,0.0740208972199407,0.0737226493740843,1123.76111083298,1.19357528871363,1.36413038332557,3.05515471870348,20.9232916037733,0.0838260817064642
960,2.54581904821286,0.28453669617992,1.3410848124428,0.0644779350148758,0.0740208972199407,0.0737226493740843,1123.76111083298,1.19357528871363,1.36413038332557,3.05515471870348,20.9232916037733,0.0838260817064642
961,2.54581904821286,0.28453669617992,1.3410848124428,0.0644779350148758,0.0740208972199407,0.0737226493740843,1123.76111083298,1.19357528871363,1.36413038332557,3.05515471870348,20.9232916037733,0.0838260817064642
962,2.54581904821286,0.28453669617992,1.3410848124428,0.0644779350148758,0.0740208972199407,0.0737226493740843,1123.76111083298,1.19357528871363,1.36413038332557,3.05515471870348,20.9232916037733,0.0838260817064642
963,2.54581904821286,0.28453669617992,1.3410848124428,0.0644779350148758,0.0740208972199407,0.0737226493740843,1123.76111083298,1.19357528871363,1.36413038332557,3.05515471870348,20.9232916037733,0.0838260817064642
964,2.54581904821286,0.28453669617992,1.3410848124428,0.0644779350148758,0.0740208972199407,0.0737226493740843,1123.76111083298,1.19357528871363,1.36413038332557,3.05515471870348,20.9232916037733,0.0838260817064642
965,2.54581904821286,0.28453669617992,1.3410848124428,0.0644779350148758,0.0740208972199407,0.0737226493740843,1123.76111083298,1.19357528871363,1.36413038332557,3.05515471870348,20.9232916037733,0.0838260817064642
966,2.54581904821286,0.28453669617992,1.3410848124428,0.0644779350148758,0.0740208972199407,0.0737226493740843,1123.76111083298,1.19357528871363,1.36413038332557,3.05515471870348,20.9232916037733,0.0838260817064642
967,2.54581904821286,0.28453669617992,1.3410848124428,0.0644779350148758,0.0740208972199407,0.0737226493740843,1123.76111083298,1.19357528871363,1.36413038332557,3.05515471870348,20.9232916037733,0.0838260817064642
968,2.54581904821286,0.28453669617992,1.3410848124428,0.0644779350148758,0.0740208972199407,0.0737226493740843,1123.76111083298,1.19357528871363,1.36413038332557,3.05515471870348,20.9232916037733,0.0838260817064642
969,2.54581904821286,0.28453669617992,1.3410848124428,0.0644779350148758,0.0740208972199407,0.0737226493740843,1123.76111083298,1.19357528871363,1.36413038332557,3.05515471870348,20.9232916037733,0.0838260817064642
970,2.54581904821286,0.28453669617992,1.3410848124428,0.0644779350148758,0.0740208972199407,0.0737226493740843,1123.76111083298,1.19357528871363,1.36413038332557,3.05515471870348,20.9232916037733,0.0838260817064642
971,2.54581904821286,0.28453669617992,1.3410848124428,0.0644779350148758,0.0740208972199407,0.0737226493740843,1123.76111083298,1.19357528871363,1.36413038332557,3.05515471870348,20.9232916037733,0.0838260817064642
972,2.54581904821286,0.28453669617992,1.3410848124428,0.0644779350148758,0.0740208972199407,0.0737226493740843,1123.76111083298,1.19357528871363,1.36413038332557,3.05515471870348,20.9232916037733,0.0838260817064642
973,2.54581904821286,0.28453669617992,1.3410848124428,0.0644779350148758,0.0740208972199407,0.0737226493740843,1123.76111083298,1.19357528871363,1.36413038332557,3.05515471870348,20.9232916037733,0.0838260817064642
974,2.54581904821286,0.28453669617992,1.3410848124428,0.0644779350148758,0.0740208972199407,0.0737226493740843,1123.76111083298,1.19357528871363,1.36413038332557,3.05515471870348,20.9232916037733,0.0838260817064642
975,2.54581904821286,0.28453669617992,1.3410848124428,0.0644779350148758,0.0740208972199407,0.0737226493740843,1123.76111083298,1.19357528871363,1.36413038332557,3.05515471870348,20.9232916037733,0.0838260817064642
976,2.54581904821286,0.28453669617992,1.3410848124428,0.0644779350148758,0.0740208972199407,0.0737226493740843,1123.76111083298,1.19357528871363,1.36413038332557,3.05515471870348,20.9232916037733,0.0838260817064642
977,2.54581904821286,0.28453669617992,1.3410848124428,0.0644779350148758,0.0740208972199407,0.0737226493740843,1123.76111083298,1.19357528871363,1.36413038332557,3.05515471870348,20.9232916037733,0.0838260817064642
978,2.54581904821286,0.28453669617992,1.3410848124428,0.0644779350148758,0.0740208972199407,0.0737226493740843,1123.76111083298,1.19357528871363,1.36413038332557,3.05515471870348,20.9232916037733,0.0838260817064642
979,2.54581904821286,0.28453669617992,1.3410848124428,0.0644779350148758,0.0740208972199407,0.0737226493740843,1123.76111083298,1.19357528871363,1.36413038332557,3.05515471870348,20.9232916037733,0.0838260817064642
980,2.54581904821286,0.28453669617992,1.3410848124428,0.0644779350148758,0.0740208972199407,0.0737226493740843,1123.76111083298,1.19357528871363,1.36413038332557,3.05515471870348,20.9232916037733,0.0838260817064642
981,2.54581904821286,0.28453669617992,1.3410848124428,0.0644779350148758,0.0740208972199407,0.0737226493740843,1123.76111083298,1.19357528871363,1.36413038332557,3.05515471870348,20.9232916037733,0.0838260817064642
982,2.54581904821286,0.28453669617992,1.3410848124428,0.0644779350148758,0.0740208972199407,0.0737226493740843,1123.76111083298,1.19357528871363,1.36413038332557,3.05515471870348,20.9232916037733,0.0838260817064642
983,2.54581904821286,0.28453669617992,1.3410848124428,0.0644779350148758,0.0740208972199407,0.0737226493740843,1123.76111083298,1.19357528871363,1.36413038332557,3.05515471870348,20.9232916037733,0.0838260817064642
984,2.54581904821286,0.28453669617992,1.3410848124428,0.0644779350148758,0.0740208972199407,0.0737226493740843,1123.76111083298,1.19357528871363,1.36413038332557,3.05515471870348,20.9232916037733,0.0838260817064642
985,2.54581904821286,0.28453669617992,1.3410848124428,0.0644779350148758,0.0740208972199407,0.0737226493740843,1123.76111083298,1.19357528871363,1.36413038332557,3.05515471870348,20.9232916037733,0.0838260817064642
986,2.54581904821286,0.28453669617992,1.3410848124428,0.0644779350148758,0.0740208972199407,0.0737226493740843,1123.76111083298,1.19357528871363,1.36413038332557,3.05515471870348,20.9232916037733,0.0838260817064642
987,2.54581904821286,0.28453669617992,1.3410848124428,0.0644779350148758,0.0740208972199407,0.0737226493740843,1123.76111083298,1.19357528871363,1.36413038332557,3.05515471870348,20.9232916037733,0.0838260817064642
988,2.54581904821286,0.28453669617992,1.3410848124428,0.0644779350148758,0.0740208972199407,0.0737226493740843,1123.76111083298,1.19357528871363,1.36413038332557,3.05515471870348,20.9232916037733,0.0838260817064642
989,2.54581904821286,0.28453669617992,1.3410848124428,0.0644779350148758,0.0740208972199407,0.0737226493740843,1123.76111083298,1.19357528871363,1.36413038332557,3.05515471870348,20.9232916037733,0.0838260817064642
990,2.54581904821286,0.28453669617992,1.3410848124428,0.0644779350148758,0.0740208972199407,0.0737226493740843,1123.76111083298,1.19357528871363,1.36413038332557,3.05515471870348,20.9232916037733,0.0838260817064642
991,2.54581904821286,0.28453669617992,1.3410848124428,0.0644779350148758,0.0740208972199407,0.0737226493740843,1123.76111083298,1.19357528871363,1.36413038332557,3.05515471870348,20.9232916037733,0.0838260817064642
992,2.54581904821286,0.28453669617992,1.3410848124428,0.0644779350148758,0.0740208972199407,0.0737226493740843,1123.76111083298,1.19357528871363,1.36413038332557,3.05515471870348,20.9232916037733,0.0838260817064642
993,2.54581904821286,0.28453669617992,1.3410848124428,0.0644779350148758,0.0740208972199407,0.0737226493740843,1123.76111083298,1.19357528871363,1.36413038332557,3.05515471870348,20.9232916037733,0.0838260817064642
994,2.54581904821286,0.28453669617992,1.3410848124428,0.0644779350148758,0.0740208972199407,0.0737226493740843,1123.76111083298,1.19357528871363,1.36413038332557,3.05515471870348,20.9232916037733,0.0838260817064642
995,2.54581904821286,0.28453669617992,1.3410848124428,0.0644779350148758,0.0740208972199407,0.0737226493740843,1123.76111083298,1.19357528871363,1.36413038332557,3.05515471870348,20.9232916037733,0.0838260817064642
996,2.54581904821286,0.28453669617992,1.3410848124428,0.0644779350148758,0.0740208972199407,0.0737226493740843,1123.76111083298,1.19357528871363,1.36413038332557,3.05515471870348,20.9232916037733,0.0838260817064642
997,2.54581904821286,0.28453669617992,1.3410848124428,0.0644779350148758,0.0740208972199407,0.0737226493740843,1123.76111083298,1.19357528871363,1.36413038332557,3.05515471870348,20.9232916037733,0.0838260817064642
998,2.54581904821286,0.28453669617992,1.3410848124428,0.0644779350148758,0.0740208972199407,0.0737226493740843,1123.76111083298,1.19357528871363,1.36413038332557,3.05515471870348,20.9232916037733,0.0838260817064642
999,2.54581904821286,0.28453669617992,1.3410848124428,0.0644779350148758,0.0740208972199407,0.0737226493740843,1123.76111083298,1.19357528871363,1.36413038332557,3.05515471870348,20.9232916037733,0.0838260817064642
1000,2.54581904821286,0.28453669617992,1.3410848124428,0.0644779350148758,0.0740208972199407,0.0737226493740843,1123.76111083298,1.19357528871363,1.36413038332557,3.05515471870348,20.9232916037733,0.0838260817064642
1001,2.54581904821286,0.28453669617992,1.3410848124428,0.0644779350148758,0.0740208972199407,0.0737226493740843,1123.76111083298,1.19357528871363,1.36413038332557,3.05515471870348,20.9232916037733,0.0838260817064642
1002,2.54581904821286,0.28453669617992,1.3410848124428,0.0644779350148758,0.0740208972199407,0.0737226493740843,1123.76111083298,1.19357528871363,1.36413038332557,3.05515471870348,20.9232916037733,0.0838260817064642
1003,2.54581904821286,0.28453669617992,1.3410848124428,0.0644779350148758,0.0740208972199407,0.0737226493740843,1123.76111083298,1.19357528871363,1.36413038332557,3.05515471870348,20.9232916037733,0.0838260817064642
1004,2.54581904821286,0.28453669617992,1.3410848124428,0.0644779350148758,0.0740208972199407,0.0737226493740843,1123.76111083298,1.19357528871363,1.36413038332557,3.05515471870348,20.9232916037733,0.0838260817064642
1005,2.54581904821286,0.28453669617992,1.3410848124428,0.0644779350148758,0.0740208972199407,0.0737226493740843,1123.76111083298,1.19357528871363,1.36413038332557,3.05515471870348,20.9232916037733,0.0838260817064642
1006,2.54581904821286,0.28453669617992,1.3410848124428,0.0644779350148758,0.0740208972199407,0.0737226493740843,1123.76111083298,1.19357528871363,1.36413038332557,3.05515471870348,20.9232916037733,0.0838260817064642
1007,2.54581904821286,0.28453669617992,1.3410848124428,0.0644779350148758,0.0740208972199407,0.0737226493740843,1123.76111083298,1.19357528871363,1.36413038332557,3.05515471870348,20.9232916037733,0.0838260817064642
1008,2.54581904821286,0.28453669617992,1.3410848124428,0.0644779350148758,0.0740208972199407,0.0737226493740843,1123.76111083298,1.19357528871363,1.36413038332557,3.05515471870348,20.9232916037733,0.0838260817064642
1009,2.54581904821286,0.28453669617992,1.3410848124428,0.0644779350148758,0.0740208972199407,0.0737226493740843,1123.76111083298,1.19357528871363,1.36413038332557,3.05515471870348,20.9232916037733,0.0838260817064642
1010,2.54581904821286,0.28453669617992,1.3410848124428,0.0644779350148758,0.0740208972199407,0.0737226493740843,1123.76111083298,1.19357528871363,1.36413038332557,3.05515471870348,20.9232916037733,0.0838260817064642
1011,2.54581904821286,0.28453669617992,1.3410848124428,0.0644779350148758,0.0740208972199407,0.0737226493740843,1123.76111083298,1.19357528871363,1.36413038332557,3.05515471870348,20.9232916037733,0.0838260817064642
1012,2.54581904821286,0.28453669617992,1.3410848124428,0.0644779350148758,0.0740208972199407,0.0737226493740843,1123.76111083298,1.19357528871363,1.36413038332557,3.05515471870348,20.9232916037733,0.0838260817064642
1013,2.54581904821286,0.28453669617992,1.3410848124428,0.0644779350148758,0.0740208972199407,0.0737226493740843,1123.76111083298,1.19357528871363,1.36413038332557,3.05515471870348,20.9232916037733,0.0838260817064642
1014,2.54581904821286,0.28453669617992,1.3410848124428,0.0644779350148758,0.0740208972199407,0.0737226493740843,1123.76111083298,1.19357528871363,1.36413038332557,3.05515471870348,20.9232916037733,0.0838260817064642
1015,2.54581904821286,0.28453669617992,1.3410848124428,0.0644779350148758,0.0740208972199407,0.0737226493740843,1123.76111083298,1.19357528871363,1.36413038332557,3.05515471870348,20.9232916037733,0.0838260817064642
1016,2.54581904821286,0.28453669617992,1.3410848124428,0.0644779350148758,0.0740208972199407,0.0737226493740843,1123.76111083298,1.19357528871363,1.36413038332557,3.05515471870348,20.9232916037733,0.0838260817064642
1017,2.54581904821286,0.28453669617992,1.3410848124428,0.0644779350148758,0.0740208972199407,0.0737226493740843,1123.76111083298,1.19357528871363,1.36413038332557,3.05515471870348,20.9232916037733,0.0838260817064642
1018,2.54581904821286,0.28453669617992,1.3410848124428,0.0644779350148758,0.0740208972199407,0.0737226493740843,1123.76111083298,1.19357528871363,1.36413038332557,3.05515471870348,20.9232916037733,0.0838260817064642
1019,2.54581904821286,0.28453669617992,1.3410848124428,0.0644779350148758,0.0740208972199407,0.0737226493740843,1123.76111083298,1.19357528871363,1.36413038332557,3.05515471870348,20.9232916037733,0.0838260817064642
1020,2.54581904821286,0.28453669617992,1.3410848124428,0.0644779350148758,0.0740208972199407,0.0737226493740843,1123.76111083298,1.19357528871363,1.36413038332557,3.05515471870348,20.9232916037733,0.0838260817064642
1021,2.54581904821286,0.28453669617992,1.3410848124428,0.0644779350148758,0.0740208972199407,0.0737226493740843,1123.76111083298,1.19357528871363,1.36413038332557,3.05515471870348,20.9232916037733,0.0838260817064642
1022,2.54581904821286,0.28453669617992,1.3410848124428,0.0644779350148758,0.0740208972199407,0.0737226493740843,1123.76111083298,1.19357528871363,1.36413038332557,3.05515471870348,20.9232916037733,0.0838260817064642
1023,2.54581904821286,0.28453669617992,1.3410848124428,0.0644779350148758,0.0740208972199407,0.0737226493740843,1123.76111083298,1.19357528871363,1.36413038332557,3.05515471870348,20.9232916037733,0.0838260817064642
1024,2.54581904821286,0.28453669617992,1.3410848124428,0.0644779350148758,0.0740208972199407,0.0737226493740843,1123.76111083298,1.19357528871363,1.36413038332557,3.05515471870348,20.9232916037733,0.0838260817064642
1025,2.54581904821286,0.28453669617992,1.3410848124428,0.0644779350148758,0.0740208972199407,0.0737226493740843,1123.76111083298,1.19357528871363,1.36413038332557,3.05515471870348,20.9232916037733,0.0838260817064642
1026,2.54581904821286,0.28453669617992,1.3410848124428,0.0644779350148758,0.0740208972199407,0.0737226493740843,1123.76111083298,1.19357528871363,1.36413038332557,3.05515471870348,20.9232916037733,0.0838260817064642
1027,2.54581904821286,0.28453669617992,1.3410848124428,0.0644779350148758,0.0740208972199407,0.0737226493740843,1123.76111083298,1.19357528871363,1.36413038332557,3.05515471870348,20.9232916037733,0.0838260817064642
1028,2.54581904821286,0.28453669617992,1.3410848124428,0.0644779350148758,0.0740208972199407,0.0737226493740843,1123.76111083298,1.19357528871363,1.36413038332557,3.05515471870348,20.9232916037733,0.0838260817064642
1029,2.54581904821286,0.28453669617992,1.3410848124428,0.0644779350148758,0.0740208972199407,0.0737226493740843,1123.76111083298,1.19357528871363,1.36413038332557,3.05515471870348,20.9232916037733,0.0838260817064642
1030,2.54581904821286,0.28453669617992,1.3410848124428,0.0644779350148758,0.0740208972199407,0.0737226493740843,1123.76111083298,1.19357528871363,1.36413038332557,3.05515471870348,20.9232916037733,0.0838260817064642
1031,2.54581904821286,0.28453669617992,1.3410848124428,0.0644779350148758,0.0740208972199407,0.0737226493740843,1123.76111083298,1.19357528871363,1.36413038332557,3.05515471870348,20.9232916037733,0.0838260817064642
1032,2.54581904821286,0.28453669617992,1.3410848124428,0.0644779350148758,0.0740208972199407,0.0737226493740843,1123.76111083298,1.19357528871363,1.36413038332557,3.05515471870348,20.9232916037733,0.0838260817064642
1033,2.54581904821286,0.28453669617992,1.3410848124428,0.0644779350148758,0.0740208972199407,0.0737226493740843,1123.76111083298,1.19357528871363,1.36413038332557,3.05515471870348,20.9232916037733,0.0838260817064642
1034,2.54581904821286,0.28453669617992,1.3410848124428,0.0644779350148758,0.0740208972199407,0.0737226493740843,1123.76111083298,1.19357528871363,1.36413038332557,3.05515471870348,20.9232916037733,0.0838260817064642
1035,2.54581904821286,0.28453669617992,1.3410848124428,0.0644779350148758,0.0740208972199407,0.0737226493740843,1123.76111083298,1.19357528871363,1.36413038332557,3.05515471870348,20.9232916037733,0.0838260817064642
1036,2.54581904821286,0.28453669617992,1.3410848124428,0.0644779350148758,0.0740208972199407,0.0737226493740843,1123.76111083298,1.19357528871363,1.36413038332557,3.05515471870348,20.9232916037733,0.0838260817064642
1037,2.54581904821286,0.28453669617992,1.3410848124428,0.0644779350148758,0.0740208972199407,0.0737226493740843,1123.76111083298,1.19357528871363,1.36413038332557,3.05515471870348,20.9232916037733,0.0838260817064642
1038,2.54581904821286,0.28453669617992,1.3410848124428,0.0644779350148758,0.0740208972199407,0.0737226493740843,1123.76111083298,1.19357528871363,1.36413038332557,3.05515471870348,20.9232916037733,0.0838260817064642
1039,2.54581904821286,0.28453669617992,1.3410848124428,0.0644779350148758,0.0740208972199407,0.0737226493740843,1123.76111083298,1.19357528871363,1.36413038332557,3.05515471870348,20.9232916037733,0.0838260817064642
1040,2.54581904821286,0.28453669617992,1.3410848124428,0.0644779350148758,0.0740208972199407,0.0737226493740843,1123.76111083298,1.19357528871363,1.36413038332557,3.05515471870348,20.9232916037733,0.0838260817064642
1041,2.54581904821286,0.28453669617992,1.3410848124428,0.0644779350148758,0.0740208972199407,0.0737226493740843,1123.76111083298,1.19357528871363,1.36413038332557,3.05515471870348,20.9232916037733,0.0838260817064642
1042,2.54581904821286,0.28453669617992,1.3410848124428,0.0644779350148758,0.0740208972199407,0.0737226493740843,1123.76111083298,1.19357528871363,1.36413038332557,3.05515471870348,20.9232916037733,0.0838260817064642
1043,2.54581904821286,0.28453669617992,1.3410848124428,0.0644779350148758,0.0740208972199407,0.0737226493740843,1123.76111083298,1.19357528871363,1.36413038332557,3.05515471870348,20.9232916037733,0.0838260817064642
1044,2.54581904821286,0.28453669617992,1.3410848124428,0.0644779350148758,0.0740208972199407,0.0737226493740843,1123.76111083298,1.19357528871363,1.36413038332557,3.05515471870348,20.9232916037733,0.0838260817064642
1045,2.54581904821286,0.28453669617992,1.3410848124428,0.0644779350148758,0.0740208972199407,0.0737226493740843,1123.76111083298,1.19357528871363,1.36413038332557,3.05515471870348,20.9232916037733,0.0838260817064642
1046,2.54581904821286,0.28453669617992,1.3410848124428,0.0644779350148758,0.0740208972199407,0.0737226493740843,1123.76111083298,1.19357528871363,1.36413038332557,3.05515471870348,20.9232916037733,0.0838260817064642
1047,2.54581904821286,0.28453669617992,1.3410848124428,0.0644779350148758,0.0740208972199407,0.0737226493740843,1123.76111083298,1.19357528871363,1.36413038332557,3.05515471870348,20.9232916037733,0.0838260817064642
1048,2.54581904821286,0.28453669617992,1.3410848124428,0.0644779350148758,0.0740208972199407,0.0737226493740843,1123.76111083298,1.19357528871363,1.36413038332557,3.05515471870348,20.9232916037733,0.0838260817064642
1049,2.54581904821286,0.28453669617992,1.3410848124428,0.0644779350148758,0.0740208972199407,0.0737226493740843,1123.76111083298,1.19357528871363,1.36413038332557,3.05515471870348,20.9232916037733,0.0838260817064642
1050,2.54581904821286,0.28453669617992,1.3410848124428,0.0644779350148758,0.0740208972199407,0.0737226493740843,1123.76111083298,1.19357528871363,1.36413038332557,3.05515471870348,20.9232916037733,0.0838260817064642
1051,2.54581904821286,0.28453669617992,1.3410848124428,0.0644779350148758,0.0740208972199407,0.0737226493740843,1123.76111083298,1.19357528871363,1.36413038332557,3.05515471870348,20.9232916037733,0.0838260817064642
1052,2.54581904821286,0.28453669617992,1.3410848124428,0.0644779350148758,0.0740208972199407,0.0737226493740843,1123.76111083298,1.19357528871363,1.36413038332557,3.05515471870348,20.9232916037733,0.0838260817064642
1053,2.54581904821286,0.28453669617992,1.3410848124428,0.0644779350148758,0.0740208972199407,0.0737226493740843,1123.76111083298,1.19357528871363,1.36413038332557,3.05515471870348,20.9232916037733,0.0838260817064642
1054,2.54581904821286,0.28453669617992,1.3410848124428,0.0644779350148758,0.0740208972199407,0.0737226493740843,1123.76111083298,1.19357528871363,1.36413038332557,3.05515471870348,20.9232916037733,0.0838260817064642
1055,2.54581904821286,0.28453669617992,1.3410848124428,0.0644779350148758,0.0740208972199407,0.0737226493740843,1123.76111083298,1.19357528871363,1.36413038332557,3.05515471870348,20.9232916037733,0.0838260817064642
1056,2.54581904821286,0.28453669617992,1.3410848124428,0.0644779350148758,0.0740208972199407,0.0737226493740843,1123.76111083298,1.19357528871363,1.36413038332557,3.05515471870348,20.9232916037733,0.0838260817064642
1057,2.54581904821286,0.28453669617992,1.3410848124428,0.0644779350148758,0.0740208972199407,0.0737226493740843,1123.76111083298,1.19357528871363,1.36413038332557,3.05515471870348,20.9232916037733,0.0838260817064642
1058,2.54581904821286,0.28453669617992,1.3410848124428,0.0644779350148758,0.0740208972199407,0.0737226493740843,1123.76111083298,1.19357528871363,1.36413038332557,3.05515471870348,20.9232916037733,0.0838260817064642
1059,2.54581904821286,0.28453669617992,1.3410848124428,0.0644779350148758,0.0740208972199407,0.0737226493740843,1123.76111083298,1.19357528871363,1.36413038332557,3.05515471870348,20.9232916037733,0.0838260817064642
1060,2.54581904821286,0.28453669617992,1.3410848124428,0.0644779350148758,0.0740208972199407,0.0737226493740843,1123.76111083298,1.19357528871363,1.36413038332557,3.05515471870348,20.9232916037733,0.0838260817064642
1061,2.54581904821286,0.28453669617992,1.3410848124428,0.0644779350148758,0.0740208972199407,0.0737226493740843,1123.76111083298,1.19357528871363,1.36413038332557,3.05515471870348,20.9232916037733,0.0838260817064642
1062,2.54581904821286,0.28453669617992,1.3410848124428,0.0644779350148758,0.0740208972199407,0.0737226493740843,1123.76111083298,1.19357528871363,1.36413038332557,3.05515471870348,20.9232916037733,0.0838260817064642
1063,2.54581904821286,0.28453669617992,1.3410848124428,0.0644779350148758,0.0740208972199407,0.0737226493740843,1123.76111083298,1.19357528871363,1.36413038332557,3.05515471870348,20.9232916037733,0.0838260817064642
1064,2.54581904821286,0.28453669617992,1.3410848124428,0.0644779350148758,0.0740208972199407,0.0737226493740843,1123.76111083298,1.19357528871363,1.36413038332557,3.05515471870348,20.9232916037733,0.0838260817064642
1065,2.54581904821286,0.28453669617992,1.3410848124428,0.0644779350148758,0.0740208972199407,0.0737226493740843,1123.76111083298,1.19357528871363,1.36413038332557,3.05515471870348,20.9232916037733,0.0838260817064642
1066,2.54581904821286,0.28453669617992,1.3410848124428,0.0644779350148758,0.0740208972199407,0.0737226493740843,1123.76111083298,1.19357528871363,1.36413038332557,3.05515471870348,20.9232916037733,0.0838260817064642
1067,2.54581904821286,0.28453669617992,1.3410848124428,0.0644779350148758,0.0740208972199407,0.0737226493740843,1123.76111083298,1.19357528871363,1.36413038332557,3.05515471870348,20.9232916037733,0.0838260817064642
1068,2.54581904821286,0.28453669617992,1.3410848124428,0.0644779350148758,0.0740208972199407,0.0737226493740843,1123.76111083298,1.19357528871363,1.36413038332557,3.05515471870348,20.9232916037733,0.0838260817064642
1069,2.54581904821286,0.28453669617992,1.3410848124428,0.0644779350148758,0.0740208972199407,0.0737226493740843,1123.76111083298,1.19357528871363,1.36413038332557,3.05515471870348,20.9232916037733,0.0838260817064642
1070,2.54581904821286,0.28453669617992,1.3410848124428,0.0644779350148758,0.0740208972199407,0.0737226493740843,1123.76111083298,1.19357528871363,1.36413038332557,3.05515471870348,20.9232916037733,0.0838260817064642
1071,2.54581904821286,0.28453669617992,1.3410848124428,0.0644779350148758,0.0740208972199407,0.0737226493740843,1123.76111083298,1.19357528871363,1.36413038332557,3.05515471870348,20.9232916037733,0.0838260817064642
1072,2.54581904821286,0.28453669617992,1.3410848124428,0.0644779350148758,0.0740208972199407,0.0737226493740843,1123.76111083298,1.19357528871363,1.36413038332557,3.05515471870348,20.9232916037733,0.0838260817064642
1073,2.54581904821286,0.28453669617992,1.3410848124428,0.0644779350148758,0.0740208972199407,0.0737226493740843,1123.76111083298,1.19357528871363,1.36413038332557,3.05515471870348,20.9232916037733,0.0838260817064642
1074,2.54581904821286,0.28453669617992,1.3410848124428,0.0644779350148758,0.0740208972199407,0.0737226493740843,1123.76111083298,1.19357528871363,1.36413038332557,3.05515471870348,20.9232916037733,0.0838260817064642
1075,2.54581904821286,0.28453669617992,1.3410848124428,0.0644779350148758,0.0740208972199407,0.0737226493740843,1123.76111083298,1.19357528871363,1.36413038332557,3.05515471870348,20.9232916037733,0.0838260817064642
1076,2.54581904821286,0.28453669617992,1.3410848124428,0.0644779350148758,0.0740208972199407,0.0737226493740843,1123.76111083298,1.19357528871363,1.36413038332557,3.05515471870348,20.9232916037733,0.0838260817064642
1077,2.54581904821286,0.28453669617992,1.3410848124428,0.0644779350148758,0.0740208972199407,0.0737226493740843,1123.76111083298,1.19357528871363,1.36413038332557,3.05515471870348,20.9232916037733,0.0838260817064642
1078,2.54581904821286,0.28453669617992,1.3410848124428,0.0644779350148758,0.0740208972199407,0.0737226493740843,1123.76111083298,1.19357528871363,1.36413038332557,3.05515471870348,20.9232916037733,0.0838260817064642
1079,2.54581904821286,0.28453669617992,1.3410848124428,0.0644779350148758,0.0740208972199407,0.0737226493740843,1123.76111083298,1.19357528871363,1.36413038332557,3.05515471870348,20.9232916037733,0.0838260817064642
1080,2.54581904821286,0.28453669617992,1.3410848124428,0.0644779350148758,0.0740208972199407,0.0737226493740843,1123.76111083298,1.19357528871363,1.36413038332557,3.05515471870348,20.9232916037733,0.0838260817064642
1081,2.54581904821286,0.28453669617992,1.3410848124428,0.0644779350148758,0.0740208972199407,0.0737226493740843,1123.76111083298,1.19357528871363,1.36413038332557,3.05515471870348,20.9232916037733,0.0838260817064642
1082,2.54581904821286,0.28453669617992,1.3410848124428,0.0644779350148758,0.0740208972199407,0.0737226493740843,1123.76111083298,1.19357528871363,1.36413038332557,3.05515471870348,20.9232916037733,0.0838260817064642
1083,2.54581904821286,0.28453669617992,1.3410848124428,0.0644779350148758,0.0740208972199407,0.0737226493740843,1123.76111083298,1.19357528871363,1.36413038332557,3.05515471870348,20.9232916037733,0.0838260817064642
1084,2.54581904821286,0.28453669617992,1.3410848124428,0.0644779350148758,0.0740208972199407,0.0737226493740843,1123.76111083298,1.19357528871363,1.36413038332557,3.05515471870348,20.9232916037733,0.0838260817064642
1085,2.54581904821286,0.28453669617992,1.3410848124428,0.0644779350148758,0.0740208972199407,0.0737226493740843,1123.76111083298,1.19357528871363,1.36413038332557,3.05515471870348,20.9232916037733,0.0838260817064642
1086,2.54581904821286,0.28453669617992,1.3410848124428,0.0644779350148758,0.0740208972199407,0.0737226493740843,1123.76111083298,1.19357528871363,1.36413038332557,3.05515471870348,20.9232916037733,0.0838260817064642
1087,2.54581904821286,0.28453669617992,1.3410848124428,0.0644779350148758,0.0740208972199407,0.0737226493740843,1123.76111083298,1.19357528871363,1.36413038332557,3.05515471870348,20.9232916037733,0.0838260817064642
1088,2.54581904821286,0.28453669617992,1.3410848124428,0.0644779350148758,0.0740208972199407,0.0737226493740843,1123.76111083298,1.19357528871363,1.36413038332557,3.05515471870348,20.9232916037733,0.0838260817064642
1089,2.54581904821286,0.28453669617992,1.3410848124428,0.0644779350148758,0.0740208972199407,0.0737226493740843,1123.76111083298,1.19357528871363,1.36413038332557,3.05515471870348,20.9232916037733,0.0838260817064642
1090,2.54581904821286,0.28453669617992,1.3410848124428,0.0644779350148758,0.0740208972199407,0.0737226493740843,1123.76111083298,1.19357528871363,1.36413038332557,3.05515471870348,20.9232916037733,0.0838260817064642
1091,2.54581904821286,0.28453669617992,1.3410848124428,0.0644779350148758,0.0740208972199407,0.0737226493740843,1123.76111083298,1.19357528871363,1.36413038332557,3.05515471870348,20.9232916037733,0.0838260817064642
1092,2.54581904821286,0.28453669617992,1.3410848124428,0.0644779350148758,0.0740208972199407,0.0737226493740843,1123.76111083298,1.19357528871363,1.36413038332557,3.05515471870348,20.9232916037733,0.0838260817064642
1093,2.54581904821286,0.28453669617992,1.3410848124428,0.0644779350148758,0.0740208972199407,0.0737226493740843,1123.76111083298,1.19357528871363,1.36413038332557,3.05515471870348,20.9232916037733,0.0838260817064642
1094,2.54581904821286,0.28453669617992,1.3410848124428,0.0644779350148758,0.0740208972199407,0.0737226493740843,1123.76111083298,1.19357528871363,1.36413038332557,3.05515471870348,20.9232916037733,0.0838260817064642
1095,2.54581904821286,0.28453669617992,1.3410848124428,0.0644779350148758,0.0740208972199407,0.0737226493740843,1123.76111083298,1.19357528871363,1.36413038332557,3.05515471870348,20.9232916037733,0.0838260817064642
1096,2.54581904821286,0.28453669617992,1.3410848124428,0.0644779350148758,0.0740208972199407,0.0737226493740843,1123.76111083298,1.19357528871363,1.36413038332557,3.05515471870348,20.9232916037733,0.0838260817064642
1097,2.54581904821286,0.28453669617992,1.3410848124428,0.0644779350148758,0.0740208972199407,0.0737226493740843,1123.76111083298,1.19357528871363,1.36413038332557,3.05515471870348,20.9232916037733,0.0838260817064642
1098,2.54581904821286,0.28453669617992,1.3410848124428,0.0644779350148758,0.0740208972199407,0.0737226493740843,1123.76111083298,1.19357528871363,1.36413038332557,3.05515471870348,20.9232916037733,0.0838260817064642
1099,2.54581904821286,0.28453669617992,1.3410848124428,0.0644779350148758,0.0740208972199407,0.0737226493740843,1123.76111083298,1.19357528871363,1.36413038332557,3.05515471870348,20.9232916037733,0.0838260817064642
1100,2.54581904821286,0.28453669617992,1.3410848124428,0.0644779350148758,0.0740208972199407,0.0737226493740843,1123.76111083298,1.19357528871363,1.36413038332557,3.05515471870348,20.9232916037733,0.0838260817064642
1101,2.54581904821286,0.28453669617992,1.3410848124428,0.0644779350148758,0.0740208972199407,0.0737226493740843,1123.76111083298,1.19357528871363,1.36413038332557,3.05515471870348,20.9232916037733,0.0838260817064642
1102,2.54581904821286,0.28453669617992,1.3410848124428,0.0644779350148758,0.0740208972199407,0.0737226493740843,1123.76111083298,1.19357528871363,1.36413038332557,3.05515471870348,20.9232916037733,0.0838260817064642
1103,2.54581904821286,0.28453669617992,1.3410848124428,0.0644779350148758,0.0740208972199407,0.0737226493740843,1123.76111083298,1.19357528871363,1.36413038332557,3.05515471870348,20.9232916037733,0.0838260817064642
1104,2.54581904821286,0.28453669617992,1.3410848124428,0.0644779350148758,0.0740208972199407,0.0737226493740843,1123.76111083298,1.19357528871363,1.36413038332557,3.05515471870348,20.9232916037733,0.0838260817064642
1105,2.54581904821286,0.28453669617992,1.3410848124428,0.0644779350148758,0.0740208972199407,0.0737226493740843,1123.76111083298,1.19357528871363,1.36413038332557,3.05515471870348,20.9232916037733,0.0838260817064642
1106,2.54581904821286,0.28453669617992,1.3410848124428,0.0644779350148758,0.0740208972199407,0.0737226493740843,1123.76111083298,1.19357528871363,1.36413038332557,3.05515471870348,20.9232916037733,0.0838260817064642
1107,2.54581904821286,0.28453669617992,1.3410848124428,0.0644779350148758,0.0740208972199407,0.0737226493740843,1123.76111083298,1.19357528871363,1.36413038332557,3.05515471870348,20.9232916037733,0.0838260817064642
1108,2.54581904821286,0.28453669617992,1.3410848124428,0.0644779350148758,0.0740208972199407,0.0737226493740843,1123.76111083298,1.19357528871363,1.36413038332557,3.05515471870348,20.9232916037733,0.0838260817064642
1109,2.54581904821286,0.28453669617992,1.3410848124428,0.0644779350148758,0.0740208972199407,0.0737226493740843,1123.76111083298,1.19357528871363,1.36413038332557,3.05515471870348,20.9232916037733,0.0838260817064642
1110,2.54581904821286,0.28453669617992,1.3410848124428,0.0644779350148758,0.0740208972199407,0.0737226493740843,1123.76111083298,1.19357528871363,1.36413038332557,3.05515471870348,20.9232916037733,0.0838260817064642
1111,2.54581904821286,0.28453669617992,1.3410848124428,0.0644779350148758,0.0740208972199407,0.0737226493740843,1123.76111083298,1.19357528871363,1.36413038332557,3.05515471870348,20.9232916037733,0.0838260817064642
1112,2.54581904821286,0.28453669617992,1.3410848124428,0.0644779350148758,0.0740208972199407,0.0737226493740843,1123.76111083298,1.19357528871363,1.36413038332557,3.05515471870348,20.9232916037733,0.0838260817064642
1113,2.54581904821286,0.28453669617992,1.3410848124428,0.0644779350148758,0.0740208972199407,0.0737226493740843,1123.76111083298,1.19357528871363,1.36413038332557,3.05515471870348,20.9232916037733,0.0838260817064642
1114,2.54581904821286,0.28453669617992,1.3410848124428,0.0644779350148758,0.0740208972199407,0.0737226493740843,1123.76111083298,1.19357528871363,1.36413038332557,3.05515471870348,20.9232916037733,0.0838260817064642
1115,2.54581904821286,0.28453669617992,1.3410848124428,0.0644779350148758,0.0740208972199407,0.0737226493740843,1123.76111083298,1.19357528871363,1.36413038332557,3.05515471870348,20.9232916037733,0.0838260817064642
1116,2.54581904821286,0.28453669617992,1.3410848124428,0.0644779350148758,0.0740208972199407,0.0737226493740843,1123.76111083298,1.19357528871363,1.36413038332557,3.05515471870348,20.9232916037733,0.0838260817064642
1117,2.54581904821286,0.28453669617992,1.3410848124428,0.0644779350148758,0.0740208972199407,0.0737226493740843,1123.76111083298,1.19357528871363,1.36413038332557,3.05515471870348,20.9232916037733,0.0838260817064642
1118,2.54581904821286,0.28453669617992,1.3410848124428,0.0644779350148758,0.0740208972199407,0.0737226493740843,1123.76111083298,1.19357528871363,1.36413038332557,3.05515471870348,20.9232916037733,0.0838260817064642
1119,2.54581904821286,0.28453669617992,1.3410848124428,0.0644779350148758,0.0740208972199407,0.0737226493740843,1123.76111083298,1.19357528871363,1.36413038332557,3.05515471870348,20.9232916037733,0.0838260817064642
1120,2.54581904821286,0.28453669617992,1.3410848124428,0.0644779350148758,0.0740208972199407,0.0737226493740843,1123.76111083298,1.19357528871363,1.36413038332557,3.05515471870348,20.9232916037733,0.0838260817064642
1121,2.54581904821286,0.28453669617992,1.3410848124428,0.0644779350148758,0.0740208972199407,0.0737226493740843,1123.76111083298,1.19357528871363,1.36413038332557,3.05515471870348,20.9232916037733,0.0838260817064642
1122,2.54581904821286,0.28453669617992,1.3410848124428,0.0644779350148758,0.0740208972199407,0.0737226493740843,1123.76111083298,1.19357528871363,1.36413038332557,3.05515471870348,20.9232916037733,0.0838260817064642
1123,2.54581904821286,0.28453669617992,1.3410848124428,0.0644779350148758,0.0740208972199407,0.0737226493740843,1123.76111083298,1.19357528871363,1.36413038332557,3.05515471870348,20.9232916037733,0.0838260817064642
1124,2.54581904821286,0.28453669617992,1.3410848124428,0.0644779350148758,0.0740208972199407,0.0737226493740843,1123.76111083298,1.19357528871363,1.36413038332557,3.05515471870348,20.9232916037733,0.0838260817064642
1125,2.54581904821286,0.28453669617992,1.3410848124428,0.0644779350148758,0.0740208972199407,0.0737226493740843,1123.76111083298,1.19357528871363,1.36413038332557,3.05515471870348,20.9232916037733,0.0838260817064642
1126,2.54581904821286,0.28453669617992,1.3410848124428,0.0644779350148758,0.0740208972199407,0.0737226493740843,1123.76111083298,1.19357528871363,1.36413038332557,3.05515471870348,20.9232916037733,0.0838260817064642
1127,2.54581904821286,0.28453669617992,1.3410848124428,0.0644779350148758,0.0740208972199407,0.0737226493740843,1123.76111083298,1.19357528871363,1.36413038332557,3.05515471870348,20.9232916037733,0.0838260817064642
1128,2.54581904821286,0.28453669617992,1.3410848124428,0.0644779350148758,0.0740208972199407,0.0737226493740843,1123.76111083298,1.19357528871363,1.36413038332557,3.05515471870348,20.9232916037733,0.0838260817064642
1129,2.54581904821286,0.28453669617992,1.3410848124428,0.0644779350148758,0.0740208972199407,0.0737226493740843,1123.76111083298,1.19357528871363,1.36413038332557,3.05515471870348,20.9232916037733,0.0838260817064642
1130,2.54581904821286,0.28453669617992,1.3410848124428,0.0644779350148758,0.0740208972199407,0.0737226493740843,1123.76111083298,1.19357528871363,1.36413038332557,3.05515471870348,20.9232916037733,0.0838260817064642
1131,2.54581904821286,0.28453669617992,1.3410848124428,0.0644779350148758,0.0740208972199407,0.0737226493740843,1123.76111083298,1.19357528871363,1.36413038332557,3.05515471870348,20.9232916037733,0.0838260817064642
1132,2.54581904821286,0.28453669617992,1.3410848124428,0.0644779350148758,0.0740208972199407,0.0737226493740843,1123.76111083298,1.19357528871363,1.36413038332557,3.05515471870348,20.9232916037733,0.0838260817064642
1133,2.54581904821286,0.28453669617992,1.3410848124428,0.0644779350148758,0.0740208972199407,0.0737226493740843,1123.76111083298,1.19357528871363,1.36413038332557,3.05515471870348,20.9232916037733,0.0838260817064642
1134,2.54581904821286,0.28453669617992,1.3410848124428,0.0644779350148758,0.0740208972199407,0.0737226493740843,1123.76111083298,1.19357528871363,1.36413038332557,3.05515471870348,20.9232916037733,0.0838260817064642
1135,2.54581904821286,0.28453669617992,1.3410848124428,0.0644779350148758,0.0740208972199407,0.0737226493740843,1123.76111083298,1.19357528871363,1.36413038332557,3.05515471870348,20.9232916037733,0.0838260817064642
1136,2.54581904821286,0.28453669617992,1.3410848124428,0.0644779350148758,0.0740208972199407,0.0737226493740843,1123.76111083298,1.19357528871363,1.36413038332557,3.05515471870348,20.9232916037733,0.0838260817064642
1137,2.54581904821286,0.28453669617992,1.3410848124428,0.0644779350148758,0.0740208972199407,0.0737226493740843,1123.76111083298,1.19357528871363,1.36413038332557,3.05515471870348,20.9232916037733,0.0838260817064642
1138,2.54581904821286,0.28453669617992,1.3410848124428,0.0644779350148758,0.0740208972199407,0.0737226493740843,1123.76111083298,1.19357528871363,1.36413038332557,3.05515471870348,20.9232916037733,0.0838260817064642
1139,2.54581904821286,0.28453669617992,1.3410848124428,0.0644779350148758,0.0740208972199407,0.0737226493740843,1123.76111083298,1.19357528871363,1.36413038332557,3.05515471870348,20.9232916037733,0.0838260817064642
1140,2.54581904821286,0.28453669617992,1.3410848124428,0.0644779350148758,0.0740208972199407,0.0737226493740843,1123.76111083298,1.19357528871363,1.36413038332557,3.05515471870348,20.9232916037733,0.0838260817064642
1141,2.54581904821286,0.28453669617992,1.3410848124428,0.0644779350148758,0.0740208972199407,0.0737226493740843,1123.76111083298,1.19357528871363,1.36413038332557,3.05515471870348,20.9232916037733,0.0838260817064642
1142,2.54581904821286,0.28453669617992,1.3410848124428,0.0644779350148758,0.0740208972199407,0.0737226493740843,1123.76111083298,1.19357528871363,1.36413038332557,3.05515471870348,20.9232916037733,0.0838260817064642
1143,2.54581904821286,0.28453669617992,1.3410848124428,0.0644779350148758,0.0740208972199407,0.0737226493740843,1123.76111083298,1.19357528871363,1.36413038332557,3.05515471870348,20.9232916037733,0.0838260817064642
1144,2.54581904821286,0.28453669617992,1.3410848124428,0.0644779350148758,0.0740208972199407,0.0737226493740843,1123.76111083298,1.19357528871363,1.36413038332557,3.05515471870348,20.9232916037733,0.0838260817064642
1145,2.54581904821286,0.28453669617992,1.3410848124428,0.0644779350148758,0.0740208972199407,0.0737226493740843,1123.76111083298,1.19357528871363,1.36413038332557,3.05515471870348,20.9232916037733,0.0838260817064642
1146,2.54581904821286,0.28453669617992,1.3410848124428,0.0644779350148758,0.0740208972199407,0.0737226493740843,1123.76111083298,1.19357528871363,1.36413038332557,3.05515471870348,20.9232916037733,0.0838260817064642
1147,2.54581904821286,0.28453669617992,1.3410848124428,0.0644779350148758,0.0740208972199407,0.0737226493740843,1123.76111083298,1.19357528871363,1.36413038332557,3.05515471870348,20.9232916037733,0.0838260817064642
1148,2.54581904821286,0.28453669617992,1.3410848124428,0.0644779350148758,0.0740208972199407,0.0737226493740843,1123.76111083298,1.19357528871363,1.36413038332557,3.05515471870348,20.9232916037733,0.0838260817064642
1149,2.54581904821286,0.28453669617992,1.3410848124428,0.0644779350148758,0.0740208972199407,0.0737226493740843,1123.76111083298,1.19357528871363,1.36413038332557,3.05515471870348,20.9232916037733,0.0838260817064642
1150,2.54581904821286,0.28453669617992,1.3410848124428,0.0644779350148758,0.0740208972199407,0.0737226493740843,1123.76111083298,1.19357528871363,1.36413038332557,3.05515471870348,20.9232916037733,0.0838260817064642
1151,2.54581904821286,0.28453669617992,1.3410848124428,0.0644779350148758,0.0740208972199407,0.0737226493740843,1123.76111083298,1.19357528871363,1.36413038332557,3.05515471870348,20.9232916037733,0.0838260817064642
1152,2.54581904821286,0.28453669617992,1.3410848124428,0.0644779350148758,0.0740208972199407,0.0737226493740843,1123.76111083298,1.19357528871363,1.36413038332557,3.05515471870348,20.9232916037733,0.0838260817064642
1153,2.54581904821286,0.28453669617992,1.3410848124428,0.0644779350148758,0.0740208972199407,0.0737226493740843,1123.76111083298,1.19357528871363,1.36413038332557,3.05515471870348,20.9232916037733,0.0838260817064642
1154,2.54581904821286,0.28453669617992,1.3410848124428,0.0644779350148758,0.0740208972199407,0.0737226493740843,1123.76111083298,1.19357528871363,1.36413038332557,3.05515471870348,20.9232916037733,0.0838260817064642
1155,2.54581904821286,0.28453669617992,1.3410848124428,0.0644779350148758,0.0740208972199407,0.0737226493740843,1123.76111083298,1.19357528871363,1.36413038332557,3.05515471870348,20.9232916037733,0.0838260817064642
1156,2.54581904821286,0.28453669617992,1.3410848124428,0.0644779350148758,0.0740208972199407,0.0737226493740843,1123.76111083298,1.19357528871363,1.36413038332557,3.05515471870348,20.9232916037733,0.0838260817064642
1157,2.54581904821286,0.28453669617992,1.3410848124428,0.0644779350148758,0.0740208972199407,0.0737226493740843,1123.76111083298,1.19357528871363,1.36413038332557,3.05515471870348,20.9232916037733,0.0838260817064642
1158,2.54581904821286,0.28453669617992,1.3410848124428,0.0644779350148758,0.0740208972199407,0.0737226493740843,1123.76111083298,1.19357528871363,1.36413038332557,3.05515471870348,20.9232916037733,0.0838260817064642
1159,2.54581904821286,0.28453669617992,1.3410848124428,0.0644779350148758,0.0740208972199407,0.0737226493740843,1123.76111083298,1.19357528871363,1.36413038332557,3.05515471870348,20.9232916037733,0.0838260817064642
1160,2.54581904821286,0.28453669617992,1.3410848124428,0.0644779350148758,0.0740208972199407,0.0737226493740843,1123.76111083298,1.19357528871363,1.36413038332557,3.05515471870348,20.9232916037733,0.0838260817064642
1161,2.54581904821286,0.28453669617992,1.3410848124428,0.0644779350148758,0.0740208972199407,0.0737226493740843,1123.76111083298,1.19357528871363,1.36413038332557,3.05515471870348,20.9232916037733,0.0838260817064642
1162,2.54581904821286,0.28453669617992,1.3410848124428,0.0644779350148758,0.0740208972199407,0.0737226493740843,1123.76111083298,1.19357528871363,1.36413038332557,3.05515471870348,20.9232916037733,0.0838260817064642
1163,2.54581904821286,0.28453669617992,1.3410848124428,0.0644779350148758,0.0740208972199407,0.0737226493740843,1123.76111083298,1.19357528871363,1.36413038332557,3.05515471870348,20.9232916037733,0.0838260817064642
1164,2.54581904821286,0.28453669617992,1.3410848124428,0.0644779350148758,0.0740208972199407,0.0737226493740843,1123.76111083298,1.19357528871363,1.36413038332557,3.05515471870348,20.9232916037733,0.0838260817064642
1165,2.54581904821286,0.28453669617992,1.3410848124428,0.0644779350148758,0.0740208972199407,0.0737226493740843,1123.76111083298,1.19357528871363,1.36413038332557,3.05515471870348,20.9232916037733,0.0838260817064642
1166,2.54581904821286,0.28453669617992,1.3410848124428,0.0644779350148758,0.0740208972199407,0.0737226493740843,1123.76111083298,1.19357528871363,1.36413038332557,3.05515471870348,20.9232916037733,0.0838260817064642
1167,2.54581904821286,0.28453669617992,1.3410848124428,0.0644779350148758,0.0740208972199407,0.0737226493740843,1123.76111083298,1.19357528871363,1.36413038332557,3.05515471870348,20.9232916037733,0.0838260817064642
1168,2.54581904821286,0.28453669617992,1.3410848124428,0.0644779350148758,0.0740208972199407,0.0737226493740843,1123.76111083298,1.19357528871363,1.36413038332557,3.05515471870348,20.9232916037733,0.0838260817064642
1169,2.54581904821286,0.28453669617992,1.3410848124428,0.0644779350148758,0.0740208972199407,0.0737226493740843,1123.76111083298,1.19357528871363,1.36413038332557,3.05515471870348,20.9232916037733,0.0838260817064642
1170,2.54581904821286,0.28453669617992,1.3410848124428,0.0644779350148758,0.0740208972199407,0.0737226493740843,1123.76111083298,1.19357528871363,1.36413038332557,3.05515471870348,20.9232916037733,0.0838260817064642
1171,2.54581904821286,0.28453669617992,1.3410848124428,0.0644779350148758,0.0740208972199407,0.0737226493740843,1123.76111083298,1.19357528871363,1.36413038332557,3.05515471870348,20.9232916037733,0.0838260817064642
1172,2.54581904821286,0.28453669617992,1.3410848124428,0.0644779350148758,0.0740208972199407,0.0737226493740843,1123.76111083298,1.19357528871363,1.36413038332557,3.05515471870348,20.9232916037733,0.0838260817064642
1173,2.54581904821286,0.28453669617992,1.3410848124428,0.0644779350148758,0.0740208972199407,0.0737226493740843,1123.76111083298,1.19357528871363,1.36413038332557,3.05515471870348,20.9232916037733,0.0838260817064642
1174,2.54581904821286,0.28453669617992,1.3410848124428,0.0644779350148758,0.0740208972199407,0.0737226493740843,1123.76111083298,1.19357528871363,1.36413038332557,3.05515471870348,20.9232916037733,0.0838260817064642
1175,2.54581904821286,0.28453669617992,1.3410848124428,0.0644779350148758,0.0740208972199407,0.0737226493740843,1123.76111083298,1.19357528871363,1.36413038332557,3.05515471870348,20.9232916037733,0.0838260817064642
1176,2.54581904821286,0.28453669617992,1.3410848124428,0.0644779350148758,0.0740208972199407,0.0737226493740843,1123.76111083298,1.19357528871363,1.36413038332557,3.05515471870348,20.9232916037733,0.0838260817064642
1177,2.54581904821286,0.28453669617992,1.3410848124428,0.0644779350148758,0.0740208972199407,0.0737226493740843,1123.76111083298,1.19357528871363,1.36413038332557,3.05515471870348,20.9232916037733,0.0838260817064642
1178,2.54581904821286,0.28453669617992,1.3410848124428,0.0644779350148758,0.0740208972199407,0.0737226493740843,1123.76111083298,1.19357528871363,1.36413038332557,3.05515471870348,20.9232916037733,0.0838260817064642
1179,2.54581904821286,0.28453669617992,1.3410848124428,0.0644779350148758,0.0740208972199407,0.0737226493740843,1123.76111083298,1.19357528871363,1.36413038332557,3.05515471870348,20.9232916037733,0.0838260817064642
1180,2.54581904821286,0.28453669617992,1.3410848124428,0.0644779350148758,0.0740208972199407,0.0737226493740843,1123.76111083298,1.19357528871363,1.36413038332557,3.05515471870348,20.9232916037733,0.0838260817064642
1181,2.54581904821286,0.28453669617992,1.3410848124428,0.0644779350148758,0.0740208972199407,0.0737226493740843,1123.76111083298,1.19357528871363,1.36413038332557,3.05515471870348,20.9232916037733,0.0838260817064642
1182,2.54581904821286,0.28453669617992,1.3410848124428,0.0644779350148758,0.0740208972199407,0.0737226493740843,1123.76111083298,1.19357528871363,1.36413038332557,3.05515471870348,20.9232916037733,0.0838260817064642
1183,2.54581904821286,0.28453669617992,1.3410848124428,0.0644779350148758,0.0740208972199407,0.0737226493740843,1123.76111083298,1.19357528871363,1.36413038332557,3.05515471870348,20.9232916037733,0.0838260817064642
1184,2.54581904821286,0.28453669617992,1.3410848124428,0.0644779350148758,0.0740208972199407,0.0737226493740843,1123.76111083298,1.19357528871363,1.36413038332557,3.05515471870348,20.9232916037733,0.0838260817064642
1185,2.54581904821286,0.28453669617992,1.3410848124428,0.0644779350148758,0.0740208972199407,0.0737226493740843,1123.76111083298,1.19357528871363,1.36413038332557,3.05515471870348,20.9232916037733,0.0838260817064642
1186,2.54581904821286,0.28453669617992,1.3410848124428,0.0644779350148758,0.0740208972199407,0.0737226493740843,1123.76111083298,1.19357528871363,1.36413038332557,3.05515471870348,20.9232916037733,0.0838260817064642
1187,2.54581904821286,0.28453669617992,1.3410848124428,0.0644779350148758,0.0740208972199407,0.0737226493740843,1123.76111083298,1.19357528871363,1.36413038332557,3.05515471870348,20.9232916037733,0.0838260817064642
1188,2.54581904821286,0.28453669617992,1.3410848124428,0.0644779350148758,0.0740208972199407,0.0737226493740843,1123.76111083298,1.19357528871363,1.36413038332557,3.05515471870348,20.9232916037733,0.0838260817064642
1189,2.54581904821286,0.28453669617992,1.3410848124428,0.0644779350148758,0.0740208972199407,0.0737226493740843,1123.76111083298,1.19357528871363,1.36413038332557,3.05515471870348,20.9232916037733,0.0838260817064642
1190,2.54581904821286,0.28453669617992,1.3410848124428,0.0644779350148758,0.0740208972199407,0.0737226493740843,1123.76111083298,1.19357528871363,1.36413038332557,3.05515471870348,20.9232916037733,0.0838260817064642
1191,2.54581904821286,0.28453669617992,1.3410848124428,0.0644779350148758,0.0740208972199407,0.0737226493740843,1123.76111083298,1.19357528871363,1.36413038332557,3.05515471870348,20.9232916037733,0.0838260817064642
1192,2.54581904821286,0.28453669617992,1.3410848124428,0.0644779350148758,0.0740208972199407,0.0737226493740843,1123.76111083298,1.19357528871363,1.36413038332557,3.05515471870348,20.9232916037733,0.0838260817064642
1193,2.54581904821286,0.28453669617992,1.3410848124428,0.0644779350148758,0.0740208972199407,0.0737226493740843,1123.76111083298,1.19357528871363,1.36413038332557,3.05515471870348,20.9232916037733,0.0838260817064642
1194,2.54581904821286,0.28453669617992,1.3410848124428,0.0644779350148758,0.0740208972199407,0.0737226493740843,1123.76111083298,1.19357528871363,1.36413038332557,3.05515471870348,20.9232916037733,0.0838260817064642
1195,2.54581904821286,0.28453669617992,1.3410848124428,0.0644779350148758,0.0740208972199407,0.0737226493740843,1123.76111083298,1.19357528871363,1.36413038332557,3.05515471870348,20.9232916037733,0.0838260817064642
1196,2.54581904821286,0.28453669617992,1.3410848124428,0.0644779350148758,0.0740208972199407,0.0737226493740843,1123.76111083298,1.19357528871363,1.36413038332557,3.05515471870348,20.9232916037733,0.0838260817064642
1197,2.54581904821286,0.28453669617992,1.3410848124428,0.0644779350148758,0.0740208972199407,0.0737226493740843,1123.76111083298,1.19357528871363,1.36413038332557,3.05515471870348,20.9232916037733,0.0838260817064642
1198,2.54581904821286,0.28453669617992,1.3410848124428,0.0644779350148758,0.0740208972199407,0.0737226493740843,1123.76111083298,1.19357528871363,1.36413038332557,3.05515471870348,20.9232916037733,0.0838260817064642
1199,2.54581904821286,0.28453669617992,1.3410848124428,0.0644779350148758,0.0740208972199407,0.0737226493740843,1123.76111083298,1.19357528871363,1.36413038332557,3.05515471870348,20.9232916037733,0.0838260817064642
1200,2.54581904821286,0.28453669617992,1.3410848124428,0.0644779350148758,0.0740208972199407,0.0737226493740843,1123.76111083298,1.19357528871363,1.36413038332557,3.05515471870348,20.9232916037733,0.0838260817064642
1201,2.54581904821286,0.28453669617992,1.3410848124428,0.0644779350148758,0.0740208972199407,0.0737226493740843,1123.76111083298,1.19357528871363,1.36413038332557,3.05515471870348,20.9232916037733,0.0838260817064642
1202,2.54581904821286,0.28453669617992,1.3410848124428,0.0644779350148758,0.0740208972199407,0.0737226493740843,1123.76111083298,1.19357528871363,1.36413038332557,3.05515471870348,20.9232916037733,0.0838260817064642
1203,2.54581904821286,0.28453669617992,1.3410848124428,0.0644779350148758,0.0740208972199407,0.0737226493740843,1123.76111083298,1.19357528871363,1.36413038332557,3.05515471870348,20.9232916037733,0.0838260817064642
1204,2.54581904821286,0.28453669617992,1.3410848124428,0.0644779350148758,0.0740208972199407,0.0737226493740843,1123.76111083298,1.19357528871363,1.36413038332557,3.05515471870348,20.9232916037733,0.0838260817064642
1205,2.54581904821286,0.28453669617992,1.3410848124428,0.0644779350148758,0.0740208972199407,0.0737226493740843,1123.76111083298,1.19357528871363,1.36413038332557,3.05515471870348,20.9232916037733,0.0838260817064642
1206,2.54581904821286,0.28453669617992,1.3410848124428,0.0644779350148758,0.0740208972199407,0.0737226493740843,1123.76111083298,1.19357528871363,1.36413038332557,3.05515471870348,20.9232916037733,0.0838260817064642
1207,2.54581904821286,0.28453669617992,1.3410848124428,0.0644779350148758,0.0740208972199407,0.0737226493740843,1123.76111083298,1.19357528871363,1.36413038332557,3.05515471870348,20.9232916037733,0.0838260817064642
1208,2.54581904821286,0.28453669617992,1.3410848124428,0.0644779350148758,0.0740208972199407,0.0737226493740843,1123.76111083298,1.19357528871363,1.36413038332557,3.05515471870348,20.9232916037733,0.0838260817064642
1209,2.54581904821286,0.28453669617992,1.3410848124428,0.0644779350148758,0.0740208972199407,0.0737226493740843,1123.76111083298,1.19357528871363,1.36413038332557,3.05515471870348,20.9232916037733,0.0838260817064642
1210,2.54581904821286,0.28453669617992,1.3410848124428,0.0644779350148758,0.0740208972199407,0.0737226493740843,1123.76111083298,1.19357528871363,1.36413038332557,3.05515471870348,20.9232916037733,0.0838260817064642
1211,2.54581904821286,0.28453669617992,1.3410848124428,0.0644779350148758,0.0740208972199407,0.0737226493740843,1123.76111083298,1.19357528871363,1.36413038332557,3.05515471870348,20.9232916037733,0.0838260817064642
1212,2.54581904821286,0.28453669617992,1.3410848124428,0.0644779350148758,0.0740208972199407,0.0737226493740843,1123.76111083298,1.19357528871363,1.36413038332557,3.05515471870348,20.9232916037733,0.0838260817064642
1213,2.54581904821286,0.28453669617992,1.3410848124428,0.0644779350148758,0.0740208972199407,0.0737226493740843,1123.76111083298,1.19357528871363,1.36413038332557,3.05515471870348,20.9232916037733,0.0838260817064642
1214,2.54581904821286,0.28453669617992,1.3410848124428,0.0644779350148758,0.0740208972199407,0.0737226493740843,1123.76111083298,1.19357528871363,1.36413038332557,3.05515471870348,20.9232916037733,0.0838260817064642
1215,2.54581904821286,0.28453669617992,1.3410848124428,0.0644779350148758,0.0740208972199407,0.0737226493740843,1123.76111083298,1.19357528871363,1.36413038332557,3.05515471870348,20.9232916037733,0.0838260817064642
1216,2.54581904821286,0.28453669617992,1.3410848124428,0.0644779350148758,0.0740208972199407,0.0737226493740843,1123.76111083298,1.19357528871363,1.36413038332557,3.05515471870348,20.9232916037733,0.0838260817064642
1217,2.54581904821286,0.28453669617992,1.3410848124428,0.0644779350148758,0.0740208972199407,0.0737226493740843,1123.76111083298,1.19357528871363,1.36413038332557,3.05515471870348,20.9232916037733,0.0838260817064642
1218,2.54581904821286,0.28453669617992,1.3410848124428,0.0644779350148758,0.0740208972199407,0.0737226493740843,1123.76111083298,1.19357528871363,1.36413038332557,3.05515471870348,20.9232916037733,0.0838260817064642
1219,2.54581904821286,0.28453669617992,1.3410848124428,0.0644779350148758,0.0740208972199407,0.0737226493740843,1123.76111083298,1.19357528871363,1.36413038332557,3.05515471870348,20.9232916037733,0.0838260817064642
1220,2.54581904821286,0.28453669617992,1.3410848124428,0.0644779350148758,0.0740208972199407,0.0737226493740843,1123.76111083298,1.19357528871363,1.36413038332557,3.05515471870348,20.9232916037733,0.0838260817064642
1221,2.54581904821286,0.28453669617992,1.3410848124428,0.0644779350148758,0.0740208972199407,0.0737226493740843,1123.76111083298,1.19357528871363,1.36413038332557,3.05515471870348,20.9232916037733,0.0838260817064642
1222,2.54581904821286,0.28453669617992,1.3410848124428,0.0644779350148758,0.0740208972199407,0.0737226493740843,1123.76111083298,1.19357528871363,1.36413038332557,3.05515471870348,20.9232916037733,0.0838260817064642
1223,2.54581904821286,0.28453669617992,1.3410848124428,0.0644779350148758,0.0740208972199407,0.0737226493740843,1123.76111083298,1.19357528871363,1.36413038332557,3.05515471870348,20.9232916037733,0.0838260817064642
1224,2.54581904821286,0.28453669617992,1.3410848124428,0.0644779350148758,0.0740208972199407,0.0737226493740843,1123.76111083298,1.19357528871363,1.36413038332557,3.05515471870348,20.9232916037733,0.0838260817064642
1225,2.54581904821286,0.28453669617992,1.3410848124428,0.0644779350148758,0.0740208972199407,0.0737226493740843,1123.76111083298,1.19357528871363,1.36413038332557,3.05515471870348,20.9232916037733,0.0838260817064642
1226,2.54581904821286,0.28453669617992,1.3410848124428,0.0644779350148758,0.0740208972199407,0.0737226493740843,1123.76111083298,1.19357528871363,1.36413038332557,3.05515471870348,20.9232916037733,0.0838260817064642
1227,2.54581904821286,0.28453669617992,1.3410848124428,0.0644779350148758,0.0740208972199407,0.0737226493740843,1123.76111083298,1.19357528871363,1.36413038332557,3.05515471870348,20.9232916037733,0.0838260817064642
1228,2.54581904821286,0.28453669617992,1.3410848124428,0.0644779350148758,0.0740208972199407,0.0737226493740843,1123.76111083298,1.19357528871363,1.36413038332557,3.05515471870348,20.9232916037733,0.0838260817064642
1229,2.54581904821286,0.28453669617992,1.3410848124428,0.0644779350148758,0.0740208972199407,0.0737226493740843,1123.76111083298,1.19357528871363,1.36413038332557,3.05515471870348,20.9232916037733,0.0838260817064642
1230,2.54581904821286,0.28453669617992,1.3410848124428,0.0644779350148758,0.0740208972199407,0.0737226493740843,1123.76111083298,1.19357528871363,1.36413038332557,3.05515471870348,20.9232916037733,0.0838260817064642
1231,2.54581904821286,0.28453669617992,1.3410848124428,0.0644779350148758,0.0740208972199407,0.0737226493740843,1123.76111083298,1.19357528871363,1.36413038332557,3.05515471870348,20.9232916037733,0.0838260817064642
1232,2.54581904821286,0.28453669617992,1.3410848124428,0.0644779350148758,0.0740208972199407,0.0737226493740843,1123.76111083298,1.19357528871363,1.36413038332557,3.05515471870348,20.9232916037733,0.0838260817064642
1233,2.54581904821286,0.28453669617992,1.3410848124428,0.0644779350148758,0.0740208972199407,0.0737226493740843,1123.76111083298,1.19357528871363,1.36413038332557,3.05515471870348,20.9232916037733,0.0838260817064642
1234,2.54581904821286,0.28453669617992,1.3410848124428,0.0644779350148758,0.0740208972199407,0.0737226493740843,1123.76111083298,1.19357528871363,1.36413038332557,3.05515471870348,20.9232916037733,0.0838260817064642
1235,2.54581904821286,0.28453669617992,1.3410848124428,0.0644779350148758,0.0740208972199407,0.0737226493740843,1123.76111083298,1.19357528871363,1.36413038332557,3.05515471870348,20.9232916037733,0.0838260817064642
1236,2.54581904821286,0.28453669617992,1.3410848124428,0.0644779350148758,0.0740208972199407,0.0737226493740843,1123.76111083298,1.19357528871363,1.36413038332557,3.05515471870348,20.9232916037733,0.0838260817064642
1237,2.54581904821286,0.28453669617992,1.3410848124428,0.0644779350148758,0.0740208972199407,0.0737226493740843,1123.76111083298,1.19357528871363,1.36413038332557,3.05515471870348,20.9232916037733,0.0838260817064642
1238,2.54581904821286,0.28453669617992,1.3410848124428,0.0644779350148758,0.0740208972199407,0.0737226493740843,1123.76111083298,1.19357528871363,1.36413038332557,3.05515471870348,20.9232916037733,0.0838260817064642
1239,2.54581904821286,0.28453669617992,1.3410848124428,0.0644779350148758,0.0740208972199407,0.0737226493740843,1123.76111083298,1.19357528871363,1.36413038332557,3.05515471870348,20.9232916037733,0.0838260817064642
1240,2.54581904821286,0.28453669617992,1.3410848124428,0.0644779350148758,0.0740208972199407,0.0737226493740843,1123.76111083298,1.19357528871363,1.36413038332557,3.05515471870348,20.9232916037733,0.0838260817064642
1241,2.54581904821286,0.28453669617992,1.3410848124428,0.0644779350148758,0.0740208972199407,0.0737226493740843,1123.76111083298,1.19357528871363,1.36413038332557,3.05515471870348,20.9232916037733,0.0838260817064642
1242,2.54581904821286,0.28453669617992,1.3410848124428,0.0644779350148758,0.0740208972199407,0.0737226493740843,1123.76111083298,1.19357528871363,1.36413038332557,3.05515471870348,20.9232916037733,0.0838260817064642
1243,2.54581904821286,0.28453669617992,1.3410848124428,0.0644779350148758,0.0740208972199407,0.0737226493740843,1123.76111083298,1.19357528871363,1.36413038332557,3.05515471870348,20.9232916037733,0.0838260817064642
1244,2.54581904821286,0.28453669617992,1.3410848124428,0.0644779350148758,0.0740208972199407,0.0737226493740843,1123.76111083298,1.19357528871363,1.36413038332557,3.05515471870348,20.9232916037733,0.0838260817064642
1245,2.54581904821286,0.28453669617992,1.3410848124428,0.0644779350148758,0.0740208972199407,0.0737226493740843,1123.76111083298,1.19357528871363,1.36413038332557,3.05515471870348,20.9232916037733,0.0838260817064642
1246,2.54581904821286,0.28453669617992,1.3410848124428,0.0644779350148758,0.0740208972199407,0.0737226493740843,1123.76111083298,1.19357528871363,1.36413038332557,3.05515471870348,20.9232916037733,0.0838260817064642
1247,2.54581904821286,0.28453669617992,1.3410848124428,0.0644779350148758,0.0740208972199407,0.0737226493740843,1123.76111083298,1.19357528871363,1.36413038332557,3.05515471870348,20.9232916037733,0.0838260817064642
1248,2.54581904821286,0.28453669617992,1.3410848124428,0.0644779350148758,0.0740208972199407,0.0737226493740843,1123.76111083298,1.19357528871363,1.36413038332557,3.05515471870348,20.9232916037733,0.0838260817064642
1249,2.54581904821286,0.28453669617992,1.3410848124428,0.0644779350148758,0.0740208972199407,0.0737226493740843,1123.76111083298,1.19357528871363,1.36413038332557,3.05515471870348,20.9232916037733,0.0838260817064642
1250,2.54581904821286,0.28453669617992,1.3410848124428,0.0644779350148758,0.0740208972199407,0.0737226493740843,1123.76111083298,1.19357528871363,1.36413038332557,3.05515471870348,20.9232916037733,0.0838260817064642
1251,2.54581904821286,0.28453669617992,1.3410848124428,0.0644779350148758,0.0740208972199407,0.0737226493740843,1123.76111083298,1.19357528871363,1.36413038332557,3.05515471870348,20.9232916037733,0.0838260817064642
1252,2.54581904821286,0.28453669617992,1.3410848124428,0.0644779350148758,0.0740208972199407,0.0737226493740843,1123.76111083298,1.19357528871363,1.36413038332557,3.05515471870348,20.9232916037733,0.0838260817064642
1253,2.54581904821286,0.28453669617992,1.3410848124428,0.0644779350148758,0.0740208972199407,0.0737226493740843,1123.76111083298,1.19357528871363,1.36413038332557,3.05515471870348,20.9232916037733,0.0838260817064642
1254,2.54581904821286,0.28453669617992,1.3410848124428,0.0644779350148758,0.0740208972199407,0.0737226493740843,1123.76111083298,1.19357528871363,1.36413038332557,3.05515471870348,20.9232916037733,0.0838260817064642
1255,2.54581904821286,0.28453669617992,1.3410848124428,0.0644779350148758,0.0740208972199407,0.0737226493740843,1123.76111083298,1.19357528871363,1.36413038332557,3.05515471870348,20.9232916037733,0.0838260817064642
1256,2.54581904821286,0.28453669617992,1.3410848124428,0.0644779350148758,0.0740208972199407,0.0737226493740843,1123.76111083298,1.19357528871363,1.36413038332557,3.05515471870348,20.9232916037733,0.0838260817064642
1257,2.54581904821286,0.28453669617992,1.3410848124428,0.0644779350148758,0.0740208972199407,0.0737226493740843,1123.76111083298,1.19357528871363,1.36413038332557,3.05515471870348,20.9232916037733,0.0838260817064642
1258,2.54581904821286,0.28453669617992,1.3410848124428,0.0644779350148758,0.0740208972199407,0.0737226493740843,1123.76111083298,1.19357528871363,1.36413038332557,3.05515471870348,20.9232916037733,0.0838260817064642
1259,2.54660547937311,0.285196117723274,1.33789234345807,0.0640386071266193,0.0740772313862133,0.0735528313125623,1122.49318177875,1.19826383513158,1.36167991963755,3.06216727037828,20.863339246611,0.0840176572335442
1260,2.54660547937311,0.285196117723274,1.33789234345807,0.0640386071266193,0.0740772313862133,0.0735528313125623,1122.49318177875,1.19826383513158,1.36167991963755,3.06216727037828,20.863339246611,0.0840176572335442
1261,2.54660547937311,0.285196117723274,1.33789234345807,0.0640386071266193,0.0740772313862133,0.0735528313125623,1122.49318177875,1.19826383513158,1.36167991963755,3.06216727037828,20.863339246611,0.0840176572335442
1262,2.54660547937311,0.285196117723274,1.33789234345807,0.0640386071266193,0.0740772313862133,0.0735528313125623,1122.49318177875,1.19826383513158,1.36167991963755,3.06216727037828,20.863339246611,0.0840176572335442
1263,2.54660547937311,0.285196117723274,1.33789234345807,0.0640386071266193,0.0740772313862133,0.0735528313125623,1122.49318177875,1.19826383513158,1.36167991963755,3.06216727037828,20.863339246611,0.0840176572335442
1264,2.54660547937311,0.285196117723274,1.33789234345807,0.0640386071266193,0.0740772313862133,0.0735528313125623,1122.49318177875,1.19826383513158,1.36167991963755,3.06216727037828,20.863339246611,0.0840176572335442
1265,2.54660547937311,0.285196117723274,1.33789234345807,0.0640386071266193,0.0740772313862133,0.0735528313125623,1122.49318177875,1.19826383513158,1.36167991963755,3.06216727037828,20.863339246611,0.0840176572335442
1266,2.54660547937311,0.285196117723274,1.33789234345807,0.0640386071266193,0.0740772313862133,0.0735528313125623,1122.49318177875,1.19826383513158,1.36167991963755,3.06216727037828,20.863339246611,0.0840176572335442
1267,2.54660547937311,0.285196117723274,1.33789234345807,0.0640386071266193,0.0740772313862133,0.0735528313125623,1122.49318177875,1.19826383513158,1.36167991963755,3.06216727037828,20.863339246611,0.0840176572335442
1268,2.54660547937311,0.285196117723274,1.33789234345807,0.0640386071266193,0.0740772313862133,0.0735528313125623,1122.49318177875,1.19826383513158,1.36167991963755,3.06216727037828,20.863339246611,0.0840176572335442
1269,2.54660547937311,0.285196117723274,1.33789234345807,0.0640386071266193,0.0740772313862133,0.0735528313125623,1122.49318177875,1.19826383513158,1.36167991963755,3.06216727037828,20.863339246611,0.0840176572335442
1270,2.54660547937311,0.285196117723274,1.33789234345807,0.0640386071266193,0.0740772313862133,0.0735528313125623,1122.49318177875,1.19826383513158,1.36167991963755,3.06216727037828,20.863339246611,0.0840176572335442
1271,2.54660547937311,0.285196117723274,1.33789234345807,0.0640386071266193,0.0740772313862133,0.0735528313125623,1122.49318177875,1.19826383513158,1.36167991963755,3.06216727037828,20.863339246611,0.0840176572335442
1272,2.54660547937311,0.285196117723274,1.33789234345807,0.0640386071266193,0.0740772313862133,0.0735528313125623,1122.49318177875,1.19826383513158,1.36167991963755,3.06216727037828,20.863339246611,0.0840176572335442
1273,2.54660547937311,0.285196117723274,1.33789234345807,0.0640386071266193,0.0740772313862133,0.0735528313125623,1122.49318177875,1.19826383513158,1.36167991963755,3.06216727037828,20.863339246611,0.0840176572335442
1274,2.54660547937311,0.285196117723274,1.33789234345807,0.0640386071266193,0.0740772313862133,0.0735528313125623,1122.49318177875,1.19826383513158,1.36167991963755,3.06216727037828,20.863339246611,0.0840176572335442
1275,2.54660547937311,0.285196117723274,1.33789234345807,0.0640386071266193,0.0740772313862133,0.0735528313125623,1122.49318177875,1.19826383513158,1.36167991963755,3.06216727037828,20.863339246611,0.0840176572335442
1276,2.54660547937311,0.285196117723274,1.33789234345807,0.0640386071266193,0.0740772313862133,0.0735528313125623,1122.49318177875,1.19826383513158,1.36167991963755,3.06216727037828,20.863339246611,0.0840176572335442
1277,2.54660547937311,0.285196117723274,1.33789234345807,0.0640386071266193,0.0740772313862133,0.0735528313125623,1122.49318177875,1.19826383513158,1.36167991963755,3.06216727037828,20.863339246611,0.0840176572335442
1278,2.54660547937311,0.285196117723274,1.33789234345807,0.0640386071266193,0.0740772313862133,0.0735528313125623,1122.49318177875,1.19826383513158,1.36167991963755,3.06216727037828,20.863339246611,0.0840176572335442
1279,2.54660547937311,0.285196117723274,1.33789234345807,0.0640386071266193,0.0740772313862133,0.0735528313125623,1122.49318177875,1.19826383513158,1.36167991963755,3.06216727037828,20.863339246611,0.0840176572335442
1280,2.54660547937311,0.285196117723274,1.33789234345807,0.0640386071266193,0.0740772313862133,0.0735528313125623,1122.49318177875,1.19826383513158,1.36167991963755,3.06216727037828,20.863339246611,0.0840176572335442
1281,2.54660547937311,0.285196117723274,1.33789234345807,0.0640386071266193,0.0740772313862133,0.0735528313125623,1122.49318177875,1.19826383513158,1.36167991963755,3.06216727037828,20.863339246611,0.0840176572335442
1282,2.54660547937311,0.285196117723274,1.33789234345807,0.0640386071266193,0.0740772313862133,0.0735528313125623,1122.49318177875,1.19826383513158,1.36167991963755,3.06216727037828,20.863339246611,0.0840176572335442
1283,2.54660547937311,0.285196117723274,1.33789234345807,0.0640386071266193,0.0740772313862133,0.0735528313125623,1122.49318177875,1.19826383513158,1.36167991963755,3.06216727037828,20.863339246611,0.0840176572335442
1284,2.54660547937311,0.285196117723274,1.33789234345807,0.0640386071266193,0.0740772313862133,0.0735528313125623,1122.49318177875,1.19826383513158,1.36167991963755,3.06216727037828,20.863339246611,0.0840176572335442
1285,2.54660547937311,0.285196117723274,1.33789234345807,0.0640386071266193,0.0740772313862133,0.0735528313125623,1122.49318177875,1.19826383513158,1.36167991963755,3.06216727037828,20.863339246611,0.0840176572335442
1286,2.54660547937311,0.285196117723274,1.33789234345807,0.0640386071266193,0.0740772313862133,0.0735528313125623,1122.49318177875,1.19826383513158,1.36167991963755,3.06216727037828,20.863339246611,0.0840176572335442
1287,2.54660547937311,0.285196117723274,1.33789234345807,0.0640386071266193,0.0740772313862133,0.0735528313125623,1122.49318177875,1.19826383513158,1.36167991963755,3.06216727037828,20.863339246611,0.0840176572335442
1288,2.54660547937311,0.285196117723274,1.33789234345807,0.0640386071266193,0.0740772313862133,0.0735528313125623,1122.49318177875,1.19826383513158,1.36167991963755,3.06216727037828,20.863339246611,0.0840176572335442
1289,2.54660547937311,0.285196117723274,1.33789234345807,0.0640386071266193,0.0740772313862133,0.0735528313125623,1122.49318177875,1.19826383513158,1.36167991963755,3.06216727037828,20.863339246611,0.0840176572335442
1290,2.54660547937311,0.285196117723274,1.33789234345807,0.0640386071266193,0.0740772313862133,0.0735528313125623,1122.49318177875,1.19826383513158,1.36167991963755,3.06216727037828,20.863339246611,0.0840176572335442
1291,2.54660547937311,0.285196117723274,1.33789234345807,0.0640386071266193,0.0740772313862133,0.0735528313125623,1122.49318177875,1.19826383513158,1.36167991963755,3.06216727037828,20.863339246611,0.0840176572335442
1292,2.54660547937311,0.285196117723274,1.33789234345807,0.0640386071266193,0.0740772313862133,0.0735528313125623,1122.49318177875,1.19826383513158,1.36167991963755,3.06216727037828,20.863339246611,0.0840176572335442
1293,2.54660547937311,0.285196117723274,1.33789234345807,0.0640386071266193,0.0740772313862133,0.0735528313125623,1122.49318177875,1.19826383513158,1.36167991963755,3.06216727037828,20.863339246611,0.0840176572335442
1294,2.54660547937311,0.285196117723274,1.33789234345807,0.0640386071266193,0.0740772313862133,0.0735528313125623,1122.49318177875,1.19826383513158,1.36167991963755,3.06216727037828,20.863339246611,0.0840176572335442
1295,2.54660547937311,0.285196117723274,1.33789234345807,0.0640386071266193,0.0740772313862133,0.0735528313125623,1122.49318177875,1.19826383513158,1.36167991963755,3.06216727037828,20.863339246611,0.0840176572335442
1296,2.54660547937311,0.285196117723274,1.33789234345807,0.0640386071266193,0.0740772313862133,0.0735528313125623,1122.49318177875,1.19826383513158,1.36167991963755,3.06216727037828,20.863339246611,0.0840176572335442
1297,2.54660547937311,0.285196117723274,1.33789234345807,0.0640386071266193,0.0740772313862133,0.0735528313125623,1122.49318177875,1.19826383513158,1.36167991963755,3.06216727037828,20.863339246611,0.0840176572335442
1298,2.54660547937311,0.285196117723274,1.33789234345807,0.0640386071266193,0.0740772313862133,0.0735528313125623,1122.49318177875,1.19826383513158,1.36167991963755,3.06216727037828,20.863339246611,0.0840176572335442
1299,2.54660547937311,0.285196117723274,1.33789234345807,0.0640386071266193,0.0740772313862133,0.0735528313125623,1122.49318177875,1.19826383513158,1.36167991963755,3.06216727037828,20.863339246611,0.0840176572335442
1300,2.54660547937311,0.285196117723274,1.33789234345807,0.0640386071266193,0.0740772313862133,0.0735528313125623,1122.49318177875,1.19826383513158,1.36167991963755,3.06216727037828,20.863339246611,0.0840176572335442
1301,2.54660547937311,0.285196117723274,1.33789234345807,0.0640386071266193,0.0740772313862133,0.0735528313125623,1122.49318177875,1.19826383513158,1.36167991963755,3.06216727037828,20.863339246611,0.0840176572335442
1302,2.54660547937311,0.285196117723274,1.33789234345807,0.0640386071266193,0.0740772313862133,0.0735528313125623,1122.49318177875,1.19826383513158,1.36167991963755,3.06216727037828,20.863339246611,0.0840176572335442
1303,2.54660547937311,0.285196117723274,1.33789234345807,0.0640386071266193,0.0740772313862133,0.0735528313125623,1122.49318177875,1.19826383513158,1.36167991963755,3.06216727037828,20.863339246611,0.0840176572335442
1304,2.54660547937311,0.285196117723274,1.33789234345807,0.0640386071266193,0.0740772313862133,0.0735528313125623,1122.49318177875,1.19826383513158,1.36167991963755,3.06216727037828,20.863339246611,0.0840176572335442
1305,2.54660547937311,0.285196117723274,1.33789234345807,0.0640386071266193,0.0740772313862133,0.0735528313125623,1122.49318177875,1.19826383513158,1.36167991963755,3.06216727037828,20.863339246611,0.0840176572335442
1306,2.54660547937311,0.285196117723274,1.33789234345807,0.0640386071266193,0.0740772313862133,0.0735528313125623,1122.49318177875,1.19826383513158,1.36167991963755,3.06216727037828,20.863339246611,0.0840176572335442
1307,2.54660547937311,0.285196117723274,1.33789234345807,0.0640386071266193,0.0740772313862133,0.0735528313125623,1122.49318177875,1.19826383513158,1.36167991963755,3.06216727037828,20.863339246611,0.0840176572335442
1308,2.54660547937311,0.285196117723274,1.33789234345807,0.0640386071266193,0.0740772313862133,0.0735528313125623,1122.49318177875,1.19826383513158,1.36167991963755,3.06216727037828,20.863339246611,0.0840176572335442
1309,2.54660547937311,0.285196117723274,1.33789234345807,0.0640386071266193,0.0740772313862133,0.0735528313125623,1122.49318177875,1.19826383513158,1.36167991963755,3.06216727037828,20.863339246611,0.0840176572335442
1310,2.54660547937311,0.285196117723274,1.33789234345807,0.0640386071266193,0.0740772313862133,0.0735528313125623,1122.49318177875,1.19826383513158,1.36167991963755,3.06216727037828,20.863339246611,0.0840176572335442
1311,2.54660547937311,0.285196117723274,1.33789234345807,0.0640386071266193,0.0740772313862133,0.0735528313125623,1122.49318177875,1.19826383513158,1.36167991963755,3.06216727037828,20.863339246611,0.0840176572335442
1312,2.54660547937311,0.285196117723274,1.33789234345807,0.0640386071266193,0.0740772313862133,0.0735528313125623,1122.49318177875,1.19826383513158,1.36167991963755,3.06216727037828,20.863339246611,0.0840176572335442
1313,2.54660547937311,0.285196117723274,1.33789234345807,0.0640386071266193,0.0740772313862133,0.0735528313125623,1122.49318177875,1.19826383513158,1.36167991963755,3.06216727037828,20.863339246611,0.0840176572335442
1314,2.54660547937311,0.285196117723274,1.33789234345807,0.0640386071266193,0.0740772313862133,0.0735528313125623,1122.49318177875,1.19826383513158,1.36167991963755,3.06216727037828,20.863339246611,0.0840176572335442
1315,2.54660547937311,0.285196117723274,1.33789234345807,0.0640386071266193,0.0740772313862133,0.0735528313125623,1122.49318177875,1.19826383513158,1.36167991963755,3.06216727037828,20.863339246611,0.0840176572335442
1316,2.54660547937311,0.285196117723274,1.33789234345807,0.0640386071266193,0.0740772313862133,0.0735528313125623,1122.49318177875,1.19826383513158,1.36167991963755,3.06216727037828,20.863339246611,0.0840176572335442
1317,2.54660547937311,0.285196117723274,1.33789234345807,0.0640386071266193,0.0740772313862133,0.0735528313125623,1122.49318177875,1.19826383513158,1.36167991963755,3.06216727037828,20.863339246611,0.0840176572335442
1318,2.54660547937311,0.285196117723274,1.33789234345807,0.0640386071266193,0.0740772313862133,0.0735528313125623,1122.49318177875,1.19826383513158,1.36167991963755,3.06216727037828,20.863339246611,0.0840176572335442
1319,2.54660547937311,0.285196117723274,1.33789234345807,0.0640386071266193,0.0740772313862133,0.0735528313125623,1122.49318177875,1.19826383513158,1.36167991963755,3.06216727037828,20.863339246611,0.0840176572335442
1320,2.54660547937311,0.285196117723274,1.33789234345807,0.0640386071266193,0.0740772313862133,0.0735528313125623,1122.49318177875,1.19826383513158,1.36167991963755,3.06216727037828,20.863339246611,0.0840176572335442
1321,2.54660547937311,0.285196117723274,1.33789234345807,0.0640386071266193,0.0740772313862133,0.0735528313125623,1122.49318177875,1.19826383513158,1.36167991963755,3.06216727037828,20.863339246611,0.0840176572335442
1322,2.54660547937311,0.285196117723274,1.33789234345807,0.0640386071266193,0.0740772313862133,0.0735528313125623,1122.49318177875,1.19826383513158,1.36167991963755,3.06216727037828,20.863339246611,0.0840176572335442
1323,2.54660547937311,0.285196117723274,1.33789234345807,0.0640386071266193,0.0740772313862133,0.0735528313125623,1122.49318177875,1.19826383513158,1.36167991963755,3.06216727037828,20.863339246611,0.0840176572335442
1324,2.54660547937311,0.285196117723274,1.33789234345807,0.0640386071266193,0.0740772313862133,0.0735528313125623,1122.49318177875,1.19826383513158,1.36167991963755,3.06216727037828,20.863339246611,0.0840176572335442
1325,2.54660547937311,0.285196117723274,1.33789234345807,0.0640386071266193,0.0740772313862133,0.0735528313125623,1122.49318177875,1.19826383513158,1.36167991963755,3.06216727037828,20.863339246611,0.0840176572335442
1326,2.54660547937311,0.285196117723274,1.33789234345807,0.0640386071266193,0.0740772313862133,0.0735528313125623,1122.49318177875,1.19826383513158,1.36167991963755,3.06216727037828,20.863339246611,0.0840176572335442
1327,2.54660547937311,0.285196117723274,1.33789234345807,0.0640386071266193,0.0740772313862133,0.0735528313125623,1122.49318177875,1.19826383513158,1.36167991963755,3.06216727037828,20.863339246611,0.0840176572335442
1328,2.54660547937311,0.285196117723274,1.33789234345807,0.0640386071266193,0.0740772313862133,0.0735528313125623,1122.49318177875,1.19826383513158,1.36167991963755,3.06216727037828,20.863339246611,0.0840176572335442
1329,2.54660547937311,0.285196117723274,1.33789234345807,0.0640386071266193,0.0740772313862133,0.0735528313125623,1122.49318177875,1.19826383513158,1.36167991963755,3.06216727037828,20.863339246611,0.0840176572335442
1330,2.54660547937311,0.285196117723274,1.33789234345807,0.0640386071266193,0.0740772313862133,0.0735528313125623,1122.49318177875,1.19826383513158,1.36167991963755,3.06216727037828,20.863339246611,0.0840176572335442
1331,2.54660547937311,0.285196117723274,1.33789234345807,0.0640386071266193,0.0740772313862133,0.0735528313125623,1122.49318177875,1.19826383513158,1.36167991963755,3.06216727037828,20.863339246611,0.0840176572335442
1332,2.54660547937311,0.285196117723274,1.33789234345807,0.0640386071266193,0.0740772313862133,0.0735528313125623,1122.49318177875,1.19826383513158,1.36167991963755,3.06216727037828,20.863339246611,0.0840176572335442
1333,2.54660547937311,0.285196117723274,1.33789234345807,0.0640386071266193,0.0740772313862133,0.0735528313125623,1122.49318177875,1.19826383513158,1.36167991963755,3.06216727037828,20.863339246611,0.0840176572335442
1334,2.54660547937311,0.285196117723274,1.33789234345807,0.0640386071266193,0.0740772313862133,0.0735528313125623,1122.49318177875,1.19826383513158,1.36167991963755,3.06216727037828,20.863339246611,0.0840176572335442
1335,2.54660547937311,0.285196117723274,1.33789234345807,0.0640386071266193,0.0740772313862133,0.0735528313125623,1122.49318177875,1.19826383513158,1.36167991963755,3.06216727037828,20.863339246611,0.0840176572335442
1336,2.54660547937311,0.285196117723274,1.33789234345807,0.0640386071266193,0.0740772313862133,0.0735528313125623,1122.49318177875,1.19826383513158,1.36167991963755,3.06216727037828,20.863339246611,0.0840176572335442
1337,2.54660547937311,0.285196117723274,1.33789234345807,0.0640386071266193,0.0740772313862133,0.0735528313125623,1122.49318177875,1.19826383513158,1.36167991963755,3.06216727037828,20.863339246611,0.0840176572335442
1338,2.54660547937311,0.285196117723274,1.33789234345807,0.0640386071266193,0.0740772313862133,0.0735528313125623,1122.49318177875,1.19826383513158,1.36167991963755,3.06216727037828,20.863339246611,0.0840176572335442
1339,2.54660547937311,0.285196117723274,1.33789234345807,0.0640386071266193,0.0740772313862133,0.0735528313125623,1122.49318177875,1.19826383513158,1.36167991963755,3.06216727037828,20.863339246611,0.0840176572335442
1340,2.54660547937311,0.285196117723274,1.33789234345807,0.0640386071266193,0.0740772313862133,0.0735528313125623,1122.49318177875,1.19826383513158,1.36167991963755,3.06216727037828,20.863339246611,0.0840176572335442
1341,2.54660547937311,0.285196117723274,1.33789234345807,0.0640386071266193,0.0740772313862133,0.0735528313125623,1122.49318177875,1.19826383513158,1.36167991963755,3.06216727037828,20.863339246611,0.0840176572335442
1342,2.54660547937311,0.285196117723274,1.33789234345807,0.0640386071266193,0.0740772313862133,0.0735528313125623,1122.49318177875,1.19826383513158,1.36167991963755,3.06216727037828,20.863339246611,0.0840176572335442
1343,2.54660547937311,0.285196117723274,1.33789234345807,0.0640386071266193,0.0740772313862133,0.0735528313125623,1122.49318177875,1.19826383513158,1.36167991963755,3.06216727037828,20.863339246611,0.0840176572335442
1344,2.54660547937311,0.285196117723274,1.33789234345807,0.0640386071266193,0.0740772313862133,0.0735528313125623,1122.49318177875,1.19826383513158,1.36167991963755,3.06216727037828,20.863339246611,0.0840176572335442
1345,2.54660547937311,0.285196117723274,1.33789234345807,0.0640386071266193,0.0740772313862133,0.0735528313125623,1122.49318177875,1.19826383513158,1.36167991963755,3.06216727037828,20.863339246611,0.0840176572335442
1346,2.54660547937311,0.285196117723274,1.33789234345807,0.0640386071266193,0.0740772313862133,0.0735528313125623,1122.49318177875,1.19826383513158,1.36167991963755,3.06216727037828,20.863339246611,0.0840176572335442
1347,2.54660547937311,0.285196117723274,1.33789234345807,0.0640386071266193,0.0740772313862133,0.0735528313125623,1122.49318177875,1.19826383513158,1.36167991963755,3.06216727037828,20.863339246611,0.0840176572335442
1348,2.54660547937311,0.285196117723274,1.33789234345807,0.0640386071266193,0.0740772313862133,0.0735528313125623,1122.49318177875,1.19826383513158,1.36167991963755,3.06216727037828,20.863339246611,0.0840176572335442
1349,2.54660547937311,0.285196117723274,1.33789234345807,0.0640386071266193,0.0740772313862133,0.0735528313125623,1122.49318177875,1.19826383513158,1.36167991963755,3.06216727037828,20.863339246611,0.0840176572335442
1350,2.54660547937311,0.285196117723274,1.33789234345807,0.0640386071266193,0.0740772313862133,0.0735528313125623,1122.49318177875,1.19826383513158,1.36167991963755,3.06216727037828,20.863339246611,0.0840176572335442
1351,2.54660547937311,0.285196117723274,1.33789234345807,0.0640386071266193,0.0740772313862133,0.0735528313125623,1122.49318177875,1.19826383513158,1.36167991963755,3.06216727037828,20.863339246611,0.0840176572335442
1352,2.54660547937311,0.285196117723274,1.33789234345807,0.0640386071266193,0.0740772313862133,0.0735528313125623,1122.49318177875,1.19826383513158,1.36167991963755,3.06216727037828,20.863339246611,0.0840176572335442
1353,2.54660547937311,0.285196117723274,1.33789234345807,0.0640386071266193,0.0740772313862133,0.0735528313125623,1122.49318177875,1.19826383513158,1.36167991963755,3.06216727037828,20.863339246611,0.0840176572335442
1354,2.54660547937311,0.285196117723274,1.33789234345807,0.0640386071266193,0.0740772313862133,0.0735528313125623,1122.49318177875,1.19826383513158,1.36167991963755,3.06216727037828,20.863339246611,0.0840176572335442
1355,2.54660547937311,0.285196117723274,1.33789234345807,0.0640386071266193,0.0740772313862133,0.0735528313125623,1122.49318177875,1.19826383513158,1.36167991963755,3.06216727037828,20.863339246611,0.0840176572335442
1356,2.54660547937311,0.285196117723274,1.33789234345807,0.0640386071266193,0.0740772313862133,0.0735528313125623,1122.49318177875,1.19826383513158,1.36167991963755,3.06216727037828,20.863339246611,0.0840176572335442
1357,2.54660547937311,0.285196117723274,1.33789234345807,0.0640386071266193,0.0740772313862133,0.0735528313125623,1122.49318177875,1.19826383513158,1.36167991963755,3.06216727037828,20.863339246611,0.0840176572335442
1358,2.54660547937311,0.285196117723274,1.33789234345807,0.0640386071266193,0.0740772313862133,0.0735528313125623,1122.49318177875,1.19826383513158,1.36167991963755,3.06216727037828,20.863339246611,0.0840176572335442
1359,2.54660547937311,0.285196117723274,1.33789234345807,0.0640386071266193,0.0740772313862133,0.0735528313125623,1122.49318177875,1.19826383513158,1.36167991963755,3.06216727037828,20.863339246611,0.0840176572335442
1360,2.54660547937311,0.285196117723274,1.33789234345807,0.0640386071266193,0.0740772313862133,0.0735528313125623,1122.49318177875,1.19826383513158,1.36167991963755,3.06216727037828,20.863339246611,0.0840176572335442
1361,2.54660547937311,0.285196117723274,1.33789234345807,0.0640386071266193,0.0740772313862133,0.0735528313125623,1122.49318177875,1.19826383513158,1.36167991963755,3.06216727037828,20.863339246611,0.0840176572335442
1362,2.54660547937311,0.285196117723274,1.33789234345807,0.0640386071266193,0.0740772313862133,0.0735528313125623,1122.49318177875,1.19826383513158,1.36167991963755,3.06216727037828,20.863339246611,0.0840176572335442
1363,2.54660547937311,0.285196117723274,1.33789234345807,0.0640386071266193,0.0740772313862133,0.0735528313125623,1122.49318177875,1.19826383513158,1.36167991963755,3.06216727037828,20.863339246611,0.0840176572335442
1364,2.54660547937311,0.285196117723274,1.33789234345807,0.0640386071266193,0.0740772313862133,0.0735528313125623,1122.49318177875,1.19826383513158,1.36167991963755,3.06216727037828,20.863339246611,0.0840176572335442
1365,2.54660547937311,0.285196117723274,1.33789234345807,0.0640386071266193,0.0740772313862133,0.0735528313125623,1122.49318177875,1.19826383513158,1.36167991963755,3.06216727037828,20.863339246611,0.0840176572335442
1366,2.54660547937311,0.285196117723274,1.33789234345807,0.0640386071266193,0.0740772313862133,0.0735528313125623,1122.49318177875,1.19826383513158,1.36167991963755,3.06216727037828,20.863339246611,0.0840176572335442
1367,2.54660547937311,0.285196117723274,1.33789234345807,0.0640386071266193,0.0740772313862133,0.0735528313125623,1122.49318177875,1.19826383513158,1.36167991963755,3.06216727037828,20.863339246611,0.0840176572335442
1368,2.54660547937311,0.285196117723274,1.33789234345807,0.0640386071266193,0.0740772313862133,0.0735528313125623,1122.49318177875,1.19826383513158,1.36167991963755,3.06216727037828,20.863339246611,0.0840176572335442
1369,2.54660547937311,0.285196117723274,1.33789234345807,0.0640386071266193,0.0740772313862133,0.0735528313125623,1122.49318177875,1.19826383513158,1.36167991963755,3.06216727037828,20.863339246611,0.0840176572335442
1370,2.54660547937311,0.285196117723274,1.33789234345807,0.0640386071266193,0.0740772313862133,0.0735528313125623,1122.49318177875,1.19826383513158,1.36167991963755,3.06216727037828,20.863339246611,0.0840176572335442
1371,2.54660547937311,0.285196117723274,1.33789234345807,0.0640386071266193,0.0740772313862133,0.0735528313125623,1122.49318177875,1.19826383513158,1.36167991963755,3.06216727037828,20.863339246611,0.0840176572335442
1372,2.54660547937311,0.285196117723274,1.33789234345807,0.0640386071266193,0.0740772313862133,0.0735528313125623,1122.49318177875,1.19826383513158,1.36167991963755,3.06216727037828,20.863339246611,0.0840176572335442
1373,2.54660547937311,0.285196117723274,1.33789234345807,0.0640386071266193,0.0740772313862133,0.0735528313125623,1122.49318177875,1.19826383513158,1.36167991963755,3.06216727037828,20.863339246611,0.0840176572335442
1374,2.54660547937311,0.285196117723274,1.33789234345807,0.0640386071266193,0.0740772313862133,0.0735528313125623,1122.49318177875,1.19826383513158,1.36167991963755,3.06216727037828,20.863339246611,0.0840176572335442
1375,2.54660547937311,0.285196117723274,1.33789234345807,0.0640386071266193,0.0740772313862133,0.0735528313125623,1122.49318177875,1.19826383513158,1.36167991963755,3.06216727037828,20.863339246611,0.0840176572335442
1376,2.54660547937311,0.285196117723274,1.33789234345807,0.0640386071266193,0.0740772313862133,0.0735528313125623,1122.49318177875,1.19826383513158,1.36167991963755,3.06216727037828,20.863339246611,0.0840176572335442
1377,2.54660547937311,0.285196117723274,1.33789234345807,0.0640386071266193,0.0740772313862133,0.0735528313125623,1122.49318177875,1.19826383513158,1.36167991963755,3.06216727037828,20.863339246611,0.0840176572335442
1378,2.54660547937311,0.285196117723274,1.33789234345807,0.0640386071266193,0.0740772313862133,0.0735528313125623,1122.49318177875,1.19826383513158,1.36167991963755,3.06216727037828,20.863339246611,0.0840176572335442
1379,2.54660547937311,0.285196117723274,1.33789234345807,0.0640386071266193,0.0740772313862133,0.0735528313125623,1122.49318177875,1.19826383513158,1.36167991963755,3.06216727037828,20.863339246611,0.0840176572335442
1380,2.54660547937311,0.285196117723274,1.33789234345807,0.0640386071266193,0.0740772313862133,0.0735528313125623,1122.49318177875,1.19826383513158,1.36167991963755,3.06216727037828,20.863339246611,0.0840176572335442
1381,2.54660547937311,0.285196117723274,1.33789234345807,0.0640386071266193,0.0740772313862133,0.0735528313125623,1122.49318177875,1.19826383513158,1.36167991963755,3.06216727037828,20.863339246611,0.0840176572335442
1382,2.54660547937311,0.285196117723274,1.33789234345807,0.0640386071266193,0.0740772313862133,0.0735528313125623,1122.49318177875,1.19826383513158,1.36167991963755,3.06216727037828,20.863339246611,0.0840176572335442
1383,2.54660547937311,0.285196117723274,1.33789234345807,0.0640386071266193,0.0740772313862133,0.0735528313125623,1122.49318177875,1.19826383513158,1.36167991963755,3.06216727037828,20.863339246611,0.0840176572335442
1384,2.54660547937311,0.285196117723274,1.33789234345807,0.0640386071266193,0.0740772313862133,0.0735528313125623,1122.49318177875,1.19826383513158,1.36167991963755,3.06216727037828,20.863339246611,0.0840176572335442
1385,2.54660547937311,0.285196117723274,1.33789234345807,0.0640386071266193,0.0740772313862133,0.0735528313125623,1122.49318177875,1.19826383513158,1.36167991963755,3.06216727037828,20.863339246611,0.0840176572335442
1386,2.54660547937311,0.285196117723274,1.33789234345807,0.0640386071266193,0.0740772313862133,0.0735528313125623,1122.49318177875,1.19826383513158,1.36167991963755,3.06216727037828,20.863339246611,0.0840176572335442
1387,2.54660547937311,0.285196117723274,1.33789234345807,0.0640386071266193,0.0740772313862133,0.0735528313125623,1122.49318177875,1.19826383513158,1.36167991963755,3.06216727037828,20.863339246611,0.0840176572335442
1388,2.54660547937311,0.285196117723274,1.33789234345807,0.0640386071266193,0.0740772313862133,0.0735528313125623,1122.49318177875,1.19826383513158,1.36167991963755,3.06216727037828,20.863339246611,0.0840176572335442
1389,2.54660547937311,0.285196117723274,1.33789234345807,0.0640386071266193,0.0740772313862133,0.0735528313125623,1122.49318177875,1.19826383513158,1.36167991963755,3.06216727037828,20.863339246611,0.0840176572335442
1390,2.54660547937311,0.285196117723274,1.33789234345807,0.0640386071266193,0.0740772313862133,0.0735528313125623,1122.49318177875,1.19826383513158,1.36167991963755,3.06216727037828,20.863339246611,0.0840176572335442
1391,2.54660547937311,0.285196117723274,1.33789234345807,0.0640386071266193,0.0740772313862133,0.0735528313125623,1122.49318177875,1.19826383513158,1.36167991963755,3.06216727037828,20.863339246611,0.0840176572335442
1392,2.54660547937311,0.285196117723274,1.33789234345807,0.0640386071266193,0.0740772313862133,0.0735528313125623,1122.49318177875,1.19826383513158,1.36167991963755,3.06216727037828,20.863339246611,0.0840176572335442
1393,2.54660547937311,0.285196117723274,1.33789234345807,0.0640386071266193,0.0740772313862133,0.0735528313125623,1122.49318177875,1.19826383513158,1.36167991963755,3.06216727037828,20.863339246611,0.0840176572335442
1394,2.54660547937311,0.285196117723274,1.33789234345807,0.0640386071266193,0.0740772313862133,0.0735528313125623,1122.49318177875,1.19826383513158,1.36167991963755,3.06216727037828,20.863339246611,0.0840176572335442
1395,2.54660547937311,0.285196117723274,1.33789234345807,0.0640386071266193,0.0740772313862133,0.0735528313125623,1122.49318177875,1.19826383513158,1.36167991963755,3.06216727037828,20.863339246611,0.0840176572335442
1396,2.54660547937311,0.285196117723274,1.33789234345807,0.0640386071266193,0.0740772313862133,0.0735528313125623,1122.49318177875,1.19826383513158,1.36167991963755,3.06216727037828,20.863339246611,0.0840176572335442
1397,2.54660547937311,0.285196117723274,1.33789234345807,0.0640386071266193,0.0740772313862133,0.0735528313125623,1122.49318177875,1.19826383513158,1.36167991963755,3.06216727037828,20.863339246611,0.0840176572335442
1398,2.54660547937311,0.285196117723274,1.33789234345807,0.0640386071266193,0.0740772313862133,0.0735528313125623,1122.49318177875,1.19826383513158,1.36167991963755,3.06216727037828,20.863339246611,0.0840176572335442
1399,2.54660547937311,0.285196117723274,1.33789234345807,0.0640386071266193,0.0740772313862133,0.0735528313125623,1122.49318177875,1.19826383513158,1.36167991963755,3.06216727037828,20.863339246611,0.0840176572335442
1400,2.54660547937311,0.285196117723274,1.33789234345807,0.0640386071266193,0.0740772313862133,0.0735528313125623,1122.49318177875,1.19826383513158,1.36167991963755,3.06216727037828,20.863339246611,0.0840176572335442
1401,2.54660547937311,0.285196117723274,1.33789234345807,0.0640386071266193,0.0740772313862133,0.0735528313125623,1122.49318177875,1.19826383513158,1.36167991963755,3.06216727037828,20.863339246611,0.0840176572335442
1402,2.54660547937311,0.285196117723274,1.33789234345807,0.0640386071266193,0.0740772313862133,0.0735528313125623,1122.49318177875,1.19826383513158,1.36167991963755,3.06216727037828,20.863339246611,0.0840176572335442
1403,2.54660547937311,0.285196117723274,1.33789234345807,0.0640386071266193,0.0740772313862133,0.0735528313125623,1122.49318177875,1.19826383513158,1.36167991963755,3.06216727037828,20.863339246611,0.0840176572335442
1404,2.54660547937311,0.285196117723274,1.33789234345807,0.0640386071266193,0.0740772313862133,0.0735528313125623,1122.49318177875,1.19826383513158,1.36167991963755,3.06216727037828,20.863339246611,0.0840176572335442
1405,2.54660547937311,0.285196117723274,1.33789234345807,0.0640386071266193,0.0740772313862133,0.0735528313125623,1122.49318177875,1.19826383513158,1.36167991963755,3.06216727037828,20.863339246611,0.0840176572335442
1406,2.54660547937311,0.285196117723274,1.33789234345807,0.0640386071266193,0.0740772313862133,0.0735528313125623,1122.49318177875,1.19826383513158,1.36167991963755,3.06216727037828,20.863339246611,0.0840176572335442
1407,2.54660547937311,0.285196117723274,1.33789234345807,0.0640386071266193,0.0740772313862133,0.0735528313125623,1122.49318177875,1.19826383513158,1.36167991963755,3.06216727037828,20.863339246611,0.0840176572335442
1408,2.54660547937311,0.285196117723274,1.33789234345807,0.0640386071266193,0.0740772313862133,0.0735528313125623,1122.49318177875,1.19826383513158,1.36167991963755,3.06216727037828,20.863339246611,0.0840176572335442
1409,2.54660547937311,0.285196117723274,1.33789234345807,0.0640386071266193,0.0740772313862133,0.0735528313125623,1122.49318177875,1.19826383513158,1.36167991963755,3.06216727037828,20.863339246611,0.0840176572335442
1410,2.54660547937311,0.285196117723274,1.33789234345807,0.0640386071266193,0.0740772313862133,0.0735528313125623,1122.49318177875,1.19826383513158,1.36167991963755,3.06216727037828,20.863339246611,0.0840176572335442
1411,2.54660547937311,0.285196117723274,1.33789234345807,0.0640386071266193,0.0740772313862133,0.0735528313125623,1122.49318177875,1.19826383513158,1.36167991963755,3.06216727037828,20.863339246611,0.0840176572335442
1412,2.54660547937311,0.285196117723274,1.33789234345807,0.0640386071266193,0.0740772313862133,0.0735528313125623,1122.49318177875,1.19826383513158,1.36167991963755,3.06216727037828,20.863339246611,0.0840176572335442
1413,2.54660547937311,0.285196117723274,1.33789234345807,0.0640386071266193,0.0740772313862133,0.0735528313125623,1122.49318177875,1.19826383513158,1.36167991963755,3.06216727037828,20.863339246611,0.0840176572335442
1414,2.54660547937311,0.285196117723274,1.33789234345807,0.0640386071266193,0.0740772313862133,0.0735528313125623,1122.49318177875,1.19826383513158,1.36167991963755,3.06216727037828,20.863339246611,0.0840176572335442
1415,2.54660547937311,0.285196117723274,1.33789234345807,0.0640386071266193,0.0740772313862133,0.0735528313125623,1122.49318177875,1.19826383513158,1.36167991963755,3.06216727037828,20.863339246611,0.0840176572335442
1416,2.54660547937311,0.285196117723274,1.33789234345807,0.0640386071266193,0.0740772313862133,0.0735528313125623,1122.49318177875,1.19826383513158,1.36167991963755,3.06216727037828,20.863339246611,0.0840176572335442
1417,2.54660547937311,0.285196117723274,1.33789234345807,0.0640386071266193,0.0740772313862133,0.0735528313125623,1122.49318177875,1.19826383513158,1.36167991963755,3.06216727037828,20.863339246611,0.0840176572335442
1418,2.54660547937311,0.285196117723274,1.33789234345807,0.0640386071266193,0.0740772313862133,0.0735528313125623,1122.49318177875,1.19826383513158,1.36167991963755,3.06216727037828,20.863339246611,0.0840176572335442
1419,2.54660547937311,0.285196117723274,1.33789234345807,0.0640386071266193,0.0740772313862133,0.0735528313125623,1122.49318177875,1.19826383513158,1.36167991963755,3.06216727037828,20.863339246611,0.0840176572335442
1420,2.54660547937311,0.285196117723274,1.33789234345807,0.0640386071266193,0.0740772313862133,0.0735528313125623,1122.49318177875,1.19826383513158,1.36167991963755,3.06216727037828,20.863339246611,0.0840176572335442
1421,2.54660547937311,0.285196117723274,1.33789234345807,0.0640386071266193,0.0740772313862133,0.0735528313125623,1122.49318177875,1.19826383513158,1.36167991963755,3.06216727037828,20.863339246611,0.0840176572335442
1422,2.54660547937311,0.285196117723274,1.33789234345807,0.0640386071266193,0.0740772313862133,0.0735528313125623,1122.49318177875,1.19826383513158,1.36167991963755,3.06216727037828,20.863339246611,0.0840176572335442
1423,2.54660547937311,0.285196117723274,1.33789234345807,0.0640386071266193,0.0740772313862133,0.0735528313125623,1122.49318177875,1.19826383513158,1.36167991963755,3.06216727037828,20.863339246611,0.0840176572335442
1424,2.54660547937311,0.285196117723274,1.33789234345807,0.0640386071266193,0.0740772313862133,0.0735528313125623,1122.49318177875,1.19826383513158,1.36167991963755,3.06216727037828,20.863339246611,0.0840176572335442
1425,2.54660547937311,0.285196117723274,1.33789234345807,0.0640386071266193,0.0740772313862133,0.0735528313125623,1122.49318177875,1.19826383513158,1.36167991963755,3.06216727037828,20.863339246611,0.0840176572335442
1426,2.54660547937311,0.285196117723274,1.33789234345807,0.0640386071266193,0.0740772313862133,0.0735528313125623,1122.49318177875,1.19826383513158,1.36167991963755,3.06216727037828,20.863339246611,0.0840176572335442
1427,2.54660547937311,0.285196117723274,1.33789234345807,0.0640386071266193,0.0740772313862133,0.0735528313125623,1122.49318177875,1.19826383513158,1.36167991963755,3.06216727037828,20.863339246611,0.0840176572335442
1428,2.54660547937311,0.285196117723274,1.33789234345807,0.0640386071266193,0.0740772313862133,0.0735528313125623,1122.49318177875,1.19826383513158,1.36167991963755,3.06216727037828,20.863339246611,0.0840176572335442
1429,2.54660547937311,0.285196117723274,1.33789234345807,0.0640386071266193,0.0740772313862133,0.0735528313125623,1122.49318177875,1.19826383513158,1.36167991963755,3.06216727037828,20.863339246611,0.0840176572335442
1430,2.54660547937311,0.285196117723274,1.33789234345807,0.0640386071266193,0.0740772313862133,0.0735528313125623,1122.49318177875,1.19826383513158,1.36167991963755,3.06216727037828,20.863339246611,0.0840176572335442
1431,2.54660547937311,0.285196117723274,1.33789234345807,0.0640386071266193,0.0740772313862133,0.0735528313125623,1122.49318177875,1.19826383513158,1.36167991963755,3.06216727037828,20.863339246611,0.0840176572335442
1432,2.54660547937311,0.285196117723274,1.33789234345807,0.0640386071266193,0.0740772313862133,0.0735528313125623,1122.49318177875,1.19826383513158,1.36167991963755,3.06216727037828,20.863339246611,0.0840176572335442
1433,2.54660547937311,0.285196117723274,1.33789234345807,0.0640386071266193,0.0740772313862133,0.0735528313125623,1122.49318177875,1.19826383513158,1.36167991963755,3.06216727037828,20.863339246611,0.0840176572335442
1434,2.54660547937311,0.285196117723274,1.33789234345807,0.0640386071266193,0.0740772313862133,0.0735528313125623,1122.49318177875,1.19826383513158,1.36167991963755,3.06216727037828,20.863339246611,0.0840176572335442
1435,2.54660547937311,0.285196117723274,1.33789234345807,0.0640386071266193,0.0740772313862133,0.0735528313125623,1122.49318177875,1.19826383513158,1.36167991963755,3.06216727037828,20.863339246611,0.0840176572335442
1436,2.54660547937311,0.285196117723274,1.33789234345807,0.0640386071266193,0.0740772313862133,0.0735528313125623,1122.49318177875,1.19826383513158,1.36167991963755,3.06216727037828,20.863339246611,0.0840176572335442
1437,2.54660547937311,0.285196117723274,1.33789234345807,0.0640386071266193,0.0740772313862133,0.0735528313125623,1122.49318177875,1.19826383513158,1.36167991963755,3.06216727037828,20.863339246611,0.0840176572335442
1438,2.54660547937311,0.285196117723274,1.33789234345807,0.0640386071266193,0.0740772313862133,0.0735528313125623,1122.49318177875,1.19826383513158,1.36167991963755,3.06216727037828,20.863339246611,0.0840176572335442
1439,2.54660547937311,0.285196117723274,1.33789234345807,0.0640386071266193,0.0740772313862133,0.0735528313125623,1122.49318177875,1.19826383513158,1.36167991963755,3.06216727037828,20.863339246611,0.0840176572335442
1440,2.54660547937311,0.285196117723274,1.33789234345807,0.0640386071266193,0.0740772313862133,0.0735528313125623,1122.49318177875,1.19826383513158,1.36167991963755,3.06216727037828,20.863339246611,0.0840176572335442
1441,2.54660547937311,0.285196117723274,1.33789234345807,0.0640386071266193,0.0740772313862133,0.0735528313125623,1122.49318177875,1.19826383513158,1.36167991963755,3.06216727037828,20.863339246611,0.0840176572335442
1442,2.54660547937311,0.285196117723274,1.33789234345807,0.0640386071266193,0.0740772313862133,0.0735528313125623,1122.49318177875,1.19826383513158,1.36167991963755,3.06216727037828,20.863339246611,0.0840176572335442
1443,2.54660547937311,0.285196117723274,1.33789234345807,0.0640386071266193,0.0740772313862133,0.0735528313125623,1122.49318177875,1.19826383513158,1.36167991963755,3.06216727037828,20.863339246611,0.0840176572335442
1444,2.54660547937311,0.285196117723274,1.33789234345807,0.0640386071266193,0.0740772313862133,0.0735528313125623,1122.49318177875,1.19826383513158,1.36167991963755,3.06216727037828,20.863339246611,0.0840176572335442
1445,2.54660547937311,0.285196117723274,1.33789234345807,0.0640386071266193,0.0740772313862133,0.0735528313125623,1122.49318177875,1.19826383513158,1.36167991963755,3.06216727037828,20.863339246611,0.0840176572335442
1446,2.54660547937311,0.285196117723274,1.33789234345807,0.0640386071266193,0.0740772313862133,0.0735528313125623,1122.49318177875,1.19826383513158,1.36167991963755,3.06216727037828,20.863339246611,0.0840176572335442
1447,2.54660547937311,0.285196117723274,1.33789234345807,0.0640386071266193,0.0740772313862133,0.0735528313125623,1122.49318177875,1.19826383513158,1.36167991963755,3.06216727037828,20.863339246611,0.0840176572335442
1448,2.54660547937311,0.285196117723274,1.33789234345807,0.0640386071266193,0.0740772313862133,0.0735528313125623,1122.49318177875,1.19826383513158,1.36167991963755,3.06216727037828,20.863339246611,0.0840176572335442
1449,2.54660547937311,0.285196117723274,1.33789234345807,0.0640386071266193,0.0740772313862133,0.0735528313125623,1122.49318177875,1.19826383513158,1.36167991963755,3.06216727037828,20.863339246611,0.0840176572335442
1450,2.54660547937311,0.285196117723274,1.33789234345807,0.0640386071266193,0.0740772313862133,0.0735528313125623,1122.49318177875,1.19826383513158,1.36167991963755,3.06216727037828,20.863339246611,0.0840176572335442
1451,2.54660547937311,0.285196117723274,1.33789234345807,0.0640386071266193,0.0740772313862133,0.0735528313125623,1122.49318177875,1.19826383513158,1.36167991963755,3.06216727037828,20.863339246611,0.0840176572335442
1452,2.54660547937311,0.285196117723274,1.33789234345807,0.0640386071266193,0.0740772313862133,0.0735528313125623,1122.49318177875,1.19826383513158,1.36167991963755,3.06216727037828,20.863339246611,0.0840176572335442
1453,2.54660547937311,0.285196117723274,1.33789234345807,0.0640386071266193,0.0740772313862133,0.0735528313125623,1122.49318177875,1.19826383513158,1.36167991963755,3.06216727037828,20.863339246611,0.0840176572335442
1454,2.54660547937311,0.285196117723274,1.33789234345807,0.0640386071266193,0.0740772313862133,0.0735528313125623,1122.49318177875,1.19826383513158,1.36167991963755,3.06216727037828,20.863339246611,0.0840176572335442
1455,2.54660547937311,0.285196117723274,1.33789234345807,0.0640386071266193,0.0740772313862133,0.0735528313125623,1122.49318177875,1.19826383513158,1.36167991963755,3.06216727037828,20.863339246611,0.0840176572335442
1456,2.54660547937311,0.285196117723274,1.33789234345807,0.0640386071266193,0.0740772313862133,0.0735528313125623,1122.49318177875,1.19826383513158,1.36167991963755,3.06216727037828,20.863339246611,0.0840176572335442
1457,2.54660547937311,0.285196117723274,1.33789234345807,0.0640386071266193,0.0740772313862133,0.0735528313125623,1122.49318177875,1.19826383513158,1.36167991963755,3.06216727037828,20.863339246611,0.0840176572335442
1458,2.54660547937311,0.285196117723274,1.33789234345807,0.0640386071266193,0.0740772313862133,0.0735528313125623,1122.49318177875,1.19826383513158,1.36167991963755,3.06216727037828,20.863339246611,0.0840176572335442
1459,2.54660547937311,0.285196117723274,1.33789234345807,0.0640386071266193,0.0740772313862133,0.0735528313125623,1122.49318177875,1.19826383513158,1.36167991963755,3.06216727037828,20.863339246611,0.0840176572335442
1460,2.54660547937311,0.285196117723274,1.33789234345807,0.0640386071266193,0.0740772313862133,0.0735528313125623,1122.49318177875,1.19826383513158,1.36167991963755,3.06216727037828,20.863339246611,0.0840176572335442
1461,2.54660547937311,0.285196117723274,1.33789234345807,0.0640386071266193,0.0740772313862133,0.0735528313125623,1122.49318177875,1.19826383513158,1.36167991963755,3.06216727037828,20.863339246611,0.0840176572335442
1462,2.54660547937311,0.285196117723274,1.33789234345807,0.0640386071266193,0.0740772313862133,0.0735528313125623,1122.49318177875,1.19826383513158,1.36167991963755,3.06216727037828,20.863339246611,0.0840176572335442
1463,2.54660547937311,0.285196117723274,1.33789234345807,0.0640386071266193,0.0740772313862133,0.0735528313125623,1122.49318177875,1.19826383513158,1.36167991963755,3.06216727037828,20.863339246611,0.0840176572335442
1464,2.54660547937311,0.285196117723274,1.33789234345807,0.0640386071266193,0.0740772313862133,0.0735528313125623,1122.49318177875,1.19826383513158,1.36167991963755,3.06216727037828,20.863339246611,0.0840176572335442
1465,2.54660547937311,0.285196117723274,1.33789234345807,0.0640386071266193,0.0740772313862133,0.0735528313125623,1122.49318177875,1.19826383513158,1.36167991963755,3.06216727037828,20.863339246611,0.0840176572335442
1466,2.54660547937311,0.285196117723274,1.33789234345807,0.0640386071266193,0.0740772313862133,0.0735528313125623,1122.49318177875,1.19826383513158,1.36167991963755,3.06216727037828,20.863339246611,0.0840176572335442
1467,2.54660547937311,0.285196117723274,1.33789234345807,0.0640386071266193,0.0740772313862133,0.0735528313125623,1122.49318177875,1.19826383513158,1.36167991963755,3.06216727037828,20.863339246611,0.0840176572335442
1468,2.54660547937311,0.285196117723274,1.33789234345807,0.0640386071266193,0.0740772313862133,0.0735528313125623,1122.49318177875,1.19826383513158,1.36167991963755,3.06216727037828,20.863339246611,0.0840176572335442
1469,2.54660547937311,0.285196117723274,1.33789234345807,0.0640386071266193,0.0740772313862133,0.0735528313125623,1122.49318177875,1.19826383513158,1.36167991963755,3.06216727037828,20.863339246611,0.0840176572335442
1470,2.54660547937311,0.285196117723274,1.33789234345807,0.0640386071266193,0.0740772313862133,0.0735528313125623,1122.49318177875,1.19826383513158,1.36167991963755,3.06216727037828,20.863339246611,0.0840176572335442
1471,2.54660547937311,0.285196117723274,1.33789234345807,0.0640386071266193,0.0740772313862133,0.0735528313125623,1122.49318177875,1.19826383513158,1.36167991963755,3.06216727037828,20.863339246611,0.0840176572335442
1472,2.54660547937311,0.285196117723274,1.33789234345807,0.0640386071266193,0.0740772313862133,0.0735528313125623,1122.49318177875,1.19826383513158,1.36167991963755,3.06216727037828,20.863339246611,0.0840176572335442
1473,2.54660547937311,0.285196117723274,1.33789234345807,0.0640386071266193,0.0740772313862133,0.0735528313125623,1122.49318177875,1.19826383513158,1.36167991963755,3.06216727037828,20.863339246611,0.0840176572335442
1474,2.54660547937311,0.285196117723274,1.33789234345807,0.0640386071266193,0.0740772313862133,0.0735528313125623,1122.49318177875,1.19826383513158,1.36167991963755,3.06216727037828,20.863339246611,0.0840176572335442
1475,2.54660547937311,0.285196117723274,1.33789234345807,0.0640386071266193,0.0740772313862133,0.0735528313125623,1122.49318177875,1.19826383513158,1.36167991963755,3.06216727037828,20.863339246611,0.0840176572335442
1476,2.54660547937311,0.285196117723274,1.33789234345807,0.0640386071266193,0.0740772313862133,0.0735528313125623,1122.49318177875,1.19826383513158,1.36167991963755,3.06216727037828,20.863339246611,0.0840176572335442
1477,2.54660547937311,0.285196117723274,1.33789234345807,0.0640386071266193,0.0740772313862133,0.0735528313125623,1122.49318177875,1.19826383513158,1.36167991963755,3.06216727037828,20.863339246611,0.0840176572335442
1478,2.54660547937311,0.285196117723274,1.33789234345807,0.0640386071266193,0.0740772313862133,0.0735528313125623,1122.49318177875,1.19826383513158,1.36167991963755,3.06216727037828,20.863339246611,0.0840176572335442
1479,2.54660547937311,0.285196117723274,1.33789234345807,0.0640386071266193,0.0740772313862133,0.0735528313125623,1122.49318177875,1.19826383513158,1.36167991963755,3.06216727037828,20.863339246611,0.0840176572335442
1480,2.54660547937311,0.285196117723274,1.33789234345807,0.0640386071266193,0.0740772313862133,0.0735528313125623,1122.49318177875,1.19826383513158,1.36167991963755,3.06216727037828,20.863339246611,0.0840176572335442
1481,2.54660547937311,0.285196117723274,1.33789234345807,0.0640386071266193,0.0740772313862133,0.0735528313125623,1122.49318177875,1.19826383513158,1.36167991963755,3.06216727037828,20.863339246611,0.0840176572335442
1482,2.54660547937311,0.285196117723274,1.33789234345807,0.0640386071266193,0.0740772313862133,0.0735528313125623,1122.49318177875,1.19826383513158,1.36167991963755,3.06216727037828,20.863339246611,0.0840176572335442
1483,2.54660547937311,0.285196117723274,1.33789234345807,0.0640386071266193,0.0740772313862133,0.0735528313125623,1122.49318177875,1.19826383513158,1.36167991963755,3.06216727037828,20.863339246611,0.0840176572335442
1484,2.54660547937311,0.285196117723274,1.33789234345807,0.0640386071266193,0.0740772313862133,0.0735528313125623,1122.49318177875,1.19826383513158,1.36167991963755,3.06216727037828,20.863339246611,0.0840176572335442
1485,2.54660547937311,0.285196117723274,1.33789234345807,0.0640386071266193,0.0740772313862133,0.0735528313125623,1122.49318177875,1.19826383513158,1.36167991963755,3.06216727037828,20.863339246611,0.0840176572335442
1486,2.54660547937311,0.285196117723274,1.33789234345807,0.0640386071266193,0.0740772313862133,0.0735528313125623,1122.49318177875,1.19826383513158,1.36167991963755,3.06216727037828,20.863339246611,0.0840176572335442
1487,2.54660547937311,0.285196117723274,1.33789234345807,0.0640386071266193,0.0740772313862133,0.0735528313125623,1122.49318177875,1.19826383513158,1.36167991963755,3.06216727037828,20.863339246611,0.0840176572335442
1488,2.54660547937311,0.285196117723274,1.33789234345807,0.0640386071266193,0.0740772313862133,0.0735528313125623,1122.49318177875,1.19826383513158,1.36167991963755,3.06216727037828,20.863339246611,0.0840176572335442
1489,2.54660547937311,0.285196117723274,1.33789234345807,0.0640386071266193,0.0740772313862133,0.0735528313125623,1122.49318177875,1.19826383513158,1.36167991963755,3.06216727037828,20.863339246611,0.0840176572335442
1490,2.54660547937311,0.285196117723274,1.33789234345807,0.0640386071266193,0.0740772313862133,0.0735528313125623,1122.49318177875,1.19826383513158,1.36167991963755,3.06216727037828,20.863339246611,0.0840176572335442
1491,2.54660547937311,0.285196117723274,1.33789234345807,0.0640386071266193,0.0740772313862133,0.0735528313125623,1122.49318177875,1.19826383513158,1.36167991963755,3.06216727037828,20.863339246611,0.0840176572335442
1492,2.54660547937311,0.285196117723274,1.33789234345807,0.0640386071266193,0.0740772313862133,0.0735528313125623,1122.49318177875,1.19826383513158,1.36167991963755,3.06216727037828,20.863339246611,0.0840176572335442
1493,2.54660547937311,0.285196117723274,1.33789234345807,0.0640386071266193,0.0740772313862133,0.0735528313125623,1122.49318177875,1.19826383513158,1.36167991963755,3.06216727037828,20.863339246611,0.0840176572335442
1494,2.54660547937311,0.285196117723274,1.33789234345807,0.0640386071266193,0.0740772313862133,0.0735528313125623,1122.49318177875,1.19826383513158,1.36167991963755,3.06216727037828,20.863339246611,0.0840176572335442
1495,2.54660547937311,0.285196117723274,1.33789234345807,0.0640386071266193,0.0740772313862133,0.0735528313125623,1122.49318177875,1.19826383513158,1.36167991963755,3.06216727037828,20.863339246611,0.0840176572335442
1496,2.54660547937311,0.285196117723274,1.33789234345807,0.0640386071266193,0.0740772313862133,0.0735528313125623,1122.49318177875,1.19826383513158,1.36167991963755,3.06216727037828,20.863339246611,0.0840176572335442
1497,2.54660547937311,0.285196117723274,1.33789234345807,0.0640386071266193,0.0740772313862133,0.0735528313125623,1122.49318177875,1.19826383513158,1.36167991963755,3.06216727037828,20.863339246611,0.0840176572335442
1498,2.54660547937311,0.285196117723274,1.33789234345807,0.0640386071266193,0.0740772313862133,0.0735528313125623,1122.49318177875,1.19826383513158,1.36167991963755,3.06216727037828,20.863339246611,0.0840176572335442
1499,2.54660547937311,0.285196117723274,1.33789234345807,0.0640386071266193,0.0740772313862133,0.0735528313125623,1122.49318177875,1.19826383513158,1.36167991963755,3.06216727037828,20.863339246611,0.0840176572335442
1500,2.54660547937311,0.285196117723274,1.33789234345807,0.0640386071266193,0.0740772313862133,0.0735528313125623,1122.49318177875,1.19826383513158,1.36167991963755,3.06216727037828,20.863339246611,0.0840176572335442
1501,2.54660547937311,0.285196117723274,1.33789234345807,0.0640386071266193,0.0740772313862133,0.0735528313125623,1122.49318177875,1.19826383513158,1.36167991963755,3.06216727037828,20.863339246611,0.0840176572335442
1502,2.54660547937311,0.285196117723274,1.33789234345807,0.0640386071266193,0.0740772313862133,0.0735528313125623,1122.49318177875,1.19826383513158,1.36167991963755,3.06216727037828,20.863339246611,0.0840176572335442
1503,2.54660547937311,0.285196117723274,1.33789234345807,0.0640386071266193,0.0740772313862133,0.0735528313125623,1122.49318177875,1.19826383513158,1.36167991963755,3.06216727037828,20.863339246611,0.0840176572335442
1504,2.54660547937311,0.285196117723274,1.33789234345807,0.0640386071266193,0.0740772313862133,0.0735528313125623,1122.49318177875,1.19826383513158,1.36167991963755,3.06216727037828,20.863339246611,0.0840176572335442
1505,2.54660547937311,0.285196117723274,1.33789234345807,0.0640386071266193,0.0740772313862133,0.0735528313125623,1122.49318177875,1.19826383513158,1.36167991963755,3.06216727037828,20.863339246611,0.0840176572335442
1506,2.54660547937311,0.285196117723274,1.33789234345807,0.0640386071266193,0.0740772313862133,0.0735528313125623,1122.49318177875,1.19826383513158,1.36167991963755,3.06216727037828,20.863339246611,0.0840176572335442
1507,2.54660547937311,0.285196117723274,1.33789234345807,0.0640386071266193,0.0740772313862133,0.0735528313125623,1122.49318177875,1.19826383513158,1.36167991963755,3.06216727037828,20.863339246611,0.0840176572335442
1508,2.54660547937311,0.285196117723274,1.33789234345807,0.0640386071266193,0.0740772313862133,0.0735528313125623,1122.49318177875,1.19826383513158,1.36167991963755,3.06216727037828,20.863339246611,0.0840176572335442
1509,2.54660547937311,0.285196117723274,1.33789234345807,0.0640386071266193,0.0740772313862133,0.0735528313125623,1122.49318177875,1.19826383513158,1.36167991963755,3.06216727037828,20.863339246611,0.0840176572335442
1510,2.54660547937311,0.285196117723274,1.33789234345807,0.0640386071266193,0.0740772313862133,0.0735528313125623,1122.49318177875,1.19826383513158,1.36167991963755,3.06216727037828,20.863339246611,0.0840176572335442
1511,2.54660547937311,0.285196117723274,1.33789234345807,0.0640386071266193,0.0740772313862133,0.0735528313125623,1122.49318177875,1.19826383513158,1.36167991963755,3.06216727037828,20.863339246611,0.0840176572335442
1512,2.54660547937311,0.285196117723274,1.33789234345807,0.0640386071266193,0.0740772313862133,0.0735528313125623,1122.49318177875,1.19826383513158,1.36167991963755,3.06216727037828,20.863339246611,0.0840176572335442
1513,2.54660547937311,0.285196117723274,1.33789234345807,0.0640386071266193,0.0740772313862133,0.0735528313125623,1122.49318177875,1.19826383513158,1.36167991963755,3.06216727037828,20.863339246611,0.0840176572335442
1514,2.54660547937311,0.285196117723274,1.33789234345807,0.0640386071266193,0.0740772313862133,0.0735528313125623,1122.49318177875,1.19826383513158,1.36167991963755,3.06216727037828,20.863339246611,0.0840176572335442
1515,2.54660547937311,0.285196117723274,1.33789234345807,0.0640386071266193,0.0740772313862133,0.0735528313125623,1122.49318177875,1.19826383513158,1.36167991963755,3.06216727037828,20.863339246611,0.0840176572335442
1516,2.54660547937311,0.285196117723274,1.33789234345807,0.0640386071266193,0.0740772313862133,0.0735528313125623,1122.49318177875,1.19826383513158,1.36167991963755,3.06216727037828,20.863339246611,0.0840176572335442
1517,2.54660547937311,0.285196117723274,1.33789234345807,0.0640386071266193,0.0740772313862133,0.0735528313125623,1122.49318177875,1.19826383513158,1.36167991963755,3.06216727037828,20.863339246611,0.0840176572335442
1518,2.54660547937311,0.285196117723274,1.33789234345807,0.0640386071266193,0.0740772313862133,0.0735528313125623,1122.49318177875,1.19826383513158,1.36167991963755,3.06216727037828,20.863339246611,0.0840176572335442
1519,2.54660547937311,0.285196117723274,1.33789234345807,0.0640386071266193,0.0740772313862133,0.0735528313125623,1122.49318177875,1.19826383513158,1.36167991963755,3.06216727037828,20.863339246611,0.0840176572335442
1520,2.54660547937311,0.285196117723274,1.33789234345807,0.0640386071266193,0.0740772313862133,0.0735528313125623,1122.49318177875,1.19826383513158,1.36167991963755,3.06216727037828,20.863339246611,0.0840176572335442
1521,2.54660547937311,0.285196117723274,1.33789234345807,0.0640386071266193,0.0740772313862133,0.0735528313125623,1122.49318177875,1.19826383513158,1.36167991963755,3.06216727037828,20.863339246611,0.0840176572335442
1522,2.54660547937311,0.285196117723274,1.33789234345807,0.0640386071266193,0.0740772313862133,0.0735528313125623,1122.49318177875,1.19826383513158,1.36167991963755,3.06216727037828,20.863339246611,0.0840176572335442
1523,2.54660547937311,0.285196117723274,1.33789234345807,0.0640386071266193,0.0740772313862133,0.0735528313125623,1122.49318177875,1.19826383513158,1.36167991963755,3.06216727037828,20.863339246611,0.0840176572335442
1524,2.54660547937311,0.285196117723274,1.33789234345807,0.0640386071266193,0.0740772313862133,0.0735528313125623,1122.49318177875,1.19826383513158,1.36167991963755,3.06216727037828,20.863339246611,0.0840176572335442
1525,2.54660547937311,0.285196117723274,1.33789234345807,0.0640386071266193,0.0740772313862133,0.0735528313125623,1122.49318177875,1.19826383513158,1.36167991963755,3.06216727037828,20.863339246611,0.0840176572335442
1526,2.54660547937311,0.285196117723274,1.33789234345807,0.0640386071266193,0.0740772313862133,0.0735528313125623,1122.49318177875,1.19826383513158,1.36167991963755,3.06216727037828,20.863339246611,0.0840176572335442
1527,2.54660547937311,0.285196117723274,1.33789234345807,0.0640386071266193,0.0740772313862133,0.0735528313125623,1122.49318177875,1.19826383513158,1.36167991963755,3.06216727037828,20.863339246611,0.0840176572335442
1528,2.54660547937311,0.285196117723274,1.33789234345807,0.0640386071266193,0.0740772313862133,0.0735528313125623,1122.49318177875,1.19826383513158,1.36167991963755,3.06216727037828,20.863339246611,0.0840176572335442
1529,2.54660547937311,0.285196117723274,1.33789234345807,0.0640386071266193,0.0740772313862133,0.0735528313125623,1122.49318177875,1.19826383513158,1.36167991963755,3.06216727037828,20.863339246611,0.0840176572335442
1530,2.54660547937311,0.285196117723274,1.33789234345807,0.0640386071266193,0.0740772313862133,0.0735528313125623,1122.49318177875,1.19826383513158,1.36167991963755,3.06216727037828,20.863339246611,0.0840176572335442
1531,2.54660547937311,0.285196117723274,1.33789234345807,0.0640386071266193,0.0740772313862133,0.0735528313125623,1122.49318177875,1.19826383513158,1.36167991963755,3.06216727037828,20.863339246611,0.0840176572335442
1532,2.54660547937311,0.285196117723274,1.33789234345807,0.0640386071266193,0.0740772313862133,0.0735528313125623,1122.49318177875,1.19826383513158,1.36167991963755,3.06216727037828,20.863339246611,0.0840176572335442
1533,2.54660547937311,0.285196117723274,1.33789234345807,0.0640386071266193,0.0740772313862133,0.0735528313125623,1122.49318177875,1.19826383513158,1.36167991963755,3.06216727037828,20.863339246611,0.0840176572335442
1534,2.54660547937311,0.285196117723274,1.33789234345807,0.0640386071266193,0.0740772313862133,0.0735528313125623,1122.49318177875,1.19826383513158,1.36167991963755,3.06216727037828,20.863339246611,0.0840176572335442
1535,2.54660547937311,0.285196117723274,1.33789234345807,0.0640386071266193,0.0740772313862133,0.0735528313125623,1122.49318177875,1.19826383513158,1.36167991963755,3.06216727037828,20.863339246611,0.0840176572335442
1536,2.54660547937311,0.285196117723274,1.33789234345807,0.0640386071266193,0.0740772313862133,0.0735528313125623,1122.49318177875,1.19826383513158,1.36167991963755,3.06216727037828,20.863339246611,0.0840176572335442
1537,2.54660547937311,0.285196117723274,1.33789234345807,0.0640386071266193,0.0740772313862133,0.0735528313125623,1122.49318177875,1.19826383513158,1.36167991963755,3.06216727037828,20.863339246611,0.0840176572335442
1538,2.54660547937311,0.285196117723274,1.33789234345807,0.0640386071266193,0.0740772313862133,0.0735528313125623,1122.49318177875,1.19826383513158,1.36167991963755,3.06216727037828,20.863339246611,0.0840176572335442
1539,2.54660547937311,0.285196117723274,1.33789234345807,0.0640386071266193,0.0740772313862133,0.0735528313125623,1122.49318177875,1.19826383513158,1.36167991963755,3.06216727037828,20.863339246611,0.0840176572335442
1540,2.54660547937311,0.285196117723274,1.33789234345807,0.0640386071266193,0.0740772313862133,0.0735528313125623,1122.49318177875,1.19826383513158,1.36167991963755,3.06216727037828,20.863339246611,0.0840176572335442
1541,2.54660547937311,0.285196117723274,1.33789234345807,0.0640386071266193,0.0740772313862133,0.0735528313125623,1122.49318177875,1.19826383513158,1.36167991963755,3.06216727037828,20.863339246611,0.0840176572335442
1542,2.54660547937311,0.285196117723274,1.33789234345807,0.0640386071266193,0.0740772313862133,0.0735528313125623,1122.49318177875,1.19826383513158,1.36167991963755,3.06216727037828,20.863339246611,0.0840176572335442
1543,2.54660547937311,0.285196117723274,1.33789234345807,0.0640386071266193,0.0740772313862133,0.0735528313125623,1122.49318177875,1.19826383513158,1.36167991963755,3.06216727037828,20.863339246611,0.0840176572335442
1544,2.54660547937311,0.285196117723274,1.33789234345807,0.0640386071266193,0.0740772313862133,0.0735528313125623,1122.49318177875,1.19826383513158,1.36167991963755,3.06216727037828,20.863339246611,0.0840176572335442
1545,2.54660547937311,0.285196117723274,1.33789234345807,0.0640386071266193,0.0740772313862133,0.0735528313125623,1122.49318177875,1.19826383513158,1.36167991963755,3.06216727037828,20.863339246611,0.0840176572335442
1546,2.54660547937311,0.285196117723274,1.33789234345807,0.0640386071266193,0.0740772313862133,0.0735528313125623,1122.49318177875,1.19826383513158,1.36167991963755,3.06216727037828,20.863339246611,0.0840176572335442
1547,2.54660547937311,0.285196117723274,1.33789234345807,0.0640386071266193,0.0740772313862133,0.0735528313125623,1122.49318177875,1.19826383513158,1.36167991963755,3.06216727037828,20.863339246611,0.0840176572335442
1548,2.54660547937311,0.285196117723274,1.33789234345807,0.0640386071266193,0.0740772313862133,0.0735528313125623,1122.49318177875,1.19826383513158,1.36167991963755,3.06216727037828,20.863339246611,0.0840176572335442
1549,2.54660547937311,0.285196117723274,1.33789234345807,0.0640386071266193,0.0740772313862133,0.0735528313125623,1122.49318177875,1.19826383513158,1.36167991963755,3.06216727037828,20.863339246611,0.0840176572335442
1550,2.54660547937311,0.285196117723274,1.33789234345807,0.0640386071266193,0.0740772313862133,0.0735528313125623,1122.49318177875,1.19826383513158,1.36167991963755,3.06216727037828,20.863339246611,0.0840176572335442
1551,2.54660547937311,0.285196117723274,1.33789234345807,0.0640386071266193,0.0740772313862133,0.0735528313125623,1122.49318177875,1.19826383513158,1.36167991963755,3.06216727037828,20.863339246611,0.0840176572335442
1552,2.54660547937311,0.285196117723274,1.33789234345807,0.0640386071266193,0.0740772313862133,0.0735528313125623,1122.49318177875,1.19826383513158,1.36167991963755,3.06216727037828,20.863339246611,0.0840176572335442
1553,2.54660547937311,0.285196117723274,1.33789234345807,0.0640386071266193,0.0740772313862133,0.0735528313125623,1122.49318177875,1.19826383513158,1.36167991963755,3.06216727037828,20.863339246611,0.0840176572335442
1554,2.54660547937311,0.285196117723274,1.33789234345807,0.0640386071266193,0.0740772313862133,0.0735528313125623,1122.49318177875,1.19826383513158,1.36167991963755,3.06216727037828,20.863339246611,0.0840176572335442
1555,2.54660547937311,0.285196117723274,1.33789234345807,0.0640386071266193,0.0740772313862133,0.0735528313125623,1122.49318177875,1.19826383513158,1.36167991963755,3.06216727037828,20.863339246611,0.0840176572335442
1556,2.54660547937311,0.285196117723274,1.33789234345807,0.0640386071266193,0.0740772313862133,0.0735528313125623,1122.49318177875,1.19826383513158,1.36167991963755,3.06216727037828,20.863339246611,0.0840176572335442
1557,2.54660547937311,0.285196117723274,1.33789234345807,0.0640386071266193,0.0740772313862133,0.0735528313125623,1122.49318177875,1.19826383513158,1.36167991963755,3.06216727037828,20.863339246611,0.0840176572335442
1558,2.54660547937311,0.285196117723274,1.33789234345807,0.0640386071266193,0.0740772313862133,0.0735528313125623,1122.49318177875,1.19826383513158,1.36167991963755,3.06216727037828,20.863339246611,0.0840176572335442
1559,2.54660547937311,0.285196117723274,1.33789234345807,0.0640386071266193,0.0740772313862133,0.0735528313125623,1122.49318177875,1.19826383513158,1.36167991963755,3.06216727037828,20.863339246611,0.0840176572335442
1560,2.54660547937311,0.285196117723274,1.33789234345807,0.0640386071266193,0.0740772313862133,0.0735528313125623,1122.49318177875,1.19826383513158,1.36167991963755,3.06216727037828,20.863339246611,0.0840176572335442
1561,2.54660547937311,0.285196117723274,1.33789234345807,0.0640386071266193,0.0740772313862133,0.0735528313125623,1122.49318177875,1.19826383513158,1.36167991963755,3.06216727037828,20.863339246611,0.0840176572335442
1562,2.54660547937311,0.285196117723274,1.33789234345807,0.0640386071266193,0.0740772313862133,0.0735528313125623,1122.49318177875,1.19826383513158,1.36167991963755,3.06216727037828,20.863339246611,0.0840176572335442
1563,2.54660547937311,0.285196117723274,1.33789234345807,0.0640386071266193,0.0740772313862133,0.0735528313125623,1122.49318177875,1.19826383513158,1.36167991963755,3.06216727037828,20.863339246611,0.0840176572335442
1564,2.54660547937311,0.285196117723274,1.33789234345807,0.0640386071266193,0.0740772313862133,0.0735528313125623,1122.49318177875,1.19826383513158,1.36167991963755,3.06216727037828,20.863339246611,0.0840176572335442
1565,2.54660547937311,0.285196117723274,1.33789234345807,0.0640386071266193,0.0740772313862133,0.0735528313125623,1122.49318177875,1.19826383513158,1.36167991963755,3.06216727037828,20.863339246611,0.0840176572335442
1566,2.54660547937311,0.285196117723274,1.33789234345807,0.0640386071266193,0.0740772313862133,0.0735528313125623,1122.49318177875,1.19826383513158,1.36167991963755,3.06216727037828,20.863339246611,0.0840176572335442
1567,2.54660547937311,0.285196117723274,1.33789234345807,0.0640386071266193,0.0740772313862133,0.0735528313125623,1122.49318177875,1.19826383513158,1.36167991963755,3.06216727037828,20.863339246611,0.0840176572335442
1568,2.54660547937311,0.285196117723274,1.33789234345807,0.0640386071266193,0.0740772313862133,0.0735528313125623,1122.49318177875,1.19826383513158,1.36167991963755,3.06216727037828,20.863339246611,0.0840176572335442
1569,2.54660547937311,0.285196117723274,1.33789234345807,0.0640386071266193,0.0740772313862133,0.0735528313125623,1122.49318177875,1.19826383513158,1.36167991963755,3.06216727037828,20.863339246611,0.0840176572335442
1570,2.54660547937311,0.285196117723274,1.33789234345807,0.0640386071266193,0.0740772313862133,0.0735528313125623,1122.49318177875,1.19826383513158,1.36167991963755,3.06216727037828,20.863339246611,0.0840176572335442
1571,2.54660547937311,0.285196117723274,1.33789234345807,0.0640386071266193,0.0740772313862133,0.0735528313125623,1122.49318177875,1.19826383513158,1.36167991963755,3.06216727037828,20.863339246611,0.0840176572335442
1572,2.54660547937311,0.285196117723274,1.33789234345807,0.0640386071266193,0.0740772313862133,0.0735528313125623,1122.49318177875,1.19826383513158,1.36167991963755,3.06216727037828,20.863339246611,0.0840176572335442
1573,2.54660547937311,0.285196117723274,1.33789234345807,0.0640386071266193,0.0740772313862133,0.0735528313125623,1122.49318177875,1.19826383513158,1.36167991963755,3.06216727037828,20.863339246611,0.0840176572335442
1574,2.54660547937311,0.285196117723274,1.33789234345807,0.0640386071266193,0.0740772313862133,0.0735528313125623,1122.49318177875,1.19826383513158,1.36167991963755,3.06216727037828,20.863339246611,0.0840176572335442
1575,2.54660547937311,0.285196117723274,1.33789234345807,0.0640386071266193,0.0740772313862133,0.0735528313125623,1122.49318177875,1.19826383513158,1.36167991963755,3.06216727037828,20.863339246611,0.0840176572335442
1576,2.54660547937311,0.285196117723274,1.33789234345807,0.0640386071266193,0.0740772313862133,0.0735528313125623,1122.49318177875,1.19826383513158,1.36167991963755,3.06216727037828,20.863339246611,0.0840176572335442
1577,2.54660547937311,0.285196117723274,1.33789234345807,0.0640386071266193,0.0740772313862133,0.0735528313125623,1122.49318177875,1.19826383513158,1.36167991963755,3.06216727037828,20.863339246611,0.0840176572335442
1578,2.54660547937311,0.285196117723274,1.33789234345807,0.0640386071266193,0.0740772313862133,0.0735528313125623,1122.49318177875,1.19826383513158,1.36167991963755,3.06216727037828,20.863339246611,0.0840176572335442
1579,2.54660547937311,0.285196117723274,1.33789234345807,0.0640386071266193,0.0740772313862133,0.0735528313125623,1122.49318177875,1.19826383513158,1.36167991963755,3.06216727037828,20.863339246611,0.0840176572335442
1580,2.54660547937311,0.285196117723274,1.33789234345807,0.0640386071266193,0.0740772313862133,0.0735528313125623,1122.49318177875,1.19826383513158,1.36167991963755,3.06216727037828,20.863339246611,0.0840176572335442
1581,2.54660547937311,0.285196117723274,1.33789234345807,0.0640386071266193,0.0740772313862133,0.0735528313125623,1122.49318177875,1.19826383513158,1.36167991963755,3.06216727037828,20.863339246611,0.0840176572335442
1582,2.54660547937311,0.285196117723274,1.33789234345807,0.0640386071266193,0.0740772313862133,0.0735528313125623,1122.49318177875,1.19826383513158,1.36167991963755,3.06216727037828,20.863339246611,0.0840176572335442
1583,2.54660547937311,0.285196117723274,1.33789234345807,0.0640386071266193,0.0740772313862133,0.0735528313125623,1122.49318177875,1.19826383513158,1.36167991963755,3.06216727037828,20.863339246611,0.0840176572335442
1584,2.54660547937311,0.285196117723274,1.33789234345807,0.0640386071266193,0.0740772313862133,0.0735528313125623,1122.49318177875,1.19826383513158,1.36167991963755,3.06216727037828,20.863339246611,0.0840176572335442
1585,2.54660547937311,0.285196117723274,1.33789234345807,0.0640386071266193,0.0740772313862133,0.0735528313125623,1122.49318177875,1.19826383513158,1.36167991963755,3.06216727037828,20.863339246611,0.0840176572335442
1586,2.54660547937311,0.285196117723274,1.33789234345807,0.0640386071266193,0.0740772313862133,0.0735528313125623,1122.49318177875,1.19826383513158,1.36167991963755,3.06216727037828,20.863339246611,0.0840176572335442
1587,2.54660547937311,0.285196117723274,1.33789234345807,0.0640386071266193,0.0740772313862133,0.0735528313125623,1122.49318177875,1.19826383513158,1.36167991963755,3.06216727037828,20.863339246611,0.0840176572335442
1588,2.54660547937311,0.285196117723274,1.33789234345807,0.0640386071266193,0.0740772313862133,0.0735528313125623,1122.49318177875,1.19826383513158,1.36167991963755,3.06216727037828,20.863339246611,0.0840176572335442
1589,2.54660547937311,0.285196117723274,1.33789234345807,0.0640386071266193,0.0740772313862133,0.0735528313125623,1122.49318177875,1.19826383513158,1.36167991963755,3.06216727037828,20.863339246611,0.0840176572335442
1590,2.54660547937311,0.285196117723274,1.33789234345807,0.0640386071266193,0.0740772313862133,0.0735528313125623,1122.49318177875,1.19826383513158,1.36167991963755,3.06216727037828,20.863339246611,0.0840176572335442
1591,2.54660547937311,0.285196117723274,1.33789234345807,0.0640386071266193,0.0740772313862133,0.0735528313125623,1122.49318177875,1.19826383513158,1.36167991963755,3.06216727037828,20.863339246611,0.0840176572335442
1592,2.54660547937311,0.285196117723274,1.33789234345807,0.0640386071266193,0.0740772313862133,0.0735528313125623,1122.49318177875,1.19826383513158,1.36167991963755,3.06216727037828,20.863339246611,0.0840176572335442
1593,2.54660547937311,0.285196117723274,1.33789234345807,0.0640386071266193,0.0740772313862133,0.0735528313125623,1122.49318177875,1.19826383513158,1.36167991963755,3.06216727037828,20.863339246611,0.0840176572335442
1594,2.54660547937311,0.285196117723274,1.33789234345807,0.0640386071266193,0.0740772313862133,0.0735528313125623,1122.49318177875,1.19826383513158,1.36167991963755,3.06216727037828,20.863339246611,0.0840176572335442
1595,2.54660547937311,0.285196117723274,1.33789234345807,0.0640386071266193,0.0740772313862133,0.0735528313125623,1122.49318177875,1.19826383513158,1.36167991963755,3.06216727037828,20.863339246611,0.0840176572335442
1596,2.54660547937311,0.285196117723274,1.33789234345807,0.0640386071266193,0.0740772313862133,0.0735528313125623,1122.49318177875,1.19826383513158,1.36167991963755,3.06216727037828,20.863339246611,0.0840176572335442
1597,2.54660547937311,0.285196117723274,1.33789234345807,0.0640386071266193,0.0740772313862133,0.0735528313125623,1122.49318177875,1.19826383513158,1.36167991963755,3.06216727037828,20.863339246611,0.0840176572335442
1598,2.54660547937311,0.285196117723274,1.33789234345807,0.0640386071266193,0.0740772313862133,0.0735528313125623,1122.49318177875,1.19826383513158,1.36167991963755,3.06216727037828,20.863339246611,0.0840176572335442
1599,2.54660547937311,0.285196117723274,1.33789234345807,0.0640386071266193,0.0740772313862133,0.0735528313125623,1122.49318177875,1.19826383513158,1.36167991963755,3.06216727037828,20.863339246611,0.0840176572335442
1600,2.54660547937311,0.285196117723274,1.33789234345807,0.0640386071266193,0.0740772313862133,0.0735528313125623,1122.49318177875,1.19826383513158,1.36167991963755,3.06216727037828,20.863339246611,0.0840176572335442
1601,2.54660547937311,0.285196117723274,1.33789234345807,0.0640386071266193,0.0740772313862133,0.0735528313125623,1122.49318177875,1.19826383513158,1.36167991963755,3.06216727037828,20.863339246611,0.0840176572335442
1602,2.54660547937311,0.285196117723274,1.33789234345807,0.0640386071266193,0.0740772313862133,0.0735528313125623,1122.49318177875,1.19826383513158,1.36167991963755,3.06216727037828,20.863339246611,0.0840176572335442
1603,2.54660547937311,0.285196117723274,1.33789234345807,0.0640386071266193,0.0740772313862133,0.0735528313125623,1122.49318177875,1.19826383513158,1.36167991963755,3.06216727037828,20.863339246611,0.0840176572335442
1604,2.54660547937311,0.285196117723274,1.33789234345807,0.0640386071266193,0.0740772313862133,0.0735528313125623,1122.49318177875,1.19826383513158,1.36167991963755,3.06216727037828,20.863339246611,0.0840176572335442
1605,2.54660547937311,0.285196117723274,1.33789234345807,0.0640386071266193,0.0740772313862133,0.0735528313125623,1122.49318177875,1.19826383513158,1.36167991963755,3.06216727037828,20.863339246611,0.0840176572335442
1606,2.54660547937311,0.285196117723274,1.33789234345807,0.0640386071266193,0.0740772313862133,0.0735528313125623,1122.49318177875,1.19826383513158,1.36167991963755,3.06216727037828,20.863339246611,0.0840176572335442
1607,2.54660547937311,0.285196117723274,1.33789234345807,0.0640386071266193,0.0740772313862133,0.0735528313125623,1122.49318177875,1.19826383513158,1.36167991963755,3.06216727037828,20.863339246611,0.0840176572335442
1608,2.54660547937311,0.285196117723274,1.33789234345807,0.0640386071266193,0.0740772313862133,0.0735528313125623,1122.49318177875,1.19826383513158,1.36167991963755,3.06216727037828,20.863339246611,0.0840176572335442
1609,2.54660547937311,0.285196117723274,1.33789234345807,0.0640386071266193,0.0740772313862133,0.0735528313125623,1122.49318177875,1.19826383513158,1.36167991963755,3.06216727037828,20.863339246611,0.0840176572335442
1610,2.54660547937311,0.285196117723274,1.33789234345807,0.0640386071266193,0.0740772313862133,0.0735528313125623,1122.49318177875,1.19826383513158,1.36167991963755,3.06216727037828,20.863339246611,0.0840176572335442
1611,2.54660547937311,0.285196117723274,1.33789234345807,0.0640386071266193,0.0740772313862133,0.0735528313125623,1122.49318177875,1.19826383513158,1.36167991963755,3.06216727037828,20.863339246611,0.0840176572335442
1612,2.54660547937311,0.285196117723274,1.33789234345807,0.0640386071266193,0.0740772313862133,0.0735528313125623,1122.49318177875,1.19826383513158,1.36167991963755,3.06216727037828,20.863339246611,0.0840176572335442
1613,2.54660547937311,0.285196117723274,1.33789234345807,0.0640386071266193,0.0740772313862133,0.0735528313125623,1122.49318177875,1.19826383513158,1.36167991963755,3.06216727037828,20.863339246611,0.0840176572335442
1614,2.54660547937311,0.285196117723274,1.33789234345807,0.0640386071266193,0.0740772313862133,0.0735528313125623,1122.49318177875,1.19826383513158,1.36167991963755,3.06216727037828,20.863339246611,0.0840176572335442
1615,2.54660547937311,0.285196117723274,1.33789234345807,0.0640386071266193,0.0740772313862133,0.0735528313125623,1122.49318177875,1.19826383513158,1.36167991963755,3.06216727037828,20.863339246611,0.0840176572335442
1616,2.54660547937311,0.285196117723274,1.33789234345807,0.0640386071266193,0.0740772313862133,0.0735528313125623,1122.49318177875,1.19826383513158,1.36167991963755,3.06216727037828,20.863339246611,0.0840176572335442
1617,2.54660547937311,0.285196117723274,1.33789234345807,0.0640386071266193,0.0740772313862133,0.0735528313125623,1122.49318177875,1.19826383513158,1.36167991963755,3.06216727037828,20.863339246611,0.0840176572335442
1618,2.54660547937311,0.285196117723274,1.33789234345807,0.0640386071266193,0.0740772313862133,0.0735528313125623,1122.49318177875,1.19826383513158,1.36167991963755,3.06216727037828,20.863339246611,0.0840176572335442
1619,2.54660547937311,0.285196117723274,1.33789234345807,0.0640386071266193,0.0740772313862133,0.0735528313125623,1122.49318177875,1.19826383513158,1.36167991963755,3.06216727037828,20.863339246611,0.0840176572335442
1620,2.54660547937311,0.285196117723274,1.33789234345807,0.0640386071266193,0.0740772313862133,0.0735528313125623,1122.49318177875,1.19826383513158,1.36167991963755,3.06216727037828,20.863339246611,0.0840176572335442
1621,2.54660547937311,0.285196117723274,1.33789234345807,0.0640386071266193,0.0740772313862133,0.0735528313125623,1122.49318177875,1.19826383513158,1.36167991963755,3.06216727037828,20.863339246611,0.0840176572335442
1622,2.54660547937311,0.285196117723274,1.33789234345807,0.0640386071266193,0.0740772313862133,0.0735528313125623,1122.49318177875,1.19826383513158,1.36167991963755,3.06216727037828,20.863339246611,0.0840176572335442
1623,2.54660547937311,0.285196117723274,1.33789234345807,0.0640386071266193,0.0740772313862133,0.0735528313125623,1122.49318177875,1.19826383513158,1.36167991963755,3.06216727037828,20.863339246611,0.0840176572335442
1624,2.54660547937311,0.285196117723274,1.33789234345807,0.0640386071266193,0.0740772313862133,0.0735528313125623,1122.49318177875,1.19826383513158,1.36167991963755,3.06216727037828,20.863339246611,0.0840176572335442
1625,2.54660547937311,0.285196117723274,1.33789234345807,0.0640386071266193,0.0740772313862133,0.0735528313125623,1122.49318177875,1.19826383513158,1.36167991963755,3.06216727037828,20.863339246611,0.0840176572335442
1626,2.54660547937311,0.285196117723274,1.33789234345807,0.0640386071266193,0.0740772313862133,0.0735528313125623,1122.49318177875,1.19826383513158,1.36167991963755,3.06216727037828,20.863339246611,0.0840176572335442
1627,2.54660547937311,0.285196117723274,1.33789234345807,0.0640386071266193,0.0740772313862133,0.0735528313125623,1122.49318177875,1.19826383513158,1.36167991963755,3.06216727037828,20.863339246611,0.0840176572335442
1628,2.54660547937311,0.285196117723274,1.33789234345807,0.0640386071266193,0.0740772313862133,0.0735528313125623,1122.49318177875,1.19826383513158,1.36167991963755,3.06216727037828,20.863339246611,0.0840176572335442
1629,2.54660547937311,0.285196117723274,1.33789234345807,0.0640386071266193,0.0740772313862133,0.0735528313125623,1122.49318177875,1.19826383513158,1.36167991963755,3.06216727037828,20.863339246611,0.0840176572335442
1630,2.54660547937311,0.285196117723274,1.33789234345807,0.0640386071266193,0.0740772313862133,0.0735528313125623,1122.49318177875,1.19826383513158,1.36167991963755,3.06216727037828,20.863339246611,0.0840176572335442
1631,2.54660547937311,0.285196117723274,1.33789234345807,0.0640386071266193,0.0740772313862133,0.0735528313125623,1122.49318177875,1.19826383513158,1.36167991963755,3.06216727037828,20.863339246611,0.0840176572335442
1632,2.54660547937311,0.285196117723274,1.33789234345807,0.0640386071266193,0.0740772313862133,0.0735528313125623,1122.49318177875,1.19826383513158,1.36167991963755,3.06216727037828,20.863339246611,0.0840176572335442
1633,2.54660547937311,0.285196117723274,1.33789234345807,0.0640386071266193,0.0740772313862133,0.0735528313125623,1122.49318177875,1.19826383513158,1.36167991963755,3.06216727037828,20.863339246611,0.0840176572335442
1634,2.54660547937311,0.285196117723274,1.33789234345807,0.0640386071266193,0.0740772313862133,0.0735528313125623,1122.49318177875,1.19826383513158,1.36167991963755,3.06216727037828,20.863339246611,0.0840176572335442
1635,2.54660547937311,0.285196117723274,1.33789234345807,0.0640386071266193,0.0740772313862133,0.0735528313125623,1122.49318177875,1.19826383513158,1.36167991963755,3.06216727037828,20.863339246611,0.0840176572335442
1636,2.54660547937311,0.285196117723274,1.33789234345807,0.0640386071266193,0.0740772313862133,0.0735528313125623,1122.49318177875,1.19826383513158,1.36167991963755,3.06216727037828,20.863339246611,0.0840176572335442
1637,2.54660547937311,0.285196117723274,1.33789234345807,0.0640386071266193,0.0740772313862133,0.0735528313125623,1122.49318177875,1.19826383513158,1.36167991963755,3.06216727037828,20.863339246611,0.0840176572335442
1638,2.54660547937311,0.285196117723274,1.33789234345807,0.0640386071266193,0.0740772313862133,0.0735528313125623,1122.49318177875,1.19826383513158,1.36167991963755,3.06216727037828,20.863339246611,0.0840176572335442
1639,2.54660547937311,0.285196117723274,1.33789234345807,0.0640386071266193,0.0740772313862133,0.0735528313125623,1122.49318177875,1.19826383513158,1.36167991963755,3.06216727037828,20.863339246611,0.0840176572335442
1640,2.54660547937311,0.285196117723274,1.33789234345807,0.0640386071266193,0.0740772313862133,0.0735528313125623,1122.49318177875,1.19826383513158,1.36167991963755,3.06216727037828,20.863339246611,0.0840176572335442
1641,2.54660547937311,0.285196117723274,1.33789234345807,0.0640386071266193,0.0740772313862133,0.0735528313125623,1122.49318177875,1.19826383513158,1.36167991963755,3.06216727037828,20.863339246611,0.0840176572335442
1642,2.54660547937311,0.285196117723274,1.33789234345807,0.0640386071266193,0.0740772313862133,0.0735528313125623,1122.49318177875,1.19826383513158,1.36167991963755,3.06216727037828,20.863339246611,0.0840176572335442
1643,2.54660547937311,0.285196117723274,1.33789234345807,0.0640386071266193,0.0740772313862133,0.0735528313125623,1122.49318177875,1.19826383513158,1.36167991963755,3.06216727037828,20.863339246611,0.0840176572335442
1644,2.54660547937311,0.285196117723274,1.33789234345807,0.0640386071266193,0.0740772313862133,0.0735528313125623,1122.49318177875,1.19826383513158,1.36167991963755,3.06216727037828,20.863339246611,0.0840176572335442
1645,2.54660547937311,0.285196117723274,1.33789234345807,0.0640386071266193,0.0740772313862133,0.0735528313125623,1122.49318177875,1.19826383513158,1.36167991963755,3.06216727037828,20.863339246611,0.0840176572335442
1646,2.54660547937311,0.285196117723274,1.33789234345807,0.0640386071266193,0.0740772313862133,0.0735528313125623,1122.49318177875,1.19826383513158,1.36167991963755,3.06216727037828,20.863339246611,0.0840176572335442
1647,2.54660547937311,0.285196117723274,1.33789234345807,0.0640386071266193,0.0740772313862133,0.0735528313125623,1122.49318177875,1.19826383513158,1.36167991963755,3.06216727037828,20.863339246611,0.0840176572335442
1648,2.54660547937311,0.285196117723274,1.33789234345807,0.0640386071266193,0.0740772313862133,0.0735528313125623,1122.49318177875,1.19826383513158,1.36167991963755,3.06216727037828,20.863339246611,0.0840176572335442
1649,2.54660547937311,0.285196117723274,1.33789234345807,0.0640386071266193,0.0740772313862133,0.0735528313125623,1122.49318177875,1.19826383513158,1.36167991963755,3.06216727037828,20.863339246611,0.0840176572335442
1650,2.54660547937311,0.285196117723274,1.33789234345807,0.0640386071266193,0.0740772313862133,0.0735528313125623,1122.49318177875,1.19826383513158,1.36167991963755,3.06216727037828,20.863339246611,0.0840176572335442
1651,2.54660547937311,0.285196117723274,1.33789234345807,0.0640386071266193,0.0740772313862133,0.0735528313125623,1122.49318177875,1.19826383513158,1.36167991963755,3.06216727037828,20.863339246611,0.0840176572335442
1652,2.54660547937311,0.285196117723274,1.33789234345807,0.0640386071266193,0.0740772313862133,0.0735528313125623,1122.49318177875,1.19826383513158,1.36167991963755,3.06216727037828,20.863339246611,0.0840176572335442
1653,2.54660547937311,0.285196117723274,1.33789234345807,0.0640386071266193,0.0740772313862133,0.0735528313125623,1122.49318177875,1.19826383513158,1.36167991963755,3.06216727037828,20.863339246611,0.0840176572335442
1654,2.54660547937311,0.285196117723274,1.33789234345807,0.0640386071266193,0.0740772313862133,0.0735528313125623,1122.49318177875,1.19826383513158,1.36167991963755,3.06216727037828,20.863339246611,0.0840176572335442
1655,2.54660547937311,0.285196117723274,1.33789234345807,0.0640386071266193,0.0740772313862133,0.0735528313125623,1122.49318177875,1.19826383513158,1.36167991963755,3.06216727037828,20.863339246611,0.0840176572335442
1656,2.54660547937311,0.285196117723274,1.33789234345807,0.0640386071266193,0.0740772313862133,0.0735528313125623,1122.49318177875,1.19826383513158,1.36167991963755,3.06216727037828,20.863339246611,0.0840176572335442
1657,2.54660547937311,0.285196117723274,1.33789234345807,0.0640386071266193,0.0740772313862133,0.0735528313125623,1122.49318177875,1.19826383513158,1.36167991963755,3.06216727037828,20.863339246611,0.0840176572335442
1658,2.54660547937311,0.285196117723274,1.33789234345807,0.0640386071266193,0.0740772313862133,0.0735528313125623,1122.49318177875,1.19826383513158,1.36167991963755,3.06216727037828,20.863339246611,0.0840176572335442
1659,2.54660547937311,0.285196117723274,1.33789234345807,0.0640386071266193,0.0740772313862133,0.0735528313125623,1122.49318177875,1.19826383513158,1.36167991963755,3.06216727037828,20.863339246611,0.0840176572335442
1660,2.54660547937311,0.285196117723274,1.33789234345807,0.0640386071266193,0.0740772313862133,0.0735528313125623,1122.49318177875,1.19826383513158,1.36167991963755,3.06216727037828,20.863339246611,0.0840176572335442
1661,2.54660547937311,0.285196117723274,1.33789234345807,0.0640386071266193,0.0740772313862133,0.0735528313125623,1122.49318177875,1.19826383513158,1.36167991963755,3.06216727037828,20.863339246611,0.0840176572335442
1662,2.54660547937311,0.285196117723274,1.33789234345807,0.0640386071266193,0.0740772313862133,0.0735528313125623,1122.49318177875,1.19826383513158,1.36167991963755,3.06216727037828,20.863339246611,0.0840176572335442
1663,2.54660547937311,0.285196117723274,1.33789234345807,0.0640386071266193,0.0740772313862133,0.0735528313125623,1122.49318177875,1.19826383513158,1.36167991963755,3.06216727037828,20.863339246611,0.0840176572335442
1664,2.54660547937311,0.285196117723274,1.33789234345807,0.0640386071266193,0.0740772313862133,0.0735528313125623,1122.49318177875,1.19826383513158,1.36167991963755,3.06216727037828,20.863339246611,0.0840176572335442
1665,2.54660547937311,0.285196117723274,1.33789234345807,0.0640386071266193,0.0740772313862133,0.0735528313125623,1122.49318177875,1.19826383513158,1.36167991963755,3.06216727037828,20.863339246611,0.0840176572335442
1666,2.54660547937311,0.285196117723274,1.33789234345807,0.0640386071266193,0.0740772313862133,0.0735528313125623,1122.49318177875,1.19826383513158,1.36167991963755,3.06216727037828,20.863339246611,0.0840176572335442
1667,2.54660547937311,0.285196117723274,1.33789234345807,0.0640386071266193,0.0740772313862133,0.0735528313125623,1122.49318177875,1.19826383513158,1.36167991963755,3.06216727037828,20.863339246611,0.0840176572335442
1668,2.54660547937311,0.285196117723274,1.33789234345807,0.0640386071266193,0.0740772313862133,0.0735528313125623,1122.49318177875,1.19826383513158,1.36167991963755,3.06216727037828,20.863339246611,0.0840176572335442
1669,2.54660547937311,0.285196117723274,1.33789234345807,0.0640386071266193,0.0740772313862133,0.0735528313125623,1122.49318177875,1.19826383513158,1.36167991963755,3.06216727037828,20.863339246611,0.0840176572335442
1670,2.54660547937311,0.285196117723274,1.33789234345807,0.0640386071266193,0.0740772313862133,0.0735528313125623,1122.49318177875,1.19826383513158,1.36167991963755,3.06216727037828,20.863339246611,0.0840176572335442
1671,2.54660547937311,0.285196117723274,1.33789234345807,0.0640386071266193,0.0740772313862133,0.0735528313125623,1122.49318177875,1.19826383513158,1.36167991963755,3.06216727037828,20.863339246611,0.0840176572335442
1672,2.54660547937311,0.285196117723274,1.33789234345807,0.0640386071266193,0.0740772313862133,0.0735528313125623,1122.49318177875,1.19826383513158,1.36167991963755,3.06216727037828,20.863339246611,0.0840176572335442
1673,2.54660547937311,0.285196117723274,1.33789234345807,0.0640386071266193,0.0740772313862133,0.0735528313125623,1122.49318177875,1.19826383513158,1.36167991963755,3.06216727037828,20.863339246611,0.0840176572335442
1674,2.54660547937311,0.285196117723274,1.33789234345807,0.0640386071266193,0.0740772313862133,0.0735528313125623,1122.49318177875,1.19826383513158,1.36167991963755,3.06216727037828,20.863339246611,0.0840176572335442
1675,2.54660547937311,0.285196117723274,1.33789234345807,0.0640386071266193,0.0740772313862133,0.0735528313125623,1122.49318177875,1.19826383513158,1.36167991963755,3.06216727037828,20.863339246611,0.0840176572335442
1676,2.54660547937311,0.285196117723274,1.33789234345807,0.0640386071266193,0.0740772313862133,0.0735528313125623,1122.49318177875,1.19826383513158,1.36167991963755,3.06216727037828,20.863339246611,0.0840176572335442
1677,2.54660547937311,0.285196117723274,1.33789234345807,0.0640386071266193,0.0740772313862133,0.0735528313125623,1122.49318177875,1.19826383513158,1.36167991963755,3.06216727037828,20.863339246611,0.0840176572335442
1678,2.54660547937311,0.285196117723274,1.33789234345807,0.0640386071266193,0.0740772313862133,0.0735528313125623,1122.49318177875,1.19826383513158,1.36167991963755,3.06216727037828,20.863339246611,0.0840176572335442
1679,2.54660547937311,0.285196117723274,1.33789234345807,0.0640386071266193,0.0740772313862133,0.0735528313125623,1122.49318177875,1.19826383513158,1.36167991963755,3.06216727037828,20.863339246611,0.0840176572335442
1680,2.54660547937311,0.285196117723274,1.33789234345807,0.0640386071266193,0.0740772313862133,0.0735528313125623,1122.49318177875,1.19826383513158,1.36167991963755,3.06216727037828,20.863339246611,0.0840176572335442
1681,2.54660547937311,0.285196117723274,1.33789234345807,0.0640386071266193,0.0740772313862133,0.0735528313125623,1122.49318177875,1.19826383513158,1.36167991963755,3.06216727037828,20.863339246611,0.0840176572335442
1682,2.54660547937311,0.285196117723274,1.33789234345807,0.0640386071266193,0.0740772313862133,0.0735528313125623,1122.49318177875,1.19826383513158,1.36167991963755,3.06216727037828,20.863339246611,0.0840176572335442
1683,2.54660547937311,0.285196117723274,1.33789234345807,0.0640386071266193,0.0740772313862133,0.0735528313125623,1122.49318177875,1.19826383513158,1.36167991963755,3.06216727037828,20.863339246611,0.0840176572335442
1684,2.54660547937311,0.285196117723274,1.33789234345807,0.0640386071266193,0.0740772313862133,0.0735528313125623,1122.49318177875,1.19826383513158,1.36167991963755,3.06216727037828,20.863339246611,0.0840176572335442
1685,2.54660547937311,0.285196117723274,1.33789234345807,0.0640386071266193,0.0740772313862133,0.0735528313125623,1122.49318177875,1.19826383513158,1.36167991963755,3.06216727037828,20.863339246611,0.0840176572335442
1686,2.54660547937311,0.285196117723274,1.33789234345807,0.0640386071266193,0.0740772313862133,0.0735528313125623,1122.49318177875,1.19826383513158,1.36167991963755,3.06216727037828,20.863339246611,0.0840176572335442
1687,2.54660547937311,0.285196117723274,1.33789234345807,0.0640386071266193,0.0740772313862133,0.0735528313125623,1122.49318177875,1.19826383513158,1.36167991963755,3.06216727037828,20.863339246611,0.0840176572335442
1688,2.54660547937311,0.285196117723274,1.33789234345807,0.0640386071266193,0.0740772313862133,0.0735528313125623,1122.49318177875,1.19826383513158,1.36167991963755,3.06216727037828,20.863339246611,0.0840176572335442
1689,2.54660547937311,0.285196117723274,1.33789234345807,0.0640386071266193,0.0740772313862133,0.0735528313125623,1122.49318177875,1.19826383513158,1.36167991963755,3.06216727037828,20.863339246611,0.0840176572335442
1690,2.54660547937311,0.285196117723274,1.33789234345807,0.0640386071266193,0.0740772313862133,0.0735528313125623,1122.49318177875,1.19826383513158,1.36167991963755,3.06216727037828,20.863339246611,0.0840176572335442
1691,2.54660547937311,0.285196117723274,1.33789234345807,0.0640386071266193,0.0740772313862133,0.0735528313125623,1122.49318177875,1.19826383513158,1.36167991963755,3.06216727037828,20.863339246611,0.0840176572335442
1692,2.54660547937311,0.285196117723274,1.33789234345807,0.0640386071266193,0.0740772313862133,0.0735528313125623,1122.49318177875,1.19826383513158,1.36167991963755,3.06216727037828,20.863339246611,0.0840176572335442
1693,2.54660547937311,0.285196117723274,1.33789234345807,0.0640386071266193,0.0740772313862133,0.0735528313125623,1122.49318177875,1.19826383513158,1.36167991963755,3.06216727037828,20.863339246611,0.0840176572335442
1694,2.54660547937311,0.285196117723274,1.33789234345807,0.0640386071266193,0.0740772313862133,0.0735528313125623,1122.49318177875,1.19826383513158,1.36167991963755,3.06216727037828,20.863339246611,0.0840176572335442
1695,2.54660547937311,0.285196117723274,1.33789234345807,0.0640386071266193,0.0740772313862133,0.0735528313125623,1122.49318177875,1.19826383513158,1.36167991963755,3.06216727037828,20.863339246611,0.0840176572335442
1696,2.54660547937311,0.285196117723274,1.33789234345807,0.0640386071266193,0.0740772313862133,0.0735528313125623,1122.49318177875,1.19826383513158,1.36167991963755,3.06216727037828,20.863339246611,0.0840176572335442
1697,2.54660547937311,0.285196117723274,1.33789234345807,0.0640386071266193,0.0740772313862133,0.0735528313125623,1122.49318177875,1.19826383513158,1.36167991963755,3.06216727037828,20.863339246611,0.0840176572335442
1698,2.54660547937311,0.285196117723274,1.33789234345807,0.0640386071266193,0.0740772313862133,0.0735528313125623,1122.49318177875,1.19826383513158,1.36167991963755,3.06216727037828,20.863339246611,0.0840176572335442
1699,2.54660547937311,0.285196117723274,1.33789234345807,0.0640386071266193,0.0740772313862133,0.0735528313125623,1122.49318177875,1.19826383513158,1.36167991963755,3.06216727037828,20.863339246611,0.0840176572335442
1700,2.54660547937311,0.285196117723274,1.33789234345807,0.0640386071266193,0.0740772313862133,0.0735528313125623,1122.49318177875,1.19826383513158,1.36167991963755,3.06216727037828,20.863339246611,0.0840176572335442
1701,2.54660547937311,0.285196117723274,1.33789234345807,0.0640386071266193,0.0740772313862133,0.0735528313125623,1122.49318177875,1.19826383513158,1.36167991963755,3.06216727037828,20.863339246611,0.0840176572335442
1702,2.54660547937311,0.285196117723274,1.33789234345807,0.0640386071266193,0.0740772313862133,0.0735528313125623,1122.49318177875,1.19826383513158,1.36167991963755,3.06216727037828,20.863339246611,0.0840176572335442
1703,2.54660547937311,0.285196117723274,1.33789234345807,0.0640386071266193,0.0740772313862133,0.0735528313125623,1122.49318177875,1.19826383513158,1.36167991963755,3.06216727037828,20.863339246611,0.0840176572335442
1704,2.54660547937311,0.285196117723274,1.33789234345807,0.0640386071266193,0.0740772313862133,0.0735528313125623,1122.49318177875,1.19826383513158,1.36167991963755,3.06216727037828,20.863339246611,0.0840176572335442
1705,2.54660547937311,0.285196117723274,1.33789234345807,0.0640386071266193,0.0740772313862133,0.0735528313125623,1122.49318177875,1.19826383513158,1.36167991963755,3.06216727037828,20.863339246611,0.0840176572335442
1706,2.54660547937311,0.285196117723274,1.33789234345807,0.0640386071266193,0.0740772313862133,0.0735528313125623,1122.49318177875,1.19826383513158,1.36167991963755,3.06216727037828,20.863339246611,0.0840176572335442
1707,2.54660547937311,0.285196117723274,1.33789234345807,0.0640386071266193,0.0740772313862133,0.0735528313125623,1122.49318177875,1.19826383513158,1.36167991963755,3.06216727037828,20.863339246611,0.0840176572335442
1708,2.54660547937311,0.285196117723274,1.33789234345807,0.0640386071266193,0.0740772313862133,0.0735528313125623,1122.49318177875,1.19826383513158,1.36167991963755,3.06216727037828,20.863339246611,0.0840176572335442
1709,2.54660547937311,0.285196117723274,1.33789234345807,0.0640386071266193,0.0740772313862133,0.0735528313125623,1122.49318177875,1.19826383513158,1.36167991963755,3.06216727037828,20.863339246611,0.0840176572335442
1710,2.54660547937311,0.285196117723274,1.33789234345807,0.0640386071266193,0.0740772313862133,0.0735528313125623,1122.49318177875,1.19826383513158,1.36167991963755,3.06216727037828,20.863339246611,0.0840176572335442
1711,2.54660547937311,0.285196117723274,1.33789234345807,0.0640386071266193,0.0740772313862133,0.0735528313125623,1122.49318177875,1.19826383513158,1.36167991963755,3.06216727037828,20.863339246611,0.0840176572335442
1712,2.54660547937311,0.285196117723274,1.33789234345807,0.0640386071266193,0.0740772313862133,0.0735528313125623,1122.49318177875,1.19826383513158,1.36167991963755,3.06216727037828,20.863339246611,0.0840176572335442
1713,2.54660547937311,0.285196117723274,1.33789234345807,0.0640386071266193,0.0740772313862133,0.0735528313125623,1122.49318177875,1.19826383513158,1.36167991963755,3.06216727037828,20.863339246611,0.0840176572335442
1714,2.54660547937311,0.285196117723274,1.33789234345807,0.0640386071266193,0.0740772313862133,0.0735528313125623,1122.49318177875,1.19826383513158,1.36167991963755,3.06216727037828,20.863339246611,0.0840176572335442
1715,2.54660547937311,0.285196117723274,1.33789234345807,0.0640386071266193,0.0740772313862133,0.0735528313125623,1122.49318177875,1.19826383513158,1.36167991963755,3.06216727037828,20.863339246611,0.0840176572335442
1716,2.54660547937311,0.285196117723274,1.33789234345807,0.0640386071266193,0.0740772313862133,0.0735528313125623,1122.49318177875,1.19826383513158,1.36167991963755,3.06216727037828,20.863339246611,0.0840176572335442
1717,2.54660547937311,0.285196117723274,1.33789234345807,0.0640386071266193,0.0740772313862133,0.0735528313125623,1122.49318177875,1.19826383513158,1.36167991963755,3.06216727037828,20.863339246611,0.0840176572335442
1718,2.54660547937311,0.285196117723274,1.33789234345807,0.0640386071266193,0.0740772313862133,0.0735528313125623,1122.49318177875,1.19826383513158,1.36167991963755,3.06216727037828,20.863339246611,0.0840176572335442
1719,2.54660547937311,0.285196117723274,1.33789234345807,0.0640386071266193,0.0740772313862133,0.0735528313125623,1122.49318177875,1.19826383513158,1.36167991963755,3.06216727037828,20.863339246611,0.0840176572335442
1720,2.54660547937311,0.285196117723274,1.33789234345807,0.0640386071266193,0.0740772313862133,0.0735528313125623,1122.49318177875,1.19826383513158,1.36167991963755,3.06216727037828,20.863339246611,0.0840176572335442
1721,2.54660547937311,0.285196117723274,1.33789234345807,0.0640386071266193,0.0740772313862133,0.0735528313125623,1122.49318177875,1.19826383513158,1.36167991963755,3.06216727037828,20.863339246611,0.0840176572335442
1722,2.54660547937311,0.285196117723274,1.33789234345807,0.0640386071266193,0.0740772313862133,0.0735528313125623,1122.49318177875,1.19826383513158,1.36167991963755,3.06216727037828,20.863339246611,0.0840176572335442
1723,2.54660547937311,0.285196117723274,1.33789234345807,0.0640386071266193,0.0740772313862133,0.0735528313125623,1122.49318177875,1.19826383513158,1.36167991963755,3.06216727037828,20.863339246611,0.0840176572335442
1724,2.54660547937311,0.285196117723274,1.33789234345807,0.0640386071266193,0.0740772313862133,0.0735528313125623,1122.49318177875,1.19826383513158,1.36167991963755,3.06216727037828,20.863339246611,0.0840176572335442
1725,2.54660547937311,0.285196117723274,1.33789234345807,0.0640386071266193,0.0740772313862133,0.0735528313125623,1122.49318177875,1.19826383513158,1.36167991963755,3.06216727037828,20.863339246611,0.0840176572335442
1726,2.54660547937311,0.285196117723274,1.33789234345807,0.0640386071266193,0.0740772313862133,0.0735528313125623,1122.49318177875,1.19826383513158,1.36167991963755,3.06216727037828,20.863339246611,0.0840176572335442
1727,2.54660547937311,0.285196117723274,1.33789234345807,0.0640386071266193,0.0740772313862133,0.0735528313125623,1122.49318177875,1.19826383513158,1.36167991963755,3.06216727037828,20.863339246611,0.0840176572335442
1728,2.54660547937311,0.285196117723274,1.33789234345807,0.0640386071266193,0.0740772313862133,0.0735528313125623,1122.49318177875,1.19826383513158,1.36167991963755,3.06216727037828,20.863339246611,0.0840176572335442
1729,2.54660547937311,0.285196117723274,1.33789234345807,0.0640386071266193,0.0740772313862133,0.0735528313125623,1122.49318177875,1.19826383513158,1.36167991963755,3.06216727037828,20.863339246611,0.0840176572335442
1730,2.54660547937311,0.285196117723274,1.33789234345807,0.0640386071266193,0.0740772313862133,0.0735528313125623,1122.49318177875,1.19826383513158,1.36167991963755,3.06216727037828,20.863339246611,0.0840176572335442
1731,2.54660547937311,0.285196117723274,1.33789234345807,0.0640386071266193,0.0740772313862133,0.0735528313125623,1122.49318177875,1.19826383513158,1.36167991963755,3.06216727037828,20.863339246611,0.0840176572335442
1732,2.54660547937311,0.285196117723274,1.33789234345807,0.0640386071266193,0.0740772313862133,0.0735528313125623,1122.49318177875,1.19826383513158,1.36167991963755,3.06216727037828,20.863339246611,0.0840176572335442
1733,2.54660547937311,0.285196117723274,1.33789234345807,0.0640386071266193,0.0740772313862133,0.0735528313125623,1122.49318177875,1.19826383513158,1.36167991963755,3.06216727037828,20.863339246611,0.0840176572335442
1734,2.54660547937311,0.285196117723274,1.33789234345807,0.0640386071266193,0.0740772313862133,0.0735528313125623,1122.49318177875,1.19826383513158,1.36167991963755,3.06216727037828,20.863339246611,0.0840176572335442
1735,2.54660547937311,0.285196117723274,1.33789234345807,0.0640386071266193,0.0740772313862133,0.0735528313125623,1122.49318177875,1.19826383513158,1.36167991963755,3.06216727037828,20.863339246611,0.0840176572335442
1736,2.54660547937311,0.285196117723274,1.33789234345807,0.0640386071266193,0.0740772313862133,0.0735528313125623,1122.49318177875,1.19826383513158,1.36167991963755,3.06216727037828,20.863339246611,0.0840176572335442
1737,2.54660547937311,0.285196117723274,1.33789234345807,0.0640386071266193,0.0740772313862133,0.0735528313125623,1122.49318177875,1.19826383513158,1.36167991963755,3.06216727037828,20.863339246611,0.0840176572335442
1738,2.54660547937311,0.285196117723274,1.33789234345807,0.0640386071266193,0.0740772313862133,0.0735528313125623,1122.49318177875,1.19826383513158,1.36167991963755,3.06216727037828,20.863339246611,0.0840176572335442
1739,2.54660547937311,0.285196117723274,1.33789234345807,0.0640386071266193,0.0740772313862133,0.0735528313125623,1122.49318177875,1.19826383513158,1.36167991963755,3.06216727037828,20.863339246611,0.0840176572335442
1740,2.54660547937311,0.285196117723274,1.33789234345807,0.0640386071266193,0.0740772313862133,0.0735528313125623,1122.49318177875,1.19826383513158,1.36167991963755,3.06216727037828,20.863339246611,0.0840176572335442
1741,2.54660547937311,0.285196117723274,1.33789234345807,0.0640386071266193,0.0740772313862133,0.0735528313125623,1122.49318177875,1.19826383513158,1.36167991963755,3.06216727037828,20.863339246611,0.0840176572335442
1742,2.54660547937311,0.285196117723274,1.33789234345807,0.0640386071266193,0.0740772313862133,0.0735528313125623,1122.49318177875,1.19826383513158,1.36167991963755,3.06216727037828,20.863339246611,0.0840176572335442
1743,2.54660547937311,0.285196117723274,1.33789234345807,0.0640386071266193,0.0740772313862133,0.0735528313125623,1122.49318177875,1.19826383513158,1.36167991963755,3.06216727037828,20.863339246611,0.0840176572335442
1744,2.54660547937311,0.285196117723274,1.33789234345807,0.0640386071266193,0.0740772313862133,0.0735528313125623,1122.49318177875,1.19826383513158,1.36167991963755,3.06216727037828,20.863339246611,0.0840176572335442
1745,2.54660547937311,0.285196117723274,1.33789234345807,0.0640386071266193,0.0740772313862133,0.0735528313125623,1122.49318177875,1.19826383513158,1.36167991963755,3.06216727037828,20.863339246611,0.0840176572335442
1746,2.54660547937311,0.285196117723274,1.33789234345807,0.0640386071266193,0.0740772313862133,0.0735528313125623,1122.49318177875,1.19826383513158,1.36167991963755,3.06216727037828,20.863339246611,0.0840176572335442
1747,2.54660547937311,0.285196117723274,1.33789234345807,0.0640386071266193,0.0740772313862133,0.0735528313125623,1122.49318177875,1.19826383513158,1.36167991963755,3.06216727037828,20.863339246611,0.0840176572335442
1748,2.54660547937311,0.285196117723274,1.33789234345807,0.0640386071266193,0.0740772313862133,0.0735528313125623,1122.49318177875,1.19826383513158,1.36167991963755,3.06216727037828,20.863339246611,0.0840176572335442
1749,2.54660547937311,0.285196117723274,1.33789234345807,0.0640386071266193,0.0740772313862133,0.0735528313125623,1122.49318177875,1.19826383513158,1.36167991963755,3.06216727037828,20.863339246611,0.0840176572335442
1750,2.54660547937311,0.285196117723274,1.33789234345807,0.0640386071266193,0.0740772313862133,0.0735528313125623,1122.49318177875,1.19826383513158,1.36167991963755,3.06216727037828,20.863339246611,0.0840176572335442
1751,2.54660547937311,0.285196117723274,1.33789234345807,0.0640386071266193,0.0740772313862133,0.0735528313125623,1122.49318177875,1.19826383513158,1.36167991963755,3.06216727037828,20.863339246611,0.0840176572335442
1752,2.54660547937311,0.285196117723274,1.33789234345807,0.0640386071266193,0.0740772313862133,0.0735528313125623,1122.49318177875,1.19826383513158,1.36167991963755,3.06216727037828,20.863339246611,0.0840176572335442
1753,2.54660547937311,0.285196117723274,1.33789234345807,0.0640386071266193,0.0740772313862133,0.0735528313125623,1122.49318177875,1.19826383513158,1.36167991963755,3.06216727037828,20.863339246611,0.0840176572335442
1754,2.54660547937311,0.285196117723274,1.33789234345807,0.0640386071266193,0.0740772313862133,0.0735528313125623,1122.49318177875,1.19826383513158,1.36167991963755,3.06216727037828,20.863339246611,0.0840176572335442
1755,2.54660547937311,0.285196117723274,1.33789234345807,0.0640386071266193,0.0740772313862133,0.0735528313125623,1122.49318177875,1.19826383513158,1.36167991963755,3.06216727037828,20.863339246611,0.0840176572335442
1756,2.54660547937311,0.285196117723274,1.33789234345807,0.0640386071266193,0.0740772313862133,0.0735528313125623,1122.49318177875,1.19826383513158,1.36167991963755,3.06216727037828,20.863339246611,0.0840176572335442
1757,2.54660547937311,0.285196117723274,1.33789234345807,0.0640386071266193,0.0740772313862133,0.0735528313125623,1122.49318177875,1.19826383513158,1.36167991963755,3.06216727037828,20.863339246611,0.0840176572335442
1758,2.54660547937311,0.285196117723274,1.33789234345807,0.0640386071266193,0.0740772313862133,0.0735528313125623,1122.49318177875,1.19826383513158,1.36167991963755,3.06216727037828,20.863339246611,0.0840176572335442
1759,2.54660547937311,0.285196117723274,1.33789234345807,0.0640386071266193,0.0740772313862133,0.0735528313125623,1122.49318177875,1.19826383513158,1.36167991963755,3.06216727037828,20.863339246611,0.0840176572335442
1760,2.54660547937311,0.285196117723274,1.33789234345807,0.0640386071266193,0.0740772313862133,0.0735528313125623,1122.49318177875,1.19826383513158,1.36167991963755,3.06216727037828,20.863339246611,0.0840176572335442
1761,2.54660547937311,0.285196117723274,1.33789234345807,0.0640386071266193,0.0740772313862133,0.0735528313125623,1122.49318177875,1.19826383513158,1.36167991963755,3.06216727037828,20.863339246611,0.0840176572335442
1762,2.54660547937311,0.285196117723274,1.33789234345807,0.0640386071266193,0.0740772313862133,0.0735528313125623,1122.49318177875,1.19826383513158,1.36167991963755,3.06216727037828,20.863339246611,0.0840176572335442
1763,2.54660547937311,0.285196117723274,1.33789234345807,0.0640386071266193,0.0740772313862133,0.0735528313125623,1122.49318177875,1.19826383513158,1.36167991963755,3.06216727037828,20.863339246611,0.0840176572335442
1764,2.54660547937311,0.285196117723274,1.33789234345807,0.0640386071266193,0.0740772313862133,0.0735528313125623,1122.49318177875,1.19826383513158,1.36167991963755,3.06216727037828,20.863339246611,0.0840176572335442
1765,2.54660547937311,0.285196117723274,1.33789234345807,0.0640386071266193,0.0740772313862133,0.0735528313125623,1122.49318177875,1.19826383513158,1.36167991963755,3.06216727037828,20.863339246611,0.0840176572335442
1766,2.54660547937311,0.285196117723274,1.33789234345807,0.0640386071266193,0.0740772313862133,0.0735528313125623,1122.49318177875,1.19826383513158,1.36167991963755,3.06216727037828,20.863339246611,0.0840176572335442
1767,2.54660547937311,0.285196117723274,1.33789234345807,0.0640386071266193,0.0740772313862133,0.0735528313125623,1122.49318177875,1.19826383513158,1.36167991963755,3.06216727037828,20.863339246611,0.0840176572335442
1768,2.54660547937311,0.285196117723274,1.33789234345807,0.0640386071266193,0.0740772313862133,0.0735528313125623,1122.49318177875,1.19826383513158,1.36167991963755,3.06216727037828,20.863339246611,0.0840176572335442
1769,2.54660547937311,0.285196117723274,1.33789234345807,0.0640386071266193,0.0740772313862133,0.0735528313125623,1122.49318177875,1.19826383513158,1.36167991963755,3.06216727037828,20.863339246611,0.0840176572335442
1770,2.54660547937311,0.285196117723274,1.33789234345807,0.0640386071266193,0.0740772313862133,0.0735528313125623,1122.49318177875,1.19826383513158,1.36167991963755,3.06216727037828,20.863339246611,0.0840176572335442
1771,2.54660547937311,0.285196117723274,1.33789234345807,0.0640386071266193,0.0740772313862133,0.0735528313125623,1122.49318177875,1.19826383513158,1.36167991963755,3.06216727037828,20.863339246611,0.0840176572335442
1772,2.54660547937311,0.285196117723274,1.33789234345807,0.0640386071266193,0.0740772313862133,0.0735528313125623,1122.49318177875,1.19826383513158,1.36167991963755,3.06216727037828,20.863339246611,0.0840176572335442
1773,2.54660547937311,0.285196117723274,1.33789234345807,0.0640386071266193,0.0740772313862133,0.0735528313125623,1122.49318177875,1.19826383513158,1.36167991963755,3.06216727037828,20.863339246611,0.0840176572335442
1774,2.54660547937311,0.285196117723274,1.33789234345807,0.0640386071266193,0.0740772313862133,0.0735528313125623,1122.49318177875,1.19826383513158,1.36167991963755,3.06216727037828,20.863339246611,0.0840176572335442
1775,2.54660547937311,0.285196117723274,1.33789234345807,0.0640386071266193,0.0740772313862133,0.0735528313125623,1122.49318177875,1.19826383513158,1.36167991963755,3.06216727037828,20.863339246611,0.0840176572335442
1776,2.54660547937311,0.285196117723274,1.33789234345807,0.0640386071266193,0.0740772313862133,0.0735528313125623,1122.49318177875,1.19826383513158,1.36167991963755,3.06216727037828,20.863339246611,0.0840176572335442
1777,2.54660547937311,0.285196117723274,1.33789234345807,0.0640386071266193,0.0740772313862133,0.0735528313125623,1122.49318177875,1.19826383513158,1.36167991963755,3.06216727037828,20.863339246611,0.0840176572335442
1778,2.54660547937311,0.285196117723274,1.33789234345807,0.0640386071266193,0.0740772313862133,0.0735528313125623,1122.49318177875,1.19826383513158,1.36167991963755,3.06216727037828,20.863339246611,0.0840176572335442
1779,2.54660547937311,0.285196117723274,1.33789234345807,0.0640386071266193,0.0740772313862133,0.0735528313125623,1122.49318177875,1.19826383513158,1.36167991963755,3.06216727037828,20.863339246611,0.0840176572335442
1780,2.54660547937311,0.285196117723274,1.33789234345807,0.0640386071266193,0.0740772313862133,0.0735528313125623,1122.49318177875,1.19826383513158,1.36167991963755,3.06216727037828,20.863339246611,0.0840176572335442
1781,2.54660547937311,0.285196117723274,1.33789234345807,0.0640386071266193,0.0740772313862133,0.0735528313125623,1122.49318177875,1.19826383513158,1.36167991963755,3.06216727037828,20.863339246611,0.0840176572335442
1782,2.54660547937311,0.285196117723274,1.33789234345807,0.0640386071266193,0.0740772313862133,0.0735528313125623,1122.49318177875,1.19826383513158,1.36167991963755,3.06216727037828,20.863339246611,0.0840176572335442
1783,2.54660547937311,0.285196117723274,1.33789234345807,0.0640386071266193,0.0740772313862133,0.0735528313125623,1122.49318177875,1.19826383513158,1.36167991963755,3.06216727037828,20.863339246611,0.0840176572335442
1784,2.54660547937311,0.285196117723274,1.33789234345807,0.0640386071266193,0.0740772313862133,0.0735528313125623,1122.49318177875,1.19826383513158,1.36167991963755,3.06216727037828,20.863339246611,0.0840176572335442
1785,2.54660547937311,0.285196117723274,1.33789234345807,0.0640386071266193,0.0740772313862133,0.0735528313125623,1122.49318177875,1.19826383513158,1.36167991963755,3.06216727037828,20.863339246611,0.0840176572335442
1786,2.54660547937311,0.285196117723274,1.33789234345807,0.0640386071266193,0.0740772313862133,0.0735528313125623,1122.49318177875,1.19826383513158,1.36167991963755,3.06216727037828,20.863339246611,0.0840176572335442
1787,2.54660547937311,0.285196117723274,1.33789234345807,0.0640386071266193,0.0740772313862133,0.0735528313125623,1122.49318177875,1.19826383513158,1.36167991963755,3.06216727037828,20.863339246611,0.0840176572335442
1788,2.54660547937311,0.285196117723274,1.33789234345807,0.0640386071266193,0.0740772313862133,0.0735528313125623,1122.49318177875,1.19826383513158,1.36167991963755,3.06216727037828,20.863339246611,0.0840176572335442
1789,2.54660547937311,0.285196117723274,1.33789234345807,0.0640386071266193,0.0740772313862133,0.0735528313125623,1122.49318177875,1.19826383513158,1.36167991963755,3.06216727037828,20.863339246611,0.0840176572335442
1790,2.54660547937311,0.285196117723274,1.33789234345807,0.0640386071266193,0.0740772313862133,0.0735528313125623,1122.49318177875,1.19826383513158,1.36167991963755,3.06216727037828,20.863339246611,0.0840176572335442
1791,2.54660547937311,0.285196117723274,1.33789234345807,0.0640386071266193,0.0740772313862133,0.0735528313125623,1122.49318177875,1.19826383513158,1.36167991963755,3.06216727037828,20.863339246611,0.0840176572335442
1792,2.54660547937311,0.285196117723274,1.33789234345807,0.0640386071266193,0.0740772313862133,0.0735528313125623,1122.49318177875,1.19826383513158,1.36167991963755,3.06216727037828,20.863339246611,0.0840176572335442
1793,2.54660547937311,0.285196117723274,1.33789234345807,0.0640386071266193,0.0740772313862133,0.0735528313125623,1122.49318177875,1.19826383513158,1.36167991963755,3.06216727037828,20.863339246611,0.0840176572335442
1794,2.54660547937311,0.285196117723274,1.33789234345807,0.0640386071266193,0.0740772313862133,0.0735528313125623,1122.49318177875,1.19826383513158,1.36167991963755,3.06216727037828,20.863339246611,0.0840176572335442
1795,2.54660547937311,0.285196117723274,1.33789234345807,0.0640386071266193,0.0740772313862133,0.0735528313125623,1122.49318177875,1.19826383513158,1.36167991963755,3.06216727037828,20.863339246611,0.0840176572335442
1796,2.54660547937311,0.285196117723274,1.33789234345807,0.0640386071266193,0.0740772313862133,0.0735528313125623,1122.49318177875,1.19826383513158,1.36167991963755,3.06216727037828,20.863339246611,0.0840176572335442
1797,2.54660547937311,0.285196117723274,1.33789234345807,0.0640386071266193,0.0740772313862133,0.0735528313125623,1122.49318177875,1.19826383513158,1.36167991963755,3.06216727037828,20.863339246611,0.0840176572335442
1798,2.54660547937311,0.285196117723274,1.33789234345807,0.0640386071266193,0.0740772313862133,0.0735528313125623,1122.49318177875,1.19826383513158,1.36167991963755,3.06216727037828,20.863339246611,0.0840176572335442
1799,2.54660547937311,0.285196117723274,1.33789234345807,0.0640386071266193,0.0740772313862133,0.0735528313125623,1122.49318177875,1.19826383513158,1.36167991963755,3.06216727037828,20.863339246611,0.0840176572335442
1800,2.54660547937311,0.285196117723274,1.33789234345807,0.0640386071266193,0.0740772313862133,0.0735528313125623,1122.49318177875,1.19826383513158,1.36167991963755,3.06216727037828,20.863339246611,0.0840176572335442
1801,2.54660547937311,0.285196117723274,1.33789234345807,0.0640386071266193,0.0740772313862133,0.0735528313125623,1122.49318177875,1.19826383513158,1.36167991963755,3.06216727037828,20.863339246611,0.0840176572335442
1802,2.54660547937311,0.285196117723274,1.33789234345807,0.0640386071266193,0.0740772313862133,0.0735528313125623,1122.49318177875,1.19826383513158,1.36167991963755,3.06216727037828,20.863339246611,0.0840176572335442
1803,2.54660547937311,0.285196117723274,1.33789234345807,0.0640386071266193,0.0740772313862133,0.0735528313125623,1122.49318177875,1.19826383513158,1.36167991963755,3.06216727037828,20.863339246611,0.0840176572335442
1804,2.54660547937311,0.285196117723274,1.33789234345807,0.0640386071266193,0.0740772313862133,0.0735528313125623,1122.49318177875,1.19826383513158,1.36167991963755,3.06216727037828,20.863339246611,0.0840176572335442
1805,2.54660547937311,0.285196117723274,1.33789234345807,0.0640386071266193,0.0740772313862133,0.0735528313125623,1122.49318177875,1.19826383513158,1.36167991963755,3.06216727037828,20.863339246611,0.0840176572335442
1806,2.54660547937311,0.285196117723274,1.33789234345807,0.0640386071266193,0.0740772313862133,0.0735528313125623,1122.49318177875,1.19826383513158,1.36167991963755,3.06216727037828,20.863339246611,0.0840176572335442
1807,2.54660547937311,0.285196117723274,1.33789234345807,0.0640386071266193,0.0740772313862133,0.0735528313125623,1122.49318177875,1.19826383513158,1.36167991963755,3.06216727037828,20.863339246611,0.0840176572335442
1808,2.54660547937311,0.285196117723274,1.33789234345807,0.0640386071266193,0.0740772313862133,0.0735528313125623,1122.49318177875,1.19826383513158,1.36167991963755,3.06216727037828,20.863339246611,0.0840176572335442
1809,2.54660547937311,0.285196117723274,1.33789234345807,0.0640386071266193,0.0740772313862133,0.0735528313125623,1122.49318177875,1.19826383513158,1.36167991963755,3.06216727037828,20.863339246611,0.0840176572335442
1810,2.54660547937311,0.285196117723274,1.33789234345807,0.0640386071266193,0.0740772313862133,0.0735528313125623,1122.49318177875,1.19826383513158,1.36167991963755,3.06216727037828,20.863339246611,0.0840176572335442
1811,2.54660547937311,0.285196117723274,1.33789234345807,0.0640386071266193,0.0740772313862133,0.0735528313125623,1122.49318177875,1.19826383513158,1.36167991963755,3.06216727037828,20.863339246611,0.0840176572335442
1812,2.54660547937311,0.285196117723274,1.33789234345807,0.0640386071266193,0.0740772313862133,0.0735528313125623,1122.49318177875,1.19826383513158,1.36167991963755,3.06216727037828,20.863339246611,0.0840176572335442
1813,2.54660547937311,0.285196117723274,1.33789234345807,0.0640386071266193,0.0740772313862133,0.0735528313125623,1122.49318177875,1.19826383513158,1.36167991963755,3.06216727037828,20.863339246611,0.0840176572335442
1814,2.54660547937311,0.285196117723274,1.33789234345807,0.0640386071266193,0.0740772313862133,0.0735528313125623,1122.49318177875,1.19826383513158,1.36167991963755,3.06216727037828,20.863339246611,0.0840176572335442
1815,2.54660547937311,0.285196117723274,1.33789234345807,0.0640386071266193,0.0740772313862133,0.0735528313125623,1122.49318177875,1.19826383513158,1.36167991963755,3.06216727037828,20.863339246611,0.0840176572335442
1816,2.54660547937311,0.285196117723274,1.33789234345807,0.0640386071266193,0.0740772313862133,0.0735528313125623,1122.49318177875,1.19826383513158,1.36167991963755,3.06216727037828,20.863339246611,0.0840176572335442
1817,2.54660547937311,0.285196117723274,1.33789234345807,0.0640386071266193,0.0740772313862133,0.0735528313125623,1122.49318177875,1.19826383513158,1.36167991963755,3.06216727037828,20.863339246611,0.0840176572335442
1818,2.54660547937311,0.285196117723274,1.33789234345807,0.0640386071266193,0.0740772313862133,0.0735528313125623,1122.49318177875,1.19826383513158,1.36167991963755,3.06216727037828,20.863339246611,0.0840176572335442
1819,2.54660547937311,0.285196117723274,1.33789234345807,0.0640386071266193,0.0740772313862133,0.0735528313125623,1122.49318177875,1.19826383513158,1.36167991963755,3.06216727037828,20.863339246611,0.0840176572335442
1820,2.54660547937311,0.285196117723274,1.33789234345807,0.0640386071266193,0.0740772313862133,0.0735528313125623,1122.49318177875,1.19826383513158,1.36167991963755,3.06216727037828,20.863339246611,0.0840176572335442
1821,2.54660547937311,0.285196117723274,1.33789234345807,0.0640386071266193,0.0740772313862133,0.0735528313125623,1122.49318177875,1.19826383513158,1.36167991963755,3.06216727037828,20.863339246611,0.0840176572335442
1822,2.54660547937311,0.285196117723274,1.33789234345807,0.0640386071266193,0.0740772313862133,0.0735528313125623,1122.49318177875,1.19826383513158,1.36167991963755,3.06216727037828,20.863339246611,0.0840176572335442
1823,2.54660547937311,0.285196117723274,1.33789234345807,0.0640386071266193,0.0740772313862133,0.0735528313125623,1122.49318177875,1.19826383513158,1.36167991963755,3.06216727037828,20.863339246611,0.0840176572335442
1824,2.54660547937311,0.285196117723274,1.33789234345807,0.0640386071266193,0.0740772313862133,0.0735528313125623,1122.49318177875,1.19826383513158,1.36167991963755,3.06216727037828,20.863339246611,0.0840176572335442
1825,2.54660547937311,0.285196117723274,1.33789234345807,0.0640386071266193,0.0740772313862133,0.0735528313125623,1122.49318177875,1.19826383513158,1.36167991963755,3.06216727037828,20.863339246611,0.0840176572335442
1826,2.54660547937311,0.285196117723274,1.33789234345807,0.0640386071266193,0.0740772313862133,0.0735528313125623,1122.49318177875,1.19826383513158,1.36167991963755,3.06216727037828,20.863339246611,0.0840176572335442
1827,2.54660547937311,0.285196117723274,1.33789234345807,0.0640386071266193,0.0740772313862133,0.0735528313125623,1122.49318177875,1.19826383513158,1.36167991963755,3.06216727037828,20.863339246611,0.0840176572335442
1828,2.54660547937311,0.285196117723274,1.33789234345807,0.0640386071266193,0.0740772313862133,0.0735528313125623,1122.49318177875,1.19826383513158,1.36167991963755,3.06216727037828,20.863339246611,0.0840176572335442
1829,2.54660547937311,0.285196117723274,1.33789234345807,0.0640386071266193,0.0740772313862133,0.0735528313125623,1122.49318177875,1.19826383513158,1.36167991963755,3.06216727037828,20.863339246611,0.0840176572335442
1830,2.54660547937311,0.285196117723274,1.33789234345807,0.0640386071266193,0.0740772313862133,0.0735528313125623,1122.49318177875,1.19826383513158,1.36167991963755,3.06216727037828,20.863339246611,0.0840176572335442
1831,2.54660547937311,0.285196117723274,1.33789234345807,0.0640386071266193,0.0740772313862133,0.0735528313125623,1122.49318177875,1.19826383513158,1.36167991963755,3.06216727037828,20.863339246611,0.0840176572335442
1832,2.54660547937311,0.285196117723274,1.33789234345807,0.0640386071266193,0.0740772313862133,0.0735528313125623,1122.49318177875,1.19826383513158,1.36167991963755,3.06216727037828,20.863339246611,0.0840176572335442
1833,2.54660547937311,0.285196117723274,1.33789234345807,0.0640386071266193,0.0740772313862133,0.0735528313125623,1122.49318177875,1.19826383513158,1.36167991963755,3.06216727037828,20.863339246611,0.0840176572335442
1834,2.54660547937311,0.285196117723274,1.33789234345807,0.0640386071266193,0.0740772313862133,0.0735528313125623,1122.49318177875,1.19826383513158,1.36167991963755,3.06216727037828,20.863339246611,0.0840176572335442
1835,2.54660547937311,0.285196117723274,1.33789234345807,0.0640386071266193,0.0740772313862133,0.0735528313125623,1122.49318177875,1.19826383513158,1.36167991963755,3.06216727037828,20.863339246611,0.0840176572335442
1836,2.54660547937311,0.285196117723274,1.33789234345807,0.0640386071266193,0.0740772313862133,0.0735528313125623,1122.49318177875,1.19826383513158,1.36167991963755,3.06216727037828,20.863339246611,0.0840176572335442
1837,2.54660547937311,0.285196117723274,1.33789234345807,0.0640386071266193,0.0740772313862133,0.0735528313125623,1122.49318177875,1.19826383513158,1.36167991963755,3.06216727037828,20.863339246611,0.0840176572335442
1838,2.54660547937311,0.285196117723274,1.33789234345807,0.0640386071266193,0.0740772313862133,0.0735528313125623,1122.49318177875,1.19826383513158,1.36167991963755,3.06216727037828,20.863339246611,0.0840176572335442
1839,2.54660547937311,0.285196117723274,1.33789234345807,0.0640386071266193,0.0740772313862133,0.0735528313125623,1122.49318177875,1.19826383513158,1.36167991963755,3.06216727037828,20.863339246611,0.0840176572335442
1840,2.54660547937311,0.285196117723274,1.33789234345807,0.0640386071266193,0.0740772313862133,0.0735528313125623,1122.49318177875,1.19826383513158,1.36167991963755,3.06216727037828,20.863339246611,0.0840176572335442
1841,2.54660547937311,0.285196117723274,1.33789234345807,0.0640386071266193,0.0740772313862133,0.0735528313125623,1122.49318177875,1.19826383513158,1.36167991963755,3.06216727037828,20.863339246611,0.0840176572335442
1842,2.54660547937311,0.285196117723274,1.33789234345807,0.0640386071266193,0.0740772313862133,0.0735528313125623,1122.49318177875,1.19826383513158,1.36167991963755,3.06216727037828,20.863339246611,0.0840176572335442
1843,2.54660547937311,0.285196117723274,1.33789234345807,0.0640386071266193,0.0740772313862133,0.0735528313125623,1122.49318177875,1.19826383513158,1.36167991963755,3.06216727037828,20.863339246611,0.0840176572335442
1844,2.54660547937311,0.285196117723274,1.33789234345807,0.0640386071266193,0.0740772313862133,0.0735528313125623,1122.49318177875,1.19826383513158,1.36167991963755,3.06216727037828,20.863339246611,0.0840176572335442
1845,2.54660547937311,0.285196117723274,1.33789234345807,0.0640386071266193,0.0740772313862133,0.0735528313125623,1122.49318177875,1.19826383513158,1.36167991963755,3.06216727037828,20.863339246611,0.0840176572335442
1846,2.54660547937311,0.285196117723274,1.33789234345807,0.0640386071266193,0.0740772313862133,0.0735528313125623,1122.49318177875,1.19826383513158,1.36167991963755,3.06216727037828,20.863339246611,0.0840176572335442
1847,2.54660547937311,0.285196117723274,1.33789234345807,0.0640386071266193,0.0740772313862133,0.0735528313125623,1122.49318177875,1.19826383513158,1.36167991963755,3.06216727037828,20.863339246611,0.0840176572335442
1848,2.54660547937311,0.285196117723274,1.33789234345807,0.0640386071266193,0.0740772313862133,0.0735528313125623,1122.49318177875,1.19826383513158,1.36167991963755,3.06216727037828,20.863339246611,0.0840176572335442
1849,2.54660547937311,0.285196117723274,1.33789234345807,0.0640386071266193,0.0740772313862133,0.0735528313125623,1122.49318177875,1.19826383513158,1.36167991963755,3.06216727037828,20.863339246611,0.0840176572335442
1850,2.54660547937311,0.285196117723274,1.33789234345807,0.0640386071266193,0.0740772313862133,0.0735528313125623,1122.49318177875,1.19826383513158,1.36167991963755,3.06216727037828,20.863339246611,0.0840176572335442
1851,2.54660547937311,0.285196117723274,1.33789234345807,0.0640386071266193,0.0740772313862133,0.0735528313125623,1122.49318177875,1.19826383513158,1.36167991963755,3.06216727037828,20.863339246611,0.0840176572335442
1852,2.54660547937311,0.285196117723274,1.33789234345807,0.0640386071266193,0.0740772313862133,0.0735528313125623,1122.49318177875,1.19826383513158,1.36167991963755,3.06216727037828,20.863339246611,0.0840176572335442
1853,2.54660547937311,0.285196117723274,1.33789234345807,0.0640386071266193,0.0740772313862133,0.0735528313125623,1122.49318177875,1.19826383513158,1.36167991963755,3.06216727037828,20.863339246611,0.0840176572335442
1854,2.54660547937311,0.285196117723274,1.33789234345807,0.0640386071266193,0.0740772313862133,0.0735528313125623,1122.49318177875,1.19826383513158,1.36167991963755,3.06216727037828,20.863339246611,0.0840176572335442
1855,2.54660547937311,0.285196117723274,1.33789234345807,0.0640386071266193,0.0740772313862133,0.0735528313125623,1122.49318177875,1.19826383513158,1.36167991963755,3.06216727037828,20.863339246611,0.0840176572335442
1856,2.54660547937311,0.285196117723274,1.33789234345807,0.0640386071266193,0.0740772313862133,0.0735528313125623,1122.49318177875,1.19826383513158,1.36167991963755,3.06216727037828,20.863339246611,0.0840176572335442
1857,2.54660547937311,0.285196117723274,1.33789234345807,0.0640386071266193,0.0740772313862133,0.0735528313125623,1122.49318177875,1.19826383513158,1.36167991963755,3.06216727037828,20.863339246611,0.0840176572335442
1858,2.54660547937311,0.285196117723274,1.33789234345807,0.0640386071266193,0.0740772313862133,0.0735528313125623,1122.49318177875,1.19826383513158,1.36167991963755,3.06216727037828,20.863339246611,0.0840176572335442
1859,2.54660547937311,0.285196117723274,1.33789234345807,0.0640386071266193,0.0740772313862133,0.0735528313125623,1122.49318177875,1.19826383513158,1.36167991963755,3.06216727037828,20.863339246611,0.0840176572335442
1860,2.54660547937311,0.285196117723274,1.33789234345807,0.0640386071266193,0.0740772313862133,0.0735528313125623,1122.49318177875,1.19826383513158,1.36167991963755,3.06216727037828,20.863339246611,0.0840176572335442
1861,2.54660547937311,0.285196117723274,1.33789234345807,0.0640386071266193,0.0740772313862133,0.0735528313125623,1122.49318177875,1.19826383513158,1.36167991963755,3.06216727037828,20.863339246611,0.0840176572335442
1862,2.54660547937311,0.285196117723274,1.33789234345807,0.0640386071266193,0.0740772313862133,0.0735528313125623,1122.49318177875,1.19826383513158,1.36167991963755,3.06216727037828,20.863339246611,0.0840176572335442
1863,2.54660547937311,0.285196117723274,1.33789234345807,0.0640386071266193,0.0740772313862133,0.0735528313125623,1122.49318177875,1.19826383513158,1.36167991963755,3.06216727037828,20.863339246611,0.0840176572335442
1864,2.54660547937311,0.285196117723274,1.33789234345807,0.0640386071266193,0.0740772313862133,0.0735528313125623,1122.49318177875,1.19826383513158,1.36167991963755,3.06216727037828,20.863339246611,0.0840176572335442
1865,2.54660547937311,0.285196117723274,1.33789234345807,0.0640386071266193,0.0740772313862133,0.0735528313125623,1122.49318177875,1.19826383513158,1.36167991963755,3.06216727037828,20.863339246611,0.0840176572335442
1866,2.54660547937311,0.285196117723274,1.33789234345807,0.0640386071266193,0.0740772313862133,0.0735528313125623,1122.49318177875,1.19826383513158,1.36167991963755,3.06216727037828,20.863339246611,0.0840176572335442
1867,2.54660547937311,0.285196117723274,1.33789234345807,0.0640386071266193,0.0740772313862133,0.0735528313125623,1122.49318177875,1.19826383513158,1.36167991963755,3.06216727037828,20.863339246611,0.0840176572335442
1868,2.54660547937311,0.285196117723274,1.33789234345807,0.0640386071266193,0.0740772313862133,0.0735528313125623,1122.49318177875,1.19826383513158,1.36167991963755,3.06216727037828,20.863339246611,0.0840176572335442
1869,2.54660547937311,0.285196117723274,1.33789234345807,0.0640386071266193,0.0740772313862133,0.0735528313125623,1122.49318177875,1.19826383513158,1.36167991963755,3.06216727037828,20.863339246611,0.0840176572335442
1870,2.54660547937311,0.285196117723274,1.33789234345807,0.0640386071266193,0.0740772313862133,0.0735528313125623,1122.49318177875,1.19826383513158,1.36167991963755,3.06216727037828,20.863339246611,0.0840176572335442
1871,2.54660547937311,0.285196117723274,1.33789234345807,0.0640386071266193,0.0740772313862133,0.0735528313125623,1122.49318177875,1.19826383513158,1.36167991963755,3.06216727037828,20.863339246611,0.0840176572335442
1872,2.54660547937311,0.285196117723274,1.33789234345807,0.0640386071266193,0.0740772313862133,0.0735528313125623,1122.49318177875,1.19826383513158,1.36167991963755,3.06216727037828,20.863339246611,0.0840176572335442
1873,2.54660547937311,0.285196117723274,1.33789234345807,0.0640386071266193,0.0740772313862133,0.0735528313125623,1122.49318177875,1.19826383513158,1.36167991963755,3.06216727037828,20.863339246611,0.0840176572335442
1874,2.54660547937311,0.285196117723274,1.33789234345807,0.0640386071266193,0.0740772313862133,0.0735528313125623,1122.49318177875,1.19826383513158,1.36167991963755,3.06216727037828,20.863339246611,0.0840176572335442
1875,2.54660547937311,0.285196117723274,1.33789234345807,0.0640386071266193,0.0740772313862133,0.0735528313125623,1122.49318177875,1.19826383513158,1.36167991963755,3.06216727037828,20.863339246611,0.0840176572335442
1876,2.54660547937311,0.285196117723274,1.33789234345807,0.0640386071266193,0.0740772313862133,0.0735528313125623,1122.49318177875,1.19826383513158,1.36167991963755,3.06216727037828,20.863339246611,0.0840176572335442
1877,2.54660547937311,0.285196117723274,1.33789234345807,0.0640386071266193,0.0740772313862133,0.0735528313125623,1122.49318177875,1.19826383513158,1.36167991963755,3.06216727037828,20.863339246611,0.0840176572335442
1878,2.54660547937311,0.285196117723274,1.33789234345807,0.0640386071266193,0.0740772313862133,0.0735528313125623,1122.49318177875,1.19826383513158,1.36167991963755,3.06216727037828,20.863339246611,0.0840176572335442
1879,2.54660547937311,0.285196117723274,1.33789234345807,0.0640386071266193,0.0740772313862133,0.0735528313125623,1122.49318177875,1.19826383513158,1.36167991963755,3.06216727037828,20.863339246611,0.0840176572335442
1880,2.54660547937311,0.285196117723274,1.33789234345807,0.0640386071266193,0.0740772313862133,0.0735528313125623,1122.49318177875,1.19826383513158,1.36167991963755,3.06216727037828,20.863339246611,0.0840176572335442
1881,2.54660547937311,0.285196117723274,1.33789234345807,0.0640386071266193,0.0740772313862133,0.0735528313125623,1122.49318177875,1.19826383513158,1.36167991963755,3.06216727037828,20.863339246611,0.0840176572335442
1882,2.54660547937311,0.285196117723274,1.33789234345807,0.0640386071266193,0.0740772313862133,0.0735528313125623,1122.49318177875,1.19826383513158,1.36167991963755,3.06216727037828,20.863339246611,0.0840176572335442
1883,2.54660547937311,0.285196117723274,1.33789234345807,0.0640386071266193,0.0740772313862133,0.0735528313125623,1122.49318177875,1.19826383513158,1.36167991963755,3.06216727037828,20.863339246611,0.0840176572335442
1884,2.54660547937311,0.285196117723274,1.33789234345807,0.0640386071266193,0.0740772313862133,0.0735528313125623,1122.49318177875,1.19826383513158,1.36167991963755,3.06216727037828,20.863339246611,0.0840176572335442
1885,2.54660547937311,0.285196117723274,1.33789234345807,0.0640386071266193,0.0740772313862133,0.0735528313125623,1122.49318177875,1.19826383513158,1.36167991963755,3.06216727037828,20.863339246611,0.0840176572335442
1886,2.54660547937311,0.285196117723274,1.33789234345807,0.0640386071266193,0.0740772313862133,0.0735528313125623,1122.49318177875,1.19826383513158,1.36167991963755,3.06216727037828,20.863339246611,0.0840176572335442
1887,2.54660547937311,0.285196117723274,1.33789234345807,0.0640386071266193,0.0740772313862133,0.0735528313125623,1122.49318177875,1.19826383513158,1.36167991963755,3.06216727037828,20.863339246611,0.0840176572335442
1888,2.54660547937311,0.285196117723274,1.33789234345807,0.0640386071266193,0.0740772313862133,0.0735528313125623,1122.49318177875,1.19826383513158,1.36167991963755,3.06216727037828,20.863339246611,0.0840176572335442
1889,2.54660547937311,0.285196117723274,1.33789234345807,0.0640386071266193,0.0740772313862133,0.0735528313125623,1122.49318177875,1.19826383513158,1.36167991963755,3.06216727037828,20.863339246611,0.0840176572335442
1890,2.54660547937311,0.285196117723274,1.33789234345807,0.0640386071266193,0.0740772313862133,0.0735528313125623,1122.49318177875,1.19826383513158,1.36167991963755,3.06216727037828,20.863339246611,0.0840176572335442
1891,2.54660547937311,0.285196117723274,1.33789234345807,0.0640386071266193,0.0740772313862133,0.0735528313125623,1122.49318177875,1.19826383513158,1.36167991963755,3.06216727037828,20.863339246611,0.0840176572335442
1892,2.54660547937311,0.285196117723274,1.33789234345807,0.0640386071266193,0.0740772313862133,0.0735528313125623,1122.49318177875,1.19826383513158,1.36167991963755,3.06216727037828,20.863339246611,0.0840176572335442
1893,2.54660547937311,0.285196117723274,1.33789234345807,0.0640386071266193,0.0740772313862133,0.0735528313125623,1122.49318177875,1.19826383513158,1.36167991963755,3.06216727037828,20.863339246611,0.0840176572335442
1894,2.54660547937311,0.285196117723274,1.33789234345807,0.0640386071266193,0.0740772313862133,0.0735528313125623,1122.49318177875,1.19826383513158,1.36167991963755,3.06216727037828,20.863339246611,0.0840176572335442
1895,2.54660547937311,0.285196117723274,1.33789234345807,0.0640386071266193,0.0740772313862133,0.0735528313125623,1122.49318177875,1.19826383513158,1.36167991963755,3.06216727037828,20.863339246611,0.0840176572335442
1896,2.54660547937311,0.285196117723274,1.33789234345807,0.0640386071266193,0.0740772313862133,0.0735528313125623,1122.49318177875,1.19826383513158,1.36167991963755,3.06216727037828,20.863339246611,0.0840176572335442
1897,2.54660547937311,0.285196117723274,1.33789234345807,0.0640386071266193,0.0740772313862133,0.0735528313125623,1122.49318177875,1.19826383513158,1.36167991963755,3.06216727037828,20.863339246611,0.0840176572335442
1898,2.54660547937311,0.285196117723274,1.33789234345807,0.0640386071266193,0.0740772313862133,0.0735528313125623,1122.49318177875,1.19826383513158,1.36167991963755,3.06216727037828,20.863339246611,0.0840176572335442
1899,2.54660547937311,0.285196117723274,1.33789234345807,0.0640386071266193,0.0740772313862133,0.0735528313125623,1122.49318177875,1.19826383513158,1.36167991963755,3.06216727037828,20.863339246611,0.0840176572335442
1900,2.54660547937311,0.285196117723274,1.33789234345807,0.0640386071266193,0.0740772313862133,0.0735528313125623,1122.49318177875,1.19826383513158,1.36167991963755,3.06216727037828,20.863339246611,0.0840176572335442
1901,2.54660547937311,0.285196117723274,1.33789234345807,0.0640386071266193,0.0740772313862133,0.0735528313125623,1122.49318177875,1.19826383513158,1.36167991963755,3.06216727037828,20.863339246611,0.0840176572335442
1902,2.54660547937311,0.285196117723274,1.33789234345807,0.0640386071266193,0.0740772313862133,0.0735528313125623,1122.49318177875,1.19826383513158,1.36167991963755,3.06216727037828,20.863339246611,0.0840176572335442
1903,2.54660547937311,0.285196117723274,1.33789234345807,0.0640386071266193,0.0740772313862133,0.0735528313125623,1122.49318177875,1.19826383513158,1.36167991963755,3.06216727037828,20.863339246611,0.0840176572335442
1904,2.54660547937311,0.285196117723274,1.33789234345807,0.0640386071266193,0.0740772313862133,0.0735528313125623,1122.49318177875,1.19826383513158,1.36167991963755,3.06216727037828,20.863339246611,0.0840176572335442
1905,2.54660547937311,0.285196117723274,1.33789234345807,0.0640386071266193,0.0740772313862133,0.0735528313125623,1122.49318177875,1.19826383513158,1.36167991963755,3.06216727037828,20.863339246611,0.0840176572335442
1906,2.54660547937311,0.285196117723274,1.33789234345807,0.0640386071266193,0.0740772313862133,0.0735528313125623,1122.49318177875,1.19826383513158,1.36167991963755,3.06216727037828,20.863339246611,0.0840176572335442
1907,2.54660547937311,0.285196117723274,1.33789234345807,0.0640386071266193,0.0740772313862133,0.0735528313125623,1122.49318177875,1.19826383513158,1.36167991963755,3.06216727037828,20.863339246611,0.0840176572335442
1908,2.54660547937311,0.285196117723274,1.33789234345807,0.0640386071266193,0.0740772313862133,0.0735528313125623,1122.49318177875,1.19826383513158,1.36167991963755,3.06216727037828,20.863339246611,0.0840176572335442
1909,2.54660547937311,0.285196117723274,1.33789234345807,0.0640386071266193,0.0740772313862133,0.0735528313125623,1122.49318177875,1.19826383513158,1.36167991963755,3.06216727037828,20.863339246611,0.0840176572335442
1910,2.54660547937311,0.285196117723274,1.33789234345807,0.0640386071266193,0.0740772313862133,0.0735528313125623,1122.49318177875,1.19826383513158,1.36167991963755,3.06216727037828,20.863339246611,0.0840176572335442
1911,2.54660547937311,0.285196117723274,1.33789234345807,0.0640386071266193,0.0740772313862133,0.0735528313125623,1122.49318177875,1.19826383513158,1.36167991963755,3.06216727037828,20.863339246611,0.0840176572335442
1912,2.54660547937311,0.285196117723274,1.33789234345807,0.0640386071266193,0.0740772313862133,0.0735528313125623,1122.49318177875,1.19826383513158,1.36167991963755,3.06216727037828,20.863339246611,0.0840176572335442
1913,2.54660547937311,0.285196117723274,1.33789234345807,0.0640386071266193,0.0740772313862133,0.0735528313125623,1122.49318177875,1.19826383513158,1.36167991963755,3.06216727037828,20.863339246611,0.0840176572335442
1914,2.54660547937311,0.285196117723274,1.33789234345807,0.0640386071266193,0.0740772313862133,0.0735528313125623,1122.49318177875,1.19826383513158,1.36167991963755,3.06216727037828,20.863339246611,0.0840176572335442
1915,2.54660547937311,0.285196117723274,1.33789234345807,0.0640386071266193,0.0740772313862133,0.0735528313125623,1122.49318177875,1.19826383513158,1.36167991963755,3.06216727037828,20.863339246611,0.0840176572335442
1916,2.54660547937311,0.285196117723274,1.33789234345807,0.0640386071266193,0.0740772313862133,0.0735528313125623,1122.49318177875,1.19826383513158,1.36167991963755,3.06216727037828,20.863339246611,0.0840176572335442
1917,2.54660547937311,0.285196117723274,1.33789234345807,0.0640386071266193,0.0740772313862133,0.0735528313125623,1122.49318177875,1.19826383513158,1.36167991963755,3.06216727037828,20.863339246611,0.0840176572335442
1918,2.54660547937311,0.285196117723274,1.33789234345807,0.0640386071266193,0.0740772313862133,0.0735528313125623,1122.49318177875,1.19826383513158,1.36167991963755,3.06216727037828,20.863339246611,0.0840176572335442
1919,2.54660547937311,0.285196117723274,1.33789234345807,0.0640386071266193,0.0740772313862133,0.0735528313125623,1122.49318177875,1.19826383513158,1.36167991963755,3.06216727037828,20.863339246611,0.0840176572335442
1920,2.54660547937311,0.285196117723274,1.33789234345807,0.0640386071266193,0.0740772313862133,0.0735528313125623,1122.49318177875,1.19826383513158,1.36167991963755,3.06216727037828,20.863339246611,0.0840176572335442
1921,2.54660547937311,0.285196117723274,1.33789234345807,0.0640386071266193,0.0740772313862133,0.0735528313125623,1122.49318177875,1.19826383513158,1.36167991963755,3.06216727037828,20.863339246611,0.0840176572335442
1922,2.54660547937311,0.285196117723274,1.33789234345807,0.0640386071266193,0.0740772313862133,0.0735528313125623,1122.49318177875,1.19826383513158,1.36167991963755,3.06216727037828,20.863339246611,0.0840176572335442
1923,2.54660547937311,0.285196117723274,1.33789234345807,0.0640386071266193,0.0740772313862133,0.0735528313125623,1122.49318177875,1.19826383513158,1.36167991963755,3.06216727037828,20.863339246611,0.0840176572335442
1924,2.54660547937311,0.285196117723274,1.33789234345807,0.0640386071266193,0.0740772313862133,0.0735528313125623,1122.49318177875,1.19826383513158,1.36167991963755,3.06216727037828,20.863339246611,0.0840176572335442
1925,2.54660547937311,0.285196117723274,1.33789234345807,0.0640386071266193,0.0740772313862133,0.0735528313125623,1122.49318177875,1.19826383513158,1.36167991963755,3.06216727037828,20.863339246611,0.0840176572335442
1926,2.54660547937311,0.285196117723274,1.33789234345807,0.0640386071266193,0.0740772313862133,0.0735528313125623,1122.49318177875,1.19826383513158,1.36167991963755,3.06216727037828,20.863339246611,0.0840176572335442
1927,2.54660547937311,0.285196117723274,1.33789234345807,0.0640386071266193,0.0740772313862133,0.0735528313125623,1122.49318177875,1.19826383513158,1.36167991963755,3.06216727037828,20.863339246611,0.0840176572335442
1928,2.54660547937311,0.285196117723274,1.33789234345807,0.0640386071266193,0.0740772313862133,0.0735528313125623,1122.49318177875,1.19826383513158,1.36167991963755,3.06216727037828,20.863339246611,0.0840176572335442
1929,2.54660547937311,0.285196117723274,1.33789234345807,0.0640386071266193,0.0740772313862133,0.0735528313125623,1122.49318177875,1.19826383513158,1.36167991963755,3.06216727037828,20.863339246611,0.0840176572335442
1930,2.54660547937311,0.285196117723274,1.33789234345807,0.0640386071266193,0.0740772313862133,0.0735528313125623,1122.49318177875,1.19826383513158,1.36167991963755,3.06216727037828,20.863339246611,0.0840176572335442
1931,2.54660547937311,0.285196117723274,1.33789234345807,0.0640386071266193,0.0740772313862133,0.0735528313125623,1122.49318177875,1.19826383513158,1.36167991963755,3.06216727037828,20.863339246611,0.0840176572335442
1932,2.54660547937311,0.285196117723274,1.33789234345807,0.0640386071266193,0.0740772313862133,0.0735528313125623,1122.49318177875,1.19826383513158,1.36167991963755,3.06216727037828,20.863339246611,0.0840176572335442
1933,2.54660547937311,0.285196117723274,1.33789234345807,0.0640386071266193,0.0740772313862133,0.0735528313125623,1122.49318177875,1.19826383513158,1.36167991963755,3.06216727037828,20.863339246611,0.0840176572335442
1934,2.54660547937311,0.285196117723274,1.33789234345807,0.0640386071266193,0.0740772313862133,0.0735528313125623,1122.49318177875,1.19826383513158,1.36167991963755,3.06216727037828,20.863339246611,0.0840176572335442
1935,2.54660547937311,0.285196117723274,1.33789234345807,0.0640386071266193,0.0740772313862133,0.0735528313125623,1122.49318177875,1.19826383513158,1.36167991963755,3.06216727037828,20.863339246611,0.0840176572335442
1936,2.54660547937311,0.285196117723274,1.33789234345807,0.0640386071266193,0.0740772313862133,0.0735528313125623,1122.49318177875,1.19826383513158,1.36167991963755,3.06216727037828,20.863339246611,0.0840176572335442
1937,2.54660547937311,0.285196117723274,1.33789234345807,0.0640386071266193,0.0740772313862133,0.0735528313125623,1122.49318177875,1.19826383513158,1.36167991963755,3.06216727037828,20.863339246611,0.0840176572335442
1938,2.54660547937311,0.285196117723274,1.33789234345807,0.0640386071266193,0.0740772313862133,0.0735528313125623,1122.49318177875,1.19826383513158,1.36167991963755,3.06216727037828,20.863339246611,0.0840176572335442
1939,2.54660547937311,0.285196117723274,1.33789234345807,0.0640386071266193,0.0740772313862133,0.0735528313125623,1122.49318177875,1.19826383513158,1.36167991963755,3.06216727037828,20.863339246611,0.0840176572335442
1940,2.54660547937311,0.285196117723274,1.33789234345807,0.0640386071266193,0.0740772313862133,0.0735528313125623,1122.49318177875,1.19826383513158,1.36167991963755,3.06216727037828,20.863339246611,0.0840176572335442
1941,2.54660547937311,0.285196117723274,1.33789234345807,0.0640386071266193,0.0740772313862133,0.0735528313125623,1122.49318177875,1.19826383513158,1.36167991963755,3.06216727037828,20.863339246611,0.0840176572335442
1942,2.54660547937311,0.285196117723274,1.33789234345807,0.0640386071266193,0.0740772313862133,0.0735528313125623,1122.49318177875,1.19826383513158,1.36167991963755,3.06216727037828,20.863339246611,0.0840176572335442
1943,2.54660547937311,0.285196117723274,1.33789234345807,0.0640386071266193,0.0740772313862133,0.0735528313125623,1122.49318177875,1.19826383513158,1.36167991963755,3.06216727037828,20.863339246611,0.0840176572335442
1944,2.54660547937311,0.285196117723274,1.33789234345807,0.0640386071266193,0.0740772313862133,0.0735528313125623,1122.49318177875,1.19826383513158,1.36167991963755,3.06216727037828,20.863339246611,0.0840176572335442
1945,2.54660547937311,0.285196117723274,1.33789234345807,0.0640386071266193,0.0740772313862133,0.0735528313125623,1122.49318177875,1.19826383513158,1.36167991963755,3.06216727037828,20.863339246611,0.0840176572335442
1946,2.54660547937311,0.285196117723274,1.33789234345807,0.0640386071266193,0.0740772313862133,0.0735528313125623,1122.49318177875,1.19826383513158,1.36167991963755,3.06216727037828,20.863339246611,0.0840176572335442
1947,2.54660547937311,0.285196117723274,1.33789234345807,0.0640386071266193,0.0740772313862133,0.0735528313125623,1122.49318177875,1.19826383513158,1.36167991963755,3.06216727037828,20.863339246611,0.0840176572335442
1948,2.54660547937311,0.285196117723274,1.33789234345807,0.0640386071266193,0.0740772313862133,0.0735528313125623,1122.49318177875,1.19826383513158,1.36167991963755,3.06216727037828,20.863339246611,0.0840176572335442
1949,2.54660547937311,0.285196117723274,1.33789234345807,0.0640386071266193,0.0740772313862133,0.0735528313125623,1122.49318177875,1.19826383513158,1.36167991963755,3.06216727037828,20.863339246611,0.0840176572335442
1950,2.54660547937311,0.285196117723274,1.33789234345807,0.0640386071266193,0.0740772313862133,0.0735528313125623,1122.49318177875,1.19826383513158,1.36167991963755,3.06216727037828,20.863339246611,0.0840176572335442
1951,2.54660547937311,0.285196117723274,1.33789234345807,0.0640386071266193,0.0740772313862133,0.0735528313125623,1122.49318177875,1.19826383513158,1.36167991963755,3.06216727037828,20.863339246611,0.0840176572335442
1952,2.54660547937311,0.285196117723274,1.33789234345807,0.0640386071266193,0.0740772313862133,0.0735528313125623,1122.49318177875,1.19826383513158,1.36167991963755,3.06216727037828,20.863339246611,0.0840176572335442
1953,2.54660547937311,0.285196117723274,1.33789234345807,0.0640386071266193,0.0740772313862133,0.0735528313125623,1122.49318177875,1.19826383513158,1.36167991963755,3.06216727037828,20.863339246611,0.0840176572335442
1954,2.54660547937311,0.285196117723274,1.33789234345807,0.0640386071266193,0.0740772313862133,0.0735528313125623,1122.49318177875,1.19826383513158,1.36167991963755,3.06216727037828,20.863339246611,0.0840176572335442
1955,2.54660547937311,0.285196117723274,1.33789234345807,0.0640386071266193,0.0740772313862133,0.0735528313125623,1122.49318177875,1.19826383513158,1.36167991963755,3.06216727037828,20.863339246611,0.0840176572335442
1956,2.54660547937311,0.285196117723274,1.33789234345807,0.0640386071266193,0.0740772313862133,0.0735528313125623,1122.49318177875,1.19826383513158,1.36167991963755,3.06216727037828,20.863339246611,0.0840176572335442
1957,2.54660547937311,0.285196117723274,1.33789234345807,0.0640386071266193,0.0740772313862133,0.0735528313125623,1122.49318177875,1.19826383513158,1.36167991963755,3.06216727037828,20.863339246611,0.0840176572335442
1958,2.54660547937311,0.285196117723274,1.33789234345807,0.0640386071266193,0.0740772313862133,0.0735528313125623,1122.49318177875,1.19826383513158,1.36167991963755,3.06216727037828,20.863339246611,0.0840176572335442
1959,2.54660547937311,0.285196117723274,1.33789234345807,0.0640386071266193,0.0740772313862133,0.0735528313125623,1122.49318177875,1.19826383513158,1.36167991963755,3.06216727037828,20.863339246611,0.0840176572335442
1960,2.54660547937311,0.285196117723274,1.33789234345807,0.0640386071266193,0.0740772313862133,0.0735528313125623,1122.49318177875,1.19826383513158,1.36167991963755,3.06216727037828,20.863339246611,0.0840176572335442
1961,2.54660547937311,0.285196117723274,1.33789234345807,0.0640386071266193,0.0740772313862133,0.0735528313125623,1122.49318177875,1.19826383513158,1.36167991963755,3.06216727037828,20.863339246611,0.0840176572335442
1962,2.54660547937311,0.285196117723274,1.33789234345807,0.0640386071266193,0.0740772313862133,0.0735528313125623,1122.49318177875,1.19826383513158,1.36167991963755,3.06216727037828,20.863339246611,0.0840176572335442
1963,2.54660547937311,0.285196117723274,1.33789234345807,0.0640386071266193,0.0740772313862133,0.0735528313125623,1122.49318177875,1.19826383513158,1.36167991963755,3.06216727037828,20.863339246611,0.0840176572335442
1964,2.54660547937311,0.285196117723274,1.33789234345807,0.0640386071266193,0.0740772313862133,0.0735528313125623,1122.49318177875,1.19826383513158,1.36167991963755,3.06216727037828,20.863339246611,0.0840176572335442
1965,2.54660547937311,0.285196117723274,1.33789234345807,0.0640386071266193,0.0740772313862133,0.0735528313125623,1122.49318177875,1.19826383513158,1.36167991963755,3.06216727037828,20.863339246611,0.0840176572335442
1966,2.54660547937311,0.285196117723274,1.33789234345807,0.0640386071266193,0.0740772313862133,0.0735528313125623,1122.49318177875,1.19826383513158,1.36167991963755,3.06216727037828,20.863339246611,0.0840176572335442
1967,2.54660547937311,0.285196117723274,1.33789234345807,0.0640386071266193,0.0740772313862133,0.0735528313125623,1122.49318177875,1.19826383513158,1.36167991963755,3.06216727037828,20.863339246611,0.0840176572335442
1968,2.54660547937311,0.285196117723274,1.33789234345807,0.0640386071266193,0.0740772313862133,0.0735528313125623,1122.49318177875,1.19826383513158,1.36167991963755,3.06216727037828,20.863339246611,0.0840176572335442
1969,2.54660547937311,0.285196117723274,1.33789234345807,0.0640386071266193,0.0740772313862133,0.0735528313125623,1122.49318177875,1.19826383513158,1.36167991963755,3.06216727037828,20.863339246611,0.0840176572335442
1970,2.54660547937311,0.285196117723274,1.33789234345807,0.0640386071266193,0.0740772313862133,0.0735528313125623,1122.49318177875,1.19826383513158,1.36167991963755,3.06216727037828,20.863339246611,0.0840176572335442
1971,2.54660547937311,0.285196117723274,1.33789234345807,0.0640386071266193,0.0740772313862133,0.0735528313125623,1122.49318177875,1.19826383513158,1.36167991963755,3.06216727037828,20.863339246611,0.0840176572335442
1972,2.54660547937311,0.285196117723274,1.33789234345807,0.0640386071266193,0.0740772313862133,0.0735528313125623,1122.49318177875,1.19826383513158,1.36167991963755,3.06216727037828,20.863339246611,0.0840176572335442
1973,2.54660547937311,0.285196117723274,1.33789234345807,0.0640386071266193,0.0740772313862133,0.0735528313125623,1122.49318177875,1.19826383513158,1.36167991963755,3.06216727037828,20.863339246611,0.0840176572335442
1974,2.54660547937311,0.285196117723274,1.33789234345807,0.0640386071266193,0.0740772313862133,0.0735528313125623,1122.49318177875,1.19826383513158,1.36167991963755,3.06216727037828,20.863339246611,0.0840176572335442
1975,2.54660547937311,0.285196117723274,1.33789234345807,0.0640386071266193,0.0740772313862133,0.0735528313125623,1122.49318177875,1.19826383513158,1.36167991963755,3.06216727037828,20.863339246611,0.0840176572335442
1976,2.54660547937311,0.285196117723274,1.33789234345807,0.0640386071266193,0.0740772313862133,0.0735528313125623,1122.49318177875,1.19826383513158,1.36167991963755,3.06216727037828,20.863339246611,0.0840176572335442
1977,2.54660547937311,0.285196117723274,1.33789234345807,0.0640386071266193,0.0740772313862133,0.0735528313125623,1122.49318177875,1.19826383513158,1.36167991963755,3.06216727037828,20.863339246611,0.0840176572335442
1978,2.54660547937311,0.285196117723274,1.33789234345807,0.0640386071266193,0.0740772313862133,0.0735528313125623,1122.49318177875,1.19826383513158,1.36167991963755,3.06216727037828,20.863339246611,0.0840176572335442
1979,2.54660547937311,0.285196117723274,1.33789234345807,0.0640386071266193,0.0740772313862133,0.0735528313125623,1122.49318177875,1.19826383513158,1.36167991963755,3.06216727037828,20.863339246611,0.0840176572335442
1980,2.54660547937311,0.285196117723274,1.33789234345807,0.0640386071266193,0.0740772313862133,0.0735528313125623,1122.49318177875,1.19826383513158,1.36167991963755,3.06216727037828,20.863339246611,0.0840176572335442
1981,2.54660547937311,0.285196117723274,1.33789234345807,0.0640386071266193,0.0740772313862133,0.0735528313125623,1122.49318177875,1.19826383513158,1.36167991963755,3.06216727037828,20.863339246611,0.0840176572335442
1982,2.54660547937311,0.285196117723274,1.33789234345807,0.0640386071266193,0.0740772313862133,0.0735528313125623,1122.49318177875,1.19826383513158,1.36167991963755,3.06216727037828,20.863339246611,0.0840176572335442
1983,2.54660547937311,0.285196117723274,1.33789234345807,0.0640386071266193,0.0740772313862133,0.0735528313125623,1122.49318177875,1.19826383513158,1.36167991963755,3.06216727037828,20.863339246611,0.0840176572335442
1984,2.54660547937311,0.285196117723274,1.33789234345807,0.0640386071266193,0.0740772313862133,0.0735528313125623,1122.49318177875,1.19826383513158,1.36167991963755,3.06216727037828,20.863339246611,0.0840176572335442
1985,2.54660547937311,0.285196117723274,1.33789234345807,0.0640386071266193,0.0740772313862133,0.0735528313125623,1122.49318177875,1.19826383513158,1.36167991963755,3.06216727037828,20.863339246611,0.0840176572335442
1986,2.54660547937311,0.285196117723274,1.33789234345807,0.0640386071266193,0.0740772313862133,0.0735528313125623,1122.49318177875,1.19826383513158,1.36167991963755,3.06216727037828,20.863339246611,0.0840176572335442
1987,2.54660547937311,0.285196117723274,1.33789234345807,0.0640386071266193,0.0740772313862133,0.0735528313125623,1122.49318177875,1.19826383513158,1.36167991963755,3.06216727037828,20.863339246611,0.0840176572335442
1988,2.54660547937311,0.285196117723274,1.33789234345807,0.0640386071266193,0.0740772313862133,0.0735528313125623,1122.49318177875,1.19826383513158,1.36167991963755,3.06216727037828,20.863339246611,0.0840176572335442
1989,2.54660547937311,0.285196117723274,1.33789234345807,0.0640386071266193,0.0740772313862133,0.0735528313125623,1122.49318177875,1.19826383513158,1.36167991963755,3.06216727037828,20.863339246611,0.0840176572335442
1990,2.54660547937311,0.285196117723274,1.33789234345807,0.0640386071266193,0.0740772313862133,0.0735528313125623,1122.49318177875,1.19826383513158,1.36167991963755,3.06216727037828,20.863339246611,0.0840176572335442
1991,2.54660547937311,0.285196117723274,1.33789234345807,0.0640386071266193,0.0740772313862133,0.0735528313125623,1122.49318177875,1.19826383513158,1.36167991963755,3.06216727037828,20.863339246611,0.0840176572335442
1992,2.54660547937311,0.285196117723274,1.33789234345807,0.0640386071266193,0.0740772313862133,0.0735528313125623,1122.49318177875,1.19826383513158,1.36167991963755,3.06216727037828,20.863339246611,0.0840176572335442
1993,2.54660547937311,0.285196117723274,1.33789234345807,0.0640386071266193,0.0740772313862133,0.0735528313125623,1122.49318177875,1.19826383513158,1.36167991963755,3.06216727037828,20.863339246611,0.0840176572335442
1994,2.54660547937311,0.285196117723274,1.33789234345807,0.0640386071266193,0.0740772313862133,0.0735528313125623,1122.49318177875,1.19826383513158,1.36167991963755,3.06216727037828,20.863339246611,0.0840176572335442
1995,2.54660547937311,0.285196117723274,1.33789234345807,0.0640386071266193,0.0740772313862133,0.0735528313125623,1122.49318177875,1.19826383513158,1.36167991963755,3.06216727037828,20.863339246611,0.0840176572335442
1996,2.54660547937311,0.285196117723274,1.33789234345807,0.0640386071266193,0.0740772313862133,0.0735528313125623,1122.49318177875,1.19826383513158,1.36167991963755,3.06216727037828,20.863339246611,0.0840176572335442
1997,2.54660547937311,0.285196117723274,1.33789234345807,0.0640386071266193,0.0740772313862133,0.0735528313125623,1122.49318177875,1.19826383513158,1.36167991963755,3.06216727037828,20.863339246611,0.0840176572335442
1998,2.54660547937311,0.285196117723274,1.33789234345807,0.0640386071266193,0.0740772313862133,0.0735528313125623,1122.49318177875,1.19826383513158,1.36167991963755,3.06216727037828,20.863339246611,0.0840176572335442
1999,2.54660547937311,0.285196117723274,1.33789234345807,0.0640386071266193,0.0740772313862133,0.0735528313125623,1122.49318177875,1.19826383513158,1.36167991963755,3.06216727037828,20.863339246611,0.0840176572335442
2000,2.54660547937311,0.285196117723274,1.33789234345807,0.0640386071266193,0.0740772313862133,0.0735528313125623,1122.49318177875,1.19826383513158,1.36167991963755,3.06216727037828,20.863339246611,0.0840176572335442
2001,2.54660547937311,0.285196117723274,1.33789234345807,0.0640386071266193,0.0740772313862133,0.0735528313125623,1122.49318177875,1.19826383513158,1.36167991963755,3.06216727037828,20.863339246611,0.0840176572335442
2002,2.54660547937311,0.285196117723274,1.33789234345807,0.0640386071266193,0.0740772313862133,0.0735528313125623,1122.49318177875,1.19826383513158,1.36167991963755,3.06216727037828,20.863339246611,0.0840176572335442
2003,2.54660547937311,0.285196117723274,1.33789234345807,0.0640386071266193,0.0740772313862133,0.0735528313125623,1122.49318177875,1.19826383513158,1.36167991963755,3.06216727037828,20.863339246611,0.0840176572335442
2004,2.54660547937311,0.285196117723274,1.33789234345807,0.0640386071266193,0.0740772313862133,0.0735528313125623,1122.49318177875,1.19826383513158,1.36167991963755,3.06216727037828,20.863339246611,0.0840176572335442
2005,2.54660547937311,0.285196117723274,1.33789234345807,0.0640386071266193,0.0740772313862133,0.0735528313125623,1122.49318177875,1.19826383513158,1.36167991963755,3.06216727037828,20.863339246611,0.0840176572335442
2006,2.54660547937311,0.285196117723274,1.33789234345807,0.0640386071266193,0.0740772313862133,0.0735528313125623,1122.49318177875,1.19826383513158,1.36167991963755,3.06216727037828,20.863339246611,0.0840176572335442
2007,2.54660547937311,0.285196117723274,1.33789234345807,0.0640386071266193,0.0740772313862133,0.0735528313125623,1122.49318177875,1.19826383513158,1.36167991963755,3.06216727037828,20.863339246611,0.0840176572335442
2008,2.54660547937311,0.285196117723274,1.33789234345807,0.0640386071266193,0.0740772313862133,0.0735528313125623,1122.49318177875,1.19826383513158,1.36167991963755,3.06216727037828,20.863339246611,0.0840176572335442
2009,2.54660547937311,0.285196117723274,1.33789234345807,0.0640386071266193,0.0740772313862133,0.0735528313125623,1122.49318177875,1.19826383513158,1.36167991963755,3.06216727037828,20.863339246611,0.0840176572335442
2010,2.54660547937311,0.285196117723274,1.33789234345807,0.0640386071266193,0.0740772313862133,0.0735528313125623,1122.49318177875,1.19826383513158,1.36167991963755,3.06216727037828,20.863339246611,0.0840176572335442
2011,2.54660547937311,0.285196117723274,1.33789234345807,0.0640386071266193,0.0740772313862133,0.0735528313125623,1122.49318177875,1.19826383513158,1.36167991963755,3.06216727037828,20.863339246611,0.0840176572335442
2012,2.54660547937311,0.285196117723274,1.33789234345807,0.0640386071266193,0.0740772313862133,0.0735528313125623,1122.49318177875,1.19826383513158,1.36167991963755,3.06216727037828,20.863339246611,0.0840176572335442
2013,2.54660547937311,0.285196117723274,1.33789234345807,0.0640386071266193,0.0740772313862133,0.0735528313125623,1122.49318177875,1.19826383513158,1.36167991963755,3.06216727037828,20.863339246611,0.0840176572335442
2014,2.54660547937311,0.285196117723274,1.33789234345807,0.0640386071266193,0.0740772313862133,0.0735528313125623,1122.49318177875,1.19826383513158,1.36167991963755,3.06216727037828,20.863339246611,0.0840176572335442
2015,2.55145175913177,0.283672528855196,1.33749485017048,0.0640177680907493,0.0739446884342693,0.073529237209591,1119.8294236557,1.19791842138712,1.35464341935304,3.07009116123549,20.8739499624181,0.0839997745738452
2016,2.55145175913177,0.283672528855196,1.33749485017048,0.0640177680907493,0.0739446884342693,0.073529237209591,1119.8294236557,1.19791842138712,1.35464341935304,3.07009116123549,20.8739499624181,0.0839997745738452
2017,2.55145175913177,0.283672528855196,1.33749485017048,0.0640177680907493,0.0739446884342693,0.073529237209591,1119.8294236557,1.19791842138712,1.35464341935304,3.07009116123549,20.8739499624181,0.0839997745738452
2018,2.55145175913177,0.283672528855196,1.33749485017048,0.0640177680907493,0.0739446884342693,0.073529237209591,1119.8294236557,1.19791842138712,1.35464341935304,3.07009116123549,20.8739499624181,0.0839997745738452
2019,2.55145175913177,0.283672528855196,1.33749485017048,0.0640177680907493,0.0739446884342693,0.073529237209591,1119.8294236557,1.19791842138712,1.35464341935304,3.07009116123549,20.8739499624181,0.0839997745738452
2020,2.55145175913177,0.283672528855196,1.33749485017048,0.0640177680907493,0.0739446884342693,0.073529237209591,1119.8294236557,1.19791842138712,1.35464341935304,3.07009116123549,20.8739499624181,0.0839997745738452
2021,2.55145175913177,0.283672528855196,1.33749485017048,0.0640177680907493,0.0739446884342693,0.073529237209591,1119.8294236557,1.19791842138712,1.35464341935304,3.07009116123549,20.8739499624181,0.0839997745738452
2022,2.55145175913177,0.283672528855196,1.33749485017048,0.0640177680907493,0.0739446884342693,0.073529237209591,1119.8294236557,1.19791842138712,1.35464341935304,3.07009116123549,20.8739499624181,0.0839997745738452
2023,2.55145175913177,0.283672528855196,1.33749485017048,0.0640177680907493,0.0739446884342693,0.073529237209591,1119.8294236557,1.19791842138712,1.35464341935304,3.07009116123549,20.8739499624181,0.0839997745738452
2024,2.55145175913177,0.283672528855196,1.33749485017048,0.0640177680907493,0.0739446884342693,0.073529237209591,1119.8294236557,1.19791842138712,1.35464341935304,3.07009116123549,20.8739499624181,0.0839997745738452
2025,2.55145175913177,0.283672528855196,1.33749485017048,0.0640177680907493,0.0739446884342693,0.073529237209591,1119.8294236557,1.19791842138712,1.35464341935304,3.07009116123549,20.8739499624181,0.0839997745738452
2026,2.55145175913177,0.283672528855196,1.33749485017048,0.0640177680907493,0.0739446884342693,0.073529237209591,1119.8294236557,1.19791842138712,1.35464341935304,3.07009116123549,20.8739499624181,0.0839997745738452
2027,2.55145175913177,0.283672528855196,1.33749485017048,0.0640177680907493,0.0739446884342693,0.073529237209591,1119.8294236557,1.19791842138712,1.35464341935304,3.07009116123549,20.8739499624181,0.0839997745738452
2028,2.55145175913177,0.283672528855196,1.33749485017048,0.0640177680907493,0.0739446884342693,0.073529237209591,1119.8294236557,1.19791842138712,1.35464341935304,3.07009116123549,20.8739499624181,0.0839997745738452
2029,2.55145175913177,0.283672528855196,1.33749485017048,0.0640177680907493,0.0739446884342693,0.073529237209591,1119.8294236557,1.19791842138712,1.35464341935304,3.07009116123549,20.8739499624181,0.0839997745738452
2030,2.55145175913177,0.283672528855196,1.33749485017048,0.0640177680907493,0.0739446884342693,0.073529237209591,1119.8294236557,1.19791842138712,1.35464341935304,3.07009116123549,20.8739499624181,0.0839997745738452
2031,2.55145175913177,0.283672528855196,1.33749485017048,0.0640177680907493,0.0739446884342693,0.073529237209591,1119.8294236557,1.19791842138712,1.35464341935304,3.07009116123549,20.8739499624181,0.0839997745738452
2032,2.55145175913177,0.283672528855196,1.33749485017048,0.0640177680907493,0.0739446884342693,0.073529237209591,1119.8294236557,1.19791842138712,1.35464341935304,3.07009116123549,20.8739499624181,0.0839997745738452
2033,2.55145175913177,0.283672528855196,1.33749485017048,0.0640177680907493,0.0739446884342693,0.073529237209591,1119.8294236557,1.19791842138712,1.35464341935304,3.07009116123549,20.8739499624181,0.0839997745738452
2034,2.55145175913177,0.283672528855196,1.33749485017048,0.0640177680907493,0.0739446884342693,0.073529237209591,1119.8294236557,1.19791842138712,1.35464341935304,3.07009116123549,20.8739499624181,0.0839997745738452
2035,2.55145175913177,0.283672528855196,1.33749485017048,0.0640177680907493,0.0739446884342693,0.073529237209591,1119.8294236557,1.19791842138712,1.35464341935304,3.07009116123549,20.8739499624181,0.0839997745738452
2036,2.55145175913177,0.283672528855196,1.33749485017048,0.0640177680907493,0.0739446884342693,0.073529237209591,1119.8294236557,1.19791842138712,1.35464341935304,3.07009116123549,20.8739499624181,0.0839997745738452
2037,2.55145175913177,0.283672528855196,1.33749485017048,0.0640177680907493,0.0739446884342693,0.073529237209591,1119.8294236557,1.19791842138712,1.35464341935304,3.07009116123549,20.8739499624181,0.0839997745738452
2038,2.55145175913177,0.283672528855196,1.33749485017048,0.0640177680907493,0.0739446884342693,0.073529237209591,1119.8294236557,1.19791842138712,1.35464341935304,3.07009116123549,20.8739499624181,0.0839997745738452
2039,2.55145175913177,0.283672528855196,1.33749485017048,0.0640177680907493,0.0739446884342693,0.073529237209591,1119.8294236557,1.19791842138712,1.35464341935304,3.07009116123549,20.8739499624181,0.0839997745738452
2040,2.55145175913177,0.283672528855196,1.33749485017048,0.0640177680907493,0.0739446884342693,0.073529237209591,1119.8294236557,1.19791842138712,1.35464341935304,3.07009116123549,20.8739499624181,0.0839997745738452
2041,2.55145175913177,0.283672528855196,1.33749485017048,0.0640177680907493,0.0739446884342693,0.073529237209591,1119.8294236557,1.19791842138712,1.35464341935304,3.07009116123549,20.8739499624181,0.0839997745738452
2042,2.55145175913177,0.283672528855196,1.33749485017048,0.0640177680907493,0.0739446884342693,0.073529237209591,1119.8294236557,1.19791842138712,1.35464341935304,3.07009116123549,20.8739499624181,0.0839997745738452
2043,2.55145175913177,0.283672528855196,1.33749485017048,0.0640177680907493,0.0739446884342693,0.073529237209591,1119.8294236557,1.19791842138712,1.35464341935304,3.07009116123549,20.8739499624181,0.0839997745738452
2044,2.55145175913177,0.283672528855196,1.33749485017048,0.0640177680907493,0.0739446884342693,0.073529237209591,1119.8294236557,1.19791842138712,1.35464341935304,3.07009116123549,20.8739499624181,0.0839997745738452
2045,2.55145175913177,0.283672528855196,1.33749485017048,0.0640177680907493,0.0739446884342693,0.073529237209591,1119.8294236557,1.19791842138712,1.35464341935304,3.07009116123549,20.8739499624181,0.0839997745738452
2046,2.55145175913177,0.283672528855196,1.33749485017048,0.0640177680907493,0.0739446884342693,0.073529237209591,1119.8294236557,1.19791842138712,1.35464341935304,3.07009116123549,20.8739499624181,0.0839997745738452
2047,2.55145175913177,0.283672528855196,1.33749485017048,0.0640177680907493,0.0739446884342693,0.073529237209591,1119.8294236557,1.19791842138712,1.35464341935304,3.07009116123549,20.8739499624181,0.0839997745738452
2048,2.55145175913177,0.283672528855196,1.33749485017048,0.0640177680907493,0.0739446884342693,0.073529237209591,1119.8294236557,1.19791842138712,1.35464341935304,3.07009116123549,20.8739499624181,0.0839997745738452
2049,2.55145175913177,0.283672528855196,1.33749485017048,0.0640177680907493,0.0739446884342693,0.073529237209591,1119.8294236557,1.19791842138712,1.35464341935304,3.07009116123549,20.8739499624181,0.0839997745738452
2050,2.55145175913177,0.283672528855196,1.33749485017048,0.0640177680907493,0.0739446884342693,0.073529237209591,1119.8294236557,1.19791842138712,1.35464341935304,3.07009116123549,20.8739499624181,0.0839997745738452
2051,2.55145175913177,0.283672528855196,1.33749485017048,0.0640177680907493,0.0739446884342693,0.073529237209591,1119.8294236557,1.19791842138712,1.35464341935304,3.07009116123549,20.8739499624181,0.0839997745738452
2052,2.55145175913177,0.283672528855196,1.33749485017048,0.0640177680907493,0.0739446884342693,0.073529237209591,1119.8294236557,1.19791842138712,1.35464341935304,3.07009116123549,20.8739499624181,0.0839997745738452
2053,2.55145175913177,0.283672528855196,1.33749485017048,0.0640177680907493,0.0739446884342693,0.073529237209591,1119.8294236557,1.19791842138712,1.35464341935304,3.07009116123549,20.8739499624181,0.0839997745738452
2054,2.55145175913177,0.283672528855196,1.33749485017048,0.0640177680907493,0.0739446884342693,0.073529237209591,1119.8294236557,1.19791842138712,1.35464341935304,3.07009116123549,20.8739499624181,0.0839997745738452
2055,2.55145175913177,0.283672528855196,1.33749485017048,0.0640177680907493,0.0739446884342693,0.073529237209591,1119.8294236557,1.19791842138712,1.35464341935304,3.07009116123549,20.8739499624181,0.0839997745738452
2056,2.55145175913177,0.283672528855196,1.33749485017048,0.0640177680907493,0.0739446884342693,0.073529237209591,1119.8294236557,1.19791842138712,1.35464341935304,3.07009116123549,20.8739499624181,0.0839997745738452
2057,2.55145175913177,0.283672528855196,1.33749485017048,0.0640177680907493,0.0739446884342693,0.073529237209591,1119.8294236557,1.19791842138712,1.35464341935304,3.07009116123549,20.8739499624181,0.0839997745738452
2058,2.55145175913177,0.283672528855196,1.33749485017048,0.0640177680907493,0.0739446884342693,0.073529237209591,1119.8294236557,1.19791842138712,1.35464341935304,3.07009116123549,20.8739499624181,0.0839997745738452
2059,2.55145175913177,0.283672528855196,1.33749485017048,0.0640177680907493,0.0739446884342693,0.073529237209591,1119.8294236557,1.19791842138712,1.35464341935304,3.07009116123549,20.8739499624181,0.0839997745738452
2060,2.55145175913177,0.283672528855196,1.33749485017048,0.0640177680907493,0.0739446884342693,0.073529237209591,1119.8294236557,1.19791842138712,1.35464341935304,3.07009116123549,20.8739499624181,0.0839997745738452
2061,2.55145175913177,0.283672528855196,1.33749485017048,0.0640177680907493,0.0739446884342693,0.073529237209591,1119.8294236557,1.19791842138712,1.35464341935304,3.07009116123549,20.8739499624181,0.0839997745738452
2062,2.55145175913177,0.283672528855196,1.33749485017048,0.0640177680907493,0.0739446884342693,0.073529237209591,1119.8294236557,1.19791842138712,1.35464341935304,3.07009116123549,20.8739499624181,0.0839997745738452
2063,2.55145175913177,0.283672528855196,1.33749485017048,0.0640177680907493,0.0739446884342693,0.073529237209591,1119.8294236557,1.19791842138712,1.35464341935304,3.07009116123549,20.8739499624181,0.0839997745738452
2064,2.55145175913177,0.283672528855196,1.33749485017048,0.0640177680907493,0.0739446884342693,0.073529237209591,1119.8294236557,1.19791842138712,1.35464341935304,3.07009116123549,20.8739499624181,0.0839997745738452
2065,2.55145175913177,0.283672528855196,1.33749485017048,0.0640177680907493,0.0739446884342693,0.073529237209591,1119.8294236557,1.19791842138712,1.35464341935304,3.07009116123549,20.8739499624181,0.0839997745738452
2066,2.55145175913177,0.283672528855196,1.33749485017048,0.0640177680907493,0.0739446884342693,0.073529237209591,1119.8294236557,1.19791842138712,1.35464341935304,3.07009116123549,20.8739499624181,0.0839997745738452
2067,2.55145175913177,0.283672528855196,1.33749485017048,0.0640177680907493,0.0739446884342693,0.073529237209591,1119.8294236557,1.19791842138712,1.35464341935304,3.07009116123549,20.8739499624181,0.0839997745738452
2068,2.55145175913177,0.283672528855196,1.33749485017048,0.0640177680907493,0.0739446884342693,0.073529237209591,1119.8294236557,1.19791842138712,1.35464341935304,3.07009116123549,20.8739499624181,0.0839997745738452
2069,2.55145175913177,0.283672528855196,1.33749485017048,0.0640177680907493,0.0739446884342693,0.073529237209591,1119.8294236557,1.19791842138712,1.35464341935304,3.07009116123549,20.8739499624181,0.0839997745738452
2070,2.55145175913177,0.283672528855196,1.33749485017048,0.0640177680907493,0.0739446884342693,0.073529237209591,1119.8294236557,1.19791842138712,1.35464341935304,3.07009116123549,20.8739499624181,0.0839997745738452
2071,2.55145175913177,0.283672528855196,1.33749485017048,0.0640177680907493,0.0739446884342693,0.073529237209591,1119.8294236557,1.19791842138712,1.35464341935304,3.07009116123549,20.8739499624181,0.0839997745738452
2072,2.55145175913177,0.283672528855196,1.33749485017048,0.0640177680907493,0.0739446884342693,0.073529237209591,1119.8294236557,1.19791842138712,1.35464341935304,3.07009116123549,20.8739499624181,0.0839997745738452
2073,2.55145175913177,0.283672528855196,1.33749485017048,0.0640177680907493,0.0739446884342693,0.073529237209591,1119.8294236557,1.19791842138712,1.35464341935304,3.07009116123549,20.8739499624181,0.0839997745738452
2074,2.55145175913177,0.283672528855196,1.33749485017048,0.0640177680907493,0.0739446884342693,0.073529237209591,1119.8294236557,1.19791842138712,1.35464341935304,3.07009116123549,20.8739499624181,0.0839997745738452
2075,2.55145175913177,0.283672528855196,1.33749485017048,0.0640177680907493,0.0739446884342693,0.073529237209591,1119.8294236557,1.19791842138712,1.35464341935304,3.07009116123549,20.8739499624181,0.0839997745738452
2076,2.55145175913177,0.283672528855196,1.33749485017048,0.0640177680907493,0.0739446884342693,0.073529237209591,1119.8294236557,1.19791842138712,1.35464341935304,3.07009116123549,20.8739499624181,0.0839997745738452
2077,2.55145175913177,0.283672528855196,1.33749485017048,0.0640177680907493,0.0739446884342693,0.073529237209591,1119.8294236557,1.19791842138712,1.35464341935304,3.07009116123549,20.8739499624181,0.0839997745738452
2078,2.55145175913177,0.283672528855196,1.33749485017048,0.0640177680907493,0.0739446884342693,0.073529237209591,1119.8294236557,1.19791842138712,1.35464341935304,3.07009116123549,20.8739499624181,0.0839997745738452
2079,2.55145175913177,0.283672528855196,1.33749485017048,0.0640177680907493,0.0739446884342693,0.073529237209591,1119.8294236557,1.19791842138712,1.35464341935304,3.07009116123549,20.8739499624181,0.0839997745738452
2080,2.55145175913177,0.283672528855196,1.33749485017048,0.0640177680907493,0.0739446884342693,0.073529237209591,1119.8294236557,1.19791842138712,1.35464341935304,3.07009116123549,20.8739499624181,0.0839997745738452
2081,2.55145175913177,0.283672528855196,1.33749485017048,0.0640177680907493,0.0739446884342693,0.073529237209591,1119.8294236557,1.19791842138712,1.35464341935304,3.07009116123549,20.8739499624181,0.0839997745738452
2082,2.55145175913177,0.283672528855196,1.33749485017048,0.0640177680907493,0.0739446884342693,0.073529237209591,1119.8294236557,1.19791842138712,1.35464341935304,3.07009116123549,20.8739499624181,0.0839997745738452
2083,2.55145175913177,0.283672528855196,1.33749485017048,0.0640177680907493,0.0739446884342693,0.073529237209591,1119.8294236557,1.19791842138712,1.35464341935304,3.07009116123549,20.8739499624181,0.0839997745738452
2084,2.55145175913177,0.283672528855196,1.33749485017048,0.0640177680907493,0.0739446884342693,0.073529237209591,1119.8294236557,1.19791842138712,1.35464341935304,3.07009116123549,20.8739499624181,0.0839997745738452
2085,2.55145175913177,0.283672528855196,1.33749485017048,0.0640177680907493,0.0739446884342693,0.073529237209591,1119.8294236557,1.19791842138712,1.35464341935304,3.07009116123549,20.8739499624181,0.0839997745738452
2086,2.55145175913177,0.283672528855196,1.33749485017048,0.0640177680907493,0.0739446884342693,0.073529237209591,1119.8294236557,1.19791842138712,1.35464341935304,3.07009116123549,20.8739499624181,0.0839997745738452
2087,2.55145175913177,0.283672528855196,1.33749485017048,0.0640177680907493,0.0739446884342693,0.073529237209591,1119.8294236557,1.19791842138712,1.35464341935304,3.07009116123549,20.8739499624181,0.0839997745738452
2088,2.55145175913177,0.283672528855196,1.33749485017048,0.0640177680907493,0.0739446884342693,0.073529237209591,1119.8294236557,1.19791842138712,1.35464341935304,3.07009116123549,20.8739499624181,0.0839997745738452
2089,2.55145175913177,0.283672528855196,1.33749485017048,0.0640177680907493,0.0739446884342693,0.073529237209591,1119.8294236557,1.19791842138712,1.35464341935304,3.07009116123549,20.8739499624181,0.0839997745738452
2090,2.55145175913177,0.283672528855196,1.33749485017048,0.0640177680907493,0.0739446884342693,0.073529237209591,1119.8294236557,1.19791842138712,1.35464341935304,3.07009116123549,20.8739499624181,0.0839997745738452
2091,2.55145175913177,0.283672528855196,1.33749485017048,0.0640177680907493,0.0739446884342693,0.073529237209591,1119.8294236557,1.19791842138712,1.35464341935304,3.07009116123549,20.8739499624181,0.0839997745738452
2092,2.55145175913177,0.283672528855196,1.33749485017048,0.0640177680907493,0.0739446884342693,0.073529237209591,1119.8294236557,1.19791842138712,1.35464341935304,3.07009116123549,20.8739499624181,0.0839997745738452
2093,2.55145175913177,0.283672528855196,1.33749485017048,0.0640177680907493,0.0739446884342693,0.073529237209591,1119.8294236557,1.19791842138712,1.35464341935304,3.07009116123549,20.8739499624181,0.0839997745738452
2094,2.55145175913177,0.283672528855196,1.33749485017048,0.0640177680907493,0.0739446884342693,0.073529237209591,1119.8294236557,1.19791842138712,1.35464341935304,3.07009116123549,20.8739499624181,0.0839997745738452
2095,2.55145175913177,0.283672528855196,1.33749485017048,0.0640177680907493,0.0739446884342693,0.073529237209591,1119.8294236557,1.19791842138712,1.35464341935304,3.07009116123549,20.8739499624181,0.0839997745738452
2096,2.55145175913177,0.283672528855196,1.33749485017048,0.0640177680907493,0.0739446884342693,0.073529237209591,1119.8294236557,1.19791842138712,1.35464341935304,3.07009116123549,20.8739499624181,0.0839997745738452
2097,2.55145175913177,0.283672528855196,1.33749485017048,0.0640177680907493,0.0739446884342693,0.073529237209591,1119.8294236557,1.19791842138712,1.35464341935304,3.07009116123549,20.8739499624181,0.0839997745738452
2098,2.55145175913177,0.283672528855196,1.33749485017048,0.0640177680907493,0.0739446884342693,0.073529237209591,1119.8294236557,1.19791842138712,1.35464341935304,3.07009116123549,20.8739499624181,0.0839997745738452
2099,2.55145175913177,0.283672528855196,1.33749485017048,0.0640177680907493,0.0739446884342693,0.073529237209591,1119.8294236557,1.19791842138712,1.35464341935304,3.07009116123549,20.8739499624181,0.0839997745738452
2100,2.55145175913177,0.283672528855196,1.33749485017048,0.0640177680907493,0.0739446884342693,0.073529237209591,1119.8294236557,1.19791842138712,1.35464341935304,3.07009116123549,20.8739499624181,0.0839997745738452
2101,2.55145175913177,0.283672528855196,1.33749485017048,0.0640177680907493,0.0739446884342693,0.073529237209591,1119.8294236557,1.19791842138712,1.35464341935304,3.07009116123549,20.8739499624181,0.0839997745738452
2102,2.55145175913177,0.283672528855196,1.33749485017048,0.0640177680907493,0.0739446884342693,0.073529237209591,1119.8294236557,1.19791842138712,1.35464341935304,3.07009116123549,20.8739499624181,0.0839997745738452
2103,2.55145175913177,0.283672528855196,1.33749485017048,0.0640177680907493,0.0739446884342693,0.073529237209591,1119.8294236557,1.19791842138712,1.35464341935304,3.07009116123549,20.8739499624181,0.0839997745738452
2104,2.55145175913177,0.283672528855196,1.33749485017048,0.0640177680907493,0.0739446884342693,0.073529237209591,1119.8294236557,1.19791842138712,1.35464341935304,3.07009116123549,20.8739499624181,0.0839997745738452
2105,2.55145175913177,0.283672528855196,1.33749485017048,0.0640177680907493,0.0739446884342693,0.073529237209591,1119.8294236557,1.19791842138712,1.35464341935304,3.07009116123549,20.8739499624181,0.0839997745738452
2106,2.55145175913177,0.283672528855196,1.33749485017048,0.0640177680907493,0.0739446884342693,0.073529237209591,1119.8294236557,1.19791842138712,1.35464341935304,3.07009116123549,20.8739499624181,0.0839997745738452
2107,2.55145175913177,0.283672528855196,1.33749485017048,0.0640177680907493,0.0739446884342693,0.073529237209591,1119.8294236557,1.19791842138712,1.35464341935304,3.07009116123549,20.8739499624181,0.0839997745738452
2108,2.55145175913177,0.283672528855196,1.33749485017048,0.0640177680907493,0.0739446884342693,0.073529237209591,1119.8294236557,1.19791842138712,1.35464341935304,3.07009116123549,20.8739499624181,0.0839997745738452
2109,2.55145175913177,0.283672528855196,1.33749485017048,0.0640177680907493,0.0739446884342693,0.073529237209591,1119.8294236557,1.19791842138712,1.35464341935304,3.07009116123549,20.8739499624181,0.0839997745738452
2110,2.55145175913177,0.283672528855196,1.33749485017048,0.0640177680907493,0.0739446884342693,0.073529237209591,1119.8294236557,1.19791842138712,1.35464341935304,3.07009116123549,20.8739499624181,0.0839997745738452
2111,2.55145175913177,0.283672528855196,1.33749485017048,0.0640177680907493,0.0739446884342693,0.073529237209591,1119.8294236557,1.19791842138712,1.35464341935304,3.07009116123549,20.8739499624181,0.0839997745738452
2112,2.55145175913177,0.283672528855196,1.33749485017048,0.0640177680907493,0.0739446884342693,0.073529237209591,1119.8294236557,1.19791842138712,1.35464341935304,3.07009116123549,20.8739499624181,0.0839997745738452
2113,2.55145175913177,0.283672528855196,1.33749485017048,0.0640177680907493,0.0739446884342693,0.073529237209591,1119.8294236557,1.19791842138712,1.35464341935304,3.07009116123549,20.8739499624181,0.0839997745738452
2114,2.55145175913177,0.283672528855196,1.33749485017048,0.0640177680907493,0.0739446884342693,0.073529237209591,1119.8294236557,1.19791842138712,1.35464341935304,3.07009116123549,20.8739499624181,0.0839997745738452
2115,2.55145175913177,0.283672528855196,1.33749485017048,0.0640177680907493,0.0739446884342693,0.073529237209591,1119.8294236557,1.19791842138712,1.35464341935304,3.07009116123549,20.8739499624181,0.0839997745738452
2116,2.55145175913177,0.283672528855196,1.33749485017048,0.0640177680907493,0.0739446884342693,0.073529237209591,1119.8294236557,1.19791842138712,1.35464341935304,3.07009116123549,20.8739499624181,0.0839997745738452
2117,2.55145175913177,0.283672528855196,1.33749485017048,0.0640177680907493,0.0739446884342693,0.073529237209591,1119.8294236557,1.19791842138712,1.35464341935304,3.07009116123549,20.8739499624181,0.0839997745738452
2118,2.55145175913177,0.283672528855196,1.33749485017048,0.0640177680907493,0.0739446884342693,0.073529237209591,1119.8294236557,1.19791842138712,1.35464341935304,3.07009116123549,20.8739499624181,0.0839997745738452
2119,2.55145175913177,0.283672528855196,1.33749485017048,0.0640177680907493,0.0739446884342693,0.073529237209591,1119.8294236557,1.19791842138712,1.35464341935304,3.07009116123549,20.8739499624181,0.0839997745738452
2120,2.55145175913177,0.283672528855196,1.33749485017048,0.0640177680907493,0.0739446884342693,0.073529237209591,1119.8294236557,1.19791842138712,1.35464341935304,3.07009116123549,20.8739499624181,0.0839997745738452
2121,2.55145175913177,0.283672528855196,1.33749485017048,0.0640177680907493,0.0739446884342693,0.073529237209591,1119.8294236557,1.19791842138712,1.35464341935304,3.07009116123549,20.8739499624181,0.0839997745738452
2122,2.55145175913177,0.283672528855196,1.33749485017048,0.0640177680907493,0.0739446884342693,0.073529237209591,1119.8294236557,1.19791842138712,1.35464341935304,3.07009116123549,20.8739499624181,0.0839997745738452
2123,2.55145175913177,0.283672528855196,1.33749485017048,0.0640177680907493,0.0739446884342693,0.073529237209591,1119.8294236557,1.19791842138712,1.35464341935304,3.07009116123549,20.8739499624181,0.0839997745738452
2124,2.55145175913177,0.283672528855196,1.33749485017048,0.0640177680907493,0.0739446884342693,0.073529237209591,1119.8294236557,1.19791842138712,1.35464341935304,3.07009116123549,20.8739499624181,0.0839997745738452
2125,2.55145175913177,0.283672528855196,1.33749485017048,0.0640177680907493,0.0739446884342693,0.073529237209591,1119.8294236557,1.19791842138712,1.35464341935304,3.07009116123549,20.8739499624181,0.0839997745738452
2126,2.55145175913177,0.283672528855196,1.33749485017048,0.0640177680907493,0.0739446884342693,0.073529237209591,1119.8294236557,1.19791842138712,1.35464341935304,3.07009116123549,20.8739499624181,0.0839997745738452
2127,2.55145175913177,0.283672528855196,1.33749485017048,0.0640177680907493,0.0739446884342693,0.073529237209591,1119.8294236557,1.19791842138712,1.35464341935304,3.07009116123549,20.8739499624181,0.0839997745738452
2128,2.55145175913177,0.283672528855196,1.33749485017048,0.0640177680907493,0.0739446884342693,0.073529237209591,1119.8294236557,1.19791842138712,1.35464341935304,3.07009116123549,20.8739499624181,0.0839997745738452
2129,2.55145175913177,0.283672528855196,1.33749485017048,0.0640177680907493,0.0739446884342693,0.073529237209591,1119.8294236557,1.19791842138712,1.35464341935304,3.07009116123549,20.8739499624181,0.0839997745738452
2130,2.55145175913177,0.283672528855196,1.33749485017048,0.0640177680907493,0.0739446884342693,0.073529237209591,1119.8294236557,1.19791842138712,1.35464341935304,3.07009116123549,20.8739499624181,0.0839997745738452
2131,2.55145175913177,0.283672528855196,1.33749485017048,0.0640177680907493,0.0739446884342693,0.073529237209591,1119.8294236557,1.19791842138712,1.35464341935304,3.07009116123549,20.8739499624181,0.0839997745738452
2132,2.55145175913177,0.283672528855196,1.33749485017048,0.0640177680907493,0.0739446884342693,0.073529237209591,1119.8294236557,1.19791842138712,1.35464341935304,3.07009116123549,20.8739499624181,0.0839997745738452
2133,2.55145175913177,0.283672528855196,1.33749485017048,0.0640177680907493,0.0739446884342693,0.073529237209591,1119.8294236557,1.19791842138712,1.35464341935304,3.07009116123549,20.8739499624181,0.0839997745738452
2134,2.55145175913177,0.283672528855196,1.33749485017048,0.0640177680907493,0.0739446884342693,0.073529237209591,1119.8294236557,1.19791842138712,1.35464341935304,3.07009116123549,20.8739499624181,0.0839997745738452
2135,2.55145175913177,0.283672528855196,1.33749485017048,0.0640177680907493,0.0739446884342693,0.073529237209591,1119.8294236557,1.19791842138712,1.35464341935304,3.07009116123549,20.8739499624181,0.0839997745738452
2136,2.55145175913177,0.283672528855196,1.33749485017048,0.0640177680907493,0.0739446884342693,0.073529237209591,1119.8294236557,1.19791842138712,1.35464341935304,3.07009116123549,20.8739499624181,0.0839997745738452
2137,2.55145175913177,0.283672528855196,1.33749485017048,0.0640177680907493,0.0739446884342693,0.073529237209591,1119.8294236557,1.19791842138712,1.35464341935304,3.07009116123549,20.8739499624181,0.0839997745738452
2138,2.55145175913177,0.283672528855196,1.33749485017048,0.0640177680907493,0.0739446884342693,0.073529237209591,1119.8294236557,1.19791842138712,1.35464341935304,3.07009116123549,20.8739499624181,0.0839997745738452
2139,2.55145175913177,0.283672528855196,1.33749485017048,0.0640177680907493,0.0739446884342693,0.073529237209591,1119.8294236557,1.19791842138712,1.35464341935304,3.07009116123549,20.8739499624181,0.0839997745738452
2140,2.55145175913177,0.283672528855196,1.33749485017048,0.0640177680907493,0.0739446884342693,0.073529237209591,1119.8294236557,1.19791842138712,1.35464341935304,3.07009116123549,20.8739499624181,0.0839997745738452
2141,2.55145175913177,0.283672528855196,1.33749485017048,0.0640177680907493,0.0739446884342693,0.073529237209591,1119.8294236557,1.19791842138712,1.35464341935304,3.07009116123549,20.8739499624181,0.0839997745738452
2142,2.55145175913177,0.283672528855196,1.33749485017048,0.0640177680907493,0.0739446884342693,0.073529237209591,1119.8294236557,1.19791842138712,1.35464341935304,3.07009116123549,20.8739499624181,0.0839997745738452
2143,2.55145175913177,0.283672528855196,1.33749485017048,0.0640177680907493,0.0739446884342693,0.073529237209591,1119.8294236557,1.19791842138712,1.35464341935304,3.07009116123549,20.8739499624181,0.0839997745738452
2144,2.55145175913177,0.283672528855196,1.33749485017048,0.0640177680907493,0.0739446884342693,0.073529237209591,1119.8294236557,1.19791842138712,1.35464341935304,3.07009116123549,20.8739499624181,0.0839997745738452
2145,2.55145175913177,0.283672528855196,1.33749485017048,0.0640177680907493,0.0739446884342693,0.073529237209591,1119.8294236557,1.19791842138712,1.35464341935304,3.07009116123549,20.8739499624181,0.0839997745738452
2146,2.55145175913177,0.283672528855196,1.33749485017048,0.0640177680907493,0.0739446884342693,0.073529237209591,1119.8294236557,1.19791842138712,1.35464341935304,3.07009116123549,20.8739499624181,0.0839997745738452
2147,2.55145175913177,0.283672528855196,1.33749485017048,0.0640177680907493,0.0739446884342693,0.073529237209591,1119.8294236557,1.19791842138712,1.35464341935304,3.07009116123549,20.8739499624181,0.0839997745738452
2148,2.55145175913177,0.283672528855196,1.33749485017048,0.0640177680907493,0.0739446884342693,0.073529237209591,1119.8294236557,1.19791842138712,1.35464341935304,3.07009116123549,20.8739499624181,0.0839997745738452
2149,2.55145175913177,0.283672528855196,1.33749485017048,0.0640177680907493,0.0739446884342693,0.073529237209591,1119.8294236557,1.19791842138712,1.35464341935304,3.07009116123549,20.8739499624181,0.0839997745738452
2150,2.55145175913177,0.283672528855196,1.33749485017048,0.0640177680907493,0.0739446884342693,0.073529237209591,1119.8294236557,1.19791842138712,1.35464341935304,3.07009116123549,20.8739499624181,0.0839997745738452
2151,2.55145175913177,0.283672528855196,1.33749485017048,0.0640177680907493,0.0739446884342693,0.073529237209591,1119.8294236557,1.19791842138712,1.35464341935304,3.07009116123549,20.8739499624181,0.0839997745738452
2152,2.55145175913177,0.283672528855196,1.33749485017048,0.0640177680907493,0.0739446884342693,0.073529237209591,1119.8294236557,1.19791842138712,1.35464341935304,3.07009116123549,20.8739499624181,0.0839997745738452
2153,2.55145175913177,0.283672528855196,1.33749485017048,0.0640177680907493,0.0739446884342693,0.073529237209591,1119.8294236557,1.19791842138712,1.35464341935304,3.07009116123549,20.8739499624181,0.0839997745738452
2154,2.55145175913177,0.283672528855196,1.33749485017048,0.0640177680907493,0.0739446884342693,0.073529237209591,1119.8294236557,1.19791842138712,1.35464341935304,3.07009116123549,20.8739499624181,0.0839997745738452
2155,2.55145175913177,0.283672528855196,1.33749485017048,0.0640177680907493,0.0739446884342693,0.073529237209591,1119.8294236557,1.19791842138712,1.35464341935304,3.07009116123549,20.8739499624181,0.0839997745738452
2156,2.55145175913177,0.283672528855196,1.33749485017048,0.0640177680907493,0.0739446884342693,0.073529237209591,1119.8294236557,1.19791842138712,1.35464341935304,3.07009116123549,20.8739499624181,0.0839997745738452
2157,2.55145175913177,0.283672528855196,1.33749485017048,0.0640177680907493,0.0739446884342693,0.073529237209591,1119.8294236557,1.19791842138712,1.35464341935304,3.07009116123549,20.8739499624181,0.0839997745738452
2158,2.55145175913177,0.283672528855196,1.33749485017048,0.0640177680907493,0.0739446884342693,0.073529237209591,1119.8294236557,1.19791842138712,1.35464341935304,3.07009116123549,20.8739499624181,0.0839997745738452
2159,2.55145175913177,0.283672528855196,1.33749485017048,0.0640177680907493,0.0739446884342693,0.073529237209591,1119.8294236557,1.19791842138712,1.35464341935304,3.07009116123549,20.8739499624181,0.0839997745738452
2160,2.55145175913177,0.283672528855196,1.33749485017048,0.0640177680907493,0.0739446884342693,0.073529237209591,1119.8294236557,1.19791842138712,1.35464341935304,3.07009116123549,20.8739499624181,0.0839997745738452
2161,2.55145175913177,0.283672528855196,1.33749485017048,0.0640177680907493,0.0739446884342693,0.073529237209591,1119.8294236557,1.19791842138712,1.35464341935304,3.07009116123549,20.8739499624181,0.0839997745738452
2162,2.55145175913177,0.283672528855196,1.33749485017048,0.0640177680907493,0.0739446884342693,0.073529237209591,1119.8294236557,1.19791842138712,1.35464341935304,3.07009116123549,20.8739499624181,0.0839997745738452
2163,2.55145175913177,0.283672528855196,1.33749485017048,0.0640177680907493,0.0739446884342693,0.073529237209591,1119.8294236557,1.19791842138712,1.35464341935304,3.07009116123549,20.8739499624181,0.0839997745738452
2164,2.55145175913177,0.283672528855196,1.33749485017048,0.0640177680907493,0.0739446884342693,0.073529237209591,1119.8294236557,1.19791842138712,1.35464341935304,3.07009116123549,20.8739499624181,0.0839997745738452
2165,2.55145175913177,0.283672528855196,1.33749485017048,0.0640177680907493,0.0739446884342693,0.073529237209591,1119.8294236557,1.19791842138712,1.35464341935304,3.07009116123549,20.8739499624181,0.0839997745738452
2166,2.55145175913177,0.283672528855196,1.33749485017048,0.0640177680907493,0.0739446884342693,0.073529237209591,1119.8294236557,1.19791842138712,1.35464341935304,3.07009116123549,20.8739499624181,0.0839997745738452
2167,2.55145175913177,0.283672528855196,1.33749485017048,0.0640177680907493,0.0739446884342693,0.073529237209591,1119.8294236557,1.19791842138712,1.35464341935304,3.07009116123549,20.8739499624181,0.0839997745738452
2168,2.55145175913177,0.283672528855196,1.33749485017048,0.0640177680907493,0.0739446884342693,0.073529237209591,1119.8294236557,1.19791842138712,1.35464341935304,3.07009116123549,20.8739499624181,0.0839997745738452
2169,2.55145175913177,0.283672528855196,1.33749485017048,0.0640177680907493,0.0739446884342693,0.073529237209591,1119.8294236557,1.19791842138712,1.35464341935304,3.07009116123549,20.8739499624181,0.0839997745738452
2170,2.55145175913177,0.283672528855196,1.33749485017048,0.0640177680907493,0.0739446884342693,0.073529237209591,1119.8294236557,1.19791842138712,1.35464341935304,3.07009116123549,20.8739499624181,0.0839997745738452
2171,2.55145175913177,0.283672528855196,1.33749485017048,0.0640177680907493,0.0739446884342693,0.073529237209591,1119.8294236557,1.19791842138712,1.35464341935304,3.07009116123549,20.8739499624181,0.0839997745738452
2172,2.55145175913177,0.283672528855196,1.33749485017048,0.0640177680907493,0.0739446884342693,0.073529237209591,1119.8294236557,1.19791842138712,1.35464341935304,3.07009116123549,20.8739499624181,0.0839997745738452
2173,2.55145175913177,0.283672528855196,1.33749485017048,0.0640177680907493,0.0739446884342693,0.073529237209591,1119.8294236557,1.19791842138712,1.35464341935304,3.07009116123549,20.8739499624181,0.0839997745738452
2174,2.55145175913177,0.283672528855196,1.33749485017048,0.0640177680907493,0.0739446884342693,0.073529237209591,1119.8294236557,1.19791842138712,1.35464341935304,3.07009116123549,20.8739499624181,0.0839997745738452
2175,2.55145175913177,0.283672528855196,1.33749485017048,0.0640177680907493,0.0739446884342693,0.073529237209591,1119.8294236557,1.19791842138712,1.35464341935304,3.07009116123549,20.8739499624181,0.0839997745738452
2176,2.55145175913177,0.283672528855196,1.33749485017048,0.0640177680907493,0.0739446884342693,0.073529237209591,1119.8294236557,1.19791842138712,1.35464341935304,3.07009116123549,20.8739499624181,0.0839997745738452
2177,2.55145175913177,0.283672528855196,1.33749485017048,0.0640177680907493,0.0739446884342693,0.073529237209591,1119.8294236557,1.19791842138712,1.35464341935304,3.07009116123549,20.8739499624181,0.0839997745738452
2178,2.55145175913177,0.283672528855196,1.33749485017048,0.0640177680907493,0.0739446884342693,0.073529237209591,1119.8294236557,1.19791842138712,1.35464341935304,3.07009116123549,20.8739499624181,0.0839997745738452
2179,2.55145175913177,0.283672528855196,1.33749485017048,0.0640177680907493,0.0739446884342693,0.073529237209591,1119.8294236557,1.19791842138712,1.35464341935304,3.07009116123549,20.8739499624181,0.0839997745738452
2180,2.55145175913177,0.283672528855196,1.33749485017048,0.0640177680907493,0.0739446884342693,0.073529237209591,1119.8294236557,1.19791842138712,1.35464341935304,3.07009116123549,20.8739499624181,0.0839997745738452
2181,2.55145175913177,0.283672528855196,1.33749485017048,0.0640177680907493,0.0739446884342693,0.073529237209591,1119.8294236557,1.19791842138712,1.35464341935304,3.07009116123549,20.8739499624181,0.0839997745738452
2182,2.55145175913177,0.283672528855196,1.33749485017048,0.0640177680907493,0.0739446884342693,0.073529237209591,1119.8294236557,1.19791842138712,1.35464341935304,3.07009116123549,20.8739499624181,0.0839997745738452
2183,2.55145175913177,0.283672528855196,1.33749485017048,0.0640177680907493,0.0739446884342693,0.073529237209591,1119.8294236557,1.19791842138712,1.35464341935304,3.07009116123549,20.8739499624181,0.0839997745738452
2184,2.55145175913177,0.283672528855196,1.33749485017048,0.0640177680907493,0.0739446884342693,0.073529237209591,1119.8294236557,1.19791842138712,1.35464341935304,3.07009116123549,20.8739499624181,0.0839997745738452
2185,2.55145175913177,0.283672528855196,1.33749485017048,0.0640177680907493,0.0739446884342693,0.073529237209591,1119.8294236557,1.19791842138712,1.35464341935304,3.07009116123549,20.8739499624181,0.0839997745738452
2186,2.55145175913177,0.283672528855196,1.33749485017048,0.0640177680907493,0.0739446884342693,0.073529237209591,1119.8294236557,1.19791842138712,1.35464341935304,3.07009116123549,20.8739499624181,0.0839997745738452
2187,2.55145175913177,0.283672528855196,1.33749485017048,0.0640177680907493,0.0739446884342693,0.073529237209591,1119.8294236557,1.19791842138712,1.35464341935304,3.07009116123549,20.8739499624181,0.0839997745738452
2188,2.55145175913177,0.283672528855196,1.33749485017048,0.0640177680907493,0.0739446884342693,0.073529237209591,1119.8294236557,1.19791842138712,1.35464341935304,3.07009116123549,20.8739499624181,0.0839997745738452
2189,2.55145175913177,0.283672528855196,1.33749485017048,0.0640177680907493,0.0739446884342693,0.073529237209591,1119.8294236557,1.19791842138712,1.35464341935304,3.07009116123549,20.8739499624181,0.0839997745738452
2190,2.55145175913177,0.283672528855196,1.33749485017048,0.0640177680907493,0.0739446884342693,0.073529237209591,1119.8294236557,1.19791842138712,1.35464341935304,3.07009116123549,20.8739499624181,0.0839997745738452
2191,2.55145175913177,0.283672528855196,1.33749485017048,0.0640177680907493,0.0739446884342693,0.073529237209591,1119.8294236557,1.19791842138712,1.35464341935304,3.07009116123549,20.8739499624181,0.0839997745738452
2192,2.55145175913177,0.283672528855196,1.33749485017048,0.0640177680907493,0.0739446884342693,0.073529237209591,1119.8294236557,1.19791842138712,1.35464341935304,3.07009116123549,20.8739499624181,0.0839997745738452
2193,2.55145175913177,0.283672528855196,1.33749485017048,0.0640177680907493,0.0739446884342693,0.073529237209591,1119.8294236557,1.19791842138712,1.35464341935304,3.07009116123549,20.8739499624181,0.0839997745738452
2194,2.55145175913177,0.283672528855196,1.33749485017048,0.0640177680907493,0.0739446884342693,0.073529237209591,1119.8294236557,1.19791842138712,1.35464341935304,3.07009116123549,20.8739499624181,0.0839997745738452
2195,2.55145175913177,0.283672528855196,1.33749485017048,0.0640177680907493,0.0739446884342693,0.073529237209591,1119.8294236557,1.19791842138712,1.35464341935304,3.07009116123549,20.8739499624181,0.0839997745738452
2196,2.55145175913177,0.283672528855196,1.33749485017048,0.0640177680907493,0.0739446884342693,0.073529237209591,1119.8294236557,1.19791842138712,1.35464341935304,3.07009116123549,20.8739499624181,0.0839997745738452
2197,2.55145175913177,0.283672528855196,1.33749485017048,0.0640177680907493,0.0739446884342693,0.073529237209591,1119.8294236557,1.19791842138712,1.35464341935304,3.07009116123549,20.8739499624181,0.0839997745738452
2198,2.55145175913177,0.283672528855196,1.33749485017048,0.0640177680907493,0.0739446884342693,0.073529237209591,1119.8294236557,1.19791842138712,1.35464341935304,3.07009116123549,20.8739499624181,0.0839997745738452
2199,2.55145175913177,0.283672528855196,1.33749485017048,0.0640177680907493,0.0739446884342693,0.073529237209591,1119.8294236557,1.19791842138712,1.35464341935304,3.07009116123549,20.8739499624181,0.0839997745738452
2200,2.55145175913177,0.283672528855196,1.33749485017048,0.0640177680907493,0.0739446884342693,0.073529237209591,1119.8294236557,1.19791842138712,1.35464341935304,3.07009116123549,20.8739499624181,0.0839997745738452
2201,2.55145175913177,0.283672528855196,1.33749485017048,0.0640177680907493,0.0739446884342693,0.073529237209591,1119.8294236557,1.19791842138712,1.35464341935304,3.07009116123549,20.8739499624181,0.0839997745738452
2202,2.55145175913177,0.283672528855196,1.33749485017048,0.0640177680907493,0.0739446884342693,0.073529237209591,1119.8294236557,1.19791842138712,1.35464341935304,3.07009116123549,20.8739499624181,0.0839997745738452
2203,2.55145175913177,0.283672528855196,1.33749485017048,0.0640177680907493,0.0739446884342693,0.073529237209591,1119.8294236557,1.19791842138712,1.35464341935304,3.07009116123549,20.8739499624181,0.0839997745738452
2204,2.55145175913177,0.283672528855196,1.33749485017048,0.0640177680907493,0.0739446884342693,0.073529237209591,1119.8294236557,1.19791842138712,1.35464341935304,3.07009116123549,20.8739499624181,0.0839997745738452
2205,2.55145175913177,0.283672528855196,1.33749485017048,0.0640177680907493,0.0739446884342693,0.073529237209591,1119.8294236557,1.19791842138712,1.35464341935304,3.07009116123549,20.8739499624181,0.0839997745738452
2206,2.55145175913177,0.283672528855196,1.33749485017048,0.0640177680907493,0.0739446884342693,0.073529237209591,1119.8294236557,1.19791842138712,1.35464341935304,3.07009116123549,20.8739499624181,0.0839997745738452
2207,2.55145175913177,0.283672528855196,1.33749485017048,0.0640177680907493,0.0739446884342693,0.073529237209591,1119.8294236557,1.19791842138712,1.35464341935304,3.07009116123549,20.8739499624181,0.0839997745738452
2208,2.55145175913177,0.283672528855196,1.33749485017048,0.0640177680907493,0.0739446884342693,0.073529237209591,1119.8294236557,1.19791842138712,1.35464341935304,3.07009116123549,20.8739499624181,0.0839997745738452
2209,2.55145175913177,0.283672528855196,1.33749485017048,0.0640177680907493,0.0739446884342693,0.073529237209591,1119.8294236557,1.19791842138712,1.35464341935304,3.07009116123549,20.8739499624181,0.0839997745738452
2210,2.55145175913177,0.283672528855196,1.33749485017048,0.0640177680907493,0.0739446884342693,0.073529237209591,1119.8294236557,1.19791842138712,1.35464341935304,3.07009116123549,20.8739499624181,0.0839997745738452
2211,2.55145175913177,0.283672528855196,1.33749485017048,0.0640177680907493,0.0739446884342693,0.073529237209591,1119.8294236557,1.19791842138712,1.35464341935304,3.07009116123549,20.8739499624181,0.0839997745738452
2212,2.55145175913177,0.283672528855196,1.33749485017048,0.0640177680907493,0.0739446884342693,0.073529237209591,1119.8294236557,1.19791842138712,1.35464341935304,3.07009116123549,20.8739499624181,0.0839997745738452
2213,2.55145175913177,0.283672528855196,1.33749485017048,0.0640177680907493,0.0739446884342693,0.073529237209591,1119.8294236557,1.19791842138712,1.35464341935304,3.07009116123549,20.8739499624181,0.0839997745738452
2214,2.55145175913177,0.283672528855196,1.33749485017048,0.0640177680907493,0.0739446884342693,0.073529237209591,1119.8294236557,1.19791842138712,1.35464341935304,3.07009116123549,20.8739499624181,0.0839997745738452
2215,2.55145175913177,0.283672528855196,1.33749485017048,0.0640177680907493,0.0739446884342693,0.073529237209591,1119.8294236557,1.19791842138712,1.35464341935304,3.07009116123549,20.8739499624181,0.0839997745738452
2216,2.55145175913177,0.283672528855196,1.33749485017048,0.0640177680907493,0.0739446884342693,0.073529237209591,1119.8294236557,1.19791842138712,1.35464341935304,3.07009116123549,20.8739499624181,0.0839997745738452
2217,2.55145175913177,0.283672528855196,1.33749485017048,0.0640177680907493,0.0739446884342693,0.073529237209591,1119.8294236557,1.19791842138712,1.35464341935304,3.07009116123549,20.8739499624181,0.0839997745738452
2218,2.55145175913177,0.283672528855196,1.33749485017048,0.0640177680907493,0.0739446884342693,0.073529237209591,1119.8294236557,1.19791842138712,1.35464341935304,3.07009116123549,20.8739499624181,0.0839997745738452
2219,2.55145175913177,0.283672528855196,1.33749485017048,0.0640177680907493,0.0739446884342693,0.073529237209591,1119.8294236557,1.19791842138712,1.35464341935304,3.07009116123549,20.8739499624181,0.0839997745738452
2220,2.55145175913177,0.283672528855196,1.33749485017048,0.0640177680907493,0.0739446884342693,0.073529237209591,1119.8294236557,1.19791842138712,1.35464341935304,3.07009116123549,20.8739499624181,0.0839997745738452
2221,2.55145175913177,0.283672528855196,1.33749485017048,0.0640177680907493,0.0739446884342693,0.073529237209591,1119.8294236557,1.19791842138712,1.35464341935304,3.07009116123549,20.8739499624181,0.0839997745738452
2222,2.55145175913177,0.283672528855196,1.33749485017048,0.0640177680907493,0.0739446884342693,0.073529237209591,1119.8294236557,1.19791842138712,1.35464341935304,3.07009116123549,20.8739499624181,0.0839997745738452
2223,2.55145175913177,0.283672528855196,1.33749485017048,0.0640177680907493,0.0739446884342693,0.073529237209591,1119.8294236557,1.19791842138712,1.35464341935304,3.07009116123549,20.8739499624181,0.0839997745738452
2224,2.55145175913177,0.283672528855196,1.33749485017048,0.0640177680907493,0.0739446884342693,0.073529237209591,1119.8294236557,1.19791842138712,1.35464341935304,3.07009116123549,20.8739499624181,0.0839997745738452
2225,2.55145175913177,0.283672528855196,1.33749485017048,0.0640177680907493,0.0739446884342693,0.073529237209591,1119.8294236557,1.19791842138712,1.35464341935304,3.07009116123549,20.8739499624181,0.0839997745738452
2226,2.55145175913177,0.283672528855196,1.33749485017048,0.0640177680907493,0.0739446884342693,0.073529237209591,1119.8294236557,1.19791842138712,1.35464341935304,3.07009116123549,20.8739499624181,0.0839997745738452
2227,2.55145175913177,0.283672528855196,1.33749485017048,0.0640177680907493,0.0739446884342693,0.073529237209591,1119.8294236557,1.19791842138712,1.35464341935304,3.07009116123549,20.8739499624181,0.0839997745738452
2228,2.55145175913177,0.283672528855196,1.33749485017048,0.0640177680907493,0.0739446884342693,0.073529237209591,1119.8294236557,1.19791842138712,1.35464341935304,3.07009116123549,20.8739499624181,0.0839997745738452
2229,2.55145175913177,0.283672528855196,1.33749485017048,0.0640177680907493,0.0739446884342693,0.073529237209591,1119.8294236557,1.19791842138712,1.35464341935304,3.07009116123549,20.8739499624181,0.0839997745738452
2230,2.55145175913177,0.283672528855196,1.33749485017048,0.0640177680907493,0.0739446884342693,0.073529237209591,1119.8294236557,1.19791842138712,1.35464341935304,3.07009116123549,20.8739499624181,0.0839997745738452
2231,2.55145175913177,0.283672528855196,1.33749485017048,0.0640177680907493,0.0739446884342693,0.073529237209591,1119.8294236557,1.19791842138712,1.35464341935304,3.07009116123549,20.8739499624181,0.0839997745738452
2232,2.55145175913177,0.283672528855196,1.33749485017048,0.0640177680907493,0.0739446884342693,0.073529237209591,1119.8294236557,1.19791842138712,1.35464341935304,3.07009116123549,20.8739499624181,0.0839997745738452
2233,2.55145175913177,0.283672528855196,1.33749485017048,0.0640177680907493,0.0739446884342693,0.073529237209591,1119.8294236557,1.19791842138712,1.35464341935304,3.07009116123549,20.8739499624181,0.0839997745738452
2234,2.55145175913177,0.283672528855196,1.33749485017048,0.0640177680907493,0.0739446884342693,0.073529237209591,1119.8294236557,1.19791842138712,1.35464341935304,3.07009116123549,20.8739499624181,0.0839997745738452
2235,2.55145175913177,0.283672528855196,1.33749485017048,0.0640177680907493,0.0739446884342693,0.073529237209591,1119.8294236557,1.19791842138712,1.35464341935304,3.07009116123549,20.8739499624181,0.0839997745738452
2236,2.55145175913177,0.283672528855196,1.33749485017048,0.0640177680907493,0.0739446884342693,0.073529237209591,1119.8294236557,1.19791842138712,1.35464341935304,3.07009116123549,20.8739499624181,0.0839997745738452
2237,2.55145175913177,0.283672528855196,1.33749485017048,0.0640177680907493,0.0739446884342693,0.073529237209591,1119.8294236557,1.19791842138712,1.35464341935304,3.07009116123549,20.8739499624181,0.0839997745738452
2238,2.55145175913177,0.283672528855196,1.33749485017048,0.0640177680907493,0.0739446884342693,0.073529237209591,1119.8294236557,1.19791842138712,1.35464341935304,3.07009116123549,20.8739499624181,0.0839997745738452
2239,2.55145175913177,0.283672528855196,1.33749485017048,0.0640177680907493,0.0739446884342693,0.073529237209591,1119.8294236557,1.19791842138712,1.35464341935304,3.07009116123549,20.8739499624181,0.0839997745738452
2240,2.55145175913177,0.283672528855196,1.33749485017048,0.0640177680907493,0.0739446884342693,0.073529237209591,1119.8294236557,1.19791842138712,1.35464341935304,3.07009116123549,20.8739499624181,0.0839997745738452
2241,2.55145175913177,0.283672528855196,1.33749485017048,0.0640177680907493,0.0739446884342693,0.073529237209591,1119.8294236557,1.19791842138712,1.35464341935304,3.07009116123549,20.8739499624181,0.0839997745738452
2242,2.55145175913177,0.283672528855196,1.33749485017048,0.0640177680907493,0.0739446884342693,0.073529237209591,1119.8294236557,1.19791842138712,1.35464341935304,3.07009116123549,20.8739499624181,0.0839997745738452
2243,2.55145175913177,0.283672528855196,1.33749485017048,0.0640177680907493,0.0739446884342693,0.073529237209591,1119.8294236557,1.19791842138712,1.35464341935304,3.07009116123549,20.8739499624181,0.0839997745738452
2244,2.55145175913177,0.283672528855196,1.33749485017048,0.0640177680907493,0.0739446884342693,0.073529237209591,1119.8294236557,1.19791842138712,1.35464341935304,3.07009116123549,20.8739499624181,0.0839997745738452
2245,2.55145175913177,0.283672528855196,1.33749485017048,0.0640177680907493,0.0739446884342693,0.073529237209591,1119.8294236557,1.19791842138712,1.35464341935304,3.07009116123549,20.8739499624181,0.0839997745738452
2246,2.55145175913177,0.283672528855196,1.33749485017048,0.0640177680907493,0.0739446884342693,0.073529237209591,1119.8294236557,1.19791842138712,1.35464341935304,3.07009116123549,20.8739499624181,0.0839997745738452
2247,2.55145175913177,0.283672528855196,1.33749485017048,0.0640177680907493,0.0739446884342693,0.073529237209591,1119.8294236557,1.19791842138712,1.35464341935304,3.07009116123549,20.8739499624181,0.0839997745738452
2248,2.55145175913177,0.283672528855196,1.33749485017048,0.0640177680907493,0.0739446884342693,0.073529237209591,1119.8294236557,1.19791842138712,1.35464341935304,3.07009116123549,20.8739499624181,0.0839997745738452
2249,2.55145175913177,0.283672528855196,1.33749485017048,0.0640177680907493,0.0739446884342693,0.073529237209591,1119.8294236557,1.19791842138712,1.35464341935304,3.07009116123549,20.8739499624181,0.0839997745738452
2250,2.55145175913177,0.283672528855196,1.33749485017048,0.0640177680907493,0.0739446884342693,0.073529237209591,1119.8294236557,1.19791842138712,1.35464341935304,3.07009116123549,20.8739499624181,0.0839997745738452
2251,2.55145175913177,0.283672528855196,1.33749485017048,0.0640177680907493,0.0739446884342693,0.073529237209591,1119.8294236557,1.19791842138712,1.35464341935304,3.07009116123549,20.8739499624181,0.0839997745738452
2252,2.55145175913177,0.283672528855196,1.33749485017048,0.0640177680907493,0.0739446884342693,0.073529237209591,1119.8294236557,1.19791842138712,1.35464341935304,3.07009116123549,20.8739499624181,0.0839997745738452
2253,2.55145175913177,0.283672528855196,1.33749485017048,0.0640177680907493,0.0739446884342693,0.073529237209591,1119.8294236557,1.19791842138712,1.35464341935304,3.07009116123549,20.8739499624181,0.0839997745738452
2254,2.55145175913177,0.283672528855196,1.33749485017048,0.0640177680907493,0.0739446884342693,0.073529237209591,1119.8294236557,1.19791842138712,1.35464341935304,3.07009116123549,20.8739499624181,0.0839997745738452
2255,2.55145175913177,0.283672528855196,1.33749485017048,0.0640177680907493,0.0739446884342693,0.073529237209591,1119.8294236557,1.19791842138712,1.35464341935304,3.07009116123549,20.8739499624181,0.0839997745738452
2256,2.55145175913177,0.283672528855196,1.33749485017048,0.0640177680907493,0.0739446884342693,0.073529237209591,1119.8294236557,1.19791842138712,1.35464341935304,3.07009116123549,20.8739499624181,0.0839997745738452
2257,2.55145175913177,0.283672528855196,1.33749485017048,0.0640177680907493,0.0739446884342693,0.073529237209591,1119.8294236557,1.19791842138712,1.35464341935304,3.07009116123549,20.8739499624181,0.0839997745738452
2258,2.55145175913177,0.283672528855196,1.33749485017048,0.0640177680907493,0.0739446884342693,0.073529237209591,1119.8294236557,1.19791842138712,1.35464341935304,3.07009116123549,20.8739499624181,0.0839997745738452
2259,2.55145175913177,0.283672528855196,1.33749485017048,0.0640177680907493,0.0739446884342693,0.073529237209591,1119.8294236557,1.19791842138712,1.35464341935304,3.07009116123549,20.8739499624181,0.0839997745738452
2260,2.55145175913177,0.283672528855196,1.33749485017048,0.0640177680907493,0.0739446884342693,0.073529237209591,1119.8294236557,1.19791842138712,1.35464341935304,3.07009116123549,20.8739499624181,0.0839997745738452
2261,2.55145175913177,0.283672528855196,1.33749485017048,0.0640177680907493,0.0739446884342693,0.073529237209591,1119.8294236557,1.19791842138712,1.35464341935304,3.07009116123549,20.8739499624181,0.0839997745738452
2262,2.55145175913177,0.283672528855196,1.33749485017048,0.0640177680907493,0.0739446884342693,0.073529237209591,1119.8294236557,1.19791842138712,1.35464341935304,3.07009116123549,20.8739499624181,0.0839997745738452
2263,2.55145175913177,0.283672528855196,1.33749485017048,0.0640177680907493,0.0739446884342693,0.073529237209591,1119.8294236557,1.19791842138712,1.35464341935304,3.07009116123549,20.8739499624181,0.0839997745738452
2264,2.55145175913177,0.283672528855196,1.33749485017048,0.0640177680907493,0.0739446884342693,0.073529237209591,1119.8294236557,1.19791842138712,1.35464341935304,3.07009116123549,20.8739499624181,0.0839997745738452
2265,2.55145175913177,0.283672528855196,1.33749485017048,0.0640177680907493,0.0739446884342693,0.073529237209591,1119.8294236557,1.19791842138712,1.35464341935304,3.07009116123549,20.8739499624181,0.0839997745738452
2266,2.55145175913177,0.283672528855196,1.33749485017048,0.0640177680907493,0.0739446884342693,0.073529237209591,1119.8294236557,1.19791842138712,1.35464341935304,3.07009116123549,20.8739499624181,0.0839997745738452
2267,2.55145175913177,0.283672528855196,1.33749485017048,0.0640177680907493,0.0739446884342693,0.073529237209591,1119.8294236557,1.19791842138712,1.35464341935304,3.07009116123549,20.8739499624181,0.0839997745738452
2268,2.55145175913177,0.283672528855196,1.33749485017048,0.0640177680907493,0.0739446884342693,0.073529237209591,1119.8294236557,1.19791842138712,1.35464341935304,3.07009116123549,20.8739499624181,0.0839997745738452
2269,2.55145175913177,0.283672528855196,1.33749485017048,0.0640177680907493,0.0739446884342693,0.073529237209591,1119.8294236557,1.19791842138712,1.35464341935304,3.07009116123549,20.8739499624181,0.0839997745738452
2270,2.5506854774248,0.284348538833939,1.3375801598196,0.0645610877879784,0.0738987146747808,0.0734359559564047,1116.21675991794,1.19746173506718,1.35636851538446,3.0678975819921,20.86188288045,0.0839869056534388
2271,2.5506854774248,0.284348538833939,1.3375801598196,0.0645610877879784,0.0738987146747808,0.0734359559564047,1116.21675991794,1.19746173506718,1.35636851538446,3.0678975819921,20.86188288045,0.0839869056534388
2272,2.5506854774248,0.284348538833939,1.3375801598196,0.0645610877879784,0.0738987146747808,0.0734359559564047,1116.21675991794,1.19746173506718,1.35636851538446,3.0678975819921,20.86188288045,0.0839869056534388
2273,2.5506854774248,0.284348538833939,1.3375801598196,0.0645610877879784,0.0738987146747808,0.0734359559564047,1116.21675991794,1.19746173506718,1.35636851538446,3.0678975819921,20.86188288045,0.0839869056534388
2274,2.5506854774248,0.284348538833939,1.3375801598196,0.0645610877879784,0.0738987146747808,0.0734359559564047,1116.21675991794,1.19746173506718,1.35636851538446,3.0678975819921,20.86188288045,0.0839869056534388
2275,2.5506854774248,0.284348538833939,1.3375801598196,0.0645610877879784,0.0738987146747808,0.0734359559564047,1116.21675991794,1.19746173506718,1.35636851538446,3.0678975819921,20.86188288045,0.0839869056534388
2276,2.5506854774248,0.284348538833939,1.3375801598196,0.0645610877879784,0.0738987146747808,0.0734359559564047,1116.21675991794,1.19746173506718,1.35636851538446,3.0678975819921,20.86188288045,0.0839869056534388
2277,2.5506854774248,0.284348538833939,1.3375801598196,0.0645610877879784,0.0738987146747808,0.0734359559564047,1116.21675991794,1.19746173506718,1.35636851538446,3.0678975819921,20.86188288045,0.0839869056534388
2278,2.5506854774248,0.284348538833939,1.3375801598196,0.0645610877879784,0.0738987146747808,0.0734359559564047,1116.21675991794,1.19746173506718,1.35636851538446,3.0678975819921,20.86188288045,0.0839869056534388
2279,2.5506854774248,0.284348538833939,1.3375801598196,0.0645610877879784,0.0738987146747808,0.0734359559564047,1116.21675991794,1.19746173506718,1.35636851538446,3.0678975819921,20.86188288045,0.0839869056534388
2280,2.5506854774248,0.284348538833939,1.3375801598196,0.0645610877879784,0.0738987146747808,0.0734359559564047,1116.21675991794,1.19746173506718,1.35636851538446,3.0678975819921,20.86188288045,0.0839869056534388
2281,2.5506854774248,0.284348538833939,1.3375801598196,0.0645610877879784,0.0738987146747808,0.0734359559564047,1116.21675991794,1.19746173506718,1.35636851538446,3.0678975819921,20.86188288045,0.0839869056534388
2282,2.5506854774248,0.284348538833939,1.3375801598196,0.0645610877879784,0.0738987146747808,0.0734359559564047,1116.21675991794,1.19746173506718,1.35636851538446,3.0678975819921,20.86188288045,0.0839869056534388
2283,2.5506854774248,0.284348538833939,1.3375801598196,0.0645610877879784,0.0738987146747808,0.0734359559564047,1116.21675991794,1.19746173506718,1.35636851538446,3.0678975819921,20.86188288045,0.0839869056534388
2284,2.5506854774248,0.284348538833939,1.3375801598196,0.0645610877879784,0.0738987146747808,0.0734359559564047,1116.21675991794,1.19746173506718,1.35636851538446,3.0678975819921,20.86188288045,0.0839869056534388
2285,2.5506854774248,0.284348538833939,1.3375801598196,0.0645610877879784,0.0738987146747808,0.0734359559564047,1116.21675991794,1.19746173506718,1.35636851538446,3.0678975819921,20.86188288045,0.0839869056534388
2286,2.5506854774248,0.284348538833939,1.3375801598196,0.0645610877879784,0.0738987146747808,0.0734359559564047,1116.21675991794,1.19746173506718,1.35636851538446,3.0678975819921,20.86188288045,0.0839869056534388
2287,2.5506854774248,0.284348538833939,1.3375801598196,0.0645610877879784,0.0738987146747808,0.0734359559564047,1116.21675991794,1.19746173506718,1.35636851538446,3.0678975819921,20.86188288045,0.0839869056534388
2288,2.5506854774248,0.284348538833939,1.3375801598196,0.0645610877879784,0.0738987146747808,0.0734359559564047,1116.21675991794,1.19746173506718,1.35636851538446,3.0678975819921,20.86188288045,0.0839869056534388
2289,2.5506854774248,0.284348538833939,1.3375801598196,0.0645610877879784,0.0738987146747808,0.0734359559564047,1116.21675991794,1.19746173506718,1.35636851538446,3.0678975819921,20.86188288045,0.0839869056534388
2290,2.5506854774248,0.284348538833939,1.3375801598196,0.0645610877879784,0.0738987146747808,0.0734359559564047,1116.21675991794,1.19746173506718,1.35636851538446,3.0678975819921,20.86188288045,0.0839869056534388
2291,2.5506854774248,0.284348538833939,1.3375801598196,0.0645610877879784,0.0738987146747808,0.0734359559564047,1116.21675991794,1.19746173506718,1.35636851538446,3.0678975819921,20.86188288045,0.0839869056534388
2292,2.5506854774248,0.284348538833939,1.3375801598196,0.0645610877879784,0.0738987146747808,0.0734359559564047,1116.21675991794,1.19746173506718,1.35636851538446,3.0678975819921,20.86188288045,0.0839869056534388
2293,2.5506854774248,0.284348538833939,1.3375801598196,0.0645610877879784,0.0738987146747808,0.0734359559564047,1116.21675991794,1.19746173506718,1.35636851538446,3.0678975819921,20.86188288045,0.0839869056534388
2294,2.5506854774248,0.284348538833939,1.3375801598196,0.0645610877879784,0.0738987146747808,0.0734359559564047,1116.21675991794,1.19746173506718,1.35636851538446,3.0678975819921,20.86188288045,0.0839869056534388
2295,2.5506854774248,0.284348538833939,1.3375801598196,0.0645610877879784,0.0738987146747808,0.0734359559564047,1116.21675991794,1.19746173506718,1.35636851538446,3.0678975819921,20.86188288045,0.0839869056534388
2296,2.5506854774248,0.284348538833939,1.3375801598196,0.0645610877879784,0.0738987146747808,0.0734359559564047,1116.21675991794,1.19746173506718,1.35636851538446,3.0678975819921,20.86188288045,0.0839869056534388
2297,2.5506854774248,0.284348538833939,1.3375801598196,0.0645610877879784,0.0738987146747808,0.0734359559564047,1116.21675991794,1.19746173506718,1.35636851538446,3.0678975819921,20.86188288045,0.0839869056534388
2298,2.5506854774248,0.284348538833939,1.3375801598196,0.0645610877879784,0.0738987146747808,0.0734359559564047,1116.21675991794,1.19746173506718,1.35636851538446,3.0678975819921,20.86188288045,0.0839869056534388
2299,2.5506854774248,0.284348538833939,1.3375801598196,0.0645610877879784,0.0738987146747808,0.0734359559564047,1116.21675991794,1.19746173506718,1.35636851538446,3.0678975819921,20.86188288045,0.0839869056534388
2300,2.5506854774248,0.284348538833939,1.3375801598196,0.0645610877879784,0.0738987146747808,0.0734359559564047,1116.21675991794,1.19746173506718,1.35636851538446,3.0678975819921,20.86188288045,0.0839869056534388
2301,2.5506854774248,0.284348538833939,1.3375801598196,0.0645610877879784,0.0738987146747808,0.0734359559564047,1116.21675991794,1.19746173506718,1.35636851538446,3.0678975819921,20.86188288045,0.0839869056534388
2302,2.5506854774248,0.284348538833939,1.3375801598196,0.0645610877879784,0.0738987146747808,0.0734359559564047,1116.21675991794,1.19746173506718,1.35636851538446,3.0678975819921,20.86188288045,0.0839869056534388
2303,2.5506854774248,0.284348538833939,1.3375801598196,0.0645610877879784,0.0738987146747808,0.0734359559564047,1116.21675991794,1.19746173506718,1.35636851538446,3.0678975819921,20.86188288045,0.0839869056534388
2304,2.5506854774248,0.284348538833939,1.3375801598196,0.0645610877879784,0.0738987146747808,0.0734359559564047,1116.21675991794,1.19746173506718,1.35636851538446,3.0678975819921,20.86188288045,0.0839869056534388
2305,2.5506854774248,0.284348538833939,1.3375801598196,0.0645610877879784,0.0738987146747808,0.0734359559564047,1116.21675991794,1.19746173506718,1.35636851538446,3.0678975819921,20.86188288045,0.0839869056534388
2306,2.5506854774248,0.284348538833939,1.3375801598196,0.0645610877879784,0.0738987146747808,0.0734359559564047,1116.21675991794,1.19746173506718,1.35636851538446,3.0678975819921,20.86188288045,0.0839869056534388
2307,2.5506854774248,0.284348538833939,1.3375801598196,0.0645610877879784,0.0738987146747808,0.0734359559564047,1116.21675991794,1.19746173506718,1.35636851538446,3.0678975819921,20.86188288045,0.0839869056534388
2308,2.5506854774248,0.284348538833939,1.3375801598196,0.0645610877879784,0.0738987146747808,0.0734359559564047,1116.21675991794,1.19746173506718,1.35636851538446,3.0678975819921,20.86188288045,0.0839869056534388
2309,2.5506854774248,0.284348538833939,1.3375801598196,0.0645610877879784,0.0738987146747808,0.0734359559564047,1116.21675991794,1.19746173506718,1.35636851538446,3.0678975819921,20.86188288045,0.0839869056534388
2310,2.5506854774248,0.284348538833939,1.3375801598196,0.0645610877879784,0.0738987146747808,0.0734359559564047,1116.21675991794,1.19746173506718,1.35636851538446,3.0678975819921,20.86188288045,0.0839869056534388
2311,2.5506854774248,0.284348538833939,1.3375801598196,0.0645610877879784,0.0738987146747808,0.0734359559564047,1116.21675991794,1.19746173506718,1.35636851538446,3.0678975819921,20.86188288045,0.0839869056534388
2312,2.5506854774248,0.284348538833939,1.3375801598196,0.0645610877879784,0.0738987146747808,0.0734359559564047,1116.21675991794,1.19746173506718,1.35636851538446,3.0678975819921,20.86188288045,0.0839869056534388
2313,2.5506854774248,0.284348538833939,1.3375801598196,0.0645610877879784,0.0738987146747808,0.0734359559564047,1116.21675991794,1.19746173506718,1.35636851538446,3.0678975819921,20.86188288045,0.0839869056534388
2314,2.5506854774248,0.284348538833939,1.3375801598196,0.0645610877879784,0.0738987146747808,0.0734359559564047,1116.21675991794,1.19746173506718,1.35636851538446,3.0678975819921,20.86188288045,0.0839869056534388
2315,2.5506854774248,0.284348538833939,1.3375801598196,0.0645610877879784,0.0738987146747808,0.0734359559564047,1116.21675991794,1.19746173506718,1.35636851538446,3.0678975819921,20.86188288045,0.0839869056534388
2316,2.5506854774248,0.284348538833939,1.3375801598196,0.0645610877879784,0.0738987146747808,0.0734359559564047,1116.21675991794,1.19746173506718,1.35636851538446,3.0678975819921,20.86188288045,0.0839869056534388
2317,2.5506854774248,0.284348538833939,1.3375801598196,0.0645610877879784,0.0738987146747808,0.0734359559564047,1116.21675991794,1.19746173506718,1.35636851538446,3.0678975819921,20.86188288045,0.0839869056534388
2318,2.5506854774248,0.284348538833939,1.3375801598196,0.0645610877879784,0.0738987146747808,0.0734359559564047,1116.21675991794,1.19746173506718,1.35636851538446,3.0678975819921,20.86188288045,0.0839869056534388
2319,2.5506854774248,0.284348538833939,1.3375801598196,0.0645610877879784,0.0738987146747808,0.0734359559564047,1116.21675991794,1.19746173506718,1.35636851538446,3.0678975819921,20.86188288045,0.0839869056534388
2320,2.5506854774248,0.284348538833939,1.3375801598196,0.0645610877879784,0.0738987146747808,0.0734359559564047,1116.21675991794,1.19746173506718,1.35636851538446,3.0678975819921,20.86188288045,0.0839869056534388
2321,2.5506854774248,0.284348538833939,1.3375801598196,0.0645610877879784,0.0738987146747808,0.0734359559564047,1116.21675991794,1.19746173506718,1.35636851538446,3.0678975819921,20.86188288045,0.0839869056534388
2322,2.5506854774248,0.284348538833939,1.3375801598196,0.0645610877879784,0.0738987146747808,0.0734359559564047,1116.21675991794,1.19746173506718,1.35636851538446,3.0678975819921,20.86188288045,0.0839869056534388
2323,2.5506854774248,0.284348538833939,1.3375801598196,0.0645610877879784,0.0738987146747808,0.0734359559564047,1116.21675991794,1.19746173506718,1.35636851538446,3.0678975819921,20.86188288045,0.0839869056534388
2324,2.5506854774248,0.284348538833939,1.3375801598196,0.0645610877879784,0.0738987146747808,0.0734359559564047,1116.21675991794,1.19746173506718,1.35636851538446,3.0678975819921,20.86188288045,0.0839869056534388
2325,2.5506854774248,0.284348538833939,1.3375801598196,0.0645610877879784,0.0738987146747808,0.0734359559564047,1116.21675991794,1.19746173506718,1.35636851538446,3.0678975819921,20.86188288045,0.0839869056534388
2326,2.5506854774248,0.284348538833939,1.3375801598196,0.0645610877879784,0.0738987146747808,0.0734359559564047,1116.21675991794,1.19746173506718,1.35636851538446,3.0678975819921,20.86188288045,0.0839869056534388
2327,2.5506854774248,0.284348538833939,1.3375801598196,0.0645610877879784,0.0738987146747808,0.0734359559564047,1116.21675991794,1.19746173506718,1.35636851538446,3.0678975819921,20.86188288045,0.0839869056534388
2328,2.5506854774248,0.284348538833939,1.3375801598196,0.0645610877879784,0.0738987146747808,0.0734359559564047,1116.21675991794,1.19746173506718,1.35636851538446,3.0678975819921,20.86188288045,0.0839869056534388
2329,2.5506854774248,0.284348538833939,1.3375801598196,0.0645610877879784,0.0738987146747808,0.0734359559564047,1116.21675991794,1.19746173506718,1.35636851538446,3.0678975819921,20.86188288045,0.0839869056534388
2330,2.5506854774248,0.284348538833939,1.3375801598196,0.0645610877879784,0.0738987146747808,0.0734359559564047,1116.21675991794,1.19746173506718,1.35636851538446,3.0678975819921,20.86188288045,0.0839869056534388
2331,2.5506854774248,0.284348538833939,1.3375801598196,0.0645610877879784,0.0738987146747808,0.0734359559564047,1116.21675991794,1.19746173506718,1.35636851538446,3.0678975819921,20.86188288045,0.0839869056534388
2332,2.5506854774248,0.284348538833939,1.3375801598196,0.0645610877879784,0.0738987146747808,0.0734359559564047,1116.21675991794,1.19746173506718,1.35636851538446,3.0678975819921,20.86188288045,0.0839869056534388
2333,2.5506854774248,0.284348538833939,1.3375801598196,0.0645610877879784,0.0738987146747808,0.0734359559564047,1116.21675991794,1.19746173506718,1.35636851538446,3.0678975819921,20.86188288045,0.0839869056534388
2334,2.5506854774248,0.284348538833939,1.3375801598196,0.0645610877879784,0.0738987146747808,0.0734359559564047,1116.21675991794,1.19746173506718,1.35636851538446,3.0678975819921,20.86188288045,0.0839869056534388
2335,2.5506854774248,0.284348538833939,1.3375801598196,0.0645610877879784,0.0738987146747808,0.0734359559564047,1116.21675991794,1.19746173506718,1.35636851538446,3.0678975819921,20.86188288045,0.0839869056534388
2336,2.5506854774248,0.284348538833939,1.3375801598196,0.0645610877879784,0.0738987146747808,0.0734359559564047,1116.21675991794,1.19746173506718,1.35636851538446,3.0678975819921,20.86188288045,0.0839869056534388
2337,2.5506854774248,0.284348538833939,1.3375801598196,0.0645610877879784,0.0738987146747808,0.0734359559564047,1116.21675991794,1.19746173506718,1.35636851538446,3.0678975819921,20.86188288045,0.0839869056534388
2338,2.5506854774248,0.284348538833939,1.3375801598196,0.0645610877879784,0.0738987146747808,0.0734359559564047,1116.21675991794,1.19746173506718,1.35636851538446,3.0678975819921,20.86188288045,0.0839869056534388
2339,2.5506854774248,0.284348538833939,1.3375801598196,0.0645610877879784,0.0738987146747808,0.0734359559564047,1116.21675991794,1.19746173506718,1.35636851538446,3.0678975819921,20.86188288045,0.0839869056534388
2340,2.5506854774248,0.284348538833939,1.3375801598196,0.0645610877879784,0.0738987146747808,0.0734359559564047,1116.21675991794,1.19746173506718,1.35636851538446,3.0678975819921,20.86188288045,0.0839869056534388
2341,2.5506854774248,0.284348538833939,1.3375801598196,0.0645610877879784,0.0738987146747808,0.0734359559564047,1116.21675991794,1.19746173506718,1.35636851538446,3.0678975819921,20.86188288045,0.0839869056534388
2342,2.5506854774248,0.284348538833939,1.3375801598196,0.0645610877879784,0.0738987146747808,0.0734359559564047,1116.21675991794,1.19746173506718,1.35636851538446,3.0678975819921,20.86188288045,0.0839869056534388
2343,2.5506854774248,0.284348538833939,1.3375801598196,0.0645610877879784,0.0738987146747808,0.0734359559564047,1116.21675991794,1.19746173506718,1.35636851538446,3.0678975819921,20.86188288045,0.0839869056534388
2344,2.5506854774248,0.284348538833939,1.3375801598196,0.0645610877879784,0.0738987146747808,0.0734359559564047,1116.21675991794,1.19746173506718,1.35636851538446,3.0678975819921,20.86188288045,0.0839869056534388
2345,2.5506854774248,0.284348538833939,1.3375801598196,0.0645610877879784,0.0738987146747808,0.0734359559564047,1116.21675991794,1.19746173506718,1.35636851538446,3.0678975819921,20.86188288045,0.0839869056534388
2346,2.5506854774248,0.284348538833939,1.3375801598196,0.0645610877879784,0.0738987146747808,0.0734359559564047,1116.21675991794,1.19746173506718,1.35636851538446,3.0678975819921,20.86188288045,0.0839869056534388
2347,2.5506854774248,0.284348538833939,1.3375801598196,0.0645610877879784,0.0738987146747808,0.0734359559564047,1116.21675991794,1.19746173506718,1.35636851538446,3.0678975819921,20.86188288045,0.0839869056534388
2348,2.5506854774248,0.284348538833939,1.3375801598196,0.0645610877879784,0.0738987146747808,0.0734359559564047,1116.21675991794,1.19746173506718,1.35636851538446,3.0678975819921,20.86188288045,0.0839869056534388
2349,2.5506854774248,0.284348538833939,1.3375801598196,0.0645610877879784,0.0738987146747808,0.0734359559564047,1116.21675991794,1.19746173506718,1.35636851538446,3.0678975819921,20.86188288045,0.0839869056534388
2350,2.5506854774248,0.284348538833939,1.3375801598196,0.0645610877879784,0.0738987146747808,0.0734359559564047,1116.21675991794,1.19746173506718,1.35636851538446,3.0678975819921,20.86188288045,0.0839869056534388
2351,2.5506854774248,0.284348538833939,1.3375801598196,0.0645610877879784,0.0738987146747808,0.0734359559564047,1116.21675991794,1.19746173506718,1.35636851538446,3.0678975819921,20.86188288045,0.0839869056534388
2352,2.5506854774248,0.284348538833939,1.3375801598196,0.0645610877879784,0.0738987146747808,0.0734359559564047,1116.21675991794,1.19746173506718,1.35636851538446,3.0678975819921,20.86188288045,0.0839869056534388
2353,2.5506854774248,0.284348538833939,1.3375801598196,0.0645610877879784,0.0738987146747808,0.0734359559564047,1116.21675991794,1.19746173506718,1.35636851538446,3.0678975819921,20.86188288045,0.0839869056534388
2354,2.5506854774248,0.284348538833939,1.3375801598196,0.0645610877879784,0.0738987146747808,0.0734359559564047,1116.21675991794,1.19746173506718,1.35636851538446,3.0678975819921,20.86188288045,0.0839869056534388
2355,2.5506854774248,0.284348538833939,1.3375801598196,0.0645610877879784,0.0738987146747808,0.0734359559564047,1116.21675991794,1.19746173506718,1.35636851538446,3.0678975819921,20.86188288045,0.0839869056534388
2356,2.5506854774248,0.284348538833939,1.3375801598196,0.0645610877879784,0.0738987146747808,0.0734359559564047,1116.21675991794,1.19746173506718,1.35636851538446,3.0678975819921,20.86188288045,0.0839869056534388
2357,2.5506854774248,0.284348538833939,1.3375801598196,0.0645610877879784,0.0738987146747808,0.0734359559564047,1116.21675991794,1.19746173506718,1.35636851538446,3.0678975819921,20.86188288045,0.0839869056534388
2358,2.5506854774248,0.284348538833939,1.3375801598196,0.0645610877879784,0.0738987146747808,0.0734359559564047,1116.21675991794,1.19746173506718,1.35636851538446,3.0678975819921,20.86188288045,0.0839869056534388
2359,2.5506854774248,0.284348538833939,1.3375801598196,0.0645610877879784,0.0738987146747808,0.0734359559564047,1116.21675991794,1.19746173506718,1.35636851538446,3.0678975819921,20.86188288045,0.0839869056534388
2360,2.5506854774248,0.284348538833939,1.3375801598196,0.0645610877879784,0.0738987146747808,0.0734359559564047,1116.21675991794,1.19746173506718,1.35636851538446,3.0678975819921,20.86188288045,0.0839869056534388
2361,2.5506854774248,0.284348538833939,1.3375801598196,0.0645610877879784,0.0738987146747808,0.0734359559564047,1116.21675991794,1.19746173506718,1.35636851538446,3.0678975819921,20.86188288045,0.0839869056534388
2362,2.5506854774248,0.284348538833939,1.3375801598196,0.0645610877879784,0.0738987146747808,0.0734359559564047,1116.21675991794,1.19746173506718,1.35636851538446,3.0678975819921,20.86188288045,0.0839869056534388
2363,2.5506854774248,0.284348538833939,1.3375801598196,0.0645610877879784,0.0738987146747808,0.0734359559564047,1116.21675991794,1.19746173506718,1.35636851538446,3.0678975819921,20.86188288045,0.0839869056534388
2364,2.5506854774248,0.284348538833939,1.3375801598196,0.0645610877879784,0.0738987146747808,0.0734359559564047,1116.21675991794,1.19746173506718,1.35636851538446,3.0678975819921,20.86188288045,0.0839869056534388
2365,2.5506854774248,0.284348538833939,1.3375801598196,0.0645610877879784,0.0738987146747808,0.0734359559564047,1116.21675991794,1.19746173506718,1.35636851538446,3.0678975819921,20.86188288045,0.0839869056534388
2366,2.5506854774248,0.284348538833939,1.3375801598196,0.0645610877879784,0.0738987146747808,0.0734359559564047,1116.21675991794,1.19746173506718,1.35636851538446,3.0678975819921,20.86188288045,0.0839869056534388
2367,2.5506854774248,0.284348538833939,1.3375801598196,0.0645610877879784,0.0738987146747808,0.0734359559564047,1116.21675991794,1.19746173506718,1.35636851538446,3.0678975819921,20.86188288045,0.0839869056534388
2368,2.5506854774248,0.284348538833939,1.3375801598196,0.0645610877879784,0.0738987146747808,0.0734359559564047,1116.21675991794,1.19746173506718,1.35636851538446,3.0678975819921,20.86188288045,0.0839869056534388
2369,2.5506854774248,0.284348538833939,1.3375801598196,0.0645610877879784,0.0738987146747808,0.0734359559564047,1116.21675991794,1.19746173506718,1.35636851538446,3.0678975819921,20.86188288045,0.0839869056534388
2370,2.5506854774248,0.284348538833939,1.3375801598196,0.0645610877879784,0.0738987146747808,0.0734359559564047,1116.21675991794,1.19746173506718,1.35636851538446,3.0678975819921,20.86188288045,0.0839869056534388
2371,2.5506854774248,0.284348538833939,1.3375801598196,0.0645610877879784,0.0738987146747808,0.0734359559564047,1116.21675991794,1.19746173506718,1.35636851538446,3.0678975819921,20.86188288045,0.0839869056534388
2372,2.5506854774248,0.284348538833939,1.3375801598196,0.0645610877879784,0.0738987146747808,0.0734359559564047,1116.21675991794,1.19746173506718,1.35636851538446,3.0678975819921,20.86188288045,0.0839869056534388
2373,2.54746477787561,0.284211213916785,1.34288232522148,0.0642895790751493,0.0740953139320483,0.0731010408871356,1121.36981813694,1.19799081975754,1.3597894670435,3.0674903550015,20.8564951781919,0.083860914765442
2374,2.54746477787561,0.284211213916785,1.34288232522148,0.0642895790751493,0.0740953139320483,0.0731010408871356,1121.36981813694,1.19799081975754,1.3597894670435,3.0674903550015,20.8564951781919,0.083860914765442
2375,2.54746477787561,0.284211213916785,1.34288232522148,0.0642895790751493,0.0740953139320483,0.0731010408871356,1121.36981813694,1.19799081975754,1.3597894670435,3.0674903550015,20.8564951781919,0.083860914765442
2376,2.54746477787561,0.284211213916785,1.34288232522148,0.0642895790751493,0.0740953139320483,0.0731010408871356,1121.36981813694,1.19799081975754,1.3597894670435,3.0674903550015,20.8564951781919,0.083860914765442
2377,2.54746477787561,0.284211213916785,1.34288232522148,0.0642895790751493,0.0740953139320483,0.0731010408871356,1121.36981813694,1.19799081975754,1.3597894670435,3.0674903550015,20.8564951781919,0.083860914765442
2378,2.54746477787561,0.284211213916785,1.34288232522148,0.0642895790751493,0.0740953139320483,0.0731010408871356,1121.36981813694,1.19799081975754,1.3597894670435,3.0674903550015,20.8564951781919,0.083860914765442
2379,2.54746477787561,0.284211213916785,1.34288232522148,0.0642895790751493,0.0740953139320483,0.0731010408871356,1121.36981813694,1.19799081975754,1.3597894670435,3.0674903550015,20.8564951781919,0.083860914765442
2380,2.54746477787561,0.284211213916785,1.34288232522148,0.0642895790751493,0.0740953139320483,0.0731010408871356,1121.36981813694,1.19799081975754,1.3597894670435,3.0674903550015,20.8564951781919,0.083860914765442
2381,2.54746477787561,0.284211213916785,1.34288232522148,0.0642895790751493,0.0740953139320483,0.0731010408871356,1121.36981813694,1.19799081975754,1.3597894670435,3.0674903550015,20.8564951781919,0.083860914765442
2382,2.54746477787561,0.284211213916785,1.34288232522148,0.0642895790751493,0.0740953139320483,0.0731010408871356,1121.36981813694,1.19799081975754,1.3597894670435,3.0674903550015,20.8564951781919,0.083860914765442
2383,2.54746477787561,0.284211213916785,1.34288232522148,0.0642895790751493,0.0740953139320483,0.0731010408871356,1121.36981813694,1.19799081975754,1.3597894670435,3.0674903550015,20.8564951781919,0.083860914765442
2384,2.54746477787561,0.284211213916785,1.34288232522148,0.0642895790751493,0.0740953139320483,0.0731010408871356,1121.36981813694,1.19799081975754,1.3597894670435,3.0674903550015,20.8564951781919,0.083860914765442
2385,2.54746477787561,0.284211213916785,1.34288232522148,0.0642895790751493,0.0740953139320483,0.0731010408871356,1121.36981813694,1.19799081975754,1.3597894670435,3.0674903550015,20.8564951781919,0.083860914765442
2386,2.54746477787561,0.284211213916785,1.34288232522148,0.0642895790751493,0.0740953139320483,0.0731010408871356,1121.36981813694,1.19799081975754,1.3597894670435,3.0674903550015,20.8564951781919,0.083860914765442
2387,2.54746477787561,0.284211213916785,1.34288232522148,0.0642895790751493,0.0740953139320483,0.0731010408871356,1121.36981813694,1.19799081975754,1.3597894670435,3.0674903550015,20.8564951781919,0.083860914765442
2388,2.54746477787561,0.284211213916785,1.34288232522148,0.0642895790751493,0.0740953139320483,0.0731010408871356,1121.36981813694,1.19799081975754,1.3597894670435,3.0674903550015,20.8564951781919,0.083860914765442
2389,2.54746477787561,0.284211213916785,1.34288232522148,0.0642895790751493,0.0740953139320483,0.0731010408871356,1121.36981813694,1.19799081975754,1.3597894670435,3.0674903550015,20.8564951781919,0.083860914765442
2390,2.54746477787561,0.284211213916785,1.34288232522148,0.0642895790751493,0.0740953139320483,0.0731010408871356,1121.36981813694,1.19799081975754,1.3597894670435,3.0674903550015,20.8564951781919,0.083860914765442
2391,2.54746477787561,0.284211213916785,1.34288232522148,0.0642895790751493,0.0740953139320483,0.0731010408871356,1121.36981813694,1.19799081975754,1.3597894670435,3.0674903550015,20.8564951781919,0.083860914765442
2392,2.54746477787561,0.284211213916785,1.34288232522148,0.0642895790751493,0.0740953139320483,0.0731010408871356,1121.36981813694,1.19799081975754,1.3597894670435,3.0674903550015,20.8564951781919,0.083860914765442
2393,2.54746477787561,0.284211213916785,1.34288232522148,0.0642895790751493,0.0740953139320483,0.0731010408871356,1121.36981813694,1.19799081975754,1.3597894670435,3.0674903550015,20.8564951781919,0.083860914765442
2394,2.54746477787561,0.284211213916785,1.34288232522148,0.0642895790751493,0.0740953139320483,0.0731010408871356,1121.36981813694,1.19799081975754,1.3597894670435,3.0674903550015,20.8564951781919,0.083860914765442
2395,2.54746477787561,0.284211213916785,1.34288232522148,0.0642895790751493,0.0740953139320483,0.0731010408871356,1121.36981813694,1.19799081975754,1.3597894670435,3.0674903550015,20.8564951781919,0.083860914765442
2396,2.54746477787561,0.284211213916785,1.34288232522148,0.0642895790751493,0.0740953139320483,0.0731010408871356,1121.36981813694,1.19799081975754,1.3597894670435,3.0674903550015,20.8564951781919,0.083860914765442
2397,2.54746477787561,0.284211213916785,1.34288232522148,0.0642895790751493,0.0740953139320483,0.0731010408871356,1121.36981813694,1.19799081975754,1.3597894670435,3.0674903550015,20.8564951781919,0.083860914765442
2398,2.54746477787561,0.284211213916785,1.34288232522148,0.0642895790751493,0.0740953139320483,0.0731010408871356,1121.36981813694,1.19799081975754,1.3597894670435,3.0674903550015,20.8564951781919,0.083860914765442
2399,2.54746477787561,0.284211213916785,1.34288232522148,0.0642895790751493,0.0740953139320483,0.0731010408871356,1121.36981813694,1.19799081975754,1.3597894670435,3.0674903550015,20.8564951781919,0.083860914765442
2400,2.54746477787561,0.284211213916785,1.34288232522148,0.0642895790751493,0.0740953139320483,0.0731010408871356,1121.36981813694,1.19799081975754,1.3597894670435,3.0674903550015,20.8564951781919,0.083860914765442
2401,2.54746477787561,0.284211213916785,1.34288232522148,0.0642895790751493,0.0740953139320483,0.0731010408871356,1121.36981813694,1.19799081975754,1.3597894670435,3.0674903550015,20.8564951781919,0.083860914765442
2402,2.54746477787561,0.284211213916785,1.34288232522148,0.0642895790751493,0.0740953139320483,0.0731010408871356,1121.36981813694,1.19799081975754,1.3597894670435,3.0674903550015,20.8564951781919,0.083860914765442
2403,2.54746477787561,0.284211213916785,1.34288232522148,0.0642895790751493,0.0740953139320483,0.0731010408871356,1121.36981813694,1.19799081975754,1.3597894670435,3.0674903550015,20.8564951781919,0.083860914765442
2404,2.54746477787561,0.284211213916785,1.34288232522148,0.0642895790751493,0.0740953139320483,0.0731010408871356,1121.36981813694,1.19799081975754,1.3597894670435,3.0674903550015,20.8564951781919,0.083860914765442
2405,2.54746477787561,0.284211213916785,1.34288232522148,0.0642895790751493,0.0740953139320483,0.0731010408871356,1121.36981813694,1.19799081975754,1.3597894670435,3.0674903550015,20.8564951781919,0.083860914765442
2406,2.54746477787561,0.284211213916785,1.34288232522148,0.0642895790751493,0.0740953139320483,0.0731010408871356,1121.36981813694,1.19799081975754,1.3597894670435,3.0674903550015,20.8564951781919,0.083860914765442
2407,2.54746477787561,0.284211213916785,1.34288232522148,0.0642895790751493,0.0740953139320483,0.0731010408871356,1121.36981813694,1.19799081975754,1.3597894670435,3.0674903550015,20.8564951781919,0.083860914765442
2408,2.54746477787561,0.284211213916785,1.34288232522148,0.0642895790751493,0.0740953139320483,0.0731010408871356,1121.36981813694,1.19799081975754,1.3597894670435,3.0674903550015,20.8564951781919,0.083860914765442
2409,2.54746477787561,0.284211213916785,1.34288232522148,0.0642895790751493,0.0740953139320483,0.0731010408871356,1121.36981813694,1.19799081975754,1.3597894670435,3.0674903550015,20.8564951781919,0.083860914765442
2410,2.54746477787561,0.284211213916785,1.34288232522148,0.0642895790751493,0.0740953139320483,0.0731010408871356,1121.36981813694,1.19799081975754,1.3597894670435,3.0674903550015,20.8564951781919,0.083860914765442
2411,2.54746477787561,0.284211213916785,1.34288232522148,0.0642895790751493,0.0740953139320483,0.0731010408871356,1121.36981813694,1.19799081975754,1.3597894670435,3.0674903550015,20.8564951781919,0.083860914765442
2412,2.54746477787561,0.284211213916785,1.34288232522148,0.0642895790751493,0.0740953139320483,0.0731010408871356,1121.36981813694,1.19799081975754,1.3597894670435,3.0674903550015,20.8564951781919,0.083860914765442
2413,2.54746477787561,0.284211213916785,1.34288232522148,0.0642895790751493,0.0740953139320483,0.0731010408871356,1121.36981813694,1.19799081975754,1.3597894670435,3.0674903550015,20.8564951781919,0.083860914765442
2414,2.54746477787561,0.284211213916785,1.34288232522148,0.0642895790751493,0.0740953139320483,0.0731010408871356,1121.36981813694,1.19799081975754,1.3597894670435,3.0674903550015,20.8564951781919,0.083860914765442
2415,2.54746477787561,0.284211213916785,1.34288232522148,0.0642895790751493,0.0740953139320483,0.0731010408871356,1121.36981813694,1.19799081975754,1.3597894670435,3.0674903550015,20.8564951781919,0.083860914765442
2416,2.54746477787561,0.284211213916785,1.34288232522148,0.0642895790751493,0.0740953139320483,0.0731010408871356,1121.36981813694,1.19799081975754,1.3597894670435,3.0674903550015,20.8564951781919,0.083860914765442
2417,2.54746477787561,0.284211213916785,1.34288232522148,0.0642895790751493,0.0740953139320483,0.0731010408871356,1121.36981813694,1.19799081975754,1.3597894670435,3.0674903550015,20.8564951781919,0.083860914765442
2418,2.54746477787561,0.284211213916785,1.34288232522148,0.0642895790751493,0.0740953139320483,0.0731010408871356,1121.36981813694,1.19799081975754,1.3597894670435,3.0674903550015,20.8564951781919,0.083860914765442
2419,2.54746477787561,0.284211213916785,1.34288232522148,0.0642895790751493,0.0740953139320483,0.0731010408871356,1121.36981813694,1.19799081975754,1.3597894670435,3.0674903550015,20.8564951781919,0.083860914765442
2420,2.54746477787561,0.284211213916785,1.34288232522148,0.0642895790751493,0.0740953139320483,0.0731010408871356,1121.36981813694,1.19799081975754,1.3597894670435,3.0674903550015,20.8564951781919,0.083860914765442
2421,2.54746477787561,0.284211213916785,1.34288232522148,0.0642895790751493,0.0740953139320483,0.0731010408871356,1121.36981813694,1.19799081975754,1.3597894670435,3.0674903550015,20.8564951781919,0.083860914765442
2422,2.54746477787561,0.284211213916785,1.34288232522148,0.0642895790751493,0.0740953139320483,0.0731010408871356,1121.36981813694,1.19799081975754,1.3597894670435,3.0674903550015,20.8564951781919,0.083860914765442
2423,2.54746477787561,0.284211213916785,1.34288232522148,0.0642895790751493,0.0740953139320483,0.0731010408871356,1121.36981813694,1.19799081975754,1.3597894670435,3.0674903550015,20.8564951781919,0.083860914765442
2424,2.54746477787561,0.284211213916785,1.34288232522148,0.0642895790751493,0.0740953139320483,0.0731010408871356,1121.36981813694,1.19799081975754,1.3597894670435,3.0674903550015,20.8564951781919,0.083860914765442
2425,2.54746477787561,0.284211213916785,1.34288232522148,0.0642895790751493,0.0740953139320483,0.0731010408871356,1121.36981813694,1.19799081975754,1.3597894670435,3.0674903550015,20.8564951781919,0.083860914765442
2426,2.54746477787561,0.284211213916785,1.34288232522148,0.0642895790751493,0.0740953139320483,0.0731010408871356,1121.36981813694,1.19799081975754,1.3597894670435,3.0674903550015,20.8564951781919,0.083860914765442
2427,2.54746477787561,0.284211213916785,1.34288232522148,0.0642895790751493,0.0740953139320483,0.0731010408871356,1121.36981813694,1.19799081975754,1.3597894670435,3.0674903550015,20.8564951781919,0.083860914765442
2428,2.54746477787561,0.284211213916785,1.34288232522148,0.0642895790751493,0.0740953139320483,0.0731010408871356,1121.36981813694,1.19799081975754,1.3597894670435,3.0674903550015,20.8564951781919,0.083860914765442
2429,2.54746477787561,0.284211213916785,1.34288232522148,0.0642895790751493,0.0740953139320483,0.0731010408871356,1121.36981813694,1.19799081975754,1.3597894670435,3.0674903550015,20.8564951781919,0.083860914765442
2430,2.54746477787561,0.284211213916785,1.34288232522148,0.0642895790751493,0.0740953139320483,0.0731010408871356,1121.36981813694,1.19799081975754,1.3597894670435,3.0674903550015,20.8564951781919,0.083860914765442
2431,2.54746477787561,0.284211213916785,1.34288232522148,0.0642895790751493,0.0740953139320483,0.0731010408871356,1121.36981813694,1.19799081975754,1.3597894670435,3.0674903550015,20.8564951781919,0.083860914765442
2432,2.54746477787561,0.284211213916785,1.34288232522148,0.0642895790751493,0.0740953139320483,0.0731010408871356,1121.36981813694,1.19799081975754,1.3597894670435,3.0674903550015,20.8564951781919,0.083860914765442
2433,2.54746477787561,0.284211213916785,1.34288232522148,0.0642895790751493,0.0740953139320483,0.0731010408871356,1121.36981813694,1.19799081975754,1.3597894670435,3.0674903550015,20.8564951781919,0.083860914765442
2434,2.54746477787561,0.284211213916785,1.34288232522148,0.0642895790751493,0.0740953139320483,0.0731010408871356,1121.36981813694,1.19799081975754,1.3597894670435,3.0674903550015,20.8564951781919,0.083860914765442
2435,2.54746477787561,0.284211213916785,1.34288232522148,0.0642895790751493,0.0740953139320483,0.0731010408871356,1121.36981813694,1.19799081975754,1.3597894670435,3.0674903550015,20.8564951781919,0.083860914765442
2436,2.54746477787561,0.284211213916785,1.34288232522148,0.0642895790751493,0.0740953139320483,0.0731010408871356,1121.36981813694,1.19799081975754,1.3597894670435,3.0674903550015,20.8564951781919,0.083860914765442
2437,2.54746477787561,0.284211213916785,1.34288232522148,0.0642895790751493,0.0740953139320483,0.0731010408871356,1121.36981813694,1.19799081975754,1.3597894670435,3.0674903550015,20.8564951781919,0.083860914765442
2438,2.54746477787561,0.284211213916785,1.34288232522148,0.0642895790751493,0.0740953139320483,0.0731010408871356,1121.36981813694,1.19799081975754,1.3597894670435,3.0674903550015,20.8564951781919,0.083860914765442
2439,2.54746477787561,0.284211213916785,1.34288232522148,0.0642895790751493,0.0740953139320483,0.0731010408871356,1121.36981813694,1.19799081975754,1.3597894670435,3.0674903550015,20.8564951781919,0.083860914765442
2440,2.54746477787561,0.284211213916785,1.34288232522148,0.0642895790751493,0.0740953139320483,0.0731010408871356,1121.36981813694,1.19799081975754,1.3597894670435,3.0674903550015,20.8564951781919,0.083860914765442
2441,2.54746477787561,0.284211213916785,1.34288232522148,0.0642895790751493,0.0740953139320483,0.0731010408871356,1121.36981813694,1.19799081975754,1.3597894670435,3.0674903550015,20.8564951781919,0.083860914765442
2442,2.54746477787561,0.284211213916785,1.34288232522148,0.0642895790751493,0.0740953139320483,0.0731010408871356,1121.36981813694,1.19799081975754,1.3597894670435,3.0674903550015,20.8564951781919,0.083860914765442
2443,2.54746477787561,0.284211213916785,1.34288232522148,0.0642895790751493,0.0740953139320483,0.0731010408871356,1121.36981813694,1.19799081975754,1.3597894670435,3.0674903550015,20.8564951781919,0.083860914765442
2444,2.54746477787561,0.284211213916785,1.34288232522148,0.0642895790751493,0.0740953139320483,0.0731010408871356,1121.36981813694,1.19799081975754,1.3597894670435,3.0674903550015,20.8564951781919,0.083860914765442
2445,2.54746477787561,0.284211213916785,1.34288232522148,0.0642895790751493,0.0740953139320483,0.0731010408871356,1121.36981813694,1.19799081975754,1.3597894670435,3.0674903550015,20.8564951781919,0.083860914765442
2446,2.54746477787561,0.284211213916785,1.34288232522148,0.0642895790751493,0.0740953139320483,0.0731010408871356,1121.36981813694,1.19799081975754,1.3597894670435,3.0674903550015,20.8564951781919,0.083860914765442
2447,2.54746477787561,0.284211213916785,1.34288232522148,0.0642895790751493,0.0740953139320483,0.0731010408871356,1121.36981813694,1.19799081975754,1.3597894670435,3.0674903550015,20.8564951781919,0.083860914765442
2448,2.54746477787561,0.284211213916785,1.34288232522148,0.0642895790751493,0.0740953139320483,0.0731010408871356,1121.36981813694,1.19799081975754,1.3597894670435,3.0674903550015,20.8564951781919,0.083860914765442
2449,2.54746477787561,0.284211213916785,1.34288232522148,0.0642895790751493,0.0740953139320483,0.0731010408871356,1121.36981813694,1.19799081975754,1.3597894670435,3.0674903550015,20.8564951781919,0.083860914765442
2450,2.54746477787561,0.284211213916785,1.34288232522148,0.0642895790751493,0.0740953139320483,0.0731010408871356,1121.36981813694,1.19799081975754,1.3597894670435,3.0674903550015,20.8564951781919,0.083860914765442
2451,2.54746477787561,0.284211213916785,1.34288232522148,0.0642895790751493,0.0740953139320483,0.0731010408871356,1121.36981813694,1.19799081975754,1.3597894670435,3.0674903550015,20.8564951781919,0.083860914765442
2452,2.54746477787561,0.284211213916785,1.34288232522148,0.0642895790751493,0.0740953139320483,0.0731010408871356,1121.36981813694,1.19799081975754,1.3597894670435,3.0674903550015,20.8564951781919,0.083860914765442
2453,2.54746477787561,0.284211213916785,1.34288232522148,0.0642895790751493,0.0740953139320483,0.0731010408871356,1121.36981813694,1.19799081975754,1.3597894670435,3.0674903550015,20.8564951781919,0.083860914765442
2454,2.54746477787561,0.284211213916785,1.34288232522148,0.0642895790751493,0.0740953139320483,0.0731010408871356,1121.36981813694,1.19799081975754,1.3597894670435,3.0674903550015,20.8564951781919,0.083860914765442
2455,2.54746477787561,0.284211213916785,1.34288232522148,0.0642895790751493,0.0740953139320483,0.0731010408871356,1121.36981813694,1.19799081975754,1.3597894670435,3.0674903550015,20.8564951781919,0.083860914765442
2456,2.54746477787561,0.284211213916785,1.34288232522148,0.0642895790751493,0.0740953139320483,0.0731010408871356,1121.36981813694,1.19799081975754,1.3597894670435,3.0674903550015,20.8564951781919,0.083860914765442
2457,2.54746477787561,0.284211213916785,1.34288232522148,0.0642895790751493,0.0740953139320483,0.0731010408871356,1121.36981813694,1.19799081975754,1.3597894670435,3.0674903550015,20.8564951781919,0.083860914765442
2458,2.54746477787561,0.284211213916785,1.34288232522148,0.0642895790751493,0.0740953139320483,0.0731010408871356,1121.36981813694,1.19799081975754,1.3597894670435,3.0674903550015,20.8564951781919,0.083860914765442
2459,2.54746477787561,0.284211213916785,1.34288232522148,0.0642895790751493,0.0740953139320483,0.0731010408871356,1121.36981813694,1.19799081975754,1.3597894670435,3.0674903550015,20.8564951781919,0.083860914765442
2460,2.54746477787561,0.284211213916785,1.34288232522148,0.0642895790751493,0.0740953139320483,0.0731010408871356,1121.36981813694,1.19799081975754,1.3597894670435,3.0674903550015,20.8564951781919,0.083860914765442
2461,2.54746477787561,0.284211213916785,1.34288232522148,0.0642895790751493,0.0740953139320483,0.0731010408871356,1121.36981813694,1.19799081975754,1.3597894670435,3.0674903550015,20.8564951781919,0.083860914765442
2462,2.54746477787561,0.284211213916785,1.34288232522148,0.0642895790751493,0.0740953139320483,0.0731010408871356,1121.36981813694,1.19799081975754,1.3597894670435,3.0674903550015,20.8564951781919,0.083860914765442
2463,2.54746477787561,0.284211213916785,1.34288232522148,0.0642895790751493,0.0740953139320483,0.0731010408871356,1121.36981813694,1.19799081975754,1.3597894670435,3.0674903550015,20.8564951781919,0.083860914765442
2464,2.54746477787561,0.284211213916785,1.34288232522148,0.0642895790751493,0.0740953139320483,0.0731010408871356,1121.36981813694,1.19799081975754,1.3597894670435,3.0674903550015,20.8564951781919,0.083860914765442
2465,2.54746477787561,0.284211213916785,1.34288232522148,0.0642895790751493,0.0740953139320483,0.0731010408871356,1121.36981813694,1.19799081975754,1.3597894670435,3.0674903550015,20.8564951781919,0.083860914765442
2466,2.54746477787561,0.284211213916785,1.34288232522148,0.0642895790751493,0.0740953139320483,0.0731010408871356,1121.36981813694,1.19799081975754,1.3597894670435,3.0674903550015,20.8564951781919,0.083860914765442
2467,2.54746477787561,0.284211213916785,1.34288232522148,0.0642895790751493,0.0740953139320483,0.0731010408871356,1121.36981813694,1.19799081975754,1.3597894670435,3.0674903550015,20.8564951781919,0.083860914765442
2468,2.54746477787561,0.284211213916785,1.34288232522148,0.0642895790751493,0.0740953139320483,0.0731010408871356,1121.36981813694,1.19799081975754,1.3597894670435,3.0674903550015,20.8564951781919,0.083860914765442
2469,2.54746477787561,0.284211213916785,1.34288232522148,0.0642895790751493,0.0740953139320483,0.0731010408871356,1121.36981813694,1.19799081975754,1.3597894670435,3.0674903550015,20.8564951781919,0.083860914765442
2470,2.54746477787561,0.284211213916785,1.34288232522148,0.0642895790751493,0.0740953139320483,0.0731010408871356,1121.36981813694,1.19799081975754,1.3597894670435,3.0674903550015,20.8564951781919,0.083860914765442
2471,2.54746477787561,0.284211213916785,1.34288232522148,0.0642895790751493,0.0740953139320483,0.0731010408871356,1121.36981813694,1.19799081975754,1.3597894670435,3.0674903550015,20.8564951781919,0.083860914765442
2472,2.54746477787561,0.284211213916785,1.34288232522148,0.0642895790751493,0.0740953139320483,0.0731010408871356,1121.36981813694,1.19799081975754,1.3597894670435,3.0674903550015,20.8564951781919,0.083860914765442
2473,2.54746477787561,0.284211213916785,1.34288232522148,0.0642895790751493,0.0740953139320483,0.0731010408871356,1121.36981813694,1.19799081975754,1.3597894670435,3.0674903550015,20.8564951781919,0.083860914765442
2474,2.54746477787561,0.284211213916785,1.34288232522148,0.0642895790751493,0.0740953139320483,0.0731010408871356,1121.36981813694,1.19799081975754,1.3597894670435,3.0674903550015,20.8564951781919,0.083860914765442
2475,2.54746477787561,0.284211213916785,1.34288232522148,0.0642895790751493,0.0740953139320483,0.0731010408871356,1121.36981813694,1.19799081975754,1.3597894670435,3.0674903550015,20.8564951781919,0.083860914765442
2476,2.54746477787561,0.284211213916785,1.34288232522148,0.0642895790751493,0.0740953139320483,0.0731010408871356,1121.36981813694,1.19799081975754,1.3597894670435,3.0674903550015,20.8564951781919,0.083860914765442
2477,2.54746477787561,0.284211213916785,1.34288232522148,0.0642895790751493,0.0740953139320483,0.0731010408871356,1121.36981813694,1.19799081975754,1.3597894670435,3.0674903550015,20.8564951781919,0.083860914765442
2478,2.54746477787561,0.284211213916785,1.34288232522148,0.0642895790751493,0.0740953139320483,0.0731010408871356,1121.36981813694,1.19799081975754,1.3597894670435,3.0674903550015,20.8564951781919,0.083860914765442
2479,2.54746477787561,0.284211213916785,1.34288232522148,0.0642895790751493,0.0740953139320483,0.0731010408871356,1121.36981813694,1.19799081975754,1.3597894670435,3.0674903550015,20.8564951781919,0.083860914765442
2480,2.54746477787561,0.284211213916785,1.34288232522148,0.0642895790751493,0.0740953139320483,0.0731010408871356,1121.36981813694,1.19799081975754,1.3597894670435,3.0674903550015,20.8564951781919,0.083860914765442
2481,2.54746477787561,0.284211213916785,1.34288232522148,0.0642895790751493,0.0740953139320483,0.0731010408871356,1121.36981813694,1.19799081975754,1.3597894670435,3.0674903550015,20.8564951781919,0.083860914765442
2482,2.54746477787561,0.284211213916785,1.34288232522148,0.0642895790751493,0.0740953139320483,0.0731010408871356,1121.36981813694,1.19799081975754,1.3597894670435,3.0674903550015,20.8564951781919,0.083860914765442
2483,2.54746477787561,0.284211213916785,1.34288232522148,0.0642895790751493,0.0740953139320483,0.0731010408871356,1121.36981813694,1.19799081975754,1.3597894670435,3.0674903550015,20.8564951781919,0.083860914765442
2484,2.54746477787561,0.284211213916785,1.34288232522148,0.0642895790751493,0.0740953139320483,0.0731010408871356,1121.36981813694,1.19799081975754,1.3597894670435,3.0674903550015,20.8564951781919,0.083860914765442
2485,2.54746477787561,0.284211213916785,1.34288232522148,0.0642895790751493,0.0740953139320483,0.0731010408871356,1121.36981813694,1.19799081975754,1.3597894670435,3.0674903550015,20.8564951781919,0.083860914765442
2486,2.54746477787561,0.284211213916785,1.34288232522148,0.0642895790751493,0.0740953139320483,0.0731010408871356,1121.36981813694,1.19799081975754,1.3597894670435,3.0674903550015,20.8564951781919,0.083860914765442
2487,2.54746477787561,0.284211213916785,1.34288232522148,0.0642895790751493,0.0740953139320483,0.0731010408871356,1121.36981813694,1.19799081975754,1.3597894670435,3.0674903550015,20.8564951781919,0.083860914765442
2488,2.54746477787561,0.284211213916785,1.34288232522148,0.0642895790751493,0.0740953139320483,0.0731010408871356,1121.36981813694,1.19799081975754,1.3597894670435,3.0674903550015,20.8564951781919,0.083860914765442
2489,2.54746477787561,0.284211213916785,1.34288232522148,0.0642895790751493,0.0740953139320483,0.0731010408871356,1121.36981813694,1.19799081975754,1.3597894670435,3.0674903550015,20.8564951781919,0.083860914765442
2490,2.54746477787561,0.284211213916785,1.34288232522148,0.0642895790751493,0.0740953139320483,0.0731010408871356,1121.36981813694,1.19799081975754,1.3597894670435,3.0674903550015,20.8564951781919,0.083860914765442
2491,2.54746477787561,0.284211213916785,1.34288232522148,0.0642895790751493,0.0740953139320483,0.0731010408871356,1121.36981813694,1.19799081975754,1.3597894670435,3.0674903550015,20.8564951781919,0.083860914765442
2492,2.54746477787561,0.284211213916785,1.34288232522148,0.0642895790751493,0.0740953139320483,0.0731010408871356,1121.36981813694,1.19799081975754,1.3597894670435,3.0674903550015,20.8564951781919,0.083860914765442
2493,2.54746477787561,0.284211213916785,1.34288232522148,0.0642895790751493,0.0740953139320483,0.0731010408871356,1121.36981813694,1.19799081975754,1.3597894670435,3.0674903550015,20.8564951781919,0.083860914765442
2494,2.54746477787561,0.284211213916785,1.34288232522148,0.0642895790751493,0.0740953139320483,0.0731010408871356,1121.36981813694,1.19799081975754,1.3597894670435,3.0674903550015,20.8564951781919,0.083860914765442
2495,2.54746477787561,0.284211213916785,1.34288232522148,0.0642895790751493,0.0740953139320483,0.0731010408871356,1121.36981813694,1.19799081975754,1.3597894670435,3.0674903550015,20.8564951781919,0.083860914765442
2496,2.54746477787561,0.284211213916785,1.34288232522148,0.0642895790751493,0.0740953139320483,0.0731010408871356,1121.36981813694,1.19799081975754,1.3597894670435,3.0674903550015,20.8564951781919,0.083860914765442
2497,2.54746477787561,0.284211213916785,1.34288232522148,0.0642895790751493,0.0740953139320483,0.0731010408871356,1121.36981813694,1.19799081975754,1.3597894670435,3.0674903550015,20.8564951781919,0.083860914765442
2498,2.54746477787561,0.284211213916785,1.34288232522148,0.0642895790751493,0.0740953139320483,0.0731010408871356,1121.36981813694,1.19799081975754,1.3597894670435,3.0674903550015,20.8564951781919,0.083860914765442
2499,2.54746477787561,0.284211213916785,1.34288232522148,0.0642895790751493,0.0740953139320483,0.0731010408871356,1121.36981813694,1.19799081975754,1.3597894670435,3.0674903550015,20.8564951781919,0.083860914765442
2500,2.54746477787561,0.284211213916785,1.34288232522148,0.0642895790751493,0.0740953139320483,0.0731010408871356,1121.36981813694,1.19799081975754,1.3597894670435,3.0674903550015,20.8564951781919,0.083860914765442
2501,2.54746477787561,0.284211213916785,1.34288232522148,0.0642895790751493,0.0740953139320483,0.0731010408871356,1121.36981813694,1.19799081975754,1.3597894670435,3.0674903550015,20.8564951781919,0.083860914765442
2502,2.54746477787561,0.284211213916785,1.34288232522148,0.0642895790751493,0.0740953139320483,0.0731010408871356,1121.36981813694,1.19799081975754,1.3597894670435,3.0674903550015,20.8564951781919,0.083860914765442
2503,2.54746477787561,0.284211213916785,1.34288232522148,0.0642895790751493,0.0740953139320483,0.0731010408871356,1121.36981813694,1.19799081975754,1.3597894670435,3.0674903550015,20.8564951781919,0.083860914765442
2504,2.54746477787561,0.284211213916785,1.34288232522148,0.0642895790751493,0.0740953139320483,0.0731010408871356,1121.36981813694,1.19799081975754,1.3597894670435,3.0674903550015,20.8564951781919,0.083860914765442
2505,2.54746477787561,0.284211213916785,1.34288232522148,0.0642895790751493,0.0740953139320483,0.0731010408871356,1121.36981813694,1.19799081975754,1.3597894670435,3.0674903550015,20.8564951781919,0.083860914765442
2506,2.54746477787561,0.284211213916785,1.34288232522148,0.0642895790751493,0.0740953139320483,0.0731010408871356,1121.36981813694,1.19799081975754,1.3597894670435,3.0674903550015,20.8564951781919,0.083860914765442
2507,2.54746477787561,0.284211213916785,1.34288232522148,0.0642895790751493,0.0740953139320483,0.0731010408871356,1121.36981813694,1.19799081975754,1.3597894670435,3.0674903550015,20.8564951781919,0.083860914765442
2508,2.54746477787561,0.284211213916785,1.34288232522148,0.0642895790751493,0.0740953139320483,0.0731010408871356,1121.36981813694,1.19799081975754,1.3597894670435,3.0674903550015,20.8564951781919,0.083860914765442
2509,2.54746477787561,0.284211213916785,1.34288232522148,0.0642895790751493,0.0740953139320483,0.0731010408871356,1121.36981813694,1.19799081975754,1.3597894670435,3.0674903550015,20.8564951781919,0.083860914765442
2510,2.54746477787561,0.284211213916785,1.34288232522148,0.0642895790751493,0.0740953139320483,0.0731010408871356,1121.36981813694,1.19799081975754,1.3597894670435,3.0674903550015,20.8564951781919,0.083860914765442
2511,2.54746477787561,0.284211213916785,1.34288232522148,0.0642895790751493,0.0740953139320483,0.0731010408871356,1121.36981813694,1.19799081975754,1.3597894670435,3.0674903550015,20.8564951781919,0.083860914765442
2512,2.54746477787561,0.284211213916785,1.34288232522148,0.0642895790751493,0.0740953139320483,0.0731010408871356,1121.36981813694,1.19799081975754,1.3597894670435,3.0674903550015,20.8564951781919,0.083860914765442
2513,2.54746477787561,0.284211213916785,1.34288232522148,0.0642895790751493,0.0740953139320483,0.0731010408871356,1121.36981813694,1.19799081975754,1.3597894670435,3.0674903550015,20.8564951781919,0.083860914765442
2514,2.54746477787561,0.284211213916785,1.34288232522148,0.0642895790751493,0.0740953139320483,0.0731010408871356,1121.36981813694,1.19799081975754,1.3597894670435,3.0674903550015,20.8564951781919,0.083860914765442
2515,2.54746477787561,0.284211213916785,1.34288232522148,0.0642895790751493,0.0740953139320483,0.0731010408871356,1121.36981813694,1.19799081975754,1.3597894670435,3.0674903550015,20.8564951781919,0.083860914765442
2516,2.54746477787561,0.284211213916785,1.34288232522148,0.0642895790751493,0.0740953139320483,0.0731010408871356,1121.36981813694,1.19799081975754,1.3597894670435,3.0674903550015,20.8564951781919,0.083860914765442
2517,2.54746477787561,0.284211213916785,1.34288232522148,0.0642895790751493,0.0740953139320483,0.0731010408871356,1121.36981813694,1.19799081975754,1.3597894670435,3.0674903550015,20.8564951781919,0.083860914765442
2518,2.54746477787561,0.284211213916785,1.34288232522148,0.0642895790751493,0.0740953139320483,0.0731010408871356,1121.36981813694,1.19799081975754,1.3597894670435,3.0674903550015,20.8564951781919,0.083860914765442
2519,2.54746477787561,0.284211213916785,1.34288232522148,0.0642895790751493,0.0740953139320483,0.0731010408871356,1121.36981813694,1.19799081975754,1.3597894670435,3.0674903550015,20.8564951781919,0.083860914765442
2520,2.54746477787561,0.284211213916785,1.34288232522148,0.0642895790751493,0.0740953139320483,0.0731010408871356,1121.36981813694,1.19799081975754,1.3597894670435,3.0674903550015,20.8564951781919,0.083860914765442
2521,2.54746477787561,0.284211213916785,1.34288232522148,0.0642895790751493,0.0740953139320483,0.0731010408871356,1121.36981813694,1.19799081975754,1.3597894670435,3.0674903550015,20.8564951781919,0.083860914765442
2522,2.54746477787561,0.284211213916785,1.34288232522148,0.0642895790751493,0.0740953139320483,0.0731010408871356,1121.36981813694,1.19799081975754,1.3597894670435,3.0674903550015,20.8564951781919,0.083860914765442
2523,2.54746477787561,0.284211213916785,1.34288232522148,0.0642895790751493,0.0740953139320483,0.0731010408871356,1121.36981813694,1.19799081975754,1.3597894670435,3.0674903550015,20.8564951781919,0.083860914765442
2524,2.54746477787561,0.284211213916785,1.34288232522148,0.0642895790751493,0.0740953139320483,0.0731010408871356,1121.36981813694,1.19799081975754,1.3597894670435,3.0674903550015,20.8564951781919,0.083860914765442
2525,2.54746477787561,0.284211213916785,1.34288232522148,0.0642895790751493,0.0740953139320483,0.0731010408871356,1121.36981813694,1.19799081975754,1.3597894670435,3.0674903550015,20.8564951781919,0.083860914765442
2526,2.54746477787561,0.284211213916785,1.34288232522148,0.0642895790751493,0.0740953139320483,0.0731010408871356,1121.36981813694,1.19799081975754,1.3597894670435,3.0674903550015,20.8564951781919,0.083860914765442
2527,2.54746477787561,0.284211213916785,1.34288232522148,0.0642895790751493,0.0740953139320483,0.0731010408871356,1121.36981813694,1.19799081975754,1.3597894670435,3.0674903550015,20.8564951781919,0.083860914765442
2528,2.54746477787561,0.284211213916785,1.34288232522148,0.0642895790751493,0.0740953139320483,0.0731010408871356,1121.36981813694,1.19799081975754,1.3597894670435,3.0674903550015,20.8564951781919,0.083860914765442
2529,2.54746477787561,0.284211213916785,1.34288232522148,0.0642895790751493,0.0740953139320483,0.0731010408871356,1121.36981813694,1.19799081975754,1.3597894670435,3.0674903550015,20.8564951781919,0.083860914765442
2530,2.54746477787561,0.284211213916785,1.34288232522148,0.0642895790751493,0.0740953139320483,0.0731010408871356,1121.36981813694,1.19799081975754,1.3597894670435,3.0674903550015,20.8564951781919,0.083860914765442
2531,2.54746477787561,0.284211213916785,1.34288232522148,0.0642895790751493,0.0740953139320483,0.0731010408871356,1121.36981813694,1.19799081975754,1.3597894670435,3.0674903550015,20.8564951781919,0.083860914765442
2532,2.54746477787561,0.284211213916785,1.34288232522148,0.0642895790751493,0.0740953139320483,0.0731010408871356,1121.36981813694,1.19799081975754,1.3597894670435,3.0674903550015,20.8564951781919,0.083860914765442
2533,2.54746477787561,0.284211213916785,1.34288232522148,0.0642895790751493,0.0740953139320483,0.0731010408871356,1121.36981813694,1.19799081975754,1.3597894670435,3.0674903550015,20.8564951781919,0.083860914765442
2534,2.54746477787561,0.284211213916785,1.34288232522148,0.0642895790751493,0.0740953139320483,0.0731010408871356,1121.36981813694,1.19799081975754,1.3597894670435,3.0674903550015,20.8564951781919,0.083860914765442
2535,2.54746477787561,0.284211213916785,1.34288232522148,0.0642895790751493,0.0740953139320483,0.0731010408871356,1121.36981813694,1.19799081975754,1.3597894670435,3.0674903550015,20.8564951781919,0.083860914765442
2536,2.54746477787561,0.284211213916785,1.34288232522148,0.0642895790751493,0.0740953139320483,0.0731010408871356,1121.36981813694,1.19799081975754,1.3597894670435,3.0674903550015,20.8564951781919,0.083860914765442
2537,2.54746477787561,0.284211213916785,1.34288232522148,0.0642895790751493,0.0740953139320483,0.0731010408871356,1121.36981813694,1.19799081975754,1.3597894670435,3.0674903550015,20.8564951781919,0.083860914765442
2538,2.54746477787561,0.284211213916785,1.34288232522148,0.0642895790751493,0.0740953139320483,0.0731010408871356,1121.36981813694,1.19799081975754,1.3597894670435,3.0674903550015,20.8564951781919,0.083860914765442
2539,2.54746477787561,0.284211213916785,1.34288232522148,0.0642895790751493,0.0740953139320483,0.0731010408871356,1121.36981813694,1.19799081975754,1.3597894670435,3.0674903550015,20.8564951781919,0.083860914765442
2540,2.54746477787561,0.284211213916785,1.34288232522148,0.0642895790751493,0.0740953139320483,0.0731010408871356,1121.36981813694,1.19799081975754,1.3597894670435,3.0674903550015,20.8564951781919,0.083860914765442
2541,2.54746477787561,0.284211213916785,1.34288232522148,0.0642895790751493,0.0740953139320483,0.0731010408871356,1121.36981813694,1.19799081975754,1.3597894670435,3.0674903550015,20.8564951781919,0.083860914765442
2542,2.54746477787561,0.284211213916785,1.34288232522148,0.0642895790751493,0.0740953139320483,0.0731010408871356,1121.36981813694,1.19799081975754,1.3597894670435,3.0674903550015,20.8564951781919,0.083860914765442
2543,2.54746477787561,0.284211213916785,1.34288232522148,0.0642895790751493,0.0740953139320483,0.0731010408871356,1121.36981813694,1.19799081975754,1.3597894670435,3.0674903550015,20.8564951781919,0.083860914765442
2544,2.54746477787561,0.284211213916785,1.34288232522148,0.0642895790751493,0.0740953139320483,0.0731010408871356,1121.36981813694,1.19799081975754,1.3597894670435,3.0674903550015,20.8564951781919,0.083860914765442
2545,2.54746477787561,0.284211213916785,1.34288232522148,0.0642895790751493,0.0740953139320483,0.0731010408871356,1121.36981813694,1.19799081975754,1.3597894670435,3.0674903550015,20.8564951781919,0.083860914765442
2546,2.54746477787561,0.284211213916785,1.34288232522148,0.0642895790751493,0.0740953139320483,0.0731010408871356,1121.36981813694,1.19799081975754,1.3597894670435,3.0674903550015,20.8564951781919,0.083860914765442
2547,2.54746477787561,0.284211213916785,1.34288232522148,0.0642895790751493,0.0740953139320483,0.0731010408871356,1121.36981813694,1.19799081975754,1.3597894670435,3.0674903550015,20.8564951781919,0.083860914765442
2548,2.54746477787561,0.284211213916785,1.34288232522148,0.0642895790751493,0.0740953139320483,0.0731010408871356,1121.36981813694,1.19799081975754,1.3597894670435,3.0674903550015,20.8564951781919,0.083860914765442
2549,2.54746477787561,0.284211213916785,1.34288232522148,0.0642895790751493,0.0740953139320483,0.0731010408871356,1121.36981813694,1.19799081975754,1.3597894670435,3.0674903550015,20.8564951781919,0.083860914765442
2550,2.54746477787561,0.284211213916785,1.34288232522148,0.0642895790751493,0.0740953139320483,0.0731010408871356,1121.36981813694,1.19799081975754,1.3597894670435,3.0674903550015,20.8564951781919,0.083860914765442
2551,2.54746477787561,0.284211213916785,1.34288232522148,0.0642895790751493,0.0740953139320483,0.0731010408871356,1121.36981813694,1.19799081975754,1.3597894670435,3.0674903550015,20.8564951781919,0.083860914765442
2552,2.54746477787561,0.284211213916785,1.34288232522148,0.0642895790751493,0.0740953139320483,0.0731010408871356,1121.36981813694,1.19799081975754,1.3597894670435,3.0674903550015,20.8564951781919,0.083860914765442
2553,2.54746477787561,0.284211213916785,1.34288232522148,0.0642895790751493,0.0740953139320483,0.0731010408871356,1121.36981813694,1.19799081975754,1.3597894670435,3.0674903550015,20.8564951781919,0.083860914765442
2554,2.54746477787561,0.284211213916785,1.34288232522148,0.0642895790751493,0.0740953139320483,0.0731010408871356,1121.36981813694,1.19799081975754,1.3597894670435,3.0674903550015,20.8564951781919,0.083860914765442
2555,2.54746477787561,0.284211213916785,1.34288232522148,0.0642895790751493,0.0740953139320483,0.0731010408871356,1121.36981813694,1.19799081975754,1.3597894670435,3.0674903550015,20.8564951781919,0.083860914765442
2556,2.54746477787561,0.284211213916785,1.34288232522148,0.0642895790751493,0.0740953139320483,0.0731010408871356,1121.36981813694,1.19799081975754,1.3597894670435,3.0674903550015,20.8564951781919,0.083860914765442
2557,2.54746477787561,0.284211213916785,1.34288232522148,0.0642895790751493,0.0740953139320483,0.0731010408871356,1121.36981813694,1.19799081975754,1.3597894670435,3.0674903550015,20.8564951781919,0.083860914765442
2558,2.54746477787561,0.284211213916785,1.34288232522148,0.0642895790751493,0.0740953139320483,0.0731010408871356,1121.36981813694,1.19799081975754,1.3597894670435,3.0674903550015,20.8564951781919,0.083860914765442
2559,2.54746477787561,0.284211213916785,1.34288232522148,0.0642895790751493,0.0740953139320483,0.0731010408871356,1121.36981813694,1.19799081975754,1.3597894670435,3.0674903550015,20.8564951781919,0.083860914765442
2560,2.54746477787561,0.284211213916785,1.34288232522148,0.0642895790751493,0.0740953139320483,0.0731010408871356,1121.36981813694,1.19799081975754,1.3597894670435,3.0674903550015,20.8564951781919,0.083860914765442
2561,2.54746477787561,0.284211213916785,1.34288232522148,0.0642895790751493,0.0740953139320483,0.0731010408871356,1121.36981813694,1.19799081975754,1.3597894670435,3.0674903550015,20.8564951781919,0.083860914765442
2562,2.54746477787561,0.284211213916785,1.34288232522148,0.0642895790751493,0.0740953139320483,0.0731010408871356,1121.36981813694,1.19799081975754,1.3597894670435,3.0674903550015,20.8564951781919,0.083860914765442
2563,2.54746477787561,0.284211213916785,1.34288232522148,0.0642895790751493,0.0740953139320483,0.0731010408871356,1121.36981813694,1.19799081975754,1.3597894670435,3.0674903550015,20.8564951781919,0.083860914765442
2564,2.54746477787561,0.284211213916785,1.34288232522148,0.0642895790751493,0.0740953139320483,0.0731010408871356,1121.36981813694,1.19799081975754,1.3597894670435,3.0674903550015,20.8564951781919,0.083860914765442
2565,2.54746477787561,0.284211213916785,1.34288232522148,0.0642895790751493,0.0740953139320483,0.0731010408871356,1121.36981813694,1.19799081975754,1.3597894670435,3.0674903550015,20.8564951781919,0.083860914765442
2566,2.54746477787561,0.284211213916785,1.34288232522148,0.0642895790751493,0.0740953139320483,0.0731010408871356,1121.36981813694,1.19799081975754,1.3597894670435,3.0674903550015,20.8564951781919,0.083860914765442
2567,2.54746477787561,0.284211213916785,1.34288232522148,0.0642895790751493,0.0740953139320483,0.0731010408871356,1121.36981813694,1.19799081975754,1.3597894670435,3.0674903550015,20.8564951781919,0.083860914765442
2568,2.54746477787561,0.284211213916785,1.34288232522148,0.0642895790751493,0.0740953139320483,0.0731010408871356,1121.36981813694,1.19799081975754,1.3597894670435,3.0674903550015,20.8564951781919,0.083860914765442
2569,2.54746477787561,0.284211213916785,1.34288232522148,0.0642895790751493,0.0740953139320483,0.0731010408871356,1121.36981813694,1.19799081975754,1.3597894670435,3.0674903550015,20.8564951781919,0.083860914765442
2570,2.54746477787561,0.284211213916785,1.34288232522148,0.0642895790751493,0.0740953139320483,0.0731010408871356,1121.36981813694,1.19799081975754,1.3597894670435,3.0674903550015,20.8564951781919,0.083860914765442
2571,2.54746477787561,0.284211213916785,1.34288232522148,0.0642895790751493,0.0740953139320483,0.0731010408871356,1121.36981813694,1.19799081975754,1.3597894670435,3.0674903550015,20.8564951781919,0.083860914765442
2572,2.54746477787561,0.284211213916785,1.34288232522148,0.0642895790751493,0.0740953139320483,0.0731010408871356,1121.36981813694,1.19799081975754,1.3597894670435,3.0674903550015,20.8564951781919,0.083860914765442
2573,2.54746477787561,0.284211213916785,1.34288232522148,0.0642895790751493,0.0740953139320483,0.0731010408871356,1121.36981813694,1.19799081975754,1.3597894670435,3.0674903550015,20.8564951781919,0.083860914765442
2574,2.54746477787561,0.284211213916785,1.34288232522148,0.0642895790751493,0.0740953139320483,0.0731010408871356,1121.36981813694,1.19799081975754,1.3597894670435,3.0674903550015,20.8564951781919,0.083860914765442
2575,2.54746477787561,0.284211213916785,1.34288232522148,0.0642895790751493,0.0740953139320483,0.0731010408871356,1121.36981813694,1.19799081975754,1.3597894670435,3.0674903550015,20.8564951781919,0.083860914765442
2576,2.54746477787561,0.284211213916785,1.34288232522148,0.0642895790751493,0.0740953139320483,0.0731010408871356,1121.36981813694,1.19799081975754,1.3597894670435,3.0674903550015,20.8564951781919,0.083860914765442
2577,2.54746477787561,0.284211213916785,1.34288232522148,0.0642895790751493,0.0740953139320483,0.0731010408871356,1121.36981813694,1.19799081975754,1.3597894670435,3.0674903550015,20.8564951781919,0.083860914765442
2578,2.54746477787561,0.284211213916785,1.34288232522148,0.0642895790751493,0.0740953139320483,0.0731010408871356,1121.36981813694,1.19799081975754,1.3597894670435,3.0674903550015,20.8564951781919,0.083860914765442
2579,2.54746477787561,0.284211213916785,1.34288232522148,0.0642895790751493,0.0740953139320483,0.0731010408871356,1121.36981813694,1.19799081975754,1.3597894670435,3.0674903550015,20.8564951781919,0.083860914765442
2580,2.54746477787561,0.284211213916785,1.34288232522148,0.0642895790751493,0.0740953139320483,0.0731010408871356,1121.36981813694,1.19799081975754,1.3597894670435,3.0674903550015,20.8564951781919,0.083860914765442
2581,2.54746477787561,0.284211213916785,1.34288232522148,0.0642895790751493,0.0740953139320483,0.0731010408871356,1121.36981813694,1.19799081975754,1.3597894670435,3.0674903550015,20.8564951781919,0.083860914765442
2582,2.54746477787561,0.284211213916785,1.34288232522148,0.0642895790751493,0.0740953139320483,0.0731010408871356,1121.36981813694,1.19799081975754,1.3597894670435,3.0674903550015,20.8564951781919,0.083860914765442
2583,2.54746477787561,0.284211213916785,1.34288232522148,0.0642895790751493,0.0740953139320483,0.0731010408871356,1121.36981813694,1.19799081975754,1.3597894670435,3.0674903550015,20.8564951781919,0.083860914765442
2584,2.54746477787561,0.284211213916785,1.34288232522148,0.0642895790751493,0.0740953139320483,0.0731010408871356,1121.36981813694,1.19799081975754,1.3597894670435,3.0674903550015,20.8564951781919,0.083860914765442
2585,2.54746477787561,0.284211213916785,1.34288232522148,0.0642895790751493,0.0740953139320483,0.0731010408871356,1121.36981813694,1.19799081975754,1.3597894670435,3.0674903550015,20.8564951781919,0.083860914765442
2586,2.54746477787561,0.284211213916785,1.34288232522148,0.0642895790751493,0.0740953139320483,0.0731010408871356,1121.36981813694,1.19799081975754,1.3597894670435,3.0674903550015,20.8564951781919,0.083860914765442
2587,2.54746477787561,0.284211213916785,1.34288232522148,0.0642895790751493,0.0740953139320483,0.0731010408871356,1121.36981813694,1.19799081975754,1.3597894670435,3.0674903550015,20.8564951781919,0.083860914765442
2588,2.54746477787561,0.284211213916785,1.34288232522148,0.0642895790751493,0.0740953139320483,0.0731010408871356,1121.36981813694,1.19799081975754,1.3597894670435,3.0674903550015,20.8564951781919,0.083860914765442
2589,2.54746477787561,0.284211213916785,1.34288232522148,0.0642895790751493,0.0740953139320483,0.0731010408871356,1121.36981813694,1.19799081975754,1.3597894670435,3.0674903550015,20.8564951781919,0.083860914765442
2590,2.54746477787561,0.284211213916785,1.34288232522148,0.0642895790751493,0.0740953139320483,0.0731010408871356,1121.36981813694,1.19799081975754,1.3597894670435,3.0674903550015,20.8564951781919,0.083860914765442
2591,2.54746477787561,0.284211213916785,1.34288232522148,0.0642895790751493,0.0740953139320483,0.0731010408871356,1121.36981813694,1.19799081975754,1.3597894670435,3.0674903550015,20.8564951781919,0.083860914765442
2592,2.54746477787561,0.284211213916785,1.34288232522148,0.0642895790751493,0.0740953139320483,0.0731010408871356,1121.36981813694,1.19799081975754,1.3597894670435,3.0674903550015,20.8564951781919,0.083860914765442
2593,2.54746477787561,0.284211213916785,1.34288232522148,0.0642895790751493,0.0740953139320483,0.0731010408871356,1121.36981813694,1.19799081975754,1.3597894670435,3.0674903550015,20.8564951781919,0.083860914765442
2594,2.54746477787561,0.284211213916785,1.34288232522148,0.0642895790751493,0.0740953139320483,0.0731010408871356,1121.36981813694,1.19799081975754,1.3597894670435,3.0674903550015,20.8564951781919,0.083860914765442
2595,2.54746477787561,0.284211213916785,1.34288232522148,0.0642895790751493,0.0740953139320483,0.0731010408871356,1121.36981813694,1.19799081975754,1.3597894670435,3.0674903550015,20.8564951781919,0.083860914765442
2596,2.54746477787561,0.284211213916785,1.34288232522148,0.0642895790751493,0.0740953139320483,0.0731010408871356,1121.36981813694,1.19799081975754,1.3597894670435,3.0674903550015,20.8564951781919,0.083860914765442
2597,2.54746477787561,0.284211213916785,1.34288232522148,0.0642895790751493,0.0740953139320483,0.0731010408871356,1121.36981813694,1.19799081975754,1.3597894670435,3.0674903550015,20.8564951781919,0.083860914765442
2598,2.54746477787561,0.284211213916785,1.34288232522148,0.0642895790751493,0.0740953139320483,0.0731010408871356,1121.36981813694,1.19799081975754,1.3597894670435,3.0674903550015,20.8564951781919,0.083860914765442
2599,2.54746477787561,0.284211213916785,1.34288232522148,0.0642895790751493,0.0740953139320483,0.0731010408871356,1121.36981813694,1.19799081975754,1.3597894670435,3.0674903550015,20.8564951781919,0.083860914765442
2600,2.54746477787561,0.284211213916785,1.34288232522148,0.0642895790751493,0.0740953139320483,0.0731010408871356,1121.36981813694,1.19799081975754,1.3597894670435,3.0674903550015,20.8564951781919,0.083860914765442
2601,2.54746477787561,0.284211213916785,1.34288232522148,0.0642895790751493,0.0740953139320483,0.0731010408871356,1121.36981813694,1.19799081975754,1.3597894670435,3.0674903550015,20.8564951781919,0.083860914765442
2602,2.54746477787561,0.284211213916785,1.34288232522148,0.0642895790751493,0.0740953139320483,0.0731010408871356,1121.36981813694,1.19799081975754,1.3597894670435,3.0674903550015,20.8564951781919,0.083860914765442
2603,2.54746477787561,0.284211213916785,1.34288232522148,0.0642895790751493,0.0740953139320483,0.0731010408871356,1121.36981813694,1.19799081975754,1.3597894670435,3.0674903550015,20.8564951781919,0.083860914765442
2604,2.54746477787561,0.284211213916785,1.34288232522148,0.0642895790751493,0.0740953139320483,0.0731010408871356,1121.36981813694,1.19799081975754,1.3597894670435,3.0674903550015,20.8564951781919,0.083860914765442
2605,2.54746477787561,0.284211213916785,1.34288232522148,0.0642895790751493,0.0740953139320483,0.0731010408871356,1121.36981813694,1.19799081975754,1.3597894670435,3.0674903550015,20.8564951781919,0.083860914765442
2606,2.54746477787561,0.284211213916785,1.34288232522148,0.0642895790751493,0.0740953139320483,0.0731010408871356,1121.36981813694,1.19799081975754,1.3597894670435,3.0674903550015,20.8564951781919,0.083860914765442
2607,2.54746477787561,0.284211213916785,1.34288232522148,0.0642895790751493,0.0740953139320483,0.0731010408871356,1121.36981813694,1.19799081975754,1.3597894670435,3.0674903550015,20.8564951781919,0.083860914765442
2608,2.54746477787561,0.284211213916785,1.34288232522148,0.0642895790751493,0.0740953139320483,0.0731010408871356,1121.36981813694,1.19799081975754,1.3597894670435,3.0674903550015,20.8564951781919,0.083860914765442
2609,2.54746477787561,0.284211213916785,1.34288232522148,0.0642895790751493,0.0740953139320483,0.0731010408871356,1121.36981813694,1.19799081975754,1.3597894670435,3.0674903550015,20.8564951781919,0.083860914765442
2610,2.54746477787561,0.284211213916785,1.34288232522148,0.0642895790751493,0.0740953139320483,0.0731010408871356,1121.36981813694,1.19799081975754,1.3597894670435,3.0674903550015,20.8564951781919,0.083860914765442
2611,2.54746477787561,0.284211213916785,1.34288232522148,0.0642895790751493,0.0740953139320483,0.0731010408871356,1121.36981813694,1.19799081975754,1.3597894670435,3.0674903550015,20.8564951781919,0.083860914765442
2612,2.54746477787561,0.284211213916785,1.34288232522148,0.0642895790751493,0.0740953139320483,0.0731010408871356,1121.36981813694,1.19799081975754,1.3597894670435,3.0674903550015,20.8564951781919,0.083860914765442
2613,2.54746477787561,0.284211213916785,1.34288232522148,0.0642895790751493,0.0740953139320483,0.0731010408871356,1121.36981813694,1.19799081975754,1.3597894670435,3.0674903550015,20.8564951781919,0.083860914765442
2614,2.54746477787561,0.284211213916785,1.34288232522148,0.0642895790751493,0.0740953139320483,0.0731010408871356,1121.36981813694,1.19799081975754,1.3597894670435,3.0674903550015,20.8564951781919,0.083860914765442
2615,2.54746477787561,0.284211213916785,1.34288232522148,0.0642895790751493,0.0740953139320483,0.0731010408871356,1121.36981813694,1.19799081975754,1.3597894670435,3.0674903550015,20.8564951781919,0.083860914765442
2616,2.54746477787561,0.284211213916785,1.34288232522148,0.0642895790751493,0.0740953139320483,0.0731010408871356,1121.36981813694,1.19799081975754,1.3597894670435,3.0674903550015,20.8564951781919,0.083860914765442
2617,2.54746477787561,0.284211213916785,1.34288232522148,0.0642895790751493,0.0740953139320483,0.0731010408871356,1121.36981813694,1.19799081975754,1.3597894670435,3.0674903550015,20.8564951781919,0.083860914765442
2618,2.54746477787561,0.284211213916785,1.34288232522148,0.0642895790751493,0.0740953139320483,0.0731010408871356,1121.36981813694,1.19799081975754,1.3597894670435,3.0674903550015,20.8564951781919,0.083860914765442
2619,2.54746477787561,0.284211213916785,1.34288232522148,0.0642895790751493,0.0740953139320483,0.0731010408871356,1121.36981813694,1.19799081975754,1.3597894670435,3.0674903550015,20.8564951781919,0.083860914765442
2620,2.54746477787561,0.284211213916785,1.34288232522148,0.0642895790751493,0.0740953139320483,0.0731010408871356,1121.36981813694,1.19799081975754,1.3597894670435,3.0674903550015,20.8564951781919,0.083860914765442
2621,2.54746477787561,0.284211213916785,1.34288232522148,0.0642895790751493,0.0740953139320483,0.0731010408871356,1121.36981813694,1.19799081975754,1.3597894670435,3.0674903550015,20.8564951781919,0.083860914765442
2622,2.54746477787561,0.284211213916785,1.34288232522148,0.0642895790751493,0.0740953139320483,0.0731010408871356,1121.36981813694,1.19799081975754,1.3597894670435,3.0674903550015,20.8564951781919,0.083860914765442
2623,2.54746477787561,0.284211213916785,1.34288232522148,0.0642895790751493,0.0740953139320483,0.0731010408871356,1121.36981813694,1.19799081975754,1.3597894670435,3.0674903550015,20.8564951781919,0.083860914765442
2624,2.54746477787561,0.284211213916785,1.34288232522148,0.0642895790751493,0.0740953139320483,0.0731010408871356,1121.36981813694,1.19799081975754,1.3597894670435,3.0674903550015,20.8564951781919,0.083860914765442
2625,2.54746477787561,0.284211213916785,1.34288232522148,0.0642895790751493,0.0740953139320483,0.0731010408871356,1121.36981813694,1.19799081975754,1.3597894670435,3.0674903550015,20.8564951781919,0.083860914765442
2626,2.54746477787561,0.284211213916785,1.34288232522148,0.0642895790751493,0.0740953139320483,0.0731010408871356,1121.36981813694,1.19799081975754,1.3597894670435,3.0674903550015,20.8564951781919,0.083860914765442
2627,2.54746477787561,0.284211213916785,1.34288232522148,0.0642895790751493,0.0740953139320483,0.0731010408871356,1121.36981813694,1.19799081975754,1.3597894670435,3.0674903550015,20.8564951781919,0.083860914765442
2628,2.54746477787561,0.284211213916785,1.34288232522148,0.0642895790751493,0.0740953139320483,0.0731010408871356,1121.36981813694,1.19799081975754,1.3597894670435,3.0674903550015,20.8564951781919,0.083860914765442
2629,2.54746477787561,0.284211213916785,1.34288232522148,0.0642895790751493,0.0740953139320483,0.0731010408871356,1121.36981813694,1.19799081975754,1.3597894670435,3.0674903550015,20.8564951781919,0.083860914765442
2630,2.54746477787561,0.284211213916785,1.34288232522148,0.0642895790751493,0.0740953139320483,0.0731010408871356,1121.36981813694,1.19799081975754,1.3597894670435,3.0674903550015,20.8564951781919,0.083860914765442
2631,2.54746477787561,0.284211213916785,1.34288232522148,0.0642895790751493,0.0740953139320483,0.0731010408871356,1121.36981813694,1.19799081975754,1.3597894670435,3.0674903550015,20.8564951781919,0.083860914765442
2632,2.54746477787561,0.284211213916785,1.34288232522148,0.0642895790751493,0.0740953139320483,0.0731010408871356,1121.36981813694,1.19799081975754,1.3597894670435,3.0674903550015,20.8564951781919,0.083860914765442
2633,2.54746477787561,0.284211213916785,1.34288232522148,0.0642895790751493,0.0740953139320483,0.0731010408871356,1121.36981813694,1.19799081975754,1.3597894670435,3.0674903550015,20.8564951781919,0.083860914765442
2634,2.54746477787561,0.284211213916785,1.34288232522148,0.0642895790751493,0.0740953139320483,0.0731010408871356,1121.36981813694,1.19799081975754,1.3597894670435,3.0674903550015,20.8564951781919,0.083860914765442
2635,2.54746477787561,0.284211213916785,1.34288232522148,0.0642895790751493,0.0740953139320483,0.0731010408871356,1121.36981813694,1.19799081975754,1.3597894670435,3.0674903550015,20.8564951781919,0.083860914765442
2636,2.54746477787561,0.284211213916785,1.34288232522148,0.0642895790751493,0.0740953139320483,0.0731010408871356,1121.36981813694,1.19799081975754,1.3597894670435,3.0674903550015,20.8564951781919,0.083860914765442
2637,2.54746477787561,0.284211213916785,1.34288232522148,0.0642895790751493,0.0740953139320483,0.0731010408871356,1121.36981813694,1.19799081975754,1.3597894670435,3.0674903550015,20.8564951781919,0.083860914765442
2638,2.54746477787561,0.284211213916785,1.34288232522148,0.0642895790751493,0.0740953139320483,0.0731010408871356,1121.36981813694,1.19799081975754,1.3597894670435,3.0674903550015,20.8564951781919,0.083860914765442
2639,2.54746477787561,0.284211213916785,1.34288232522148,0.0642895790751493,0.0740953139320483,0.0731010408871356,1121.36981813694,1.19799081975754,1.3597894670435,3.0674903550015,20.8564951781919,0.083860914765442
2640,2.54746477787561,0.284211213916785,1.34288232522148,0.0642895790751493,0.0740953139320483,0.0731010408871356,1121.36981813694,1.19799081975754,1.3597894670435,3.0674903550015,20.8564951781919,0.083860914765442
2641,2.54746477787561,0.284211213916785,1.34288232522148,0.0642895790751493,0.0740953139320483,0.0731010408871356,1121.36981813694,1.19799081975754,1.3597894670435,3.0674903550015,20.8564951781919,0.083860914765442
2642,2.54746477787561,0.284211213916785,1.34288232522148,0.0642895790751493,0.0740953139320483,0.0731010408871356,1121.36981813694,1.19799081975754,1.3597894670435,3.0674903550015,20.8564951781919,0.083860914765442
2643,2.54746477787561,0.284211213916785,1.34288232522148,0.0642895790751493,0.0740953139320483,0.0731010408871356,1121.36981813694,1.19799081975754,1.3597894670435,3.0674903550015,20.8564951781919,0.083860914765442
2644,2.54746477787561,0.284211213916785,1.34288232522148,0.0642895790751493,0.0740953139320483,0.0731010408871356,1121.36981813694,1.19799081975754,1.3597894670435,3.0674903550015,20.8564951781919,0.083860914765442
2645,2.54746477787561,0.284211213916785,1.34288232522148,0.0642895790751493,0.0740953139320483,0.0731010408871356,1121.36981813694,1.19799081975754,1.3597894670435,3.0674903550015,20.8564951781919,0.083860914765442
2646,2.54746477787561,0.284211213916785,1.34288232522148,0.0642895790751493,0.0740953139320483,0.0731010408871356,1121.36981813694,1.19799081975754,1.3597894670435,3.0674903550015,20.8564951781919,0.083860914765442
2647,2.54746477787561,0.284211213916785,1.34288232522148,0.0642895790751493,0.0740953139320483,0.0731010408871356,1121.36981813694,1.19799081975754,1.3597894670435,3.0674903550015,20.8564951781919,0.083860914765442
2648,2.54746477787561,0.284211213916785,1.34288232522148,0.0642895790751493,0.0740953139320483,0.0731010408871356,1121.36981813694,1.19799081975754,1.3597894670435,3.0674903550015,20.8564951781919,0.083860914765442
2649,2.54746477787561,0.284211213916785,1.34288232522148,0.0642895790751493,0.0740953139320483,0.0731010408871356,1121.36981813694,1.19799081975754,1.3597894670435,3.0674903550015,20.8564951781919,0.083860914765442
2650,2.54746477787561,0.284211213916785,1.34288232522148,0.0642895790751493,0.0740953139320483,0.0731010408871356,1121.36981813694,1.19799081975754,1.3597894670435,3.0674903550015,20.8564951781919,0.083860914765442
2651,2.54746477787561,0.284211213916785,1.34288232522148,0.0642895790751493,0.0740953139320483,0.0731010408871356,1121.36981813694,1.19799081975754,1.3597894670435,3.0674903550015,20.8564951781919,0.083860914765442
2652,2.54746477787561,0.284211213916785,1.34288232522148,0.0642895790751493,0.0740953139320483,0.0731010408871356,1121.36981813694,1.19799081975754,1.3597894670435,3.0674903550015,20.8564951781919,0.083860914765442
2653,2.54746477787561,0.284211213916785,1.34288232522148,0.0642895790751493,0.0740953139320483,0.0731010408871356,1121.36981813694,1.19799081975754,1.3597894670435,3.0674903550015,20.8564951781919,0.083860914765442
2654,2.54746477787561,0.284211213916785,1.34288232522148,0.0642895790751493,0.0740953139320483,0.0731010408871356,1121.36981813694,1.19799081975754,1.3597894670435,3.0674903550015,20.8564951781919,0.083860914765442
2655,2.54746477787561,0.284211213916785,1.34288232522148,0.0642895790751493,0.0740953139320483,0.0731010408871356,1121.36981813694,1.19799081975754,1.3597894670435,3.0674903550015,20.8564951781919,0.083860914765442
2656,2.54746477787561,0.284211213916785,1.34288232522148,0.0642895790751493,0.0740953139320483,0.0731010408871356,1121.36981813694,1.19799081975754,1.3597894670435,3.0674903550015,20.8564951781919,0.083860914765442
2657,2.54746477787561,0.284211213916785,1.34288232522148,0.0642895790751493,0.0740953139320483,0.0731010408871356,1121.36981813694,1.19799081975754,1.3597894670435,3.0674903550015,20.8564951781919,0.083860914765442
2658,2.54746477787561,0.284211213916785,1.34288232522148,0.0642895790751493,0.0740953139320483,0.0731010408871356,1121.36981813694,1.19799081975754,1.3597894670435,3.0674903550015,20.8564951781919,0.083860914765442
2659,2.54746477787561,0.284211213916785,1.34288232522148,0.0642895790751493,0.0740953139320483,0.0731010408871356,1121.36981813694,1.19799081975754,1.3597894670435,3.0674903550015,20.8564951781919,0.083860914765442
2660,2.54746477787561,0.284211213916785,1.34288232522148,0.0642895790751493,0.0740953139320483,0.0731010408871356,1121.36981813694,1.19799081975754,1.3597894670435,3.0674903550015,20.8564951781919,0.083860914765442
2661,2.54746477787561,0.284211213916785,1.34288232522148,0.0642895790751493,0.0740953139320483,0.0731010408871356,1121.36981813694,1.19799081975754,1.3597894670435,3.0674903550015,20.8564951781919,0.083860914765442
2662,2.54746477787561,0.284211213916785,1.34288232522148,0.0642895790751493,0.0740953139320483,0.0731010408871356,1121.36981813694,1.19799081975754,1.3597894670435,3.0674903550015,20.8564951781919,0.083860914765442
2663,2.54746477787561,0.284211213916785,1.34288232522148,0.0642895790751493,0.0740953139320483,0.0731010408871356,1121.36981813694,1.19799081975754,1.3597894670435,3.0674903550015,20.8564951781919,0.083860914765442
2664,2.54746477787561,0.284211213916785,1.34288232522148,0.0642895790751493,0.0740953139320483,0.0731010408871356,1121.36981813694,1.19799081975754,1.3597894670435,3.0674903550015,20.8564951781919,0.083860914765442
2665,2.54746477787561,0.284211213916785,1.34288232522148,0.0642895790751493,0.0740953139320483,0.0731010408871356,1121.36981813694,1.19799081975754,1.3597894670435,3.0674903550015,20.8564951781919,0.083860914765442
2666,2.54746477787561,0.284211213916785,1.34288232522148,0.0642895790751493,0.0740953139320483,0.0731010408871356,1121.36981813694,1.19799081975754,1.3597894670435,3.0674903550015,20.8564951781919,0.083860914765442
2667,2.54746477787561,0.284211213916785,1.34288232522148,0.0642895790751493,0.0740953139320483,0.0731010408871356,1121.36981813694,1.19799081975754,1.3597894670435,3.0674903550015,20.8564951781919,0.083860914765442
2668,2.54746477787561,0.284211213916785,1.34288232522148,0.0642895790751493,0.0740953139320483,0.0731010408871356,1121.36981813694,1.19799081975754,1.3597894670435,3.0674903550015,20.8564951781919,0.083860914765442
2669,2.54746477787561,0.284211213916785,1.34288232522148,0.0642895790751493,0.0740953139320483,0.0731010408871356,1121.36981813694,1.19799081975754,1.3597894670435,3.0674903550015,20.8564951781919,0.083860914765442
2670,2.54746477787561,0.284211213916785,1.34288232522148,0.0642895790751493,0.0740953139320483,0.0731010408871356,1121.36981813694,1.19799081975754,1.3597894670435,3.0674903550015,20.8564951781919,0.083860914765442
2671,2.54746477787561,0.284211213916785,1.34288232522148,0.0642895790751493,0.0740953139320483,0.0731010408871356,1121.36981813694,1.19799081975754,1.3597894670435,3.0674903550015,20.8564951781919,0.083860914765442
2672,2.54746477787561,0.284211213916785,1.34288232522148,0.0642895790751493,0.0740953139320483,0.0731010408871356,1121.36981813694,1.19799081975754,1.3597894670435,3.0674903550015,20.8564951781919,0.083860914765442
2673,2.54746477787561,0.284211213916785,1.34288232522148,0.0642895790751493,0.0740953139320483,0.0731010408871356,1121.36981813694,1.19799081975754,1.3597894670435,3.0674903550015,20.8564951781919,0.083860914765442
2674,2.54746477787561,0.284211213916785,1.34288232522148,0.0642895790751493,0.0740953139320483,0.0731010408871356,1121.36981813694,1.19799081975754,1.3597894670435,3.0674903550015,20.8564951781919,0.083860914765442
2675,2.54746477787561,0.284211213916785,1.34288232522148,0.0642895790751493,0.0740953139320483,0.0731010408871356,1121.36981813694,1.19799081975754,1.3597894670435,3.0674903550015,20.8564951781919,0.083860914765442
2676,2.54746477787561,0.284211213916785,1.34288232522148,0.0642895790751493,0.0740953139320483,0.0731010408871356,1121.36981813694,1.19799081975754,1.3597894670435,3.0674903550015,20.8564951781919,0.083860914765442
2677,2.54746477787561,0.284211213916785,1.34288232522148,0.0642895790751493,0.0740953139320483,0.0731010408871356,1121.36981813694,1.19799081975754,1.3597894670435,3.0674903550015,20.8564951781919,0.083860914765442
2678,2.54746477787561,0.284211213916785,1.34288232522148,0.0642895790751493,0.0740953139320483,0.0731010408871356,1121.36981813694,1.19799081975754,1.3597894670435,3.0674903550015,20.8564951781919,0.083860914765442
2679,2.54746477787561,0.284211213916785,1.34288232522148,0.0642895790751493,0.0740953139320483,0.0731010408871356,1121.36981813694,1.19799081975754,1.3597894670435,3.0674903550015,20.8564951781919,0.083860914765442
2680,2.54746477787561,0.284211213916785,1.34288232522148,0.0642895790751493,0.0740953139320483,0.0731010408871356,1121.36981813694,1.19799081975754,1.3597894670435,3.0674903550015,20.8564951781919,0.083860914765442
2681,2.54746477787561,0.284211213916785,1.34288232522148,0.0642895790751493,0.0740953139320483,0.0731010408871356,1121.36981813694,1.19799081975754,1.3597894670435,3.0674903550015,20.8564951781919,0.083860914765442
2682,2.54746477787561,0.284211213916785,1.34288232522148,0.0642895790751493,0.0740953139320483,0.0731010408871356,1121.36981813694,1.19799081975754,1.3597894670435,3.0674903550015,20.8564951781919,0.083860914765442
2683,2.54746477787561,0.284211213916785,1.34288232522148,0.0642895790751493,0.0740953139320483,0.0731010408871356,1121.36981813694,1.19799081975754,1.3597894670435,3.0674903550015,20.8564951781919,0.083860914765442
2684,2.54746477787561,0.284211213916785,1.34288232522148,0.0642895790751493,0.0740953139320483,0.0731010408871356,1121.36981813694,1.19799081975754,1.3597894670435,3.0674903550015,20.8564951781919,0.083860914765442
2685,2.54746477787561,0.284211213916785,1.34288232522148,0.0642895790751493,0.0740953139320483,0.0731010408871356,1121.36981813694,1.19799081975754,1.3597894670435,3.0674903550015,20.8564951781919,0.083860914765442
2686,2.54746477787561,0.284211213916785,1.34288232522148,0.0642895790751493,0.0740953139320483,0.0731010408871356,1121.36981813694,1.19799081975754,1.3597894670435,3.0674903550015,20.8564951781919,0.083860914765442
2687,2.54746477787561,0.284211213916785,1.34288232522148,0.0642895790751493,0.0740953139320483,0.0731010408871356,1121.36981813694,1.19799081975754,1.3597894670435,3.0674903550015,20.8564951781919,0.083860914765442
2688,2.54746477787561,0.284211213916785,1.34288232522148,0.0642895790751493,0.0740953139320483,0.0731010408871356,1121.36981813694,1.19799081975754,1.3597894670435,3.0674903550015,20.8564951781919,0.083860914765442
2689,2.54746477787561,0.284211213916785,1.34288232522148,0.0642895790751493,0.0740953139320483,0.0731010408871356,1121.36981813694,1.19799081975754,1.3597894670435,3.0674903550015,20.8564951781919,0.083860914765442
2690,2.54746477787561,0.284211213916785,1.34288232522148,0.0642895790751493,0.0740953139320483,0.0731010408871356,1121.36981813694,1.19799081975754,1.3597894670435,3.0674903550015,20.8564951781919,0.083860914765442
2691,2.54746477787561,0.284211213916785,1.34288232522148,0.0642895790751493,0.0740953139320483,0.0731010408871356,1121.36981813694,1.19799081975754,1.3597894670435,3.0674903550015,20.8564951781919,0.083860914765442
2692,2.54746477787561,0.284211213916785,1.34288232522148,0.0642895790751493,0.0740953139320483,0.0731010408871356,1121.36981813694,1.19799081975754,1.3597894670435,3.0674903550015,20.8564951781919,0.083860914765442
2693,2.54746477787561,0.284211213916785,1.34288232522148,0.0642895790751493,0.0740953139320483,0.0731010408871356,1121.36981813694,1.19799081975754,1.3597894670435,3.0674903550015,20.8564951781919,0.083860914765442
2694,2.54746477787561,0.284211213916785,1.34288232522148,0.0642895790751493,0.0740953139320483,0.0731010408871356,1121.36981813694,1.19799081975754,1.3597894670435,3.0674903550015,20.8564951781919,0.083860914765442
2695,2.54746477787561,0.284211213916785,1.34288232522148,0.0642895790751493,0.0740953139320483,0.0731010408871356,1121.36981813694,1.19799081975754,1.3597894670435,3.0674903550015,20.8564951781919,0.083860914765442
2696,2.54746477787561,0.284211213916785,1.34288232522148,0.0642895790751493,0.0740953139320483,0.0731010408871356,1121.36981813694,1.19799081975754,1.3597894670435,3.0674903550015,20.8564951781919,0.083860914765442
2697,2.54746477787561,0.284211213916785,1.34288232522148,0.0642895790751493,0.0740953139320483,0.0731010408871356,1121.36981813694,1.19799081975754,1.3597894670435,3.0674903550015,20.8564951781919,0.083860914765442
2698,2.54746477787561,0.284211213916785,1.34288232522148,0.0642895790751493,0.0740953139320483,0.0731010408871356,1121.36981813694,1.19799081975754,1.3597894670435,3.0674903550015,20.8564951781919,0.083860914765442
2699,2.54746477787561,0.284211213916785,1.34288232522148,0.0642895790751493,0.0740953139320483,0.0731010408871356,1121.36981813694,1.19799081975754,1.3597894670435,3.0674903550015,20.8564951781919,0.083860914765442
2700,2.54746477787561,0.284211213916785,1.34288232522148,0.0642895790751493,0.0740953139320483,0.0731010408871356,1121.36981813694,1.19799081975754,1.3597894670435,3.0674903550015,20.8564951781919,0.083860914765442
2701,2.54746477787561,0.284211213916785,1.34288232522148,0.0642895790751493,0.0740953139320483,0.0731010408871356,1121.36981813694,1.19799081975754,1.3597894670435,3.0674903550015,20.8564951781919,0.083860914765442
2702,2.54746477787561,0.284211213916785,1.34288232522148,0.0642895790751493,0.0740953139320483,0.0731010408871356,1121.36981813694,1.19799081975754,1.3597894670435,3.0674903550015,20.8564951781919,0.083860914765442
2703,2.54746477787561,0.284211213916785,1.34288232522148,0.0642895790751493,0.0740953139320483,0.0731010408871356,1121.36981813694,1.19799081975754,1.3597894670435,3.0674903550015,20.8564951781919,0.083860914765442
2704,2.54746477787561,0.284211213916785,1.34288232522148,0.0642895790751493,0.0740953139320483,0.0731010408871356,1121.36981813694,1.19799081975754,1.3597894670435,3.0674903550015,20.8564951781919,0.083860914765442
2705,2.54746477787561,0.284211213916785,1.34288232522148,0.0642895790751493,0.0740953139320483,0.0731010408871356,1121.36981813694,1.19799081975754,1.3597894670435,3.0674903550015,20.8564951781919,0.083860914765442
2706,2.54746477787561,0.284211213916785,1.34288232522148,0.0642895790751493,0.0740953139320483,0.0731010408871356,1121.36981813694,1.19799081975754,1.3597894670435,3.0674903550015,20.8564951781919,0.083860914765442
2707,2.54746477787561,0.284211213916785,1.34288232522148,0.0642895790751493,0.0740953139320483,0.0731010408871356,1121.36981813694,1.19799081975754,1.3597894670435,3.0674903550015,20.8564951781919,0.083860914765442
2708,2.54746477787561,0.284211213916785,1.34288232522148,0.0642895790751493,0.0740953139320483,0.0731010408871356,1121.36981813694,1.19799081975754,1.3597894670435,3.0674903550015,20.8564951781919,0.083860914765442
2709,2.54746477787561,0.284211213916785,1.34288232522148,0.0642895790751493,0.0740953139320483,0.0731010408871356,1121.36981813694,1.19799081975754,1.3597894670435,3.0674903550015,20.8564951781919,0.083860914765442
2710,2.54746477787561,0.284211213916785,1.34288232522148,0.0642895790751493,0.0740953139320483,0.0731010408871356,1121.36981813694,1.19799081975754,1.3597894670435,3.0674903550015,20.8564951781919,0.083860914765442
2711,2.54746477787561,0.284211213916785,1.34288232522148,0.0642895790751493,0.0740953139320483,0.0731010408871356,1121.36981813694,1.19799081975754,1.3597894670435,3.0674903550015,20.8564951781919,0.083860914765442
2712,2.54746477787561,0.284211213916785,1.34288232522148,0.0642895790751493,0.0740953139320483,0.0731010408871356,1121.36981813694,1.19799081975754,1.3597894670435,3.0674903550015,20.8564951781919,0.083860914765442
2713,2.54746477787561,0.284211213916785,1.34288232522148,0.0642895790751493,0.0740953139320483,0.0731010408871356,1121.36981813694,1.19799081975754,1.3597894670435,3.0674903550015,20.8564951781919,0.083860914765442
2714,2.54746477787561,0.284211213916785,1.34288232522148,0.0642895790751493,0.0740953139320483,0.0731010408871356,1121.36981813694,1.19799081975754,1.3597894670435,3.0674903550015,20.8564951781919,0.083860914765442
2715,2.54746477787561,0.284211213916785,1.34288232522148,0.0642895790751493,0.0740953139320483,0.0731010408871356,1121.36981813694,1.19799081975754,1.3597894670435,3.0674903550015,20.8564951781919,0.083860914765442
2716,2.54746477787561,0.284211213916785,1.34288232522148,0.0642895790751493,0.0740953139320483,0.0731010408871356,1121.36981813694,1.19799081975754,1.3597894670435,3.0674903550015,20.8564951781919,0.083860914765442
2717,2.54746477787561,0.284211213916785,1.34288232522148,0.0642895790751493,0.0740953139320483,0.0731010408871356,1121.36981813694,1.19799081975754,1.3597894670435,3.0674903550015,20.8564951781919,0.083860914765442
2718,2.54746477787561,0.284211213916785,1.34288232522148,0.0642895790751493,0.0740953139320483,0.0731010408871356,1121.36981813694,1.19799081975754,1.3597894670435,3.0674903550015,20.8564951781919,0.083860914765442
2719,2.54746477787561,0.284211213916785,1.34288232522148,0.0642895790751493,0.0740953139320483,0.0731010408871356,1121.36981813694,1.19799081975754,1.3597894670435,3.0674903550015,20.8564951781919,0.083860914765442
2720,2.54746477787561,0.284211213916785,1.34288232522148,0.0642895790751493,0.0740953139320483,0.0731010408871356,1121.36981813694,1.19799081975754,1.3597894670435,3.0674903550015,20.8564951781919,0.083860914765442
2721,2.54746477787561,0.284211213916785,1.34288232522148,0.0642895790751493,0.0740953139320483,0.0731010408871356,1121.36981813694,1.19799081975754,1.3597894670435,3.0674903550015,20.8564951781919,0.083860914765442
2722,2.54746477787561,0.284211213916785,1.34288232522148,0.0642895790751493,0.0740953139320483,0.0731010408871356,1121.36981813694,1.19799081975754,1.3597894670435,3.0674903550015,20.8564951781919,0.083860914765442
2723,2.54746477787561,0.284211213916785,1.34288232522148,0.0642895790751493,0.0740953139320483,0.0731010408871356,1121.36981813694,1.19799081975754,1.3597894670435,3.0674903550015,20.8564951781919,0.083860914765442
2724,2.54746477787561,0.284211213916785,1.34288232522148,0.0642895790751493,0.0740953139320483,0.0731010408871356,1121.36981813694,1.19799081975754,1.3597894670435,3.0674903550015,20.8564951781919,0.083860914765442
2725,2.54746477787561,0.284211213916785,1.34288232522148,0.0642895790751493,0.0740953139320483,0.0731010408871356,1121.36981813694,1.19799081975754,1.3597894670435,3.0674903550015,20.8564951781919,0.083860914765442
2726,2.54746477787561,0.284211213916785,1.34288232522148,0.0642895790751493,0.0740953139320483,0.0731010408871356,1121.36981813694,1.19799081975754,1.3597894670435,3.0674903550015,20.8564951781919,0.083860914765442
2727,2.54746477787561,0.284211213916785,1.34288232522148,0.0642895790751493,0.0740953139320483,0.0731010408871356,1121.36981813694,1.19799081975754,1.3597894670435,3.0674903550015,20.8564951781919,0.083860914765442
2728,2.54746477787561,0.284211213916785,1.34288232522148,0.0642895790751493,0.0740953139320483,0.0731010408871356,1121.36981813694,1.19799081975754,1.3597894670435,3.0674903550015,20.8564951781919,0.083860914765442
2729,2.54746477787561,0.284211213916785,1.34288232522148,0.0642895790751493,0.0740953139320483,0.0731010408871356,1121.36981813694,1.19799081975754,1.3597894670435,3.0674903550015,20.8564951781919,0.083860914765442
2730,2.54746477787561,0.284211213916785,1.34288232522148,0.0642895790751493,0.0740953139320483,0.0731010408871356,1121.36981813694,1.19799081975754,1.3597894670435,3.0674903550015,20.8564951781919,0.083860914765442
2731,2.54746477787561,0.284211213916785,1.34288232522148,0.0642895790751493,0.0740953139320483,0.0731010408871356,1121.36981813694,1.19799081975754,1.3597894670435,3.0674903550015,20.8564951781919,0.083860914765442
2732,2.54746477787561,0.284211213916785,1.34288232522148,0.0642895790751493,0.0740953139320483,0.0731010408871356,1121.36981813694,1.19799081975754,1.3597894670435,3.0674903550015,20.8564951781919,0.083860914765442
2733,2.54746477787561,0.284211213916785,1.34288232522148,0.0642895790751493,0.0740953139320483,0.0731010408871356,1121.36981813694,1.19799081975754,1.3597894670435,3.0674903550015,20.8564951781919,0.083860914765442
2734,2.54746477787561,0.284211213916785,1.34288232522148,0.0642895790751493,0.0740953139320483,0.0731010408871356,1121.36981813694,1.19799081975754,1.3597894670435,3.0674903550015,20.8564951781919,0.083860914765442
2735,2.54746477787561,0.284211213916785,1.34288232522148,0.0642895790751493,0.0740953139320483,0.0731010408871356,1121.36981813694,1.19799081975754,1.3597894670435,3.0674903550015,20.8564951781919,0.083860914765442
2736,2.54746477787561,0.284211213916785,1.34288232522148,0.0642895790751493,0.0740953139320483,0.0731010408871356,1121.36981813694,1.19799081975754,1.3597894670435,3.0674903550015,20.8564951781919,0.083860914765442
2737,2.54746477787561,0.284211213916785,1.34288232522148,0.0642895790751493,0.0740953139320483,0.0731010408871356,1121.36981813694,1.19799081975754,1.3597894670435,3.0674903550015,20.8564951781919,0.083860914765442
2738,2.54746477787561,0.284211213916785,1.34288232522148,0.0642895790751493,0.0740953139320483,0.0731010408871356,1121.36981813694,1.19799081975754,1.3597894670435,3.0674903550015,20.8564951781919,0.083860914765442
2739,2.54746477787561,0.284211213916785,1.34288232522148,0.0642895790751493,0.0740953139320483,0.0731010408871356,1121.36981813694,1.19799081975754,1.3597894670435,3.0674903550015,20.8564951781919,0.083860914765442
2740,2.54746477787561,0.284211213916785,1.34288232522148,0.0642895790751493,0.0740953139320483,0.0731010408871356,1121.36981813694,1.19799081975754,1.3597894670435,3.0674903550015,20.8564951781919,0.083860914765442
2741,2.54746477787561,0.284211213916785,1.34288232522148,0.0642895790751493,0.0740953139320483,0.0731010408871356,1121.36981813694,1.19799081975754,1.3597894670435,3.0674903550015,20.8564951781919,0.083860914765442
2742,2.54746477787561,0.284211213916785,1.34288232522148,0.0642895790751493,0.0740953139320483,0.0731010408871356,1121.36981813694,1.19799081975754,1.3597894670435,3.0674903550015,20.8564951781919,0.083860914765442
2743,2.54746477787561,0.284211213916785,1.34288232522148,0.0642895790751493,0.0740953139320483,0.0731010408871356,1121.36981813694,1.19799081975754,1.3597894670435,3.0674903550015,20.8564951781919,0.083860914765442
2744,2.54746477787561,0.284211213916785,1.34288232522148,0.0642895790751493,0.0740953139320483,0.0731010408871356,1121.36981813694,1.19799081975754,1.3597894670435,3.0674903550015,20.8564951781919,0.083860914765442
2745,2.54746477787561,0.284211213916785,1.34288232522148,0.0642895790751493,0.0740953139320483,0.0731010408871356,1121.36981813694,1.19799081975754,1.3597894670435,3.0674903550015,20.8564951781919,0.083860914765442
2746,2.54746477787561,0.284211213916785,1.34288232522148,0.0642895790751493,0.0740953139320483,0.0731010408871356,1121.36981813694,1.19799081975754,1.3597894670435,3.0674903550015,20.8564951781919,0.083860914765442
2747,2.54746477787561,0.284211213916785,1.34288232522148,0.0642895790751493,0.0740953139320483,0.0731010408871356,1121.36981813694,1.19799081975754,1.3597894670435,3.0674903550015,20.8564951781919,0.083860914765442
2748,2.54746477787561,0.284211213916785,1.34288232522148,0.0642895790751493,0.0740953139320483,0.0731010408871356,1121.36981813694,1.19799081975754,1.3597894670435,3.0674903550015,20.8564951781919,0.083860914765442
2749,2.54746477787561,0.284211213916785,1.34288232522148,0.0642895790751493,0.0740953139320483,0.0731010408871356,1121.36981813694,1.19799081975754,1.3597894670435,3.0674903550015,20.8564951781919,0.083860914765442
2750,2.54746477787561,0.284211213916785,1.34288232522148,0.0642895790751493,0.0740953139320483,0.0731010408871356,1121.36981813694,1.19799081975754,1.3597894670435,3.0674903550015,20.8564951781919,0.083860914765442
2751,2.54746477787561,0.284211213916785,1.34288232522148,0.0642895790751493,0.0740953139320483,0.0731010408871356,1121.36981813694,1.19799081975754,1.3597894670435,3.0674903550015,20.8564951781919,0.083860914765442
2752,2.54746477787561,0.284211213916785,1.34288232522148,0.0642895790751493,0.0740953139320483,0.0731010408871356,1121.36981813694,1.19799081975754,1.3597894670435,3.0674903550015,20.8564951781919,0.083860914765442
2753,2.54746477787561,0.284211213916785,1.34288232522148,0.0642895790751493,0.0740953139320483,0.0731010408871356,1121.36981813694,1.19799081975754,1.3597894670435,3.0674903550015,20.8564951781919,0.083860914765442
2754,2.54746477787561,0.284211213916785,1.34288232522148,0.0642895790751493,0.0740953139320483,0.0731010408871356,1121.36981813694,1.19799081975754,1.3597894670435,3.0674903550015,20.8564951781919,0.083860914765442
2755,2.54746477787561,0.284211213916785,1.34288232522148,0.0642895790751493,0.0740953139320483,0.0731010408871356,1121.36981813694,1.19799081975754,1.3597894670435,3.0674903550015,20.8564951781919,0.083860914765442
2756,2.54746477787561,0.284211213916785,1.34288232522148,0.0642895790751493,0.0740953139320483,0.0731010408871356,1121.36981813694,1.19799081975754,1.3597894670435,3.0674903550015,20.8564951781919,0.083860914765442
2757,2.54746477787561,0.284211213916785,1.34288232522148,0.0642895790751493,0.0740953139320483,0.0731010408871356,1121.36981813694,1.19799081975754,1.3597894670435,3.0674903550015,20.8564951781919,0.083860914765442
2758,2.54746477787561,0.284211213916785,1.34288232522148,0.0642895790751493,0.0740953139320483,0.0731010408871356,1121.36981813694,1.19799081975754,1.3597894670435,3.0674903550015,20.8564951781919,0.083860914765442
2759,2.54746477787561,0.284211213916785,1.34288232522148,0.0642895790751493,0.0740953139320483,0.0731010408871356,1121.36981813694,1.19799081975754,1.3597894670435,3.0674903550015,20.8564951781919,0.083860914765442
2760,2.54746477787561,0.284211213916785,1.34288232522148,0.0642895790751493,0.0740953139320483,0.0731010408871356,1121.36981813694,1.19799081975754,1.3597894670435,3.0674903550015,20.8564951781919,0.083860914765442
2761,2.54746477787561,0.284211213916785,1.34288232522148,0.0642895790751493,0.0740953139320483,0.0731010408871356,1121.36981813694,1.19799081975754,1.3597894670435,3.0674903550015,20.8564951781919,0.083860914765442
2762,2.54746477787561,0.284211213916785,1.34288232522148,0.0642895790751493,0.0740953139320483,0.0731010408871356,1121.36981813694,1.19799081975754,1.3597894670435,3.0674903550015,20.8564951781919,0.083860914765442
2763,2.54746477787561,0.284211213916785,1.34288232522148,0.0642895790751493,0.0740953139320483,0.0731010408871356,1121.36981813694,1.19799081975754,1.3597894670435,3.0674903550015,20.8564951781919,0.083860914765442
2764,2.54746477787561,0.284211213916785,1.34288232522148,0.0642895790751493,0.0740953139320483,0.0731010408871356,1121.36981813694,1.19799081975754,1.3597894670435,3.0674903550015,20.8564951781919,0.083860914765442
2765,2.54746477787561,0.284211213916785,1.34288232522148,0.0642895790751493,0.0740953139320483,0.0731010408871356,1121.36981813694,1.19799081975754,1.3597894670435,3.0674903550015,20.8564951781919,0.083860914765442
2766,2.54746477787561,0.284211213916785,1.34288232522148,0.0642895790751493,0.0740953139320483,0.0731010408871356,1121.36981813694,1.19799081975754,1.3597894670435,3.0674903550015,20.8564951781919,0.083860914765442
2767,2.54746477787561,0.284211213916785,1.34288232522148,0.0642895790751493,0.0740953139320483,0.0731010408871356,1121.36981813694,1.19799081975754,1.3597894670435,3.0674903550015,20.8564951781919,0.083860914765442
2768,2.54746477787561,0.284211213916785,1.34288232522148,0.0642895790751493,0.0740953139320483,0.0731010408871356,1121.36981813694,1.19799081975754,1.3597894670435,3.0674903550015,20.8564951781919,0.083860914765442
2769,2.54746477787561,0.284211213916785,1.34288232522148,0.0642895790751493,0.0740953139320483,0.0731010408871356,1121.36981813694,1.19799081975754,1.3597894670435,3.0674903550015,20.8564951781919,0.083860914765442
2770,2.54746477787561,0.284211213916785,1.34288232522148,0.0642895790751493,0.0740953139320483,0.0731010408871356,1121.36981813694,1.19799081975754,1.3597894670435,3.0674903550015,20.8564951781919,0.083860914765442
2771,2.54746477787561,0.284211213916785,1.34288232522148,0.0642895790751493,0.0740953139320483,0.0731010408871356,1121.36981813694,1.19799081975754,1.3597894670435,3.0674903550015,20.8564951781919,0.083860914765442
2772,2.54746477787561,0.284211213916785,1.34288232522148,0.0642895790751493,0.0740953139320483,0.0731010408871356,1121.36981813694,1.19799081975754,1.3597894670435,3.0674903550015,20.8564951781919,0.083860914765442
2773,2.54746477787561,0.284211213916785,1.34288232522148,0.0642895790751493,0.0740953139320483,0.0731010408871356,1121.36981813694,1.19799081975754,1.3597894670435,3.0674903550015,20.8564951781919,0.083860914765442
2774,2.54746477787561,0.284211213916785,1.34288232522148,0.0642895790751493,0.0740953139320483,0.0731010408871356,1121.36981813694,1.19799081975754,1.3597894670435,3.0674903550015,20.8564951781919,0.083860914765442
2775,2.54746477787561,0.284211213916785,1.34288232522148,0.0642895790751493,0.0740953139320483,0.0731010408871356,1121.36981813694,1.19799081975754,1.3597894670435,3.0674903550015,20.8564951781919,0.083860914765442
2776,2.54746477787561,0.284211213916785,1.34288232522148,0.0642895790751493,0.0740953139320483,0.0731010408871356,1121.36981813694,1.19799081975754,1.3597894670435,3.0674903550015,20.8564951781919,0.083860914765442
2777,2.54746477787561,0.284211213916785,1.34288232522148,0.0642895790751493,0.0740953139320483,0.0731010408871356,1121.36981813694,1.19799081975754,1.3597894670435,3.0674903550015,20.8564951781919,0.083860914765442
2778,2.54746477787561,0.284211213916785,1.34288232522148,0.0642895790751493,0.0740953139320483,0.0731010408871356,1121.36981813694,1.19799081975754,1.3597894670435,3.0674903550015,20.8564951781919,0.083860914765442
2779,2.54746477787561,0.284211213916785,1.34288232522148,0.0642895790751493,0.0740953139320483,0.0731010408871356,1121.36981813694,1.19799081975754,1.3597894670435,3.0674903550015,20.8564951781919,0.083860914765442
2780,2.54746477787561,0.284211213916785,1.34288232522148,0.0642895790751493,0.0740953139320483,0.0731010408871356,1121.36981813694,1.19799081975754,1.3597894670435,3.0674903550015,20.8564951781919,0.083860914765442
2781,2.54746477787561,0.284211213916785,1.34288232522148,0.0642895790751493,0.0740953139320483,0.0731010408871356,1121.36981813694,1.19799081975754,1.3597894670435,3.0674903550015,20.8564951781919,0.083860914765442
2782,2.54746477787561,0.284211213916785,1.34288232522148,0.0642895790751493,0.0740953139320483,0.0731010408871356,1121.36981813694,1.19799081975754,1.3597894670435,3.0674903550015,20.8564951781919,0.083860914765442
2783,2.54746477787561,0.284211213916785,1.34288232522148,0.0642895790751493,0.0740953139320483,0.0731010408871356,1121.36981813694,1.19799081975754,1.3597894670435,3.0674903550015,20.8564951781919,0.083860914765442
2784,2.54746477787561,0.284211213916785,1.34288232522148,0.0642895790751493,0.0740953139320483,0.0731010408871356,1121.36981813694,1.19799081975754,1.3597894670435,3.0674903550015,20.8564951781919,0.083860914765442
2785,2.54746477787561,0.284211213916785,1.34288232522148,0.0642895790751493,0.0740953139320483,0.0731010408871356,1121.36981813694,1.19799081975754,1.3597894670435,3.0674903550015,20.8564951781919,0.083860914765442
2786,2.54746477787561,0.284211213916785,1.34288232522148,0.0642895790751493,0.0740953139320483,0.0731010408871356,1121.36981813694,1.19799081975754,1.3597894670435,3.0674903550015,20.8564951781919,0.083860914765442
2787,2.54746477787561,0.284211213916785,1.34288232522148,0.0642895790751493,0.0740953139320483,0.0731010408871356,1121.36981813694,1.19799081975754,1.3597894670435,3.0674903550015,20.8564951781919,0.083860914765442
2788,2.54746477787561,0.284211213916785,1.34288232522148,0.0642895790751493,0.0740953139320483,0.0731010408871356,1121.36981813694,1.19799081975754,1.3597894670435,3.0674903550015,20.8564951781919,0.083860914765442
2789,2.54746477787561,0.284211213916785,1.34288232522148,0.0642895790751493,0.0740953139320483,0.0731010408871356,1121.36981813694,1.19799081975754,1.3597894670435,3.0674903550015,20.8564951781919,0.083860914765442
2790,2.54746477787561,0.284211213916785,1.34288232522148,0.0642895790751493,0.0740953139320483,0.0731010408871356,1121.36981813694,1.19799081975754,1.3597894670435,3.0674903550015,20.8564951781919,0.083860914765442
2791,2.54746477787561,0.284211213916785,1.34288232522148,0.0642895790751493,0.0740953139320483,0.0731010408871356,1121.36981813694,1.19799081975754,1.3597894670435,3.0674903550015,20.8564951781919,0.083860914765442
2792,2.54746477787561,0.284211213916785,1.34288232522148,0.0642895790751493,0.0740953139320483,0.0731010408871356,1121.36981813694,1.19799081975754,1.3597894670435,3.0674903550015,20.8564951781919,0.083860914765442
2793,2.54746477787561,0.284211213916785,1.34288232522148,0.0642895790751493,0.0740953139320483,0.0731010408871356,1121.36981813694,1.19799081975754,1.3597894670435,3.0674903550015,20.8564951781919,0.083860914765442
2794,2.54746477787561,0.284211213916785,1.34288232522148,0.0642895790751493,0.0740953139320483,0.0731010408871356,1121.36981813694,1.19799081975754,1.3597894670435,3.0674903550015,20.8564951781919,0.083860914765442
2795,2.54746477787561,0.284211213916785,1.34288232522148,0.0642895790751493,0.0740953139320483,0.0731010408871356,1121.36981813694,1.19799081975754,1.3597894670435,3.0674903550015,20.8564951781919,0.083860914765442
2796,2.54746477787561,0.284211213916785,1.34288232522148,0.0642895790751493,0.0740953139320483,0.0731010408871356,1121.36981813694,1.19799081975754,1.3597894670435,3.0674903550015,20.8564951781919,0.083860914765442
2797,2.54746477787561,0.284211213916785,1.34288232522148,0.0642895790751493,0.0740953139320483,0.0731010408871356,1121.36981813694,1.19799081975754,1.3597894670435,3.0674903550015,20.8564951781919,0.083860914765442
2798,2.54746477787561,0.284211213916785,1.34288232522148,0.0642895790751493,0.0740953139320483,0.0731010408871356,1121.36981813694,1.19799081975754,1.3597894670435,3.0674903550015,20.8564951781919,0.083860914765442
2799,2.54746477787561,0.284211213916785,1.34288232522148,0.0642895790751493,0.0740953139320483,0.0731010408871356,1121.36981813694,1.19799081975754,1.3597894670435,3.0674903550015,20.8564951781919,0.083860914765442
2800,2.54746477787561,0.284211213916785,1.34288232522148,0.0642895790751493,0.0740953139320483,0.0731010408871356,1121.36981813694,1.19799081975754,1.3597894670435,3.0674903550015,20.8564951781919,0.083860914765442
2801,2.54746477787561,0.284211213916785,1.34288232522148,0.0642895790751493,0.0740953139320483,0.0731010408871356,1121.36981813694,1.19799081975754,1.3597894670435,3.0674903550015,20.8564951781919,0.083860914765442
2802,2.54746477787561,0.284211213916785,1.34288232522148,0.0642895790751493,0.0740953139320483,0.0731010408871356,1121.36981813694,1.19799081975754,1.3597894670435,3.0674903550015,20.8564951781919,0.083860914765442
2803,2.54746477787561,0.284211213916785,1.34288232522148,0.0642895790751493,0.0740953139320483,0.0731010408871356,1121.36981813694,1.19799081975754,1.3597894670435,3.0674903550015,20.8564951781919,0.083860914765442
2804,2.54746477787561,0.284211213916785,1.34288232522148,0.0642895790751493,0.0740953139320483,0.0731010408871356,1121.36981813694,1.19799081975754,1.3597894670435,3.0674903550015,20.8564951781919,0.083860914765442
2805,2.54746477787561,0.284211213916785,1.34288232522148,0.0642895790751493,0.0740953139320483,0.0731010408871356,1121.36981813694,1.19799081975754,1.3597894670435,3.0674903550015,20.8564951781919,0.083860914765442
2806,2.54746477787561,0.284211213916785,1.34288232522148,0.0642895790751493,0.0740953139320483,0.0731010408871356,1121.36981813694,1.19799081975754,1.3597894670435,3.0674903550015,20.8564951781919,0.083860914765442
2807,2.54746477787561,0.284211213916785,1.34288232522148,0.0642895790751493,0.0740953139320483,0.0731010408871356,1121.36981813694,1.19799081975754,1.3597894670435,3.0674903550015,20.8564951781919,0.083860914765442
2808,2.54746477787561,0.284211213916785,1.34288232522148,0.0642895790751493,0.0740953139320483,0.0731010408871356,1121.36981813694,1.19799081975754,1.3597894670435,3.0674903550015,20.8564951781919,0.083860914765442
2809,2.54746477787561,0.284211213916785,1.34288232522148,0.0642895790751493,0.0740953139320483,0.0731010408871356,1121.36981813694,1.19799081975754,1.3597894670435,3.0674903550015,20.8564951781919,0.083860914765442
2810,2.54746477787561,0.284211213916785,1.34288232522148,0.0642895790751493,0.0740953139320483,0.0731010408871356,1121.36981813694,1.19799081975754,1.3597894670435,3.0674903550015,20.8564951781919,0.083860914765442
2811,2.54746477787561,0.284211213916785,1.34288232522148,0.0642895790751493,0.0740953139320483,0.0731010408871356,1121.36981813694,1.19799081975754,1.3597894670435,3.0674903550015,20.8564951781919,0.083860914765442
2812,2.54746477787561,0.284211213916785,1.34288232522148,0.0642895790751493,0.0740953139320483,0.0731010408871356,1121.36981813694,1.19799081975754,1.3597894670435,3.0674903550015,20.8564951781919,0.083860914765442
2813,2.54746477787561,0.284211213916785,1.34288232522148,0.0642895790751493,0.0740953139320483,0.0731010408871356,1121.36981813694,1.19799081975754,1.3597894670435,3.0674903550015,20.8564951781919,0.083860914765442
2814,2.54746477787561,0.284211213916785,1.34288232522148,0.0642895790751493,0.0740953139320483,0.0731010408871356,1121.36981813694,1.19799081975754,1.3597894670435,3.0674903550015,20.8564951781919,0.083860914765442
2815,2.54746477787561,0.284211213916785,1.34288232522148,0.0642895790751493,0.0740953139320483,0.0731010408871356,1121.36981813694,1.19799081975754,1.3597894670435,3.0674903550015,20.8564951781919,0.083860914765442
2816,2.54746477787561,0.284211213916785,1.34288232522148,0.0642895790751493,0.0740953139320483,0.0731010408871356,1121.36981813694,1.19799081975754,1.3597894670435,3.0674903550015,20.8564951781919,0.083860914765442
2817,2.54746477787561,0.284211213916785,1.34288232522148,0.0642895790751493,0.0740953139320483,0.0731010408871356,1121.36981813694,1.19799081975754,1.3597894670435,3.0674903550015,20.8564951781919,0.083860914765442
2818,2.54746477787561,0.284211213916785,1.34288232522148,0.0642895790751493,0.0740953139320483,0.0731010408871356,1121.36981813694,1.19799081975754,1.3597894670435,3.0674903550015,20.8564951781919,0.083860914765442
2819,2.54746477787561,0.284211213916785,1.34288232522148,0.0642895790751493,0.0740953139320483,0.0731010408871356,1121.36981813694,1.19799081975754,1.3597894670435,3.0674903550015,20.8564951781919,0.083860914765442
2820,2.54746477787561,0.284211213916785,1.34288232522148,0.0642895790751493,0.0740953139320483,0.0731010408871356,1121.36981813694,1.19799081975754,1.3597894670435,3.0674903550015,20.8564951781919,0.083860914765442
2821,2.54746477787561,0.284211213916785,1.34288232522148,0.0642895790751493,0.0740953139320483,0.0731010408871356,1121.36981813694,1.19799081975754,1.3597894670435,3.0674903550015,20.8564951781919,0.083860914765442
2822,2.54746477787561,0.284211213916785,1.34288232522148,0.0642895790751493,0.0740953139320483,0.0731010408871356,1121.36981813694,1.19799081975754,1.3597894670435,3.0674903550015,20.8564951781919,0.083860914765442
2823,2.54746477787561,0.284211213916785,1.34288232522148,0.0642895790751493,0.0740953139320483,0.0731010408871356,1121.36981813694,1.19799081975754,1.3597894670435,3.0674903550015,20.8564951781919,0.083860914765442
2824,2.54746477787561,0.284211213916785,1.34288232522148,0.0642895790751493,0.0740953139320483,0.0731010408871356,1121.36981813694,1.19799081975754,1.3597894670435,3.0674903550015,20.8564951781919,0.083860914765442
2825,2.54746477787561,0.284211213916785,1.34288232522148,0.0642895790751493,0.0740953139320483,0.0731010408871356,1121.36981813694,1.19799081975754,1.3597894670435,3.0674903550015,20.8564951781919,0.083860914765442
2826,2.54746477787561,0.284211213916785,1.34288232522148,0.0642895790751493,0.0740953139320483,0.0731010408871356,1121.36981813694,1.19799081975754,1.3597894670435,3.0674903550015,20.8564951781919,0.083860914765442
2827,2.54746477787561,0.284211213916785,1.34288232522148,0.0642895790751493,0.0740953139320483,0.0731010408871356,1121.36981813694,1.19799081975754,1.3597894670435,3.0674903550015,20.8564951781919,0.083860914765442
2828,2.54746477787561,0.284211213916785,1.34288232522148,0.0642895790751493,0.0740953139320483,0.0731010408871356,1121.36981813694,1.19799081975754,1.3597894670435,3.0674903550015,20.8564951781919,0.083860914765442
2829,2.54746477787561,0.284211213916785,1.34288232522148,0.0642895790751493,0.0740953139320483,0.0731010408871356,1121.36981813694,1.19799081975754,1.3597894670435,3.0674903550015,20.8564951781919,0.083860914765442
2830,2.54746477787561,0.284211213916785,1.34288232522148,0.0642895790751493,0.0740953139320483,0.0731010408871356,1121.36981813694,1.19799081975754,1.3597894670435,3.0674903550015,20.8564951781919,0.083860914765442
2831,2.54746477787561,0.284211213916785,1.34288232522148,0.0642895790751493,0.0740953139320483,0.0731010408871356,1121.36981813694,1.19799081975754,1.3597894670435,3.0674903550015,20.8564951781919,0.083860914765442
2832,2.54746477787561,0.284211213916785,1.34288232522148,0.0642895790751493,0.0740953139320483,0.0731010408871356,1121.36981813694,1.19799081975754,1.3597894670435,3.0674903550015,20.8564951781919,0.083860914765442
2833,2.54746477787561,0.284211213916785,1.34288232522148,0.0642895790751493,0.0740953139320483,0.0731010408871356,1121.36981813694,1.19799081975754,1.3597894670435,3.0674903550015,20.8564951781919,0.083860914765442
2834,2.54746477787561,0.284211213916785,1.34288232522148,0.0642895790751493,0.0740953139320483,0.0731010408871356,1121.36981813694,1.19799081975754,1.3597894670435,3.0674903550015,20.8564951781919,0.083860914765442
2835,2.54746477787561,0.284211213916785,1.34288232522148,0.0642895790751493,0.0740953139320483,0.0731010408871356,1121.36981813694,1.19799081975754,1.3597894670435,3.0674903550015,20.8564951781919,0.083860914765442
2836,2.54746477787561,0.284211213916785,1.34288232522148,0.0642895790751493,0.0740953139320483,0.0731010408871356,1121.36981813694,1.19799081975754,1.3597894670435,3.0674903550015,20.8564951781919,0.083860914765442
2837,2.54746477787561,0.284211213916785,1.34288232522148,0.0642895790751493,0.0740953139320483,0.0731010408871356,1121.36981813694,1.19799081975754,1.3597894670435,3.0674903550015,20.8564951781919,0.083860914765442
2838,2.54746477787561,0.284211213916785,1.34288232522148,0.0642895790751493,0.0740953139320483,0.0731010408871356,1121.36981813694,1.19799081975754,1.3597894670435,3.0674903550015,20.8564951781919,0.083860914765442
2839,2.54746477787561,0.284211213916785,1.34288232522148,0.0642895790751493,0.0740953139320483,0.0731010408871356,1121.36981813694,1.19799081975754,1.3597894670435,3.0674903550015,20.8564951781919,0.083860914765442
2840,2.54746477787561,0.284211213916785,1.34288232522148,0.0642895790751493,0.0740953139320483,0.0731010408871356,1121.36981813694,1.19799081975754,1.3597894670435,3.0674903550015,20.8564951781919,0.083860914765442
2841,2.54746477787561,0.284211213916785,1.34288232522148,0.0642895790751493,0.0740953139320483,0.0731010408871356,1121.36981813694,1.19799081975754,1.3597894670435,3.0674903550015,20.8564951781919,0.083860914765442
2842,2.54746477787561,0.284211213916785,1.34288232522148,0.0642895790751493,0.0740953139320483,0.0731010408871356,1121.36981813694,1.19799081975754,1.3597894670435,3.0674903550015,20.8564951781919,0.083860914765442
2843,2.54746477787561,0.284211213916785,1.34288232522148,0.0642895790751493,0.0740953139320483,0.0731010408871356,1121.36981813694,1.19799081975754,1.3597894670435,3.0674903550015,20.8564951781919,0.083860914765442
2844,2.54746477787561,0.284211213916785,1.34288232522148,0.0642895790751493,0.0740953139320483,0.0731010408871356,1121.36981813694,1.19799081975754,1.3597894670435,3.0674903550015,20.8564951781919,0.083860914765442
2845,2.54746477787561,0.284211213916785,1.34288232522148,0.0642895790751493,0.0740953139320483,0.0731010408871356,1121.36981813694,1.19799081975754,1.3597894670435,3.0674903550015,20.8564951781919,0.083860914765442
2846,2.54746477787561,0.284211213916785,1.34288232522148,0.0642895790751493,0.0740953139320483,0.0731010408871356,1121.36981813694,1.19799081975754,1.3597894670435,3.0674903550015,20.8564951781919,0.083860914765442
2847,2.54746477787561,0.284211213916785,1.34288232522148,0.0642895790751493,0.0740953139320483,0.0731010408871356,1121.36981813694,1.19799081975754,1.3597894670435,3.0674903550015,20.8564951781919,0.083860914765442
2848,2.54746477787561,0.284211213916785,1.34288232522148,0.0642895790751493,0.0740953139320483,0.0731010408871356,1121.36981813694,1.19799081975754,1.3597894670435,3.0674903550015,20.8564951781919,0.083860914765442
2849,2.54746477787561,0.284211213916785,1.34288232522148,0.0642895790751493,0.0740953139320483,0.0731010408871356,1121.36981813694,1.19799081975754,1.3597894670435,3.0674903550015,20.8564951781919,0.083860914765442
2850,2.54746477787561,0.284211213916785,1.34288232522148,0.0642895790751493,0.0740953139320483,0.0731010408871356,1121.36981813694,1.19799081975754,1.3597894670435,3.0674903550015,20.8564951781919,0.083860914765442
2851,2.54746477787561,0.284211213916785,1.34288232522148,0.0642895790751493,0.0740953139320483,0.0731010408871356,1121.36981813694,1.19799081975754,1.3597894670435,3.0674903550015,20.8564951781919,0.083860914765442
2852,2.54746477787561,0.284211213916785,1.34288232522148,0.0642895790751493,0.0740953139320483,0.0731010408871356,1121.36981813694,1.19799081975754,1.3597894670435,3.0674903550015,20.8564951781919,0.083860914765442
2853,2.54746477787561,0.284211213916785,1.34288232522148,0.0642895790751493,0.0740953139320483,0.0731010408871356,1121.36981813694,1.19799081975754,1.3597894670435,3.0674903550015,20.8564951781919,0.083860914765442
2854,2.54746477787561,0.284211213916785,1.34288232522148,0.0642895790751493,0.0740953139320483,0.0731010408871356,1121.36981813694,1.19799081975754,1.3597894670435,3.0674903550015,20.8564951781919,0.083860914765442
2855,2.54746477787561,0.284211213916785,1.34288232522148,0.0642895790751493,0.0740953139320483,0.0731010408871356,1121.36981813694,1.19799081975754,1.3597894670435,3.0674903550015,20.8564951781919,0.083860914765442
2856,2.54746477787561,0.284211213916785,1.34288232522148,0.0642895790751493,0.0740953139320483,0.0731010408871356,1121.36981813694,1.19799081975754,1.3597894670435,3.0674903550015,20.8564951781919,0.083860914765442
2857,2.54746477787561,0.284211213916785,1.34288232522148,0.0642895790751493,0.0740953139320483,0.0731010408871356,1121.36981813694,1.19799081975754,1.3597894670435,3.0674903550015,20.8564951781919,0.083860914765442
2858,2.54746477787561,0.284211213916785,1.34288232522148,0.0642895790751493,0.0740953139320483,0.0731010408871356,1121.36981813694,1.19799081975754,1.3597894670435,3.0674903550015,20.8564951781919,0.083860914765442
2859,2.54746477787561,0.284211213916785,1.34288232522148,0.0642895790751493,0.0740953139320483,0.0731010408871356,1121.36981813694,1.19799081975754,1.3597894670435,3.0674903550015,20.8564951781919,0.083860914765442
2860,2.54746477787561,0.284211213916785,1.34288232522148,0.0642895790751493,0.0740953139320483,0.0731010408871356,1121.36981813694,1.19799081975754,1.3597894670435,3.0674903550015,20.8564951781919,0.083860914765442
2861,2.54746477787561,0.284211213916785,1.34288232522148,0.0642895790751493,0.0740953139320483,0.0731010408871356,1121.36981813694,1.19799081975754,1.3597894670435,3.0674903550015,20.8564951781919,0.083860914765442
2862,2.54746477787561,0.284211213916785,1.34288232522148,0.0642895790751493,0.0740953139320483,0.0731010408871356,1121.36981813694,1.19799081975754,1.3597894670435,3.0674903550015,20.8564951781919,0.083860914765442
2863,2.54746477787561,0.284211213916785,1.34288232522148,0.0642895790751493,0.0740953139320483,0.0731010408871356,1121.36981813694,1.19799081975754,1.3597894670435,3.0674903550015,20.8564951781919,0.083860914765442
2864,2.54746477787561,0.284211213916785,1.34288232522148,0.0642895790751493,0.0740953139320483,0.0731010408871356,1121.36981813694,1.19799081975754,1.3597894670435,3.0674903550015,20.8564951781919,0.083860914765442
2865,2.54746477787561,0.284211213916785,1.34288232522148,0.0642895790751493,0.0740953139320483,0.0731010408871356,1121.36981813694,1.19799081975754,1.3597894670435,3.0674903550015,20.8564951781919,0.083860914765442
2866,2.54746477787561,0.284211213916785,1.34288232522148,0.0642895790751493,0.0740953139320483,0.0731010408871356,1121.36981813694,1.19799081975754,1.3597894670435,3.0674903550015,20.8564951781919,0.083860914765442
2867,2.54746477787561,0.284211213916785,1.34288232522148,0.0642895790751493,0.0740953139320483,0.0731010408871356,1121.36981813694,1.19799081975754,1.3597894670435,3.0674903550015,20.8564951781919,0.083860914765442
2868,2.54746477787561,0.284211213916785,1.34288232522148,0.0642895790751493,0.0740953139320483,0.0731010408871356,1121.36981813694,1.19799081975754,1.3597894670435,3.0674903550015,20.8564951781919,0.083860914765442
2869,2.54746477787561,0.284211213916785,1.34288232522148,0.0642895790751493,0.0740953139320483,0.0731010408871356,1121.36981813694,1.19799081975754,1.3597894670435,3.0674903550015,20.8564951781919,0.083860914765442
2870,2.54746477787561,0.284211213916785,1.34288232522148,0.0642895790751493,0.0740953139320483,0.0731010408871356,1121.36981813694,1.19799081975754,1.3597894670435,3.0674903550015,20.8564951781919,0.083860914765442
2871,2.54746477787561,0.284211213916785,1.34288232522148,0.0642895790751493,0.0740953139320483,0.0731010408871356,1121.36981813694,1.19799081975754,1.3597894670435,3.0674903550015,20.8564951781919,0.083860914765442
2872,2.54746477787561,0.284211213916785,1.34288232522148,0.0642895790751493,0.0740953139320483,0.0731010408871356,1121.36981813694,1.19799081975754,1.3597894670435,3.0674903550015,20.8564951781919,0.083860914765442
2873,2.54746477787561,0.284211213916785,1.34288232522148,0.0642895790751493,0.0740953139320483,0.0731010408871356,1121.36981813694,1.19799081975754,1.3597894670435,3.0674903550015,20.8564951781919,0.083860914765442
2874,2.54746477787561,0.284211213916785,1.34288232522148,0.0642895790751493,0.0740953139320483,0.0731010408871356,1121.36981813694,1.19799081975754,1.3597894670435,3.0674903550015,20.8564951781919,0.083860914765442
2875,2.54746477787561,0.284211213916785,1.34288232522148,0.0642895790751493,0.0740953139320483,0.0731010408871356,1121.36981813694,1.19799081975754,1.3597894670435,3.0674903550015,20.8564951781919,0.083860914765442
2876,2.54746477787561,0.284211213916785,1.34288232522148,0.0642895790751493,0.0740953139320483,0.0731010408871356,1121.36981813694,1.19799081975754,1.3597894670435,3.0674903550015,20.8564951781919,0.083860914765442
2877,2.54746477787561,0.284211213916785,1.34288232522148,0.0642895790751493,0.0740953139320483,0.0731010408871356,1121.36981813694,1.19799081975754,1.3597894670435,3.0674903550015,20.8564951781919,0.083860914765442
2878,2.54746477787561,0.284211213916785,1.34288232522148,0.0642895790751493,0.0740953139320483,0.0731010408871356,1121.36981813694,1.19799081975754,1.3597894670435,3.0674903550015,20.8564951781919,0.083860914765442
2879,2.54746477787561,0.284211213916785,1.34288232522148,0.0642895790751493,0.0740953139320483,0.0731010408871356,1121.36981813694,1.19799081975754,1.3597894670435,3.0674903550015,20.8564951781919,0.083860914765442
2880,2.54746477787561,0.284211213916785,1.34288232522148,0.0642895790751493,0.0740953139320483,0.0731010408871356,1121.36981813694,1.19799081975754,1.3597894670435,3.0674903550015,20.8564951781919,0.083860914765442
2881,2.54746477787561,0.284211213916785,1.34288232522148,0.0642895790751493,0.0740953139320483,0.0731010408871356,1121.36981813694,1.19799081975754,1.3597894670435,3.0674903550015,20.8564951781919,0.083860914765442
2882,2.54746477787561,0.284211213916785,1.34288232522148,0.0642895790751493,0.0740953139320483,0.0731010408871356,1121.36981813694,1.19799081975754,1.3597894670435,3.0674903550015,20.8564951781919,0.083860914765442
2883,2.54746477787561,0.284211213916785,1.34288232522148,0.0642895790751493,0.0740953139320483,0.0731010408871356,1121.36981813694,1.19799081975754,1.3597894670435,3.0674903550015,20.8564951781919,0.083860914765442
2884,2.54746477787561,0.284211213916785,1.34288232522148,0.0642895790751493,0.0740953139320483,0.0731010408871356,1121.36981813694,1.19799081975754,1.3597894670435,3.0674903550015,20.8564951781919,0.083860914765442
2885,2.54746477787561,0.284211213916785,1.34288232522148,0.0642895790751493,0.0740953139320483,0.0731010408871356,1121.36981813694,1.19799081975754,1.3597894670435,3.0674903550015,20.8564951781919,0.083860914765442
2886,2.54746477787561,0.284211213916785,1.34288232522148,0.0642895790751493,0.0740953139320483,0.0731010408871356,1121.36981813694,1.19799081975754,1.3597894670435,3.0674903550015,20.8564951781919,0.083860914765442
2887,2.54746477787561,0.284211213916785,1.34288232522148,0.0642895790751493,0.0740953139320483,0.0731010408871356,1121.36981813694,1.19799081975754,1.3597894670435,3.0674903550015,20.8564951781919,0.083860914765442
2888,2.54746477787561,0.284211213916785,1.34288232522148,0.0642895790751493,0.0740953139320483,0.0731010408871356,1121.36981813694,1.19799081975754,1.3597894670435,3.0674903550015,20.8564951781919,0.083860914765442
2889,2.54746477787561,0.284211213916785,1.34288232522148,0.0642895790751493,0.0740953139320483,0.0731010408871356,1121.36981813694,1.19799081975754,1.3597894670435,3.0674903550015,20.8564951781919,0.083860914765442
2890,2.54746477787561,0.284211213916785,1.34288232522148,0.0642895790751493,0.0740953139320483,0.0731010408871356,1121.36981813694,1.19799081975754,1.3597894670435,3.0674903550015,20.8564951781919,0.083860914765442
2891,2.54746477787561,0.284211213916785,1.34288232522148,0.0642895790751493,0.0740953139320483,0.0731010408871356,1121.36981813694,1.19799081975754,1.3597894670435,3.0674903550015,20.8564951781919,0.083860914765442
2892,2.54746477787561,0.284211213916785,1.34288232522148,0.0642895790751493,0.0740953139320483,0.0731010408871356,1121.36981813694,1.19799081975754,1.3597894670435,3.0674903550015,20.8564951781919,0.083860914765442
2893,2.54746477787561,0.284211213916785,1.34288232522148,0.0642895790751493,0.0740953139320483,0.0731010408871356,1121.36981813694,1.19799081975754,1.3597894670435,3.0674903550015,20.8564951781919,0.083860914765442
2894,2.54746477787561,0.284211213916785,1.34288232522148,0.0642895790751493,0.0740953139320483,0.0731010408871356,1121.36981813694,1.19799081975754,1.3597894670435,3.0674903550015,20.8564951781919,0.083860914765442
2895,2.54746477787561,0.284211213916785,1.34288232522148,0.0642895790751493,0.0740953139320483,0.0731010408871356,1121.36981813694,1.19799081975754,1.3597894670435,3.0674903550015,20.8564951781919,0.083860914765442
2896,2.54746477787561,0.284211213916785,1.34288232522148,0.0642895790751493,0.0740953139320483,0.0731010408871356,1121.36981813694,1.19799081975754,1.3597894670435,3.0674903550015,20.8564951781919,0.083860914765442
2897,2.54746477787561,0.284211213916785,1.34288232522148,0.0642895790751493,0.0740953139320483,0.0731010408871356,1121.36981813694,1.19799081975754,1.3597894670435,3.0674903550015,20.8564951781919,0.083860914765442
2898,2.54746477787561,0.284211213916785,1.34288232522148,0.0642895790751493,0.0740953139320483,0.0731010408871356,1121.36981813694,1.19799081975754,1.3597894670435,3.0674903550015,20.8564951781919,0.083860914765442
2899,2.54746477787561,0.284211213916785,1.34288232522148,0.0642895790751493,0.0740953139320483,0.0731010408871356,1121.36981813694,1.19799081975754,1.3597894670435,3.0674903550015,20.8564951781919,0.083860914765442
2900,2.54746477787561,0.284211213916785,1.34288232522148,0.0642895790751493,0.0740953139320483,0.0731010408871356,1121.36981813694,1.19799081975754,1.3597894670435,3.0674903550015,20.8564951781919,0.083860914765442
2901,2.54746477787561,0.284211213916785,1.34288232522148,0.0642895790751493,0.0740953139320483,0.0731010408871356,1121.36981813694,1.19799081975754,1.3597894670435,3.0674903550015,20.8564951781919,0.083860914765442
2902,2.54746477787561,0.284211213916785,1.34288232522148,0.0642895790751493,0.0740953139320483,0.0731010408871356,1121.36981813694,1.19799081975754,1.3597894670435,3.0674903550015,20.8564951781919,0.083860914765442
2903,2.54746477787561,0.284211213916785,1.34288232522148,0.0642895790751493,0.0740953139320483,0.0731010408871356,1121.36981813694,1.19799081975754,1.3597894670435,3.0674903550015,20.8564951781919,0.083860914765442
2904,2.54746477787561,0.284211213916785,1.34288232522148,0.0642895790751493,0.0740953139320483,0.0731010408871356,1121.36981813694,1.19799081975754,1.3597894670435,3.0674903550015,20.8564951781919,0.083860914765442
2905,2.54746477787561,0.284211213916785,1.34288232522148,0.0642895790751493,0.0740953139320483,0.0731010408871356,1121.36981813694,1.19799081975754,1.3597894670435,3.0674903550015,20.8564951781919,0.083860914765442
2906,2.54746477787561,0.284211213916785,1.34288232522148,0.0642895790751493,0.0740953139320483,0.0731010408871356,1121.36981813694,1.19799081975754,1.3597894670435,3.0674903550015,20.8564951781919,0.083860914765442
2907,2.54746477787561,0.284211213916785,1.34288232522148,0.0642895790751493,0.0740953139320483,0.0731010408871356,1121.36981813694,1.19799081975754,1.3597894670435,3.0674903550015,20.8564951781919,0.083860914765442
2908,2.54746477787561,0.284211213916785,1.34288232522148,0.0642895790751493,0.0740953139320483,0.0731010408871356,1121.36981813694,1.19799081975754,1.3597894670435,3.0674903550015,20.8564951781919,0.083860914765442
2909,2.54746477787561,0.284211213916785,1.34288232522148,0.0642895790751493,0.0740953139320483,0.0731010408871356,1121.36981813694,1.19799081975754,1.3597894670435,3.0674903550015,20.8564951781919,0.083860914765442
2910,2.54746477787561,0.284211213916785,1.34288232522148,0.0642895790751493,0.0740953139320483,0.0731010408871356,1121.36981813694,1.19799081975754,1.3597894670435,3.0674903550015,20.8564951781919,0.083860914765442
2911,2.54746477787561,0.284211213916785,1.34288232522148,0.0642895790751493,0.0740953139320483,0.0731010408871356,1121.36981813694,1.19799081975754,1.3597894670435,3.0674903550015,20.8564951781919,0.083860914765442
2912,2.54746477787561,0.284211213916785,1.34288232522148,0.0642895790751493,0.0740953139320483,0.0731010408871356,1121.36981813694,1.19799081975754,1.3597894670435,3.0674903550015,20.8564951781919,0.083860914765442
2913,2.54746477787561,0.284211213916785,1.34288232522148,0.0642895790751493,0.0740953139320483,0.0731010408871356,1121.36981813694,1.19799081975754,1.3597894670435,3.0674903550015,20.8564951781919,0.083860914765442
2914,2.54746477787561,0.284211213916785,1.34288232522148,0.0642895790751493,0.0740953139320483,0.0731010408871356,1121.36981813694,1.19799081975754,1.3597894670435,3.0674903550015,20.8564951781919,0.083860914765442
2915,2.54746477787561,0.284211213916785,1.34288232522148,0.0642895790751493,0.0740953139320483,0.0731010408871356,1121.36981813694,1.19799081975754,1.3597894670435,3.0674903550015,20.8564951781919,0.083860914765442
2916,2.54746477787561,0.284211213916785,1.34288232522148,0.0642895790751493,0.0740953139320483,0.0731010408871356,1121.36981813694,1.19799081975754,1.3597894670435,3.0674903550015,20.8564951781919,0.083860914765442
2917,2.54746477787561,0.284211213916785,1.34288232522148,0.0642895790751493,0.0740953139320483,0.0731010408871356,1121.36981813694,1.19799081975754,1.3597894670435,3.0674903550015,20.8564951781919,0.083860914765442
2918,2.54746477787561,0.284211213916785,1.34288232522148,0.0642895790751493,0.0740953139320483,0.0731010408871356,1121.36981813694,1.19799081975754,1.3597894670435,3.0674903550015,20.8564951781919,0.083860914765442
2919,2.54746477787561,0.284211213916785,1.34288232522148,0.0642895790751493,0.0740953139320483,0.0731010408871356,1121.36981813694,1.19799081975754,1.3597894670435,3.0674903550015,20.8564951781919,0.083860914765442
2920,2.54746477787561,0.284211213916785,1.34288232522148,0.0642895790751493,0.0740953139320483,0.0731010408871356,1121.36981813694,1.19799081975754,1.3597894670435,3.0674903550015,20.8564951781919,0.083860914765442
2921,2.54746477787561,0.284211213916785,1.34288232522148,0.0642895790751493,0.0740953139320483,0.0731010408871356,1121.36981813694,1.19799081975754,1.3597894670435,3.0674903550015,20.8564951781919,0.083860914765442
2922,2.54746477787561,0.284211213916785,1.34288232522148,0.0642895790751493,0.0740953139320483,0.0731010408871356,1121.36981813694,1.19799081975754,1.3597894670435,3.0674903550015,20.8564951781919,0.083860914765442
2923,2.54746477787561,0.284211213916785,1.34288232522148,0.0642895790751493,0.0740953139320483,0.0731010408871356,1121.36981813694,1.19799081975754,1.3597894670435,3.0674903550015,20.8564951781919,0.083860914765442
2924,2.54746477787561,0.284211213916785,1.34288232522148,0.0642895790751493,0.0740953139320483,0.0731010408871356,1121.36981813694,1.19799081975754,1.3597894670435,3.0674903550015,20.8564951781919,0.083860914765442
2925,2.54746477787561,0.284211213916785,1.34288232522148,0.0642895790751493,0.0740953139320483,0.0731010408871356,1121.36981813694,1.19799081975754,1.3597894670435,3.0674903550015,20.8564951781919,0.083860914765442
2926,2.54746477787561,0.284211213916785,1.34288232522148,0.0642895790751493,0.0740953139320483,0.0731010408871356,1121.36981813694,1.19799081975754,1.3597894670435,3.0674903550015,20.8564951781919,0.083860914765442
2927,2.54746477787561,0.284211213916785,1.34288232522148,0.0642895790751493,0.0740953139320483,0.0731010408871356,1121.36981813694,1.19799081975754,1.3597894670435,3.0674903550015,20.8564951781919,0.083860914765442
2928,2.54746477787561,0.284211213916785,1.34288232522148,0.0642895790751493,0.0740953139320483,0.0731010408871356,1121.36981813694,1.19799081975754,1.3597894670435,3.0674903550015,20.8564951781919,0.083860914765442
2929,2.54746477787561,0.284211213916785,1.34288232522148,0.0642895790751493,0.0740953139320483,0.0731010408871356,1121.36981813694,1.19799081975754,1.3597894670435,3.0674903550015,20.8564951781919,0.083860914765442
2930,2.54746477787561,0.284211213916785,1.34288232522148,0.0642895790751493,0.0740953139320483,0.0731010408871356,1121.36981813694,1.19799081975754,1.3597894670435,3.0674903550015,20.8564951781919,0.083860914765442
2931,2.54746477787561,0.284211213916785,1.34288232522148,0.0642895790751493,0.0740953139320483,0.0731010408871356,1121.36981813694,1.19799081975754,1.3597894670435,3.0674903550015,20.8564951781919,0.083860914765442
2932,2.54746477787561,0.284211213916785,1.34288232522148,0.0642895790751493,0.0740953139320483,0.0731010408871356,1121.36981813694,1.19799081975754,1.3597894670435,3.0674903550015,20.8564951781919,0.083860914765442
2933,2.54746477787561,0.284211213916785,1.34288232522148,0.0642895790751493,0.0740953139320483,0.0731010408871356,1121.36981813694,1.19799081975754,1.3597894670435,3.0674903550015,20.8564951781919,0.083860914765442
2934,2.54746477787561,0.284211213916785,1.34288232522148,0.0642895790751493,0.0740953139320483,0.0731010408871356,1121.36981813694,1.19799081975754,1.3597894670435,3.0674903550015,20.8564951781919,0.083860914765442
2935,2.54746477787561,0.284211213916785,1.34288232522148,0.0642895790751493,0.0740953139320483,0.0731010408871356,1121.36981813694,1.19799081975754,1.3597894670435,3.0674903550015,20.8564951781919,0.083860914765442
2936,2.54746477787561,0.284211213916785,1.34288232522148,0.0642895790751493,0.0740953139320483,0.0731010408871356,1121.36981813694,1.19799081975754,1.3597894670435,3.0674903550015,20.8564951781919,0.083860914765442
2937,2.54746477787561,0.284211213916785,1.34288232522148,0.0642895790751493,0.0740953139320483,0.0731010408871356,1121.36981813694,1.19799081975754,1.3597894670435,3.0674903550015,20.8564951781919,0.083860914765442
2938,2.54746477787561,0.284211213916785,1.34288232522148,0.0642895790751493,0.0740953139320483,0.0731010408871356,1121.36981813694,1.19799081975754,1.3597894670435,3.0674903550015,20.8564951781919,0.083860914765442
2939,2.54746477787561,0.284211213916785,1.34288232522148,0.0642895790751493,0.0740953139320483,0.0731010408871356,1121.36981813694,1.19799081975754,1.3597894670435,3.0674903550015,20.8564951781919,0.083860914765442
2940,2.54746477787561,0.284211213916785,1.34288232522148,0.0642895790751493,0.0740953139320483,0.0731010408871356,1121.36981813694,1.19799081975754,1.3597894670435,3.0674903550015,20.8564951781919,0.083860914765442
2941,2.54746477787561,0.284211213916785,1.34288232522148,0.0642895790751493,0.0740953139320483,0.0731010408871356,1121.36981813694,1.19799081975754,1.3597894670435,3.0674903550015,20.8564951781919,0.083860914765442
2942,2.54746477787561,0.284211213916785,1.34288232522148,0.0642895790751493,0.0740953139320483,0.0731010408871356,1121.36981813694,1.19799081975754,1.3597894670435,3.0674903550015,20.8564951781919,0.083860914765442
2943,2.54746477787561,0.284211213916785,1.34288232522148,0.0642895790751493,0.0740953139320483,0.0731010408871356,1121.36981813694,1.19799081975754,1.3597894670435,3.0674903550015,20.8564951781919,0.083860914765442
2944,2.54746477787561,0.284211213916785,1.34288232522148,0.0642895790751493,0.0740953139320483,0.0731010408871356,1121.36981813694,1.19799081975754,1.3597894670435,3.0674903550015,20.8564951781919,0.083860914765442
2945,2.54746477787561,0.284211213916785,1.34288232522148,0.0642895790751493,0.0740953139320483,0.0731010408871356,1121.36981813694,1.19799081975754,1.3597894670435,3.0674903550015,20.8564951781919,0.083860914765442
2946,2.54746477787561,0.284211213916785,1.34288232522148,0.0642895790751493,0.0740953139320483,0.0731010408871356,1121.36981813694,1.19799081975754,1.3597894670435,3.0674903550015,20.8564951781919,0.083860914765442
2947,2.54746477787561,0.284211213916785,1.34288232522148,0.0642895790751493,0.0740953139320483,0.0731010408871356,1121.36981813694,1.19799081975754,1.3597894670435,3.0674903550015,20.8564951781919,0.083860914765442
2948,2.54746477787561,0.284211213916785,1.34288232522148,0.0642895790751493,0.0740953139320483,0.0731010408871356,1121.36981813694,1.19799081975754,1.3597894670435,3.0674903550015,20.8564951781919,0.083860914765442
2949,2.54746477787561,0.284211213916785,1.34288232522148,0.0642895790751493,0.0740953139320483,0.0731010408871356,1121.36981813694,1.19799081975754,1.3597894670435,3.0674903550015,20.8564951781919,0.083860914765442
2950,2.54746477787561,0.284211213916785,1.34288232522148,0.0642895790751493,0.0740953139320483,0.0731010408871356,1121.36981813694,1.19799081975754,1.3597894670435,3.0674903550015,20.8564951781919,0.083860914765442
2951,2.54746477787561,0.284211213916785,1.34288232522148,0.0642895790751493,0.0740953139320483,0.0731010408871356,1121.36981813694,1.19799081975754,1.3597894670435,3.0674903550015,20.8564951781919,0.083860914765442
2952,2.54746477787561,0.284211213916785,1.34288232522148,0.0642895790751493,0.0740953139320483,0.0731010408871356,1121.36981813694,1.19799081975754,1.3597894670435,3.0674903550015,20.8564951781919,0.083860914765442
2953,2.54746477787561,0.284211213916785,1.34288232522148,0.0642895790751493,0.0740953139320483,0.0731010408871356,1121.36981813694,1.19799081975754,1.3597894670435,3.0674903550015,20.8564951781919,0.083860914765442
2954,2.54746477787561,0.284211213916785,1.34288232522148,0.0642895790751493,0.0740953139320483,0.0731010408871356,1121.36981813694,1.19799081975754,1.3597894670435,3.0674903550015,20.8564951781919,0.083860914765442
2955,2.54746477787561,0.284211213916785,1.34288232522148,0.0642895790751493,0.0740953139320483,0.0731010408871356,1121.36981813694,1.19799081975754,1.3597894670435,3.0674903550015,20.8564951781919,0.083860914765442
2956,2.54746477787561,0.284211213916785,1.34288232522148,0.0642895790751493,0.0740953139320483,0.0731010408871356,1121.36981813694,1.19799081975754,1.3597894670435,3.0674903550015,20.8564951781919,0.083860914765442
2957,2.54746477787561,0.284211213916785,1.34288232522148,0.0642895790751493,0.0740953139320483,0.0731010408871356,1121.36981813694,1.19799081975754,1.3597894670435,3.0674903550015,20.8564951781919,0.083860914765442
2958,2.54746477787561,0.284211213916785,1.34288232522148,0.0642895790751493,0.0740953139320483,0.0731010408871356,1121.36981813694,1.19799081975754,1.3597894670435,3.0674903550015,20.8564951781919,0.083860914765442
2959,2.54746477787561,0.284211213916785,1.34288232522148,0.0642895790751493,0.0740953139320483,0.0731010408871356,1121.36981813694,1.19799081975754,1.3597894670435,3.0674903550015,20.8564951781919,0.083860914765442
2960,2.54746477787561,0.284211213916785,1.34288232522148,0.0642895790751493,0.0740953139320483,0.0731010408871356,1121.36981813694,1.19799081975754,1.3597894670435,3.0674903550015,20.8564951781919,0.083860914765442
2961,2.54746477787561,0.284211213916785,1.34288232522148,0.0642895790751493,0.0740953139320483,0.0731010408871356,1121.36981813694,1.19799081975754,1.3597894670435,3.0674903550015,20.8564951781919,0.083860914765442
2962,2.54746477787561,0.284211213916785,1.34288232522148,0.0642895790751493,0.0740953139320483,0.0731010408871356,1121.36981813694,1.19799081975754,1.3597894670435,3.0674903550015,20.8564951781919,0.083860914765442
2963,2.54746477787561,0.284211213916785,1.34288232522148,0.0642895790751493,0.0740953139320483,0.0731010408871356,1121.36981813694,1.19799081975754,1.3597894670435,3.0674903550015,20.8564951781919,0.083860914765442
2964,2.54746477787561,0.284211213916785,1.34288232522148,0.0642895790751493,0.0740953139320483,0.0731010408871356,1121.36981813694,1.19799081975754,1.3597894670435,3.0674903550015,20.8564951781919,0.083860914765442
2965,2.54746477787561,0.284211213916785,1.34288232522148,0.0642895790751493,0.0740953139320483,0.0731010408871356,1121.36981813694,1.19799081975754,1.3597894670435,3.0674903550015,20.8564951781919,0.083860914765442
2966,2.54746477787561,0.284211213916785,1.34288232522148,0.0642895790751493,0.0740953139320483,0.0731010408871356,1121.36981813694,1.19799081975754,1.3597894670435,3.0674903550015,20.8564951781919,0.083860914765442
2967,2.54746477787561,0.284211213916785,1.34288232522148,0.0642895790751493,0.0740953139320483,0.0731010408871356,1121.36981813694,1.19799081975754,1.3597894670435,3.0674903550015,20.8564951781919,0.083860914765442
2968,2.54746477787561,0.284211213916785,1.34288232522148,0.0642895790751493,0.0740953139320483,0.0731010408871356,1121.36981813694,1.19799081975754,1.3597894670435,3.0674903550015,20.8564951781919,0.083860914765442
2969,2.54746477787561,0.284211213916785,1.34288232522148,0.0642895790751493,0.0740953139320483,0.0731010408871356,1121.36981813694,1.19799081975754,1.3597894670435,3.0674903550015,20.8564951781919,0.083860914765442
2970,2.54746477787561,0.284211213916785,1.34288232522148,0.0642895790751493,0.0740953139320483,0.0731010408871356,1121.36981813694,1.19799081975754,1.3597894670435,3.0674903550015,20.8564951781919,0.083860914765442
2971,2.54746477787561,0.284211213916785,1.34288232522148,0.0642895790751493,0.0740953139320483,0.0731010408871356,1121.36981813694,1.19799081975754,1.3597894670435,3.0674903550015,20.8564951781919,0.083860914765442
2972,2.54746477787561,0.284211213916785,1.34288232522148,0.0642895790751493,0.0740953139320483,0.0731010408871356,1121.36981813694,1.19799081975754,1.3597894670435,3.0674903550015,20.8564951781919,0.083860914765442
2973,2.54746477787561,0.284211213916785,1.34288232522148,0.0642895790751493,0.0740953139320483,0.0731010408871356,1121.36981813694,1.19799081975754,1.3597894670435,3.0674903550015,20.8564951781919,0.083860914765442
2974,2.54746477787561,0.284211213916785,1.34288232522148,0.0642895790751493,0.0740953139320483,0.0731010408871356,1121.36981813694,1.19799081975754,1.3597894670435,3.0674903550015,20.8564951781919,0.083860914765442
2975,2.54746477787561,0.284211213916785,1.34288232522148,0.0642895790751493,0.0740953139320483,0.0731010408871356,1121.36981813694,1.19799081975754,1.3597894670435,3.0674903550015,20.8564951781919,0.083860914765442
2976,2.54746477787561,0.284211213916785,1.34288232522148,0.0642895790751493,0.0740953139320483,0.0731010408871356,1121.36981813694,1.19799081975754,1.3597894670435,3.0674903550015,20.8564951781919,0.083860914765442
2977,2.54746477787561,0.284211213916785,1.34288232522148,0.0642895790751493,0.0740953139320483,0.0731010408871356,1121.36981813694,1.19799081975754,1.3597894670435,3.0674903550015,20.8564951781919,0.083860914765442
2978,2.54746477787561,0.284211213916785,1.34288232522148,0.0642895790751493,0.0740953139320483,0.0731010408871356,1121.36981813694,1.19799081975754,1.3597894670435,3.0674903550015,20.8564951781919,0.083860914765442
2979,2.54746477787561,0.284211213916785,1.34288232522148,0.0642895790751493,0.0740953139320483,0.0731010408871356,1121.36981813694,1.19799081975754,1.3597894670435,3.0674903550015,20.8564951781919,0.083860914765442
2980,2.54746477787561,0.284211213916785,1.34288232522148,0.0642895790751493,0.0740953139320483,0.0731010408871356,1121.36981813694,1.19799081975754,1.3597894670435,3.0674903550015,20.8564951781919,0.083860914765442
2981,2.54746477787561,0.284211213916785,1.34288232522148,0.0642895790751493,0.0740953139320483,0.0731010408871356,1121.36981813694,1.19799081975754,1.3597894670435,3.0674903550015,20.8564951781919,0.083860914765442
2982,2.54746477787561,0.284211213916785,1.34288232522148,0.0642895790751493,0.0740953139320483,0.0731010408871356,1121.36981813694,1.19799081975754,1.3597894670435,3.0674903550015,20.8564951781919,0.083860914765442
2983,2.54746477787561,0.284211213916785,1.34288232522148,0.0642895790751493,0.0740953139320483,0.0731010408871356,1121.36981813694,1.19799081975754,1.3597894670435,3.0674903550015,20.8564951781919,0.083860914765442
2984,2.54746477787561,0.284211213916785,1.34288232522148,0.0642895790751493,0.0740953139320483,0.0731010408871356,1121.36981813694,1.19799081975754,1.3597894670435,3.0674903550015,20.8564951781919,0.083860914765442
2985,2.54746477787561,0.284211213916785,1.34288232522148,0.0642895790751493,0.0740953139320483,0.0731010408871356,1121.36981813694,1.19799081975754,1.3597894670435,3.0674903550015,20.8564951781919,0.083860914765442
2986,2.54746477787561,0.284211213916785,1.34288232522148,0.0642895790751493,0.0740953139320483,0.0731010408871356,1121.36981813694,1.19799081975754,1.3597894670435,3.0674903550015,20.8564951781919,0.083860914765442
2987,2.54746477787561,0.284211213916785,1.34288232522148,0.0642895790751493,0.0740953139320483,0.0731010408871356,1121.36981813694,1.19799081975754,1.3597894670435,3.0674903550015,20.8564951781919,0.083860914765442
2988,2.54746477787561,0.284211213916785,1.34288232522148,0.0642895790751493,0.0740953139320483,0.0731010408871356,1121.36981813694,1.19799081975754,1.3597894670435,3.0674903550015,20.8564951781919,0.083860914765442
2989,2.54746477787561,0.284211213916785,1.34288232522148,0.0642895790751493,0.0740953139320483,0.0731010408871356,1121.36981813694,1.19799081975754,1.3597894670435,3.0674903550015,20.8564951781919,0.083860914765442
2990,2.54746477787561,0.284211213916785,1.34288232522148,0.0642895790751493,0.0740953139320483,0.0731010408871356,1121.36981813694,1.19799081975754,1.3597894670435,3.0674903550015,20.8564951781919,0.083860914765442
2991,2.54746477787561,0.284211213916785,1.34288232522148,0.0642895790751493,0.0740953139320483,0.0731010408871356,1121.36981813694,1.19799081975754,1.3597894670435,3.0674903550015,20.8564951781919,0.083860914765442
2992,2.54746477787561,0.284211213916785,1.34288232522148,0.0642895790751493,0.0740953139320483,0.0731010408871356,1121.36981813694,1.19799081975754,1.3597894670435,3.0674903550015,20.8564951781919,0.083860914765442
2993,2.54746477787561,0.284211213916785,1.34288232522148,0.0642895790751493,0.0740953139320483,0.0731010408871356,1121.36981813694,1.19799081975754,1.3597894670435,3.0674903550015,20.8564951781919,0.083860914765442
2994,2.54746477787561,0.284211213916785,1.34288232522148,0.0642895790751493,0.0740953139320483,0.0731010408871356,1121.36981813694,1.19799081975754,1.3597894670435,3.0674903550015,20.8564951781919,0.083860914765442
2995,2.54746477787561,0.284211213916785,1.34288232522148,0.0642895790751493,0.0740953139320483,0.0731010408871356,1121.36981813694,1.19799081975754,1.3597894670435,3.0674903550015,20.8564951781919,0.083860914765442
2996,2.54746477787561,0.284211213916785,1.34288232522148,0.0642895790751493,0.0740953139320483,0.0731010408871356,1121.36981813694,1.19799081975754,1.3597894670435,3.0674903550015,20.8564951781919,0.083860914765442
2997,2.54746477787561,0.284211213916785,1.34288232522148,0.0642895790751493,0.0740953139320483,0.0731010408871356,1121.36981813694,1.19799081975754,1.3597894670435,3.0674903550015,20.8564951781919,0.083860914765442
2998,2.54746477787561,0.284211213916785,1.34288232522148,0.0642895790751493,0.0740953139320483,0.0731010408871356,1121.36981813694,1.19799081975754,1.3597894670435,3.0674903550015,20.8564951781919,0.083860914765442
2999,2.54746477787561,0.284211213916785,1.34288232522148,0.0642895790751493,0.0740953139320483,0.0731010408871356,1121.36981813694,1.19799081975754,1.3597894670435,3.0674903550015,20.8564951781919,0.083860914765442
3000,2.54746477787561,0.284211213916785,1.34288232522148,0.0642895790751493,0.0740953139320483,0.0731010408871356,1121.36981813694,1.19799081975754,1.3597894670435,3.0674903550015,20.8564951781919,0.083860914765442
