"test_id","observed","truth","noise_sd","mean","sd","x1","x2","x3","x4","x5","x6","x7","x8","x9","x10","lower","upper","latent_lower","latent_upper"
1,2.56343730187321,2.77357786005033,0.998834914654611,1.28933480426329,0.9791953647766,0.881410142951529,0.83512202420691,0.617586045282078,0.335001648617093,0.462002495264984,0.821168954619323,0.0688591916754376,0.0986054725436261,0.660506536498549,0.735844432841986,-0.629852844527404,3.20852245305399,0.529401318490814,1.8740326584459
2,3.14733671337811,3.23483837677727,0.692990068367397,3.00779406506994,1.00585132554674,0.642319686639355,0.536962459034286,0.462631248817546,0.0860114127974957,0.917686216365662,0.275971802285174,0.671675698723877,0.44811383209296,0.0052667456259951,0.624127816845896,1.03636169319647,4.97922643694341,2.24963392418025,3.74778509228089
3,0.0368796748260223,-0.546735482495105,0.853039685344158,1.60713920117326,0.959216547559134,0.994340878523421,0.584912077603629,0.360714520972571,0.598819172229618,0.211295800954802,0.983036413908354,0.906423893823405,0.654520038259798,0.688055490514846,0.539811247723061,-0.272890685417498,3.48716908776401,1.08607175176916,2.10543592890944
4,2.13617172453253,1.54803577625799,0.999088383089906,1.22422469444439,0.967490018522015,0.211241277861176,0.847401867950801,0.877399320685072,0.298057821685914,0.247166341767181,0.293167870752281,0.342267165593687,0.865758391427575,0.638341010080185,0.933601480102865,-0.672020897260752,3.12047028614953,0.681657729084079,1.79981247592098
5,-1.0766500277682,-1.04361182524988,0.0501717571216857,-0.892628260516404,0.955533444571031,0.342708877369878,0.069102247270057,0.428970299862674,0.31899359879049,0.337989713293966,0.23974774296314,0.963790035854094,0.959573824398103,0.433788291099947,0.0191456954637542,-2.76543939789912,0.980182876866315,-1.38818694214556,-0.440710200904646
6,1.57075441029451,1.55180599586054,0.050044017632448,1.54605861805002,0.957103683160619,0.190009338805685,0.00102096814732067,0.49401126930234,0.114583138249232,0.37560613084049,0.454891212253249,0.117006601019646,0.500504380330676,0.0637407779332716,0.106275015453459,-0.329830130415423,3.42194736651547,1.08723874329918,2.05234625940553
7,-1.42912472664561,-2.07119924779517,0.999938425716474,-1.87807414280758,0.964127254277005,0.231229280779487,0.982195406914689,0.508389681857778,0.424352706137579,0.642928438988631,0.55700383751234,0.231755715921987,0.23297916508175,0.656047946385108,0.866821921503986,-3.767728837704,0.0115805520888432,-2.41770222257074,-1.35695386332055
8,-2.45255531981956,-1.54009189926934,0.999837933273203,-1.25523902112801,0.96021438288461,0.364175213227863,0.933801925411681,0.601615138566121,0.805963231642963,0.659806854445953,0.117060261012521,0.507810026140185,0.660469935059198,0.505956820317428,0.606010448299814,-3.1372246290192,0.626746586763179,-1.76994505563663,-0.746863280635729
9,0.317490564976652,0.291934937907411,0.0734226338416035,1.09389807617527,0.944159478883895,0.934786890879739,0.316110263357055,0.388747139501153,0.534208839055151,0.529226437301375,0.498700339261442,0.824951493833098,0.28111495962122,0.305584294078639,0.442276398541988,-0.756620498099266,2.94441665044981,0.724284591279652,1.46951635557806
10,2.03086327548715,2.38973061359938,0.559875657465936,1.86631168296432,0.988519773783203,0.681548061293899,0.507355480172206,0.528219082899974,0.124153278665384,0.956403428799124,0.766664757611579,0.415162975568674,0.374226662345813,0.0472997000149917,0.837346148618497,-0.0711514716564392,3.80377483758508,1.20645506766627,2.58241926958576
11,2.60061529843001,2.71904485703159,0.0503632997890541,2.40069688244994,0.95021462636586,0.836522482638364,0.106569679449196,0.878945742757525,0.785694370859885,0.650310607815743,0.570606173966778,0.801829894018359,0.779861949589336,0.947633557552705,0.462691036579898,0.538310437189672,4.26308332771021,1.97305037058262,2.83571472581188
12,1.09375182612965,0.550476731372484,0.808786883519533,1.93719486041727,1.03859390401037,0.912238842743216,0.568916617649375,0.386166659809183,0.73323175034218,0.595984010027023,0.753708526475239,0.655930046016932,0.855683311000583,0.442238517413964,0.124181379144778,-0.0984117860059115,3.97280150684045,1.31193118074041,2.87389778353071
13,2.44234007827628,2.46763871630568,0.0685455425021105,0.680413016442979,0.953158504689617,0.526448177476646,0.304174108326202,0.314635530189029,0.578142664907617,0.29785068411252,0.65081455625908,0.680949477368151,0.0737743801360484,0.820375007093186,0.0568306498563616,-1.18774332430672,2.54856935719268,0.235209257582428,1.16414196436771
14,-1.49806590191417,-1.54207426914193,0.0585413330675261,-1.08254876421564,0.964531833473378,0.0457304069609381,0.264874332333915,0.199626611329382,0.457127631625277,0.787217925449833,0.888733850773307,0.0678835251008859,0.750282825417235,0.869291725504096,0.413996178072528,-2.97299641976585,0.807898891334565,-1.68549286970083,-0.604618548074393
15,0.560573869457662,0.482045169179231,0.0500495603513189,-0.715242532474413,0.983576338669396,0.168203406425077,0.00695130260346923,0.0172132001719438,0.213902650413569,0.233522163934191,0.877947269561351,0.840166353840614,0.725598146073869,0.897325892414432,0.00988486508536152,-2.6430167323122,1.21253166736337,-1.35830049508966,-0.0593615191904404
16,0.0687484115722347,-0.388869776231732,0.772977315650368,-0.00253000420208638,0.954455051844772,0.387298922475427,0.557916395140579,0.569751182579435,0.216186011860613,0.38711246779107,0.131737448268803,0.111717307340237,0.367455730638234,0.607682830274454,0.767343237890629,-1.87322753068015,1.86816752227598,-0.446886140046349,0.510398114021023
17,1.01553588073449,1.08746036173954,0.071121103707309,0.659495337082013,0.970087898694938,0.0860430215597153,0.310814717261819,0.773663835597574,0.0697986995162209,0.288573189005023,0.741712030259427,0.0142309321505018,0.517236712943297,0.315314106916543,0.96652953388507,-1.24184200619821,2.56083268036223,0.0640523854153782,1.23016428493951
18,3.53919403310116,3.53534092398131,0.0581084854911644,2.44282175633395,0.963692845298905,0.839523273007828,0.262251050097984,0.915597774407477,0.36165739926172,0.501225020869752,0.639254664184293,0.74530210427905,0.282360001305584,0.823187587583787,0.00584292332094628,0.554018487389168,4.33162502527873,1.93842021411995,3.01712221165288
19,0.719889146352362,2.21589699562308,0.993456917438253,1.59994174065985,0.967054665547184,0.0372336364458315,0.748557115356671,0.170945375607931,0.106151554324431,0.105976585254306,0.392358113307971,0.455796591400169,0.483552078238688,0.740228882887866,0.577639700097614,-0.295450574894063,3.49533405621375,1.02772775416469,2.13413615849182
20,2.18110201709817,2.38524667894415,0.996290319187359,2.32201249933033,0.996477908313781,0.72696621401282,0.777080178734963,0.466931990967249,0.510165928231552,0.772399958570139,0.349072050347691,0.918236672008527,0.535464768996579,0.699673336200649,0.819093652338954,0.368951687645517,4.27507331101515,1.62983648355342,3.03109894592877
21,0.990571907888826,1.60919244579898,0.984723746155919,2.25842322944666,0.973984177457851,0.827713906593271,0.705697572028381,0.901478840309777,0.0900696938711917,0.489930056030513,0.174135665910086,0.206897519765305,0.164718006548588,0.437505478897947,0.709020543523482,0.349449320117408,4.16739713877592,1.66094770957259,2.8182959873235
22,0.187247155067248,0.743917839365699,0.994262989261897,1.39180738935333,0.942976689275245,0.757495357737993,0.755173321016016,0.493837925150991,0.472774459184147,0.376959406318842,0.194909818593762,0.0620379621684551,0.448927731832257,0.0633356526211137,0.526958844200708,-0.456392959886969,3.24000773859363,1.0211443848368,1.75537520207431
23,-1.89410412371665,-0.672439138465682,0.993646991742873,0.21805499991907,1.03277425895136,0.866123184629017,0.750041185238981,0.396536527775927,0.966549193532555,0.778397434158716,0.819992303457577,0.525153368528467,0.424335501739755,0.983533444801113,0.357578605008544,-1.80614535178563,2.24225535162377,-0.667990745342704,1.02674361843689
24,4.05242608075311,3.72831173753062,0.52385509578708,3.33006345445105,1.0037039712244,0.934444689883385,0.499758967067348,0.0882922830227763,0.498677626121207,0.636069461036124,0.784877654764568,0.346292178486939,0.178571301882155,0.676448111733072,0.221851028806763,1.36283981971139,5.29728708919071,2.66247586799674,4.1702749862362
25,1.23474611090753,1.24960682246923,0.0504520311300255,0.721262834277542,0.955780707155141,0.493229204538162,0.117500486055156,0.832077712839004,0.841134067392442,0.474494868151611,0.634280340302154,0.756933286630432,0.464726180638652,0.680829501177883,0.281752422926133,-1.15203292886476,2.59455859741984,0.247300502357587,1.19463381667077
26,0.618680648792817,1.03711314449844,0.363119852120819,1.48277752889234,0.968136073954333,0.0145557163450867,0.464500227219891,0.146079774907324,0.691612586775445,0.261674647886539,0.817634708900237,0.13595898446592,0.106499147246359,0.682525816166191,0.417389979371219,-0.41473430819216,3.38028936597684,0.824019133289297,1.95608639747775
27,-0.507497252880288,-1.29373014350513,0.723875446448265,-0.67096783122643,0.985372081841756,0.0724705215207068,0.544609662568779,0.740717136031948,0.03766551950539,0.0384269425595412,0.858463938749745,0.666615662335767,0.764472993953736,0.439697174852598,0.813677916844375,-2.60226162300753,1.26032596055467,-1.34872890046025,-0.00420263086875994
28,0.462721844082317,0.254466335662783,0.357820273400865,0.29823990544792,0.968251523454381,0.713579630634747,0.463232393612503,0.169597847641679,0.121107345552067,0.645871786075295,0.896282361593563,0.0412178576817969,0.504414121807553,0.974042055706843,0.332422903037979,-1.59949820849871,2.19597801939455,-0.285310945429407,0.824152463598775
29,-1.72772912501313,-0.727855626985654,0.983418130228183,-0.364647518367048,0.981848039111627,0.115618156498414,0.701527167055407,0.546097656769445,0.973984377163695,0.230604212639504,0.479302859703195,0.698762868663762,0.624761282087187,0.836248717417824,0.307650845714845,-2.28903431331711,1.55973927658301,-0.966611179325982,0.267830625600499
30,-0.286017046975527,0.5131007111603,0.999856405122733,0.794334309498683,0.964922645934716,0.657934250658145,0.939853505864972,0.389049733372638,0.186861977313529,0.100248412479996,0.625468374598771,0.616791603643214,0.00803630968159996,0.0438844915248919,0.00132107517530676,-1.09687932440045,2.68554794339782,0.23618296191494,1.33448293041957
31,1.24466204463147,1.28765813675662,0.0533251671184689,0.674419348108221,0.95523434223504,0.0355615150760859,0.217428213265259,0.177246050442569,0.416656102044391,0.442554198977887,0.343030867796042,0.509290332829347,0.815818613706157,0.254524404626107,0.188033956690691,-1.19780555946827,2.54664425568471,0.209273150148555,1.14204976847837
32,0.264616614523737,0.246315843249058,0.0550096436017229,1.03368058719758,0.943470586347405,0.125278454388608,0.238009502630681,0.3931804482718,0.162628608033294,0.603379193096654,0.397142304958426,0.370591572573874,0.215941179356305,0.727196351054707,0.642324179681018,-0.815487782516218,2.88284895691138,0.669728447989819,1.39983330647781
33,-0.117308993284613,-0.110112351988025,0.050312840530209,2.02740490172001,0.960373392175114,0.850287156677805,0.0990902834517183,0.509702550742426,0.683634142386494,0.439890244766255,0.783802105061128,0.967865734930499,0.274000866787275,0.905878889061045,0.69141410076688,0.145107641346225,3.90970216209379,1.48063958316551,2.51100140760887
34,2.7345020992104,4.35688578313178,0.999815343140467,3.41954136835953,0.988292045379783,0.626910379983252,0.927276178979664,0.920043160744011,0.281341144866194,0.523396563686663,0.266730492374976,0.00226116225507576,0.168685441053822,0.0985053589437157,0.177979962460813,1.48252455320773,5.35655818351133,2.70712407201679,4.09396224770266
35,2.10928159943019,1.06062835848376,0.994409506835279,1.21200644184812,1.08653167903587,0.230537509985385,0.756474618287524,0.535302205893327,0.12566965851665,0.869901694009197,0.891805458385381,0.563719554853509,0.567486681044917,0.145585310786031,0.170257978356211,-0.917556517124018,3.34156940082027,0.367743856434413,2.352370727081
36,-1.16006631552081,-1.83982423147994,0.31656741084298,-1.60957090123609,0.967080938664378,0.251796377495746,0.452924956751638,0.998583353895112,0.649345433944021,0.868076209514518,0.173340528860688,0.0690981941871578,0.859491760291392,0.198913896273472,0.583303523702896,-3.50501471115346,0.285872908681282,-2.17341768987101,-1.06115421614966
37,0.496683027861512,0.0309007845628681,0.818532640132384,0.447323892437973,0.976312997391025,0.952711026083212,0.572170361625263,0.246036185329082,0.151443400305347,0.0940293591518421,0.98592649526475,0.93478543188679,0.50843892184156,0.0667038282222347,0.726393351573148,-1.46621442008678,2.36086220496273,-0.145054920150488,1.09572598051354
38,2.23195240518855,2.10581571842704,0.0582371551592661,1.07816469714623,0.985295532833928,0.363111231052899,0.263045077541843,0.0143723497649189,0.85252975726896,0.843903591633774,0.183856796553941,0.841960870722425,0.207778030561982,0.0194151878679404,0.448994320380967,-0.852979061336467,3.00930845562894,0.425122927157508,1.73167346340135
39,0.312147136084042,0.246410746172754,0.0522948918011027,0.523471024170624,0.9686346192313,0.54919935209211,0.198832115517464,0.735100978318602,0.384242327277432,0.312076443987549,0.624146571126184,0.921194982108311,0.213749165410409,0.85795643996913,0.656252515443251,-1.37501794370139,2.42195999204264,-0.0547031598174739,1.04020710816932
40,0.918888926956632,1.01368838861909,0.0940859654806296,1.01340147265026,0.960917229387314,0.23546384907444,0.348859853591421,0.121989971563453,0.653164367768681,0.446195428269682,0.939896005645045,0.81890276160161,0.981580136592616,0.553302424362628,0.870898415227071,-0.869961689072884,2.89676463437341,0.491071628708959,1.51392088930277
41,-0.840119402056813,0.0283727733775126,0.999936908403041,-0.969132776448926,1.0414345984429,0.120983619199716,0.98097816293512,0.533568934960407,0.32102042807336,0.0357316767029697,0.793214410254383,0.937402789462009,0.708073865787475,0.846645822713035,0.580018737296108,-3.01030708165094,1.07204152875309,-1.78197108849542,0.0229374027729385
42,-0.306292179546317,0.864839965753135,0.999708024559959,1.28012711777503,0.992273893295332,0.912964501249604,0.904362009224249,0.318739880315843,0.678228434692021,0.990068272901117,0.381212019672734,0.0177037329686573,0.789071106411749,0.923319073747843,0.38399488597177,-0.664693975883166,3.22494821143322,0.655871720333509,2.0462509178211
43,-1.51875845069674,-1.29138269072339,0.854691685854158,-0.195879133571175,0.954345263429241,0.319813137131045,0.585580070781405,0.681028044539155,0.5654030062448,0.624436902554822,0.983570635727257,0.202831971293432,0.185694659674191,0.0785475712289335,0.742145104947034,-2.06636147870888,1.67460321156653,-0.658091460145761,0.265851531289775
44,2.58291834842617,2.5935753623089,0.051077077922882,2.11173519060617,0.972148601583593,0.204197935009142,0.160946208609501,0.593872106803115,0.193721391057828,0.001737363211927,0.356111125401105,0.212746447846876,0.878205316507374,0.0374639426545473,0.668314243979286,0.20635894388135,4.01711143733099,1.55061466179269,2.72812868581937
45,1.67433978909172,0.825317198128936,0.981588760480702,1.04594264766979,0.961664829017101,0.877776319145923,0.69619650758116,0.406274372514687,0.666626747934963,0.483400244342629,0.0871555374634918,0.28443681569153,0.338948890771018,0.297790925221634,0.599503667381708,-0.838885782402594,2.93077107774218,0.507784629173889,1.5374415984382
46,2.4358099138599,2.50557784882651,0.168160952461423,2.08779647620504,0.944987117251308,0.1308048157905,0.402420436466928,0.294106414962676,0.0218796590350103,0.627722280098009,0.418613289440167,0.471333432740183,0.4120610098365,0.532864548061625,0.413034032409894,0.235655760538151,3.93993719187193,1.69215961412562,2.47390920943896
47,-0.805753384446133,0.140292443342685,0.999668027587361,1.93125216953689,0.969987020553334,0.828295184844756,0.897940794343012,0.622545891367481,0.803073541451013,0.000344753834651783,0.156332543076365,0.580210342732258,0.526726474510971,0.225476017594221,0.331210590353352,0.0301125437810397,3.83239179529273,1.36973518108182,2.52623668723314
48,0.259794380727749,-0.422354329525663,0.99982242266884,-0.15164931042784,0.952580175413251,0.0968171419731807,0.929231207002653,0.629365879928926,0.48758652478084,0.750882603389327,0.48730757047073,0.227936190738692,0.646972776068375,0.556405023136409,0.815380864938372,-2.01867214662466,1.71537352576898,-0.58775004358181,0.308521704428601
49,0.250772176202565,-0.125635326582505,0.412962958687954,2.153048565153,1.04619327819543,0.848930963526131,0.47596064331464,0.691353794596856,0.129407739565941,0.989065157786128,0.421876833754359,0.769768003117642,0.0787266348798294,0.722377582669375,0.36910178560263,0.102547419022077,4.20354971128393,1.17690544305026,3.05752750613693
50,0.40785257657271,0.394328221961089,0.0501352259441716,2.03157506939748,0.994505750353483,0.926369362217258,0.0571436064806767,0.200238355885027,0.725698794609518,0.568657769997371,0.0505959618785419,0.834936293432722,0.362552831289708,0.431520612841821,0.958923102264525,0.0823796162866743,3.98077052250829,1.41586875266254,2.85604485337509
51,3.54244891800861,3.58207482711235,0.998883229840743,2.90411195068043,0.953232712068022,0.669976291818195,0.837242250637733,0.982490683043376,0.443159125898266,0.339001972698024,0.613505386123434,0.759671875599423,0.166388750946731,0.386336062990362,0.936783131022705,1.03581016614167,4.77241373521919,2.44094402665255,3.35686036781178
52,4.61123916753832,3.10455939044697,0.999943978011789,3.34654586066929,1.00590174759036,0.799048863868346,0.98692070155195,0.873249627234996,0.262767682194477,0.745526375323301,0.015408265144215,0.0167730456815334,0.584682165751001,0.10562627975049,0.463050935412175,1.37501466340629,5.31807705793229,2.57726408754233,4.1344539453048
53,2.16355183664739,2.15492205690474,0.051525599699679,1.70074666698769,0.959086712609909,0.257455904817441,0.17837663895532,0.674422756381798,0.126769547877717,0.653425658103544,0.473124692576588,0.158643132485449,0.857618324471056,0.0481569098280743,0.740439206492156,-0.179028747778646,3.58052208175403,1.21796738552826,2.23108115011276
54,-0.192182652709555,-0.219330581544894,0.0540990933577977,0.160518719287502,0.974815752499047,0.0831885681799613,0.227931400164845,0.0661862053532386,0.278432041064254,0.211696215161821,0.0317681572330184,0.125312995665474,0.396701011979021,0.402926831805962,0.288787350476952,-1.75008504717294,2.07112248574794,-0.451494292067414,0.75395105400751
55,1.53261442165369,0.037304685049156,0.996211982155509,1.03087063549919,0.978922466854964,0.329518806306995,0.77603118702292,0.152003566255094,0.755820868289913,0.277491082894267,0.0724552793467883,0.72979498670774,0.512441050431808,0.71246250363288,0.630280920719612,-0.887782143193639,2.94952341419203,0.346211260714727,1.55315353230671
56,0.46508740404714,0.461488591297444,0.0503867283260732,-0.735682835080554,1.01840624462305,0.316613867245964,0.109695617422694,0.129143266757019,0.977821221914957,0.105130758480635,0.96546959110233,0.0649965042701224,0.80864383150707,0.279417521306896,0.717515042103827,-2.73172239617243,1.26035672601132,-1.60883264207511,0.106553617639745
57,-0.654560937579681,-0.685248528185487,0.100092416954228,-0.77328899250986,1.12474374857993,0.365090142595232,0.355578878294444,0.288013244326459,0.362252261764137,0.239198658223613,0.307350196122658,0.674767760439892,0.738652560038492,0.445634553168435,0.795322217522655,-2.97774623156309,1.43116824654337,-1.69973545663617,0.25880328025686
58,1.03834438978626,1.7813650008809,0.96476047128365,2.41980534796509,0.964073369944195,0.0934238929436542,0.662824691177579,0.0441784666584572,0.0160202527752845,0.633332188280066,0.873221938336385,0.659514793204027,0.167256804897683,0.165149758249521,0.922879064040026,0.530256264420306,4.30935443150987,1.87593867562648,2.93616974070752
59,2.06688836881521,2.76647120142412,0.787049093800607,2.36852784682302,0.978394317532621,0.532493852111278,0.562079642559052,0.880558682182804,0.931104869807721,0.691749631738872,0.720897010733257,0.172841998481425,0.238010196762392,0.785223363155383,0.395114324266789,0.450910221780435,4.2861454718656,1.75533214858829,2.99889924605426
60,-0.216562012236636,-0.161348758594725,0.0500589909086494,-1.2214171770352,0.963130967217516,0.386704300141428,0.0156614087694325,0.333125182332704,0.735702232735348,0.174833066887455,0.0108024715000065,0.986053974527051,0.797987634463818,0.180464239731315,0.773869541284046,-3.10911918517676,0.666284831106358,-1.69718186132733,-0.635265362000712
61,1.10951021188016,0.639346729125081,0.924466467091344,0.203402067178833,1.02031194620503,0.254353058902081,0.62245186231751,0.544876800576109,0.344997358517488,0.0385021218591137,0.552799342995044,0.559483994707465,0.314420212513534,0.363112757759285,0.15133800764929,-1.79637260037899,2.20317673473666,-0.474634527540783,1.07917112169927
62,-0.342347498885378,-0.494605501959299,0.0569971255567635,-0.0256662045222837,0.962719483649622,0.246479602274485,0.254821504957741,0.522573114676983,0.697721493853605,0.517598072342807,0.419421144948923,0.706904907525634,0.878512934758095,0.0342689563746098,0.628219190067844,-1.91256171969054,1.86122931064597,-0.559104012974828,0.506996838416583
63,-0.771592602698904,-1.08009967512832,0.999942299790155,-0.627248364459903,0.993476667203145,0.0346066096833674,0.985444785716943,0.923315073329955,0.932839428214589,0.0475592602269026,0.630955059713917,0.713879729132634,0.508869427625788,0.403275770160137,0.122187850176357,-2.57442685165895,1.31993012273915,-1.33598000847985,0.116656190994638
64,1.75234103545318,1.782649194296,0.0525477168388352,1.66731515956956,0.955669364544803,0.302965314928675,0.204071051293518,0.963796431638533,0.435541604774771,0.47680246501381,0.433180109309964,0.125789341387688,0.879840798477991,0.246194012926542,0.191121008281945,-0.20576237606653,3.54039269520566,1.16704011834199,2.14394378085031
65,-1.50424943432371,-1.5200271433065,0.0504676371678007,-1.00133131178865,0.973202566477482,0.264380982026109,0.119198391001089,0.407399371455656,0.786448506365763,0.747632987826015,0.110965706493938,0.501557058160775,0.18601544038998,0.497647274584975,0.588404973537545,-2.90877329174646,0.906110668169164,-1.5045787082329,-0.372931217027418
66,-0.270808860259545,-0.185165237013469,0.853650462469412,-0.134589362822209,0.968137223036828,0.456304316599388,0.585158328668331,0.578503581344383,0.187806208215421,0.449977413090761,0.0249830444208346,0.665222118221922,0.766912224320229,0.817936166772386,0.857586435090983,-2.03210345206701,1.76292472642259,-0.631937177350834,0.498407738410011
67,0.977750192707281,1.0102939068598,0.0500690294679894,-0.127292748211757,0.970732660369562,0.04004336435406,0.0235194443699438,0.0727696197904879,0.281685782156535,0.0545164502124535,0.303226172661991,0.3936055449259,0.837146992315655,0.872121284582652,0.763158320801333,-2.02989380115285,1.77530830472933,-0.693901966849436,0.469345222461484
68,1.02462276782494,1.03593574821905,0.0673397210780499,0.933253741551895,1.07879135359117,0.409761130454135,0.300747943406459,0.864859825948486,0.848184224470635,0.763160280707758,0.171773146265303,0.464841495416244,0.308906276198337,0.249224803221528,0.326561933076708,-1.18113845832002,3.04764594142381,0.0971676780604718,2.15369010482228
69,-0.00230346284068195,0.236786299586671,0.130965944416326,0.975723063873078,0.988921093625417,0.627114518100861,0.38133231565333,0.879083109755418,0.0684851431545103,0.625803998306976,0.837606366202584,0.82241839529539,0.489920768767595,0.817061633642064,0.504785822298611,-0.962526663184701,2.91397279093086,0.34043964507613,1.70171296203828
70,3.01898112669243,2.59998044738033,0.999754409015019,1.40214409982264,1.09590654030623,0.963863229714334,0.913014561191667,0.319573207164067,0.333506422041217,0.0590194384597708,0.276872599705588,0.127002526964876,0.96799641475128,0.968802055035601,0.131416882008896,-0.745793249599462,3.55008144924474,0.615159138912907,2.79969537803052
71,-0.54025163086609,-1.21452408008566,0.896231189419946,-0.667357161053204,0.972653268012718,0.131508990669507,0.604931357317371,0.880197359702317,0.178204061397933,0.734603771439754,0.37713890705863,0.449165225191624,0.987502438199939,0.600783066223492,0.644867425489938,-2.57372253580332,1.23900821369691,-1.27009057250553,-0.0848454572836097
72,1.59725379131288,1.53678943209,0.0501061415232041,2.43297732009168,0.962032848710974,0.830846795127494,0.0450333899388788,0.627785683138995,0.634055849236669,0.90575821999053,0.427560261307168,0.309345160580473,0.387693177560344,0.140974858832546,0.933367847168935,0.547427584673702,4.31852705550966,1.92038733324342,2.96615497415079
73,3.55457487126688,2.48718624015442,0.784142713823557,1.85216763156269,0.949254283833372,0.803129655513447,0.561204298277269,0.213142646787339,0.776492410706123,0.176030517818755,0.181564447133685,0.39006260509626,0.636561919729924,0.794982886754442,0.86799536190927,-0.00833657692107681,3.71267184004646,1.41762627439997,2.24900773930719
74,-1.46737786511207,-0.965628611271319,0.226439771966014,-1.8465077513176,0.939903460909414,0.146059440686484,0.426098802577006,0.374720303992857,0.448910784461303,0.631087681117468,0.191824856285006,0.750120906619122,0.527979010252398,0.950881440559053,0.84525393211341,-3.6886846836446,-0.00433081899059951,-2.19266262280839,-1.52114320080976
75,-1.1517722105058,0.108676265828079,0.68435934570479,-0.36161834764428,0.966258783058025,0.325298397665028,0.534900559431873,0.142728388536721,0.942991401141509,0.0571138876324985,0.578975585712236,0.711964542191359,0.596156541254837,0.553810006488115,0.828746439564973,-2.25545076218351,1.53221406689495,-0.935393986957388,0.169286986965547
76,1.47012490508105,1.87328843289145,0.999936043469455,1.52502284877957,0.971892913477749,0.0237333815118764,0.980297314814059,0.763432229283033,0.239907837388222,0.330172062499099,0.249666241414263,0.7104026934352,0.845871116528637,0.345160408850992,0.449812033146736,-0.379852258466519,3.42989795602566,0.934445428579026,2.12817032445402
77,0.202131772102355,0.291716453397469,0.0525251929266617,-0.581796539091522,0.9627281034825,0.0616486003790051,0.203625855932245,0.648555730059161,0.364166868473287,0.124941132173408,0.531416896950686,0.914805478283553,0.901028561358457,0.0908037274519447,0.567160899828421,-2.46870894882177,1.30511587063873,-1.16519903378232,-0.106199100438729
78,-0.315680812563454,0.894516697765517,0.752350679588453,0.786558254494621,0.972358541709419,0.512653837813763,0.552120955399354,0.179172531302553,0.408043484986876,0.394022299601114,0.537827901824377,0.0139389951457269,0.514818291523843,0.24066851723555,0.401871240862063,-1.11922946731573,2.69234597630497,0.189440437548293,1.33959187334587
79,0.828147213861143,0.913844772774746,0.998860807242713,0.624398440087817,1.00442207656048,0.00729715717525687,0.836247110541561,0.997536352509865,0.0720397975386586,0.968636525446549,0.193572419418022,0.830266912073595,0.195969213037635,0.610555889549432,0.604920106661739,-1.34423265524765,2.59302953542328,-0.112859555438785,1.42410100051209
80,2.43031854796156,2.49122700459042,0.078997272654813,2.43455488053087,0.984919310295495,0.513597087500151,0.327086939082015,0.850894885503687,0.792691984438803,0.801709427834139,0.51672475765238,0.461526883356622,0.0103183998776367,0.975888157536043,0.992251998200896,0.504148504673668,4.36496125638806,1.74945128502202,3.07302789425273
81,-1.55176902572102,-1.7206864976051,0.13003895126843,-1.14718787634373,0.943839558555292,0.0560861747149611,0.380703248398146,0.457257334796246,0.496769733298221,0.0336798484155443,0.587422204388538,0.197686511783162,0.903239583803108,0.859092649498954,0.762897377683199,-2.99707941829628,0.702703665608825,-1.50595631599958,-0.760540308887517
82,1.38006314667661,1.51425154872046,0.0528416342907858,1.0196222034021,0.967550574604896,0.176072295493446,0.20954565165611,0.700428953694762,0.897286297320738,0.828096990332124,0.482797418484464,0.717026197586674,0.680386354494491,0.877004487670725,0.232269511349499,-0.876742076044533,2.91598648284873,0.4906434013543,1.61124000652518
83,1.48317196702982,2.44890406354573,0.999924584804622,1.72571331777568,1.00767843771206,0.959260872742976,0.972056454554317,0.795218192773056,0.223466614309349,0.816316515086102,0.95081844946905,0.650794035064057,0.586249798268662,0.0807944165448425,0.736082400901825,-0.249300128137552,3.70072676368892,0.962485748908808,2.52344835768997
84,1.88698034605669,1.64320264106372,0.168386814900989,1.34147130424797,0.960068191821392,0.0590591841137502,0.402529497232987,0.895745569782564,0.702223547525587,0.162128316358547,0.0559664408210665,0.778947777434834,0.679621639664518,0.96523480376706,0.912773284753086,-0.540227774424446,3.22317038292039,0.794798030524253,1.82871817162693
85,-0.373405723092734,-1.42747269241371,0.999951605404024,-0.746310554412204,1.01314738600928,0.080414632531465,0.994238908324856,0.836255636274465,0.00422501363535412,0.194831490026438,0.990573980349814,0.0727457675391343,0.292983485591598,0.877573536509532,0.172488667995436,-2.73204294202129,1.23942183319688,-1.53305191511323,0.131758333398783
86,0.73193946036154,0.740757413494705,0.0500839390644296,2.03723691202471,0.968293548447942,0.754905992429936,0.0332981104687788,0.361279419990839,0.774444175026612,0.565125022246619,0.0574252596417209,0.58378579055809,0.630142299004947,0.992458398987539,0.427981065918691,0.13941643060425,3.93505739344516,1.50170725030021,2.67098310686423
87,-1.8135603805815,-1.53261696998938,0.251824460499501,-0.983682553280639,0.959343802556188,0.197475671334774,0.434488034162438,0.225043226804701,0.662216972568422,0.726923150831368,0.30162548553152,0.834085214291816,0.672580768719315,0.00359683082823176,0.0439680169274798,-2.86396185508247,0.896596748521193,-1.51236901466446,-0.528355512960833
88,0.698433614480138,1.70114472650471,0.999777189156936,1.64069486112644,0.95295286737949,0.105325838554301,0.917882976210909,0.829735830317368,0.510657658061944,0.219661682946724,0.0686281743184663,0.0456264909569873,0.749526558473706,0.304382588435546,0.608978814495029,-0.22705843790153,3.50844816015442,1.17862444506796,2.08609404887503
89,-0.447801411096704,-1.82443130560604,0.908127364985492,-0.612625445626855,0.996533091488632,0.378264068618766,0.611717465832364,0.367635623743525,0.853667461070814,0.194299445178825,0.968365151114413,0.490924654269824,0.190256577904569,0.473356734669069,0.896477788086981,-2.56579441434693,1.34054352309322,-1.34493358941495,0.0629840623106979
90,3.4321354932702,2.59115264956438,0.279169394395918,2.81211958116069,0.963021211415187,0.622686050217017,0.442702863881132,0.994913228166872,0.515283580962336,0.707912692053127,0.00566324912919663,0.839488130334066,0.206086423467379,0.361045195915387,0.277449663507752,0.924632690438789,4.69960647188259,2.24822862273813,3.33347288511968
91,0.119560914931317,0.166805834473929,0.0505275552463716,1.06917735875721,0.943890274685316,0.977579499585787,0.125229590215371,0.490514716236037,0.629794501507771,0.362329855739838,0.716558862227015,0.47467659734434,0.204284728958621,0.276628712483798,0.442711291883606,-0.780813584983629,2.91916830249805,0.679401557449953,1.43412440338151
92,0.492723338166488,0.170543546292692,0.156146238967273,1.09890248157203,0.966448888012366,0.832488208686816,0.396341927277739,0.0242386986458441,0.175300369328703,0.632015430414234,0.595063042986207,0.690440535874921,0.718488560559345,0.790159602011205,0.151677988394862,-0.795302531830985,2.99310749497505,0.571531973035929,1.66976612025039
93,1.68395077644442,1.47257775885054,0.183155401794805,2.21961904734882,0.961620701725987,0.915337072711321,0.40930340070941,0.675124819475692,0.119268279877142,0.364998506068718,0.670429376677261,0.496060473892605,0.747451155763469,0.775959597289097,0.813357222181861,0.334877105177751,4.10436098951989,1.7001483042523,2.75780657473963
94,0.338066375663653,0.581027482168035,0.815950844077184,1.08065261650721,0.95966026179735,0.601539069251972,0.571295756088686,0.777176249482902,0.277262965103961,0.453483861674671,0.743731388602871,0.899623779045651,0.114767545762938,0.075363060888485,0.976137159634498,-0.800246934009879,2.96155216702429,0.57866842090662,1.61926672978454
95,0.357433014107076,0.422748233783482,0.0508741405167608,0.347509453984512,0.951770529824708,0.0467581702549942,0.150497222249513,0.104742353682872,0.72987385971914,0.319387460135273,0.485853923573275,0.605229193829233,0.494216517337947,0.955246837414918,0.142444537250209,-1.51792650601852,2.21294541398754,-0.0838886362482172,0.804753522714537
96,2.98621560723273,2.93424607476404,0.0626631864103922,2.87028863317514,0.970695506504917,0.673153232961427,0.284782819952117,0.440730535950628,0.24631210891949,0.914159625128959,0.0307430270240875,0.670088544377824,0.722063017814071,0.0600187818506965,0.889210154346772,0.967760400470638,4.77281686587964,2.2995867822687,3.48760921833273
97,3.88005714376798,3.87337396096539,0.0581659791472915,2.79105657198091,0.974138402569436,0.739282548716059,0.26260737894557,0.300258159143035,0.553154210268403,0.777685181166278,0.659122947495664,0.588102387579973,0.612980295952759,0.405629993830924,0.0207508171066875,0.881780386987441,4.70033275697439,2.0763707829767,3.3901027602314
98,4.4063095315443,4.08709853957964,0.994749199327104,3.932738115682,0.952412144009262,0.584865175115061,0.759626946031698,0.238138051237445,0.444734542312217,0.107771218467737,0.436911672434653,0.0642916361124953,0.286195187725592,0.841718675465439,0.166020935653825,2.06604461498528,5.79943161637873,3.47492604777363,4.38504592040042
99,2.13408319787577,1.97899566095918,0.354154366219958,2.09265705253126,0.955967252434788,0.83799315621308,0.462348741895752,0.445486350988271,0.73282594793709,0.202921365963644,0.897288014327642,0.0422293261709856,0.0915768258217722,0.912524726648815,0.268555164072197,0.218995667359368,3.96631843770315,1.6341526191145,2.57983278607071
100,1.82375501490508,1.85022899643104,0.145292876869661,1.84748957741944,0.958092244830007,0.988316622856772,0.39030980996869,0.510469470954617,0.221928568467381,0.534080493027694,0.590059330238611,0.286163382262806,0.474563976822305,0.844529422314023,0.0489028271951247,-0.0303367163145019,3.72531587115339,1.34095917699126,2.33184770770718
101,0.155686017883875,0.194481241788481,0.0517148726575842,-0.402434851684564,0.945258568641806,0.0743791495363694,0.184234180072555,0.341101717406767,0.343223943866789,0.479864739083452,0.264830062722205,0.037331067341147,0.37983797907969,0.204160606113495,0.926644412406371,-2.25510760230039,1.45023789893126,-0.806991058798765,-0.0291101830210254
102,-1.12186584291542,-1.204373702745,0.0535725752656655,-0.349899628654562,0.972774378307379,0.0576634194254875,0.221029620423447,0.25494442411128,0.855382883614278,0.57063703597791,0.863995710936142,0.0481310571529903,0.939506840098649,0.340341528740711,0.440828605916584,-2.25650237522037,1.55670311791124,-0.98487177826618,0.196295664759533
103,0.514427610599223,0.454923454733194,0.103697582038097,1.6292544375345,1.01618504646076,0.220011600957252,0.359254504860146,0.634689491571393,0.98966962850024,0.895963125830982,0.975870361679001,0.851770388145931,0.728232391301542,0.439138175851549,0.164855574522517,-0.362431655156741,3.62094053022575,0.811123303240883,2.43299771432146
104,-1.68111926336102,-1.97743778646529,0.999648226686286,-1.68025531785682,0.954083228403865,0.309779271452688,0.89504299671459,0.532443070330308,0.6948667106512,0.179295415823697,0.607705303119728,0.00937511856330093,0.79510904397245,0.635066796278697,0.756809619215899,-3.5502240837821,0.189713448068454,-2.12770794112775,-1.19591048583229
105,0.0372699620060387,-0.0338214207194887,0.930535797859246,-0.0914892951700241,0.953781257395843,0.363699128003558,0.626985952031682,0.289736650332343,0.200857507627108,0.686151731384452,0.472797828514362,0.29973271107371,0.113536826985423,0.630195342576131,0.885574635274708,-1.9608662087952,1.77788761845515,-0.55843829736462,0.344626479238882
106,-0.240271827427257,-0.21556661178929,0.999004528886556,-0.0940388939328276,0.944667905288693,0.307438986797701,0.842997637195163,0.747870762144215,0.460820687291212,0.261356084714062,0.701944048573612,0.230354628388886,0.32326372956729,0.574498765595374,0.459188699085964,-1.94555396564956,1.75747617778391,-0.484103331835708,0.287871718905508
107,-0.14995158547486,-0.175667621664554,0.110451273903943,-0.252801773231938,0.948290421234598,0.915950147131574,0.365556168285781,0.757570548898424,0.737181703870534,0.512851875586202,0.846708062082063,0.885272765559843,0.315142925948952,0.651232070546132,0.755918598623713,-2.11141684573607,1.60581329927219,-0.655222907502774,0.163905389053614
108,1.80062286939808,1.48745563826705,0.911525760506899,1.74428663469246,0.96610333503655,0.26227697306138,0.613799676348805,0.244442675587256,0.634647521240055,0.363942008683225,0.763777732655639,0.564065305934986,0.61762050373375,0.895043477764702,0.372759352447814,-0.149241107323212,3.63781437670813,1.21780147224949,2.29142185097722
109,1.73529940775545,1.7733471575189,0.116856886873588,1.67503332193798,0.973759956655133,0.0782272991735954,0.370953352727462,0.808747461611638,0.284823668440571,0.702674151597894,0.0709578527047997,0.724014512170339,0.65542683199537,0.315926005925634,0.625753440837609,-0.233501122693364,3.58356776656932,1.0292540931691,2.24378741919081
110,2.09581682449011,2.0513705821924,0.163389095499102,1.69176411217525,0.94821939423345,0.0685677972964477,0.400073306691018,0.174538941007224,0.642775003673974,0.489441617961274,0.461404544013552,0.319778039488243,0.307602643860155,0.72554505682236,0.790494339723489,-0.166711749964701,3.5502399743152,1.28519519855559,2.11808621886412
111,3.19959004161613,2.09335105402902,0.999784522495666,1.9327520375137,0.964512401379843,0.275166901923949,0.9195566951785,0.233152843659627,0.635445775827277,0.264303087703884,0.528841967348242,0.353239749374567,0.242956339284661,0.811576566724572,0.308103727566311,0.0423424681669711,3.82316160686044,1.37624132762897,2.4440346563853
112,-2.93095262648287,-1.76527478210012,0.999910398656322,-1.03276736859769,0.980306405555369,0.295137723874417,0.963437631282373,0.194934353295946,0.66107510567084,0.00844535473082215,0.0451490325264167,0.481272225754336,0.586672054158407,0.940304992695805,0.650851602494833,-2.95413261730012,0.888597880104754,-1.67792501056819,-0.41896813494627
113,1.80330631201976,1.76333351323627,0.0512375267849557,1.21518771616234,0.96482663848009,0.625884618144832,0.167897819200647,0.80736004144582,0.471041487857117,0.071361803626176,0.66928701734182,0.486440325988922,0.848059034049977,0.986082133015385,0.88308979911753,-0.675837746583482,3.10621317890816,0.680874940076,1.76828618854483
114,-0.626599097005553,0.355518871013804,0.86122498677323,-0.203361549758216,0.983691748427141,0.501181864185026,0.588284571135533,0.946109712328413,0.592174659132957,0.83812630276056,0.0949924286087044,0.736651135920081,0.413147436456871,0.881775762683945,0.142618732858216,-2.13136194856465,1.72463884904822,-0.876024028735369,0.453055349129907
115,-0.725179090779624,-0.874461235462023,0.141050434966385,-0.0130318099288949,0.999632200346429,0.18821157366538,0.387785168835428,0.234702967887279,0.711276980335126,0.803671846859623,0.180374816899188,0.012755828928086,0.240220611457364,0.217562120161252,0.0570178031253163,-1.97227492039442,1.94621130053663,-0.723903300290659,0.773545256498512
116,3.80463504991194,3.29425961423988,0.598792168249638,3.12103785607355,0.966262282236154,0.921586207623011,0.515662011445849,0.299401001442689,0.84490524700773,0.608324932694668,0.376969617078546,0.26778708114184,0.40315524672193,0.371541249937611,0.78256038750778,1.22719858327121,5.01487712887588,2.59059271640386,3.68461836188431
117,1.16072500635961,1.11457100298409,0.0501504123088346,1.74162571085897,0.979437422896808,0.215886807634844,0.0624660663263639,0.311193309296388,0.428831076847273,0.257706662846263,0.258467054769513,0.547188227422186,0.512991186426254,0.728098467573407,0.581330368654104,-0.1780363631295,3.66128778484744,1.06759375155905,2.24033093879252
118,2.70869370930114,1.14636894471911,0.999348115899276,0.408111193491943,0.98096468843557,0.361880735279992,0.864183202387416,0.500797101865988,0.933965155321406,0.801473396424437,0.449608265661285,0.221807988317334,0.162862651763135,0.813862354800804,0.507311884750612,-1.51454426594733,2.33076665293121,-0.213117237996614,1.02106334193061
119,1.99098352846608,2.0262461938974,0.0591647521648752,2.04482848533659,0.966503591820575,0.837478724510409,0.268429839859833,0.330570831992314,0.438890480743721,0.985294415812125,0.150855891833198,0.89257650912914,0.055155282380525,0.188868323025294,0.406416563278413,0.150516254439662,3.93914071623352,1.50900995150139,2.61229666125247
120,3.22673524252381,3.35900873958106,0.206162106236068,3.00897855424181,0.952688515579238,0.87406035764073,0.418700766693801,0.939828967260895,0.789655468609417,0.670172211760189,0.328110018213862,0.0589239667229122,0.457960197867011,0.96444801842398,0.691587600738159,1.14174337522158,4.87621373326204,2.55971177060509,3.45897633954517
121,4.39420847033015,3.47536036751476,0.723275462908813,3.15671472507991,0.969678850757512,0.684605702686007,0.544456599569996,0.507941865272354,0.85207968369138,0.184744819147862,0.564585330665228,0.293922146613826,0.924920719262562,0.256714361116406,0.939490105294972,1.256179101025,5.05725034913483,2.58922441477765,3.71957545951129
122,3.77861354515806,3.22855368459627,0.893369827685809,2.84706111310889,0.977266930380776,0.607447449314641,0.603401952601154,0.562718176750932,0.710048503916361,0.562313634974766,0.811495084467111,0.733156694928999,0.44404716080206,0.286127305662027,0.369921098138904,0.93165312628056,4.76246909993722,2.32173268330827,3.44373135982554
123,-0.365188548639074,0.125939004396184,0.563740194541059,0.186616680226697,0.963096979123632,0.11888944582059,0.508173986480804,0.734594677477959,0.00244502856733743,0.225661742591416,0.744041735179024,0.198170184688293,0.88916398149298,0.218388854857883,0.400977181583876,-1.70101871247495,2.07425207292834,-0.334923729222101,0.727494770668207
124,-2.87224759163113,-2.11259428597162,0.999744755322376,-1.00847127878151,0.973799238571063,0.26124277701031,0.911086297182948,0.352819483070285,0.600305057529826,0.7822073269994,0.76294944493298,0.376305823053583,0.458831084585865,0.115101987009635,0.71251525298215,-2.91708271455332,0.900140156990304,-1.66055024229003,-0.454387566446892
125,4.33108399359982,3.77458947357195,0.361260250202017,2.99277980170612,1.01753008738403,0.973062373504159,0.464056614275323,0.529728093621088,0.779094587672502,0.155728208199143,0.648980336330482,0.341563760480843,0.687590851750108,0.340583382172161,0.469203781263437,0.998457477247523,4.98710212616472,1.94350278276294,3.5926521027902
126,-0.14021348573771,-0.11495737811039,0.0603517158044061,0.625048328665453,0.986813834933979,0.693490667766775,0.274582332233898,0.657297276677331,0.944568886181107,0.597542292687576,0.40587565781991,0.272307840572204,0.943440136144869,0.252744758320623,0.417942430747673,-1.309071247251,2.5591679045819,-0.0749608935119956,1.2508010804302
127,-2.07418148322941,-2.06015050934919,0.0501381493016515,-2.04626549759764,0.98864165751967,0.374760652431753,0.0582131581834983,0.974649179279339,0.133721598826814,0.669439158342546,0.375212557044462,0.499948906906182,0.914106162353535,0.490166009757901,0.778286460692761,-3.98396753995218,-0.108563455243109,-2.74999041798662,-1.40311323263667
128,1.38264280601714,1.3777970958622,0.0500702591508044,1.13081359464323,0.95005594448578,0.033054321976495,0.024402362822555,0.93890419837099,0.322966615404352,0.379050293732318,0.263046643857844,0.554576898989035,0.584263426368474,0.713667446150212,0.734379831667989,-0.731261839847086,2.99288902913354,0.712135809279192,1.57503860309376
129,3.40946092222562,3.40471018069586,0.0523538814815114,2.66099721003052,0.994759835176271,0.79229010688595,0.200104226000374,0.129784698011936,0.0123329711117549,0.644932735318784,0.9175159763376,0.786322869113181,0.425218603462214,0.393342886571307,0.925411164343473,0.711303759818031,4.61069066024301,2.00491004250885,3.47094305443571
130,4.81844867724167,3.84931292592822,0.782021464523659,3.36365089376187,0.998688835899086,0.893551796281245,0.560570661991369,0.415364559482085,0.372164694301318,0.116935874570394,0.230012299071881,0.864014836449642,0.894622581703705,0.650421002886374,0.178845954736578,1.40625674363743,5.32104504388631,2.72931658202093,4.08151696866184
131,3.671754357391,3.56364837507085,0.0515295494162321,2.38722921334448,0.962068134463511,0.560223937323317,0.178506127889268,0.561046693183482,0.619953366670292,0.637963545341394,0.956257830512128,0.551798825270496,0.992320430851425,0.140189481470035,0.218537250799011,0.501610319122364,4.2728481075666,1.76576672562343,2.86030380894247
132,-0.327206115306572,-0.321766627737503,0.0502995865423569,-0.145069253673482,1.02501626765937,0.400458920424106,0.0969250736172544,0.688821477504331,0.674433394442778,0.118374017243506,0.706848069766304,0.390756080293329,0.572563141847262,0.856478548625601,0.354272111519938,-2.15406422185351,1.86392571450655,-0.862632719452362,0.68221103457555
133,2.58076091033996,0.706955277304683,0.999945312702021,1.3032481511561,0.985223256105786,0.585050941561349,0.988126411316218,0.98395595764101,0.957402464266517,0.620027064117021,0.617336914198589,0.26361138286686,0.126788310980075,0.790861521717044,0.387111995433341,-0.627753947542524,3.23425024985472,0.59520833716564,1.93113250319874
134,3.54910702358894,3.50116036706942,0.0503918925343304,3.27284245890469,0.997367275971528,0.710872437716345,0.110359149753931,0.632383733863826,0.278996559758089,0.956864937662496,0.721532724007615,0.632109984275303,0.0715279182965169,0.882377440006123,0.550535448439769,1.31803851864167,5.22764639916771,2.58946744581639,4.00899625348563
135,-1.44534406371812,-1.25165490468904,0.154489045287563,-1.14626565148698,0.975177691242502,0.0679927753445227,0.395457055569044,0.95770756039815,0.252219944146927,0.0577299577196827,0.384212864613975,0.730620972468518,0.709087360256817,0.00444095475191716,0.615100964258891,-3.0575788048492,0.765047501875246,-1.74343438025472,-0.53466394684735
136,-0.0851137253701243,-0.0335568896161019,0.987846698247649,0.753276897387656,0.958415513832777,0.0256383484830149,0.717299280945561,0.473058848771849,0.474011307823588,0.258313595752581,0.82085288701416,0.816829549086397,0.399813313412829,0.268983051569201,0.388433879267774,-1.12518299194904,2.63173678672435,0.202245546474743,1.18534739260088
137,-1.5159296496147,-0.813356980355852,0.960225003984991,-1.17286833869684,0.970900355401934,0.163052587443381,0.656522667601937,0.0518311516910326,0.392990913632908,0.091931984441937,0.282690950177843,0.774266012581531,0.0319077171529643,0.563250993280672,0.70822771260899,-3.07579806786177,0.730061390468084,-1.70061587416836,-0.52291743135238
138,0.860211295779656,0.874586848975492,0.0500822864442705,1.91619658286278,0.993510896376699,0.616713223539293,0.0323037870214321,0.998383252260508,0.888166549670859,0.126141543807462,0.606414877675008,0.992758413171745,0.250575345641002,0.665457652256009,0.561396101703052,-0.0310489922836514,3.86344215800922,1.14883143248407,2.62078545223588
139,-1.11622426003253,-1.53401071007638,0.901580672304394,-0.702799972385426,0.96282075337425,0.40796805699938,0.607892851628829,0.0083265661180485,0.35924234262458,0.323022693299223,0.767256598682376,0.331103795613861,0.375150038126158,0.406276300783269,0.461561978845508,-2.58989397256668,1.18429402779583,-1.21101819835841,-0.15621628212829
140,3.81235249425551,3.20272004738348,0.992120510529515,2.07707290472216,1.04972307180927,0.648484394927742,0.739193504156545,0.847248664535349,0.19624754152284,0.130827780343825,0.477239710487775,0.535648820199654,0.745861903263954,0.642784659259138,0.974024195601465,0.0196534902352319,4.13449231920909,1.06124374183783,2.87099150300811
141,-1.44918032172699,-0.53627864936103,0.996991425184036,-0.654968407218769,0.986708480869391,0.0646181467719143,0.787591177743277,0.556186224186677,0.941976547403494,0.188894426788669,0.22566362838028,0.813347356290789,0.83871999840613,0.192051413830952,0.320052661255933,-2.588881492963,1.27894467852546,-1.3490310143184,-0.0469727780670326
142,2.50442766915856,1.75480788837485,0.999226985917634,1.53042558436279,1.02537370868523,0.452194186840672,0.855655298353988,0.8307107806938,0.883976528854459,0.243518580758595,0.662976420404157,0.298953673466691,0.569291890036897,0.326942824614816,0.592063157360535,-0.47926995535453,3.54012112408011,0.553183295018449,2.25924583836922
143,3.1411958143863,3.14232050876526,0.0507713494780162,3.24952559306178,0.994255462146965,0.534366995172459,0.144236828139634,0.570710877683712,0.256176118444186,0.980359459644766,0.0521871683901409,0.854519558928325,0.740785630699946,0.220030301071587,0.862973112576758,1.3008206958215,5.19823049030205,2.43461513861678,3.93024879334354
144,1.05657274153621,1.00886539224187,0.0500813875621655,0.699179502450662,0.969356690750146,0.0206400133231655,0.0317545436797664,0.922697229554877,0.299801543035312,0.509439221697045,0.982680908426526,0.744603983709356,0.818698372780113,0.159633611084661,0.955866784220445,-1.20072469959255,2.59908370449388,0.162831512065606,1.32780538621559
145,0.536591111654631,0.518782679144143,0.0503294988077214,0.755498140643557,0.963801586143896,0.589831515754107,0.101685118646245,0.15941822074831,0.11183147188765,0.567001659485628,0.195387716975878,0.238992547114613,0.899284140043776,0.0917652577426052,0.728451760310913,-1.13351825644106,2.64451453772817,0.208471434450928,1.28839799897165
146,3.10650572180972,3.00444621620022,0.198796786026647,3.0091067617949,0.974462215182901,0.880465442197281,0.415823345382465,0.772925048651989,0.357715508105,0.92478374589514,0.508319986553397,0.444653014167794,0.641467453004792,0.336754640902858,0.273626423162408,1.09919591574129,4.91901760784851,2.36618467707685,3.57710860467349
147,4.05176818126342,1.65375081707085,0.999308818531147,0.267625594336167,0.944867338813202,0.828931016582646,0.861254351615673,0.471120796127361,0.426069959159358,0.244288246811368,0.792652797018411,0.716915440008743,0.580286012278404,0.946985306800925,0.934001411462436,-1.58428035990591,2.11953154857825,-0.107355263229505,0.658143377948135
148,2.75723582243534,2.74147173978939,0.0500994593720505,1.87876714063308,0.965085389290849,0.822433012150694,0.0417818337829085,0.101925396401901,0.241326895321952,0.48559080043179,0.697362679150305,0.942748215407017,0.625784075480187,0.756498710144311,0.898637707347283,-0.0127654643828052,3.77029974564896,1.33720943852228,2.40532977731159
149,1.44438452181314,0.5100767854556,0.990567416844783,0.404805148507623,0.974946169426452,0.239283141248976,0.730115666972706,0.178245535854017,0.051549929554807,0.872802093793056,0.362066818774096,0.490215246713022,0.832283212125883,0.273406872287276,0.658764386059018,-1.50605423043351,2.31566452744875,-0.198775712861169,0.99083046982423
150,1.62899272379794,2.25708289278044,0.493317448527666,1.74374238299898,0.94450828138932,0.115164723322494,0.493320071262307,0.274730255031143,0.504878767578513,0.367875427604537,0.890015078512719,0.0246316226155031,0.151228313480038,0.985655627780478,0.454373604666791,-0.107459831623909,3.59494459762187,1.37133955273099,2.13673084845607
151,2.31322847104625,2.37460166016342,0.0506990382726764,2.89310807908736,0.973576180972009,0.749588543439168,0.139311216562288,0.202695433984976,0.499653825697722,0.647736609466956,0.185492447414552,0.0832862043709029,0.904528619986842,0.910006747888052,0.115838830500026,0.984933828176174,4.80128232999855,2.26875082026378,3.46018601106448
152,2.18600244407753,2.23580109200419,0.0519023136384429,1.83900938200603,0.945527267028025,0.132937291311915,0.189430665409192,0.358282754631131,0.663988035532064,0.263239004542003,0.727074460516684,0.439627853999962,0.622364279550617,0.0947511137065012,0.385829489089316,-0.0141900077694859,3.69220877178154,1.41991453561161,2.21935650165477
153,0.747296827382872,2.13407596647851,0.999093756284925,1.13779838888362,1.06193578685846,0.868438988756621,0.847697729823878,0.655697519945214,0.993552862842102,0.72819016276137,0.881186536639347,0.00103709899168462,0.0350800052953418,0.0702137039045338,0.393442157926504,-0.943557507253171,3.21915428502041,0.184680036323009,2.26928120851959
154,-0.288352271600514,-0.334515708141577,0.999801955199148,-0.059927074655578,0.955125877005362,0.214392870725598,0.923775775080081,0.36855452681426,0.814511544106877,0.237690335025545,0.264490487094736,0.0984118112145225,0.365168194706435,0.108479304747772,0.861905366755906,-1.93193939428832,1.81208524497716,-0.563722342408074,0.40866861282168
155,0.934349005929158,0.891346519477957,0.0506497572004437,1.02533977608118,0.963985872656802,0.417696152371587,0.135653284035157,0.422648266662611,0.34506816737901,0.859796842963202,0.620016050979961,0.967166371408617,0.318836129533243,0.816171147000976,0.386367980949697,-0.864037815931565,2.91471736809393,0.451454437074928,1.545433303171
156,5.55656520479491,3.23857391199456,0.998928668992465,2.14339039833471,0.975281864593149,0.980138177994988,0.839321591184358,0.846894401411642,0.908503202743945,0.639165581473731,0.0973956984423567,0.662787780490471,0.684388906359905,0.485867153567961,0.231068979722681,0.231873068957066,4.05490772771235,1.54363702144438,2.77568161422108
157,0.849384071357263,2.1434736985444,0.995202172645699,0.757216981490658,0.968372417683555,0.144207132185926,0.764161783149815,0.673631874702056,0.305114012312028,0.0699185407063924,0.44294141844369,0.169708120666444,0.728556642908021,0.369423576309229,0.079843045792426,-1.14075808079109,2.6551920437724,0.244917664635101,1.37802206879617
158,1.82781171169531,1.72762608458164,0.0501566610773011,1.93070400944098,0.97479094789094,0.959564361504745,0.0645016192508629,0.110380776081001,0.924808685865486,0.66177594000299,0.958125042160042,0.561239003729774,0.222985584005481,0.142303877118044,0.0277901006485336,0.0201488591190806,3.84125915976288,1.29707936527537,2.52216957116325
159,-1.13849007860639,-1.39783874681755,0.820351543430852,-1.1168865758532,0.953272724559743,0.44489907518914,0.572792251918465,0.443499994793674,0.879369489548146,0.651025956574478,0.0332869124716381,0.330383543728967,0.533555278043379,0.300351741171558,0.393734307841281,-2.98526678343467,0.751493631728263,-1.55983366222838,-0.650492231334689
160,0.694821278890139,0.654781824938579,0.264173950819212,0.9368152089585,0.959737459754513,0.136271979142795,0.438289739727858,0.866760800700053,0.96071088337386,0.576415542623261,0.886925026090699,0.841193960888078,0.902967790878029,0.27493843320827,0.800856329316623,-0.944235646774305,2.8178660646913,0.430505313747572,1.44541687048505
161,2.1819269371991,1.06918740966907,0.999692968124748,1.04271990656884,0.963970665554621,0.375017299841042,0.901847122475505,0.974045576013275,0.398360304471571,0.367388029814814,0.445616891778191,0.23115357873519,0.974439673309447,0.525198632846121,0.16805146572669,-0.846627880071321,2.932067693209,0.456319775476299,1.55141738762758
162,-2.42704375800717,-0.516904409780044,0.999767612827876,-0.599742649860497,0.959498811734137,0.279622466647415,0.915778389476123,0.99011234344414,0.586919589037891,0.0938191100240219,0.652050265559112,0.694453959457693,0.9639684294865,0.687053130945773,0.224814493245329,-2.48032576406838,1.28084046434739,-1.1290822487872,-0.119751203619201
163,2.12810761224619,2.16898587432004,0.0925443159225946,1.0437930943306,1.08599846521763,0.987827351318905,0.346995076414198,0.637372405957081,0.958400323854294,0.784742849652423,0.139256209662184,0.872998728915933,0.73473242700228,0.160127342932858,0.072026742126327,-1.08472478476172,3.17231097342292,0.23076937009628,2.40475758458
164,1.9542097283244,1.63686520796186,0.998715665880693,1.37676461101019,0.983212082697405,0.408935895337258,0.830243437515688,0.426135933311074,0.875953037796658,0.94573159132991,0.0782044777789852,0.746096522214939,0.912859602227109,0.615083253870136,0.0614554271394154,-0.550295660241336,3.30382488226173,0.671818770182297,1.9947362145239
165,2.51178568169937,2.08567660703063,0.998763422351619,1.27910042033936,0.969976675450066,0.843705849719583,0.832140593654825,0.897127347593196,0.545199820110691,0.86212431587535,0.823060214420781,0.413582401760854,0.733983442379278,0.618863414280699,0.319194747063913,-0.622018929386667,3.18021977006538,0.688074204165,1.84438873112063
166,1.72769110471091,1.40589978747855,0.993144948012151,2.88330151842325,0.978577253130122,0.777183023134829,0.74621170416777,0.0851863129449775,0.848711763446569,0.0750907080461038,0.687719286185922,0.168753684367053,0.789871497970191,0.100507639081101,0.576185610801447,0.965325346198071,4.80127769064842,2.26247895533179,3.48348260010236
167,1.94200158120428,2.22702012848472,0.903748251024787,1.90385583053584,0.967546625369258,0.179118570520892,0.609133460906451,0.215255219837418,0.00862918090180028,0.080422269652714,0.0532081639657263,0.80449055946595,0.814908364376286,0.182417976184748,0.270102010009112,0.0074992914488321,3.80021236962286,1.3123521075355,2.43538084078147
168,-0.630048084249114,-1.4754211011431,0.573524391306523,-0.800581748457424,1.07820673169987,0.288459248238243,0.510251422307338,0.885871682727593,0.0345219268508954,0.249183617612347,0.240540470527019,0.65165539865871,0.771203104494954,0.0849206866917666,0.724630353986286,-2.91382811047782,1.31266461356297,-1.76542280833557,0.180571772824005
169,1.14998283065389,-0.191314319503318,0.999639727030234,2.05852267468352,0.973835053449538,0.670153160104994,0.89384879817348,0.278697883900022,0.626376116337022,0.573442627312499,0.712181731819408,0.591523091671057,0.320563177328324,0.330301970185246,0.81239695025445,0.14984104303979,3.96720430632725,1.51158110927696,2.6858278791197
170,1.48903715309171,-0.627802167057662,0.999889785783148,-1.46171917591982,0.971268434994423,0.335562812909135,0.953083767196862,0.438132778349798,0.475574725828134,0.216237392242299,0.810774968722137,0.987599937814521,0.955850927703083,0.732805801557726,0.222071281213663,-3.36537032782947,0.441931975989829,-2.0126368094952,-0.827804934408733
171,-2.19376568714157,-1.53003563924452,0.995545149205259,-0.992896931206673,0.955616930952456,0.244765860248473,0.767888403495424,0.45897841400851,0.301503360514878,0.187414112730301,0.824628861725912,0.355771464068093,0.594182755813818,0.0657689327341504,0.299308475302532,-2.86587169889019,0.88007783647684,-1.51870788218848,-0.56310468447006
172,1.68697719912448,1.43629900431904,0.465328831920845,0.604859125707534,0.948203079267561,0.675328563492396,0.487370932686259,0.395578281990369,0.650348236511229,0.358037174988305,0.632567153946613,0.864765144806355,0.681903903358849,0.495308492181939,0.969868357318337,-1.25358475968686,2.46330301110193,0.200878247356376,1.01855645096943
173,3.5841824277447,3.54872921307777,0.0507174115108829,2.86764772598273,0.963729824111035,0.756747484894353,0.140609390098369,0.896362733295537,0.332240155693609,0.065486045865342,0.649377661569626,0.0904719789568335,0.692272481056279,0.436613961836556,0.744752466283971,0.978771979897985,4.75652347206748,2.33308352602521,3.40126430470339
174,1.68374180761053,1.13110728492486,0.999286062519421,1.29013316211591,0.974440694011414,0.528084260689327,0.859633503581048,0.770382305210107,0.476146487736725,0.0880232694960432,0.0489823890191037,0.030745751881972,0.363039326702361,0.924310259478283,0.316850776393316,-0.619735503216676,3.20000182744849,0.726286857822855,1.94801826410727
175,2.64059045128973,2.61054529548146,0.159024683346136,2.22543923050727,0.983774085444865,0.996715227064793,0.397850599988131,0.291984973721323,0.00525961250730325,0.618284641732811,0.645871161825373,0.64160997006367,0.0711055391192203,0.905291408673045,0.664712553569581,0.297277454111509,4.15360100690304,1.62431674803981,2.94974910069363
176,1.67735878093854,2.0623881381435,0.883249842809765,1.11324374865727,0.987499273610964,0.216002335710102,0.598264864280471,0.771349949717638,0.156899682263611,0.345164708685479,0.647096136331675,0.186352563866414,0.794677101227338,0.0306415301872184,0.736753812364535,-0.82221926237968,3.04870675969423,0.418605466941287,1.76284246784016
177,-0.141510818849843,-0.263765481719358,0.884976968070283,0.467075861452079,0.985694034107241,0.916828149739886,0.59911358776805,0.442500341172447,0.988147983300965,0.779842872119043,0.477835856252932,0.145976874711108,0.93327450025978,0.477574095248012,0.950093746796134,-1.46484894517411,2.39900066807827,-0.191884347167446,1.13861105131829
178,0.724221267536183,0.781285464121528,0.0501330462717428,1.94166766167402,1.00123854936758,0.704654994614189,0.0563309885247145,0.923527069478296,0.130873004443827,0.196803536649561,0.864565586754587,0.618986967051867,0.648425667782663,0.5689463553268,0.898358764543431,-0.0207238350195571,3.90405915836759,1.02718548550729,2.5480526684017
179,0.97661109597344,-0.170737655432957,0.999868076099019,0.511386718931333,1.00377093822791,0.656796526135295,0.944092656902387,0.558579337068601,0.670339912925963,0.846238079666626,0.232707273724489,0.738441658123396,0.603086592352251,0.0242011972976616,0.0137993036819389,-1.45596816872335,2.47874160658601,-0.212469259420806,1.31224516094861
180,2.71525372370282,2.75007970528457,0.0500465802430581,2.87461950359068,0.978262846064181,0.944841148802545,0.00385041259904392,0.781410067806486,0.797340666415519,0.784129596623243,0.731768490787363,0.750617350829532,0.00483449864049908,0.55946179193398,0.418610395338968,0.957259557891237,4.79197944929013,2.15866641205586,3.46127947990386
181,-2.20232438559019,-1.48824174678722,0.99917840401934,-1.41854443048858,0.952438678095495,0.332783886987483,0.85260516425001,0.555249043804361,0.410355243082508,0.31712772567512,0.782247923682793,0.211893634223961,0.330211077725748,0.588820564751513,0.279001875668997,-3.28528993703869,0.448201076061523,-1.86773645214857,-0.996486207214155
182,-2.74619965826338,-1.9729826307154,0.999423433447291,-1.31732477280837,0.953354814363388,0.0116758915195242,0.87032596957183,0.209600843649707,0.473184206670499,0.726074209176004,0.235156010883162,0.496660364542506,0.422819272766821,0.953105697393767,0.603524089048733,-3.18586587344848,0.551216327831735,-1.76234692041356,-0.875116872697357
183,1.40715517798401,1.01443080278199,0.274628399235398,1.78286242287977,1.01517011482978,0.780162258025026,0.441388170080027,0.577051246057381,0.0821699342180509,0.960003946333192,0.432232922235271,0.868041013556533,0.106632060180884,0.34449391205085,0.121423243089346,-0.206834440367988,3.77255928612752,0.967967523240519,2.67536457055332
184,-0.167686812378722,-0.0646451750723588,0.591472209576765,0.200646262651927,0.977875910526491,0.620201082973857,0.514086590076913,0.698279300129274,0.75695369680773,0.754534909944748,0.220103457140503,0.0509674020570237,0.799991093091434,0.792534746324294,0.362898272766266,-1.71595530332931,2.11724782863316,-0.376425250525617,0.893759230836265
185,3.34091994848724,2.53450908014224,0.829860911739938,1.507199512847,0.945639603204047,0.583429648292833,0.576124965836527,0.241942816609051,0.575559758823831,0.311366631288663,0.387043734997162,0.414617654506932,0.211173571577063,0.372038024334935,0.532826418784098,-0.34622005178768,3.36061907748168,1.123491483864,1.90936845298514
186,1.06280972251414,1.09019316430558,0.0676890906891701,1.18892021022161,0.950914638592578,0.919254932293785,0.30176408757898,0.711043989609112,0.469954545572982,0.218159102270845,0.360521446530474,0.81970517740841,0.985296709246119,0.413303311203024,0.370795002480736,-0.674838233791763,3.05267865423499,0.737268789201196,1.62501888538462
187,2.34307983123946,1.93600550004123,0.994015304443995,0.95551236972484,1.00543006995523,0.59875080893212,0.753046845423407,0.50735719161341,0.509068808121141,0.770229792291997,0.761041971401544,0.460286537008826,0.507193381307297,0.768793578997836,0.528779240584234,-1.015094356361,2.92611909581068,0.0764549596542345,1.65201392521084
188,1.00010683611161,1.76451775965396,0.512707924179224,1.35560573808351,0.955635031116452,0.0888621838960098,0.497411616670084,0.78264061588177,0.381569603534066,0.724466518163099,0.66840178027912,0.621749904716969,0.145722618117463,0.981727202618611,0.632692522652447,-0.51740450526955,3.22861598143657,0.902526033435945,1.85908344119969
189,0.0778224766790892,0.0710892737319846,0.0515875079179545,-0.034320928037763,0.978936375915027,0.527402468722663,0.180368795680581,0.910689526811475,0.00969253869052045,0.321076758029056,0.598716863234993,0.0150679787681438,0.462513351105736,0.231457874761429,0.55539910276758,-1.95300096798738,1.88435911191185,-0.668603735559359,0.618756986706635
190,-0.992357186842008,-0.919576495528825,0.0507907943532823,-0.317525875935901,1.01796507076346,0.407437695913832,0.145482672446989,0.184383601806243,0.181899065580103,0.54820791915257,0.673602673667367,0.840605379363871,0.698728553697467,0.362175126169808,0.800349065493559,-2.31270075215205,1.67764900028025,-1.29230039103669,0.278732218855644
191,1.85378708814001,1.50254326148681,0.997777840703399,1.64320693406498,0.966864897627223,0.100413192539825,0.802782037512748,0.285552471937495,0.104401341948076,0.174443643802777,0.490758811640204,0.476375933135627,0.894110936880694,0.163030739563168,0.444131399911479,-0.251813443200381,3.53822731133035,1.089467019153,2.17115727783413
192,2.37769981236423,1.88159261893856,0.999824780382818,1.40815418007886,0.98703831702881,0.515658054671134,0.929899633120513,0.753062772130012,0.610744968774146,0.970157841907581,0.857405127819278,0.519665346070309,0.45979517506191,0.560340241002967,0.902660943516996,-0.526405372658637,3.34271373281635,0.728588535430444,2.11656378992654
193,0.161539490123027,0.216181780893662,0.0505110878105026,0.358085610481494,1.06189761205163,0.714156556004426,0.123643114215694,0.545623525750241,0.282882894659298,0.0539030007468536,0.66754477756191,0.851159171383013,0.570161020280211,0.432794617492007,0.0314832893722923,-1.72319546440878,2.43936668537177,-0.392211035545157,1.63260156682049
194,-0.951540137422419,-0.960377210486118,0.142236731790441,-0.00748039982960047,0.952884392903172,0.338855894379667,0.388501514675329,0.345734648906277,0.205737704403931,0.191421185432817,0.678525902034948,0.547938919299631,0.75882559992536,0.693099326246884,0.285563407910522,-1.87509949135013,1.86013869169093,-0.473149523915607,0.440426011925872
195,-1.52509380167262,-1.26675735018783,0.102752989139781,-0.828285589638838,1.04843523077102,0.43516408503626,0.358314461916569,0.204111793258111,0.972178102267557,0.210271743243444,0.281248610038892,0.785841838720022,0.172391043733805,0.52571460512036,0.958222133428557,-2.88318088207298,1.22660970279531,-1.72033423823577,0.210131261078262
196,3.77893842752922,2.95812215468462,0.850128242370633,1.69451598071913,1.12580155033703,0.772493252394139,0.583749601925141,0.0541709369686432,0.849717229266767,0.9481288333392,0.718577973776264,0.546914371702005,0.945214852604666,0.164747441293322,0.230551921669859,-0.512014511680795,3.90104647311906,0.356954712460277,3.00266724574987
197,-0.115376084232059,1.28432736052965,0.979759902088495,1.36065439732062,0.95704387155736,0.181860521408962,0.691363035054295,0.804850227272604,0.549097585327108,0.850850318965502,0.121781640719855,0.560233457873459,0.91368842813361,0.861968733371585,0.0746010785301914,-0.515117122556586,3.23642591719782,0.890493984784741,1.88840842905528
198,1.84497431517168,1.75993585575267,0.100540116521702,1.16429287850426,1.02373534747672,0.506703434365918,0.356048647689284,0.102354339852696,0.172209314101608,0.711502243895549,0.177229931172333,0.251603736880352,0.0397104092166992,0.00287346947460901,0.284496175216744,-0.842191532250713,3.17077728925923,0.325374002454082,2.00648836781881
199,2.25364289480164,2.18226125888305,0.050349923653274,2.25451191009548,1.05321710786886,0.35946588868869,0.104693307107547,0.73674216278852,0.932487599718384,0.113208352205926,0.428894470334053,0.29522445804195,0.711361327386461,0.722939090750646,0.0822758554400643,0.190244310771076,4.31877950941988,1.17294587406283,3.16175282262964
200,0.294881038920121,0.259231371700112,0.0543588513554661,1.11858218119097,0.964013811020694,0.882164087233483,0.231017270522774,0.472492807073984,0.994251340066898,0.615950942112249,0.591423183712177,0.0684908415200189,0.889537970449775,0.746902321677655,0.893425217204029,-0.770850169008792,3.00801453139073,0.56538007958881,1.63203698940222
201,2.28683050139005,2.35905726991126,0.384534853724722,2.68906075489529,1.00175783164449,0.252127883238485,0.469518137664534,0.75575815473788,0.289258759340504,0.0329762710825307,0.216471809402923,0.296967375834589,0.475210302081541,0.0749908788285684,0.651120859408751,0.725651483641146,4.65247002614944,1.67884894730474,3.26348956204137
202,3.1757432017232,2.93284481151618,0.999479915945049,1.24335957235564,1.02735603758111,0.638801775464904,0.875483960705926,0.992227437526686,0.053440775591298,0.831985544168623,0.000265834819991142,0.790237402454251,0.656794715537224,0.0897432552254759,0.607440218632459,-0.770221260603114,3.2569404053144,0.389879607449773,2.18050785382475
203,0.46423412445265,0.551106667377542,0.0514470316185937,1.82121050001178,0.984464358697338,0.865259996550274,0.175728833318222,0.845299035318429,0.580221663195873,0.588471377571695,0.000622921816422604,0.515889294049819,0.884611619206844,0.750826617855928,0.0179347739851801,-0.108304187098324,3.75072518712188,1.23325481572698,2.57235358255235
204,3.75757685439573,3.70439715114847,0.0502887674347188,3.50487744174369,0.990253223772744,0.610613323065336,0.0950854194171261,0.302338823920232,0.923376678223605,0.525204310730332,0.987789293891867,0.405157190765021,0.817268823040649,0.740720170206041,0.0419793808141258,1.56401678757443,5.44573809591295,2.71284729501844,4.1005437854826
205,1.68330030705629,1.67370247373768,0.0507383229634674,1.42493647465435,1.02146222802321,0.842603498241282,0.142047078470001,0.0553006394696422,0.146697389996727,0.7186028741966,0.680392135542119,0.0825865135986824,0.587152640662156,0.984366676207399,0.709513811090495,-0.577092703839181,3.42696565314789,0.585892623464958,2.22332106798125
206,-2.48104251083694,-2.15839492440867,0.999876862522836,-2.01700956392833,0.992130033413876,0.0545902647429612,0.947539310252294,0.148029811480432,0.830576441465295,0.629637353634927,0.149294676946476,0.153036894450313,0.741005838139448,0.954993863958516,0.951313705855864,-3.96154869740005,-0.0724704304566188,-2.71366597175203,-1.39083163993798
207,1.13705759822675,1.09528284372437,0.0507535919663901,2.56452098781591,0.949762508794309,0.580630196721526,0.143071368440636,0.356773714812589,0.481670211851015,0.212547147513134,0.677623466674471,0.252676144005847,0.131678802992683,0.0276512000559596,0.26188946864137,0.703020676712659,4.42602129891916,2.14259750891715,2.98359793570893
208,0.939062849239295,0.932449167134345,0.0501445113921132,-0.520749364029643,0.963445696368083,0.425959154053708,0.0604646603923757,0.00572564620873891,0.340394788584439,0.741306163443136,0.00627709494833834,0.433245110178832,0.956385040223133,0.0121902382252738,0.635254652312258,-2.4090682299712,1.36756950191191,-1.04387342665465,0.0339642145891375
209,-2.95875588124026,-1.55278947071556,0.999701448147914,-1.03807895199183,0.955669860854459,0.339262920336332,0.903247966124909,0.222810277284007,0.209253505016793,0.326371302147396,0.842483645255212,0.530897385179997,0.336951174762449,0.423071437730105,0.307227884269087,-2.91115746037697,0.834999556393314,-1.53410845116717,-0.586988576864768
210,-0.923187632736923,-1.31932613465994,0.531845613150832,-1.22315634781608,0.95594917292424,0.366639721009997,0.501441281506443,0.0494057758309646,0.596153315725387,0.0777625243447255,0.19915653341182,0.302825267778477,0.940088406373048,0.496028221546789,0.256529591378523,-3.09678229779844,0.650469602166278,-1.70876375962183,-0.760620517878798
211,-2.22943180690329,-1.51173956302178,0.995066508722615,-1.42300795978701,0.961642431607583,0.184379457816831,0.762760419867118,0.183054837714531,0.78110355499899,0.650991594158113,0.15881603679352,0.0864002912751166,0.851982363783056,0.629923684444861,0.120213188641472,-3.3077924917434,0.461776572169372,-1.93337963697989,-0.937795005835117
212,1.24815541477971,1.64114559610004,0.996322732648597,1.68852916301163,0.95514168781749,0.223696376210893,0.777520687855198,0.472639747819165,0.401176212583785,0.901610133601469,0.425512570627034,0.679183143389877,0.27646015366714,0.418081562704872,0.0906262094135163,-0.183514145243452,3.56057247126671,1.1849822222129,2.14992421241872
213,0.464409438839015,0.570412476615581,0.986397148038394,1.43156730617736,0.973055157472385,0.7402467604751,0.711588010806474,0.414863850842463,0.406390405818005,0.83374646374688,0.3851764838784,0.550414994801278,0.163191003291053,0.609431037002127,0.204997516434174,-0.475585757439465,3.33872036979418,0.841996829977115,2.04666494937853
214,3.4807750518973,3.04059389948113,0.999829789754458,2.52883107744785,0.994695761917018,0.544625734661706,0.931350183372269,0.831584907256649,0.900456879504724,0.173828651534859,0.0896114214952104,0.253928992725094,0.544993171385722,0.785722534125322,0.310125716781011,0.579263208515869,4.47839894637983,1.83559791769305,3.23220231966578
215,1.50486554674167,3.63124320569518,0.998778918216474,3.06757249314893,0.987272879666463,0.766382418434485,0.832771931745927,0.396271542046336,0.0130157974322792,0.026032060282887,0.89950747506565,0.802327901987708,0.558170344571816,0.518175694909529,0.916324832877726,1.13255320608952,5.00259178020834,2.39894804935099,3.73949814073061
216,2.76489746804223,2.81775821515119,0.0504108172624503,1.82286445560358,0.947486265101352,0.789427769051981,0.11271818839456,0.450655585798435,0.207314108973835,0.468420798720792,0.661499323870521,0.2791925720094,0.676512946872739,0.358777114752913,0.872424728489015,-0.0341744998414417,3.6799034110486,1.38813312513254,2.19623099458724
217,1.36278153747958,1.29736475740779,0.838666296084293,1.1866912281334,0.957070728288923,0.869104408344487,0.579343418547069,0.141069289754261,0.0719197369307512,0.622136866964749,0.895714465681813,0.206017589473049,0.347424540784792,0.453903882464278,0.789351883085794,-0.689132929970408,3.06251538623721,0.687697486463581,1.66725881891677
218,0.323416973670946,2.95074938008885,0.997235951903988,3.6111850092263,0.979936216820943,0.559163035169477,0.791842595638125,0.707499122303911,0.406992018179735,0.865679386488395,0.737494760052068,0.11776025141729,0.329762379522552,0.741523395409458,0.159005993119557,1.69054531711082,5.53182470134178,2.87594258619503,4.19432446159457
219,2.47133407904524,3.8178440643947,0.975296808999301,3.0922959976056,1.00291054330573,0.918754621249391,0.681159106751787,0.616434656288126,0.498408942328533,0.438486530530732,0.797378271919326,0.221134394448134,0.0200504105356522,0.333652277644258,0.141005228178925,1.12662745301088,5.05796454220033,2.43917742589251,3.8465230563225
220,-1.3936099090281,-1.24429902586414,0.879297686548302,-0.907535845753929,0.974679474516158,0.34163029119547,0.596362594346632,0.446500763056451,0.348840646526311,0.541074726235587,0.054918319781078,0.155493359607644,0.736567096016486,0.3602031328429,0.535809513469809,-2.81787251227602,1.00280082076816,-1.43450095525913,-0.240854534291685
221,1.08868657212944,1.73231109034786,0.94107286439734,0.00825543004621232,0.951679362739519,0.662749241200159,0.635806225572946,0.739082211338216,0.547593719261815,0.46089467054978,0.572219525193097,0.20232770859194,0.86631250927411,0.412844361773459,0.547770013705594,-1.85700184575327,1.8735127058457,-0.435423079429498,0.448367241232852
222,0.686851336901771,0.37446358782224,0.991555996940864,0.158592790799983,0.97584193168216,0.0500021999835735,0.735703866518103,0.667496426775819,0.330787345373654,0.159451867779251,0.726263316438883,0.386857572296984,0.898754984169383,0.161339157227776,0.818670296419528,-1.75402224990105,2.07120783150101,-0.391790115181944,0.824132754146603
223,-0.508163907813119,1.89442082956689,0.999907597662855,2.01798068383423,0.95140569967888,0.754064823432709,0.961898386056302,0.34835483469232,0.767771043293294,0.18292640646291,0.453352539381594,0.104180100235622,0.834793189770891,0.199905700867414,0.5444467723493,0.153259777777497,3.88270158989097,1.59600763988468,2.48553125785272
224,-0.964793480805449,-1.0514748985565,0.061897571185954,-0.598802964468209,0.972936132111123,0.124261148374411,0.281623756752931,0.925112528966856,0.136614222136093,0.135489069774747,0.945380642022821,0.319118748172419,0.0222038675681688,0.600065010914695,0.280938849315746,-2.50572274266371,1.3081168137273,-1.15324326174456,0.055782012416342
225,0.844254812419599,1.02000779052051,0.999042206454901,1.08991503294621,0.956833371919215,0.654071211097296,0.844928815133986,0.410197452710592,0.172539773112745,0.0160678166673752,0.717506140593206,0.100854816344683,0.371228139994084,0.811291083174874,0.623826859077322,-0.785443915221469,2.96527398111389,0.61377210637184,1.604252298192
226,3.60181593527495,2.9410239516636,0.998372631024268,3.23828315326681,0.999883277784658,0.98631289319112,0.818389145516325,0.25197519802535,0.909141541382298,0.326743942922563,0.407484268070082,0.789770511750598,0.957475191225647,0.356846011981484,0.578973643526551,1.27854794006503,5.1980183664686,2.41868922542348,3.91734824114533
227,0.363272009467872,-0.46187133666443,0.939947012567029,-0.154058508344056,0.968426008162414,0.399848457639688,0.63479673140659,0.769706765979645,0.701889936057036,0.396621607109089,0.51562825190532,0.0393742930615554,0.14330832916568,0.598006844762946,0.612127972771064,-2.05213860603428,1.74402158934617,-0.716000533407019,0.375701937144634
228,3.94523680512127,3.88116005290227,0.0794489640752132,3.44589831519312,0.947046519845278,0.87805621161114,0.327884314546478,0.593336705884896,0.374173071071622,0.459607626533369,0.962255601698766,0.122685999260284,0.427650757220108,0.69364523456106,0.455497177299345,1.58972124461238,5.30207538577387,3.04936867846448,3.85462879185831
229,1.8235711418035,1.84613780247614,0.0976019866237499,1.66115664467258,0.969997881914343,0.0412439709297614,0.352890940845362,0.763637372769532,0.518705668071168,0.0378251790072536,0.312198612643988,0.933060633318149,0.704244905204046,0.448077584252576,0.79395012489846,-0.240004268959669,3.56231755830483,0.989771440996785,2.16524556137339
230,1.92848781288082,2.02367843488709,0.0556795713289984,1.95828668680442,0.960047317130879,0.148054319700575,0.244320510696853,0.374197531954851,0.0522855493184179,0.790767374445451,0.173929023129982,0.397567353274091,0.721226350769284,0.707442436494399,0.283449672528892,0.0766285217735909,3.83994485183524,1.4284265232538,2.44655682921013
231,1.7958091899362,1.91693918687733,0.985218845153161,1.80062758535368,0.955735275277288,0.103694893115666,0.707371375632007,0.170040454854374,0.100571998930769,0.601129783856217,0.820385515368776,0.259681201926665,0.0588069895149674,0.206705438757548,0.234500654516742,-0.0725791329442769,3.67383430365164,1.30549299190139,2.26816674150623
232,-0.181713357401955,-0.255929663696272,0.127749381672398,0.457449746616565,1.08583408019508,0.315494951412431,0.379120690465323,0.669371534431819,0.208639375724364,0.903956424041651,0.92828183750168,0.767754007389303,0.874431468626484,0.948336435319856,0.581710725376615,-1.67074594375197,2.5856454369851,-0.483040863838294,1.53089472245695
233,2.38588383653369,1.99651360890685,0.907524463868063,2.01712420793166,0.975438576963356,0.0918979015080258,0.611355278631789,0.147402432074188,0.324179994052742,0.899373424825259,0.839428781449562,0.313057173681329,0.382494019159232,0.929421285500401,0.0255038978764787,0.105299727952485,3.92894868791084,1.42115724422171,2.63465540750991
234,-1.5834957181701,-1.60976299985343,0.0512708910775086,-0.44660257663032,0.97557896373432,0.296224304383271,0.169229749069316,0.399591246983036,0.222919653894147,0.564098060681019,0.126240885720588,0.672383494891576,0.860804765729001,0.943204429882462,0.715980470986571,-2.35870220962449,1.46549705636385,-1.19005585860173,0.0625474391874412
235,0.0743030023429604,-0.716347714697917,0.928638017873912,-0.125989997841658,0.94805384500663,0.253778457379085,0.625530386862927,0.107358543401584,0.429318768552388,0.28088331835065,0.790665427036118,0.947446039978764,0.535668584366096,0.599902585586533,0.235615240770974,-1.98414138945937,1.73216139377605,-0.527052060029127,0.298262786446175
236,3.24453614511623,2.06859954348428,0.998877456249067,1.7750126434768,0.992626285868063,0.968229410496657,0.836984117235872,0.408667413325282,0.369762562880642,0.0368716276206542,0.187565263909171,0.985328279375332,0.555987666190485,0.542334679803462,0.410742607209366,-0.170499126932358,3.72052441388597,0.992893210056066,2.43404331834839
237,0.718133764806187,0.791318863696121,0.0599392119273367,1.6879553049437,0.967009997428862,0.537404896346619,0.272527159661287,0.0558325197447557,0.323513294170261,0.788266626254423,0.357103490788257,0.290431932497071,0.0378100157560548,0.491251990722027,0.148982113605598,-0.20734946270704,3.58326007259444,1.13763352935703,2.24313385750057
238,-0.624234571818076,-1.0189740002519,0.884322617370514,-1.81651208155152,0.959081333131113,0.232088178253267,0.598790751336957,0.540651931765606,0.704776569660055,0.240659727542195,0.0499892455008812,0.145064472761238,0.350264386913041,0.520388867400237,0.822624419129221,-3.69627695273316,0.0632527896301218,-2.28321045373509,-1.27879364585361
239,1.10349904038474,1.34969179491538,0.999612811920065,1.71110042999599,0.957893933866744,0.32644933976524,0.890244952223147,0.258357610799721,0.764083920941222,0.511888582270592,0.573609068657854,0.139942989583244,0.158115178323933,0.685428259502863,0.0504750606142916,-0.166337181392219,3.5885380413842,1.22804156329143,2.22845892507099
240,-3.93162567044095,-1.79060619997076,0.999714555092275,-1.49238239041361,1.00402801876591,0.11698174310755,0.905493385365815,0.907528842367697,0.192340747855837,0.85715580840339,0.196111128084012,0.56064816638187,0.0186028197797714,0.343481937599368,0.45665001989645,-3.46024114666389,0.475476365836675,-2.30080610285859,-0.746740138768287
241,0.776589124749564,-0.0487249331499085,0.999344692184066,0.625048127146586,1.01616274248464,0.854165731600253,0.863921107731061,0.801267383057391,0.102614985798602,0.953719692388549,0.430555496235494,0.909601402937551,0.243014884616481,0.830422376754461,0.225769869697397,-1.36659425055475,2.61669050484792,-0.270659997584432,1.46291395617303
242,0.00155521993978339,-0.0261491899294787,0.0505384604810103,0.587806405808314,0.948283465959408,0.887313043661765,0.126253190217889,0.787057104949374,0.865888967893086,0.564630140083726,0.636454990945524,0.734565541604883,0.636291591635207,0.73912308000098,0.989381107326713,-1.27079503460694,2.44640784622357,0.173061067414653,1.01156422627798
243,-0.173676974862937,-0.346118058060033,0.0577996580002858,-0.227822152321625,0.956209770410347,0.352378306174884,0.260293097868562,0.382062307367101,0.148397265434614,0.516533017780865,0.76545840425475,0.0954358981068945,0.587937285339809,0.561306779446779,0.549589028185233,-2.10195886399122,1.64631455934797,-0.671812683508633,0.294196476853764
244,1.24477454293374,1.22122414941859,0.0500532833235448,1.31580176771797,0.948517093406864,0.114997704648413,0.0105731114418013,0.495820108705899,0.587001781947096,0.906410759377992,0.456888163148542,0.63629610543442,0.298626574980211,0.665875576050952,0.267345312245889,-0.543257574080098,3.17486110951604,0.92057929320386,1.74354126229307
245,1.29766523817276,1.30468910108246,0.16207832146246,1.05228025970911,0.965719025797531,0.369386216245592,0.399413664596155,0.233929073069128,0.763864086375455,0.943927559183212,0.447574874567334,0.889303238906665,0.429637622743845,0.457246287647402,0.940441566344816,-0.840494250039155,2.94505476945738,0.469416704133456,1.55786519379895
246,0.253292817552954,1.31525731989379,0.687051831992748,1.16583962377866,0.97868710691019,0.958536377600627,0.535540672088042,0.838903801901615,0.884061544227763,0.397399169557262,0.733571671853191,0.0535604369932553,0.108314573415788,0.936727803009213,0.910452601497527,-0.752351857899018,3.08403110545633,0.558333818564553,1.82888400182618
247,3.67824090568254,3.88003967137839,0.240961441162779,3.76169186191605,0.962709908746493,0.570268454785924,0.431000947533757,0.954051243172376,0.827259238116443,0.47076949373784,0.563560435195454,0.470731136889779,0.000704716580803506,0.606667741801473,0.111742662414559,1.87481511321308,5.64856861061901,3.2473981379015,4.29813459157122
248,2.40021825009772,1.62494595458999,0.944423089571503,1.93306929809976,0.966838659566678,0.0666428135102615,0.638920554141863,0.775758027210482,0.300208532624762,0.0494277613690356,0.927441780489054,0.878924689750769,0.682951232063235,0.700046210971079,0.260311463297927,0.038100346488092,3.82803824971143,1.38022005938827,2.50448822965542
249,1.78274675033698,1.88550162787471,0.0502472537430732,1.37213937385098,0.966611653784345,0.491054105769959,0.0873229073302355,0.423327927071252,0.548860308215488,0.478766514437157,0.600675248348736,0.152770079498761,0.169366647235816,0.513322388074012,0.230109160471708,-0.52238465460304,3.26666340230499,0.820554476675769,1.92828597343197
250,2.32167137830325,2.36117277322488,0.0519377772388776,3.18334656351127,0.955557289826712,0.737765282332781,0.190356071355869,0.00967961459234357,0.270685958820977,0.448807349833427,0.912079032594222,0.353766523107188,0.89186780686886,0.342006482941331,0.481355387417949,1.31048869028621,5.05620443673633,2.69447881793282,3.64629423937618
251,-1.25422333545321,-1.4228200106079,0.956700329939102,-1.62429554401869,0.954574712644212,0.0940644806681667,0.652083349170163,0.192265797371278,0.389741296806373,0.758650944851805,0.29284279830195,0.829491204422316,0.739984278123011,0.110757371700718,0.542742917608004,-3.49522760135402,0.246636513316633,-2.11520361496602,-1.18478840724115
252,1.09494146488561,2.67307582945437,0.973622664262134,2.57811095492089,0.984428326130517,0.652359861726873,0.677789923478384,0.644583530631615,0.365078279712819,0.307857244546292,0.143729404037353,0.877411810918944,0.453092145401868,0.0743692119030748,0.966038215713343,0.648666890344026,4.50755501949775,1.9072773167905,3.19488010316259
253,2.06594244021885,0.751451982175453,0.999808616830776,2.38481516140921,0.991253189452936,0.621089488192694,0.92548691236251,0.869746276060818,0.722826509637758,0.451245564862387,0.0444453430243302,0.648124763949774,0.350833186645876,0.423679803683539,0.470071048238664,0.441994610521001,4.32763571229743,1.76728989263842,3.15454362841492
254,-0.555693905282248,0.750981453260303,0.991384856919177,2.18054375424545,0.959504335016002,0.569887079982786,0.734691528247786,0.672113577611977,0.169946019428084,0.335685933956876,0.411891374719795,0.42646796533186,0.461175705042901,0.612765651958412,0.306107096119784,0.299949814604037,4.06113769388687,1.67664453308911,2.67698198505636
255,2.73594088569159,1.66892350927694,0.991025019594932,2.21310520304622,1.038602825854,0.772674669966102,0.732626448822208,0.258808448516065,0.466695737834205,0.635946337296627,0.734719154375489,0.021020660168957,0.800118137130747,0.229195374838077,0.451610569063341,0.177481070130848,4.24872933596159,1.52366178585954,3.11576171305706
256,2.82512177340754,2.03511520061449,0.999947005542403,2.60579434039997,0.971715031499176,0.941626786727225,0.989698707197444,0.883614322433365,0.41715116632334,0.296185733534396,0.581061887209071,0.374386477643973,0.0195130361447809,0.597097408456961,0.546199754050467,0.701267875425381,4.51032080537456,2.00579018939422,3.1634253115007
257,-0.0345546366596172,-0.0448633823634488,0.0519559099005211,1.04125295102329,0.993554674155709,0.785546612414415,0.190822724885307,0.71752751777356,0.403289709082572,0.673571577899856,0.419958213447942,0.00310046704870183,0.123394679291989,0.940820709484164,0.773049259206629,-0.906078426993333,2.9885843290399,0.3241273923741,1.66427117375371
258,-2.02040840900387,-1.74793372137973,0.36768635466914,-1.61572885248016,0.963877992249277,0.333949747469276,0.465583952234359,0.523455105781555,0.33710288164753,0.284390860765474,0.213283989548683,0.784873101387406,0.279352173798834,0.681713358069421,0.593535024467274,-3.50489500277952,0.273437297819199,-2.18765428568052,-1.11962219747458
259,0.344018703285367,0.368544652015346,0.0573426561250957,1.00089803071223,0.953456228989062,0.0755735441541765,0.257249889928964,0.372600837172824,0.511995062186383,0.884472487697843,0.949200032202876,0.381766424044501,0.215250463445438,0.334748237254214,0.0892350425050827,-0.867841838941711,2.86963790036616,0.550438172502119,1.47154260562806
260,2.31153527618969,2.36867290273775,0.0519808407976955,2.27143984852701,0.95741414456067,0.294732889067382,0.191457334384555,0.545250312356977,0.0598963697559666,0.566224976613186,0.913180173763074,0.400730426752125,0.884229182672687,0.0932241539567476,0.0540034958643373,0.394942606898874,4.14793709015515,1.80076548609793,2.78444482338609
261,0.324766905389471,-0.110598505964737,0.998185066228328,-0.273138408178521,0.988726799869226,0.424336112718331,0.812925036156434,0.187214632490301,0.946688161653001,0.73685055478476,0.28173920948396,0.423934186637867,0.0961138852916192,0.927053673877381,0.373698344502016,-2.21100732647175,1.6647305101147,-0.880641711592827,0.547908563423573
262,-1.52144958510224,-1.27022090743836,0.9586821066179,-0.509539444861515,0.959207046062434,0.0165485748637002,0.654534982768819,0.534378651859472,0.43386701773922,0.500456048690714,0.557762368674274,0.9058519804565,0.361383944104775,0.464636021204526,0.524259499576758,-2.38955070886094,1.37047181913791,-0.986127775665051,0.0277647319741814
263,1.19818464172344,1.29685582169959,0.190140970114936,1.94437927309027,1.0127466776553,0.577851313105319,0.412289432502352,0.517601189070963,0.31559767801268,0.117978740784805,0.687156134577701,0.585789633661159,0.871552244576276,0.78470426133601,0.881637589494581,-0.0405677405767206,3.92932628675726,0.925071760335985,2.63313551360748
264,1.07854375929582,0.535398705359096,0.999491052810577,0.537920383187805,0.959939885221007,0.0996824525976554,0.876566856427933,0.744089373319526,0.557547722052317,0.677681587573374,0.457947643111693,0.736245346127427,0.243904898866662,0.488410489833215,0.306746578103863,-1.34352721916888,2.41936798554449,0.0354645713850377,1.01090308078337
265,0.69074626411767,0.706910585882407,0.0518162823086765,0.628683176697548,0.974262152920597,0.662062838430284,0.187112172295223,0.160252300459193,0.437473983935197,0.492331250948366,0.664824365115492,0.901691935867071,0.34079916806682,0.360979771684622,0.249578505724901,-1.28083555452728,2.53820190792237,0.104387957889999,1.21396241592293
266,-1.15168934333907,-1.76662170950476,0.999945741463374,-2.78419583808514,1.01660606624607,0.42801489513577,0.988519990524277,0.874966598387226,0.122893148492207,0.941302742375876,0.599460093594389,0.82319641048694,0.465601165778353,0.277215940180817,0.0741866437828867,-4.77670711439238,-0.79168456177791,-3.57873968300578,-1.91996938684703
267,-0.805482915511988,-0.0328045388423578,0.990007887917127,1.17177652551448,0.988901250123803,0.791561375508085,0.727204613830429,0.720350062913261,0.248654620322748,0.407483189196093,0.147571347152465,0.543482505034888,0.666147807014058,0.776525469538523,0.255528079524636,-0.766434308994812,3.10998736002377,0.482598172039846,1.88142893965119
268,2.58986732184196,2.14026016269617,0.949958496641041,2.36259232310749,1.02207380365103,0.86304135446588,0.644474795956281,0.629804246040294,0.0925283551573521,0.883701237648609,0.988580822058488,0.0836126465215348,0.524940200345824,0.323992231721408,0.156631003105431,0.359364478409611,4.36582016780537,1.56257606543951,3.16289561511824
269,0.0857008514887422,0.0993270349586604,0.0501105230224123,0.730724226316453,0.954663701595488,0.123421861626208,0.0470561465047067,0.147552129000775,0.157432925265864,0.575485100233811,0.836262546521495,0.890575558099197,0.134566743795527,0.887534804824041,0.92487606047478,-1.1403822461584,2.6018306987913,0.267415968069909,1.19816365462038
270,0.0416767303817404,-0.00975373721237699,0.0643375066087813,-0.0593836992426526,0.956368252009308,0.0992362093008123,0.291081205796567,0.228743725188542,0.457963714620681,0.601643311374471,0.681506569087738,0.607094214104232,0.55606771528651,0.202377522945986,0.845602438570699,-1.93383102913842,1.81506363065312,-0.574339971973436,0.362445747870297
271,1.5347394266805,1.48104274843236,0.0503941744891498,2.62274032357152,1.10522889821735,0.743211017104099,0.110649571008282,0.641452954357839,0.908129000637913,0.467469699190231,0.0701494773672894,0.282991177028976,0.511758481452591,0.363740960562718,0.512813891735743,0.456531488392637,4.78894915875041,1.7471290200128,4.0026449467664
272,-1.18103098407315,-1.11223012519138,0.128586097248836,-0.304763439345407,0.970021602485237,0.110977538456791,0.379703886797419,0.439601426676614,0.546210492303944,0.826122791450005,0.48121819368226,0.435308921381249,0.770999179476639,0.186404579671449,0.725154764224077,-2.2059708444423,1.59644396575149,-0.883506170376058,0.230919348826342
273,-3.2569288082537,-2.45450143180125,0.998916754366126,-1.91596946099823,0.954092014855096,0.112943500015768,0.83876796621969,0.443606446859427,0.699652096039848,0.746364580030204,0.843532200814574,0.501257456734311,0.832582404627115,0.97917024292727,0.228879754584515,-3.78595544805147,-0.0459834739449883,-2.37490981429761,-1.45382188604254
274,1.20856108650071,1.27160366773268,0.990489542757682,0.163421287375789,1.01705541387304,0.00523603297024965,0.729700428715325,0.0416017954993295,0.870419071040233,0.827902146915207,0.763482479145401,0.399228326906683,0.753735670515569,0.852720977049554,0.103282974914066,-1.82997069409685,2.15681326884842,-0.898690044873112,0.846849012161059
275,-1.68095149089353,-1.60515426742432,0.0529016196975483,-1.01890295138735,0.9564821910993,0.182871475553489,0.210593306170544,0.165564728819998,0.72890642281645,0.0510459479620913,0.737548539273557,0.178821987220319,0.826406768106041,0.928585840331041,0.131656097606756,-2.89357359779593,0.855767695021239,-1.56029131196154,-0.55013041551033
276,0.574885719395466,0.603853186471186,0.065698932837465,0.986565279890634,0.954480287151429,0.961631298767868,0.295689700495219,0.47587230138306,0.621101492850576,0.549995710324729,0.294972911251592,0.704328802797128,0.176460705179954,0.402152782162419,0.186847614364931,-0.884181706879615,2.85731226666088,0.509804242797859,1.45692434009949
277,3.53147751149853,3.43489672172454,0.0500902331635841,2.71703955065634,0.980217571252745,0.558297443383955,0.0369137374968268,0.903519621043582,0.780042866105796,0.0227282588507514,0.52103394339059,0.0380187465335475,0.766314726255601,0.127003933625063,0.774417946895934,0.795848413987635,4.63823068732504,2.07640859126095,3.3917774103274
278,1.88715587048412,1.473072515078,0.998235365469313,0.688957342335564,0.963288407863798,0.0571481832338031,0.814332957153674,0.0989477638739627,0.323247196213109,0.832312029531691,0.31470107883797,0.774691846977803,0.761401579147088,0.141338286849088,0.0378255669241771,-1.19905324380241,2.57696792847354,0.145486996818869,1.20483801998034
279,2.83910312827294,2.83117801374393,0.0500567662793397,3.24390174167374,0.954792188566032,0.568748668534216,0.0137392484011361,0.928167575472267,0.672217027133913,0.291630944155739,0.285572499688598,0.917978458303609,0.302228042307659,0.659730780614191,0.685561381376814,1.37254343936414,5.11526004398333,2.77541689056277,3.71066274402067
280,0.504155725437024,0.636534196357999,0.0522257773806228,1.31642178665353,0.963317124332786,0.491816826474736,0.197299496352556,0.0131871305881068,0.286860994122922,0.423058453621343,0.24857283076155,0.622180610580952,0.374602150182589,0.840622974500293,0.309331750127254,-0.57164508272942,3.20448865603649,0.772010670121133,1.84554568395459
281,-1.11998184520398,-0.877879165701102,0.999853758890652,-0.32810313965641,0.958727973631824,0.295682696279604,0.938940331011894,0.664471765636117,0.888572314769612,0.490694830875378,0.815698571806075,0.291415443062433,0.815410444309469,0.0316307853645412,0.363188585157273,-2.20717543894585,1.55096915963303,-0.812518297529185,0.180138393127189
282,0.599468312744392,0.766949663095369,0.320084340501769,2.27405652891694,0.952033653485852,0.852096025354462,0.453838276106049,0.868693147016806,0.508507757679094,0.457688741192222,0.245939710648265,0.723663117830758,0.241955898285378,0.485095991142211,0.28664647682861,0.408104856014583,4.14000820181929,1.80772380392711,2.71787125511652
283,1.36560078616294,1.27843449703491,0.0530226531201313,0.955224269273804,0.96036928309297,0.406590516331838,0.212642989517306,0.130693105543964,0.806873235950014,0.898834390480071,0.757562836920144,0.825149979918147,0.620897387334146,0.42576682023867,0.396418084460893,-0.927064937446968,2.83751347599457,0.430067643106029,1.43610065895995
284,0.362092545749735,2.55434606956561,0.961098849456271,2.17745690976096,0.967352968153907,0.414590930911712,0.657681378538255,0.16690226280631,0.0262059491781984,0.474723376145004,0.191387053595041,0.0666592902456177,0.0297289725420997,0.862654712596559,0.145041208436014,0.28147993184138,4.07343388768054,1.57092306576767,2.67829594491472
285,0.339903083792802,0.359590377488847,0.0697222288199497,0.472977117763651,0.971345625414938,0.0231202918130439,0.307313157293596,0.613484184941393,0.115527540170122,0.876516999513376,0.455325180027517,0.258529276253539,0.249953120918246,0.418579734287807,0.992902460717596,-1.43082532459016,2.37677956011746,-0.102057629180632,1.06038995731353
286,2.67263816794655,1.40786258229747,0.999654587782041,1.07969925206388,0.961636603700246,0.313077363664284,0.895955753360293,0.804297532060766,0.576219913908048,0.121951707856148,0.461825674496125,0.509841998845455,0.272167066536611,0.868414336649235,0.776778241242631,-0.805073857404023,2.96447236153177,0.465202568175219,1.50654424519446
287,-1.30906954962208,-1.26312833026668,0.144504602464881,-0.865559895776447,0.999316642477831,0.227503417320317,0.389848391159088,0.769237559595495,0.843170459792251,0.966021998305689,0.868769160960219,0.874067318359972,0.626027771958499,0.661873982494231,0.477596201476874,-2.82418452418448,1.09306473263159,-1.52923058128094,-0.0527455507217713
288,1.25128871466808,1.22596397901384,0.05111322614379,0.840511905170085,0.945709710446361,0.81292926679994,0.162598637758289,0.296319071689155,0.466095569626894,0.389041104127886,0.900112123299972,0.752574869110482,0.376861875574454,0.519050958753913,0.437049863388995,-1.01304506713458,2.69406887747475,0.469739134885184,1.26418571100588
289,-0.359829928773282,-0.258345569365464,0.159582954270045,1.07074745878181,1.01455120382031,0.666693093299633,0.398139179202146,0.827519824177143,0.123468814818421,0.908140959526063,0.521570203765179,0.623000572708435,0.929139452546835,0.516216636601486,0.261214480502182,-0.917736361177744,3.05923127874137,0.32044166683895,1.93763707898875
290,4.90565380592637,4.02420860350093,0.990872752114914,3.77911782225773,0.991368321270556,0.731095932427445,0.73177718457533,0.851667860557558,0.342618373638601,0.0371971624407452,0.304932344410685,0.993145628856844,0.166863918771269,0.551575761529035,0.114626213326817,1.83607161715351,5.72216402736195,3.14669061205878,4.60812854801639
291,1.03255270160346,1.1314436657262,0.148089138203184,1.04865009417246,0.982292247855774,0.280304079398862,0.391919736985466,0.767333317408455,0.058623798351502,0.225000725460006,0.235592822139966,0.152341997957672,0.578694072951912,0.112911319141858,0.253942719465354,-0.876607333917751,2.97390752226267,0.310491109397889,1.62462226409813
292,-1.82755998089521,-0.00405128840542783,0.997995548074751,0.879551143063344,0.972178648058366,0.611059772011242,0.807948956836015,0.487197739976342,0.144472379176645,0.609707226908533,0.151939101255615,0.67102433437563,0.598706168606179,0.262116625135765,0.593391234793933,-1.02588399366989,2.78498627979658,0.101258809141736,1.38944939521651
293,4.82713297642672,2.00051374631662,0.99992289791407,1.85990706737353,0.979292699739785,0.641080636793515,0.970950288256165,0.647450966230943,0.269669545169221,0.0195486866141437,0.628791241999017,0.442995446178364,0.195146187048871,0.991580045984592,0.0472807275929954,-0.0594713544394414,3.77928548918651,1.24109800424126,2.49334118169385
294,-0.390437815650169,-0.316085439374063,0.0785212194458495,-0.23178070861395,1.01006423926947,0.885813020932721,0.326233430121327,0.913848159445683,0.91537388920004,0.95727661299496,0.277059696330456,0.624417121861945,0.846308832969284,0.580901492277044,0.0165031802387675,-2.21147023965397,1.74790882242607,-0.977874666558362,0.649379611285243
295,4.18559110764586,4.19838819577486,0.0508359189034361,3.47596417470576,1.10848329828202,0.983805462400429,0.148259732066537,0.00472574466583319,0.0374015248074429,0.680031765441527,0.610206106842496,0.885772719627828,0.311008362796856,0.61758297667536,0.030957238126779,1.30337683260883,5.64855151680269,2.12750258039196,4.42032148584402
296,0.553868132547764,0.808293819737917,0.23101643478671,0.267585417601926,0.955186960762645,0.150417578383349,0.427675911471364,0.204544529496576,0.572393314769259,0.18991573343263,0.565316165752127,0.858040613461635,0.140937439255649,0.108562200437649,0.872530977595714,-1.60454662399513,2.13971745919898,-0.184567347661421,0.737706589494508
297,0.359460208070923,1.75080433493493,0.696766576600654,1.28822968006249,0.97420684001985,0.413561977654928,0.53787412840873,0.754459792267298,0.638704362901161,0.849997516128002,0.242398799370392,0.0865954824596411,0.598073631047737,0.483827280313708,0.919465842450038,-0.621180639868989,3.19763999999397,0.632890512308086,1.80695279244817
298,0.529841210205444,0.542884040101992,0.0500671269208969,0.587268553287214,0.962084324622606,0.0288988808499416,0.0221219283984974,0.672972138303332,0.963954081258387,0.472269718916505,0.765583192503313,0.0883934363423614,0.928196599599556,0.333364877783693,0.90840974437329,-1.29838207306364,2.47291917963806,0.0972547870175036,1.12514412159091
299,2.96522423286833,1.98280364265262,0.968270662415093,1.70925487472032,0.946702549407043,0.110249146807939,0.668262522881851,0.380311432388145,0.492194158755126,0.386774689221405,0.524492851294694,0.765544434630196,0.592424859662657,0.307981818688102,0.723988061392331,-0.146248026189739,3.56475777563037,1.31254528586862,2.10379423592113
300,1.38049706119081,1.45281414205643,0.462055448273773,0.70578218898429,0.964324453231329,0.45162643433793,0.486670121616917,0.567795152751845,0.708797428060323,0.957985379262362,0.981346245395136,0.919949449289008,0.279694386990159,0.736847743837279,0.534900971274706,-1.18425900876039,2.59582338672897,0.179834582285866,1.26195486424134
301,-1.60336746892222,-1.63098662302985,0.078759897103292,-1.63932292559288,0.955265135983942,0.344153732508654,0.326663062737673,0.181358182950993,0.758137865766301,0.120186760601006,0.646697847350733,0.26608916343993,0.773344170195749,0.511154805412865,0.558674538182211,-3.51160818780816,0.232962336622406,-2.07564983261853,-1.14714274730381
302,-0.113586392042143,-0.269369644287212,0.993395885289061,0.699673628094159,1.01701077109415,0.680570740771131,0.748089655671967,0.829258939889842,0.898983838257263,0.958989919309271,0.631164610240725,0.64400907249609,0.465340671745245,0.0422049030762864,0.989847014300874,-1.29363085513968,2.692978111328,-0.099127452696008,1.55395561241964
303,1.73065418599855,2.21982029152146,0.487392132250846,1.76899493603024,0.97649245264401,0.458487207536353,0.492065947900992,0.654916495144484,0.143356259292224,0.132265647220076,0.0660950601411751,0.676683336492162,0.936921179154422,0.243073418908869,0.785059005860821,-0.144895102327203,3.68288497438768,1.18080737554848,2.4276264507732
304,2.74218641123016,2.76672624117892,0.0501137455029142,1.53661325580837,0.965702170813875,0.557439866664819,0.0484932998964796,0.132162699477049,0.380383778615738,0.31617680583871,0.381598212170647,0.36954782179324,0.282871979124495,0.460846047219587,0.573866364560556,-0.356128218778974,3.42935473039571,1.0362679626552,2.09010621917811
305,-1.55185184942738,-1.33146823847317,0.10628190130472,-1.14167949882129,0.971055353743225,0.212032755875844,0.361749130751356,0.437430201655952,0.929108681070502,0.156213923773728,0.622464699499891,0.207684100903105,0.551808778207749,0.326372838536045,0.91710323155974,-3.04491301915281,0.761554021510233,-1.68038953275865,-0.551299781263904
306,1.86496591442579,1.94456863408856,0.743835849731967,1.93891417140591,0.963200959807309,0.448173707357724,0.549820847689523,0.464517575692385,0.00693875929014757,0.58143298385106,0.978652295327629,0.77040512198722,0.447755830847658,0.763016632791376,0.129816442510928,0.0510749803091723,3.82675336250265,1.43548385980752,2.49827192819604
307,-0.402071732764787,0.101480091545652,0.977459211581117,0.186149701018709,0.957721215501905,0.207515602544067,0.685856116506387,0.856806660369388,0.623233224306721,0.87778884909011,0.102874677269836,0.60412534052541,0.324283024621196,0.773064065197366,0.599342282842845,-1.69094938859495,2.06324879063237,-0.290654192896549,0.692993590563754
308,0.77850897770707,0.77005499642241,0.050415371748459,0.937855133174305,0.963402750769187,0.364745510814479,0.113269698206801,0.0794375223056413,0.689973213201622,0.852178860118031,0.501642422182369,0.242900541872717,0.154327989201876,0.26750347442925,0.505434262337629,-0.950379560940119,2.82608982728873,0.403802810308062,1.43657835016774
309,-0.630778954045574,-0.308856446934214,0.999741878414996,0.3114387983924,0.987790021027243,0.626364353396348,0.91052573930542,0.675684263374074,0.0676924261013046,0.99447373945755,0.647919099751627,0.186897331726272,0.769608348420821,0.359895461841603,0.821456954887603,-1.62459406710906,2.24747166389386,-0.354367345799615,1.00876010245754
310,-1.28411107458623,-1.6575828443918,0.998478308249952,-1.96083495122566,0.970348678371986,0.0515643264114624,0.821751810509479,0.540372169282404,0.761544905178947,0.200725212173187,0.359575388336903,0.712401468278607,0.283433039963478,0.130844244796317,0.443087281715125,-3.86268341328079,-0.0589864891705305,-2.54085439769651,-1.39991023228983
311,1.31910320392456,1.30849866378826,0.0501611758169526,1.48943068607366,0.950682827007108,0.304715216130018,0.0659224104742752,0.845934598938795,0.551421243534889,0.469382264978136,0.00799126036220696,0.630224401818588,0.738401764021488,0.786819074058905,0.212055705727544,-0.373873415580997,3.35273478772831,1.03453702188632,1.90599024951921
312,3.06283298673698,3.16664880757967,0.964438921146789,1.60871806690653,1.03536020822151,0.737377866939292,0.662352946355939,0.748248098224751,0.998197411629139,0.692772072187276,0.0616881823745789,0.553633511160733,0.253991095109959,0.677896363856154,0.84260975920863,-0.420550652233527,3.63798678604659,0.717746831529628,2.45961194802824
313,-1.50784313240143,-1.53119779128694,0.0574867800125733,-1.17654538766644,0.961144407380464,0.0585720211114967,0.258229442724725,0.43905774859339,0.805302541175857,0.699015261326218,0.0387430962179787,0.170504961039755,0.953692265295656,0.0675374553886941,0.338482660027687,-3.06035381007424,0.707263034741363,-1.62960213647302,-0.594803822751313
314,1.20935873893114,1.28309414874909,0.0501830400762131,0.93343989951719,1.00622960044796,0.38411739574431,0.0722840276658535,0.576289510326344,0.862457956579165,0.822537718664971,0.943537563300226,0.10849727885332,0.295403826650116,0.634311802438344,0.96464981423039,-1.03873387753895,2.90561367657333,0.167099618261255,1.59726139622876
315,0.516791140244593,0.110605685092163,0.998828742928252,0.0341789410933186,0.966417186013654,0.210965620038565,0.834857536471682,0.612261881778017,0.227902996666031,0.312733787347679,0.723294169400004,0.99955511976243,0.180660252856207,0.267323188447976,0.0693731058688136,-1.85996393753399,1.92832181972063,-0.505579076971315,0.597313956726439
316,-1.39126957171498,-1.3466182798618,0.0639764176934364,-0.17584902954526,0.956111852815737,0.105585301852552,0.28978653939662,0.674906028592377,0.497648493547458,0.281078575826483,0.164440135854413,0.947528447847581,0.24821575915569,0.534387054647901,0.0340161787943216,-2.04979382625597,1.69809576716545,-0.674301710615939,0.288975592369719
317,2.29663406198781,3.42356478786885,0.999849627756057,1.91088269453816,0.993389733013937,0.66150692166423,0.937547255912214,0.0309920522553148,0.928576717433985,0.93925551343977,0.826414442313137,0.988307494528824,0.191386736692046,0.494538762594108,0.484105093768914,-0.0361254047810169,3.85789079385733,1.23317840632466,2.67425634703167
318,1.99388384666942,1.96465764889198,0.0511013774025912,2.01633573261601,0.970598106477378,0.181356585577247,0.162062980662449,0.337849278428708,0.739339600374573,0.308891197555698,0.50403486646642,0.958258988154121,0.0529240102625918,0.243657513164566,0.935771625182824,0.113998400457582,3.91867306477445,1.47873129596985,2.65765543035654
319,3.19385306974258,3.26137165248602,0.0500645172446413,3.1687935613608,1.00861257503533,0.940624636191642,0.0201391599233029,0.481579267454334,0.140757266078843,0.966711685925955,0.120811808617786,0.755096367516089,0.749383876210894,0.0178301675677067,0.00152113032445777,1.19194923993735,5.14563788278425,2.35412220903855,3.94347798740406
320,2.64329385423996,2.0839420829648,0.999222630432885,0.995249349177715,1.02631667671607,0.73486027967371,0.855374138710089,0.407661101238104,0.79930462666566,0.221662951005623,0.665104826265131,0.854011197292362,0.0913690065603005,0.633407168714446,0.208857992002624,-1.01629437391863,3.00679307227406,0.352949105795754,1.89490513949092
321,3.34283343059224,3.23021545826995,0.996045953981963,2.81022705975035,0.971780407981825,0.932156120781903,0.773877589099458,0.870064795940998,0.921546447199187,0.637243431385956,0.16570246995287,0.450198186614085,0.786279613790917,0.567203033557045,0.827680591432028,0.905572459224329,4.71488166027636,2.2293200003822,3.41589314730642
322,2.25258480941734,2.57816166304839,0.935684163451504,2.60446272399507,0.971648200860671,0.890422330113826,0.631127725994796,0.892037940612063,0.610014135765261,0.158646602932247,0.834573293391615,0.187810241722967,0.481656990916585,0.354367308707209,0.92703913592943,0.700067244665018,4.50885820332513,2.03149569053858,3.19070631929632
323,1.55937212030372,1.72304545045587,0.0870490847420831,2.06352006551597,0.981728236102308,0.952323352357023,0.339778076550458,0.537988428203156,0.00290129876229912,0.832844512005802,0.868237028783536,0.84642669853766,0.0477045183388982,0.883954892168753,0.788511751897633,0.13936808014941,3.98767205088253,1.43741370922531,2.73442697070045
324,4.77128679204811,3.33248609086888,0.938945295018567,1.90354289776815,1.02315852790319,0.725343295603641,0.633913271647412,0.716496562160319,0.965794712570147,0.768233012641896,0.308395700488239,0.646711575334426,0.00277974928508047,0.222010508899111,0.67451314110402,-0.101810967397124,3.90889676293342,1.02404861017527,2.77873193553749
325,0.216073789350628,0.162124372367935,0.0518791527070635,0.475762816033146,0.969122306896452,0.815608511031489,0.188816950867069,0.211493702732376,0.463585149943363,0.877195734850015,0.546014419026906,0.208577595912386,0.417727179748705,0.680241911293357,0.803026709058904,-1.42368200209827,2.37520763416457,-0.139752870186811,0.990727579518593
326,2.1638922943849,3.15364493121681,0.998341826316704,2.25558190485481,0.973998739454318,0.984248073126306,0.817449910380878,0.0576171482943464,0.891122988478863,0.550293441011803,0.666060815082747,0.17612503262877,0.716706700864132,0.0958078793180175,0.494428029600647,0.346579454536936,4.16458435517268,1.68655924715806,2.90583568067253
327,1.81141638838194,0.0143570381610325,0.892079647779959,0.189808670822052,0.978833090684378,0.620851575931767,0.602724056386156,0.504060476589599,0.523528625897481,0.914738329534419,0.0390664718106855,0.859987452802015,0.952648779255804,0.183164517250145,0.477245021463488,-1.72866893379536,2.10828627543946,-0.384120494745857,0.835529560401179
328,0.809838694594197,1.9171731749313,0.516413553317372,1.65750844085702,0.981578236553637,0.664732283407124,0.498192130078911,0.643684726368287,0.491800632860046,0.129010820518364,0.116103505091742,0.370391333209816,0.975587421362172,0.127904315100284,0.831726247259066,-0.266349550796449,3.58136643251048,1.0016505506462,2.26641384711605
329,-1.12329885621306,-1.06470633964064,0.0986062043175115,-1.02308848368873,0.990560994867947,0.336615104438155,0.353990447817952,0.846003867343883,0.0878884402961703,0.0891480204443214,0.62280404128111,0.261363287963439,0.881529162788997,0.608934811924817,0.0699971236527199,-2.96455235812007,0.918375390742616,-1.65294872620578,-0.24732012304976
330,-0.880027507130679,0.179403799817491,0.998033553039426,0.862506327662889,0.950671643253142,0.487835894709802,0.808908077704487,0.434033700443455,0.191354572241893,0.42268799780251,0.38263228510879,0.448996147495694,0.216745367454831,0.81284060517454,0.275836583964876,-1.00077585423678,2.72578850956256,0.444009698660895,1.3258157610689
331,1.09614110814444,1.15752306508839,0.0841763048230807,1.17632697310017,1.00720352642092,0.217145910178893,0.335585434443899,0.864382468899013,0.738750399625627,0.777214401849662,0.21858991058066,0.368702195234713,0.74392711320112,0.316920847339556,0.886832628209144,-0.797755663786556,3.1504096099869,0.456343158560213,2.04219124414305
332,-1.56007543198887,-1.46891319619357,0.0515037974958318,-1.51050018853387,0.951475178241618,0.409413110289373,0.177655789352604,0.426688357045758,0.397568473510444,0.764924759234418,0.31557619010692,0.565366644416936,0.699055191898486,0.885680405957042,0.566536738215946,-3.37535727007127,0.354356893003529,-1.91901619689087,-1.05716530842494
333,0.488190027109093,0.440873933592428,0.0507025586805512,0.454434093263855,0.980466460472069,0.0128345700671198,0.139562573711039,0.696419340893044,0.306197205345379,0.565731723825098,0.878935769789736,0.340043477188563,0.43984953231446,0.840256866753101,0.963986576652387,-1.46724485731086,2.37611304383857,-0.143735964275167,1.12945458940119
334,1.70905453466673,3.95903536633954,0.999533263997181,3.50645937973158,0.966905928898299,0.845132153361454,0.880898102421314,0.449095880380599,0.914094680003356,0.330924657193478,0.253545624269056,0.66384592956549,0.0498917632699013,0.07943437779136,0.539217747109593,1.61135858265267,5.40156017681049,2.89502192709896,4.01125295258897
335,3.10829190956111,3.42134285914365,0.415142588473659,2.95527300277001,0.985852372388458,0.792597788370214,0.476445992705412,0.468793034906732,0.822712415261776,0.581612318278057,0.0884691162277013,0.904138286928064,0.717208946801955,0.409813454784802,0.361066413136199,1.02303785881526,4.88750814672475,2.27645672853116,3.72152066771669
336,3.40087513204435,3.44463921190817,0.0502294688112455,3.16319316071867,0.955689566899748,0.92290768226143,0.0835895716635277,0.284254501064541,0.922699474023772,0.481785087328637,0.658426554370555,0.432403267487302,0.75917452480935,0.684879482056713,0.391430121451849,1.29007602919448,5.03631029224286,2.67363316872239,3.61394757910561
337,3.86421227430061,3.83245208596851,0.0505198968372917,2.58282416002922,1.09483212957604,0.8470428216086,0.124498027406167,0.603563168819179,0.0466289203974884,0.170477889823727,0.968825709725614,0.418214015730424,0.777968985726358,0.670964769518236,0.200311735790572,0.43699261694288,4.72865570311555,1.71818305698528,3.7585730835115
338,-0.239923723563112,0.905414852037722,0.995691533972399,0.33328537939192,0.963356825289622,0.0522812931052176,0.769566725557903,0.427557032289915,0.445088390823454,0.93084748003236,0.463835630385089,0.751081025864696,0.819411454751273,0.959258615224971,0.954403925851802,-1.55485930243658,2.22143006122042,-0.171160955657797,0.87202896338582
339,-0.67158857771074,-1.42147150291636,0.995905785863672,-1.53642712965825,0.959201108793024,0.175857030663989,0.772128409059718,0.130328990017995,0.263003663897514,0.430439350178232,0.547073246273329,0.223742163034389,0.188216134164366,0.668224020282272,0.206722110713134,-3.41642675682346,0.343572497506964,-2.01245993786006,-1.03827915860676
340,-2.33216179973762,-1.75459192090906,0.318153449732778,-0.920333285878576,0.966112714145802,0.0882425599929411,0.453337737868191,0.486439528685878,0.253972185466439,0.512498440192081,0.0284307366419816,0.646335305468296,0.60201316681935,0.74284735274862,0.880383094060002,-2.81387941061059,0.973212838853435,-1.43374177359058,-0.34977270057502
341,1.61705576284354,1.61727967059414,0.055509023153812,1.4195532617579,0.958490691612509,0.371968201848213,0.242787059392896,0.550571542007267,0.362533780465019,0.837522591265151,0.474957279913011,0.35992995717132,0.176900925491587,0.337582423445769,0.647917783471523,-0.459053973319503,3.29816049683531,0.939268218434642,1.93552715000072
342,-0.282001753289076,-0.375145286571473,0.0516550737740401,0.708901164080888,0.942887215287412,0.955896244199481,0.182456365099293,0.366141362625523,0.71778944270662,0.531031384103931,0.140712820023065,0.825712735327892,0.793837889619521,0.614657761730603,0.925910605447134,-1.1391238193657,2.55692614752748,0.348014404908537,1.06602542972304
343,-0.00495430046795686,1.10063496081691,0.993955661456003,1.38306915008613,0.958345441387793,0.313576828654739,0.752547857008409,0.976446601144038,0.78814926588547,0.321569202288287,0.0979293204408605,0.240730219335062,0.605805291205063,0.591882882061414,0.241460491805221,-0.495253399782084,3.26139169995435,0.884620267770285,1.86703858332437
344,-0.862709591282056,-0.878958284049698,0.232848056886195,0.319900910765624,1.03137891021119,0.206462556892307,0.428298531771638,0.906893353473744,0.948987741485238,0.738401771441218,0.219792861045571,0.838802750041243,0.168378030263819,0.931035550412023,0.310969940408017,-1.70156460766249,2.34136642919373,-0.529434120280221,1.243527685331
345,0.483494546498548,0.450923846032367,0.303896002571727,0.475216147959187,1.14164091571011,0.928663292272016,0.449571283685858,0.0118109720605426,0.838314237272716,0.825104626348824,0.169607563599129,0.549967932648375,0.255137141042855,0.227805361349834,0.683880183034227,-1.76235893010996,2.71279122602833,-0.673145660716569,1.63812680262086
346,2.0163957823948,0.690756021452629,0.999621360782925,0.84421110331123,0.96593947349067,0.516444300082629,0.891361739933141,0.346378976175212,0.450924583111191,0.377725863514002,0.399242560454877,0.401256909089163,0.627853579179617,0.953832535918104,0.747965619402938,-1.04899547597607,2.73741768259853,0.304670375846912,1.42372881623983
347,-0.452329065994862,-1.85356258784008,0.992242700401338,-1.96948506894488,0.980639453839172,0.401295950924046,0.73998143006803,0.975234353514388,0.123575007827138,0.552158310782979,0.278551709136227,0.127969851366361,0.852737156986142,0.971424744316842,0.297369103301433,-3.89150308028869,-0.0474670576010776,-2.64264684444194,-1.37077917249631
348,1.60297273727078,1.14571160360978,0.822244232600027,0.797389791217527,1.12213973518638,0.495754995510331,0.573444517430617,0.156147445145645,0.99875094556401,0.0392905971606961,0.0470523811273742,0.0189773682166124,0.961094575076713,0.726039057072252,0.0251918114478467,-1.4019636753691,2.99674325780415,-0.225593998409399,2.06861143893484
349,2.26651012495841,2.20643962038264,0.0500946883956338,1.68842165578537,0.964177630297827,0.200350273425458,0.0393236933941953,0.336994291143143,0.613262200889061,0.228793975641369,0.345965041319025,0.12929637277755,0.39511858967843,0.73005396826379,0.486535434591933,-0.20133177429755,3.57817508586828,1.14670522683706,2.18985926745688
350,1.84933672903451,0.837062983639706,0.999826303007864,1.76302861792474,0.977899840846539,0.447776542055304,0.930336102562724,0.568932460335782,0.903037867534906,0.975165162976366,0.725459467092529,0.137752820131718,0.496102548451512,0.292039047232247,0.808353313373751,-0.153619850621931,3.6796770864714,1.11430202976126,2.35448162110956
351,0.576063334787051,-0.653346754856781,0.584457770692512,0.403322585809783,0.97976700962588,0.268592522746418,0.512583423808683,0.9018367732279,0.134584856939386,0.149244464566349,0.128701758025796,0.25784598540829,0.563253971487517,0.035380603869562,0.64616078463092,-1.51698546629745,2.32363063791702,-0.284920329509039,0.994441807147111
352,0.480554597506673,0.507657793673297,0.0524246492323575,0.582279288099536,0.960594435420677,0.490969145690557,0.201589020390296,0.377406558848452,0.657861117347493,0.928456249738228,0.911032192931976,0.0941489797149552,0.346081361421966,0.824981746073114,0.397312348197331,-1.30045120907458,2.46500978527365,0.0763511668776968,1.13259067295807
353,2.57596299517511,3.0883975094148,0.972118323477415,3.63823087600495,0.955441317981086,0.592911063148873,0.674935191560304,0.33236011953908,0.291256530477316,0.384974843342789,0.777664381398703,0.30477297854342,0.568978363373084,0.0502771586773451,0.917886400606367,1.76560030342054,5.51086144858935,3.185459868444,4.12270305792046
354,0.883029060286957,0.901636449971819,0.0503020868390708,2.02725798388051,1.04268583907039,0.892675147657632,0.0973407647885615,0.585828212139197,0.905457194550429,0.592367584813968,0.780193073299015,0.626026120545343,0.98676250184013,0.876708497188869,0.195878593860311,-0.016368707887386,4.0708846756484,0.160394251437715,2.58965477847041
355,3.80953722485532,3.81010628838472,0.635870335110435,2.74035918746764,0.978523249317108,0.831730628999299,0.52377942337608,0.541991096152924,0.747307740749442,0.125620711196214,0.0594998584813438,0.767308884567348,0.204519507298828,0.413506133148097,0.365948658936541,0.822488860771006,4.65822951416428,2.16567466783593,3.41297137254961
356,-0.0895821665537655,-0.277718203960449,0.999956838964573,-0.285076012840049,0.996796341855014,0.0217642145206919,0.999961684967042,0.216223801119835,0.334959220596706,0.0177306059778202,0.898670621493482,0.428181880975724,0.18705536199722,0.255750364893116,0.690656684523798,-2.23876094279715,1.66860891711705,-0.943041489723741,0.501210762314654
357,3.70772983751456,3.66470780726051,0.0566983505247872,2.7798820743147,0.963140013045739,0.779479928402114,0.252623759574024,0.263371848354349,0.651861934696673,0.0569263830849668,0.920146895281156,0.887293112009764,0.640096663832082,0.57981146817212,0.560728067410295,0.892162336675612,4.66760181195378,2.28568170799068,3.31816333180786
358,1.85162119862046,1.83065951451352,0.0505799278454724,1.25558603444755,1.01432239403274,0.494713393900078,0.129964853231562,0.171257876671269,0.47761817430146,0.973145142883644,0.733120462823659,0.0339818018457154,0.532044926258968,0.750063737190328,0.408427928361692,-0.732449326569061,3.24362139546417,0.421708164836747,2.04856232237163
359,1.67006607828251,1.56881323181079,0.126329702114238,1.6990568010148,1.02584617371289,0.70739392380917,0.378117953612702,0.400311173199327,0.394381559857749,0.953333226441056,0.0500500756416004,0.317737533725682,0.677004857773893,0.48170519580401,0.404092274165479,-0.311564753140677,3.70967835517027,0.897327349161587,2.5159907358624
360,3.57427718863297,3.66214929996982,0.954379085249031,2.67243237257977,0.996211067637391,0.821800316140056,0.649344117319677,0.470432722463855,0.637091925109038,0.685976555240457,0.768060506418813,0.1065058100553,0.00927061402390245,0.387265822337708,0.405156081417808,0.719894559010293,4.62497018614926,2.03025551767076,3.42502735655267
361,-2.20224965085588,-2.18419700500373,0.0501137693557877,-2.47235652390954,0.996064627152508,0.018542136230506,0.0485037852468668,0.924054507934255,0.377484738052823,0.920478415860329,0.453732892974862,0.984890774240368,0.61867519159161,0.749151518534985,0.74749484017794,-4.42460731940278,-0.520105728416313,-3.17195307654341,-1.73232259106041
362,0.591257836598781,1.4085814180042,0.993274176928152,1.83155407350574,0.972321339384365,0.263932513955748,0.747170134108397,0.241045973450644,0.61631939276983,0.380229928931338,0.973396490692045,0.600578487250721,0.991019026619848,0.359127220120165,0.117330094400095,-0.0741607330873573,3.73726888009885,1.23191729657955,2.37277787647839
363,2.42935459807371,2.58999651197877,0.569200899267952,2.00109141034133,1.04073898794119,0.818336711037206,0.509332451978582,0.484358150075073,0.233882160610752,0.886599333713413,0.415169880205649,0.114599557178561,0.64916930062836,0.643902831429499,0.793111176414415,-0.0387195233300703,4.04090234401274,1.06831506011394,2.8576018966767
364,2.49379723060045,2.48668817037201,0.0503221855875689,1.65070620316572,0.982687790462101,0.253215418385109,0.100562483754591,0.565903617609758,0.10910401567386,0.228052203737199,0.126758498432697,0.518000809505815,0.223847975443001,0.902107471813564,0.149678835603991,-0.275326474187245,3.57673888051868,1.03722834501582,2.28952727997673
365,-0.152735728407016,-0.133098067015965,0.0505720241207595,-0.545229895106568,1.01170852677411,0.593502871863195,0.129278310404043,0.884559995590826,0.976683941971045,0.979292477647192,0.84922780951357,0.914037893429282,0.0390152283181669,0.698974601894151,0.71441838328098,-2.52814217043591,1.43768238022277,-1.36543295599075,0.263696132259482
366,1.03433836829624,1.76430635363643,0.999572293049517,1.37224407534137,0.955607057929669,0.136779145782697,0.885266433920944,0.882248269201955,0.846393611490028,0.3028456682252,0.201179058909183,0.251439367950195,0.772272945859819,0.930654566831188,0.433294590039062,-0.500711341573063,3.2451994922558,0.934520994623155,1.8819290913168
367,2.66676467627041,2.25714068940936,0.170686938684479,1.95710076206273,0.969126713267767,0.119237579489942,0.4036301094027,0.498902274815599,0.730256244314718,0.937183664514916,0.0775413413996575,0.0917813477431191,0.342269931954565,0.453228307062411,0.165477939023287,0.0576473076022272,3.85655421652322,1.38243234457067,2.50064954553009
368,2.45810289296592,1.48328801155323,0.999956388700091,0.365699541589088,0.991856784985587,0.245006085926783,0.999442753345007,0.586070348951849,0.226040908646653,0.0730016513861483,0.902672444007709,0.800266315375571,0.650187300732243,0.624359951077029,0.239683553324547,-1.57830403480435,2.30970311798253,-0.322335323381669,1.05125225025374
369,-2.21228486188847,-1.19424201150287,0.999748345121381,-1.16837502677106,0.96985242362165,0.277334694190067,0.911794685452711,0.884084798665484,0.556138104611891,0.944385236763163,0.0223866334626218,0.479587031981908,0.757600992606138,0.133360049015726,0.0227893732126104,-3.06925084738838,0.732500793846254,-1.75359985518288,-0.604883768942686
370,0.493780837948334,0.489087170534394,0.0580100252447582,1.62396981852671,0.976222405131988,0.388979721110314,0.261634964036057,0.359794175846502,0.986001905916492,0.992714164468111,0.928917336876853,0.912879703144194,0.701128942203009,0.117995601754053,0.897069658419583,-0.289390936433055,3.53733057348648,1.01516458424846,2.24297573305366
371,3.32289708139593,4.23404194747479,0.999867212689756,2.77991150997926,1.17105927846932,0.876965869204258,0.943766440030304,0.344618839455885,0.346443042093539,0.144740042062709,0.386930422567297,0.0742543963284697,0.681189601692604,0.548102716347901,0.118971342028934,0.484677500417924,5.07514551954059,1.80429884968776,3.93594827913636
372,1.6332367729697,0.334153202487841,0.999482191555693,1.11157552772956,0.96441041902755,0.907078500560136,0.875703333911253,0.539207650904194,0.50269850208587,0.818787425445742,0.181459029149613,0.492225701577612,0.270192580702947,0.209961781078135,0.666523501498159,-0.778634159879621,3.00178521533874,0.547710624070357,1.62714220054075
373,4.31190590359261,4.27385575994735,0.0508102974021055,3.1817916206419,0.963029739937759,0.857761289837887,0.146701869419659,0.896803111688816,0.332523306446848,0.206715107411263,0.145582044861745,0.294696187087684,0.128076215212001,0.584274117938709,0.586469878043165,1.29428801432292,5.06929522696088,2.63285545307911,3.67911710611174
374,1.09509398668977,1.16495450135316,0.0501775570143917,1.44264457798144,0.957880106085193,0.881742741642636,0.0707630710595986,0.31937023948459,0.0438319203929277,0.534674481812399,0.162123945552157,0.043419515273883,0.344733625517925,0.597906382392044,0.47926505648857,-0.434765931452946,3.32005508741582,1.00726609169516,1.99939094560389
375,-0.429622255495675,-1.04601796083536,0.999854662692024,0.0203040442735414,0.993135843837131,0.417299783619936,0.939250348123489,0.206471352697932,0.547068179856637,0.828887065277901,0.458155526774703,0.00785553613479715,0.0877819122283254,0.747981132491492,0.0537509711717721,-1.92620644140303,1.96681452995011,-0.678834555249405,0.685865050504669
376,1.0714220827449,0.999764840521143,0.0506253913103384,0.682421171732237,0.989175675710321,0.0710460452481639,0.133740940510295,0.525128829572233,0.987350756346364,0.714980952856364,0.921947282548179,0.735885242967051,0.144543890166329,0.232868891985971,0.957249838741147,-1.25632752704306,2.62116987050754,-0.0917239056393959,1.30006260969209
377,2.65511360752136,2.65229452714104,0.0579120186598676,1.53920750904278,0.973499670004583,0.539410206030356,0.261014214203926,0.434932548861834,0.57008857826388,0.80554281388782,0.0691294912828598,0.408969215706573,0.354023350314237,0.250038254561834,0.0925704433927313,-0.368816783127834,3.44723180121339,0.957453470754767,2.10210068569819
378,-0.0547846316482831,-0.0484503190045583,0.0500431588743427,-0.285976268521068,0.96803181606419,0.143880970270024,3.58113433467224e-05,0.511689755811705,0.422849969587754,0.455872858181479,0.197325706004398,0.48913586743013,0.459282836002647,0.154674941718811,0.337259433351806,-2.18328376389578,1.61133122685365,-0.835637410965175,0.255573665777676
379,-0.00145761058578006,0.195986170790344,0.335117811460276,0.288492962817628,0.961492993848296,0.30926771524339,0.457664630176383,0.450342726592789,0.785468996386626,0.392883178068325,0.0797897390533471,0.79284873453388,0.368898579966626,0.701906865134719,0.862251909439452,-1.59599867651262,2.17298460214788,-0.244694286761111,0.770467001295401
380,2.56374211462349,3.00180746867159,0.988742558370838,3.39828326731951,1.00467715904884,0.77116937257559,0.721175594388042,0.176638501774054,0.260101498420467,0.172659031392192,0.860392791670863,0.0757237539682537,0.966898697292898,0.0554617862303276,0.269123879379244,1.42915221949377,5.36741431514526,2.71705731948517,4.18161173139002
381,5.21259301993008,3.89320959741971,0.997899995807973,3.76757529500315,0.961024126271865,0.871926669480512,0.805615483305301,0.82655485332408,0.464311382193584,0.848713518999866,0.132756491481559,0.296362788501079,0.125495402609347,0.621522046035738,0.215409542306908,1.88400261923622,5.65114797077007,3.24395689264473,4.26517484781792
382,-1.57668895163126,-1.45027044961531,0.301043599988442,-0.692286665147594,0.976029340148299,0.191290178672178,0.448801913184812,0.236411573717371,0.279089008338866,0.143710365317413,0.986741722991923,0.53163223714428,0.45650750485016,0.308905936718569,0.974528269863455,-2.60526901969265,1.22069568939747,-1.34285450716932,-0.079492753360606
383,2.76342526828691,2.75778126826705,0.0807120067298443,2.29425414712633,0.965821022810689,0.274804587691091,0.33005271133862,0.377525549305021,0.0403672271948308,0.22087676827563,0.0233843484913232,0.567859390470665,0.474321978893597,0.0378716502888128,0.267670390328858,0.401279726905747,4.18722856734692,1.7815778102626,2.84413987369865
384,2.46914610957766,0.33236929714782,0.989549858866953,-0.122404996505621,0.96705052569356,0.0277786451461725,0.724939270157367,0.141772542944178,0.211811690176837,0.125229069991969,0.514517876292113,0.448065059987246,0.743012075542822,0.576014073025319,0.577437999643153,-2.01778919809552,1.77297920508428,-0.682385335109956,0.406815058183333
385,3.09108849511258,2.78877556913883,0.572333549160953,2.77879455437616,0.993289767502411,0.672176242209389,0.509998139780131,0.0886040917183273,0.126190196582931,0.774983324872912,0.952294368156348,0.205139296099311,0.406218849607161,0.909370617422974,0.792882143622381,0.831982383859273,4.72560672489305,2.05985280749587,3.46189754995585
386,1.33738003680722,1.35654950675422,0.0500635881712984,1.65781402308115,0.962991465698682,0.64939821149176,0.0194138570377836,0.50880923845747,0.198994886746397,0.249645579417236,0.262711006863974,0.265621545900707,0.962867009233567,0.704760199937038,0.193394453299348,-0.229614567107706,3.54524261327,1.14584061752232,2.19681972318895
387,3.3288205498782,3.37161616083022,0.0510494324644343,2.67355305430994,0.959551821639274,0.551004043454886,0.159644639986451,0.0196076443514321,0.597506437131204,0.641369377305848,0.728293585527572,0.64376616547734,0.647636539811967,0.717346726148971,0.485971196496161,0.792866042597164,4.55424006602272,2.17274009305993,3.1826641995021
388,-1.13962347580465,-1.728449688207,0.890559827671753,-1.34795170408007,0.958313946546308,0.171806120010791,0.601934505142737,0.2297296526602,0.839131765488186,0.682056759645348,0.198481961072073,0.069698101479793,0.993154564600205,0.429260055973893,0.188663190717925,-3.22621252519327,0.530309117033136,-1.7879103446068,-0.793197844639261
389,1.42238955932109,1.05896674685423,0.253150557994998,0.271719329675275,0.978117742758313,0.483175364873488,0.434904187725973,0.30747535019007,0.0795856531086611,0.952477344244253,0.525358204566524,0.402873194767744,0.135629825840704,0.521529425528832,0.321464932197123,-1.64535621877063,2.18879487812118,-0.328794439476953,0.922834216256587
390,3.5029929449864,3.49768107871544,0.0883503760759596,3.465058844323,1.03475887290812,0.708573007353931,0.341575430110795,0.131672432080493,0.843970935099293,0.301844425869058,0.656845709902118,0.148091050797375,0.0472898297943175,0.101401460725116,0.680474945351016,1.43696872073983,5.49314896790617,2.48187701743171,4.34916184941618
391,-1.24008444448681,-1.30637725958292,0.392433135855645,-2.04554325093954,0.969330636527704,0.281567192623392,0.471330709063564,0.524989224173361,0.773780889351154,0.482190480254125,0.661643978701788,0.996053038909566,0.460065770226764,0.849293826991227,0.103632114836131,-3.94539638764513,-0.145690114233957,-2.6203452942547,-1.48316408095909
392,-1.01695731141996,-1.00932726254759,0.0528955803131082,-0.199809796991935,0.950331328730637,0.255092775320984,0.210488809687318,0.749455242740922,0.680340052187093,0.467632584368461,0.117867791513447,0.960283397229388,0.722678657692624,0.624575824976666,0.425125997384777,-2.06242497468408,1.66280538070021,-0.628212732702425,0.237429880557339
393,-2.96980765540772,-1.54568974217124,0.946036945316147,-0.555044627469851,0.958458593996624,0.137621934333467,0.64048410029232,0.394288185112528,0.578794440933969,0.0612366013565334,0.0321721757745836,0.735417294475017,0.14665786932793,0.346402617425658,0.831319099715096,-2.43358895237613,1.32349969743643,-1.09121234066579,-0.0671547887627308
394,0.496410014377201,1.60699943373526,0.999430726678392,1.55914311741062,0.958209775184356,0.036433710133424,0.870962858788786,0.798859222504427,0.337856720406096,0.431462653115508,0.425154142333777,0.149741668229108,0.407853961615823,0.533882518896717,0.585806525577791,-0.318913531584941,3.43719976640618,1.06765913115737,2.04458571734175
395,2.20474550784222,2.92606955449781,0.962751435688361,2.53679680619232,0.9649442504935,0.776266466326779,0.659942509567365,0.762945119027747,0.803974454530398,0.911957546607708,0.879122940727044,0.976664892597357,0.567905340624857,0.00971567952493206,0.768199783425895,0.645540828136063,4.42805278424857,1.99231861291582,3.07499271304779
396,-0.404318917645285,-0.063072314620826,0.254159269021186,0.413163886221167,0.97040048801352,0.863777003714582,0.435219416983309,0.0912020387420198,0.74533580250002,0.872114009338664,0.212011936964584,0.609410894323606,0.261904432410956,0.311200971811078,0.796723358411225,-1.48878612086542,2.31511389330776,-0.154791839360592,0.976754015595313
397,0.744665317858338,0.151982451643364,0.98087094999645,-0.763386805784138,0.968604503441348,0.454859815252596,0.694245626554359,0.0609450315370923,0.60265294328751,0.303002075582277,0.241781971539836,0.284789737260202,0.00659810847847257,0.964758730720962,0.779540079799714,-2.66181674779248,1.13504313622421,-1.28213864910239,-0.15502876621026
398,0.282309582454346,0.270320502998022,0.052587535134606,0.129683432370359,0.996808069952948,0.397481109586894,0.204848559488426,0.322665548750316,0.987552270519896,0.762760909930221,0.915691351107438,0.891028568619746,0.782463856839808,0.808358988280175,0.339807298077154,-1.8240244842363,2.08339134897702,-0.621461987407525,0.792613380470961
399,1.57885003963285,0.601742638319413,0.999132687191042,0.531584813979534,0.993151654728609,0.535019948112662,0.849895208968315,0.903269089256879,0.787704262364656,0.867352294514771,0.327002007585252,0.990332728908979,0.390350725423195,0.73121847689501,0.689607214105199,-1.4149566604749,2.47812628843397,-0.106089274639687,1.32568693088496
400,-0.446894140826658,1.0767560015862,0.999861925907506,2.21454343662762,1.01230141611685,0.518626405688352,0.941814073432819,0.0376789550218964,0.941071998083615,0.555635443096864,0.00475213406491093,0.419209250832791,0.446026400164934,0.271602566114161,0.338558653497021,0.230469119539692,4.19861775371554,1.41666107998772,2.98746923093217
401,-0.657038551848843,-0.402158323448341,0.537105896958917,-0.370644116347759,0.9829662524065,0.328384787908755,0.502549161910312,0.194114166152431,0.801985871888464,0.822409890669631,0.831675811857101,0.102114096239326,0.150344793426455,0.258576381501276,0.762251846230822,-2.29722256908281,1.55593433638729,-0.93696652529365,0.298849681870523
402,1.21598460362372,1.24979638625402,0.793297764108013,1.36528118880523,0.975465704087809,0.628827851945418,0.563990871997434,0.245752882765257,0.0650065707380418,0.992358497628709,0.534954795517493,0.616134220829117,0.24642234661791,0.37379631593416,0.827423898044275,-0.546596459360881,3.27715883697134,0.762645475199986,1.98174673383675
403,-1.30622280937333,-1.57756501199581,0.732160912847574,-0.993233437773712,0.959164264857857,0.430702681937604,0.546743959674612,0.0460154495997122,0.319452540014056,0.375452038014657,0.500587304061162,0.285285219980404,0.473309038043139,0.850683000834542,0.587809840793954,-2.87316085215295,0.886693976605524,-1.498596780315,-0.499875442602645
404,-0.839562847113405,-0.710944333902884,0.0731372807934845,-0.355251908641944,1.05660754596593,0.281358048283379,0.315481987032341,0.967533337708446,0.222412063546013,0.209284502557828,0.233101739814621,0.578188028525212,0.625282427826198,0.299377235263004,0.802871949202847,-2.42616464452841,1.71566082724452,-1.24908150576764,0.508363009661208
405,-2.78656508928837,-2.14338731191937,0.934870324251406,-2.34863074837142,0.984838965795677,0.0381662679204019,0.630453040699125,0.615749858048046,0.880965855575982,0.404379488203675,0.464534405629034,0.953072434751899,0.796604998986353,0.534803757777438,0.875286587730283,-4.27887965190262,-0.418381844840221,-2.9380467450342,-1.69343761560038
406,-0.0477428662375962,-0.019622318883063,0.0504234313460729,1.02942138301214,0.998740191444916,0.941195696579292,0.114230997156701,0.562474620474037,0.907932163053658,0.126630984058604,0.691161680613994,0.726429868320352,0.921113024815801,0.636222620276967,0.999566171230399,-0.928073422132531,2.98691618815681,0.355111170743182,1.78472109856795
407,2.50815160459799,2.50714224370139,0.0504626344764984,2.4055315527173,0.972095493635468,0.615553076971671,0.118660355669213,0.935248541865498,0.685808041816927,0.0121864033883903,0.884860284265713,0.709849775425624,0.932506163315033,0.747161248780088,0.683400640259962,0.500259395658099,4.3108037097765,1.86044873097764,3.05201033184289
408,3.15348874375741,1.72114024299548,0.522590900460732,1.39204384048078,0.958991760323771,0.0987578974858625,0.499492816800834,0.614522655522567,0.519285088734934,0.946994228119263,0.0657144904998131,0.421951072865399,0.715771622238331,0.838616855903645,0.868377172307461,-0.487545471224476,3.27163315218604,0.907085861524568,1.92568516207339
409,0.438737545027069,0.46170083828848,0.202787017974145,1.20043781187389,0.952091626236491,0.567900607791031,0.417396151974332,0.211896507020108,0.660157247669296,0.551767178192968,0.124873984154314,0.556390323563013,0.080647392110317,0.526883124413318,0.325738682934549,-0.665627485531803,3.06650310927958,0.752277415400149,1.63567953824556
410,-0.793637443479457,-0.707720428490674,0.0504512139474564,-0.00645720519931126,0.962596494177365,0.0906569821411977,0.117409971146262,0.68023112429888,0.582777738460223,0.144218212367152,0.188723163374467,0.668317738654092,0.668623200017144,0.194212385478779,0.807527983292472,-1.89311166543147,1.88019725503284,-0.470838114697474,0.545908016520201
411,0.694150878714373,0.0113223198587711,0.479115456230316,-0.303324048501931,0.951837910075922,0.428721832751762,0.490309879965731,0.589822332049254,0.225589395668474,0.26260892031563,0.631984051738866,0.82890762504912,0.0445385717158206,0.50832941202214,0.514482019486721,-2.16889207137061,1.56224397436675,-0.748922926858747,0.163599931901387
412,0.920313298521817,0.950409096898854,0.0500612950881742,1.25143986248509,0.993571737405661,0.141201944549684,0.017577348585939,0.698501070584403,0.561222275945824,0.770641552275978,0.976924542795168,0.952135534247849,0.0459225285646971,0.339733810336445,0.750674265929381,-0.695924958886887,3.19880468385708,0.611679133041737,2.06256444927894
413,0.420315815144194,1.49297466966976,0.996644969927078,0.252491767193444,1.01272144634754,0.485574445905047,0.782123169456841,0.746742976755952,0.89093533216347,0.14738910385326,0.583786309094517,0.219373457600479,0.968032771694125,0.269460860971129,0.258229889461421,-1.73240579401904,2.23738932840593,-0.510388925401769,1.06659681719063
414,4.02853894305236,3.66864075413564,0.325836625537037,3.03673006740707,0.996907646740338,0.930165735947201,0.455316813855432,0.865566150401253,0.935685302378144,0.162920753019862,0.118078789617866,0.331898127032327,0.993876085178112,0.772943361705286,0.470995923741488,1.08282698388343,4.99063315093071,2.37215393636414,3.87768673781343
415,2.16910253633215,2.22615843767322,0.16607668764985,3.09290593281865,0.956819944280896,0.921411216912093,0.401405481329653,0.895022675268934,0.435415136818192,0.334991083487752,0.272446356639965,0.998547961484874,0.150895784803783,0.47581620531017,0.493541910220403,1.21757330233848,4.96823856329883,2.62171144449611,3.61210392018905
416,-0.934045871291791,-1.00950299131635,0.0557301705764116,-0.576135013690926,0.991252610431744,0.513033770762384,0.244766666886746,0.899476156761171,0.268743678901112,0.901038008846808,0.841771538888337,0.598383856116794,0.987478389585507,0.628549137157155,0.32645347117004,-2.51895442971846,1.3666844023366,-1.27130180055865,0.122745305783552
417,3.13655702749015,3.1773324917151,0.107949900042338,3.00484928950667,0.963778181164769,0.833179903681623,0.363302827400737,0.00937578402075451,0.589091609508963,0.490350066243322,0.493395227019675,0.901379017075058,0.0194017533817096,0.30725239632302,0.126758813195629,1.11587876533821,4.89381981367514,2.44724193116841,3.52107370163202
418,2.43661937319555,1.05752181714053,0.984852488154258,0.71979054955357,0.952108125621376,0.161653458764777,0.706127623314969,0.552081015584175,0.699374204995809,0.882094111332204,0.860780615176656,0.415828156150295,0.149570027235313,0.143637626130134,0.833465496852878,-1.14630708605226,2.5858881851594,0.302110068978817,1.18865815974958
419,0.648012902153438,0.611564132776498,0.0508752136080619,1.29627521525113,0.96741550482688,0.59652671355952,0.1505586209303,0.0438749256392475,0.445939537432394,0.814488416915177,0.0762542272867868,0.345628772142227,0.134445850206306,0.380682456808398,0.703493146648863,-0.599824332295184,3.19237476279745,0.75950482554156,1.88058513140588
420,-1.67547746675231,-1.75122384413654,0.0500623152569155,-1.96991436588103,0.944129151080239,0.410117242950131,0.0184027311851969,0.57009155551868,0.789353688364732,0.423812140500173,0.401170249712071,0.697524603371974,0.260733338716906,0.723968308667303,0.927608551274985,-3.82037349875267,-0.119455233009383,-2.3522570950853,-1.58794485469799
421,-0.93565660391852,0.00407065144821048,0.999860245507079,1.17147313822671,0.975285843017012,0.962912456292426,0.941209144077147,0.608052548878943,0.251928743183846,0.205181472181808,0.793929947531316,0.511454191777389,0.125673305792268,0.456027554854285,0.868886025388609,-0.740051988718413,3.08299826517184,0.567136837218951,1.77863686229178
422,-0.583296408639568,-0.453629622581227,0.946695584592528,-0.980378641097668,1.09834336486443,0.405462934421841,0.641134863273823,0.499006432355382,0.954151502639754,0.684602927697706,0.769223733216058,0.034319875814137,0.412825823858613,0.577030809437856,0.834976618730812,-3.13309207889048,1.17233479669515,-2.05558576800565,0.356191033163519
423,2.43380201565573,2.16956561376339,0.208149769386874,1.69371924995625,0.97368269509699,0.540364310094155,0.419458511019358,0.703718872682424,0.958949953761185,0.704681903361925,0.0575066859368235,0.57480226693314,0.0541083112118067,0.888532036773977,0.0932456519238185,-0.21466376480374,3.60210226471625,1.09710783953119,2.27220336019115
424,0.503218203992315,0.568364224235789,0.876244493448115,0.474246006347359,0.987014917628465,0.648515502757859,0.594929141439265,0.362805786210229,0.162082289457321,0.631694264141028,0.439845812168322,0.561774337898009,0.589426139940275,0.249802980366629,0.108960941392928,-1.4602676844082,2.40875969710292,-0.175227771529104,1.07847304123504
425,-1.26389249671477,-1.61626955398518,0.998198550997258,-0.688453638698269,0.949409631767435,0.13104507597757,0.813298628985998,0.224197768279468,0.549963433830533,0.0267855602318887,0.367845995925833,0.545826651719632,0.32294216340268,0.300852819478489,0.753613195431768,-2.54926232353788,1.17235504614134,-1.16959596411041,-0.308685330450063
426,2.90921554035906,0.45438641868652,0.73789377203301,-0.0887003616418052,1.15268777041785,0.481988922325312,0.548244227652671,0.435975080388482,0.224579411026323,0.114778217478073,0.585904082524474,0.489754247107077,0.190677193398937,0.486184391548857,0.327860006209114,-2.34792687708056,2.17052615379695,-0.993588224482237,1.42476962994241
427,1.60964666073004,1.66251950439214,0.999919962992429,1.17451927880545,0.981835784515093,0.107835182423005,0.969082194410148,0.790740200530039,0.529065489516128,0.0190486159551656,0.552244398903684,0.888230019455543,0.637025570527185,0.644672802027897,0.576805465048295,-0.749843497576758,3.09888205518766,0.510060624742068,1.78462433754656
428,-0.255026580331449,-0.384767445711204,0.0652906670592039,-0.846844157241373,0.988593797572777,0.470989194976049,0.294350351952366,0.937639505088446,0.229001724801725,0.12783125159319,0.738093583658803,0.620695465219906,0.181805324348155,0.583619345412822,0.913024511880241,-2.7844523958237,1.09076408134095,-1.53323065487758,-0.17079221442277
429,-1.52272703213944,-1.44565288109866,0.051129628089363,-1.01585283029555,0.966235816901749,0.395494643685874,0.163330812960863,0.2973921696709,0.801107728646835,0.780301042643143,0.942998951101559,0.0824860518344212,0.897739145833882,0.43313269718294,0.0374762656291714,-2.90964023199561,0.877934571404518,-1.5723074336247,-0.470538111710253
430,2.2760337125253,2.24629710777931,0.0500558392010052,1.7934392421335,0.953736925327946,0.195175576636218,0.0129158832981484,0.13267202817474,0.613533708820585,0.373635220259894,0.441380317703821,0.502276909523411,0.676145729830489,0.271103052706923,0.353890614660922,-0.075850782235241,3.66272926650224,1.32163231377742,2.24669049947547
431,-3.77249076422822,-2.13598855676022,0.999717466040791,-2.3715992784077,0.962796794592603,0.20976282508811,0.906006053111283,0.538756284707575,0.866930850589764,0.607009447616409,0.393206404705998,0.654775903724134,0.0386504824074218,0.780129512395943,0.839584508588887,-4.25864632023981,-0.484552236575593,-2.86142105675692,-1.82286368836548
432,1.03183486998901,1.26071920151151,0.445018051840453,1.00909272967235,0.952208338335669,0.376071123598143,0.482999793866999,0.981962726328406,0.630275560377631,0.313319652659586,0.663539542793413,0.295933344094316,0.693249786816654,0.11646802335151,0.9659730275498,-0.857201319244287,2.87538677858899,0.555678116279974,1.44941185897742
433,4.00447784068115,3.96985769797618,0.0510292371609728,3.09597437227796,0.961411971372744,0.777799474993837,0.158671995884273,0.408264319402864,0.296116274320055,0.555080774368718,0.767690488103312,0.90490497334057,0.541192038603942,0.532210720063536,0.0426169930467149,1.21164153408173,4.9803072104742,2.57820916708287,3.65596368869439
434,0.903998163565605,1.05398202534066,0.133829728191109,1.94226817842552,0.981139969523606,0.39003450843168,0.383235309415497,0.0797036126129096,0.0197325407783501,0.771532332306029,0.446606666350388,0.863746324663749,0.744692581671989,0.0203772279985715,0.0878095725178719,0.019269174366531,3.86526718248452,1.27934453077281,2.56360064756701
435,-1.2659848256653,-1.37517198452999,0.0768253533271569,-0.888776243111532,0.998463758063048,0.248723493841011,0.323076451352914,0.835909007194219,0.0389133437734563,0.0580082466364838,0.429180022550398,0.0991217815215932,0.784638400320196,0.552259979301482,0.27323391253897,-2.84572924878362,1.06817676256056,-1.61529553895467,-0.0996944255892833
436,1.52094381966978,0.102851761286052,0.999722209578581,-0.32569281170987,0.981844285614527,0.425022577185882,0.906852893012692,0.602891170412069,0.55256264999602,0.00692613585840445,0.443093555497588,0.398287143098423,0.895719806326786,0.195205210919958,0.263501983535476,-2.2500722499408,1.59868662652106,-0.92235717477294,0.392549069735211
437,3.18716594053098,3.77129574537503,0.999911785755725,2.78603080059223,1.02621325466741,0.97440649090847,0.964217797623598,0.00736528173135594,0.461235850366415,0.617241573052597,0.469914069888648,0.19909294272738,0.0153108933753101,0.592929613555199,0.598021342047956,0.774689780986467,4.79737182019799,1.93943872759888,3.70682228479135
438,2.19039450315533,1.55241194893881,0.993038443146334,1.73891895558442,0.977820092110836,0.311361436453764,0.745435195672791,0.0503363173210528,0.979302142935805,0.87965299747989,0.786076370759402,0.207021592423669,0.306214483822812,0.707573133096565,0.664297183788847,-0.17757320831246,3.65541111948129,1.12938250982646,2.39159454432833
439,1.51889537279731,1.56318952962205,0.0771437494732885,1.25494813379412,0.955169370269391,0.935512153643882,0.323683665854856,0.158890841953806,0.455225144229364,0.245243852135027,0.919804916244815,0.348074459841591,0.259653632958536,0.247223503546673,0.0984306062655523,-0.617149431069693,3.12704569865792,0.78680988558341,1.74053351459406
440,-1.05318271992467,-1.05112709581833,0.955909870098387,-1.17655441416744,0.951136197264944,0.155819400171167,0.65113519371592,0.403473245805944,0.309125327951042,0.731058819253463,0.260773339444189,0.234965282244026,0.498885330093559,0.957613494316582,0.713066248283722,-3.04074710519911,0.687638276864237,-1.60233053296834,-0.714130893612011
441,1.70345823174169,1.72164889673656,0.050897375042987,1.30615817115705,0.950209062310817,0.00406693795858882,0.151810083547607,0.345026517781313,0.564127078657621,0.998629431328969,0.931600666840444,0.576670696171932,0.819620182185667,0.472592711324221,0.627768924037111,-0.556217368755724,3.16853371106983,0.870284566568337,1.72258483953368
442,3.59101671967052,3.63313252838831,0.05113466457825,3.98217891106992,1.02308659564052,0.659681553139002,0.163553509725141,0.86646106218826,0.902148424328771,0.0484485391096678,0.300151686721598,0.396576101108571,0.513362724548555,0.151269354459713,0.874996644638479,1.97696603054881,5.98739179159104,3.04975855983739,4.78418449793565
443,3.11005899678757,3.1228907452565,0.050078116253275,1.46271724180767,1.01100935297338,0.864140459477436,0.0297031555573922,0.843136308416142,0.0285612139026634,0.971757848143112,0.907879458278767,0.0737879407014698,0.268463840356912,0.37299327112746,0.262076274574734,-0.518824678053288,3.44425916166863,0.687924606738061,2.26739440620598
444,-1.21123313532518,-0.726709195257761,0.987454487405269,-0.484650408245413,0.999824586765084,0.46043669257767,0.715690258521703,0.346888826870359,0.820471289275331,0.835416369711864,0.541109497142723,0.274303781465627,0.91147887722915,0.731753382369992,0.796101746542496,-2.44427058916262,1.47496977267179,-1.20290832165554,0.210559228406893
445,-1.39353809536408,-1.32134764873483,0.675932802047571,-0.309864500985665,0.960845405009053,0.335100845084875,0.532914606249542,0.254181797697092,0.558902610440389,0.0310888156689471,0.49757483351999,0.691296363572357,0.0859277134006843,0.0608798014960485,0.0387042482718825,-2.19308688951421,1.57335788754288,-0.916018297572602,0.146533337414657
446,0.2698255308562,0.342772394511578,0.0501272874173756,0.199290752992975,0.97185008026143,0.222848312554765,0.0541182195268339,0.989240153912106,0.568700207173126,0.106860082420637,0.171017737822491,0.0608673946912168,0.702813601760077,0.966291744795744,0.376478527023573,-1.70550040269179,2.10408190867774,-0.376741600684441,0.773814079665575
447,3.9357258303202,3.86378209896277,0.112894461024229,3.12812713597232,1.0886809881729,0.701875905707013,0.367674707019003,0.546878819819191,0.860047707256512,0.997149956349051,0.726588413980557,0.279541298861383,0.205111226998619,0.230689993606415,0.549077137802378,0.994351608499968,5.26190266344467,1.66124770556475,4.04812383904477
448,2.35500798211599,2.28312491214078,0.0856384585704048,2.38465900050837,0.966374911487472,0.490330727719702,0.337759964944329,0.908455343024456,0.591451639991719,0.498071118002641,0.474179367598379,0.0660709294094704,0.454048060595174,0.00939210494002327,0.467673890149337,0.490598978429838,4.27871902258689,1.84004592623796,2.9374314929365
449,0.571038499693801,0.34536841945458,0.680774330848521,0.400313079696874,0.98526034694359,0.456882177794352,0.534052494088304,0.876741259619943,0.132251265362022,0.40632644437009,0.529015642127488,0.772017999999807,0.746834969214629,0.784240085780155,0.0630956312362105,-1.530761715708,2.33138787510175,-0.229109577354372,1.07253947328256
450,-2.36990624174566,0.114495553163951,0.999658024374852,0.0808869901158678,0.956395619210126,0.314580257925205,0.89645588807005,0.580780686704093,0.228848946755053,0.26494283436588,0.041769615522353,0.430281130413874,0.398779533402529,0.177451990318601,0.496823834517272,-1.79361397850786,1.9553879587396,-0.425397198951515,0.552356345512369
451,1.56024748968808,1.57623415465054,0.0526966507094437,1.54778728891649,0.963478769247233,0.435856568700285,0.206919557825197,0.752514214227907,0.957690441130311,0.488396474836627,0.542545738617075,0.843046659317333,0.0728176719546318,0.429898742349236,0.600479418040602,-0.340596398677067,3.43617097651004,0.960495750387784,2.030000009009
452,2.17140562577786,1.97596847717228,0.997960456355362,1.48462587442261,0.948482689238033,0.208432987676701,0.807079335472896,0.365650236468413,0.0112219851172995,0.396212536346051,0.892128149690456,0.103728976563667,0.727555826193886,0.753175393768121,0.311952311483328,-0.374366036443625,3.34361778528885,1.04490529938002,1.89978242659321
453,-2.00167704307746,-1.95091658195496,0.0502369311133138,-1.50810154294497,0.964367993816475,0.374007455099025,0.0851900803231401,0.321898176157265,0.930304036127869,0.591638478268404,0.982280899280449,0.59531686843629,0.183859308207175,0.928459270810825,0.0280649509094655,-3.39822807866841,0.382024992778462,-2.03609823385873,-0.929474801373313
454,0.264324600946661,-0.280542442535552,0.985341342146506,-0.279663508051027,0.957661839638736,0.0181285667339107,0.707794019690831,0.768163131346228,0.533456327600405,0.245850217920612,0.9014136209141,0.662305083876592,0.174917794880574,0.745881000388181,0.605412580481032,-2.15664622311132,1.59731920700927,-0.741710640219435,0.219122050148908
455,-1.32513687971833,-1.36151187874981,0.0501266314652263,-1.01499744532116,0.972320486139913,0.00294363144552335,0.0538598530454328,0.0034254077791702,0.653613703266368,0.496116718607373,0.86125487106631,0.571021185701014,0.732021973186289,0.890033974976745,0.0957777286932105,-2.92071057958587,0.890715688943541,-1.60519208416462,-0.437899563306311
456,1.66054325024881,0.0599824889197704,0.933960795505625,0.552816425892672,0.998885381132773,0.938868821328855,0.629708206975716,0.793306356657995,0.261636252444005,0.954922185330652,0.66559800719365,0.876572535050102,0.0815361904354067,0.952413671441376,0.65329471122683,-1.40496294581113,2.51059579759647,-0.233398535348922,1.25994620129346
457,1.69730585149087,0.488319873880562,0.988500192594869,0.667174552648409,0.9510451272753,0.24031811078568,0.720097638669657,0.432583425642224,0.432933204853558,0.324645103262621,0.0192766154496931,0.763190395570244,0.886426012472599,0.647958879565354,0.684806311670574,-1.19683964448349,2.53118874978031,0.241212725731746,1.12405214421688
458,3.24355056008868,3.2950680262778,0.0500865864724141,3.4224892847282,0.968198590894678,0.824642832774669,0.0348508739954559,0.104002331730677,0.684232766252826,0.623023992047645,0.348532559898566,0.707063215685659,0.225976565219695,0.374224897574051,0.299669014390325,1.5248549166922,5.3201236527642,2.84845902280238,3.91578509285214
459,2.62335042430003,2.56561004076152,0.083064027810361,1.91455124546445,1.07128814999944,0.619319993770914,0.333870413581375,0.435252074210439,0.752377313918434,0.616192158290883,0.542177202536492,0.828259113812237,0.34662502808834,0.508580609554309,0.0457191385423066,-0.185134945598994,4.0142374365279,1.22938205521301,2.96868325442475
460,-3.06435143557546,-1.93225270245701,0.992758070974687,-2.40479612119104,1.00074743533947,0.466857676469954,0.743446104316506,0.700854574648663,0.00749958886671811,0.961390605446068,0.574738371387473,0.910812704991316,0.927511186631164,0.839619614695781,0.113849652565783,-4.36622505207723,-0.443367190304843,-3.10688552662044,-1.57066123330629
461,0.0435939980765217,0.130257980315142,0.054680271619067,1.3586960484432,1.00721029182033,0.969875575027312,0.234591646966292,0.800166731402394,0.0491655642130645,0.874035257354029,0.768609254714218,0.429542961185332,0.0167392474992666,0.539369984360645,0.250440737137222,-0.615399848382727,3.33279194526912,0.585672372765313,2.15861481058846
462,2.76500798481967,1.07639628146269,0.995815194044844,2.26153512963085,1.0299427882911,0.630023057439714,0.771029342935886,0.564723177907988,0.893768308419036,0.161026654457091,0.97137614369567,0.660846133691026,0.231103257152019,0.832368959760992,0.229814722846611,0.242884358443525,4.28018590081817,1.24255290663837,3.0672620004568
463,2.19819550838319,2.30804278681914,0.0560350521956436,0.865636253851405,0.966634369467081,0.564691618117387,0.247374773472082,0.164662000376149,0.569239040105138,0.805222382227424,0.297196393487277,0.53954779334052,0.83565973961784,0.984691252479097,0.606675482352031,-1.02893229652266,2.76020480422547,0.337192332417752,1.44146378192418
464,3.47761720162852,3.43131283526308,0.0947001136344604,2.61638703255986,1.0800881714568,0.557662843630882,0.349585489440709,0.59789004725439,0.934839594101999,0.883128158957348,0.0115069829731947,0.174073481891421,0.143664227833971,0.663434035476414,0.580650166151463,0.499453116376819,4.73332094874291,1.55895565350873,3.66978688325695
465,2.26660174569938,3.22635364984709,0.99972818475579,2.5617148900161,0.955349410809414,0.542139752711169,0.907940425752546,0.585013470662408,0.388068370346213,0.353137077986612,0.0464985510481056,0.796583837319049,0.609358701604302,0.110383584771771,0.931553868558956,0.689264452178086,4.43416532785411,2.07329672958912,3.01453855148079
466,0.676365241762441,0.192422021180494,0.998582076218274,0.565050937413077,0.960910824622165,0.939627318977728,0.825288732108078,0.369251315187197,0.793545084252022,0.921816381463315,0.718142437345116,0.308578465721104,0.0957014497563941,0.306594014777685,0.12890078394115,-1.31829967120105,2.4484015460272,0.0676146500114231,1.09909143691395
467,3.02034563003719,2.24550229762626,0.999005249657221,2.31605185168146,0.965544968854876,0.34977495253447,0.84303389077296,0.0573594243892003,0.0735403849980794,0.0961547232228331,0.421114931355463,0.831871185386088,0.840954690074199,0.265498198794201,0.232628571711481,0.423618487272052,4.20848521609086,1.76266905500658,2.84847261100652
468,0.657211204994161,0.657806965758504,0.0501704841905742,-0.352591493058619,0.951066919322565,0.759162104550283,0.068730238904478,0.72441429723287,0.677425539967371,0.604276184839546,0.364957323357696,0.918842737725587,0.0132680684494553,0.818945664963219,0.494988167848438,-2.21664840181831,1.51146541570107,-0.780680451546464,0.103340009797476
469,-1.69257526000425,-1.18891376981702,0.34975823379232,-0.853018857624829,0.967743529553742,0.133025645564427,0.461281601032475,0.119533024751581,0.551545569211361,0.819306430992205,0.705668832262047,0.584875102968421,0.84045645147725,0.531793234201497,0.635757053007605,-2.74976132182184,1.04372360657218,-1.40717363067982,-0.309658342547063
470,-0.382726441015171,-0.428732713457042,0.0516615583924177,0.37855570088183,0.946845910947537,0.887614938033163,0.182652225406724,0.834063051498728,0.59039276157401,0.294514236229821,0.643626390969148,0.725349212993169,0.583269113934948,0.652859371723491,0.751225146430312,-1.47722818348436,2.23433958524802,-0.0207047950277268,0.790834909703932
471,0.762020220621642,1.70776294314497,0.988980077739778,1.29885277154526,0.947961208418755,0.30074505344755,0.722254475662252,0.154290175807197,0.584334124545334,0.333488616651972,0.379827091732528,0.677577737340936,0.900375115254778,0.88620423854189,0.367775153861614,-0.559117055696567,3.15682259878709,0.902123938931213,1.71279801189761
472,-0.0780173364848976,-0.019274568212582,0.0501196539253477,-0.522948069128086,0.944528424894964,0.00319777125446126,0.0510256158295087,0.336469711489743,0.341280172630446,0.313680391106172,0.212841832041158,0.542691973278648,0.179147880583652,0.79354465165385,0.629901983668795,-2.37418976429656,1.32829362604039,-0.928305788017501,-0.165492595047136
473,2.98135577895643,2.96774439345579,0.0897800806360688,1.58657974694615,1.04785406165583,0.909962485925877,0.343484003026504,0.660100138712092,0.962531964840833,0.813814104434918,0.473922070187051,0.994431023765588,0.316959121448686,0.921182469945517,0.104829469065531,-0.467176474953294,3.64033596884559,0.521587413917855,2.46848277311378
474,0.112133553715755,1.5429118395738,0.999953374789429,0.919920030999593,0.972794609241131,0.213975052943686,0.996101339448709,0.286792291059974,0.141924993944587,0.729358098648023,0.511639653219958,0.264608799597248,0.213180806808523,0.908604964783066,0.666275680864346,-0.986722367467739,2.82656242946692,0.327136448311047,1.51571310539142
475,4.45559787941894,4.23979531988872,0.869232719881115,2.48953771738704,0.971941723904732,0.590251433449565,0.591747446950758,0.713967512377072,0.0619729200346628,0.227671248013154,0.609656061693211,0.289081669779029,0.234843631893862,0.504968781620381,0.44041991856799,0.584566943461992,4.39450849131209,1.90124342425519,3.06646267997858
476,4.26956638995099,3.79612997776612,0.438920615106531,3.89329790196543,0.97843860911562,0.636457336878986,0.481675642347778,0.579764504194725,0.0269934473392786,0.668688966240035,0.0814319064487936,0.522944659947301,0.597916102741612,0.800614131787559,0.844046116745216,1.97559346701535,5.81100233691551,3.25859571971351,4.49896077909876
477,-1.14121005627779,-1.19514626984325,0.605571559094499,-0.315257490212333,1.01782548776835,0.453795758647844,0.517127984403865,0.0182759142227005,0.861807823496056,0.418295814529061,0.00347476931940764,0.385821365691489,0.883184012517915,0.545648292184109,0.0964725648990134,-2.31015878878521,1.67964380836054,-1.06352895276514,0.530439981080149
478,0.0223009969956181,0.108416926035683,0.260869161419311,0.0997131101549215,0.984265252067546,0.652979716137867,0.437288144982886,0.502647387122735,0.769180956219905,0.876054314349429,0.192183845992899,0.356379778388189,0.161307453244808,0.15747772480885,0.808603739870479,-1.82941133513171,2.02883755544155,-0.508388353645999,0.730353653072726
479,0.0708447606758282,0.026678879753525,0.0503214125409162,0.96705209109382,0.943181135159448,0.599351093901554,0.100442329742713,0.387411588237039,0.607259265576839,0.24347820294043,0.813934756808681,0.718357193457894,0.704740646675462,0.678480295131914,0.278950341424439,-0.881548964716303,2.81565314690394,0.60742258447067,1.34330236820909
480,1.62364969948397,1.61560964493597,0.0500657574405628,2.12329006698924,0.957812817207184,0.61549459242099,0.0210912393142935,0.446083618615172,0.706621051143389,0.206207211129833,0.963430306913797,0.49292824698356,0.595914881647448,0.144081192307058,0.316440226084553,0.246011441332319,4.00056869264617,1.65156614523803,2.62675858931038
481,0.917621020712764,1.08415372951726,0.133225999647735,0.291356675915058,0.962366319925644,0.653826968195033,0.382839076027158,0.799096274727373,0.388767723259283,0.163811419539037,0.635426962294849,0.382882983520161,0.828551591140917,0.620036781707662,0.377757221673033,-1.59484665107356,2.17756000290367,-0.18592181729137,0.914053429876883
482,-0.929378162571085,-0.99213984359606,0.0804698417846867,-1.15455698139202,0.958603289112666,0.421211139625288,0.329643727924442,0.0760948398733744,0.723706894496339,0.236331654428039,0.803158251198125,0.732658571473323,0.454973896762822,0.181460384205566,0.559892916134093,-3.03338490351448,0.724270940730444,-1.61612224183091,-0.593577188017952
483,1.33570672173093,0.406775796311598,0.981499975075972,0.902254606149083,1.05825241614504,0.625152239460847,0.695951204197831,0.689403268016176,0.956332236091956,0.191564693819149,0.414482343597105,0.862930294474238,0.0508146693678573,0.435617563200183,0.245955281399889,-1.17188201604768,2.97639122834585,-0.051367582138292,1.81508528907418
484,0.775882609244215,0.715487823368661,0.212719341839808,0.723608277452205,0.948743684620797,0.351278862943058,0.421172104248428,0.306269100822974,0.135892554585007,0.652510112680029,0.616858624248183,0.713406446335139,0.982312098958762,0.692708589055808,0.109488685817923,-1.13589517496438,2.58311172986879,0.301557336377723,1.14233831017455
485,1.65988008724001,1.77332596373112,0.194593799574011,0.643874700147929,0.960433670435905,0.852587663513958,0.414129084100132,0.256240999989561,0.14912435374991,0.462622010133229,0.513573078602669,0.634971029517241,0.477917595778941,0.732047135975212,0.0288469086397672,-1.23854070344606,2.52629010374191,0.155682116907309,1.17026641296484
486,-1.86114487396257,-1.24048949437369,0.986974162982327,-1.64492996255871,0.945191424964206,0.0452069928741548,0.713786042984924,0.209142026217189,0.449873544123722,0.665553855756996,0.0376334712125827,0.411340059625451,0.803135886728414,0.505247224382008,0.344330941864871,-3.49747111398464,0.207611188867231,-2.0207105669578,-1.256490776273
487,2.00720395001233,2.01418327294785,0.0500488409345883,1.50722406512106,0.947945527999092,0.205657594674616,0.00622014670143835,0.361571942966781,0.505700840865844,0.984692403988098,0.864128817659919,0.134179764797562,0.3176011716387,0.796340113078128,0.497628834859584,-0.350715029062968,3.36516315930508,1.09069607440542,1.916424689177
488,3.32513579646503,3.36574964084114,0.0520268944316159,2.35372745168983,0.985172714850458,0.964081232066732,0.192608932640869,0.00601616703730542,0.018201549496036,0.341235293465084,0.413405097981216,0.654442954770755,0.647475513537764,0.988379717261647,0.81455686708563,0.422824412031383,4.28463049134827,1.64439899366299,3.00029901589506
489,2.72970782675663,2.99218375965614,0.264943007788916,3.16765455900429,1.02263527770528,0.64637637141766,0.43852124381531,0.312654019323876,0.564654080157285,0.71407072332094,0.404367538153194,0.706043038144358,0.275001068271697,0.655925528823398,0.994582215024391,1.16332624538182,5.17198287262675,2.27579420467103,3.86137597467006
490,2.75085480355517,2.70715451442966,0.109078612809636,2.00594472369374,0.997017900231028,0.866600851523108,0.364330639190506,0.338301869542105,0.530788280153181,0.446700228482718,0.713736956602195,0.993822775046574,0.031253391620703,0.00721474193374161,0.997738089282298,0.0518255472991749,3.9600639000883,1.23226949962963,2.71191645814125
491,1.38183361300738,0.375602970077671,0.996415159938753,2.35937344309538,0.961457519946853,0.619798709726078,0.778798373566591,0.378709770839429,0.593575965286931,0.187616306309239,0.475335866060341,0.847671103781671,0.214541929959436,0.178514319765847,0.547330383007182,0.474951331334351,4.24379555485641,1.81886790240403,2.81952322948868
492,0.0139196015803668,0.927648177953617,0.822806789762433,-0.559516957062563,0.956269027349421,0.414346346835373,0.573639417414553,0.285363417997258,0.643678433136316,0.586947501570918,0.955503910811502,0.802579080183874,0.29765951282694,0.881222918918356,0.562008364279522,-2.43376981019858,1.31473589607345,-1.05239717728611,-0.107241497629476
493,-1.17783182837247,-1.00937011730332,0.455242118303848,-0.801011634596681,0.958311352738196,0.077969416238484,0.485207163463463,0.185167949346942,0.758940903084003,0.816957833420485,0.845303294757381,0.0574732865970582,0.805445199942216,0.400964408692671,0.586887236884562,-2.6792673719394,1.07724410274604,-1.30306355011343,-0.308676045509446
494,1.86912331451175,3.25857941810463,0.991688232666498,3.04110650609438,0.976161770889777,0.894047373207402,0.736500099741505,0.926629557247972,0.600746566118207,0.029576989437337,0.00125392676889896,0.965106649236521,0.95933302245941,0.0397477622115985,0.741856602505315,1.12786459206557,4.95434842012318,2.40752640644039,3.64790837245433
495,-0.631694937069546,-0.642541129616027,0.0505664718950624,-0.0621821058399894,0.978086439403291,0.469474299032008,0.128790333408746,0.505524295112933,0.229985652229167,0.505784728952451,0.663252131300978,0.867016929263016,0.990320705103688,0.106070077631273,0.363614571208018,-1.97919630083746,1.85483208915748,-0.673160671250632,0.532803573447128
496,-0.0250526670531003,0.0440083857538272,0.0732153605490585,-0.203815769363457,1.00959487278213,0.499490117170732,0.315654646677198,0.701838597214082,0.404468750276137,0.182141072384664,0.689210610581213,0.911992479572655,0.177374646326527,0.529105989545118,0.987060015487368,-2.18258535899273,1.77495382026582,-1.00694035864388,0.565143438596222
497,-2.11928975169367,-1.02627044694691,0.894496685857263,-0.918004172377493,0.978628559475945,0.0138221490222495,0.603999922287883,0.619570933542331,0.899791913414374,0.553346714576473,0.226435455918428,0.929371553199599,0.691684817094472,0.292698490478797,0.503432026354247,-2.83608090319266,1.00007255843767,-1.53792739095936,-0.315067243389109
498,2.8918620830279,3.49693895974164,0.847632130987455,1.649359444865,1.02122968072517,0.844114378999453,0.582767485732562,0.651372060071444,0.206543076102273,0.862676158862887,0.612074717212468,0.961879138040938,0.455031737070181,0.640756959525752,0.435177425087546,-0.352213949299668,3.65093283902966,0.824382396966161,2.37088668259768
499,3.22339444061464,3.34632208758737,0.0691773230211655,3.60633928462327,0.96207416673295,0.805576911876327,0.305882984716212,0.92061002125917,0.414611854533548,0.433417397202109,0.917434254297637,0.458533507984015,0.179960035400232,0.295260474138078,0.139081309839152,1.72070856737031,5.49197000187623,3.13768868311788,4.20501102817955
500,1.55547985662513,1.52266359675319,0.0501798154114361,1.93241382044982,0.961028750691126,0.701350964363432,0.0713951433205511,0.0921759006943321,0.759067473848118,0.439132065852755,0.274553030807059,0.934456817703322,0.07333620033646,0.735354872997268,0.536755551567534,0.0488320809876903,3.81599555991195,1.44619028048607,2.47475455581345
501,-0.353073169840242,0.502947377029142,0.970102911487188,1.03326815243233,1.1291447305711,0.531719384339522,0.671336221129866,0.120244201151305,0.828156396651058,0.0289243490234949,0.750334367300966,0.943613692442188,0.619319421401946,0.335989583692397,0.799081146328477,-1.17981485282021,3.24635115768487,-0.0482903097954641,2.0800075020397
502,0.730822361008776,0.716854247074764,0.0563173494001823,0.390194165066066,0.953712465434393,0.0557554580720607,0.249675489353365,0.172031305824174,0.487172587258392,0.212092208587914,0.230996150316321,0.273226520908996,0.538357909450191,0.112025165223051,0.65169979762705,-1.47904791879224,2.25943624892438,-0.0556231860301555,0.865611181924528
503,0.952777084845122,-0.265357106370298,0.999269211366084,0.942785038007258,0.965660502195159,0.721018519906211,0.858466172245448,0.733504628778785,0.685259005254949,0.752093033329234,0.591508243410499,0.707701244548312,0.121844176320126,0.456532687222818,0.941909455337212,-0.949874767588115,2.83544484360263,0.440709310322926,1.53210417645921
504,-2.61589828580478,-1.71479159390774,0.922013661161416,-1.77110581624279,0.956392694049743,0.412609079410322,0.62071357110003,0.208597897823085,0.688138937584124,0.090200754509191,0.866441520307446,0.356797273678822,0.734060528349131,0.188117289529066,0.944651144971373,-3.64560105165752,0.10338941917194,-2.21904355006053,-1.24061718846478
505,0.43741950596813,0.491107949942068,0.0534435404193566,1.23083932167882,0.968623728436637,0.629230969525524,0.219183475701488,0.0968263012815733,0.0800624186508358,0.407548808812746,0.351732355897548,0.931771869838005,0.689329280381207,0.168989790665219,0.945233590102289,-0.667628300627889,3.12930694398554,0.658537040707384,1.77147715487325
506,1.41315626221874,0.485219385526141,0.997208554989764,0.534538536098825,0.99153783955537,0.477856020862004,0.791347995469463,0.214007180415327,0.662726113323704,0.207842286804807,0.404671527631348,0.613667762274505,0.155086234510993,0.989861919979914,0.894373837414314,-1.40883991873836,2.477916990936,-0.278890565495239,1.14674902098105
507,0.2607089856106,-0.525373068225724,0.621139144461217,0.0466347986063886,0.948931333499308,0.384874783753068,0.52052319318254,0.267787651097053,0.689246399456984,0.881010647364892,0.828070829919539,0.303131633387296,0.83343570868636,0.913124470769195,0.179579439139576,-1.81323643885382,1.9065060360666,-0.359613155944507,0.465925753727386
508,0.740612130851659,0.906461479687498,0.978254956345611,1.53221396698729,0.977690156981195,0.663867732520797,0.687696028944338,0.188368349511526,0.73543847084092,0.972519389112596,0.942404504460515,0.72262597101077,0.703443073963397,0.561753063877462,0.163491816759342,-0.384023528735161,3.44845146270975,0.904693767267351,2.14967187507885
509,-0.0435808025998394,1.45560631149004,0.999106621784246,2.35422592819957,0.985117251843566,0.577405270050047,0.848413319895626,0.741189074208261,0.0228937895392301,0.087352070551482,0.536954868770903,0.900051435052417,0.414824041646789,0.0489479774488136,0.883680800220347,0.423431594037105,4.28502026236203,1.66358939047677,2.98957434975284
510,0.718560258366143,0.713729102938581,0.0633597611132251,-0.136122856083865,0.957742769448994,0.436490025924402,0.2874974014326,0.295376605901401,0.812658216786338,0.437220368872979,0.972592221312807,0.770973815192818,0.427197485157056,0.15804658709839,0.745150017952081,-2.01326419065754,1.74101847848981,-0.612594161381663,0.350150538167206
511,0.723808083764336,0.675858569395269,0.0501592750059863,0.40860634943977,1.16411725350672,0.523069955229061,0.0653291356983827,0.277376653580111,0.849405990565429,0.889744250558666,0.944204930440406,0.136634958978393,0.265592416612431,0.293603101807297,0.136655258783023,-1.87302154121508,2.69023424009462,-0.73706619315031,1.88709948817098
512,3.08018159699673,3.0759801075863,0.0500596077202513,3.19174516530947,1.01673262087705,0.893376545571489,0.0161815291730454,0.452126879500924,0.330407797269523,0.11012320934108,0.684092164269299,0.261953342587804,0.194581290124566,0.869606743675075,0.553128648553975,1.19898584648343,5.1845044841355,2.0715225054543,3.78889223105398
513,2.94270634193491,1.84428068283442,0.508506434195092,1.07957258263164,0.992358519524851,0.306615093836328,0.496526273808675,0.482001071396866,0.971463273344096,0.810015259524225,0.00671015428251121,0.0518750173192238,0.402194551724126,0.264001758814557,0.973979605319095,-0.865414375388558,3.02455954065183,0.360778834189467,1.76211998322669
514,-0.711994525682839,0.0679046453071546,0.9953886850398,0.2824649689183,0.959513970727577,0.57385825347167,0.766154154634569,0.755352928759181,0.75459254325612,0.515679359005066,0.246840029937099,0.783236355261994,0.0146223190266173,0.847639420316787,0.445289055496454,-1.59814785637077,2.16307779420737,-0.245930974146004,0.772870464226901
515,-0.071827714473583,-0.435630020454715,0.581500914086645,-0.376850649596635,0.974136059861126,0.370227531674434,0.511951510593761,0.726090184346889,0.515695155121735,0.213450804174645,0.00821245606523007,0.852219483354362,0.455544811984408,0.537402566625387,0.134594906546059,-2.28612224296619,1.53242094377293,-0.951871728043721,0.22938505484465
516,1.15053265997171,-0.121323791170619,0.978612710953137,1.66096053372236,0.979296962511209,0.862413401417551,0.688544749400229,0.0263043536811601,0.382479292307631,0.0107939032755094,0.527453518324764,0.494822611961281,0.895429933676263,0.422531436106423,0.971405591388349,-0.25842624296908,3.5803473104138,1.02707358231383,2.30008925426057
517,-0.0983046974332069,0.308339562844185,0.758013490335188,1.51647780234878,1.02066052979715,0.410762661617249,0.55367905841209,0.848427390760858,0.906961785583408,0.0233763003483182,0.53905816646188,0.03961434142699,0.930430528624915,0.228674340345897,0.864740196539555,-0.483980076495197,3.51693568119276,0.674048828453312,2.3018694008256
518,4.23796851107279,4.2943672522084,0.104540289033249,3.43412596682956,0.952978168620133,0.875533260590979,0.360080122346641,0.531351913460763,0.382617053227499,0.241753680543974,0.812779110078118,0.248435950466432,0.121473928040476,0.492644585284288,0.243550241455203,1.56632307828116,5.30192885537796,2.989652876502,3.8965577555054
519,0.403153046840409,0.457890420174487,0.0541616534372364,0.418900485209084,0.973006378868647,0.39815426692809,0.228692039137124,0.174053395591909,0.90179487240361,0.804004847177537,0.223295629859087,0.336345298457076,0.802700988822617,0.641651826836169,0.617470223552315,-1.4881569741012,2.32595794451937,-0.183226906292944,0.985134433902659
520,2.98388741628759,3.0251318086094,0.0501176254522371,2.42628701443442,0.99211701187134,0.709263039285201,0.0501706001494313,0.133485620832536,0.309583840306965,0.664519338671467,0.276397885033628,0.667778821302345,0.506246941417223,0.368537336300127,0.538176976906834,0.481773402717095,4.37080062615174,1.79887925199619,3.08866492701789
521,2.90803122323785,2.10533396722237,0.988320823937055,0.758804752689151,0.990385249739212,0.918183247071458,0.719314224397764,0.844638650455163,0.665835755431792,0.907974342204281,0.819241122679436,0.342956711550942,0.697149571801419,0.77089084883919,0.945673387827352,-1.18231466761941,2.69992417299771,0.0619574201580906,1.46541589045191
522,0.501140344331946,0.437954666795491,0.0515519873412381,0.718337847135364,0.949802693976954,0.290622386179399,0.179235464374768,0.415636143044336,0.384623119733646,0.452677411869634,0.760101693965262,0.43642252398585,0.768115191591438,0.0336404163839761,0.181747639720445,-1.14324122547858,2.57991691974931,0.298272120411953,1.14905320370621
523,0.442565745027695,0.324247265213495,0.902409649344765,-1.08395888345762,0.965221398709638,0.265666398704634,0.608364429903682,0.00212284477474168,0.4099056471691,0.764036650436115,0.167297832261771,0.123918875793344,0.531057453678572,0.874115348549793,0.776197063081665,-2.97575806203588,0.807840295120651,-1.62264561766547,-0.529614341724136
524,2.95977576453593,2.97144919233314,0.0501422093875944,1.69536028488313,1.03951576897826,0.587023851075093,0.0596616486874409,0.912882869939669,0.648433772492921,0.823163688703556,0.821906549975974,0.411878124524374,0.22677109754656,0.713136357928859,0.187525257025263,-0.34205318367572,3.73277375344199,0.823231178888352,2.63131774283274
525,0.803390085627782,1.11939656998652,0.999463206301452,0.404667831251744,0.97340675920055,0.31842950294842,0.873901910560555,0.155397920653224,0.26843270063994,0.0396130556931021,0.437607051464263,0.33297887911275,4.15041076485068e-05,0.284778951504501,0.129435665374622,-1.50317435908919,2.31251002159267,-0.210359511683399,0.986991980556409
526,3.70857730815865,3.73830269427967,0.0505953028592153,2.72768852365267,0.964397754908648,0.571171378103201,0.131273992527975,0.894825561643578,0.20140512254159,0.473192600360839,0.0943217501165345,0.606599778235308,0.672177303815493,0.611751990741119,0.621690620985581,0.837503657260435,4.6178733900449,2.19942287014437,3.26109395457547
527,-0.931203308094627,0.202922039065492,0.555125936342088,0.316200332723499,0.964494876206109,0.579845304377377,0.506350826899172,0.0193579513966106,0.153684065785958,0.491306347484933,0.984533239670447,0.412476513698813,0.256187420974602,0.955981562544825,0.327155844324036,-1.57417488791389,2.20657555336089,-0.238442887784145,0.848948802325514
528,0.670950151139496,-0.00855337762189734,0.96375187929547,0.820029961120162,0.979264897715946,0.536983570168144,0.661358576521161,0.71813789177849,0.74072204609646,0.621502431988483,0.747219137642183,0.963040703888517,0.0685602146202,0.313347246814519,0.48787109211483,-1.09929396972739,2.73935389196771,0.226844735041461,1.48827672159639
529,1.27775812276399,0.835117905143818,0.406956190867041,0.85627389429501,0.978184070908647,0.232619955048664,0.474617239310057,0.109453887490788,0.143562759088585,0.198009989482467,0.840975820902386,0.791188474656665,0.602795353445225,0.679068872074713,0.905265514610335,-1.06093165493671,2.77347944352673,0.240955674071959,1.44442361909692
530,-0.139704795850152,-0.659195421573568,0.609826508357574,0.538031676509992,0.976315784770483,0.43717226134357,0.518051771932631,0.245267684162012,0.246927154362435,0.159755568123888,0.479644213585416,0.0774147511943011,0.425944132623379,0.510411761042313,0.226980066482676,-1.37551209917811,2.4515754521981,-0.0729076141543665,1.12884654148053
531,-0.86379049155573,-0.823879626250299,0.0558480455507946,-0.695398564517695,0.961330574933957,0.287922317049466,0.245791019482655,0.165145221550134,0.535750912867952,0.691196399268461,0.152868469316978,0.255215062769246,0.287869648410124,0.118434089847025,0.305944344116491,-2.57957186862543,1.18877473959004,-1.1954824854536,-0.142204986749576
532,3.68583558715329,3.7483820200935,0.127167409852655,2.53283775846491,0.959616910110803,0.698085302178282,0.378711672107223,0.56522365797509,0.325973726414028,0.529681975331856,0.339135546790319,0.124864314977895,0.0702643396813655,0.90415991121612,0.414220602347166,0.652023175692127,4.4136523412377,2.02495980244905,3.02294358730605
533,-1.50649939644982,-1.55130309363063,0.0509247125970096,-1.39475673726525,0.943650569285419,0.351910443249508,0.153311978772283,0.382847998463083,0.393982945236377,0.681057210353436,0.26047579329391,0.378335382623714,0.267780043418519,0.822347701410647,0.443655983521952,-3.24427786705539,0.454764392524892,-1.76894040114738,-1.02852757314614
534,2.16667957346372,2.17941519716497,0.0503112436061332,2.21910400440731,0.951201929775732,0.0663977514691651,0.098834315998829,0.343134398850729,0.074850333665614,0.62533292268787,0.128460566051537,0.0172133099187631,0.80445441791357,0.318696851540939,0.856190957097453,0.354782480021882,4.08342552879274,1.78874508833679,2.66010823861614
535,-1.4654995594708,-1.48309011723085,0.0500527521590623,-1.64027115001476,0.953696576227184,0.203509031981928,0.0100721484081587,0.304924647119595,0.918894088109024,0.475863562479382,0.226918240797473,0.215614009819808,0.707385729592643,0.606263014063472,0.929351582081639,-3.5094820915992,0.22893979156968,-2.08973993365538,-1.17693067265229
536,-0.095001599631976,0.789000406806297,0.999052448742164,1.26396954072809,0.959732754609923,0.696979810942197,0.845466915498488,0.788201109110843,0.352702068380779,0.60222791966598,0.883682026220486,0.0283767500382382,0.0967796812190209,0.0390856618221151,0.761848365776474,-0.617072093090773,3.14501117454696,0.754048664594078,1.76875698623305
537,-0.438023120885104,0.0917790805727006,0.996757949089047,0.90395612442125,0.956628066376272,0.279007144004689,0.783841866808943,0.32388316292048,0.113952386147459,0.409668269559741,0.270486199268023,0.414212334877928,0.144118588283309,0.672344272848917,0.575231420389144,-0.971000432276435,2.77891268111893,0.440790297759499,1.39609027879203
538,1.06719479831653,1.04068235727134,0.999873165661951,1.41122354783446,0.974532935463402,0.933045809036703,0.946060096734436,0.491404390330659,0.174813245078432,0.402072655813768,0.922459831575514,0.628365510464995,0.784283726150054,0.216317463506246,0.30022338024585,-0.498825907421906,3.32127300309082,0.766587034279593,1.96666085275933
539,3.0295070141173,2.94190014152158,0.999849440891226,3.32873566273026,1.03384004261775,0.688851076978957,0.937485150566557,0.0124076680638827,0.452298207649728,0.670662232158473,0.318815937302075,0.442319460496772,0.694094079773524,0.135350203578942,0.501002619694918,1.30244641342411,5.3550249120364,2.51069072423698,4.10900721841383
540,2.09667960634539,2.08098167445151,0.0651005896625528,1.51865910071823,1.02364708711071,0.323859557477292,0.293714742629207,0.794838964816532,0.875048799905344,0.123949873311794,0.314192966008908,0.420138238313026,0.921543666991638,0.697480634775013,0.0949037493480137,-0.487652322898091,3.52497052433454,0.585154000567561,2.24683513806397
541,0.908083136737358,0.88931323081669,0.0502106041592858,1.3331484743037,0.978595625477612,0.796534439430339,0.0792992399394279,0.238612163740559,0.37966106438858,0.941687820967752,0.925773062410881,0.552392672690446,0.130911329589668,0.575226591940736,0.938997204838786,-0.584863707060871,3.25116065566826,0.720726528458022,1.9646242538196
542,0.755449937528544,0.812412291813851,0.050197102260083,1.00494247839532,0.965431992870364,0.259694336807821,0.0759856457393616,0.869223563129199,0.462428063512314,0.80334789927199,0.866554374885163,0.400134180934867,0.318416983151925,0.666934798898175,0.591103240174241,-0.887269457153324,2.89715441394396,0.390400341710863,1.5149554959731
543,1.13879089384466,1.06233268778344,0.0544821508635392,1.43461802492122,0.964853712698787,0.0152799104392761,0.232418513438781,0.325282673222479,0.411915138060227,0.903106772012077,0.740796571944025,0.0164304942057934,0.949813687018584,0.906101264502387,0.0354193854882615,-0.456460502318161,3.3256965521606,0.828174300889807,1.95273048742893
544,-0.522461889508511,0.255948887519396,0.989648595535965,-0.0140556545421424,0.953453057514005,0.251029968622024,0.725419188166037,0.574644300874788,0.892770006482489,0.721482575571514,0.343596169329714,0.282471970690996,0.729794123159838,0.272428302148706,0.4922885348649,-1.88278930821919,1.8546779991349,-0.478545318790325,0.421440089084186
545,-0.543558326419709,0.0420218356632564,0.626064241730166,0.120092417819233,1.08744740942038,0.798943308741553,0.521606758596492,0.778687027222128,0.0983751494506141,0.972121614284581,0.71985128909233,0.552750041388441,0.790065521620796,0.458443548604846,0.247663106095279,-2.0112653397261,2.25145017536457,-0.940391171744545,1.20730163975375
546,0.388049729513412,0.429694176582171,0.0505356192157823,0.786279137963526,0.950950595395045,0.787701105446555,0.125988509770599,0.441422452917788,0.195168925601058,0.0860825713915983,0.771911290078657,0.684645099458401,0.130264962046989,0.196058067281498,0.441865808378905,-1.07754978008768,2.65010805601474,0.35694086510067,1.23538825606192
547,2.5263473021058,2.49198453830891,0.0531091654266828,2.13464657681593,0.957024184207944,0.0921033603620017,0.214058526354493,0.324373595202924,0.046421579618589,0.223463229158544,0.51853006367234,0.140982814734802,0.888733697671443,0.0629140094486065,0.485346326846862,0.258913643434531,4.01037951019732,1.65641128987165,2.62683045572933
548,-2.73527598293772,-1.78514759851295,0.999029802964829,-1.43246575184727,0.967123231811594,0.127504916127538,0.844284815089311,0.968865083098412,0.452643535930314,0.833229790533427,0.980186576334527,0.384293860247126,0.849751306544757,0.605080318425898,0.101714050056646,-3.32799245480997,0.463060951115437,-1.98739055607481,-0.877088928727198
549,2.16176868734877,2.2004402267077,0.0538967930644473,1.2401801963774,1.00773354037005,0.484872663500253,0.225390113117988,0.223445252622128,0.0775351767183747,0.843397975269239,0.434743354831473,0.185751940378454,0.965894952804549,0.804885316964472,0.890514650038909,-0.734941248760943,3.21530164151574,0.446164832869082,2.00095507327429
550,1.1897161920319,0.334157545438735,0.999923541261507,1.40010386196899,0.95236427802012,0.0106202577548102,0.971369277411723,0.818766243402497,0.64642124858743,0.435913358189864,0.509187200572109,0.686202002036502,0.530179297888419,0.252000430671498,0.595322051037336,-0.466495823112933,3.26670354705092,0.960793670250885,1.86092411915682
551,-0.201579530844261,-0.180370191084639,0.0520054150255392,0.0687689027338277,0.962750217519508,0.327680150551023,0.192075112221646,0.454811294289073,0.385980299149756,0.444798128663329,0.692177711070748,0.484706250100862,0.40374821455311,0.149926072392729,0.95994996093004,-1.81818684971251,1.95572465518017,-0.425137420740849,0.618988041040965
552,2.21689355905698,3.01861443667278,0.996948577276569,3.04912386877787,0.953710452803977,0.744994665912469,0.786881842124858,0.988652947288589,0.810475379091105,0.393258065300528,0.247002001148066,0.640419543680386,0.886978313588304,0.737148065473069,0.751806040571188,1.17988572960268,4.91836200795305,2.54732223814931,3.4867681048852
553,3.58382436473888,3.60900054634109,0.0503788626770462,1.97786534666039,1.01671213714714,0.612407579588238,0.108667771425797,0.169254295619205,0.792411744548939,0.70178633860522,0.525872882826254,0.887887709166505,0.758273442382575,0.951477385065984,0.00431491002335679,-0.0148538247927548,3.97058451811354,1.22044550726853,2.82038033790589
554,1.64847787429539,1.61728958895309,0.0513975876046695,1.80803729863072,0.971887026448595,0.68815064677794,0.173987892711768,0.81057893591898,0.912319754728465,0.5200523377317,0.21040858711442,0.845743807728752,0.453559310996556,0.727738026737236,0.33462063328526,-0.0968262702502543,3.71290086751169,1.22757378135433,2.40437756906067
555,3.31890426362482,1.97573411045265,0.429508161011692,1.51848562471433,1.00003052485086,0.461932492793421,0.479618861853145,0.773493746914552,0.137930331347277,0.214855589190149,0.039993698125123,0.255511989556369,0.604308457458625,0.698123504731222,0.661359159541433,-0.441538187434048,3.4785094368627,0.787091987735935,2.21960803742058
556,0.828729927415902,-0.0710657108826637,0.989094341314775,1.2903136180401,1.02649753185128,0.960631652713055,0.722781707209302,0.20714251445618,0.477250518761459,0.571570566297625,0.77407064103405,0.973919947532355,0.599608506377554,0.809524662355427,0.0515322827073978,-0.721584574607667,3.30221181068787,0.621237172085677,2.30526826073943
557,1.67098994070682,0.649712962278938,0.844889708618249,0.793418020735275,0.97268632386368,0.574011227074545,0.581703347627423,0.530085665905732,0.969647961317794,0.0319632840990089,0.448735163796577,0.521744202172151,0.509605549115804,0.474496814657585,0.0401263119733194,-1.1130121422922,2.69984818376275,0.201253236020794,1.39587407684482
558,-0.571096749866455,-0.54805455356214,0.71547540524962,-0.471257433305766,0.953173259390366,0.077255931072752,0.542484099074383,0.281562870409107,0.179832664311863,0.233050131598138,0.333111163180554,0.96406726623443,0.180140819524415,0.760053656149423,0.0873531385557726,-2.33944269273754,1.39692782612601,-0.93069684040618,-0.0218667192847812
559,1.39275743912497,1.30251224176162,0.12425613379057,1.01740063186568,0.969584798768091,0.514290251243976,0.376622336311731,0.27908445875335,0.199264500662684,0.626087124475511,0.138055682409904,0.59902644361963,0.103543285904452,0.454969505048473,0.208467282738653,-0.882950653677296,2.91775191740865,0.425368035081968,1.57162952869869
560,2.19525575390757,2.24676907342122,0.150339155326414,1.89467513655778,0.970128298455759,0.475645193130593,0.39318593686563,0.64236891409941,0.185124804947292,0.786409173520282,0.484818603918306,0.981101999522187,0.757094402546645,0.0559077858806122,0.0591596771837212,-0.00674138879863451,3.79609166191419,1.27945672264629,2.43329419467486
561,2.3484087635433,2.00093543503633,0.999924202463574,1.85337392281161,0.964313272705883,0.365578117067111,0.971803584118257,0.342359444479225,0.0639680291645927,0.678645078293164,0.320826132340124,0.376593941755826,0.288080527664511,0.90088041457755,0.678877890774515,-0.0366453615058686,3.7433932071291,1.28355720461934,2.36194666492358
562,2.67662933460741,1.44297562669613,0.999940536297786,2.87442118994586,0.98577925062856,0.783156562753953,0.983939429433318,0.322427024548408,0.819794059874839,0.569212527268101,0.588155316918506,0.34460255650233,0.426975238320301,0.966596003076062,0.554633490379201,0.942329362007002,4.80651301788472,2.26612418790765,3.59825124536068
563,0.130896448942271,1.69996612134278,0.999405053086142,2.17092500402289,0.959226507071926,0.58622311049595,0.868755931316293,0.583625772218453,0.0805590357449837,0.480590519475401,0.327527773497975,0.704853216657881,0.00165077841386665,0.205260130437091,0.298274059185293,0.290875597145765,4.05097441090002,1.6722492205514,2.68856389590428
564,-0.0855124489358814,-0.0653379384624611,0.109394939059009,-0.120875533348602,0.965776072535952,0.463319083724869,0.364615397311049,0.552809171302244,0.235807206310565,0.222146889471216,0.309154112719232,0.368398729855311,0.983650768586202,0.544958517059684,0.46046863306663,-2.01376185264961,1.77201078595241,-0.670430233198394,0.423725039617254
565,1.98971443492063,2.08746552538602,0.053812585508719,2.27777722655215,0.973433516141043,0.714809491272084,0.224293345409911,0.235768452068325,0.0231114276791923,0.926339141572826,0.641494067016523,0.406455159831094,0.493397174016456,0.556600280545186,0.239057303580106,0.369882593571517,4.18567185953278,1.70856862380601,2.89877126342141
566,1.2132082798141,0.931562173310407,0.999934878015869,0.310414191826483,0.986450610926177,0.488411984540755,0.979394326084759,0.123315648669377,0.543535261291079,0.389721018737997,0.272921669353149,0.102700020703953,0.869175740647595,0.4831170704494,0.923355081828195,-1.62299347811636,2.24382186176932,-0.336504188392925,1.00727316348927
567,3.34335350875454,3.48433696945318,0.999892036295934,2.5570259281305,0.957290319038851,0.898254234445514,0.954115425697062,0.560324031787924,0.574891087893513,0.661382936501177,0.794982158346917,0.436657336483942,0.549353156252881,0.56224123750499,0.287115150694852,0.680771380065496,4.43328047619551,1.99678169565307,3.01499038865236
568,3.19682449747991,3.64389268367183,0.977166483421377,3.55087931092039,0.998539525655864,0.565270895056659,0.685195183064905,0.820201992531074,0.590915419281577,0.885153226004331,0.760964310219046,0.341072005276918,0.181185962019837,0.407326933088014,0.177364453477901,1.59377780349519,5.50798081834559,2.72407632916467,4.18946740472469
569,-0.0130541277846615,0.711347642351368,0.744542766013205,0.960241460572678,0.983400556632965,0.440158010560437,0.55000993622269,0.72183660098433,0.940186652069679,0.357146318915533,0.791766064605094,0.0097529172153445,0.778902852334664,0.332297590476461,0.695202763243229,-0.967188212804575,2.88767113394993,0.270599024176798,1.58877192800932
570,1.36673924744226,1.53882033666057,0.836560445603317,2.30646977601139,0.972639908122369,0.82527126299392,0.578561317467829,0.712914182602195,0.684882070004358,0.836931187790935,0.492490397495567,0.520488833584124,0.105535787964822,0.517411821752437,0.134277127170353,0.400130586165198,4.21280896585758,1.70177005994439,2.87554169736992
571,-0.683082227447571,-0.709734270209111,0.101247504214733,-0.493956725892873,0.960539954421098,0.449602798202774,0.35678296163003,0.0616124227625551,0.989239159630495,0.398839679068071,0.210594354079687,0.276540158253396,0.603762106609182,0.564685182357789,0.921491814211593,-2.37658044226997,1.38866699048422,-1.01871032875768,0.0173462896174632
572,-3.64293262421698,-0.815848486964758,0.999758198182231,-0.8680398817934,0.984821539012071,0.397787210781127,0.913792212357162,0.077133022445254,0.916986473831697,0.13410428561829,0.0361333038201556,0.732288061762461,0.322106649525347,0.879130618039635,0.777353747807676,-2.79825462945637,1.06217486586957,-1.51249317557463,-0.175413493798258
573,1.59010095310359,0.585733693280954,0.988006542443803,1.43135485443305,1.02275678839137,0.0787198862363584,0.717969781320426,0.506508602980641,0.0399550458532758,0.806523382426472,0.644412513926975,0.738995737361023,0.342907753246604,0.541578422526363,0.609576281169546,-0.573211615757887,3.43592132462399,0.468575223662827,2.08559547297424
574,1.63805470343096,1.63263995313363,0.0502492145698485,1.48250414920593,0.960055188169129,0.330944385528797,0.0877179676827509,0.732883240968338,0.359569545542472,0.821888637535856,0.822359817664372,0.268585239169537,0.763288567287964,0.896736863474827,0.561739647752722,-0.399169442776382,3.36417774118825,0.995064063169286,2.01223927572718
575,-0.697486251458335,-0.710167668521301,0.0502518683685286,-0.3174495887286,0.985748303967156,0.505712340181461,0.0882477250052616,0.988178612652002,0.190578319315799,0.757748375458992,0.605255882845959,0.318799078954849,0.487507983442396,0.632715004837024,0.199984486792702,-2.24948076232567,1.61458158486847,-1.01562715542513,0.352952694824794
576,1.23360310831043,1.27943662846858,0.101965755636584,1.47480688105542,0.969237205389308,0.0623569486407796,0.357518837729236,0.746174159051501,0.39075732975069,0.902530999073526,0.929543806762784,0.367204158645938,0.531972075784113,0.139373563411529,0.190554523554049,-0.424863133983871,3.37447689609472,0.932600171749058,2.06134047965957
577,-0.435573079136217,-0.485025119691678,0.0509874241733396,-0.643826743739625,1.00548663770295,0.324690020079259,0.156596118908492,0.271545107122161,0.996595587968244,0.687493770744652,0.532267304392415,0.25802654128836,0.845389998129103,0.809454982070834,0.924389337254222,-2.61454434057369,1.32689085309444,-1.52569705923794,-0.0208807903150057
578,4.09081636843179,4.01183482761461,0.134381884219256,3.60113383971195,0.971716610341644,0.869628478392493,0.383595445007784,0.348569210577291,0.262312516539823,0.221145578045398,0.691736554422881,0.597816653918009,0.334292629370815,0.565929675642052,0.389826872176025,1.69660428026298,5.50566339916091,3.09530311598713,4.19915570734364
579,0.898693185969487,0.999995747450687,0.999510886439727,1.83940824012152,0.97272353756688,0.769320032168762,0.878555379125173,0.930048937885673,0.259509236463229,0.0472836632316466,0.154188879762311,0.861598986112513,0.633458268826478,0.420408540422562,0.89670186407899,-0.0670948604239625,3.74591134066699,1.25666871873221,2.44321445321537
580,1.2989608441479,1.36595143153882,0.0645203586696626,0.779164135361182,0.988197466183725,0.562934627767769,0.291724616386113,0.206836909615784,0.541901073208079,0.860821132321842,0.84550210160017,0.301886318375124,0.196273029298405,0.053107993341866,0.162559560554684,-1.15766730797266,2.71599557869502,0.156963573668358,1.55899306784821
581,3.20859400602666,1.77813954319233,0.557007113607066,0.542689923515617,0.985682741503751,0.449082675462123,0.506748566108174,0.634253082356183,0.350242825960857,0.0133338184043532,0.567632123264251,0.76829903458606,0.418882544167573,0.221380567453802,0.183192358838627,-1.38921275001444,2.47459259704567,-0.0412741138528001,1.30347948919929
582,1.55135435676407,1.31239556502825,0.227821864116023,2.28869909032408,0.947453847927895,0.0246152551614214,0.42657835082151,0.280212528807228,0.0826899092196254,0.442212634327589,0.359040101168444,0.363115469680284,0.441461168261827,0.415544597264146,0.105059565141681,0.431723671371517,4.14567450927664,1.8775583580027,2.68915034889464
583,-0.0138598950544459,-0.0445296765503011,0.142084635870623,0.874663397171678,1.03351260531183,0.285834281303803,0.38841013289243,0.79023606937076,0.130156841493095,0.0605226512587396,0.185855731002986,0.886569200712955,0.703543882649858,0.861104804808856,0.252466277193162,-1.15098408680767,2.90031088115102,-0.0343882103751687,1.71821702756434
584,5.05352580166209,3.44065620016115,0.99856553207528,3.29462222406462,0.979155869241913,0.76134039385675,0.824707844046177,0.177641519143595,0.258193660959601,0.579226702198386,0.271878209547838,0.478244959046599,0.849305497406167,0.298086764007574,0.511160935243126,1.37551198509946,5.21373246302978,2.75679352810112,4.05184246139654
585,2.73577028222303,2.68288788058068,0.0500849576385324,3.54928295875584,0.945538262776751,0.924064883858315,0.033901246578549,0.549830913899001,0.65523798065132,0.255417607953423,0.633070317537873,0.314365095624467,0.145277798874304,0.93997725798469,0.0938950376915745,1.69606201770884,5.40250389980284,3.15896333426565,3.9448941122613
586,0.0312571787156215,-0.165548960701713,0.999914970876175,1.03021262912711,1.0182792611902,0.768011346735293,0.966056696209707,0.0110852400795557,0.604416149346274,0.815963494867552,0.422518831891124,0.829864921296714,0.683376797674107,0.567741726664826,0.0689622249321546,-0.965578049009732,3.02600330726395,0.248793334789247,1.8969280386329
587,-0.822350672071959,-0.430264801470564,0.998795061083229,0.156345104840947,1.02495736733245,0.0650003425804898,0.833438197430689,0.959225251265336,0.232150716973585,0.195059487250517,0.323004806748591,0.057810838658479,0.292162036008784,0.398202757726074,0.826157683670172,-1.85253442081965,2.16522463050154,-0.64227347241066,0.972437540949232
588,2.76851350223753,4.05719093413873,0.839997636273828,3.97276296584339,0.962339556759688,0.950871604944579,0.579842068249243,0.162823411661666,0.594904923481052,0.103529920743546,0.458843024322996,0.265010236407863,0.390617049867753,0.00627810453763232,0.162135654652957,2.08661209369616,5.85891383799061,3.45465266706897,4.47936780536851
589,-1.91244044630955,-1.85964385115795,0.378082991560924,-0.740874053025382,0.964165199803476,0.0692339237006381,0.468022997127031,0.695069937150693,0.693174647816108,0.510633460108656,0.955255216231337,0.673129755395581,0.177847296535503,0.304737515342538,0.905910296925809,-2.63060311978706,1.1488550137363,-1.24202032219407,-0.183313473013045
590,1.43793161925741,1.52388371399186,0.0505514298152337,1.6213497148278,0.966058311366058,0.292071716983686,0.127443896319717,0.355911677356693,0.0934200063229073,0.559005872375448,0.420506116055883,0.502822750150692,0.036082228921121,0.167934278182918,0.63850351759512,-0.272089782415252,3.51478921207086,0.969961867332425,2.07843183143002
591,-0.300597615197353,-1.72131786989441,0.970511367006119,-1.54500881583016,0.962767424017781,0.0683072530293139,0.672046224123915,0.566091637962731,0.817078174201539,0.689958674385562,0.25344113793259,0.998465203648666,0.541723263658001,0.992503282916849,0.797753152954043,-3.43199829239341,0.341980660733099,-2.0588469227444,-0.991042808324395
592,4.60355921036795,3.40702021880027,0.98569201643361,3.19869354359487,0.965727262905086,0.733461841117241,0.709023435361218,0.956675131864962,0.850828912407276,0.240166680969414,0.269989033891587,0.683980483936495,0.0661864891219884,0.587789134771563,0.836262590397499,1.30590288941246,5.09148419777728,2.60094444329517,3.71188606294545
593,-1.79113757034427,-0.976665544909534,0.999114826471787,-0.0890916754443167,0.986522572074722,0.389082619578927,0.84887506823719,0.836604633145267,0.804533297486603,0.933956391784246,0.53621174907824,0.308056581127341,0.0860200883186189,0.438677077724249,0.28470382752188,-2.02264038664659,1.84445703575796,-0.777560853327814,0.568936714860907
594,1.59777916863696,1.50753262925888,0.199618409293482,1.48830119662732,0.949316275013863,0.0470864343398716,0.416149975620792,0.936942264030105,0.647390856458107,0.175858494001324,0.547700916357571,0.352810910477536,0.706692129336065,0.536542230030522,0.780016417210805,-0.372324512337573,3.34892690559221,1.06399910143603,1.9183074129098
595,0.0855973857842231,0.286763922355409,0.500822133649158,0.777539598822654,1.00173410967398,0.5995997587241,0.49490552008641,0.680759311967879,0.876895734665799,0.0849962657936849,0.15141812386224,0.593193029472255,0.502504779416951,0.876382804048131,0.479515495791333,-1.18582317822365,2.74090237586896,0.0738031241413922,1.58449606628575
596,0.832933537592289,0.805839268781406,0.0835928531990108,1.07552694870079,0.941594497100678,0.895712624146021,0.334692629630328,0.21972450116009,0.678549557314371,0.298572567314724,0.366639788959874,0.8356743365929,0.239038387900568,0.392974443747546,0.589078160732402,-0.769964353657641,2.92101825105923,0.72490665522933,1.41618544463766
597,0.870200853402293,0.854368561439838,0.0500524264989183,0.877290629662251,0.976258941242528,0.682004955244018,0.00976250458916184,0.481332190584159,0.984277115116362,0.0254944420576794,0.623258993552998,0.0659601297231857,0.600216143244295,0.123479025948094,0.175807721446734,-1.03614173475831,2.79072299408281,0.302357696496521,1.51438338547803
598,3.43778162762657,3.4658192851567,0.0827765532225063,3.5000361046471,0.965609683878419,0.666050070895464,0.333418115245295,0.402637120251078,0.105870586224017,0.812821515666437,0.922545441601542,0.372691834426834,0.170125515058404,0.124289495478035,0.757397871452267,1.60747590112229,5.3925963081719,2.95252821383273,4.04707108725644
599,-0.251801644065283,-0.341922496991875,0.0531851472266254,-0.784757454642511,1.02971759961949,0.55990471564373,0.215269747404964,0.917544572753599,0.946073576018331,0.929393564660568,0.583487916711951,0.0721469840203645,0.916800305061741,0.824303959952202,0.0164996676190058,-2.80296686414376,1.23345195485873,-1.60663612443197,0.169674360278555
600,0.0752432465426189,1.43319283978167,0.997118689359306,1.18361557415317,1.01310675683732,0.47394728330255,0.789758957154117,0.851467778604245,0.899086780270794,0.251133678091923,0.929442743830965,0.805039958797395,0.800798327508033,0.999110421951627,0.264797846365138,-0.802037181742149,3.16926833004849,0.429720436864085,1.97591309469002
601,3.17172991468996,3.25435043057346,0.0532208033398437,2.4025708470223,1.00271778795616,0.508698992954916,0.215828245386481,0.847880674113752,0.976349006365403,0.388778979869909,0.484434937328333,0.169106901397463,0.242089013351826,0.366188664957765,0.0650933314542053,0.43728009597056,4.36786159807403,1.7152109782766,3.17829537265328
602,2.93647042115831,3.48661653576022,0.648355166415526,3.1835947429292,0.994661846404672,0.624959639740759,0.526578141534934,0.493471854156698,0.952058231961331,0.987204187249532,0.669574915782432,0.528329633908928,0.264982645143988,0.28988397200813,0.970740402130643,1.23409334717993,5.13309613867846,2.48914732133526,3.96585724690118
603,-0.61800982234284,-0.0934486726882764,0.949180429594596,-0.607897039152695,1.00346480997549,0.453284071447561,0.643660109503195,0.143977290488663,0.174127494137152,0.538041712513776,0.101879008464166,0.764575415594387,0.528404458800214,0.113678699951502,0.459935935775749,-2.57465192645799,1.3588578481526,-1.2451206278895,0.282348211162866
604,-1.00178740320097,-0.981568399706473,0.0501082218330009,-0.434410748313458,0.965558027189594,0.165412898249575,0.0460039895215305,0.18630345231609,0.265066300302162,0.181602558125509,0.997722859889851,0.110629020985682,0.228474945599912,0.196823578168405,0.85021403582592,-2.32686970658861,1.45804820996169,-1.00701515228636,0.0924130205648478
605,2.70429053113638,1.84893896730308,0.997625799869441,1.08402268089673,0.962427153050736,0.885353762798477,0.799464955241303,0.679127173987334,0.400237314100144,0.339629336674348,0.907356680744444,0.377077895126073,0.969757646273472,0.807168431762606,0.634971044524107,-0.802299876826128,2.97034523861959,0.556640569160975,1.61376845590947
606,1.22307587303808,1.27338282622753,0.955302734312405,1.71237384665884,0.969636924555347,0.946294256156194,0.650417853568331,0.266216706010513,0.0276383237608243,0.566513811275247,0.435369193785242,0.468189893711009,0.690059040243621,0.321342987572774,0.984061822471442,-0.188079603549824,3.6128272968675,1.14164171716787,2.29275430847976
607,-1.73220677119899,-1.64957682096443,0.997408790935635,-1.55485728571738,0.962687965344471,0.174311949353083,0.795080304122763,0.263744451015838,0.818746418274008,0.164398849387653,0.00397969809756614,0.394637890809914,0.939203589282581,0.65814712299814,0.91213135356945,-3.44169102614269,0.331976454707926,-2.11473891478794,-1.05813242090897
608,2.51936454422221,2.43964203330699,0.0502944674897004,1.11157031318802,0.985794380875133,0.194918307800428,0.0960630677869776,0.779395471489173,0.869423004793585,0.207258815667941,0.106396922861924,0.0747228729369817,0.31604963065288,0.368011735584121,0.217216600990389,-0.820551169489202,3.04369179586524,0.501216434563746,1.80503682997035
609,1.28786691137701,-0.290696875699836,0.993515848281188,-0.142765423310572,0.973243073649043,0.489472745589796,0.749012607972254,0.623169320524437,0.727750475739595,0.23032340906118,0.731032701179502,0.93503529572906,0.903758493973059,0.576734761456028,0.168778855192591,-2.05028679586576,1.76475594924462,-0.696170311446197,0.452060645673628
610,-0.0624246360541306,-0.0993658014664535,0.0502279293310784,0.718248293290775,0.951538612698886,0.581341633168515,0.0832529160160339,0.259920232456527,0.768954839307233,0.485256705291104,0.775945486980723,0.740282743827091,0.360329015713884,0.781284341140185,0.40136424679833,-1.14673311749825,2.5832297040798,0.288825237871629,1.16986867422054
611,1.18709817084807,1.26308005733988,0.0505627415465956,0.866701158465365,1.04345948965887,0.788289577144082,0.1284597864768,0.425576714061666,0.794126806158107,0.532560343764955,0.291217182659544,0.815469642618904,0.910809942758759,0.435193559766165,0.46568294976349,-1.17844186059256,2.91184417752329,0.222544000436582,1.87152074451196
612,2.16855662476516,2.11173993962219,0.431491032003174,1.97190728175642,1.04613923804842,0.696252965648426,0.480053512767074,0.645691147446865,0.538297153174877,0.145925880415714,0.56058432124008,0.910343137365649,0.946223705021548,0.495656699799583,0.556707690415671,-0.0784879476326508,4.02230251114549,0.971322151467032,2.76186016704516
613,2.89011290738904,2.20582217183811,0.596342288801713,1.81719712502745,1.07988956312133,0.475186452764203,0.515133920627879,0.60414651326579,0.188588254021714,0.067706884238054,0.0848345858146204,0.540025774734328,0.122627990181558,0.720853786044521,0.934649261177168,-0.299347525971045,3.93374177602594,0.366656598073485,2.65567205953094
614,2.11772850321572,3.27623342399394,0.998652349948126,1.67649401470908,0.9962670056607,0.814479310747702,0.827834001255222,0.779911536269006,0.274142197293579,0.0642697594454512,0.586897833647439,0.987284254896455,0.72337787511549,0.925008296376676,0.248372191784903,-0.276153435371455,3.62914146478961,1.03974254515554,2.48280200499829
615,2.4515637366482,2.5478593959213,0.0971623525997229,2.41663407765187,0.955892174909531,0.117496661691344,0.352402660756605,0.918017767327372,0.403583628443652,0.404687124980381,0.274470511845546,0.13506981509144,0.120416351846885,0.653748405732214,0.0648346338137053,0.543119841725532,4.29014831357822,1.9154838219132,2.87309396105393
616,-1.62924998311928,-0.820061197425337,0.995007466097761,-0.430531539692031,0.995424966442198,0.114473539557075,0.76216246255883,0.940005584158236,0.283543236785801,0.719961786845699,0.490365660406067,0.147772196911625,0.263293563516112,0.897943730899831,0.51387607996806,-2.38152862323073,1.52046554384667,-1.20281708478046,0.210690734437065
617,0.92647153878387,0.796157700761706,0.088052487813972,1.70998054941482,0.989407331919883,0.697646663219668,0.34116920144693,0.821892659401055,0.682302269293112,0.151595286422526,0.25026668426767,0.781701267583645,0.367927517960081,0.864103482073988,0.402996759135742,-0.229222187188013,3.64918328601766,1.02624803813322,2.2797086370482
618,4.07708040660148,3.53582710027628,0.995663801268172,2.86026296961057,0.959852895440705,0.677821843445999,0.769244451001636,0.082614077201928,0.839778902485035,0.20334577117546,0.862825837208074,0.220467822032049,0.553442061257898,0.767983001977904,0.94389335230377,0.978985864090295,4.74154007513084,2.37305662340278,3.40626775223569
619,-1.67519133581215,-1.41211825454224,0.372579679314408,-1.73926583878267,0.99523047598295,0.430480975459679,0.466736674470245,0.862170167279779,0.020014762969804,0.834566316335928,0.410441874570679,0.855683767026872,0.191793692182051,0.234900252219406,0.0462274621383986,-3.68988172802591,0.211350050460565,-2.43208952604309,-1.00159180151784
620,1.27404188616271,0.960430325121049,0.998952774644349,1.79292335489206,1.01185317046389,0.700786083581741,0.840460744298063,0.122512300304719,0.961290717895143,0.147648197802133,0.351245732804411,0.906914565684157,0.366520244943444,0.391609095161664,0.426088706590584,-0.190272416859828,3.77611912664395,1.01376006239868,2.60175406539077
621,0.16915199732309,0.0164629843735474,0.23354808478269,0.908035975436125,0.997517936973663,0.293109081511619,0.428535235607764,0.783078742524376,0.609385733978124,0.382010133242235,0.802198994306265,0.213658577978611,0.160471126733464,0.103948701410787,0.183771573131438,-1.04706325496495,2.8631352058372,0.329922955565641,1.79815519173809
622,-0.167150819281818,-0.242283270029566,0.800108781986853,-0.851479661529052,0.959923379806829,0.482255010351306,0.566122246501036,0.513637994141318,0.715193296105484,0.613639519425691,0.787593334162724,0.343022066414356,0.573818563586799,0.00583246634958778,0.516032022624626,-2.7328949138684,1.0299355908103,-1.35622933810274,-0.324511722066571
623,-0.81121178376976,-0.942559733094869,0.221975333209227,-1.28185163404141,1.00627696935733,0.400568011865602,0.424529641294619,0.0380401300014928,0.661971849263879,0.759398652953678,0.183373330641305,0.962052056914894,0.141481438032002,0.527075026618666,0.341377013598802,-3.25411825245389,0.690414984371072,-1.9687085698105,-0.484653530988326
624,4.47144568143919,4.43549853162921,0.0640659380613905,2.79276542144101,0.974983370598877,0.639914529619971,0.290110555354971,0.190096661860473,0.243713137726299,0.350138961852528,0.696148349748575,0.312928354184842,0.312910313357948,0.67191024931916,0.114450839403318,0.881833129541744,4.70369771334028,2.21107898727426,3.36401699386897
625,0.33132263160368,0.358743994108018,0.0549775592008642,1.77527251244194,0.973997558553829,0.00981973816954996,0.237686548824538,0.547806771891424,0.180383216131944,0.977824071467738,0.125168582319398,0.328420249130926,0.452450006018742,0.41992877449526,0.519315460588899,-0.133727623353505,3.68427264823739,1.15952068274645,2.35129810074766
626,-1.0852124736299,-0.968131076913707,0.0506414562596004,-1.07667120963272,0.947585759596802,0.104899378016824,0.13500995893823,0.115549042875762,0.456064951088512,0.136846804507193,0.365604008939816,0.0488535065568285,0.763577746346244,0.328918593566981,0.0332991901470814,-2.93390517070548,0.780562751440042,-1.49810161931649,-0.687097446134021
627,1.89562283793365,1.99400879845129,0.0630824577204653,2.11773005076578,0.961713523997294,0.252888269297429,0.286433847548324,0.79197752074257,0.896042491274187,0.151259768280783,0.133541091783321,0.917072285461356,0.700197687421809,0.342759041456273,0.610672918632859,0.232806180285989,4.00265392124558,1.5802680156544,2.60604832318154
628,-1.15663500597591,-0.675769677197263,0.964013203751107,-0.425962835615133,0.954582102406555,0.373814519350883,0.661734645857592,0.697476437523379,0.864414492841228,0.369842318314826,0.792126505839522,0.437860798673821,0.217375183510478,0.770069543382735,0.157942075656028,-2.29690937661851,1.44498370538824,-0.880868984614827,0.063441361012526
629,-0.105430722612116,-0.168329171827883,0.121764424904797,0.929207531641185,0.985993403889846,0.781571575474227,0.374773700599559,0.702691044527455,0.437792058023042,0.672562493230565,0.73254344566213,0.555708323306055,0.313846097464208,0.930267324776738,0.198551509334589,-1.00330402897697,2.86171909225934,0.30077665416014,1.54830976163607
630,1.91383131280668,1.80472316219939,0.0635671575054109,1.69351513846285,0.959427850007713,0.985113094473141,0.288278708736878,0.262053267863113,0.937095284905518,0.683620783199207,0.438442877256544,0.727240638889023,0.8872002644639,0.619623132352252,0.286148255028296,-0.18692889331696,3.57395917024267,1.18654096178936,2.19998136730485
631,1.57292103578509,1.78457552471394,0.998459646421263,2.49188322710911,0.977666086305942,0.850676139505347,0.821141362859402,0.0591080199491698,0.521677534729824,0.304543601802434,0.0794358308515511,0.779751192926662,0.058029126672307,0.153998625694774,0.863385223006248,0.575692909043236,4.40807354517498,1.8304300581159,3.11293439825713
632,0.536275292128797,0.626326401225229,0.0586266792318751,0.540721241706845,0.952112260013454,0.999091442093486,0.265375992445275,0.744635062866146,0.731736523691914,0.227078881425201,0.416628544422099,0.380519318727311,0.611783914573723,0.0304681486106711,0.135595206251834,-1.32538449715856,2.40682698057225,0.116164461774554,0.994949800618527
633,3.09260449019232,4.02211778430254,0.999615290659867,3.19238244460556,1.0045964601866,0.60956374579831,0.890566206794581,0.0976010163690662,0.401979986060876,0.600962828527903,0.374776802368346,0.587455202844692,0.642717496632366,0.296372512331,0.101088241583086,1.2234095636434,5.16135532556773,2.41579168266523,3.86159437860504
634,-0.278051151207447,0.0666577315745339,0.314319164815399,0.0141663627664657,0.968707655533804,0.509286618647631,0.452337253297563,0.4174346309721,0.7576437875228,0.351567481076112,0.954497902537114,0.505187232707511,0.634520265625208,0.864773316808394,0.545183181923814,-1.88446575362802,1.91279847916095,-0.558309314544277,0.577128703920047
635,0.105582859759528,-1.27439842229124,0.927314371121035,-1.18304931769471,0.959874307162862,0.109331108072773,0.6245360851062,0.106067814663867,0.360323981337948,0.516435840530088,0.426206337089767,0.0543700905896258,0.839417741697631,0.0464985597416526,0.714915558598121,-3.06436838941925,0.698269754029839,-1.65858285478996,-0.66010860428548
636,2.3128132591517,1.53579154710524,0.998620950348812,1.73083238739405,0.959856805531711,0.187073173970217,0.82668073476851,0.398225795711973,0.705908638813533,0.265165046526352,0.559130354062072,0.794913493343745,0.0922584928136785,0.0993473703088239,0.25932222630363,-0.150452381763769,3.61211715655187,1.23258599025386,2.20379422277628
637,4.18011568735052,4.26867668514942,0.0500452319681493,3.20374326690272,0.99419745816709,0.675572513809078,0.00238172234711237,0.0310809650371084,0.543260948907584,0.142921568318154,0.131187163366121,0.976251912896172,0.816903738132329,0.244075938549475,0.49042944833322,1.25515205537395,5.15233447843148,2.48364585543059,3.94718207100725
638,-1.91710291831396,-1.3670871855352,0.999064622832158,-0.860354257623866,0.965730023056438,0.272619546558009,0.846114116748562,0.91028675286728,0.190372121609864,0.660991774110124,0.809422281308798,0.762839886580245,0.900986403727788,0.557676975085633,0.649074745647493,-2.75315032160352,1.03244180635579,-1.40011740301737,-0.293643338206556
639,3.22403686087655,3.18917834076802,0.0511668769712517,3.01099534982902,1.01312189746441,0.536011933906237,0.164954899328877,0.0745443261321634,0.341769675676129,0.607566007920308,0.21524072487012,0.827030979188625,0.294540364167071,0.659043980627204,0.209705942938221,1.0253129188499,4.99667778080815,2.17508142097706,3.71718924293305
640,0.285081330696013,0.136708373810973,0.475810936935606,0.759709146429825,1.00154085178792,0.957626269016415,0.489607150556287,0.534514971479308,0.0557099275309592,0.985735488860402,0.0785823303986108,0.688438395356643,0.712721201314591,0.318376418882166,0.63107550108328,-1.20327485212007,2.72269314497972,-0.0276296044329314,1.49328840273494
641,-0.0618598356357281,-0.119543431345873,0.0795248969212768,-0.895893934086178,0.957209819108439,0.442464757856098,0.328017195885302,0.45542452421342,0.648702221205109,0.588639124552021,0.83072266787407,0.367544322345057,0.216295376897673,0.814710800450761,0.778623865986126,-2.77199070518682,0.980202837014463,-1.38650773878582,-0.408004644085873
642,-0.856247106712738,-0.933281138022154,0.066664462508337,-0.887059471121116,0.954898564609309,0.373058928531478,0.298725684471196,0.0944826889752876,0.366641597444192,0.152139024321921,0.0358688742642989,0.281048973264173,0.533240354974521,0.327662098851055,0.138849542321288,-2.75862626664435,0.984507324402123,-1.36762228623707,-0.449029375319591
643,3.95360867598266,2.66578617276201,0.999938113941467,2.10310021011781,1.0411709336338,0.712533285700018,0.981942859477829,0.378213454504614,0.354962164785364,0.0445185023848899,0.211732480958453,0.153666439505992,0.409643428500742,0.131226332057384,0.786497405480128,0.062442678445628,4.14375774178999,1.31158131918955,3.1217817940531
644,2.74537444494091,3.12314115057919,0.998079094537849,2.88547730333173,0.977440249492799,0.888973666774342,0.810082063104375,0.977477302617044,0.893471557935933,0.411062179294764,0.127764682082692,0.321991117796395,0.396263206679141,0.361677242640289,0.719960484404815,0.969729617286001,4.80122498937746,2.27588967656357,3.51020649619528
645,0.20391919718494,0.255649564014667,0.151278046239941,0.441565580465856,1.02008533232431,0.496554390588193,0.393706901668687,0.70859149280563,0.904726392331766,0.370861992373364,0.340747025111225,0.18905521536537,0.138676906512235,0.711497251766268,0.649525118575897,-1.55776493204737,2.44089609297908,-0.350041355359265,1.16957711076111
646,0.346812318354387,0.161889057981252,0.333665966812588,0.843807724052765,0.953006747940343,0.686188209828921,0.457300313829677,0.350408755392651,0.0640750988979125,0.520544459276949,0.103137328582467,0.827868479600642,0.687179977347492,0.854387273084023,0.360248564109788,-1.02405117893395,2.71166662703948,0.371637508238845,1.29040400038701
647,-1.07226295756788,-1.07507553995879,0.129066647809239,-1.42937329126143,0.995537545130582,0.492149768105708,0.380036284237751,0.948308778294479,0.0472495500670048,0.706379405885003,0.710935054664966,0.948809691176051,0.189728565179743,0.317819322199677,0.823618135281838,-3.38059102497479,0.521844442451933,-2.0830045874304,-0.642642216964058
648,2.84176881943042,2.37726983123802,0.999899637357859,2.30518883907922,0.986085226803937,0.760736997921485,0.957766078266082,0.0328873354580719,0.917802368041011,0.248969715100131,0.0267696102202171,0.165313465013052,0.433966304264031,0.0299076514507178,0.879368428401416,0.372497308856493,4.23788036930194,1.6391696470598,2.97559789644434
649,2.28573330614945,1.99942235031137,0.120048147450306,1.93759271080474,0.954924447841701,0.19406831626175,0.373465781668201,0.49619290410541,0.154156533859088,0.809108861865592,0.676269439314958,0.235567731729476,0.772710801426321,0.584707678258652,0.614767985383864,0.0659751850782098,3.80921023653127,1.45076321956371,2.40383171013641
650,4.08945666822479,4.07787367457613,0.0951069741760802,3.76039505442883,0.988679703787053,0.587549086387036,0.350061006970005,0.272700145204202,0.746907582088839,0.0684889357826905,0.374171822392265,0.809301010934403,0.442412797272787,0.254296092458069,0.700494019991951,1.82261844276047,5.69817166609718,2.9589753092183,4.32470741000334
651,-0.174554779509814,-0.208824326773672,0.0605043706430742,-0.788457440609962,0.970654397215416,0.229504305087961,0.275322412776412,0.577956424335949,0.339420417703106,0.722228488774505,0.745691158808419,0.92193685069622,0.24064268237818,0.673879152120906,0.746323040180258,-2.69090510058761,1.11399021936769,-1.31624021013972,-0.153021949235815
652,1.41022953620192,1.35713548848618,0.0500959034821424,1.12223896407783,0.960139684072242,0.300376396430423,0.0399612991961185,0.906492534269346,0.292427026430145,0.594686809139559,0.288557260464644,0.625243814322283,0.225257302272017,0.585602834815159,0.348028492673184,-0.759600236831432,3.00407816498709,0.586210085991598,1.61156303657422
653,0.759320323681717,0.790918195177836,0.0527354365749863,0.883812873565998,0.966537250602055,0.392126027658931,0.20763563120761,0.983475344573148,0.599113491392345,0.180058673951426,0.999007708248333,0.403082361949259,0.962187953247572,0.0325403425119584,0.501582559870323,-1.01056532733039,2.77819107446239,0.319185099768931,1.45354727591157
654,1.75503524340678,1.73740461192582,0.050656627193128,2.40451823376618,0.995586169843712,0.736112230613246,0.136179529059562,0.469356239099521,0.0193762711148011,0.913415691198432,0.246435256274184,0.271103328054654,0.679076389196794,0.468456979666604,0.46210527027573,0.453205197366327,4.35583127016603,1.70703919731707,3.13092728017278
655,-0.185078594446248,-0.232872240416259,0.107261577615361,1.61093176840318,0.951884931447492,0.937556169832707,0.362666811658652,0.114110297929728,0.523045967194019,0.342095541042625,0.813412170534954,0.919324748291401,0.521110910694464,0.477311266363598,0.794339052261203,-0.254728414660284,3.47659195146664,1.17839720220279,2.06599712776688
656,3.38485923302901,3.31710036147019,0.0510945267437208,2.72221927545657,0.978664347172969,0.635983341071638,0.161750644268235,0.0524624330997467,0.0125435183723457,0.383122980657616,0.799451811434701,0.649449865002185,0.724237485323916,0.134929606659804,0.0619688337619882,0.804072402044145,4.64036614886899,2.06901813220254,3.34654309019811
657,3.97658501889922,3.83811887038052,0.0501529316551954,3.41043265543636,0.98682780341745,0.955067932601436,0.0632967426797841,0.536159127547406,0.0487573678862536,0.695512930680416,0.65881034029345,0.000266292797285132,0.635339395044837,0.0479764279120136,0.721793308971566,1.47628570179538,5.34457960907733,2.76294490628468,4.11880501155416
658,3.70737672319606,3.70586870360165,0.0521690906829066,3.13058368666379,0.944967261715258,0.976433245750726,0.19600659594743,0.598119976231712,0.463461562906043,0.338803096705698,0.172267854534555,0.0795198759244522,0.518575684768264,0.807889561054413,0.892920285483939,1.27848188713245,4.98268548619513,2.73628242791686,3.50695540518728
659,1.39908942747288,1.18368456637096,0.998966331959451,1.63180071580847,0.95988836249019,0.132181269987952,0.841112982000457,0.877791008420754,0.326490043862956,0.0858520543961786,0.603145062918193,0.933507103390293,0.0514565300055547,0.138250952000497,0.324975011217059,-0.249545903851428,3.51314733546837,1.13149118648462,2.13592161873608
660,0.748683238053709,0.143942859589426,0.988107932902251,0.567197540473031,0.956340641371312,0.694872334219748,0.718399673103355,0.608739870646154,0.439570095241419,0.735078837244189,0.977399233559146,0.820770748898038,0.570667025146889,0.0827641962987836,0.72748470246559,-1.30719567356668,2.44159075451274,0.114509265604618,1.06663422530844
661,2.34484090495261,2.33226440564118,0.0517331530126211,1.87535989667497,0.950721486300564,0.294453516507172,0.18476531767589,0.397818459567265,0.502420187137905,0.991653849807335,0.357549508242286,0.48416604153777,0.15773778584192,0.748068495657993,0.0203996071991278,0.0119800241974757,3.73873976915247,1.43994414305332,2.3238061554404
662,2.2887054499801,2.28028909792857,0.0505418421191558,1.85818646196247,0.961718102584562,0.12359327005886,0.126566396260052,0.671645727935364,0.128949625283247,0.136107149911812,0.485282131892978,0.703769057062338,0.118128783426248,0.568161967381253,0.722057169654872,-0.0267463823834651,3.74311930630841,1.31578412252303,2.34777044925528
663,-0.233091465470621,-0.172572934827299,0.27067905667917,-0.282419707668412,0.96751018669681,0.441635761689045,0.440229776359512,0.624976646660594,0.470593913191697,0.0550929820697056,0.543311516303336,0.371383784313104,0.371672530130018,0.927890995244845,0.737981394383823,-2.17870482826978,1.61386541293296,-0.830299535021784,0.283103932018091
664,-2.07458715654562,-1.77578600875379,0.9620576349849,-1.51980987356178,0.959216179531176,0.108644516111235,0.658981744305231,0.354337997580064,0.897649677021545,0.554186263908865,0.838809861416696,0.573068565242807,0.258711492670933,0.182649994624662,0.508278489181655,-3.39983903883099,0.360219291707428,-2.04144976060466,-1.04050896834984
665,3.22195669953437,3.00097078740183,0.999872355890396,1.81682158997047,1.00465021046048,0.966221255549346,0.945741844729986,0.229320094886003,0.644870646215975,0.807695594839752,0.571330667031929,0.474310181549983,0.0810711117408937,0.285772480889689,0.353213010177133,-0.15225663959266,3.78589981953361,1.07400063769159,2.56742644644526
666,-0.311636462488726,-0.640497619788322,0.983053173005,-0.159915501370441,1.01982610654859,0.488924406708567,0.70041907861433,0.893703276590677,0.177311159437173,0.983481079675024,0.496600908021093,0.532965702303452,0.422327062816126,0.932528289035195,0.135272842685459,-2.15873794069938,1.8389069379585,-1.05582408416276,0.691490721232582
667,3.53377244004621,1.68242811135331,0.987757120011805,1.36499902840423,0.961076078321141,0.183612120104604,0.716927321951371,0.125345769569627,0.506149464849965,0.943307724285754,0.798546379651758,0.772846928247716,0.227831964538782,0.385765400088974,0.358080407246947,-0.518675471508198,3.24867352831666,0.8882773612859,1.89879476017712
668,-1.1440918371669,-1.1049801892384,0.969259121915109,-0.216875005074406,1.01117577793107,0.436685474829865,0.669898737037438,0.375471664676908,0.505091444438673,0.838865009354195,0.850850731240003,0.714714873770252,0.160801015668898,0.370991052814294,0.464514740105602,-2.19874311185858,1.76499310170977,-1.00418489276378,0.515671496830203
669,-1.14510695870949,-0.293657822607683,0.999894112923557,1.50740956163198,0.959466473207313,0.733884699618211,0.95508662937989,0.347297351927031,0.507008975750534,0.205743601769791,0.620573978482164,0.971184360960615,0.289847945921822,0.87571638908633,0.942064661513199,-0.373110170228023,3.38792929349197,0.981801444373948,1.98583881694279
670,4.27807072377878,4.27725935240351,0.0503372939656758,3.84715684605689,0.968985193718139,0.949672320105718,0.102854634878691,0.222239150123787,0.257575120167108,0.395219017517753,0.161570009042975,0.72230690187146,0.669228614951135,0.610406646256335,0.0705277328466764,1.94798076481677,5.74633292729701,3.25826246612936,4.38988771093673
671,3.01309635822359,2.73482064217059,0.989208273457346,2.78999516236444,0.973708111473845,0.512264611198916,0.723312873919611,0.952745112773846,0.52997994756361,0.383827327788924,0.336283367848373,0.00299241374316625,0.234420743160648,0.801812879931764,0.920570286951959,0.88156233242119,4.69842799230769,2.21887774948194,3.42315250023382
672,1.7923518442874,1.64477031297792,0.997866440253013,1.01743913273225,0.964210259115533,0.529420295009506,0.804821088952711,0.975982983896858,0.832258217691095,0.641560347918305,0.137935078687151,0.852585158185568,0.501022107869503,0.716027822829899,0.764198350092629,-0.872378248658225,2.90725651412273,0.496057156427163,1.57617445864023
673,-2.03702507891363,-1.6992479266355,0.999162033723037,-1.72828566169076,0.955148581637711,0.380182734617149,0.851617847358692,0.401655248243012,0.770399377298192,0.644075804143096,0.588848998775473,0.741713635436958,0.0518737925820751,0.818163737805095,0.303130151379155,-3.60034248158519,0.143771158203665,-2.2410316014812,-1.31440615752794
674,1.31787938107588,1.67208873725261,0.173627405860896,1.88574477669682,0.953041121845858,0.936789112512488,0.405011324820225,0.833422959022573,0.63928402747435,0.708318066816311,0.73436849523813,0.660244020131417,0.787426336075994,0.30131288511923,0.0759234939966118,0.0178185020932899,3.75367105130035,1.43257650628485,2.35640477118715
675,-3.37713890287608,-1.80891804756139,0.999902630622241,-2.05600599857896,0.958294841549878,0.133516060146736,0.95928014998755,0.127974535435904,0.619089181083487,0.678158847351442,0.204433131160098,0.739343892203178,0.538961514361552,0.965767528064433,0.473080207403516,-3.93422937458724,-0.177782622570684,-2.57002275967349,-1.54172784173049
676,-1.15915298743758,-1.15301697654046,0.0503036863150507,-0.367994850194847,0.951728102478303,0.13945902481128,0.0976048883810872,0.0653761184180621,0.313420230428339,0.38427751016384,0.169177890286664,0.0998279391684337,0.596801337060519,0.0830561643132241,0.848075184951769,-2.23334765412697,1.49735795373727,-0.795340466879561,0.0850689091817178
677,-1.03533394638381,-1.32012667510855,0.417712226575104,-1.21187902576812,0.954588025258163,0.266187655875925,0.477016792883282,0.0984996383844409,0.353642696765251,0.351493701395113,0.770274332659668,0.506195552058867,0.992881163185812,0.563886403105338,0.0761157941602869,-3.08283717534733,0.659079123811092,-1.68391650682738,-0.767027923664537
678,3.61660409181702,3.60479201976054,0.0521543646033421,2.46779069533879,0.960908509548067,0.870736011091853,0.195665208765306,0.914226088421652,0.283253569333232,0.506595379475155,0.817026910949731,0.791931310465676,0.394128390642698,0.657884118940798,0.579809691320406,0.584444624186514,4.35113676649106,1.9111386334903,2.9292234296281
679,-0.189095862745389,-0.0390846616465672,0.992440728072905,1.07491291786633,0.977351642883292,0.612780052009155,0.741284907487221,0.212899820311461,0.927028670882923,0.750268721420085,0.208499045492616,0.720883309787605,0.97660098584916,0.648200004681014,0.92638633295428,-0.840661102415975,2.99048693814863,0.466469896362538,1.73025896080938
680,1.98976471001417,1.99784325272994,0.0763067542723895,1.8416413695728,0.953367352818712,0.264824404586223,0.322072284563677,0.113219311300199,0.272996554882498,0.894927223985898,0.672354660555953,0.533590559769887,0.353435570144793,0.769713534031296,0.878113089102553,-0.0269243059881699,3.71020704513376,1.36655149924358,2.28530268000617
681,3.65496673453607,3.67683931395468,0.0508429171746571,3.13239358478131,1.00054896942722,0.873160451512784,0.148676955699921,0.872764474998927,0.91092238954315,0.166561583603965,0.951702643148834,0.661983027766808,0.442639341670787,0.364686856122804,0.520893204396474,1.17135363993529,5.09343352962733,2.45221834886276,3.99441897527706
682,1.93617247891299,1.9732702472174,0.153208312591254,1.53148383479786,0.982992325747959,0.000893117611645721,0.394764733771561,0.327768767956644,0.659225681043114,0.54011648300779,0.406601536863483,0.347169581872993,0.816106027600938,0.997326620562119,0.314603159398655,-0.395145720747398,3.45811339034313,0.971234364254783,2.22952467085328
683,1.82550072006685,1.92074759271377,0.0532420286367751,2.08047191576996,0.986858228936837,0.432331699310103,0.216157788493671,0.347819793798029,0.125172081153374,0.119698673661798,0.207175509070163,0.0405490409827325,0.400018123394693,0.507191690483713,0.843967672411818,0.146265329206773,4.01467850233314,1.31597569471214,2.65506678334172
684,1.21128174260359,1.26724313456581,0.0520980215347472,0.303422010125734,0.982791413182573,0.465217809990398,0.194337183783646,0.0271191831034375,0.285318201440386,0.0341257654732326,0.363725652821013,0.983951907484676,0.911638505667564,0.503480598290218,0.908659483640106,-1.62281376402733,2.2296577842788,-0.307837264797732,0.993249751862545
685,0.726316882711338,1.72630263169046,0.999906506481948,1.56357675298912,0.96572460420052,0.394027409317903,0.961311336812912,0.240417229363811,0.531340171872056,0.424373372247559,0.611043269797228,0.384553751273663,0.753466586845228,0.582470814246684,0.518809869142016,-0.329208690228095,3.45636219620634,1.0391093706864,2.09416060856661
686,1.85855094550475,1.72673904394171,0.676819291863462,1.7502390986429,0.957846185675062,0.258199225506862,0.533122332682717,0.900368290430168,0.410761262239539,0.13384996153391,0.385848629550892,0.673532876170822,0.744242981600808,0.0520726579417242,0.301445278140483,-0.127104928009289,3.62758312529508,1.2395241636802,2.23164272459931
687,-0.0841457272710571,-0.264146892479535,0.999541893638194,0.542239183784677,0.951094847947605,0.781206335349823,0.881831677093985,0.240706451533595,0.669963501673541,0.55361757895723,0.258920274892822,0.928382853863295,0.998934508072911,0.337114202360739,0.481750568532967,-1.32187246407423,2.40635083164358,0.121659555315082,1.00390600294725
688,0.4241913351094,-1.37328931151196,0.999378549086075,-1.32978162946073,0.989155922842958,0.454188849786879,0.866575298142037,0.967068149121245,0.00600680414948147,0.278954282518942,0.313399536603014,0.0199864362085937,0.39473171547649,0.207730172279873,0.725774964070646,-3.26849161332741,0.608928354405946,-2.00587364776204,-0.603135951733246
689,3.43703213482207,3.43277350927874,0.999937472886046,3.26191702328448,0.963036571374503,0.739984331322834,0.981427557873423,0.478858965733438,0.459865763502312,0.0854839720054297,0.863129393789452,0.75737949363573,0.466544935010374,0.596410608740291,0.475015256026876,1.37440002759551,5.14943401897344,2.72886377779922,3.80207705596161
690,1.85315132658934,1.80859621602999,0.0584589442938482,1.55716074783681,0.965100596257449,0.972510379505577,0.264385321201291,0.199330754690804,0.366045467906632,0.778928377976874,0.601960697810282,0.627580054254504,0.597104518936365,0.0886826372584328,0.052847994341515,-0.33440166228592,3.44872315795954,1.01724378339391,2.10843570125703
691,0.999325105099564,-0.0179362956284639,0.996462395702877,-0.0672774304183978,0.975634338076974,0.695583710940788,0.779464074709802,0.513133265782031,0.124988547019078,0.260580528435763,0.825662635940243,0.968343610874843,0.66652986341645,0.169540188926971,0.0577097441375954,-1.97948559512984,1.84493073429305,-0.676455788115963,0.548333776677735
692,4.49134961973785,4.50308794221782,0.0514135100927362,3.45876150507583,0.964373052059188,0.707518121126224,0.174555153358378,0.616622900163638,0.438465804645442,0.469629141771467,0.468131409941358,0.0454124666851712,0.411304432037636,0.150292283521034,0.227033082673326,1.56862505537885,5.34889795477281,2.964548368868,4.02104728083825
693,2.54633563767812,2.51208043917833,0.0518043447571127,2.01193852507146,0.998794405980475,0.258714267760166,0.186781832104083,0.383461773661315,0.0655342721493216,0.0419482130819233,0.702723899491597,0.0295701305062976,0.706489965360262,0.0431746879644925,0.817604471654864,0.0543374613896555,3.96953958875327,1.33179229423317,2.73429364848896
694,1.23237294607974,-0.842711736979218,0.999669018275695,-0.428458465952451,1.02889215589786,0.923205031117075,0.898090282039135,0.628191826866008,0.0250160825001076,0.989979858152918,0.833442610325641,0.708126557487529,0.906838712830097,0.870554634966538,0.824779217122588,-2.44505003548802,1.58813310358312,-1.26333554388283,0.478174989376129
695,-1.92013347709778,-1.80858789965775,0.999695041189568,-1.04636984399038,0.960566550625791,0.395726712155505,0.902185974152293,0.438889227284701,0.514594990412123,0.0636868636863073,0.269005133049213,0.678501100936555,0.232438163591782,0.281226033978397,0.998679147799383,-2.9290456879708,0.836305999990039,-1.57918784189683,-0.539716746910896
696,0.126539810694846,0.163579920166524,0.062329539828596,0.518703886683568,0.956049001826769,0.46086077848787,0.283429971484933,0.76580273122678,0.638200931068743,0.622823446498369,0.286752842934337,0.87610591391474,0.485332350275945,0.601561202660319,0.533228113442543,-1.35511772435237,2.3925254977195,0.0453986845371461,1.01521167099433
697,2.28556651099884,1.12974725270205,0.999199857379176,1.0982657990086,1.0263690625461,0.705438058048487,0.853929233274073,0.145295913874987,0.700466327901115,0.817935769307544,0.909491316517815,0.529912620313698,0.882469090925995,0.417851432243013,0.294644612644566,-0.913380598427899,3.1099121964451,0.146356977958983,1.76862912662302
698,0.860759228066278,0.935344365726597,0.050200215019808,1.74900335749437,0.971511625334076,0.148584842465119,0.0767692699684994,0.824878925966797,0.811424057445955,0.806059719256125,0.562981152015389,0.315579093774082,0.904490646488615,0.455449304847629,0.830679004708654,-0.155124438722386,3.65313115371113,1.15998788474805,2.29983297436176
699,-1.27001119161205,-1.32764373891877,0.999586612964191,0.0266878289595354,0.970411443465499,0.224063339039567,0.886969886889448,0.282063078682288,0.247248798298184,0.18118731756648,0.730078897136031,0.314634410858969,0.266125473006628,0.329912158464431,0.64184369270131,-1.87528365041837,1.92865930833744,-0.626946914558534,0.539856532915118
700,0.159405264888736,0.323613217532346,0.0873925093173306,-0.504673603585877,0.954135302584116,0.156835614709067,0.340258226110018,0.712427714647958,0.826026681412244,0.208645118526649,0.4561558012967,0.0938432061752537,0.57707393386506,0.566346256205114,0.670707026307704,-2.37474443302897,1.36539722585722,-0.930038504806938,0.0181567371542111
701,2.85627067382048,3.32706883053225,0.999881929881136,2.70362901664576,0.969323352889888,0.860907268345007,0.949640714793582,0.878042337457067,0.669125738020521,0.0989221194742713,0.452210929926601,0.143951772575383,0.124410672733327,0.777921940439264,0.296770516674384,0.803790155607969,4.60346787768355,2.07498176483652,3.24292456456809
702,2.38282638942781,1.41633061667759,0.57671187724759,-0.184719465507139,1.03071320542411,0.200547055726754,0.510930029405514,0.000687768508680165,0.93067261045042,0.733507372530061,0.204847633470199,0.990849017873988,0.320102837381302,0.549821070432779,0.384729241102003,-2.20488022652822,1.83544129551395,-0.962254329741355,0.738755060793601
703,2.36708597042717,2.37810632271194,0.0502536179933152,1.48393499452964,1.05988127068472,0.545051283602254,0.0885939454989275,0.223882193269907,0.215009742439259,0.184264641273185,0.33885401106684,0.260092342834687,0.664691662326921,0.389409188463702,0.402009104890283,-0.593394123900955,3.56126411296024,0.554394874303265,2.28620729151629
704,-1.93358201231834,-1.96386326548125,0.0524791842465302,-2.05177155708344,0.947916931956156,0.271841398523655,0.202704033368384,0.506267944831052,0.272418087496539,0.4506047937189,0.89428332075174,0.43418797639932,0.497975484795868,0.683344878512085,0.938200014850707,-3.90965460405321,-0.193888510113667,-2.45180329391085,-1.62134139713331
705,1.82292563060929,1.80758381050654,0.0509524629253739,2.14130553472071,0.954280955211839,0.474460374399088,0.154791850732989,0.315455216074362,0.47885214150534,0.505475717457011,0.510275555341388,0.00427577716077212,0.812078999356134,0.445299064811785,0.47126315390016,0.270949231373026,4.0116618380684,1.68607836160131,2.60816310985053
706,4.04044359790615,4.07590250221549,0.0500552585778164,2.8308445047049,0.988529930913665,0.654755220623105,0.0123932243990712,0.0150353374219267,0.0169433513258118,0.562911159161711,0.277707189903711,0.395430184823694,0.863723680431489,0.224784790165024,0.911420878395205,0.89336144247425,4.76832756693555,2.15116986936354,3.50760192186147
707,2.04582165454642,1.97659887361406,0.0661320675849036,2.3960305004426,1.01190621318843,0.647702435726183,0.297073701912421,0.480380349577288,0.860789566842606,0.715423377448227,0.153482788613881,0.164479870369076,0.579343074375996,0.375004964485299,0.716912547239335,0.41273076686096,4.37933023402423,1.66241532466055,3.16742357880055
708,-0.580269289093322,0.881158711894225,0.996255879276332,0.718660980242611,0.953672295180043,0.320445097496966,0.776616310765268,0.561954628826585,0.213194125385489,0.646632029442815,0.398346999153378,0.232845148682594,0.196507377559086,0.502086934276973,0.708731310541043,-1.15050237136392,2.58782433184915,0.292850219089522,1.244540637154
709,2.52844518295521,2.52108031028398,0.0596408145659351,2.32514454236316,0.988135754302007,0.943100140904891,0.270987184457597,0.4512919094268,0.0539070689855143,0.139576585574308,0.889490243717562,0.245675533031463,0.428657776977867,0.487326145287021,0.815867769858916,0.388434052094909,4.26185503263141,1.54924824983631,2.90725373602421
710,0.504885207704807,-0.291108090839306,0.99408902036299,-1.44417629600402,0.954425245357656,0.262888859751984,0.75367044430133,0.542614270179882,0.520480877931113,0.497971484735259,0.62392035584955,0.142735332400771,0.259307226886041,0.542907452242449,0.0444777540951036,-3.31481540284083,0.426462810832789,-1.86741029337176,-0.948709976459233
711,4.7901529112737,2.57882464177253,0.938428321649986,1.67438858072128,0.974530220983752,0.497666908483254,0.633462598656653,0.736343139511999,0.355771250357386,0.0117490002157865,0.285461656892672,0.1079872683133,0.965379550602636,0.381896240082104,0.415445243496797,-0.235655554252731,3.5844327156953,1.06017409588002,2.25170499111796
712,2.41031014498066,1.58989978968397,0.999283252361994,1.85986761975779,0.955888473998184,0.549733205226832,0.859436934914323,0.591277789887623,0.269239244192606,0.492560078442446,0.514103348796489,0.320235787221114,0.147698206045898,0.938369592482923,0.517462514153216,-0.0136393625156015,3.73337460203118,1.39477595813564,2.33094752081015
713,1.9903062008083,0.944713968654006,0.543217392381162,0.66088105191987,0.973464821637595,0.826567137643462,0.503837122589932,0.0161535730598262,0.121768876201473,0.248280911075301,0.46029556765093,0.080101361017325,0.51664335332578,0.941865958326962,0.612870481914841,-1.24707493870652,2.56883704254626,0.0465979693222727,1.23470345366177
714,0.514013779451698,1.48572024920962,0.951570854654088,1.37735732030403,0.959779618879118,0.844570795597392,0.646201841344941,0.0866752751610475,0.743370235049631,0.51510965801822,0.653061518982751,0.650442397088977,0.750883810662781,0.554074538424262,0.735418368262821,-0.503776165794625,3.25849080640267,0.861823776405925,1.8943390553902
715,-0.731379631804235,-0.653960421421013,0.0509291091579182,-0.820614684949406,1.03364991495893,0.851235292777536,0.153549372849404,0.912487952221185,0.961759907884756,0.913838400960551,0.562102386337239,0.409164876308991,0.930786567527452,0.539795410733554,0.716460857894504,-2.84653129089181,1.20530192099299,-1.65393238537324,0.157229980030011
716,1.8083815141654,1.75439443415143,0.0720223949439077,1.75827388885115,0.967264368961176,0.277864886858384,0.312952614378999,0.0513796542049386,0.72094488202699,0.915430594164878,0.574415179160656,0.337616393545177,0.0559575038837502,0.79762196678808,0.975319678619271,-0.137529437841615,3.65407721554392,1.21236421500698,2.32127729126289
717,3.60881339577234,3.61538543932513,0.0501906498611548,2.95812211288686,0.959366867837765,0.765079439016874,0.0743210999328876,0.0665530044218758,0.479031870311708,0.215785103960545,0.923630318183103,0.316368698949344,0.236647829696536,0.960301561951521,0.483103139891871,1.07779760396384,4.83844662180987,2.46275199016652,3.44979607610318
718,2.07609625358803,1.77864703371751,0.225754299501726,0.734947793983892,0.957715998949064,0.709567499705008,0.425859886420425,0.620827733551385,0.532903295637807,0.705441668306943,0.184996449002763,0.842665419779369,0.674436333143618,0.0259561796803027,0.537476983439876,-1.14214107137407,2.61203665934186,0.233013263278312,1.21043338465285
719,2.17739615222345,1.00008530647625,0.467372579356566,0.983106251026959,0.990686215040349,0.383329753706232,0.487807857100503,0.706495590028702,0.029152923337766,0.247608194214641,0.1081457249081,0.807377270824159,0.244062159505789,0.546433161990717,0.988652347574476,-0.958603050432427,2.92481555248634,0.280974764054974,1.63072927361176
720,1.20683853847142,0.292452824449984,0.99993120391367,0.993247141262213,0.96290982738735,0.702596975691616,0.976649899272248,0.257643446726259,0.67104373502254,0.271485904195462,0.933964682602556,0.401654666094342,0.972263622445171,0.145009797508013,0.769792594078695,-0.894021440776672,2.8805157233011,0.444052706686208,1.5074218935656
721,1.13395418504192,1.22119411290196,0.0599062098242766,0.815898619670654,0.971975800901541,0.655769987422274,0.272359108420322,0.970504870925914,0.825319075587438,0.995341912650154,0.350757486068876,0.211451511614956,0.199645809222362,0.403970241516363,0.301561262863222,-1.08913894394084,2.72093618328215,0.227393075932739,1.40810527359091
722,-1.52523641187426,-1.02068572419514,0.833631915809983,-0.967857242578157,0.951643394401731,0.420738222312066,0.577486835335731,0.606982594925445,0.68752624342381,0.761793606635067,0.801660619233619,0.639407441894757,0.649523803288699,0.997855299416115,0.345456994514214,-2.833044021731,0.897329536574682,-1.41981862395772,-0.538546726836981
723,1.79996863987849,1.93014969067116,0.979432620028851,2.41015335226152,0.988237432781903,0.545578618062544,0.690543399489252,0.989733175952104,0.879681154068792,0.263654489114415,0.970356886379654,0.927988252769806,0.985749281342723,0.545145772625343,0.0900610123701626,0.47324357583467,4.34706312868837,1.73439363872694,3.11351638403547
724,0.317968073665874,0.409456066548965,0.0607667950224458,1.58215042370011,1.01502588338654,0.740918921194971,0.276570153004839,0.383853418573388,0.134483287744806,0.712295646628249,0.935342771079624,0.658469068598934,0.490409867841168,0.239445518608321,0.565345738044591,-0.40726375111345,3.57156459851368,0.803484110795507,2.3374650948339
725,1.54027521310383,1.77079063746404,0.293739678348891,1.67958093415991,0.964027675157064,0.338264958168496,0.446805843333248,0.870642199710826,0.47176720420341,0.09348531383113,0.370173211855814,0.837040544960881,0.870998663952807,0.710022566683823,0.00519230797421187,-0.209878589247813,3.56904045756763,1.12621817753461,2.23743252798873
726,0.129562784225591,0.0710764457075294,0.0501040356313698,0.875782451151979,0.958142608896386,0.17808403455466,0.04403128517,0.287883347725961,0.636480627608253,0.894089377483353,0.887674801702844,0.267182646003086,0.741781521021389,0.46410121258907,0.141616086501395,-1.00214255433818,2.75370745664214,0.356752147147532,1.35486596438803
727,3.69294887429769,3.62273880833407,0.0958364364789963,3.25642225857887,0.966402105093176,0.974768048959319,0.350903452700935,0.992522086397163,0.414033104152419,0.266426085166633,0.160731467473553,0.723268598756637,0.199397250524606,0.689459678433719,0.488607054981519,1.36230893801255,5.15053557914519,2.66925136850389,3.77930425282435
728,-0.78150381611359,0.673062541717179,0.999023837115851,0.825926948501908,0.947591774601858,0.382202963715536,0.843977986671613,0.995537608493818,0.495820650340407,0.300838853269583,0.640402378389495,0.652564117193106,0.51955672196392,0.647032351632486,0.346728552387911,-1.03131880176413,2.68317269876794,0.394492292701829,1.22146572560425
729,3.8632190117396,3.7766385446016,0.115967564935848,4.19821233901063,0.963214724035897,0.623928061282611,0.370233471382526,0.288948782324442,0.913683516889228,0.422305823029135,0.136710793063277,0.0148063595379936,0.440743859222741,0.241659073558403,0.119607868745807,2.31034617052159,6.08607850749968,3.67710183226475,4.73775613695559
730,0.387626950441094,-0.591322656281979,0.947705677156355,-0.131197680991256,1.00564761638416,0.908105031503364,0.642147722275578,0.136034563248279,0.56057865845284,0.49901886233571,0.995744993396802,0.937883858618559,0.665507069540094,0.377123715913622,0.930728175293305,-2.10223079024276,1.83983542826025,-0.849960970299566,0.616368556003491
731,-1.37423547260569,-1.37677922755241,0.053265437121133,-0.621797279320932,0.965135689050782,0.195689642214216,0.216518743669963,0.0337212900930317,0.566146250711288,0.165231315530953,0.873846470801742,0.232015648576315,0.228841923399013,0.217038115678937,0.979451022761408,-2.51342847005471,1.26983391141285,-1.14997386148463,-0.0553599859012852
732,2.44859291609329,1.74333820532246,0.983629476303027,1.90212781560322,1.06907959365518,0.864668413601234,0.702179863553611,0.79399911184446,0.03066193529882,0.60944046010077,0.331833030001493,0.327316454948625,0.0792809304890689,0.678976079083746,0.895592940774397,-0.193229684567652,3.99748531577409,0.90877734088855,2.83466056224904
733,0.977049101579896,-0.0852041245166205,0.951099431123806,0.972167195898468,0.954169711844976,0.883817922990187,0.645691328902729,0.488089236937696,0.580928480232717,0.37489837241394,0.56847119855776,0.795842588244472,0.239965565441409,0.0813722447237233,0.532150544418837,-0.897971074456646,2.84230546625358,0.528009251173746,1.42979188562018
734,0.304333315403127,1.20637573424233,0.999810972517803,2.17670521348845,0.952976492404111,0.511020558533608,0.926106292727054,0.557792744236533,0.371874802514096,0.61226217827748,0.642965135689476,0.226684476073598,0.746458595462376,0.343675995008438,0.795640084873303,0.30890561026309,4.04450481671382,1.73838860532715,2.63118614138542
735,-2.07392930271891,-2.05229779715968,0.146517989749234,-1.91627053697077,0.987877818088172,0.405836463733343,0.391020247442531,0.987242125352495,0.687123846636154,0.944731130050146,0.501260231168475,0.898318047999404,0.253311375566409,0.168346603044658,0.19787221099704,-3.8524754815496,0.0199344076080576,-2.63619831297152,-1.27470874700113
736,-0.193810827026019,-0.193934885419832,0.0540072536118814,-0.00987046687801918,0.951486987245042,0.977403259976883,0.226793561025173,0.784025772952358,0.649696127845906,0.203574227936915,0.245394424516708,0.838457013890613,0.112158488053246,0.673178277158062,0.84940426967747,-1.87475069363682,1.85500975988078,-0.477332128143158,0.410749386148024
737,4.22812448149129,4.24074394615932,0.0501392483580974,2.45807013056819,0.95902300202407,0.682991210236913,0.0586094206040725,0.353224401242798,0.240242150993319,0.463283988500596,0.953602058945573,0.408302163079265,0.748604602322797,0.106674077953678,0.39220926303498,0.578419586255535,4.33772067488085,1.94465179565877,2.94290513815535
738,1.47532138409859,1.31408438057791,0.0913425876617866,2.00943083296019,0.958099410304933,0.87986327961518,0.345496250394848,0.153370839569019,0.413169607990538,0.493283685880946,0.216667845610762,0.339369144467055,0.807314171225065,0.752233714890899,0.0449478442000691,0.131590495153459,3.88727117076692,1.53837980810139,2.52345212824903
739,0.543369487731891,0.567372976646289,0.185929042417434,1.09816541573151,0.987258025402028,0.597161903617321,0.410504273448372,0.837820139635471,0.375280062517151,0.983988610310596,0.645346100712544,0.420531580307754,0.273971466382616,0.0823010025391122,0.298887108579744,-0.836824757504592,3.03315558896762,0.396008554870666,1.78664000714116
740,0.117718510834025,0.058070397191208,0.065883083582478,0.101197170157671,0.948357930883776,0.221297271103482,0.296282650432666,0.759047161212424,0.766417786058504,0.327328627230134,0.231277173531009,0.691973128920654,0.110252080859733,0.934934013702441,0.193721679181559,-1.75755021882745,1.9599445591428,-0.316509341703615,0.521133553921401
741,1.93422574835433,-0.0342912492405894,0.991098322248318,0.598197301190661,0.981006590565794,0.811337432457367,0.733040392535506,0.789648171066539,0.383827726879972,0.302207232257351,0.0340030085599283,0.945998380762059,0.702136408653459,0.116589615362114,0.384355379651766,-1.32454028491473,2.52093488729605,0.019401247174081,1.26448008388276
742,1.7942869833963,1.87547764309741,0.991775257421904,1.26188863429761,0.949324528696378,0.141792301990674,0.737030983360717,0.418172534092911,0.0918347092668992,0.649655470815953,0.617824555442203,0.701940662406036,0.254738408109173,0.625040630114381,0.0671378931045765,-0.598753251587751,3.12253052018297,0.853446498236722,1.69853283292157
743,-1.18096935236473,-1.35957855690816,0.0688178452048564,-1.24766197938551,0.971660105821158,0.117866657867795,0.304917535975692,0.276125607915805,0.992516843321966,0.582232634060201,0.279305437945062,0.826286219785805,0.534245840871357,0.786168821487459,0.0101417517724913,-3.15208079200936,0.656756833238331,-1.87717207694857,-0.715818139932051
744,0.240875927101466,1.04907343213037,0.565343324957273,-0.119497028538222,1.01326086292964,0.346212030222057,0.508513843113207,0.75026316945185,0.240925028788974,0.783524298260803,0.701029150259215,0.505952860484715,0.837919384326669,0.159088740482694,0.843080729242531,-2.10545182682428,1.86645776974784,-1.01068946760818,0.655575550134894
745,2.01770264678597,1.99716587102177,0.0515666005108002,1.81302708885725,0.975600583325826,0.147772730297758,0.179704821088351,0.0954752884752816,0.574030066641164,0.968066608022666,0.993607238718308,0.577641460432322,0.305424479878042,0.602143626557663,0.525282121900003,-0.0991149177576343,3.72516909547214,1.22062022245313,2.44921123668662
746,-3.00262303081562,-1.8680949183401,0.99463615023064,-1.62594117961146,0.970365928145034,0.322868557921378,0.758555893465877,0.17346917362255,0.967411491440143,0.577536601559026,0.777147258050041,0.494213032395346,0.3196885063136,0.954246130296495,0.506077524919529,-3.52782345060051,0.275941091377591,-2.20717843261901,-1.06861258369301
747,-1.27941882017207,0.546224636474325,0.999809731793752,1.5559611197805,1.03274586365776,0.834897314650239,0.925779113629484,0.754728812488262,0.583608915358433,0.759725129025988,0.311548229730688,0.123320424576406,0.525171467347303,0.653304472952266,0.14943167233665,-0.468183578171419,3.58010581773243,0.921043244679744,2.71979585745157
748,1.16107837497122,1.07019348076968,0.077538421673648,0.475483549288412,0.975044575293296,0.290331335798604,0.324426822789828,0.646755093960906,0.183003965355223,0.332499124795781,0.991342898961157,0.0905745517263422,0.938276886343723,0.874821651616949,0.596791730512748,-1.4355687016076,2.38653580018442,-0.219116778053424,1.04320780315281
749,2.31438298315174,2.75579082318057,0.642022130401686,2.64899348917016,0.968740885765726,0.879372061817325,0.525153642444755,0.842403067505802,0.731404066562536,0.789263687820057,0.722442900624359,0.874583902523853,0.864959314804524,0.852413349174662,0.684471064812387,0.750296242717911,4.54769073562242,2.05771376464954,3.20542291377685
750,3.04846016492147,3.63533817294002,0.825101189780985,2.32189256926812,1.00488253722421,0.643439692655345,0.574439300446189,0.60529967557569,0.829543233482516,0.978760930531193,0.172790963787585,0.890040604805457,0.266783865339821,0.00152818577177823,0.997288203482749,0.352358987615432,4.2914261509208,1.61606830662623,3.1763036614603
751,0.541252539974514,1.07670178702126,0.999836408802727,0.364842249024088,0.969808368317673,0.444459467180073,0.933333721558447,0.756458470442682,0.439161507764598,0.69702169422002,0.654880594017566,0.214081405556761,0.731522401357535,0.447728019440547,0.57446990537236,-1.53594722478411,2.26563172283228,-0.139732912314933,1.00319835388303
752,0.561370244169173,0.592947579284902,0.0577212939729174,0.681089992593273,0.95853486048641,0.413324015931692,0.259784043298801,0.670233730235253,0.218681407337775,0.874795562600484,0.494785557869822,0.69745092932391,0.942242511665449,0.538498654291965,0.816573711420759,-1.19760381188621,2.55978379707276,0.1859540670139,1.17766918465446
753,3.54622940771069,3.5278780356983,0.0778604391238751,1.39591128620268,0.948241757296567,0.672581922525424,0.325025557519286,0.551660524111241,0.561732958050678,0.710329452866339,0.365351477208082,0.349466162400204,0.310102202388109,0.714365125380456,0.420017637079814,-0.462608406735566,3.25443097914092,0.956609879602819,1.79499131150075
754,0.566185599209665,1.73222621143473,0.999931789527,2.42441956315753,0.983586359718162,0.49959516198677,0.977077367219608,0.26099464625516,0.101145136840525,0.097806549508241,0.134559755789698,0.0634090094902786,0.485760966295609,0.788192145771347,0.618725172281032,0.496625722425073,4.35221340388998,1.7271299631758,3.06777872719536
755,1.52226194642268,1.47858724676021,0.0506737179254076,1.7711913965129,0.974351655174893,0.260655520867207,0.137465183989378,0.867708377311472,0.416254802503274,0.793144910909934,0.00716659202938899,0.551007755067083,0.0183487137879711,0.120796069921227,0.0249486198321683,-0.138502755906879,3.68088554893268,1.14846875105084,2.36999652174316
756,2.15439568234497,2.20920495314742,0.0516859258320394,1.69876719631972,0.957791591799064,0.0951237160372548,0.183381455943687,0.154662498410791,0.0941680990676396,0.16789590376534,0.478808964547585,0.812448312765337,0.514155790151679,0.791704438133165,0.192128628436127,-0.178469828301736,3.57600422094117,1.20797503067475,2.186482587606
757,-0.0447122416103939,-0.107419779322566,0.975099108256648,0.64637788058715,1.00718702684055,0.476641335868277,0.680749863000936,0.301243970136042,0.454020370711805,0.82366201629024,0.067146426874795,0.0752767182732932,0.977002469634172,0.100111099632224,0.125393353392836,-1.32767241771631,2.62042817889061,-0.0835620761329658,1.4305271550698
758,-0.161270434897565,-0.0764617488013136,0.0609070916862315,-0.551388575510268,0.991081672695836,0.427505272811512,0.277224938644446,0.0400054667487275,0.926828086109832,0.659301242468413,0.796565701593412,0.463635535262874,0.852209889874677,0.12853863195423,0.0477916960527655,-2.49387295973182,1.39109580871128,-1.23223472061427,0.141596127987831
759,1.43228968901489,1.21590006643812,0.248395449023038,1.8655452439895,1.02122199633765,0.472098518912564,0.433402596681146,0.882977331427275,0.923857981009874,0.115534359282698,0.0800577127711149,0.487693200523965,0.919619404994999,0.275787090194412,0.541896163516794,-0.136013089052395,3.8671035770314,0.998779564349384,2.64007057745627
760,-0.340141156503636,0.253855459691743,0.999896986941795,1.68030607918052,0.973440364145657,0.605537433136487,0.956462653200491,0.860227307851776,0.660650880135014,0.344385508821113,0.0465246361319441,0.203296092435485,0.278994235311868,0.65170405546343,0.91165308077354,-0.227601975642527,3.58821413400356,1.10676033022151,2.31101128469373
761,0.503200170775407,0.350357677380103,0.999361645392249,0.0662097372023142,0.952064431684273,0.129345668195165,0.865232557251817,0.662246597476536,0.470153244035202,0.0586191484972369,0.580114627354778,0.880753694871208,0.286612161533791,0.414230761613348,0.619457272559754,-1.79980225986045,1.93222173426508,-0.365199851586542,0.504765300458786
762,2.8668910607114,2.73461870213683,0.0706844886454027,2.86397546915279,1.00931455229003,0.806659402596881,0.309746788635501,0.522421875457047,0.0159230208396912,0.507067710787756,0.507292483783094,0.797425859724288,0.89649891809281,0.480573666438926,0.102411950199283,0.885755297592167,4.84219564071341,2.18819690539326,3.66466835172489
763,3.12419423762583,3.09688019216315,0.0613094567942944,3.06419694484579,0.949285200488218,0.891790959944134,0.279057669761824,0.927518718909356,0.7571830783349,0.454746274145902,0.618144747916143,0.955680066454341,0.347707238880103,0.102977723957971,0.161197352298303,1.203632140832,4.92476174885958,2.61698194916923,3.47097146197702
764,3.59890296913571,3.64274566083563,0.119100216705212,2.63006111879874,0.961639562917545,0.560698916070047,0.372730700038373,0.514595597254578,0.654523106051376,0.672081950674066,0.717153757081251,0.056144456159207,0.537116982272244,0.375933620528085,0.495101575046661,0.745282209371513,4.51484002822597,1.88999335823678,3.06575745537737
765,1.2245511275999,0.921023785231024,0.999927586170334,2.0220221056887,0.996119504151214,0.578206390306354,0.974087186847813,0.0680475273068296,0.191504492070526,0.236963880501338,0.333606882567867,0.0858103889394552,0.693952237774734,0.395077831568779,0.0347089482037118,0.0696637532544271,3.97438045812298,1.31671584460175,2.7848292131004
766,-1.18252343737298,0.617067021669919,0.999771923826856,0.569081710842329,0.975164896573321,0.42371299796144,0.916714874433703,0.941993666582974,0.954923427410075,0.309509831479983,0.152005788983311,0.230714214588632,0.327079540321371,0.18171584403445,0.145653105287929,-1.34220636542911,2.48036978711377,-0.0342486881074515,1.18544440903933
767,2.66448073558045,1.37354829861337,0.988455467464615,1.64584441341936,1.03944330643143,0.767378183185356,0.719901172640617,0.917153560054488,0.782944358233712,0.842160012796754,0.550128977298969,0.957218398813158,0.0905945377303287,0.148795112664811,0.669569681857014,-0.391427031157469,3.68311585799619,0.798550691158146,2.60204209241409
768,1.87317917650538,1.88993703285442,0.814514399189709,1.59404370740489,0.962467868616832,0.0856232218582882,0.570813180230092,0.384173135599354,0.647967732551042,0.494830873836414,0.791184867506032,0.83663123764121,0.122052589667961,0.987822369257803,0.339358652794734,-0.292358651361132,3.4804460661709,1.08933898745529,2.11231491875429
769,2.1397483844711,1.31448691807265,0.969719075011915,1.64969105567348,1.00036314860587,0.225901180931018,0.670677514711977,0.360388298982754,0.223734260945814,0.960920308194938,0.766263832425466,0.602239949045121,0.877491060800152,0.279567689326126,0.754247901865281,-0.310984687055117,3.61036679840207,0.925664835767623,2.38741712828054
770,-0.855500028533587,-0.391716636081642,0.601807016319182,-0.45225576239861,0.953674217977088,0.347539506562636,0.5163130802823,0.0447468884099508,0.499004476261558,0.790410886138212,0.36713959621219,0.151714796601445,0.608810842553969,0.833810515532736,0.37590490816033,-2.3214228826181,1.41691135782088,-0.915846444038769,-0.00283133352714415
771,1.81818812175349,1.75503047528773,0.0568105663525549,1.08721922980647,0.959522842514455,0.486903325833264,0.253460406752303,0.825553396736155,0.378856890090858,0.246751265754574,0.273221302111866,0.873088221021462,0.615225548490533,0.404293631574255,0.36600099129125,-0.793410983865364,2.9678494434783,0.560086795366119,1.58826828396816
772,0.895220906265513,0.109536576705595,0.996475861456712,0.19562239618682,0.967347767658042,0.90171740820515,0.779655472292914,0.328710760311107,0.0991692138771759,0.610435243624262,0.772526213970035,0.0970952166884672,0.175430177914677,0.887070555390324,0.226404760603094,-1.70034438894816,2.0915891813218,-0.441113551816722,0.689716843246902
773,-0.411845041700073,0.620837185700563,0.950628630864118,1.29516685044904,0.959888579300837,0.91197270150343,0.64518611571053,0.131431503982749,0.0837824500697898,0.328988456911058,0.200075888511143,0.240307659670245,0.73534062145045,0.331927087522112,0.14689462186757,-0.586180194151917,3.17651389505,0.783021567602247,1.79768454131338
774,1.09780996664263,1.21542052106913,0.0752063663252337,2.02383089055012,1.05939162813826,0.824253656125395,0.31987629903364,0.181611666818615,0.831676526327501,0.406516212854069,0.511142032374395,0.0615544099288527,0.566989972030744,0.915229731376749,0.507867803803063,-0.0525385461241119,4.10020032722436,0.878226167951479,2.80734056945196
775,2.6559114485409,2.06023202768045,0.428958461335643,2.95028444942445,1.03508052738072,0.721984063304029,0.479498232207261,0.317628988439566,0.857040856697015,0.265835907871486,0.592485895949998,0.601815542291035,0.245504253718187,0.91398641296057,0.874373391880654,0.921563894659525,4.97900500418938,2.03253588528091,3.73311594844731
776,1.74973417560797,1.76136033105323,0.0524135376214071,2.33843973269961,0.967066786641002,0.732084882619558,0.201358768896898,0.646068552158889,0.65661654726672,0.900781177827739,0.32563568488718,0.18952623405261,0.565535205759224,0.686341438821051,0.447114588267868,0.443023660238365,4.23385580516085,1.78726448396318,2.88252104308042
777,0.145917063881011,0.487090858620668,0.994494405521607,0.0652175786013002,0.966175823101819,0.00897189793060534,0.7572442505277,0.515446216678712,0.584963231293601,0.296765724863508,0.190226767537184,0.0250176482024835,0.580621369915898,0.425493075023522,0.919824807588593,-1.82845223741161,1.95888739461421,-0.498617446892313,0.589442798841477
778,1.18431054291456,0.261046165829315,0.989274925613702,0.810952690973675,0.973940499255767,0.492847821386997,0.72362619106553,0.0613645453178324,0.442992631318979,0.749006528228289,0.462875806776341,0.222191861314932,0.236260036500404,0.995512505844119,0.257055735766422,-1.09793561065259,2.71984099259994,0.148529114567765,1.36409989313146
779,-1.52344712183675,-1.53957100358718,0.0500572322489929,-1.55779248671663,0.956970590025267,0.278243058420136,0.0141480257903459,0.249472822908778,0.881174383312231,0.584585098818177,0.4634147561969,0.686938647431671,0.0110847907379502,0.478138132409775,0.521625819210079,-3.4334203774302,0.317835403996937,-2.0532586003337,-1.08447099897598
780,0.843187554452418,1.93514617036236,0.908983650194965,2.20443503766357,0.954423099428655,0.0895502563486807,0.612235536485212,0.697909441337921,0.117290450707544,0.679243680797867,0.46090231499006,0.106327419782523,0.200082511380315,0.264708749874728,0.486074788869126,0.333800136770311,4.07506993855682,1.75148264045102,2.67857993383802
781,0.779875629441501,0.838609213676514,0.0744788168549608,0.915369619492384,0.96556957843473,0.243804313589935,0.318372555265552,0.128947148958687,0.673025701301871,0.884543759400141,0.447297227982432,0.132873801464098,0.995452214616002,0.324848651396227,0.062837616412784,-0.97711197880721,2.80785121779198,0.351241477474613,1.43896339917537
782,-0.0140415143360395,1.77027581113626,0.996584090808512,1.61996826693188,0.965917567908198,0.434957789790351,0.781220805918914,0.325698442244087,0.506920124721713,0.436259168373188,0.0254675265349215,0.346899614538299,0.813670537168509,0.896269449262763,0.853010817693546,-0.273195378202709,3.51313191206647,1.05109856255858,2.1485939727741
783,2.17114771984133,2.57101948774692,0.999598217451731,2.46291747575834,0.965783176097405,0.00932697154406924,0.888394161377801,0.0916505926344544,0.306569970177137,0.909556029816624,0.403169388371287,0.0894553583037341,0.258368514403701,0.461320465120021,0.133973647171515,0.57001723373272,4.35581771778395,1.9546001424602,3.0392914214312
784,0.0537639722402735,0.0616909583994535,0.0917929075673852,0.94611102275761,1.00426918915208,0.487064924152102,0.346062711087521,0.610569676091894,0.692322648784495,0.112073211960611,0.614262043033261,0.269689522390021,0.404406539435266,0.232317387715681,0.784051830801647,-1.02222041876371,2.91444246427893,-0.130074479356244,1.51047801215083
785,0.792783604477517,-0.976550648653144,0.999791413300855,-0.460891503641223,0.986480339716989,0.153785004803562,0.921182144823717,0.367246559332823,0.750623452743515,0.830550525089959,0.605841182214557,0.239434551280923,0.438709308891208,0.0333595656000543,0.693982080417103,-2.39435744094336,1.47257443366091,-1.04164993405167,0.225867530271819
786,1.01259995777341,1.04556922040377,0.0512037953006713,1.49640837151488,0.960762648999094,0.797625867282157,0.166514264412457,0.306822032807744,0.177550169380964,0.00865090401936322,0.390174561840598,0.843797449246864,0.776317859312519,0.353202721733483,0.295662799199577,-0.38665181821464,3.3794685612444,0.9867325235346,2.00912883314585
787,-1.64016272671254,-1.66504963834033,0.0553905468174264,-1.3518602286679,1.00647533523391,0.18566801698599,0.24169376325584,0.953328935537022,0.076213630169048,0.161947668031557,0.00177211120235734,0.56330489524256,0.93536906811723,0.193904658461572,0.90960256836412,-3.32451563705424,0.620795179718431,-2.10373728910814,-0.542119315730859
788,-0.516431966200394,-0.52258168534248,0.105125063833174,-0.523778688879677,0.966735225025279,0.121096417445922,0.360646025967668,0.291443657142576,0.30056351254601,0.471410675198655,0.0277580460776808,0.178255956266308,0.382513013732503,0.585439556063386,0.319583874615142,-2.41854491251545,1.37098753475609,-1.18514273920195,-0.0640149488117747
789,3.57453586262637,3.65088821120419,0.0529591079075581,3.59480852781293,1.0289897560194,0.588145825556945,0.211577278370387,0.645069815354072,0.0629862117569428,0.723455012559891,0.728560309479828,0.893438416654128,0.663942391810706,0.672642872932483,0.00483829492097721,1.57802566555425,5.61159139007162,2.63363206730637,4.34499923954748
790,0.050402054610169,0.272507720887993,0.735707404514686,0.138163266085373,0.943113966525914,0.226658129853196,0.5476697103529,0.293373534651124,0.851357097729226,0.348854808934382,0.408990592754213,0.164932317368919,0.561130451248609,0.467553218281013,0.117991705331602,-1.71030614162213,1.98663267379288,-0.224440992219884,0.520197008088497
791,0.812019676698133,0.766795691983727,0.050146050995165,0.505251221360421,0.988093642652757,0.237611120843096,0.0609946164403809,0.00750437592307571,0.636621190733975,0.847229751742445,0.81546477774065,0.647611765435082,0.244992363691563,0.733729826971772,0.797480973357917,-1.43137673159197,2.44187917431281,-0.145422174760896,1.17023988242312
792,2.51661302048445,1.15106937759192,0.993876387247506,-0.383867906480944,1.09417072652431,0.684462276660604,0.751892148523475,0.950876449312665,0.031997160101193,0.0667436910083052,0.596186460291967,0.745967486508773,0.880651090216357,0.0577253049882129,0.238181599667412,-2.52840312340661,1.76066731044473,-1.57210122156123,0.568599524262893
793,3.26790038288336,3.33453200916542,0.0606001262823347,2.7632143184935,1.10062113004637,0.790535062186187,0.275781233765534,0.485856746798847,0.340532535148552,0.461314030650421,0.53252769078,0.894655145755503,0.359108899294282,0.762166102857795,0.548818669115426,0.606036542978837,4.92039209400817,1.76535837639089,3.65055917401114
794,1.07076242956001,0.576515934371938,0.589200659322799,0.33578624475923,0.968420078981015,0.149967140926397,0.513599145464832,0.25930170064501,0.151690889697871,0.971046149994829,0.642250414735754,0.869930488019367,0.416025847218349,0.845800665401737,0.291589195581153,-1.56228223194899,2.23385472146745,-0.269205671750245,0.885389886467852
795,0.38205765099244,0.408101225262842,0.0624808940550474,0.965597192600035,0.983371321044465,0.938191728220321,0.284048093104502,0.526367441413226,0.139641104832524,0.397717473205994,0.107089516310254,0.807717821870348,0.0252262451424031,0.945283800568082,0.0125217546690255,-0.961775180076691,2.89296956527676,0.260362910341111,1.58605034834458
796,-0.0114917066439648,1.11866742604912,0.999411424847487,1.9043632979058,0.983315681513792,0.354666016085423,0.869294644921436,0.0815975972809829,0.925083501229878,0.981857313677087,0.581860736362869,0.43072280436859,0.505896670950111,0.312317242539604,0.211752952394192,-0.0229000232946885,3.83162661910629,1.27689383689801,2.59564958268828
797,-0.0190241886657428,0.145611711901083,0.997569189145695,0.43376799250406,0.97675372415344,0.674754282570328,0.798283753527212,0.979324717448908,0.368237972442992,0.934801898392616,0.577843448624364,0.246716062013176,0.0524144559528213,0.214146804647986,0.696354210340302,-1.48063412860205,2.34817011361017,-0.167882265367975,1.05672875145243
798,3.77894153230435,3.84634124424248,0.0505038595687448,3.10783187799801,1.00026209644524,0.945890456822352,0.122930542571004,0.308633025698015,0.625431919875089,0.749709844565601,0.627476569690276,0.514811736127362,0.432994671788299,0.240182796296198,0.673423876860412,1.1473541938648,5.06830956213122,2.37740414712668,3.86680331495987
799,2.80836545743082,3.07966072736926,0.980968545113295,2.44407943203615,1.05950954692096,0.92224179170921,0.694506617996027,0.155521651587565,0.526712100357632,0.669829924136284,0.451885658363462,0.776992540039122,0.140080514461035,0.82755858048494,0.00394367226760369,0.367478878794722,4.52067998527758,1.61253372602147,3.43733715137348
800,1.05859150772943,1.03818957750438,0.06933136660766,1.08828594286367,0.961748914403406,0.255672383476864,0.306291285052896,0.180597516391776,0.706287157592597,0.918705973826698,0.0683341977625387,0.833723399735289,0.688675995948375,0.834083557379316,0.166544219194329,-0.796707291537503,2.97327917726484,0.57005709317738,1.59235096072514
801,-0.940687858968282,-1.76676542146584,0.974042459783979,-0.800921119528546,0.951837080059658,0.250018712571007,0.678614794411813,0.669673122700886,0.476845794269,0.624616749420995,0.852417638561456,0.702709985923138,0.678105306305923,0.894744573256001,0.531747920554946,-2.66648751559524,1.06464527653815,-1.23929016288002,-0.373708559118225
802,2.06861232865045,1.5267282411466,0.998280386320654,-0.0816512207473041,0.97102134047734,0.396664822971332,0.81562752820598,0.621918186030234,0.238569824049599,0.0719370460222708,0.986394097699435,0.592449408516637,0.42379070713243,0.935671254662448,0.552869866329012,-1.98481807630269,1.82151563480809,-0.717364603635689,0.453290376182191
803,-2.14929974465839,-1.99608911584302,0.308872640763634,-1.61218396719086,0.958317535693471,0.186296661833883,0.45090060439927,0.225856157572824,0.955664497007267,0.307463619788759,0.901625088582281,0.521004499410512,0.833888826137758,0.472415160430362,0.333543895629933,-3.49045182290324,0.266083888521524,-2.07973500608196,-1.1132179253547
804,2.28812972072284,2.14852805778199,0.99826723437503,1.1987784277557,0.957480397555679,0.880802499849,0.815245879805763,0.657969788087998,0.6953715361004,0.613179482267937,0.789606356921256,0.236080817564623,0.478705046518473,0.655414799922961,0.497450764979701,-0.677848667356518,3.07540552286793,0.736488363666232,1.72273114307927
805,-0.712243094400034,-0.725990331648989,0.0593543574206655,-0.516944188776688,0.992287790399346,0.412310899153817,0.269463788787019,0.431047158696456,0.750124232799746,0.845365647028433,0.36029413102183,0.655340503867483,0.810000797173125,0.78346723895974,0.728632080246112,-2.46179252025824,1.42790414270486,-1.25802364213606,0.0841072027133419
806,-0.0941377513866893,-0.122626802163452,0.0514033614601203,0.141325440090304,0.966947050872544,0.0753555651406059,0.174194336591521,0.87408600566152,0.0754638053032104,0.415022917771596,0.00931203516502865,0.695709015353816,0.280748095634859,0.219825886073988,0.637134281800245,-1.7538559545771,2.03650683475771,-0.40681906496004,0.700528169352494
807,0.277462992401273,0.4096215502197,0.0678924287995964,1.28058914009474,1.01403575452373,0.944129247796023,0.302346471175551,0.022934682289022,0.0604134891418507,0.967590111944941,0.292398050981225,0.617666766790207,0.774876117510023,0.184715312132263,0.733331798948231,-0.706884417807677,3.26806269799716,0.425720197324942,2.0575981741732
808,-1.78194607932404,-1.89884900681112,0.698356632127298,-1.24157920064977,0.962556316569515,0.446074468702078,0.538259774235194,0.589360709310742,0.504323783047381,0.640527209172957,0.556536766580655,0.972216430299799,0.59919160737074,0.362636721278192,0.534144818048109,-3.12815491421755,0.644996512918014,-1.77253809571959,-0.743094197160311
809,2.35547584712138,1.72121493052023,0.999609577617091,1.48734168583775,0.978104802171477,0.992892031421885,0.889828851100523,0.803849151531351,0.386131445616484,0.940882381919539,0.584413663148182,0.826917150772409,0.0120387226585299,0.587388008273556,0.679020054460503,-0.429708499524022,3.40439187119951,0.864306130683327,2.108616449047
810,1.25418686409809,1.22142446436521,0.0501256909205648,2.20812049801119,0.964941121921979,0.674054928442114,0.0534870466704015,0.0166670770708006,0.293808627641643,0.597480868857703,0.61888892849884,0.798252051729127,0.81328637670062,0.87181280297006,0.605944004414137,0.316870651842438,4.09937034417994,1.67866321092809,2.76332301117195
811,1.95280118094372,2.02753685124291,0.999935632310304,1.98122034004717,0.967732098006212,0.0977267853621161,0.979976885570213,0.33391751917894,0.708151590747177,0.278271888341056,0.711203427391709,0.426728339793975,0.0230181526535889,0.105049813908176,0.564300040568341,0.0845002812716129,3.87794039882274,1.43852069851411,2.55674076584697
812,3.32189365332566,3.40161418867138,0.0654789303535018,2.79885124775935,1.03519643078628,0.800105701453169,0.294972279704176,0.594647409872035,0.771234294459224,0.977236241029343,0.589096547780209,0.640527870395221,0.158712258710992,0.176012816747068,0.986602557732724,0.769903526493828,4.82779896902488,2.00444543655351,3.67180742818027
813,1.54509537519003,0.602889492153764,0.999944084088805,1.04446054823314,0.951704197888881,0.817479647508822,0.987015471328748,0.471512455689139,0.488257819402148,0.276073473244091,0.742836753399577,0.159812701322371,0.524314001536462,0.426778871008661,0.243158120204229,-0.820845403564644,2.90976650003093,0.612930670464029,1.50560648364294
814,2.03037114294652,2.04840442821961,0.415792803752938,1.99443160226103,0.98823787778244,0.493996308792266,0.476590567756793,0.631488075009896,0.978723614113289,0.817339806974749,0.778365215742961,0.677080452257069,0.619908607523772,0.528155510498793,0.0701315913748695,0.0575209536491552,3.93134225087291,1.26892220128043,2.6689140318542
815,4.22281490389604,4.1884706836229,0.050169527660281,3.39051183503596,0.985622432220829,0.917659959806362,0.0684488651760621,0.732300228768494,0.131146576309926,0.0876024951594882,0.69984413365915,0.194543703575619,0.348260625357507,0.77116356318444,0.361705895377905,1.45872736552837,5.32229630454355,2.74961642953511,4.08189135899176
816,-0.517480134128921,0.679972575148572,0.995262970013027,1.90211656911959,1.04233372754016,0.670548801095574,0.764802640481736,0.685815468828427,0.856817631879938,0.538913681868115,0.457327330348664,0.213364231523126,0.509395183491637,0.0569704830760602,0.248972550911596,-0.140819996730512,3.9450531349697,1.03463683804597,2.69061007395083
817,1.69126434096659,1.27506892162783,0.97899834021586,1.06323789184766,0.964601301613793,0.334037149211275,0.689475274011842,0.425083111580927,0.752645552722388,0.969823214326287,0.853750713884016,0.564945386947831,0.856665184819023,0.702933260913589,0.491398205298814,-0.827345918755835,2.95382170245115,0.590152238175141,1.67982491709968
818,1.07856366891651,1.77073961221253,0.617767825161118,2.24576219145938,1.01718464707037,0.525775858198642,0.519784218256129,0.795893609870225,0.210430574593251,0.853818089686683,0.361851252055145,0.0107047058162279,0.186651312681846,0.00842934021260589,0.719470271757804,0.252116917574372,4.23940746534439,1.47700694358479,3.12546474762548
819,0.960094807741932,0.0423396821776576,0.670028530628282,-0.252303238226605,0.989876734425511,0.909129772452754,0.531537964992458,0.97982896382187,0.0958735506446101,0.739369869351271,0.589522631811909,0.562532544522663,0.997142592232674,0.641032435260131,0.876264675776125,-2.19242598683473,1.68781951038152,-0.94285569872885,0.434035770706941
820,1.82706974987026,1.68516987113563,0.0767555856169096,1.89546182648898,0.964928881896333,0.884359059391893,0.322942462794483,0.0362034664039966,0.62007620140526,0.753017310875934,0.80665946385439,0.815887196256546,0.670885072252597,0.934432802775409,0.41196687586722,0.00423597032966172,3.78668768264829,1.32521253096219,2.3953738637354
821,2.98333830864739,3.66985107323288,0.931390531304948,3.62302926916588,0.969945940574927,0.862856069278903,0.627653512836434,0.963487799277296,0.675915112089016,0.445711408250849,0.0815964097054675,0.248590196672827,0.328307123108185,0.837050210909103,0.136019236431574,1.7219701586882,5.52408837964357,3.08090599704492,4.25372122353584
822,3.13400235738364,3.20927971254756,0.9999497367847,2.9063683155343,0.989160914027508,0.59095612747292,0.992344542506034,0.0484855481390841,0.411220430433983,0.413081568749272,0.102442442926578,0.749704629535903,0.00374108878022525,0.825373150455416,0.609033460836974,0.967648549125663,4.84508808194294,2.20841089540863,3.56078710499408
823,-0.644233961631627,-0.00264998118124615,0.940695592144625,0.680276237389623,0.955728792062785,0.600169849552796,0.635465954348678,0.381968304972048,0.681763602960971,0.290289206346497,0.97200324241037,0.00478562593052629,0.945822647730703,0.924528921966325,0.825379158456577,-1.19291777404141,2.55347024882065,0.21145517366693,1.18035125771314
824,3.2630016707262,3.56800580391143,0.990770554947915,3.21064278505513,0.979315751233627,0.975599762033206,0.731215017821407,0.548933741773246,0.370173589029,0.199552192424657,0.554335817990592,0.930097882646136,0.629544609527569,0.286548987703165,0.219904904870433,1.29121918314443,5.13006638696582,2.56951473725049,3.79951634585612
825,4.09984292070874,4.09281068279203,0.0548779407781372,3.75986366051835,0.95852205088661,0.752957094189594,0.236670453838306,0.456060456406325,0.255224746788386,0.295264466034714,0.578210441840463,0.107157016548095,0.667233655055286,0.0159699754667236,0.569013779349858,1.88119496239312,5.63853235864357,3.26337058825411,4.26349652879903
826,-1.85112598545887,-1.66097773770829,0.0832499836018218,-1.95166163784601,1.00537106225683,0.320833165422315,0.334160972454236,0.85906125392078,0.0423713216654724,0.0244082391709089,0.306972228204599,0.288558798640268,0.779301896713674,0.93189624883025,0.300686115559191,-3.92215271096818,0.0188294352761609,-2.73243682880572,-1.18313713130079
827,1.794063885653,1.78971706649392,0.0500758416723358,1.61741861531019,0.961100259818099,0.333288372241426,0.0282255240747472,0.339424247370916,0.413973357663257,0.951492415389163,0.735836265302612,0.323192222113372,0.662803565544426,0.405481124517508,0.685170240122708,-0.266303279465371,3.50114051008575,1.10700786214939,2.13777110538115
828,-0.401476019454087,-1.25124898341859,0.999793825891008,-1.21723542978384,0.970901292413959,0.0197106485249242,0.921763960677199,0.185584907520912,0.524558516502031,0.68322735959175,0.698410618745256,0.0260010411576368,0.0468929500657832,0.353896320602274,0.805146276597283,-3.12016699545859,0.685696135890909,-1.69916837951299,-0.498277991459572
829,2.12214420684809,1.57501189801929,0.992377091342933,1.15407233509915,0.962861766703167,0.450249464795925,0.740862374668242,0.786212915915064,0.302314094357193,0.542236360724783,0.900671503454447,0.124247406682349,0.560782306846697,0.447308490303345,0.514931966141332,-0.733102049729665,3.04124671992796,0.605853326714988,1.66567719329775
830,-1.55457656355289,-1.73502545388067,0.999875445488491,-1.22291430891667,0.957411950355536,0.193641822850681,0.946967134072213,0.397089015522157,0.314916549996007,0.589158520151861,0.17994718661136,0.377562583663384,0.380566461335868,0.582749348415178,0.648812309802859,-3.09940724998177,0.653578632148428,-1.71061235372642,-0.755754028315428
831,-1.5902383535008,-1.73500078819164,0.999562698373488,-1.6256751920066,0.956446897729193,0.248032357605989,0.884156683112145,0.576960471247672,0.41288676431973,0.297343691031099,0.940341340379557,0.16256893984857,0.0309534005391179,0.234059721262893,0.953864832507912,-3.50027666468088,0.248926280667682,-2.10074054236155,-1.16547571482955
832,2.28157143700734,1.61449445801157,0.954785082024668,2.00012226336408,0.978631561144384,0.702236773023847,0.649813518049195,0.984333350891946,0.878292491318774,0.628063290139078,0.662328652460594,0.0225113939989824,0.614737240222632,0.863355845093494,0.504261528120376,0.0820396493868802,3.91820487734128,1.29249436234543,2.57740927602547
833,-1.02949028986971,-0.752906877370178,0.311711955639033,-0.511462848504627,0.971121614974114,0.467041958070826,0.451651853678399,0.483403716175468,0.842947955544922,0.0998655110854888,0.122712708545034,0.171424712757813,0.51786389618984,0.631230457687401,0.828323858123622,-2.41482623846226,1.39190054145301,-1.07456439119858,0.0778521392596934
834,1.97864398853587,2.03671313767475,0.0715387194367124,1.1512407602284,0.973639986731126,0.0134128230998758,0.311816177031142,0.060406900384347,0.863062928238884,0.879006829071441,0.807091373877716,0.445151936184848,0.278264162633219,0.142833146161051,0.692928082800121,-0.757058547672658,3.05954006812947,0.544087296593975,1.75850328462007
835,-1.07465696436022,-0.942717544250773,0.987239487843121,-1.17290779536908,0.946920285684847,0.291797154721571,0.714829171239864,0.592125259094755,0.507875022908207,0.412702003850369,0.558048538685776,0.147229189913254,0.510392458684742,0.187594411124941,0.186043689961778,-3.02883745154175,0.683021860803602,-1.5842072084254,-0.770593004068657
836,-2.50546169298085,-2.52227959309085,0.999383829372303,-2.07089048064603,0.950460877166304,0.394624862448312,0.86700222671451,0.620492398948758,0.4829916985858,0.527958764963667,0.704775152235525,0.771791619758355,0.823114417651203,0.969326943499968,0.302238267336739,-3.93375956860633,-0.208021392685726,-2.52833556125539,-1.67001026703737
837,2.22277190164411,2.28222986201537,0.0629184632604729,1.13265348483637,0.9698489607949,0.263165665275767,0.28579436256038,0.690519918855396,0.242871249011834,0.702389540835982,0.417798607497592,0.224088380673551,0.159953957987949,0.871215575431008,0.441266386984731,-0.768215548765228,3.03352251843798,0.613045892066886,1.81982109651174
838,-1.41549522827354,-1.08773582634573,0.237743831580942,-1.08268066119218,0.961601330537527,0.202270074689179,0.429939787872834,0.97296100844827,0.147749341962859,0.27080848159024,0.00298471783671994,0.55890173302358,0.135009289143491,0.866258224980556,0.304544647400384,-2.96738463653153,0.802023314147166,-1.60550730433002,-0.583188154326637
839,-0.381422364871056,0.20720958382471,0.382354652650984,0.270255340646174,0.966256554056113,0.54102905687294,0.469014410425676,0.3648901931328,0.658222487697378,0.231145964361727,0.93093437269656,0.334341583545087,0.499256213847664,0.558763028936111,0.42327816771972,-1.62357270512959,2.16408338642194,-0.271457075874473,0.80787614827733
840,-1.31464565577104,-1.36027035438835,0.0500666482082718,-1.39786033420599,0.967650017972118,0.130169316295534,0.0217640529256314,0.421616606996278,0.960151481599081,0.22678099227685,0.597510500895558,0.238375013361685,0.805749141351087,0.581950568077038,0.055317865304416,-3.29441951907088,0.498698850658893,-1.9561109267076,-0.838640664243917
841,0.752524469772992,0.738914355024866,0.0511469717697322,1.16983911759342,0.948349094532952,0.78671255786391,0.164093565455521,0.798214185686433,0.739983457864611,0.63807767572708,0.323806443487061,0.0590272719584173,0.386589168058359,0.350946869176929,0.167908160076244,-0.688890952462338,3.02856918764917,0.776582282184963,1.59430636942041
842,-2.67742236489111,-1.63169957100147,0.999921856726435,-1.38564202197177,0.972930976887209,0.124658026499092,0.970279551089159,0.0676666263034567,0.512637173577794,0.0345888914262177,0.891456083623576,0.556718915108708,0.954994464187301,0.737517377237789,0.886258304419345,-3.29255169611408,0.521267652170528,-1.9987824345352,-0.820363778363737
843,-0.432010505517032,0.480051495778648,0.997931508349151,0.120498623393743,0.957315660782842,0.500688913947903,0.806373129024403,0.390295985838398,0.179220397380413,0.156914737290121,0.754117565680994,0.0463730136010563,0.313232346197707,0.317472613495193,0.68685558880202,-1.75580559357679,1.99680284036428,-0.354874090023135,0.620865253933393
844,-0.895174856122955,-0.98722784590973,0.149778802549864,-0.325327694956026,0.983637543441701,0.0935892229799647,0.392872960676672,0.758784060399863,0.870670963080833,0.963427584246499,0.876112942362437,0.493741181754856,0.0265867332497146,0.640099031037418,0.702138225287548,-2.25322185394321,1.60256646403116,-0.989098422261108,0.333200487565174
845,0.25893846112605,0.195569018894741,0.0501885664296802,0.551374761347479,0.976995887611783,0.889816964942147,0.0737715802002931,0.157376931076054,0.745661018664599,0.425750961237587,0.906201626267051,0.712826176201575,0.00634476838947739,0.308130107592558,0.280092078620568,-1.36350199141536,2.46625151411032,0.00533199006561413,1.19261822677818
846,1.31154806649027,1.64337721851665,0.872538565920543,2.36023684632865,0.982613877663224,0.770635608666344,0.593229076458141,0.0342019428687636,0.625879315630416,0.0171546160983853,0.398996215462452,0.0327706099033821,0.285632874647505,0.295568965313374,0.761357750368305,0.434349035399488,4.28612465725782,1.72457317412248,2.99997574726902
847,1.31427768401344,1.27403455228892,0.0502341115242642,1.74036010739351,0.970633597161619,0.199289406599943,0.0845913400608115,0.175384231604054,0.595612156876363,0.911452957173227,0.109351620746194,0.11895312725706,0.343774176297011,0.0234052125969902,0.783845602779882,-0.162046785227819,3.64276700001484,1.14559460912313,2.31329068929996
848,3.02287614942696,2.97116746432199,0.0502202658395434,3.17211661281499,1.03037684265697,0.732636563729378,0.0815424900258658,0.171508534908644,0.0331032113424735,0.166089455706882,0.932083312305738,0.746787626061938,0.495660391908139,0.041397751014214,0.237091682423023,1.15261511070324,5.19161811492674,2.43281511809547,4.18977557860982
849,0.0553255594642016,0.833645830714875,0.999783648249834,-0.319529099537852,0.980499282723825,0.0341533109144075,0.919354197140317,0.00364419412845746,0.777506268118508,0.81822028062446,0.426718061685562,0.922407379918033,0.478390544860042,0.314077168451622,0.650321170223877,-2.24127238054391,1.6022141814682,-0.944961632744827,0.369016007382721
850,3.67666420535349,3.93854129123278,0.998166192668027,3.85475145159916,0.983530597219694,0.63810018910293,0.812406774037285,0.47515997415944,0.264521875541774,0.974270122610731,0.445299503329908,0.396134838816943,0.0940654466286069,0.902903844761895,0.194656406150083,1.92706690335539,5.78243599984293,3.1479095091724,4.50830545449987
851,5.2396727878998,3.74476176355884,0.990327250862179,3.60020390482804,0.980634626764484,0.650915561609087,0.728845769464853,0.859613978752517,0.331197078361758,0.104705532885622,0.344223694374086,0.867965992778773,0.564493409933639,0.44006517487485,0.623447437324678,1.67819535437678,5.52221245527931,2.99311062563231,4.22641136572343
852,0.983093687967995,-0.261338965298863,0.99708707161275,0.804925621311762,0.967181084754992,0.660610943841515,0.789211606990662,0.447247901679715,0.964206687363447,0.700914421938593,0.671506807460333,0.728944626947865,0.0635180911561474,0.97513584009849,0.662871579197003,-1.0907144713364,2.70056571395993,0.276299608154383,1.38699268159035
853,0.390406351467404,0.368403667433386,0.0500767049186895,0.704389282067556,0.971178291416871,0.665225535366917,0.0287914658478694,0.456522561910911,0.212289617686998,0.774481525399839,0.797859456679318,0.682272613674519,0.943521689572721,0.133841110085719,0.0582438696306199,-1.19908519167665,2.60786375581177,0.10770620634647,1.2822799809705
854,4.05349280955152,3.97358048007887,0.98395711757324,3.45822052188531,0.954855762228376,0.794873948277906,0.703208261790103,0.376775103431661,0.743956308038789,0.0836663871443598,0.262355231417576,0.0603408531916793,0.393931907569291,0.893103519618744,0.608050137600512,1.58673761748716,5.32970342628347,3.01161133110023,3.96042196194472
855,-0.76501906459075,-0.888845377616618,0.998957166049422,-0.338873743727253,0.964838577274144,0.378604159424198,0.840671085101552,0.587433625330217,0.295067164489999,0.558411376316915,0.371246944519808,0.0872567470594076,0.238691575098783,0.621319787053857,0.268196901335963,-2.22992260607944,1.55217511862494,-0.990757293439334,0.157266906495229
856,3.98251664425361,3.46245361518913,0.999590837220266,2.68648764098821,0.960713079484894,0.613514106518938,0.887483670090674,0.0233938394145807,0.427541708132718,0.354233094130526,0.488932597319363,0.48398861024715,0.683868322887691,0.581169756283052,0.622500638225349,0.803524605721248,4.56945067625516,2.21476343501792,3.21436805745798
857,2.24030326686174,2.02177690757495,0.540169788667429,1.54220380917535,0.959950729638044,0.158372455025907,0.503194726151065,0.854107897809474,0.356830468998756,0.638748861931032,0.752024367371458,0.634338404820766,0.089022745739785,0.096567661019857,0.498869630043162,-0.339265047848161,3.42367266619886,1.02048293131959,2.02936396887955
858,3.41072533487592,3.38854090404674,0.0514821863519264,3.1744803052093,0.988689107828295,0.576314795629121,0.176930884622387,0.785945636479882,0.204696909658378,0.798217444694368,0.290875572456396,0.444062306097359,0.251803021373693,0.319113680406241,0.897868678703322,1.2366852619588,5.1122753484598,2.51102341184423,3.81998890503984
859,3.38820070759673,3.62112067661222,0.519533005709948,2.06134226518185,1.01020296472499,0.839177928102436,0.498849003008567,0.642591097365483,0.182454906135215,0.873154771794798,0.685103842287441,0.711303929017391,0.251478225562721,0.67593956389837,0.0863557554966537,0.0813808372452942,4.04130369311841,1.36336134712952,2.86520964848762
860,0.983059573702975,0.673393642007229,0.948508235678786,0.878271309039136,0.986179292179615,0.256386036346201,0.642965699671186,0.103391466014436,0.41563779270777,0.857502643619315,0.476738824482309,0.00186401853919961,0.808289641019306,0.972292249866761,0.618361424556235,-1.05460458593211,2.81114720401038,0.23963455688699,1.52342746611507
861,3.63820247846142,3.70070908252469,0.533795109434382,3.17042342058012,0.971594320252088,0.744373142428114,0.501851813632646,0.618742045731633,0.264214502011891,0.907439292802243,0.7855246366926,0.603317569178529,0.429346662974916,0.639382389939507,0.054768310313113,1.26613354530235,5.07471329585789,2.52878584388628,3.72087329503807
862,2.44718622682371,2.51688376164433,0.0502192734240514,2.5616412557073,0.978874144599294,0.167551106629195,0.0813166519959923,0.134228392961551,0.386969189038151,0.902468538430287,0.0146644800642971,0.0886321333431406,0.356561613909202,0.29402386764111,0.030218208783539,0.64308318689523,4.48019932451937,1.81232009606642,3.13303000775711
863,0.703937351764513,0.72652551672158,0.05013722324682,-0.0991454864653289,1.01430828035252,0.691157456070767,0.0578768165390939,0.944048466204666,0.988850564664463,0.931958178138477,0.233703219380928,0.473489855006454,0.656494427178754,0.203088177658035,0.799819542085286,-2.08715318517702,1.88886221224636,-0.911267712264863,0.692790169586417
864,-0.126887075493844,-0.0833784694470011,0.0501988032144406,0.921708308624107,1.06907348106804,0.762952836977784,0.0764153744087089,0.750765472267056,0.764797470335616,0.120703275514767,0.646480061081122,0.945215068603633,0.03273306988494,0.793012150283204,0.628939052093774,-1.17363721109611,3.01705382834433,-0.347916410726875,1.66647352352012
865,3.88357633989032,3.73553995763345,0.203621391184801,3.13221421761092,0.965466867909548,0.580421138274833,0.417720818228205,0.924560941289645,0.836786479516653,0.612958449756377,0.0613048306774581,0.487088267332176,0.469465869362233,0.365568868433707,0.729643559332471,1.23993392824151,5.02449450698032,2.59995003428725,3.69424277317523
866,1.11322313614784,1.15709223725657,0.0521143851968305,1.31007760206838,0.947184122774984,0.0427943443737458,0.194726512383902,0.844457702100859,0.508396683806321,0.318210907039931,0.555633328635944,0.905264940860914,0.43767162065336,0.94864231996343,0.721412442018627,-0.546369165298752,3.16652436943551,0.899101370544808,1.71193122417172
867,-1.16410181517992,0.141694678358011,0.898801900065674,0.00692156710965497,1.0148589704794,0.897242845873698,0.606337292225216,0.904513750397833,0.234131170201465,0.812083290165407,0.584696252934518,0.475922226157039,0.0323301713537658,0.977683481875574,0.953114084488363,-1.98216546441737,1.99600859863668,-0.734464492071184,0.924351484803933
868,0.392530160334755,0.878471443158986,0.987574989602746,1.54271536343927,0.981347581276164,0.585517212666804,0.716179266738589,0.550308425099473,0.851875564712565,0.102217455270235,0.607213869426865,0.495511678971932,0.761789146414376,0.759361930565909,0.582358890164527,-0.380690552177501,3.46612127905605,0.960619118311754,2.22922585982231
869,2.91189400921888,2.87775404280359,0.0621716503063713,2.17756301777188,0.990962077058797,0.64539673116582,0.282777128303773,0.659862460699747,0.328994384621619,0.85049674213992,0.144768687287346,0.803593388582347,0.798016035226989,0.309948223021114,0.0786579442663351,0.235313036691633,4.11981299885213,1.52616049379773,2.86498352183778
870,3.06033992531292,3.10979137352171,0.052256814147428,2.54785365187065,0.996053970655607,0.923924172514584,0.197993529246538,0.8151341929544,0.950674166939221,0.0465176931032911,0.703946218105499,0.886217303985497,0.717745171740418,0.725209241734236,0.930123406015802,0.595623742727541,4.50008356101375,1.86254040541668,3.34274849396179
871,-1.34063177015933,-1.38546599703062,0.0818536199889273,-0.37060442394064,0.948803134530976,0.379603415316553,0.331939709986211,0.707696203002357,0.460089165589656,0.34619086146215,0.593616960648331,0.460597975765937,0.482334410690237,0.628090847905376,0.464248544273665,-2.23022439604006,1.48901554815878,-0.835592089098794,0.00610568360017161
872,2.72872439551435,2.79830283495027,0.0536769309692652,2.63109875582001,0.974192215188922,0.873593309225049,0.222474720356637,0.0708914357136236,0.0136712948317872,0.394641468636575,0.543976752311341,0.533375318540842,0.415420626001782,0.476071139837382,0.876586986077717,0.721717100030432,4.54048041160959,2.05600942531415,3.25894983861429
873,4.78183741508979,3.74133635841327,0.990145101169635,2.52455357706188,1.04078894908887,0.933750452383887,0.727903277578182,0.533201452424401,0.886736572225462,0.41720577131398,0.380938376232516,0.649988260070444,0.28730935611506,0.592084405625821,0.283547013137373,0.4846447213404,4.56446243278335,1.70050340134085,3.53811036748807
874,1.48550972689057,0.815232324148716,0.997828539682859,0.721069110979577,0.961571295286467,0.303708713302854,0.803938686107867,0.496546400959254,0.490183502461645,0.331731801458285,0.670687028926332,0.0242505428163568,0.129657339684549,0.370030635396135,0.245099857673049,-1.16357599634943,2.60571421830858,0.246947183545533,1.26265589059947
875,1.81118914942485,1.28932755176335,0.960720639831644,1.28268747563636,0.955466076414554,0.464612394227763,0.657176850182819,0.958773053178331,0.760970882490976,0.605537467248971,0.711668389847735,0.166648533710977,0.307071007606224,0.247857444098918,0.49188712979632,-0.589991622585956,3.15536657385868,0.809627617043387,1.74419520030595
876,1.93650652116867,1.14913154956165,0.551161592392876,0.962485667405196,0.963695183159514,0.385133531293483,0.505513282989617,0.193436718012439,0.0106431281858822,0.745249658130226,0.97482947003562,0.75900875721965,0.927458432756597,0.398947976677679,0.619572437702678,-0.926322183662182,2.85129351847257,0.430575386848136,1.50690440012124
877,-1.58696235310386,-1.61234922266421,0.0500985748727389,-1.35200714810942,0.953725000280063,0.218346977078822,0.0413351446792949,0.15689390558633,0.719759777549072,0.682789559512981,0.548359100833535,0.776027533662273,0.0694858721160563,0.613895742356661,0.503992451359285,-3.22127379981379,0.517259503594958,-1.78093079760684,-0.846096922319311
878,3.27358646452078,3.28052847696105,0.0864437462342262,1.1799589590035,0.967784432991835,0.548225264163455,0.338921245912905,0.515659869562136,0.315351669983356,0.259648742350633,0.714353369205957,0.997082975417608,0.591654641197179,0.957466438781703,0.220011795268045,-0.716863674459014,3.07678159246601,0.623805121525119,1.73646685655185
879,0.791090104967603,0.792863599924091,0.0887791036089352,0.699623418190733,0.961475637435327,0.555914893769776,0.3421548095037,0.772307148338296,0.494025167322368,0.434722208991298,0.713077252410934,0.549143775994773,0.209145811392344,0.261930559447152,0.276172320911312,-1.1848342031952,2.58408103957667,0.168617677775345,1.21216526159206
880,-1.12849313395531,-1.40996108578244,0.999903067930115,-1.73899831340531,0.98012643679736,0.391984677690431,0.959505240095197,0.943384763937909,0.577141449540155,0.871992359516909,0.335481076990021,0.628876538898214,0.0427960921498016,0.500376094053499,0.520010771632544,-3.6600108298237,0.18201420301309,-2.36401397610806,-1.08851318688026
881,2.56088612448191,3.04571506354041,0.633336986199579,2.11667386030819,0.953268341610107,0.956781817766256,0.523216091629001,0.554988222154207,0.288875060994644,0.495625617290265,0.582994652955094,0.307357534495881,0.814247691730037,0.609633469500113,0.287546687714639,0.24830224315016,3.98504547746623,1.62543018947318,2.54706145938064
882,1.10462586817221,1.38469857503295,0.976874341082236,1.24098225208972,0.967436211175476,0.368667909444193,0.684543761262787,0.68605406452436,0.189009316455107,0.293527147090645,0.63706606111466,0.729314550320618,0.288705727089429,0.84863138807239,0.765926340917707,-0.655157879154095,3.13712238333354,0.73905602323705,1.8329289005778
883,-1.06090960088422,-1.51111119986529,0.989674410229344,-1.02928358704169,0.950440171178936,0.012026590866968,0.725545409265324,0.477826822934439,0.334066332667368,0.468564992142608,0.296161389256828,0.327571448720759,0.473907589508453,0.916318475895328,0.620080577131477,-2.89211209201248,0.833544917929111,-1.46028033151492,-0.607574829659504
884,0.836217408245894,1.45344732824488,0.424324819720495,1.691131539658,0.95392550987607,0.455416409761994,0.478479017195292,0.48394206394814,0.0583716152729467,0.459170586820925,0.648065125346533,0.932384254610864,0.899976132685551,0.257272920518415,0.546891860133037,-0.1785281036331,3.56079118294911,1.24521998474298,2.17842757850491
885,-0.298085876852293,-0.288648268525345,0.0514605685400099,0.20227288444158,0.95174400148254,0.178662542039528,0.176195120496675,0.569253370568389,0.556511782277958,0.789918710137252,0.636964992193505,0.195424995268346,0.156391606823541,0.715127674780786,0.212875325019704,-1.66311108096623,2.06765684984939,-0.252791346784671,0.635425942878219
886,2.119345370445,2.03192405111639,0.0523176581827561,3.03409500908641,0.965456623601903,0.841927660296671,0.199326895413571,0.0294864944573492,0.762951006492483,0.073854784581461,0.243604484390933,0.798505881649326,0.47187396292889,0.218728562431992,0.521166302673169,1.14183479819103,4.92635521998178,2.4809527041403,3.58548299759554
887,0.751142544774431,0.680437912459156,0.0500932645608207,2.23290815834058,0.963558288502208,0.556450862678117,0.0385660554504721,0.813068091737106,0.796265837575891,0.458770682235132,0.112227923324797,0.434559939101106,0.0751810746255796,0.328064094521804,0.143292654433404,0.344368615871199,4.12144770080996,1.68531841752385,2.75275909303819
888,4.97548103138029,3.99051397292556,0.336944549096449,3.02619133293064,0.972567293720155,0.61308996478247,0.458121518266271,0.0620283817477757,0.84013760131353,0.481381828704616,0.778547154396423,0.292672356799827,0.802190691186348,0.248014917115215,0.104200155992294,1.11999446469755,4.93238820116374,2.42822728215746,3.60372351428071
889,3.59784007506402,3.55413490753022,0.972731576120037,2.86069616230467,0.986315015000214,0.723631491977838,0.676080448854831,0.639594407352037,0.066099974788609,0.648322234733845,0.585347194870119,0.359275163929909,0.956785064276075,0.886691666255589,0.265181272741291,0.927554255493169,4.79383806911617,2.19797249371451,3.51112216758121
890,-2.07362118112895,-2.60634446885485,0.999925635183622,-1.9132152501532,0.961509820521554,0.0416648884692695,0.972757802495849,0.638174617754645,0.448330838530441,0.42084266647289,0.750608964501764,0.939938352010213,0.867763608431211,0.976770725285169,0.573362302808091,-3.79773986915701,-0.0286906311493822,-2.45666894775066,-1.42838387397926
891,2.68019481874915,1.24821755219678,0.999909548242776,0.982460403629477,1.05090488927156,0.988740850777249,0.962965270372224,0.516401407816913,0.571047821835615,0.982650732186041,0.869437799236854,0.913320652706898,0.854254350617644,0.603229025302222,0.643617602144484,-1.07727533051983,3.04219613777879,0.0566879515178038,1.97550055722087
892,1.20337059848804,-0.591203680841356,0.995889993970228,-0.76266181818203,0.977106268827907,0.356586507153814,0.771935089062084,0.519339215303073,0.0706339146686951,0.938325999174383,0.165346894776099,0.109191560158739,0.0592875994760543,0.96112612418842,0.37145380189619,-2.67775491415304,1.15243127778898,-1.39191708556764,-0.144830006309927
893,0.882583837008526,1.34895033016064,0.99991450185578,0.950231265539911,0.96095145085052,0.153017587146256,0.96578162953991,0.848962062808801,0.599774087893311,0.192641729273368,0.947620374424965,0.635014604080585,0.860177791244583,0.169028292273637,0.77752419091505,-0.933198969018619,2.83366150009844,0.431617961521421,1.45457475735905
894,1.61936191584215,1.74805794242599,0.954011714618888,1.03207862389935,1.03965135498877,0.0957146693923278,0.648922781026457,0.731544202850782,0.842404685581336,0.76953916412557,0.104754152661539,0.387976216461975,0.556717530438327,0.689940033439314,0.597725282223895,-1.00560058835691,3.06975783615561,0.275173620869437,2.08492289014502
895,-0.680075951342314,-0.143693936639989,0.973137871568249,0.729947759221994,0.953434624320384,0.784018269446096,0.676853058350855,0.344249253157293,0.0726660661593778,0.347656930188416,0.724316226651426,0.467792643748573,0.859770518898265,0.730774031979847,0.294360501584597,-1.13874976605944,2.59864528450342,0.281258815879271,1.22410745559985
896,0.630847954110391,-1.14454280380718,0.661621993148587,-0.797524073681931,0.961628772124393,0.348564131715451,0.529597539969138,0.00275584119861014,0.385299415295827,0.197279182490078,0.641980926246382,0.0706390305400127,0.339827907756204,0.137546417679172,0.903453191136126,-2.68228183354321,1.08723368617935,-1.31475959591935,-0.273197870745687
897,0.874738288955798,0.314471170189397,0.750075350342045,0.606730124252749,1.00926618740618,0.498425987736438,0.551501425076625,0.354868714136304,0.138256641783286,0.479492430552491,0.0933109799824888,0.573897890183143,0.353584885708522,0.746294557601563,0.791147277300712,-1.37139525387742,2.58485550238292,-0.106435549535984,1.34840513663393
898,3.8214732408071,3.16451912138856,0.999579476823007,3.37188584919408,1.02638710648542,0.758495795221766,0.886113745700219,0.0713496654166374,0.0429968735417351,0.840972715123557,0.991994795503211,0.262821784771746,0.0118017848981544,0.380184678978636,0.730250551042729,1.36020408628638,5.38356761210177,2.51759468292107,4.24057609734297
899,1.12790481040267,1.18197458751007,0.0501546423297172,1.70898751447728,1.08208472016543,0.0350778694904875,0.0638530215641949,0.840209256132483,0.349194218952558,0.766713200238184,0.394913977161865,0.0924084391115466,0.713330667842529,0.688705367351882,0.893748843013193,-0.411859565268065,3.82983459422263,1.01670820746378,3.11717187130145
900,-1.25174878055685,-1.25199648235378,0.0524482949447736,-0.883849989257115,0.952214900641913,0.38953719182394,0.202075516796089,0.220037822228041,0.938860044367146,0.416010248604696,0.0589869450599654,0.320762178725214,0.351964336008183,0.514580340562505,0.216617577272933,-2.75015690005765,0.98245692154342,-1.32787660648872,-0.432950023947383
901,1.82631801448372,1.92318414638138,0.367236821691447,2.63065176309583,0.952073899545447,0.660024384732475,0.465477617014665,0.486634764351649,0.171144150976557,0.347205327303847,0.159382844828768,0.281750449328334,0.23159461068979,0.195960072830087,0.122952190931421,0.764621209366145,4.49668231682551,2.17526061072922,3.0711424279793
902,1.6551223302397,1.77770190870409,0.0502387705782112,1.81065834552477,0.962857581629594,0.717419215235976,0.0855768636285793,0.966751315862173,0.769705278598471,0.0496550069050863,0.595666199669009,0.871243827272556,0.898247079392546,0.937418932606233,0.431346362410812,-0.0765078367105636,3.69782452776011,1.29080057949378,2.34290386764182
903,3.44341549811329,3.43080240852478,0.0504372643110222,2.54569544717113,0.964048011799726,0.993038536676555,0.115839048178983,0.814208158666734,0.0703982727798866,0.345780346876825,0.698958085855003,0.455155225943541,0.49482656490407,0.466407820610912,0.452232472850825,0.656196064676219,4.43519482966603,2.04332459751393,3.11318407241034
904,1.18983573225929,-1.34779932142138,0.999908530004049,-0.671659652455122,0.986040897016697,0.0544710430835839,0.962405498466571,0.928957355031511,0.939905941649689,0.0238792851357721,0.529679036685964,0.25700684540777,0.561542155288975,0.0940471835461212,0.67213419189339,-2.60426429789142,1.26094499298117,-1.347715301735,-0.0232339405584814
905,0.107235942867073,0.119537048793671,0.295262412858283,0.688828597650513,0.98500232621988,0.0304313402133994,0.447225159677211,0.782361053688801,0.718648151525296,0.421922350892564,0.782775191210443,0.422551661647623,0.449937380013289,0.21939803922805,0.199322245194577,-1.24174048642862,2.61939768172965,0.122956601078755,1.42735605678707
906,3.49586214121566,3.08122062411821,0.999335161596994,2.39806471707205,0.965818972806942,0.631905093017733,0.86319865902781,0.935906658690888,0.237868483364349,0.301296046882519,0.402007909527165,0.742374639427988,0.0435970352448057,0.772417260873481,0.949655804256443,0.505094314784972,4.29103511935912,1.85116083867222,2.93690796073959
907,2.20530169076816,1.91083100791374,0.999723831659948,1.30717145215436,0.971495616824972,0.369876447359566,0.907145795514341,0.638987411317648,0.044412871238892,0.320515253749443,0.0476341243096394,0.263184343458037,0.882811089275521,0.480363668202539,0.948618678009021,-0.596924967961112,3.21126787226983,0.72793881397962,1.87954666121465
908,-1.02431662498324,-1.93395065025261,0.798580736868037,-1.62571273899557,0.969727747294414,0.143082246761071,0.565639522054116,0.857854059612728,0.67098563300469,0.9997750356826,0.0726829362618737,0.871626644892385,0.614167974120472,0.625782370085362,0.458185706267715,-3.52634419850177,0.274918720510644,-2.23299200337867,-1.09312448815158
909,0.0724714056539334,0.219306588492777,0.058712696900351,1.50868142475427,1.03193898261566,0.823839396271738,0.265876648290432,0.955524241374806,0.184121032397496,0.730159249180811,0.0824371231506811,0.437347600408597,0.407282329274691,0.301673329521087,0.681766135336016,-0.513881815415336,3.53124466492387,0.66531664806884,2.44327255291986
910,3.54223874796071,3.62026528097749,0.0544238594502762,2.85100647954837,1.0196065759238,0.830128313251073,0.231760903981398,0.961949011473218,0.8119108551112,0.290963059664587,0.590852352258749,0.292423642293899,0.847625350313145,0.716907770247199,0.430889069554396,0.852614312337511,4.84939864675923,2.1945451075824,3.82284709105806
911,3.47336039379863,2.93972358429677,0.703059568611365,2.39560619866506,0.982720834389913,0.644803284312948,0.539406839856645,0.231531909481389,0.420883406621288,0.997578952601645,0.4673995492697,0.333794217146235,0.148148225874524,0.165861713309307,0.170657650749316,0.469508756403678,4.32170364092644,1.74534521549748,3.04887469014923
912,0.803139724561462,0.723068281008927,0.0527922706527395,-0.462462104798826,0.962915443955571,0.298744886157219,0.208666834727977,0.644490084506804,0.698684655820369,0.0145413239774061,0.995340574902249,0.428709549918538,0.00116163538536057,0.68773518839071,0.688075203187997,-2.34974169510914,1.42481748551149,-0.97430061365078,0.0984437192437347
913,2.88050903168403,2.97005414346961,0.0783608265087428,3.65826246852411,0.968700670918637,0.997277557770139,0.325942752485513,0.951852008974412,0.632702193047502,0.344688787835767,0.0606226303681033,0.991003758427221,0.765558872390306,0.432386013165466,0.801094155886676,1.75964404172379,5.55688089532442,3.12165257949553,4.25025489197189
914,0.397482321711693,1.03431701771957,0.980303828212898,2.5254047377289,0.969137997668231,0.655465640297509,0.692754346923204,0.889840685984585,0.516664244657615,0.428682793641463,0.471682326405076,0.30695980466262,0.207216077130171,0.787542042051908,0.882821735872538,0.625929166249908,4.4248803092079,1.95663817220493,3.1038395550724
915,-2.12977563396788,-0.861280948628279,0.978512630956178,0.248333081166265,1.01707650560379,0.311883064488298,0.68830593540764,0.823312615702278,0.936888868742622,0.84279799535824,0.444429836844327,0.631605570411775,0.920926269823569,0.237925094541512,0.52801130470843,-1.74510023933902,2.24176640167155,-0.522372967567068,1.06604186865924
916,3.01757021882833,3.0286526780888,0.0502439365690892,3.37379016659557,0.954350325680671,0.942227511242265,0.0866473886739695,0.951424200430163,0.490646606876748,0.465993768243818,0.874428208078956,0.486503925369936,0.562820371026755,0.92589962781209,0.81429423395684,1.50329789962738,5.24428243356376,2.9013152722541,3.83045041540724
917,4.18238965984499,2.86097346432889,0.999647682247324,2.72238943116251,0.951200233700259,0.631406432777294,0.894965642956435,0.858335406661848,0.606485323666944,0.716643472714699,0.496305577527382,0.357693369637243,0.32484586842393,0.190704671710031,0.355277956876089,0.858071231023919,4.5867076313011,2.26903935163266,3.16476965319022
918,4.13907086756256,2.8390803355178,0.835499668549268,2.99315383605639,0.942431021053416,0.982021057477687,0.578170372531633,0.564018980340567,0.48954614300339,0.258553471850348,0.836885213813395,0.676068130668253,0.623295507751871,0.630633193273214,0.588646366337547,1.14602297687839,4.8402846952344,2.63572366263298,3.36043175352706
919,2.04348256845795,1.90099470243152,0.193152807790009,1.91313772197941,0.97379000221852,0.704407955512055,0.413538917411584,0.262715603803168,0.317217002090882,0.0487235287829535,0.818198547182023,0.730345052242279,0.0155316959690535,0.457898612417048,0.801576406788081,0.00454438912593291,3.82173105483289,1.35817096224385,2.56072916566203
920,1.46698363328676,1.41969856355887,0.0655878724779539,0.834387053526175,0.954566590524095,0.237005658317357,0.295328780786484,0.581895159086212,0.451034205737407,0.839048866321682,0.218462732209009,0.28656479009171,0.727057778299553,0.338152528146165,0.111359491778072,-1.03652908474624,2.70530319179859,0.330094852966799,1.25799939103237
921,2.11763333393711,1.51736925235776,0.424867029437772,1.64075480038833,0.952549142360382,0.0534202603087761,0.478598505385453,0.820727683315403,0.8441946365271,0.343153143427917,0.186728464529035,0.949904982825741,0.49678073589562,0.704241397370352,0.487114670179901,-0.226207212142537,3.50771681291919,1.18889361837542,2.09465068134475
922,-1.7560447855508,-0.0153729701524002,0.999951294664343,-0.0528811391871704,1.06428647855574,0.370603029588703,0.99391887038236,0.359021364480956,0.0415175006460631,0.916089965381892,0.0832897006081184,0.78026558502554,0.0257869053689064,0.25304876295384,0.453943649189896,-2.13884430638937,2.03308202801503,-1.09014152496762,0.870311144555803
923,4.00643177634639,4.04872429682644,0.185043504913559,3.9630919226528,0.990996727199459,0.750330064111855,0.410123112679459,0.243419877857785,0.197047234821832,0.954107402248541,0.769612590486999,0.747262652461533,0.529789849851048,0.0160553319064202,0.112978956156061,2.0207740285448,5.90540981676081,3.27775132366121,4.666492746584
924,3.77755037645794,3.74052794776071,0.0503164198835568,3.47251377215738,0.950642935487161,0.676343604691443,0.0996592971242499,0.582710922381142,0.569511022535153,0.220146516885259,0.370713165538502,0.880043526522582,0.515970600369037,0.691243961222121,0.364104511466459,1.60928785644511,5.33573968786964,3.07722698456981,3.94922240334317
925,0.253509001501963,0.815244375828852,0.95260978154686,1.48234687946455,0.954482221495816,0.352698011578177,0.647343723937753,0.247924842404318,0.087059929470066,0.502556892516557,0.116942593842396,0.769145935549983,0.0748168475636048,0.762971078814589,0.890165504016099,-0.388403898551033,3.35309765748013,1.01832931641493,1.95725666696146
926,2.58247218229612,2.33352741276285,0.284463675742012,2.2782585418837,0.964006113263358,0.222449384022155,0.444213415481849,0.114742004293948,0.0554025408421876,0.111872544150567,0.640797430017032,0.705488888613763,0.097823224209249,0.604058082129341,0.906157373379101,0.388841279011079,4.16767580475632,1.71236564762165,2.79944221663716
927,2.44217456133081,2.48389968048993,0.220140293014356,1.9961101125619,1.00402091130167,0.4963374577621,0.423875465453719,0.00674387945211492,0.74960155025241,0.98239929743344,0.567229194750194,0.104666671669693,0.973838983159279,0.256335757604684,0.826764080590219,0.0282652866855426,3.96395493843826,1.196912936683,2.787350380299
928,1.25564064149368,0.370676097509075,0.999736720279438,0.91521795798814,0.976602789645034,0.618853250006912,0.909536152267829,0.248425518269418,0.421960272307391,0.945475106612197,0.70528270393319,0.174914655512781,0.72011162166961,0.280596025346429,0.976758368242532,-0.998888336917472,2.82932425289375,0.308233044145964,1.54478448478298
929,0.483671245185008,0.538275486702997,0.0504897937704883,0.0997043541717691,0.954572038375077,0.289201318269363,0.121514143386157,0.172980765800923,0.400882911725086,0.360337130768341,0.85411405978736,0.27861505201878,0.949405356708681,0.537817106677336,0.509490069196676,-1.77122246169237,1.97063117003591,-0.360645928491204,0.560903999004816
930,4.09278603743195,4.06245122798018,0.0717727055197512,3.42992537072496,1.0005253639422,0.9149349361473,0.312369025638327,0.303015016062651,0.795879178152536,0.0629075908141676,0.166073902954347,0.338736679422203,0.540500343395281,0.717770929166349,0.0779442806578008,1.46893169177942,5.3909190496705,2.66233203394562,4.12247712302486
931,-0.320004010138396,-0.436254841747904,0.154650582091427,0.24478844812891,0.9600601070551,0.883112974414253,0.395543847847148,0.584811665648362,0.982067573980195,0.595271078774123,0.597390730448882,0.865840029780637,0.616322254971601,0.154134571226197,0.640328696883167,-1.63689478469275,2.12647168095057,-0.264713926663621,0.744178285907446
932,2.13387601541614,2.34333665944783,0.329442018820435,2.3198082051404,0.972522022387429,0.0632474820772186,0.456234232573537,0.105339848761214,0.150895935933106,0.793868836320122,0.829917433627998,0.362689278442413,0.391651396916946,0.794486628580722,0.116150082053849,0.413700067088985,4.22591634319182,1.70013735819257,2.8983506505047
933,4.24454546823991,4.00429162429972,0.726719880644502,3.18866213847051,0.993257101183701,0.799939622212318,0.545338003713521,0.505141588774277,0.00832066478324123,0.716274873532588,0.715010903197806,0.788402397111873,0.0619248733714921,0.45221661092178,0.098571557752206,1.2419139927618,5.13541028417922,2.50141549170525,3.92375029044673
934,-1.75241763804075,0.164428539294235,0.983107903480129,1.72758450906945,0.95695431251228,0.644036302953493,0.700583749767044,0.727711147024762,0.455780955411028,0.767078116092947,0.880400047555915,0.754163951818133,0.53906258831278,0.390615780711756,0.771195278559579,-0.14801147830491,3.6031804964438,1.25608665643384,2.22918898167487
935,4.89424517764114,3.8510391032375,0.994610914563093,1.22829613286423,0.939661119015854,0.822959990397794,0.758319870965905,0.331883471512236,0.624536467771279,0.358652674285113,0.358196606395533,0.423140073527815,0.218361710954807,0.629397205507383,0.260741889142664,-0.613405818079448,3.06999808380791,0.89112426511838,1.55322603259066
936,-0.921551164479989,-0.944545062410497,0.952990001507891,-1.19977461750643,0.966537915233042,0.073430784142809,0.647767558393418,0.527932034841739,0.423026372658904,0.259376257888973,0.61325219504477,0.445636409532279,0.0334943032129668,0.253795164127252,0.0293000858093146,-3.09415412105562,0.694604886042759,-1.77100181155805,-0.676620175637118
937,1.7603327636452,1.85466090443015,0.240684990931979,2.08855607993951,0.977510170335429,0.268319723962108,0.430910304068821,0.0691177011890104,0.156246236991487,0.210583553828881,0.00501237360038795,0.506739755527931,0.075738578483928,0.00120206617133226,0.537625534760067,0.17267135156046,4.00444080831857,1.44075682017021,2.68382481265845
938,0.82070940775091,0.799244788643997,0.0500472528973029,0.458779925710882,0.95717837602523,0.34813168514974,0.00456732240959536,0.693025567350211,0.350759787553572,0.16979446866503,0.971795257823658,0.77116748069087,0.418132723675459,0.258045731776394,0.281147543098545,-1.41725521807911,2.33481506950087,-0.0155379362978521,0.958878328684616
939,2.07155094596375,1.65116526876774,0.999943255812549,1.23126122199943,0.970846745738636,0.360341082511819,0.986280215186533,0.42065409340011,0.720117796880426,0.962589479471208,0.941433591805748,0.422457315849722,0.479034161775722,0.0951351893467363,0.185528817224549,-0.671563434156211,3.13408587815507,0.656709479334853,1.84873830429421
940,1.37275086660971,1.12903955935882,0.975736837211539,0.0634555720882433,0.954957317450574,0.190805355692282,0.682081536782789,0.647693081574747,0.800025817655609,0.791861686791875,0.0236537408949807,0.0961766670193756,0.951250173858716,0.54795773081691,0.726882501931512,-1.80822637688786,1.93513752106435,-0.381331169980239,0.570314845841458
941,2.62813569875569,2.84751718297123,0.993115278892004,3.1177512066444,0.954718827074458,0.868594992450904,0.745994194898056,0.925559794397908,0.657464008329436,0.254995054877014,0.531887903465307,0.304264698978746,0.964902980084298,0.373411393795395,0.171352536782739,1.24653669021613,4.98896572307266,2.63690650548241,3.5870187552353
942,1.19165176945786,0.787729941368166,0.999954834226444,1.65215158254261,1.02099187836992,0.80410911511234,0.997691507087206,0.624461289555999,0.858838675797102,0.605270019467804,0.434391782721505,0.478872790695517,0.785623335672775,0.0784564336561598,0.873290569765959,-0.348955727570331,3.65325889265555,0.875017435777187,2.47756593005616
943,0.395333232613726,0.453433328567215,0.0503987347044922,1.50706351905949,0.969344218076345,0.779989201814635,0.111224941999768,0.351544854100561,0.430500460025854,0.456696691594669,0.847856997927534,0.00887076248333324,0.558554634187021,0.216602314776857,0.125674353100476,-0.392816236992284,3.40694327511127,1.03071645379224,2.15632290903158
944,0.141233992504268,0.133167639519212,0.050068165224294,0.702721683925822,0.958187369600617,0.726052612383966,0.0228894509477541,0.0998875739951618,0.141390111865476,0.526390803602873,0.935983410217683,0.310832111721858,0.892619632387767,0.39601865908294,0.738962064075633,-1.17529105093256,2.5807344187842,0.211111009517014,1.20242564068302
945,2.62516806889482,2.53898618189726,0.0601880479686591,1.79871829505194,1.00964331757125,0.953291268941597,0.27377677306172,0.650107485402725,0.20178532186721,0.936071085500182,0.254108011250733,0.721590031732107,0.705637770576635,0.59892995005555,0.788299240189255,-0.180146244619241,3.77758283472313,0.956563893395336,2.53962311741064
946,2.28633061074685,2.21462740844297,0.0504976088763421,2.3759292800948,0.968823045521686,0.3413352577599,0.122306052602245,0.465919725418324,0.00106236361549236,0.0914928195020184,0.00236201858695131,0.761730720958207,0.235970330481534,0.220731564630289,0.313462325004046,0.47707100347989,4.27478755670972,1.76361191683081,2.90362560366835
947,2.45654180382898,1.32359278974473,0.625133049789324,1.6237091660246,0.961100649956791,0.238736392582185,0.521401512069628,0.838220347511116,0.244210902514751,0.698457020015689,0.339818925491185,0.101269995142356,0.732832659967593,0.187429177761544,0.159520372756058,-0.260013493408745,3.50743182545795,1.11177509627991,2.15340719008512
948,1.55303897328434,1.52216847869941,0.944759908883915,1.54952826611305,1.02538204435543,0.302377197472146,0.639243322302937,0.863065602061106,0.42475078485359,0.763803167138016,0.908110623324523,0.0230597739878576,0.169646348023438,0.0712939111705637,0.258779667081661,-0.460183611217639,3.55924014344374,0.637818579659652,2.47343007964841
949,0.922180454764942,1.53047751188612,0.999660973532717,1.44990774126741,0.961123286939433,0.527876285419683,0.896889107550262,0.331012612171588,0.451519594250014,0.178395141143701,0.600179108431446,0.170240624198806,0.431036990957684,0.461760841746465,0.0339301170507679,-0.433859285836636,3.33367476837145,0.945649838773311,1.95734531159151
950,-1.2745581856912,-1.28938431457082,0.0588519395368505,-1.6933314892267,0.955372511095583,0.459326369051007,0.266676806038129,0.560755769866286,0.405200911177206,0.426222969194641,0.870021697478136,0.663065106771886,0.419749529658468,0.915820769793121,0.693251494927448,-3.56582720279364,0.179164224340233,-2.15616804279717,-1.22213801086221
951,3.54182195933092,3.49534643362653,0.05007913174339,3.1742833972007,0.96082317430462,0.840308974089799,0.030349006890785,0.996861977484194,0.652398093692609,0.541696530134766,0.0264184932186035,0.97483177902014,0.857037426864495,0.450313216527691,0.629365571145783,1.29110458005219,5.0574622143492,2.65086980986609,3.68380078501869
952,2.24694199563675,2.28326557403066,0.0516332468858185,2.43677953892109,0.956333966449143,0.598123078403529,0.181791434509214,0.57230742769991,0.646884504567599,0.0556265041028382,0.51993904328323,0.868681392968632,0.389935834521544,0.449351083065965,0.40499184938625,0.56239940748843,4.31115967035374,1.94620678318625,2.91552719556151
953,-0.0102571959961141,0.0134556259557767,0.0502040199016105,0.594330901460242,0.95048576904868,0.126679927591234,0.0777107531639049,0.334992659116513,0.329838558102376,0.788794722775463,0.551136358212214,0.417646900199121,0.356069335276843,0.210740172213758,0.293922479331377,-1.26858697369303,2.45724877661351,0.171728063702482,1.03783180784287
954,-1.11387552465676,-1.16415631842813,0.0607510001173515,-0.401534597635667,0.944668352433416,0.250828386584879,0.276495908238459,0.369827778831474,0.434949504000135,0.0603146152701229,0.279774123835959,0.604997401682427,0.433057631103904,0.213802798330318,0.0846468362034066,-2.25305054573995,1.44998135046862,-0.770790617024706,0.0050348700279883
955,0.433755700070417,0.610905380671469,0.972592983504157,-0.428983188256021,1.0080379648152,0.192530897908029,0.67581945544295,0.996340522251441,0.0458678859968204,0.895094725265983,0.476484499522834,0.188065141446074,0.545369849583832,0.278787899230374,0.427418275466072,-2.40470129434287,1.54673491783082,-1.22079726702104,0.371049808342366
956,4.20271691644101,4.22024317576528,0.0512780297866265,3.62203357435092,0.981323942052211,0.578970042830799,0.169510193927097,0.742030334705254,0.0505957106200512,0.294126024788595,0.132365695177345,0.350027747551678,0.542738646059996,0.57900726852857,0.555705601523281,1.69867399076172,5.54539315794013,2.94984282479225,4.20915344377583
957,1.47750967946836,1.50325299635707,0.0847844535866405,0.522278253015129,0.985464613096129,0.0629560214962112,0.336500547178206,0.0405054494459182,0.982522845613188,0.70429943813628,0.803716143732076,0.158455535990885,0.64419128094893,0.441717724211165,0.0814878332975786,-1.40919689669198,2.45375340272224,-0.129526924476828,1.19628295669116
958,-0.48229357842464,0.418330882049014,0.997304515424741,-0.0113719826065857,0.956355118275332,0.243068678686745,0.793102130300365,0.275970508864033,0.472084920600872,0.611142095822142,0.867590524903848,0.177702636137721,0.349356098155375,0.0735057216363493,0.274070255870232,-1.88579357085678,1.86304960564361,-0.502823264305566,0.44069791792857
959,0.556964636427133,0.482659123637222,0.0926878085618817,2.02818839262174,0.980301558701631,0.584044238971779,0.347171338627813,0.609380116422893,0.167514956761734,0.530346757082734,0.63457843915117,0.260640287615824,0.673848164739902,0.0270632467925316,0.132704462704947,0.10683264357807,3.94954414166542,1.42942272107742,2.70611974590725
960,0.891047312998007,1.72162248804606,0.92329289218519,1.75392341655014,1.07146429490318,0.846984765499248,0.621613831297029,0.387690162788727,0.797714096619864,0.215273279407527,0.895470214507892,0.808686292533181,0.907600178261637,0.454275686615147,0.217847833155305,-0.346108012180701,3.85395484528098,0.990478487806802,2.86553072261343
961,-0.112122481302331,-0.127252951905131,0.389118112048698,0.210850380317247,1.00404746429532,0.989853016810026,0.470572241437272,0.135185429460718,0.696414612891735,0.354523291711928,0.938831798841478,0.740877788978047,0.105201446140651,0.6642280333495,0.317222885218682,-1.75704648847035,2.17874724910485,-0.413694345103915,1.02369767420121
962,3.70383452416985,3.51508602076686,0.997393889772416,2.78125673396277,0.983785865217957,0.776899179919274,0.794792808278813,0.588606986067491,0.63316830160073,0.115213817790966,0.00405475837597623,0.778319702433539,0.416601251169341,0.244689771716949,0.0157810322378064,0.853071869635998,4.70944159828954,2.17170458054305,3.48815781743762
963,0.177357261912982,0.249005853171608,0.730404112140955,0.499168812594672,0.968902622298418,0.514947729410138,0.546288138902048,0.75673201193416,0.357116414985387,0.300066705604899,0.071687529387651,0.0156507933513494,0.610705919744214,0.718322028309572,0.853907507143798,-1.39984543163664,2.39818305682599,-0.0502875534187934,1.0627382873513
964,1.40729473783472,2.55449461866977,0.999917822528662,1.9921717380556,0.963764049591692,0.686712488135206,0.967762478202814,0.826300246396568,0.632207861502306,0.935336632621591,0.902289991465397,0.581674978395808,0.0651249209757662,0.325609705854906,0.350576550884871,0.103228911261412,3.88111456484979,1.44844734621921,2.52362105220695
965,4.27811083473819,3.45451265909099,0.998310992283464,3.16274431860644,1.05217959344051,0.995770539846737,0.816527064643684,0.384716758879134,0.87641017305071,0.231940795565723,0.592884498112486,0.812581067669787,0.518407849422307,0.377716355711571,0.153564402056509,1.10051021019504,5.22497842701784,2.26122762038305,4.26803840258459
966,2.38161497609549,2.46715246054093,0.550117152867586,2.43164731850447,0.996158071834052,0.497341460887692,0.505292758377385,0.105960798731074,0.965312425987795,0.887661410787609,0.395641360900714,0.116303460960975,0.581968110760092,0.45904656141391,0.446663918829523,0.479213374800865,4.38408126220808,1.67721037764273,3.13731052873287
967,1.79632703265412,1.76773791799999,0.0615449526616999,2.01702140082751,0.977957327578006,0.790127328789909,0.280100669300184,0.459836330358055,0.353478352893493,0.744300407614442,0.856714631194947,0.641179187966278,0.559221107989899,0.260607953418163,0.0468398400699953,0.100260260357577,3.93378254129744,1.35354706973296,2.59865814361784
968,-1.54916570103554,-1.38144077566519,0.177865985428609,-0.633075918773965,0.95242181425789,0.107152190379798,0.406953965503955,0.0476814459931338,0.345631899448461,0.387834202939644,0.424395051580039,0.335961767847301,0.369254518468049,0.476820294530713,0.701441320416168,-2.49978837280972,1.2336365352618,-1.115181222373,-0.212727254608138
969,-0.246884020879473,-0.330050285165802,0.050382140418889,-0.153956645081677,0.963973047081889,0.443282347130473,0.109098660009913,0.563953016437124,0.209962114157388,0.315602221432375,0.329089471632731,0.968553075683187,0.0872356656832853,0.909760145543609,0.932241314248997,-2.04330909942951,1.73539580926616,-0.691684800317625,0.382626889434333
970,4.48699006526353,3.48662103255047,0.962902049857516,2.59351281823291,0.980112306917887,0.741253899844363,0.660153343757032,0.501610085500637,0.56036791834631,0.0793004754903959,0.984498857552768,0.193370375493891,0.975462370762019,0.569062674299348,0.794679223966785,0.672527995869389,4.51449764059644,1.9497097716598,3.2271647711194
971,-1.46193530434181,-1.46936111756869,0.0540456883555607,-1.03549153698149,0.974262915647996,0.14033630333317,0.227272871946683,0.92210457475076,0.0844339382972103,0.662324158927659,0.0711609268615721,0.719358943073545,0.104641583087738,0.757005574831041,0.0608945298217004,-2.94501176312455,0.874028689161565,-1.61447502457728,-0.38914219867729
972,-0.0891006929977596,-0.144673574690714,0.0501299974363446,0.39372388670487,1.02784481582751,0.763546503890539,0.0551717157514067,0.385890742268879,0.347614598992164,0.84939042871166,0.107641510434682,0.865493323577452,0.971939280276769,0.2373190722086,0.954695237010135,-1.62081493401325,2.40826270742299,-0.449980418882735,1.18432966184089
973,2.92746699247609,2.8326178136629,0.158328594926496,2.69642124175804,0.968959428360681,0.278654123175307,0.39748897353746,0.015664494557539,0.023524551701732,0.452282880593208,0.961532230981858,0.146646782088443,0.0342213994541671,0.129590993480058,0.234160064865835,0.797295659690585,4.59554682382549,2.12539805851373,3.2666214294402
974,1.52051670727819,1.52720057040525,0.0840790409503733,1.85293290591696,1.04648537105755,0.415758238265058,0.335437624436687,0.137954091546126,0.200225211211946,0.950020776594989,0.840037561387639,0.335185673421249,0.319042506931699,0.583317700599902,0.34974449950119,-0.198140731703872,3.9040065435378,0.898116215162303,2.71314992275107
975,2.98579624574786,3.2004244996876,0.999789476784964,2.71896896077997,1.00436189111951,0.746920072510373,0.920719985169359,0.179928419235162,0.903867049587891,0.976419483624981,0.906994987842976,0.761249380891095,0.397832191127702,0.224380249939044,0.147222792899003,0.750455826741189,4.68748209481875,1.84140037339782,3.42423911489889
976,1.03278439401225,0.377798385995917,0.998754979329994,-0.0578223803612246,0.983605918172808,0.0612451285868883,0.831799922240432,0.717309975661803,0.772075362889562,0.141484355367837,0.32114196508436,0.360361108646612,0.798987058087951,0.774710064904415,0.439204941186472,-1.98565455496038,1.87000979423793,-0.788370248414265,0.514765752761705
977,1.54863698063687,1.34377850040424,0.631129828571117,1.29790923062579,1.04853739024916,0.0163177401053254,0.522726472289884,0.965576262976509,0.453030451377621,0.157747920246213,0.0381292464958969,0.443439603231614,0.399270867507672,0.137069560922449,0.0268029136887053,-0.757186290706175,3.35300475195776,0.508154645833914,2.1998643450977
978,3.0984591242669,1.87002281279079,0.998594441229154,2.02321435660694,0.955731697234923,0.440742408945807,0.825727321402985,0.380889701391687,0.0691087139834417,0.68176785491535,0.388416583053069,0.465562146790326,0.710844999132794,0.334386489238008,0.842051423898083,0.150014651143157,3.89641406207073,1.55074854576842,2.50093491382626
979,1.61279793829591,1.07966954791248,0.96867798474144,1.99027364280065,0.964482245763873,0.671357279373915,0.668930722515215,0.363346833352814,0.0240448224897264,0.378967175036203,0.100856608858798,0.786745084105525,0.633669526263606,0.103319571564673,0.425539648203412,0.0999231773751463,3.88062410822615,1.4290323798961,2.51916645077321
980,2.6671844318737,0.929537749261355,0.973446389339186,0.0199196961651531,0.992593552249897,0.160553426612751,0.677447350657312,0.0657750764865195,0.219695495850756,0.692217458491097,0.239212106987368,0.954828233073931,0.981206448167446,0.390472571010352,0.478949560019188,-1.92552791753132,1.96536730986163,-0.615160238476874,0.784958108885813
981,2.3581846558311,1.11983628649096,0.9703061568691,0.920637808901443,0.976055645146028,0.49899649069272,0.671688333578059,0.151416256075143,0.658828576004715,0.410712262466433,0.626982757851947,0.0580941154528409,0.853542488623876,0.980073512391304,0.127723534929566,-0.992396102491779,2.83367172029467,0.307219939411347,1.5301371060019
982,-1.23537191208695,-1.29879158594913,0.243156752298475,0.0488753690136601,0.94953753696698,0.385869803741924,0.431717294287286,0.728136463808943,0.554735936356592,0.486972365695983,0.486564019782469,0.0345360198051203,0.22149190821941,0.884942328931065,0.560032637480064,-1.81218400541049,1.90993474343781,-0.364317318337389,0.481704806685878
983,2.84333504211255,3.55556768950438,0.546340669737785,3.33572479882496,1.02062185005787,0.665857685119146,0.504495799130644,0.729633326203329,0.911781156690093,0.845509633418755,0.373090154393576,0.758862557259738,0.299482866049395,0.0363607594497735,0.977135196855525,1.3353427308769,5.33610686677303,2.39684328797202,4.06839333275385
984,-0.915467408415173,0.971286468949622,0.943885913988555,0.0062421717256782,0.9508581651337,0.134562893273076,0.63840956427413,0.375864263247116,0.533503152380232,0.586253325117053,0.572580036366009,0.519163922800566,0.9714451895901,0.369578694341355,0.257659093299066,-1.85740558634221,1.86988992979357,-0.454193564355071,0.421112480630472
985,0.377264638963169,0.442894269137935,0.0507822684618219,2.48872871387471,0.991795619471293,0.60123785182985,0.144940224965801,0.618378002093989,0.131812321663834,0.43220674358285,0.755489308275166,0.911454025380895,0.447319983010762,0.0076137846900383,0.981276597389253,0.544845019686388,4.43261240806304,1.78504758916698,3.17186644822504
986,2.03910008679489,2.0231203018197,0.0510371210493382,1.0899320366268,0.977215907279706,0.2250159795566,0.1590539485435,0.778432869682438,0.883119306573411,0.662908038104186,0.273706176674226,0.204188222032739,0.872292254419182,0.498210088106571,0.416167735418305,-0.825375946761059,3.00524002001465,0.515896666672264,1.78417417134191
987,-1.56846365579577,-1.42191537493976,0.976047486430909,-1.64619087559387,0.942044684900057,0.220797906324966,0.682742612276576,0.469509910413413,0.656094487205031,0.64371679488325,0.704334134213976,0.979796038202476,0.369571896627429,0.263876993298647,0.557357018253067,-3.49256452982537,0.200182778637623,-2.00092751472909,-1.28234887542236
988,1.02311663633452,0.556661450221667,0.995971266702591,2.00417310965008,0.987901164565955,0.768987082150532,0.772938009341829,0.621100576644531,0.290332484855084,0.186400667054928,0.695700367196696,0.246202651838772,0.329064538693056,0.263173849627259,0.542247851411696,0.0679224068156361,3.94042381248453,1.38617951699694,2.68896376850543
989,2.97177768685339,2.56351897050132,0.636876291493859,2.23458776001103,0.96752621643563,0.0060185664917808,0.524003523979918,0.828281530542416,0.284200608424377,0.299570185451885,0.00856291297869757,0.794073419380118,0.208364085194189,0.175941974507412,0.355952167779906,0.338271221698886,4.13090429832317,1.70272989020639,2.8046846273315
990,0.281171063316302,-0.217535328589134,0.375339195742696,1.68608566407875,0.966147669418579,0.681138751262333,0.467382976402878,0.094674313693773,0.628946370991645,0.464247553953319,0.781001831169706,0.884887507128529,0.922945982919307,0.751479801996844,0.160677939867368,-0.207528971728979,3.57970029988647,1.14780137879722,2.20824782504295
991,3.59321609049581,2.90146862330511,0.995293452020638,2.54799894067817,0.989031249934801,0.80610037312971,0.765127034214907,0.279850214272155,0.748076187945553,0.67535894654505,0.833698886193451,0.163593478396884,0.370038413286675,0.875450082404423,0.00931297441711649,0.609533311221329,4.48646457013501,1.84498100912854,3.23516032009564
992,0.321868361955036,0.0249114496057095,0.936614667055834,-0.623294327689307,1.02244691427487,0.0315881639810977,0.631908898605267,0.297920735394233,0.990055006436072,0.0954356749763247,0.0216092718433356,0.451939176455257,0.785486507773167,0.988776691067149,0.347116005823715,-2.62725345577216,1.38066480039355,-1.48853688006088,0.23148722974962
993,1.18338400651199,-0.340995536528146,0.99912214270312,0.34903036988465,0.956764332731941,0.234199225463439,0.849290436382988,0.3734129719513,0.12068796418421,0.48019663071353,0.722508313409868,0.996971014345996,0.185068207134609,0.714551176094334,0.706503668911522,-1.52619326396245,2.22425400373175,-0.128636763332547,0.847825745008529
994,-0.135037823853849,-1.14303177653135,0.999323976645023,-1.24818605526341,0.950783393614149,0.156496441597003,0.862363889125292,0.182080630003591,0.675114728803863,0.1230522925806,0.337048027538112,0.633062551663956,0.152646759179654,0.649149728177581,0.590360651144641,-3.11168726384591,0.615315153319092,-1.66669958567698,-0.82126973311013
995,-0.913158912833188,-0.76407863655779,0.0865153182918223,-0.635903488193646,0.966919585461065,0.371211837245501,0.339023262244533,0.957201917568455,0.153309166251449,0.478196574463975,0.565817718653358,0.66983351958124,0.358550179039128,0.166791297368356,0.0943064781550784,-2.53103105164373,1.25922407525644,-1.1842677523331,-0.0728347527884841
996,0.757846522478765,0.910805288676687,0.999680065956826,1.81634592090922,0.955302317528252,0.711164809135953,0.899788278735592,0.797788326470531,0.62187640907208,0.71265621992317,0.119248459606548,0.0134997293290216,0.247194765061024,0.728817380623193,0.39849108843063,-0.0560122157937999,3.68870405761224,1.33569012755839,2.29523259284298
997,3.97030754439712,3.95960615567474,0.0508177546223632,3.57094052428152,1.07636799751322,0.853416042446625,0.147160311019979,0.117274482648354,0.512464666653424,0.698967333714012,0.338393961654394,0.572651330748689,0.172757551725721,0.890675556845614,0.757817552824388,1.46129801504412,5.68058303351893,2.45220778710823,4.31475490755709
998,0.478201530022977,0.430199275115228,0.0516165119157673,2.00207436350206,0.963881386342678,0.951756681192783,0.181275587287033,0.611137982315267,0.877225580499042,0.630656117245438,0.38227298506978,0.765369110173779,0.788674962061225,0.366719525978551,0.750087311907206,0.11290156090188,3.89124716610225,1.48321319632199,2.52167090542138
999,2.17145955124214,2.18448289293241,0.0501875256165979,1.82063648043609,0.978756415519569,0.317209930792335,0.0734947804614203,0.676966082451516,0.235094171722769,0.0407604601612547,0.0563428102845792,0.999340409817407,0.408046424925211,0.781863558160258,0.881462559980573,-0.0976908436197894,3.73896380449196,1.16841684630898,2.44164868153082
1000,0.0574443341502794,-0.554172377737472,0.999766280675958,0.336635172518027,1.0002316899469,0.470351298910799,0.915492514372803,0.340282778583933,0.232803057955345,0.426527588518802,0.227238046999788,0.121490502539906,0.81251895481383,0.440897020041593,0.331890845786198,-1.62378291597353,2.29705326100958,-0.374962539304815,1.017699568684
1001,0.795475563753327,0.844265506385884,0.223959861131342,0.368448153363302,1.04905977664811,0.467579749594093,0.425231017262908,0.419121127716382,0.203100095861824,0.128072493289365,0.148032478557783,0.53013040845166,0.127673386277282,0.0938499851528322,0.332619144078111,-1.68767122649662,2.42456753322323,-0.31265894011366,1.58679453142543
1002,2.96755102069041,2.93167639957111,0.050634888991522,2.94354658573777,0.985633401581718,0.566396501037176,0.134495071557467,0.81945003028214,0.874934068741859,0.875396662275889,0.729082649702905,0.0712894755220041,0.142846682123956,0.241218845797703,0.00772659423120785,1.0117406166779,4.87535255479764,2.27291090144481,3.59812687232185
1003,3.65255618481168,3.63372064561555,0.0723640664778154,3.20731060620739,0.982649748296592,0.54293209096347,0.313740807645023,0.180054947905126,0.968783620161121,0.30599399439001,0.229338386812364,0.476916885614861,0.345367380628828,0.0496206888675224,0.137732814384275,1.28135249012872,5.13326872228606,2.48742287922527,3.81498854319192
1004,1.31051265583476,1.35314183492981,0.05009185784635,0.990604520957302,0.996091884400402,0.832976154084201,0.0378060833637137,0.163613470084383,0.620776035133284,0.438895641013281,0.177822930287919,0.0792247719638981,0.630945201814524,0.465521091402275,0.407431888005347,-0.96169969776012,2.94290873967472,0.325815743184165,1.64302463797513
1005,-0.804160345462601,-1.47547529414391,0.999799174462936,-0.506330342908238,0.966150455963548,0.111093026129412,0.923078464479186,0.303954442877555,0.724345945948386,0.00923494887677953,0.505515138973598,0.417339775929926,0.850187464398565,0.066071044900571,0.155872147260117,-2.39995044024374,1.38728975442727,-1.04543974605156,0.0437451957047503
1006,0.176395197311475,-0.741968606659127,0.982224350288167,-0.885429180146651,0.958532111203584,0.0807679346996592,0.697987198894378,0.0485022344572935,0.447306468700524,0.454164720753441,0.443894787869183,0.481782419098308,0.842246079922188,0.0996920645643258,0.275424259886611,-2.76411759613082,0.993259235837514,-1.42778881832026,-0.413518399305041
1007,-1.40445318773483,-1.49458272619039,0.0513267926082915,-0.214964098533628,0.948025463631215,0.0385821965794312,0.171385003619362,0.725613315455848,0.690424428638653,0.31180968297401,0.838316134877154,0.339526974419714,0.762646013594349,0.849935419715359,0.645483851936529,-2.0730598636777,1.64313166661044,-0.636858852375349,0.200164609114862
1008,1.00116986505651,1.71140073005149,0.928309845583443,2.12944556221873,0.965554731708303,0.30419269038504,0.625282300443389,0.504981758060167,0.0545939269691007,0.742592869565822,0.37600300215988,0.97810856479127,0.082458633143804,0.410382983811665,0.639351836626069,0.236993062968222,4.02189806146924,1.57758890394894,2.68395845676373
1009,1.90988188961985,2.14518048803987,0.999592504503143,1.84321448298251,1.04996577893624,0.896951428494765,0.88768791734823,0.52118381610699,0.148882755887462,0.0362611374426633,0.190540192233864,0.742996238884633,0.984359253485803,0.203917230152758,0.679783416535938,-0.214680628732064,3.90110959469709,1.00053115904,2.82601404254842
1010,-1.62153468541263,-1.68046424963424,0.0500826326842667,-1.05550931691849,0.949811665806888,0.202584119641106,0.0325137508771149,0.195866500855889,0.709717116354266,0.0350791060063057,0.83733329546731,0.305026334393653,0.607927265263512,0.586432128171437,0.658233233920415,-2.91710597399599,0.806087340159003,-1.53315085680763,-0.671502706576742
1011,-0.491805203268991,1.2953123640834,0.997048105924906,0.861773110038254,0.946069695531107,0.282017177870031,0.78854514332267,0.849675999528961,0.778576892913552,0.447516526854597,0.379169969528448,0.407111782077467,0.527194835228845,0.994595361547079,0.632310373249464,-0.992489420067489,2.716035640144,0.460620644091998,1.255680384247
1012,-0.852225019780429,-1.19172129202782,0.810689142589226,-0.995694867578949,0.973498792936563,0.150908549177693,0.569541718841647,0.969028916980838,0.997007547038142,0.494447822061135,0.301095554834814,0.228942401462467,0.782626563411322,0.862148704184219,0.743623437249917,-2.90371744072783,0.91232770556993,-1.55439986790453,-0.329620393939749
1013,3.01743927142993,2.22981461934155,0.993820035276925,2.16973412946858,0.979652555715569,0.882536701368168,0.751431147208088,0.314266425410635,0.760264309499529,0.654762825373909,0.31715396787494,0.602969793081516,0.37296022501355,0.773549183826311,0.990218200304662,0.249650402903449,4.08981785603371,1.52506381947335,2.76022986432861
1014,-0.624460081904099,1.22813456309074,0.990168234301012,1.2455215130937,0.95495361884842,0.0849756861644564,0.7280220145192,0.704850162974326,0.307718629589886,0.851888564461959,0.804919140424579,0.857811758693308,0.926743515601032,0.452845943531487,0.312744357176824,-0.626153186755388,3.1171962129428,0.768845674587462,1.7214973408224
1015,1.77748881738786,1.71822179191838,0.0501055272881317,0.726881801422742,0.989811378215001,0.377153613618459,0.0447431699348381,0.476568631240516,0.889177863366902,0.891063031447702,0.761996024662047,0.266653928599088,0.961855886142352,0.529841121717822,0.289707978999824,-1.21311285136661,2.6668764542121,0.0816556722262258,1.45442578797643
1016,0.996546565557403,-0.250392238042016,0.99930481253097,0.0680310585242134,0.976546783118454,0.345953585914103,0.860965183530585,0.658684593002661,0.544594813122298,0.736348781058914,0.0404358108950546,0.953857933767024,0.187824373991694,0.578559903338202,0.375233916398487,-1.8459654656064,1.98202758265483,-0.420723298073192,0.914330692622246
1017,2.00987570926158,2.45864248974324,0.914259637545881,1.03185625457708,0.97185375867287,0.825526054407586,0.615527477077791,0.690192351420177,0.497254058066057,0.500859418294975,0.920755490308045,0.783573474835022,0.0407590804263018,0.81597094406723,0.759322681826306,-0.872942110661622,2.93665461981579,0.454848983025157,1.58456095748102
1018,1.27461344157953,1.19663698673062,0.0500881159060756,2.6874277549845,0.959537764811658,0.689275918073836,0.0357264278325019,0.0395041357571026,0.562854748179321,0.38281524703023,0.499802193662501,0.629927102347137,0.879345704132225,0.650814353111782,0.973470389948343,0.806768294147586,4.56808721582141,2.16736554521684,3.17619599772425
1019,0.551786761331998,0.497054756058328,0.998910725530665,-0.0105365055227651,0.967764404340447,0.163856504278723,0.838490143594216,0.69387411614263,0.88626475613215,0.179912997580017,0.67503602035041,0.175520229975926,0.786719173087971,0.623706074751914,0.723482639916823,-1.9073198835499,1.88624687250437,-0.553129922783671,0.568230367121207
1020,2.96851379577852,2.58573275035152,0.525408880292903,2.8091247613275,0.975563561528625,0.90311482682114,0.500086080082925,0.999627282376867,0.8915991449625,0.295774171849713,0.413508324677241,0.242261369929533,0.593325974496547,0.149404723464977,0.184873090022127,0.897055316101768,4.72119420655323,2.20730620303632,3.41383653768734
1021,-0.886740192853271,-0.913841998864726,0.299861380074372,-0.633374647189086,1.07438146624106,0.284511218992295,0.448481397023774,0.59542284839449,0.114463579961914,0.925010671000346,0.752980031912215,0.972836153427954,0.0608224809459643,0.83797461375338,0.870458203900489,-2.7391236266789,1.47237433230073,-1.57351044576782,0.439593900645971
1022,-0.761857944936708,-0.87945234147933,0.050906071575887,-0.729527581226154,0.951206371723953,0.269721701715258,0.152292762805009,0.689727064873674,0.828780899299192,0.343690634540166,0.495125052552321,0.330934918677085,0.573429662329261,0.117366438243305,0.732339525232674,-2.59385781167012,1.13480264921781,-1.12367756852472,-0.237961253415363
1023,0.773348041173495,-1.0963558013121,0.965752659930983,0.121915438485852,0.952446724674139,0.104193517458858,0.664306870341417,0.730569689079653,0.667849100275547,0.279372526783263,0.375686141401529,0.923930961918552,0.662433027303428,0.330711367500713,0.175150693495176,-1.7448458390686,1.9886767160403,-0.334898093869168,0.568997045261383
1024,2.57749784193274,2.75399994368254,0.20062338478379,1.81115750651353,0.976202094960478,0.741920172416838,0.416547519391519,0.0839075566838728,0.816848440349684,0.471611067152699,0.925232743932866,0.658733497370151,0.974566165937576,0.24887190790684,0.832340388529468,-0.102163441241551,3.72447845426862,1.19650812631132,2.44030189157683
1025,0.427572807918244,0.477425193649358,0.0501031746484559,0.536765459656038,0.995652728990177,0.196986985954456,0.0436157257793238,0.813522754974081,0.0976419881635811,0.23852946031699,0.95303812558495,0.209538270978257,0.997911371453549,0.709230792183196,0.498494239030406,-1.41467803027373,2.4882089495858,-0.142072913634456,1.2724205030547
1026,2.99070595018501,2.98790414276262,0.0514343675458072,2.23752153001802,0.984177678077242,0.991207497048192,0.175288651719922,0.637895835144445,0.119674277045066,0.154452945007128,0.993100011871778,0.657155020708917,0.0301563069300028,0.354536579803331,0.583528711794061,0.308568726598372,4.16647433343767,1.58999003134029,2.9099103073309
1027,1.13319888785969,1.07873378072453,0.0646149044449393,1.22870808331811,0.95731766015742,0.93126446668501,0.292054177449667,0.806497000203701,0.528210340457037,0.0887485641734675,0.749203959721024,0.446103630915866,0.829796567322919,0.382598171468591,0.95071118545637,-0.647600052354591,3.1050162189908,0.72120300416779,1.7036596755366
1028,1.85072952214569,1.84881268548584,0.0576295567308998,1.4241877338889,0.973529719218152,0.930750944428146,0.259181564945029,0.714653955466696,0.163310276850592,0.279687636792194,0.289249969711411,0.821012666398543,0.780798494521179,0.41181038600835,0.885019564853516,-0.483895453658069,3.33227092143587,0.782231932819081,1.99571325073463
1029,2.75040889419151,2.9803340585298,0.968949305732164,2.71675069713653,0.963071108448882,0.821054256238858,0.669380489530391,0.553042244160199,0.701449677735567,0.582986906465027,0.875538410415407,0.383616470308043,0.540437478683307,0.778380721039604,0.475985296091065,0.829166010025657,4.60433538424741,2.27705333198723,3.28258921736689
1030,3.19026963153036,3.21059025114436,0.0878610340560598,2.52653670163026,0.9634648542258,0.932668196435901,0.340906505231513,0.831424751554732,0.822233920946484,0.0923813373814337,0.653900112237316,0.036294920451357,0.88019024785771,0.186745024364442,0.524791620496777,0.638180286977559,4.41489311628296,1.99500523218824,3.0501230218828
1031,2.2014882953563,3.83534415941485,0.998542936391749,3.17353416412525,0.966939835614524,0.83546894885425,0.823925193638308,0.0358541742991656,0.522239587986376,0.224423534208443,0.298712919966783,0.32472999379551,0.184879170093569,0.0346675140003208,0.955197267474607,1.2783669111037,5.0687014171468,2.61903343997046,3.71972729662757
1032,1.79444324941593,1.83883941963573,0.0738754915324729,2.1377471286069,0.990234588354592,0.039813587433775,0.317092189495335,0.283724722467945,0.22849653569283,0.962280885129469,0.948389382754336,0.583297558608232,0.362436492282897,0.771610915090889,0.0769574086494977,0.196922999186051,4.07857125802774,1.46086901317506,2.80727206115002
1033,0.317231995826642,0.3088339636809,0.0502798493200216,0.454192854108516,0.956814859601902,0.990737705237698,0.0935164336794987,0.419500646518078,0.142418795806821,0.201622022563359,0.947390752804466,0.710836123605026,0.445529870709404,0.555050649644458,0.0853173197977012,-1.42112981058396,2.32951551880099,-0.0212717742491773,0.945656047733636
1034,1.7533795364979,1.42780138783218,0.99975179296634,1.50572297525865,0.96594496331439,0.398982150229043,0.912484637391521,0.913006373903481,0.765847046585171,0.628580834810738,0.202875414327253,0.689066150185419,0.00980870601371862,0.0109209235490998,0.791908940488123,-0.387494363885421,3.39894031440271,1.00234352725073,2.0903544913484
1035,2.09455358017993,2.66811621687287,0.966495603580807,2.1592709654541,0.97125292167132,0.975140349670546,0.665444030184415,0.512899986652425,0.0834540064240573,0.693014948683092,0.319589408150176,0.497795715417131,0.856428506071563,0.192867337887641,0.173737190865097,0.25565021909901,4.06289171180919,1.59227867162125,2.74472266977393
1036,-2.51096426514844,-1.18406024089951,0.995603117234628,-1.68516191927677,1.00593771229193,0.481251731939381,0.768546355789178,0.971496533279191,0.180749016124173,0.617725519484258,0.0413030129622202,0.991548744540079,0.351434191382839,0.510958037437173,0.748039709362551,-3.65676360605957,0.28643976750603,-2.4867331569888,-0.947215807161264
1037,2.11319346403294,2.21669219724908,0.323522072450985,3.19179786713106,0.979729260361685,0.730560156719293,0.454724125130451,0.101197536110529,0.550267996711424,0.00253116311749909,0.155677994115511,0.627366771159694,0.820428627354326,0.20896835522342,0.591725804630551,1.27156380222209,5.11203193204003,2.53956488172222,3.82849197203503
1038,0.573989523370375,0.277344311283208,0.296467907821463,1.70678677097124,0.969394837818568,0.522134332249174,0.447555915010977,0.0777795144919073,0.709321689780918,0.433979415859561,0.989040793910623,0.637043412536848,0.578157017633552,0.981324185111443,0.710643687857082,-0.193192197952197,3.60676573989468,1.07323440824688,2.22599697595859
1039,2.38098660170241,2.32142995780066,0.0501923316431286,2.0721123932261,0.974533527511778,0.147037637750735,0.0747603200594895,0.252965313128545,0.637634321799153,0.504394249729929,0.0744806108409539,0.36591273287416,0.787535989075783,0.396537392782979,0.980413539706846,0.162061777576242,3.98216300887596,1.51115617270292,2.69209280779055
1040,-1.14502114146465,-0.214407641769169,0.942638012994451,1.75471411240843,0.989592446149348,0.75559314423264,0.637239965072717,0.191881672739401,0.624471821178333,0.241474015926826,0.186475925770006,0.992268349148799,0.49160565143032,0.708554226437467,0.731721377044334,-0.184851441417189,3.69427966623404,1.07577995917051,2.43317784869182
1041,1.67419269020684,1.6725368037044,0.0501348272551346,1.28812635793612,0.956519413772874,0.142591329587274,0.0569959518694086,0.117936132789007,0.714602462320239,0.908966100326856,0.666628147960408,0.111165506861988,0.778026500233565,0.132001083730836,0.0319657188254641,-0.586617243572082,3.16286995944432,0.806606362599532,1.7549092633283
1042,-1.78228743557704,-0.224816978983301,0.999733592185055,0.957793067438495,0.99788442597238,0.706416407558369,0.908945426067803,0.731464895337704,0.650557543132105,0.734360261412337,0.143282391265151,0.161893276218325,0.0683193453205749,0.847400464817765,0.722957528692903,-0.998024468200795,2.91361060307779,0.385890899364769,1.89300447212944
1043,-1.16700728071656,-1.17567782076573,0.051699633264941,-0.883877278535096,1.01456018523313,0.282806749998941,0.183787060333299,0.852835998806404,0.539783276573638,0.964873455541208,0.604449897170416,0.950104173863772,0.929838987761759,0.0671278931606794,0.157441434735083,-2.87237870174031,1.10462414467012,-1.77277432601022,-0.207563182875873
1044,4.37473236933803,4.07147972932624,0.269333994526717,2.8572755245199,1.00857138593247,0.570926783364848,0.439831960136537,0.823591917529237,0.267874312061584,0.109298420344247,0.599679378353991,0.0928285101827933,0.270538372058538,0.77972669495875,0.513320493139909,0.880511932254614,4.83403911678518,2.21773785359391,3.81064789052811
1045,2.97427875280396,3.43819926691273,0.99964308069434,2.36954554995664,0.96903059664577,0.716555942375911,0.894316588339279,0.876260418110643,0.742935268050525,0.0103577913522022,0.688520064181183,0.766756607215153,0.332765329402639,0.831750032831565,0.256462743008742,0.470280480613574,4.26881061929971,1.82175424625239,2.93771418397169
1046,2.90074561082237,3.06922039323555,0.513289332118635,2.74630862953089,0.987905386408472,0.989067842101795,0.497534096544725,0.809617257660255,0.442281705128262,0.809685009929002,0.22985445034958,0.472402475645649,0.968682378715952,0.90773412083264,0.995448364378302,0.810049652037154,4.68256760702462,2.056694124721,3.39722665165068
1047,1.31512643780283,1.28605900094335,0.267117712085997,1.46845173563204,0.967030866037499,0.0339939946789527,0.439172727948055,0.885193589286879,0.37615561207477,0.729542171167675,0.201754470994347,0.538266679018503,0.310508170326473,0.348721019768971,0.474173847616301,-0.426893933740034,3.36379740500412,0.965233396502327,2.13234578292422
1048,3.85250141621416,3.87590805089932,0.0509445676928154,3.19816205241549,0.96803110777185,0.836212632135604,0.154375243386719,0.774073352112901,0.0897355324340751,0.132846446705051,0.452841778055299,0.30609574540786,0.264412223155028,0.152559275417589,0.187216826467542,1.30085594526825,5.09546815956273,2.64481623256278,3.76755805097453
1049,1.05794857905957,2.00623038133098,0.97763652312185,2.408226411216,0.973582322296039,0.135991663432564,0.686260542337317,0.256604468437727,0.0711817659771768,0.26846865127224,0.286359870558837,0.482914193131146,0.0624978500760626,0.2063766848878,0.315938056605868,0.500040123530897,4.3164126989011,1.71238719184267,2.96112270900961
1050,2.33483940791139,1.91398151767582,0.87161638102883,2.89553951031234,0.951885077735762,0.507408635129803,0.592812539568287,0.580175136006437,0.377734736746061,0.289699790999875,0.35340400172025,0.431215984503855,0.555062861873186,0.299651354282978,0.0991708852396114,1.02987904052914,4.76119998009555,2.47172911627839,3.34838738850313
1051,2.15320795360899,2.11313853050293,0.138544973634053,1.7434994062375,1.00653744950016,0.317809618576313,0.386244387442828,0.308448351357132,0.956567317005713,0.937612460140139,0.430345434780582,0.269291642783326,0.608452044425765,0.27073252429592,0.359493992950302,-0.229277743873622,3.71627655634862,1.11649453986027,2.75695792652616
1052,4.13049750258569,4.06867615225385,0.108216856092349,3.92754900926001,1.01060513719674,0.972374413910089,0.363547597278608,0.289283537155949,0.910341897413018,0.543315917650354,0.0480326371164992,0.366006231391686,0.133892724001547,0.705046217536554,0.192836345967953,1.94679933776324,5.90829868075677,3.02491799267516,4.60539865263987
1053,-1.46915015262861,-1.34721577429925,0.976527392568039,-1.30687868067063,0.949005363282353,0.082695730520878,0.683780475543113,0.679884123822092,0.397396859291126,0.559508603044087,0.431694920122158,0.586534334958764,0.853196481189923,0.622332102642744,0.972853431375697,-3.16689501383939,0.553137652498135,-1.72228630317003,-0.873359847535651
1054,0.072396381927016,0.379001158817172,0.999832176952682,0.429389658695742,1.01373074921859,0.991890529975528,0.932056522880099,0.287243272838532,0.614777811524458,0.888854331174633,0.0351838852037909,0.548217757363687,0.0990670775723411,0.482837659148965,0.63152098389098,-1.55748609979349,2.41626541718498,-0.463745496395904,1.12109546966532
1055,2.6027150116123,2.63207004985873,0.0500505214382344,2.94112579371973,0.978905162309224,0.0928107756546233,0.00791168419946916,0.0730591957779834,0.103029920988716,0.775567810781649,0.0903108434220776,0.405908925505006,0.864386768880649,0.0516568233728176,0.0842461978932843,1.02250693131331,4.85974465612614,2.27933750623879,3.55969735527866
1056,-1.06250171882859,-1.07109720420198,0.0506928487855583,-0.269547187487425,0.969070575778993,0.112194329513819,0.138866204486811,0.0201521676762495,0.419158837722614,0.368799560953979,0.252693791872705,0.181127630966017,0.400765946690342,0.55143666414998,0.856841396959964,-2.16889061449174,1.62979623951689,-0.859477174040242,0.279040987740721
1057,2.00775590138081,1.34913006622067,0.947487672862067,2.47809104343042,0.974257759208776,0.582956447009696,0.641927572031622,0.934854994732421,0.991306946773664,0.689102192654857,0.0369718342890264,0.150496518636821,0.0842876894951332,0.30924784025026,0.334258240799885,0.568580923722527,4.38760116313832,1.89527004097898,3.10594482066748
1058,-0.659525905826123,-0.562463096303755,0.204671662674146,-0.378355008714065,0.970591167706261,0.261558259740006,0.418127476624562,0.582267451027408,0.995680049334187,0.37227062184643,0.883030130560161,0.893582993593067,0.357901204514201,0.379134620543337,0.655371617211262,-2.28067874113101,1.52396872370288,-0.969734816893235,0.177192842694399
1059,1.11817731896032,0.981776365682299,0.628167805642793,1.87788805326165,0.996389934083155,0.223000924129155,0.52207107428275,0.57308089951647,0.183534172937158,0.91031081787881,0.403547382915975,0.693019645675085,0.395535435784492,0.0799190163869644,0.806426437108079,-0.0750003320995747,3.83077643862287,1.21277252584266,2.61936976858948
1060,3.62923920322044,3.53771793198506,0.99952118080247,2.47689407244693,1.01341436392045,0.586991477438714,0.879619502416812,0.224591938576312,0.774599499581382,0.0540388628049986,0.0553972189266933,0.804893289889093,0.638271617502905,0.572963938684086,0.388501586060738,0.490638417747276,4.46314972714658,1.52684977002647,3.07945956122413
1061,2.67448780795463,2.17944723627817,0.246057909960576,1.64997740911104,0.980311817755466,0.169946223497274,0.432654725658824,0.50909086263692,0.2927450485687,0.826885110475938,0.335907511236379,0.219828247002559,0.153241977747995,0.208489729280816,0.244439268688671,-0.271398447308661,3.57135326553075,1.06957393830662,2.2574236898229
1062,0.744973825393844,0.777480034576478,0.0500498658494327,-0.72973007767036,0.958591182741485,0.100638943506172,0.0072585808262229,0.0217272598588606,0.321560850526206,0.740577415046981,0.358527641013497,0.731812357848277,0.537579236631165,0.573172211787547,0.675278419173439,-2.60853427174132,1.1490741164006,-1.2470168876264,-0.231070975436661
1063,4.00088549902683,3.48617347108946,0.887250012221567,3.30837055493148,0.972406977208127,0.805352069607587,0.600247492814204,0.249550522301462,0.138757000755402,0.860495127366506,0.556253081731382,0.130918375252513,0.300262342174421,0.994422223489615,0.197216745029553,1.40248790128809,5.21425320857487,2.70920897398117,3.88937402598189
1064,-0.630991710661197,-0.423374920774158,0.471094619957189,0.600981688816618,0.956790267327791,0.748036440505995,0.488602400438278,0.372108115226496,0.770779939966975,0.517047152392217,0.904022212013253,0.981593493403518,0.15399738153303,0.843613014647504,0.768501796403318,-1.2742927759043,2.47625615353754,0.149358033699693,1.10219396298724
1065,0.629100639085988,0.480444076719335,0.755737361794043,0.155182350708204,0.960977475093027,0.340701727820327,0.553049956349772,0.501064886011882,0.527760098561295,0.464719323713332,0.7889550159676,0.544697467338876,0.0643252631896175,0.938869378753239,0.681198582355282,-1.72829889042836,2.03866359184477,-0.316729271616264,0.706779309005733
1066,-0.00336994642251248,-0.0676327568498089,0.0508646601786312,0.443883352117898,1.03386253341086,0.331290651383111,0.149951494607842,0.388380657873699,0.170740733716171,0.549287595210015,0.32474642565113,0.715418277855613,0.127417844642536,0.0266364511263091,0.0603654024938587,-1.58244997833272,2.47021668256852,-0.616338083190744,1.06764561707645
1067,2.63856078386789,2.14533606403346,0.997339701096493,2.90358820100716,0.955436703640789,0.886788806908531,0.793760962776141,0.588202527874964,0.349522788191563,0.620861466160859,0.240042253988911,0.0760001101624221,0.756968300477602,0.0536206955406815,0.670355820459779,1.03096667236355,4.77620972965078,2.41369103953133,3.37132111180066
1068,1.05555434681768,1.4478755483624,0.91937113537196,1.02148709975556,0.982471096619965,0.00236756191914901,0.618895670501748,0.230058719150256,0.147066344269784,0.100531672779121,0.800812691002386,0.233488609767635,0.305933853071299,0.998020570525434,0.739870177302393,-0.904120865471143,2.94709506498226,0.447405092209697,1.75442598224438
1069,1.07835906073556,0.979415806277824,0.0754556088283257,-1.33746461310352,0.972000563745044,0.305133501655888,0.320381751940586,0.0452202190099051,0.297132877457538,0.767880890190601,0.244656466548913,0.895900943448185,0.765422466793912,0.951786689632107,0.480642674016417,-3.24255071099644,0.567621484789394,-1.87462295404716,-0.683524886630408
1070,2.5729448829008,3.8901057904906,0.986557674040103,3.34755618817343,0.978916060172962,0.925318701695884,0.712190136102028,0.548042262225994,0.0573374934142921,0.082119120673975,0.123155018714955,0.469452195431455,0.905334979634266,0.891255558335222,0.110908592707128,1.42891596634658,5.26619641000028,2.68848508420615,3.95737002490317
1071,4.15526688042171,4.12858554018788,0.910979595861839,3.1653117658881,0.9964810674294,0.89776414331852,0.613460260126274,0.0187524397727102,0.63153991752048,0.131623351012007,0.573062456006417,0.02590406214213,0.00562017384101637,0.0837584439023631,0.705017311780364,1.21224476245045,5.11837876932575,2.45048177586844,3.87987745251586
1072,1.61395358020657,2.40536908560606,0.387031907707555,3.92850766561508,1.00578385755322,0.829191250693402,0.470093236231944,0.684271823790506,0.00906925965868868,0.0758768176878803,0.350008937021601,0.621246876834193,0.33714016415365,0.0526271466712933,0.752198777558166,1.957207528579,5.89980780265115,3.15366823314811,4.75975218380913
1073,1.54257365467316,0.340407559398919,0.993905412344491,1.16419499511639,0.97470370579055,0.260385346618132,0.752131242730189,0.725255770882242,0.32810214950447,0.402818175656954,0.1104101959744,0.994663608173141,0.510569998064428,0.356408900386537,0.130219633203698,-0.746189163830816,3.07457915406359,0.50892329895313,1.73649331475462
1074,1.33025562639895,1.05999663677614,0.99994866180618,2.67061679285773,0.960916045377514,0.785134938555537,0.991286411392619,0.898699592309422,0.555179249231704,0.443249313498847,0.372759826032445,0.862068909708993,0.910060566964909,0.470751558025833,0.119330784937483,0.787255951751147,4.55397763396431,2.13256246462723,3.17360106299143
1075,-0.922835916542407,0.049235435956591,0.995357190402219,0.417013572959299,0.953437342400375,0.291137680368032,0.765812156779459,0.448341799562797,0.772784584592795,0.325818539877073,0.553580103622284,0.572028234512312,0.638962105727987,0.788882839043974,0.349307532356121,-1.45168927966102,2.28571642557962,-0.0916473636884865,0.844124678397707
1076,-0.535854304866589,-0.00202392414558041,0.86346522340898,0.931891067981503,1.0129930865059,0.494126662633847,0.589236191033269,0.404756453809678,0.977337026044377,0.703629927796894,0.593107489429647,0.488539127211436,0.131296427232097,0.29019296452892,0.64589061015984,-1.05353889815813,2.91732103412113,0.193426406146426,1.71820007787594
1077,3.35397436875525,3.21348786233268,0.16665715515073,2.1607935537288,0.984063483340038,0.538935599357472,0.40168970996351,0.663278827761649,0.0610055688639404,0.503718118322897,0.353962712888955,0.748497048642952,0.909269245263771,0.0455373224704526,0.834216140749748,0.232064567881296,4.08952253957631,1.50625921199996,2.82833019431321
1078,1.42480568032741,1.70364185806854,0.487009665314692,2.30563392822688,0.980621024310963,0.518186080764164,0.491984915402601,0.442270781925065,0.0885872715828009,0.130293862293707,0.0950559646202019,0.0521161342486739,0.82521926655306,0.754682513730251,0.963285703728674,0.383652038094615,4.22761581835914,1.63524455560387,2.91470721091751
1079,2.58403637742909,2.73205027617772,0.0703488408701495,2.40649863193391,0.980759028584642,0.57321522669238,0.30891072662489,0.554289202399086,0.034258321357891,0.831055630651652,0.267558595417999,0.523131141560385,0.953446125884191,0.478686022030539,0.700756061214139,0.484246258395517,4.32875100547229,1.77706704481123,3.0360207267912
1080,-0.118665339833085,-0.131462624567495,0.0502013727028743,-1.13324253382432,0.971533427583861,0.215305726181134,0.0770576082193293,0.108309611388016,0.301215857009403,0.728862857144326,0.133170780374436,0.154139309549355,0.908611928993952,0.970322171866428,0.772160204359097,-3.03741306166544,0.770927994016801,-1.66409555680969,-0.479635708358476
1081,1.08305091724845,0.684058696819767,0.833698964895166,0.00808285861180069,0.957229840143262,0.16480721829494,0.577511268138187,0.226632927380851,0.402721339379088,0.342798369620228,0.745039884789614,0.877972829421749,0.716155130233034,0.565469816175639,0.600860168887651,-1.86805315299603,1.88421887021963,-0.455908200368072,0.50939442884371
1082,2.48591581340327,2.4422935338936,0.0528343461200612,2.05189560635392,1.02046251570659,0.64702507116273,0.209416863115388,0.389657881915919,0.421084259990719,0.615333874281379,0.523948329904699,0.483148366315174,0.654486260566162,0.347559682189603,0.914468112774775,0.0518258279958523,4.05196538471198,1.43222203374758,2.8931149588777
1083,2.74484084006419,3.00452049295758,0.999947700177189,2.69979412845215,0.996008425996569,0.970802611546591,0.990358461323776,0.467613536147983,0.615056538327946,0.0138353138217935,0.275030314174946,0.687753034064081,0.285185104881995,0.489770503259613,0.09129989524954,0.74765348520045,4.65193477170386,1.97471733683183,3.43863626995175
1084,0.431142916962809,0.379251195635563,0.0502563938307443,0.756103523635227,1.01701609357327,0.8356161743392,0.0891383662394946,0.636235430894885,0.920637980980799,0.53074763006391,0.156849145440268,0.866692309407168,0.497014903251082,0.917584297555732,0.495541237202589,-1.23721139146599,2.74941843873644,-0.000445711974256247,1.68164910621265
1085,0.666186855365051,0.862402897283306,0.704797430426629,0.54299446576057,0.962259087869795,0.151901775850565,0.53983320620365,0.544392783210496,0.722167741986807,0.900415418779245,0.921225981386495,0.60352823807369,0.737591410248657,0.982956735700485,0.620856132451445,-1.34299869026059,2.42898762178173,0.0149211428126834,1.07557053468606
1086,3.67932133965471,3.16409092618452,0.992857029477499,2.45208398052357,0.997416501114596,0.896022055148729,0.744139296465553,0.649066302630701,0.834967507180176,0.9966270391047,0.0213349303167779,0.0466819353646133,0.760199520648923,0.872542528191581,0.241622696907609,0.497183560753008,4.40698440029413,1.75194177242498,3.2070193527216
1087,1.04164027768525,1.12604770509983,0.061165681014923,-0.244545822144668,1.01122220506009,0.235576776206726,0.278410292970599,0.871771678698482,0.693539369666134,0.760776610409608,0.354756865018397,0.363756117280922,0.836323815259966,0.671201326342882,0.968420791434008,-2.22650492442963,1.73741328014029,-0.957337472805705,0.605185256553738
1088,0.2586000704758,1.07952013341543,0.995421814677375,1.12673206592759,0.984106806758173,0.167391867974307,0.766516424539848,0.727202858259552,0.407752306286828,0.923719043917838,0.372100151797873,0.753152399654966,0.523617406638456,0.384106232569553,0.0133534565063892,-0.802081832259149,3.05554596411433,0.464971748046776,1.81999091143175
1089,2.27819196233202,1.87725760958635,0.395030163953009,1.44306248122892,0.949337736667272,0.203171823450946,0.471922662297147,0.886955976577476,0.358556742189685,0.444484291514731,0.632445277604857,0.194097499684663,0.618153691099258,0.594715895420057,0.918250114044757,-0.417605291803697,3.30373025426155,1.01893334738204,1.86540130669206
1090,0.46460151547644,0.179815056779697,0.791172461262891,0.300336837044131,0.970519223897251,0.616204804302542,0.563336230082321,0.270352721875999,0.58625833376497,0.554918278392171,0.965906911202357,0.734489363676519,0.338129544547759,0.365345790977241,0.959390327530913,-1.60184588809825,2.20251956218651,-0.276530541846278,0.84086720503627
1091,3.4933222700246,3.42478254070782,0.0503539505667555,2.49488612147788,0.964926972480478,0.572199779142393,0.105265632342082,0.6286806780427,0.7847662451535,0.362846570265363,0.558743301346665,0.940995382689754,0.720824782624375,0.835127454834408,0.30431153689581,0.603664007704867,4.38610823525088,1.97572135303055,3.0266046251075
1092,2.55702686800014,3.12100867296992,0.99989109001466,2.76910277390713,0.969496079065477,0.899918689709506,0.953679044821882,0.941182745203958,0.525890137979528,0.660063045955263,0.998721099321963,0.0358797177192755,0.714316601597122,0.690188032609643,0.8408570549906,0.868925375785999,4.66928017202826,2.20756283601061,3.33560438875933
1093,0.577861050625814,0.513576082898305,0.0501209009057713,0.606225469178804,0.961668928121118,0.179898847930483,0.051544062906527,0.625683439224027,0.218180575363338,0.377020954141626,0.310662788112997,0.866312102468219,0.484601504398393,0.613229427816812,0.123966335735749,-1.27861099498983,2.49106193334743,0.00218564939297128,1.07824953232365
1094,2.41242645234401,2.34705595682051,0.0523336756436279,2.59952748902365,0.955340758719423,0.113657407286111,0.199672104613506,0.326224502313649,0.572735946435831,0.331419240970281,0.399871216577478,0.340675759881153,0.11671143224102,0.0544922677830327,0.892293479119311,0.727094008970413,4.47196096907689,2.17285434375151,3.13105099165059
1095,2.63772834533734,1.11711485478086,0.999685681932502,2.19761489179636,1.01274985980053,0.089204992240062,0.900674046033761,0.0349878300677519,0.275302126750234,0.965191685469123,0.483898879753542,0.5031624920842,0.0838906452051597,0.761353592178551,0.809882676629466,0.212661641239335,4.18256814235338,1.45759609175497,2.9861317566607
1096,1.67293108978535,1.76514758863934,0.0507655465718292,1.87000739310839,0.951495318504319,0.00472611703106668,0.143858947573695,0.926486780305509,0.38078192026855,0.365425792856142,0.730620933671016,0.717838323881268,0.684570133225759,0.262795770047465,0.661589991745306,0.00511083738145524,3.73490394883532,1.42866835934204,2.30435590598845
1097,3.79779103555916,2.06525401045307,0.999550015292581,1.67754005696537,0.954285946121244,0.273645929339807,0.8827264942287,0.883332764623221,0.374592430998455,0.324032957122428,0.198513529523509,0.528825666236226,0.875737004748778,0.291269306588452,0.390988934131572,-0.192826028384997,3.54790614231574,1.23430561509842,2.17422208297516
1098,-1.09582545398721,0.124486772069892,0.971256119719772,0.747981268533305,0.963925910327004,0.705604820332373,0.673365660077892,0.11545714719058,0.108962868914008,0.374182672698982,0.0227302710600197,0.823936316260369,0.701996708226972,0.878348174196435,0.0885697334199212,-1.14127879947261,2.63724133653922,0.20816379675217,1.28146506101506
1099,4.30421522444444,4.13543292324001,0.178568506831512,3.57427591722644,1.01695133077455,0.907929447661852,0.407270667386823,0.150040386105655,0.51359014477313,0.0648777566789649,0.0825649600095348,0.702361666582059,0.88831398739852,0.0597664690604433,0.598627562127076,1.58108793487824,5.56746389957464,2.56699873980049,4.2142120802375
1100,-0.399150942596074,0.111030279456794,0.999941679194515,0.222929444067322,1.25196899983824,0.41184733052121,0.984909848615178,0.212380648403312,0.361130776835489,0.364404786976287,0.502233898077044,0.779426047486835,0.404663264438626,0.376934306658222,0.138330246539204,-2.23088470537626,2.67674359351091,-1.01934546309029,1.55416610737388
1101,0.371290979308157,0.778126004430067,0.999939451956293,0.829965213892305,0.992190204468134,0.0481092734897975,0.983035818300676,0.539775929041905,0.0995780347685795,0.827329922824982,0.587998213930754,0.45762793554645,0.640602438095375,0.829442939410568,0.980712306992966,-1.11469185267867,2.77462228046328,0.143681461753913,1.51483995522289
1102,1.73925195920207,2.48097195278758,0.984655164242517,1.78577505999493,0.968896490202981,0.89083826399222,0.705469933413784,0.65513654461829,0.540051867101574,0.627414689951693,0.48904971961875,0.997528232613346,0.440292122661369,0.233363763552858,0.240536094978219,-0.113227165550174,3.68477728554004,1.21760101212103,2.3624903062283
1103,2.93536606125416,2.87472744519679,0.0568265929990701,1.96916976175856,0.953918980187181,0.671539911486208,0.253578778295545,0.90296549125493,0.36061307079473,0.491926730529522,0.660726697318954,0.463285595450085,0.804708536836668,0.853730831243913,0.999039421834983,0.099522916422514,3.83881660709462,1.5155422163372,2.43541579533508
1104,1.67608595882767,1.65073760177875,0.0504436358626296,1.33227059899087,0.958962608090626,0.331562922799378,0.116562696367153,0.77758273995819,0.425621035128599,0.614088743717293,0.675625045113149,0.0310849875580752,0.101709683991619,0.0894615047350526,0.544648320540786,-0.547261575387355,3.2118027733691,0.826880365179861,1.82327574819599
1105,0.687957115151702,0.691597761019787,0.0500540596267316,1.60749230833899,0.958131012432741,0.673736554005765,0.0112963639515219,0.255437926500337,0.207769787337165,0.0527334668176482,0.207824597594794,0.674342404372175,0.564753536373144,0.352870708370931,0.174135577258887,-0.270409968500083,3.48539458517806,1.11568299815041,2.10361823470919
1106,3.78772395318829,2.93353962990841,0.999682805473562,1.37069301197045,0.965694930692217,0.859397770408541,0.900218404255342,0.706633490348584,0.56825419200724,0.282300234710565,0.227666469493066,0.787266949349665,0.00722427102818619,0.157936441690312,0.140135153608397,-0.522034272239196,3.2634202961801,0.785953816755688,1.90604238272107
1107,-0.846966497015741,-1.46094565977562,0.997723608813956,-0.394528648853833,0.979240831415024,0.432684798224946,0.801573576600291,0.853890073319082,0.049787556108553,0.175169570070342,0.772240141086397,0.480454664258053,0.192016318135429,0.777045448320219,0.662383195054368,-2.31380541061834,1.52474811291067,-1.0222991691643,0.214750724158829
1108,1.50828980398082,2.29766830181924,0.905000003892888,2.62061244537628,1.0131018552004,0.517083440096118,0.609861231143354,0.480564193885773,0.617798755507451,0.0632161614877405,0.629277996468591,0.180424370226683,0.715488091079402,0.417434524600743,0.235387010853156,0.634969296512779,4.60625559423979,1.81127324115923,3.47342170297553
1109,1.12188245418239,0.837674378144749,0.474979663156906,2.74351577422197,0.960227059334034,0.735332492125453,0.489430215884931,0.232092415848281,0.425339178668801,0.535296804820304,0.115233403478633,0.495206661675707,0.0278679165448993,0.424352611282957,0.385299132967251,0.861505320946461,4.62552622749748,2.236635581476,3.26199022618215
1110,-0.926363198826572,-1.47666476698736,0.505658669798497,-1.5189667703796,0.99664907624897,0.189032028650399,0.495925888383295,0.811798944996786,0.118079833947122,0.792486283036764,0.848549918401986,0.881963249609456,0.300844033450587,0.191890076823533,0.977848578634323,-3.47236306505269,0.434429524293495,-2.25729845741537,-0.828028030033097
1111,-2.14214236049356,-0.551886685480305,0.912142205786951,-0.552249102193257,0.959989761778497,0.388131428593304,0.614185034821858,0.821277433703886,0.744523180016666,0.923021543970797,0.908602300926694,0.243709394725505,0.17182180973643,0.589580327454023,0.975997409154545,-2.4337944608063,1.32929625641978,-1.06048307553922,-0.058281905276764
1112,1.08680229676116,0.340169170174569,0.656792436878737,0.198217290518996,0.942905344216839,0.535728086634539,0.528492568950751,0.392567243191646,0.450114563860581,0.533218197205104,0.217374714066624,0.161453576580971,0.576082244721125,0.844065402074717,0.594726671440061,-1.64984322497635,2.04627780601434,-0.172172846909987,0.558821908674368
1113,0.512956855954656,0.573524828535307,0.0501556805507984,1.00474861807096,0.974885214853858,0.34723440106574,0.0641876390281832,0.887620698579936,0.872250733684166,0.0596123321137857,0.175468896308332,0.347690050294856,0.759637483101455,0.486613607143983,0.654894706967869,-0.905991292103196,2.91548852824511,0.40059826876429,1.62750145703459
1114,2.48155047495025,1.86029865324301,0.449337589033007,1.6747526267924,0.979974460703031,0.274028168498073,0.483934260492329,0.875030486289063,0.577813880812959,0.414729159055976,0.714719163204311,0.0781648825085722,0.352124639779213,0.331321911325213,0.37857167023886,-0.2459620219546,3.59546727553941,1.14990683605796,2.41464978212627
1115,2.27943473300634,2.71368257406703,0.9972718560692,2.59494604756712,0.974227288357811,0.608699175546179,0.792498231183272,0.968297408153419,0.575228480396676,0.0520831945051905,0.527839169847197,0.322882748757023,0.410133457559044,0.603863744062372,0.657453952766955,0.685495649629693,4.50439644550455,2.06327989615804,3.295275391109
1116,1.39373528534448,1.41884681793853,0.0502636839735231,2.03239237950207,0.987559785774341,0.748823684273404,0.0905405826562783,0.987798019950045,0.202286689601839,0.253809054096811,0.247732587593142,0.682693230939214,0.235472968042246,0.00237808459170628,0.519886739857495,0.0968107668042721,3.96797399219987,1.38318761600322,2.74205246576331
1117,1.92652062033817,3.1994375207628,0.998068148341359,2.28655380088577,0.973790023774478,0.728499135758379,0.809797371725319,0.521828325820388,0.399139067968237,0.133115256735007,0.994093493194086,0.570212138082716,0.6857484288587,0.898415402660961,0.0382686532598455,0.377960425783387,4.19514717598815,1.67854619633328,2.87746744052802
1118,2.48316265548117,2.37871263263426,0.988825485895025,2.15993664011256,0.966321981713009,0.037530222783098,0.721549697595183,0.220776496830862,0.611449247356155,0.310253174858517,0.0124425851320848,0.965508733127033,0.0834621157541405,0.605995658196392,0.356980761412415,0.265980358485686,4.05389292173943,1.61076334217238,2.68678535857203
1119,-1.84094403014875,-1.80184664564753,0.997160930142126,-1.52352853939353,0.987668550025813,0.152138941848651,0.790499626592267,0.849289406180731,0.011825315602473,0.079637570898165,0.689522527245455,0.493282758654561,0.0441535137618193,0.983473047236563,0.315030977312592,-3.45932332610702,0.412266247319964,-2.20445237695908,-0.832128196166708
1120,0.0111181756193613,-0.0746630235633383,0.0758672740999794,1.65272908877145,1.01942859994916,0.614861424381495,0.321206145870849,0.632986017372459,0.83542375501839,0.0617609392757295,0.744638069784152,0.277119028866873,0.365617209747084,0.85826137499779,0.44555018438457,-0.345314251939006,3.6507724294819,0.784339644338472,2.39805323904141
1121,1.63883474382868,1.63296100155443,0.0859398361981298,2.32648617545433,1.00311750765291,0.552605413815938,0.338197496484034,0.463688650910975,0.0785958002215484,0.135698821322178,0.674709015659639,0.882922592231771,0.777314120554482,0.514314668559236,0.852872569068335,0.360411988193041,4.29256036271562,1.42003835425632,2.92491831274381
1122,2.60621642150878,2.71469984065146,0.0741432297653078,2.00708577866414,0.979908647789995,0.695319294703077,0.317664222645224,0.69292316225823,0.408570538995205,0.410316078775213,0.180914127752185,0.352298615240259,0.306593739810516,0.0386687360749347,0.705786837054766,0.0865001208564062,3.92767143647187,1.40947627183466,2.61854594114696
1123,0.164283234864887,1.34574792675733,0.789413115395644,2.12657322711151,1.00501140445228,0.889092701270361,0.562797923140344,0.150851667980431,0.288341184886871,0.718288404921535,0.740177927222918,0.293277144954307,0.22433578992344,0.19922093369707,0.529438520775409,0.156787070333034,4.09635938388999,1.42856130320644,2.84415648365011
1124,0.257991670595737,0.222783927788404,0.916771263446282,0.922213663949301,0.978643880044009,0.968557704019127,0.617159121859353,0.599711018846254,0.211494659435702,0.361948501989595,0.790483216991764,0.760233320996631,0.221663550873753,0.533162886183942,0.633517630880931,-0.995893094627493,2.84032042252609,0.340463355058511,1.63530330159209
1125,2.53622455107838,2.57784347218163,0.0962694707665239,2.3803820243208,0.955400539780414,0.344860606812406,0.35139755680447,0.299891155734076,0.0500024504889734,0.713799118271796,0.7530668887801,0.150828112303629,0.0869381410381757,0.389670446260599,0.379490431220504,0.507831375541062,4.25293267310054,1.90857158111757,2.85705392626843
1126,2.54094719019422,1.20454431788569,0.920389408614038,2.69538969927265,0.968373528226075,0.854744317655335,0.619589678300195,0.231173386972165,0.607942300473805,0.656965309160762,0.0967252696932992,0.441976559444913,0.420736363069387,0.880937427733792,0.810156042755116,0.797412460367564,4.59336693817774,2.03706787379154,3.18326597046107
1127,1.46104849562284,2.20500600995805,0.999898326487856,2.93346318413853,0.961584824789683,0.81962048123125,0.957117170743295,0.887036927473149,0.790739106663852,0.528019600206637,0.842590437448816,0.105254676039913,0.0626543873575283,0.832595260613016,0.18537845154386,1.0487915594705,4.81813480880657,2.40115071036131,3.45808558702699
1128,1.74461313563483,1.70057702743892,0.0503775348154105,1.62604737820213,0.967879519371961,0.810755859920988,0.108492150558392,0.66288112741767,0.436596777056809,0.598078931376222,0.160144614600344,0.956033875449211,0.516354250662029,0.853363389723585,0.875513092307956,-0.270961621140855,3.52305637754511,1.07784368282178,2.20254407088669
1129,1.44148940108148,2.37116983392604,0.999158268248605,1.74837183489853,0.956842201363926,0.122515826647286,0.851393472947646,0.307648215444642,0.00154302905150689,0.543694403345115,0.533649561254657,0.0236522188396193,0.488213789182017,0.848147744539194,0.118345962562715,-0.127004418662791,3.62374808845984,1.25846005699439,2.231716387048
1130,-1.97708478530339,-1.52098921990053,0.997555055439282,-0.117362748243387,0.953179626451983,0.140676223468734,0.797993129657814,0.112116844124859,0.826876400741283,0.218996308456175,0.43908527261694,0.527655023290426,0.443301370288245,0.430260181875783,0.238596268673777,-1.98556048688662,1.75083499039984,-0.592615023524744,0.323160863899242
1131,3.32302149285663,3.30439926674428,0.0547570826940717,2.42911334125471,0.982677994262986,0.803781202362734,0.235409632557421,0.640699286536314,0.566723931979621,0.994809396318858,0.969466965697356,0.516713448670111,0.735977306722547,0.506734301567893,0.741200068675564,0.503099864099198,4.35512681841022,1.79487129486397,3.11246014044435
1132,-1.3216346299095,-1.36124324343162,0.996798957977355,-1.16040169933062,0.959510721948695,0.357716697129072,0.784480519409524,0.161877157071489,0.310478842211189,0.124412850109395,0.638499887333135,0.20905955526419,0.791235282690148,0.287380044040736,0.636584310725448,-3.04100815713008,0.72020475846885,-1.63957288154724,-0.607187119077531
1133,-2.03878450090955,-1.63672590596789,0.950299229687053,-1.16116803909115,0.954511714070881,0.446632319695666,0.644835337662953,0.631708618657431,0.474515335209086,0.368001255967421,0.316923746124376,0.824475891803159,0.566271648262977,0.70078337122628,0.200522292985232,-3.03197662149167,0.709640543309369,-1.60534937424953,-0.699943841554067
1134,4.23659530758953,4.22225202606559,0.0547828321842874,3.2991453836439,1.01694037325631,0.641716036657453,0.235680908495444,0.282958903635503,0.333285448607523,0.113793214689009,0.651998128674226,0.316753456715844,0.0679793380629271,0.626455770893255,0.466882078333525,1.3059788776368,5.292311889651,2.11623725945206,3.81465378101468
1135,-2.94452849994957,-1.46548171449472,0.977949681524506,-1.35668000085891,0.952513925808791,0.159978421430336,0.686982523184968,0.371177443325752,0.495215902772499,0.0990327131247614,0.500106385307852,0.540811482594465,0.591194851875771,0.543289012011839,0.509518840912031,-3.223572990217,0.510212988499173,-1.79308900369044,-0.920861291335757
1136,1.8815779066974,1.87996751690583,0.0931632899502621,3.38039017186689,0.9473523825094,0.838376307092491,0.347751398171764,0.555917360438034,0.587932311793324,0.521955065547256,0.702338040278177,0.915710829723626,0.102377514600405,0.119772910511936,0.928255339489202,1.52361362148025,5.23716672225352,2.96008708894437,3.77451139072358
1137,1.17580611775962,1.60976719879165,0.614264698512135,1.82475809173845,0.964518014433803,0.755052186251618,0.519018603910576,0.817707891569124,0.287022795118624,0.441055716361501,0.548579296585405,0.119634198187734,0.803634037041455,0.0117904015320819,0.848841831145342,-0.0656624789918872,3.71517866246879,1.29988145801277,2.37153085353566
1138,1.86605375467874,1.60232452713432,0.707017925748953,1.42435733794863,0.952942675541729,0.177786123532569,0.540379993762122,0.921468523424235,0.494751496935496,0.328320548824733,0.440683313623653,0.782668699790724,0.69085774813476,0.724694340750575,0.860593460873701,-0.443375985444393,3.29209066134166,0.942161836875442,1.84362512543584
1139,0.593516106314815,0.672050105877805,0.659637431884435,1.757787232275,1.00463427473482,0.286540288554272,0.529142649012618,0.424316043401137,0.000564062909805216,0.000870557464892045,0.4108322099332,0.562050387843512,0.824473811134347,0.465235928182374,0.840157107676962,-0.211259763839759,3.72683422838977,1.00562491376864,2.51321905282553
1140,1.66496221402267,1.62476805684954,0.0504884266256358,1.48013355035311,0.963572658478878,0.517722458617413,0.121374312935979,0.479777366628987,0.491138831162825,0.204061964578228,0.524754164430429,0.456174532542005,0.220967350534396,0.443920038526412,0.91861851725867,-0.408434156753003,3.36870125745923,0.961898697740116,2.02680516399516
1141,3.1724979227255,3.56546609714561,0.999932846565141,2.89922922986628,1.06069590370984,0.623463963791379,0.977858324977802,0.413341711124987,0.854026671713102,0.18388721501187,0.92339973215817,0.33705272151262,0.806242569445283,0.388878359299968,0.582511539135245,0.820303460045836,4.97815499968673,1.85947388392137,3.70718009296904
1142,1.29215676184838,0.878329002369408,0.967654682619378,0.481644376704586,0.957010567801281,0.328941308010719,0.667267594766337,0.571097377073602,0.3728108493787,0.799498211821774,0.739689839601982,0.13144706356118,0.303276159688132,0.499514054549858,0.438294905263814,-1.39406186901015,2.35735062241932,-0.00511669250484403,0.983131320342641
1143,4.17305205941491,4.13580565530949,0.0550814788335677,3.19507204684418,0.9826631903778,0.606391511647264,0.238725181270391,0.152814231284661,0.310943137590075,0.254351625543204,0.105049272419536,0.777956459984765,0.791927235105308,0.75543326414912,0.508910827075131,1.26908758477047,5.1210565089179,2.53322077276046,3.81774140510603
1144,0.65852499148643,1.13710391660406,0.99794167936877,0.891955457686992,0.997803385100369,0.177170039100922,0.806620127897244,0.854724420277053,0.810755069750478,0.761121129026171,0.54082436084433,0.000538134227041155,0.919057360728504,0.270098898381693,0.100326631593285,-1.06370324076188,2.84761415613587,0.228214806478106,1.65688654774203
1145,-1.49576842937157,-1.47208003520439,0.0534849871004685,-2.139152425799,1.03998976180593,0.0737075421233894,0.219783875537454,0.899907592667383,0.0630739186462015,0.0157045696887653,0.324078932366916,0.113067492720089,0.751924490337144,0.889493301584036,0.346326266479213,-4.17749490322902,-0.100809948368989,-3.05071937135253,-1.23493102944803
1146,3.73236452905927,2.96650768731795,0.998499365519763,2.83064956687942,0.960047211672618,0.829799003061373,0.822449655747274,0.221759087170009,0.877917129572364,0.69511811535107,0.855576869107434,0.667494256204227,0.325161210513092,0.131604613735806,0.109992283490254,0.948991608542985,4.71230752521585,2.34680414147119,3.36668050419416
1147,3.15021804225251,2.49370132825129,0.507812159029313,2.71824194191458,0.964123396877744,0.554621836702805,0.496379926632158,0.597283037779504,0.503037728419411,0.700328651666641,0.0345392318230588,0.0317746919535566,0.893383496604743,0.0646244415254332,0.318776746519958,0.828594807381789,4.60788907644738,2.06450471525574,3.19336180319281
1148,-0.384260011324051,-0.197487346825492,0.132326146174044,0.585609632940779,1.01469628868961,0.693992387235048,0.382243642555317,0.976754206902347,0.88498253064882,0.841570081424434,0.332893456152058,0.029018625906785,0.858811517603346,0.437227829221403,0.156438374811667,-1.40315854813731,2.57437781401887,-0.20521078624613,1.4148366612855
1149,2.33261523369687,3.67922948327592,0.656994294591004,3.27559241145372,0.995815754704909,0.603092075247434,0.528538615539321,0.518053817370906,0.402306370033068,0.563885499078315,0.509989852847648,0.452357156046666,0.378047617767239,0.357623549533775,0.804985936162295,1.32382939699452,5.22735542591291,2.66727204062829,3.97465455303364
1150,0.291541365544021,0.764926497822359,0.999944706029291,0.592010715691938,0.971461545196364,0.40319521162007,0.987574759194395,0.465392323741224,0.542347689602873,0.510132013905444,0.602069557244075,0.462032565389178,0.863466456327937,0.768490446409211,0.0717946919688257,-1.31201892525856,2.49604035664244,0.0283760656550571,1.1909385455659
1151,-1.32837742387322,-1.34619532490357,0.0944085319260317,-1.25022812031755,0.954741572599051,0.402911492140498,0.34924216626829,0.395064838990453,0.276940662854002,0.420406376160798,0.654201790416264,0.566054775434081,0.184044696770026,0.211289841380087,0.648413633163436,-3.12148721715482,0.621030976519723,-1.70484740237744,-0.787977328180444
1152,3.0902434725292,3.23586699916408,0.409118230340487,2.68816495178498,0.956724728385589,0.816633471605717,0.47510178603197,0.541480401603738,0.738310351663968,0.094721996244858,0.609174505948205,0.59438316425879,0.513743115095887,0.233981240335619,0.191781006011181,0.813018941030361,4.5633109625396,2.23126080931534,3.21518756471857
1153,-0.385045197631987,0.102218660760165,0.998382310478928,1.58020061977958,0.974837677286988,0.810356121637858,0.818687939619645,0.391429740161635,0.997807775933994,0.754364290321944,0.43103960782371,0.0569630354630062,0.331998194566695,0.191214953709394,0.115230393392383,-0.3304461184756,3.49084735803475,0.981312332963263,2.18777284049598
1154,0.20097800737347,0.91771973998067,0.999897850004172,0.689625236089331,0.972095297281448,0.775377193529741,0.956883372553275,0.265533201803453,0.798249517131713,0.802746129353181,0.725830814425251,0.45926241670514,0.915597243692377,0.86531668616517,0.915966942198225,-1.21564653612306,2.59489700830172,0.156494544049083,1.34271321525355
1155,-0.341839749855442,-0.620318863259238,0.999774713425497,-0.27469970542425,0.976384393664461,0.316026096621761,0.917330341772642,0.575911071338691,0.990529677241109,0.415885318162851,0.814304133402184,0.0502659240333596,0.811064313703217,0.121434951369185,0.292898058872088,-2.18837795207357,1.63897854122507,-0.871031786358455,0.347402529475167
1156,-0.00712082919991214,-0.0218307464720619,0.101582335349971,0.534827565613665,0.990462580637818,0.451328126501408,0.357127210506122,0.0567457319442183,0.0734846675639274,0.904269830779522,0.510781686681439,0.435610863064416,0.430371328674257,0.86891177610145,0.41988942311483,-1.40644342047106,2.47609855169839,-0.160823882793718,1.21830153277144
1157,1.81313073389966,1.89179101544014,0.0500581046770308,2.01616725395223,0.956553043178882,0.0111179957431741,0.0149045030699344,0.137043839390273,0.612673998638405,0.281658152863733,0.428223762264475,0.321322766862228,0.123616330494173,0.155473319201265,0.972186281422386,0.141357740019437,3.89097676788503,1.53361941523286,2.50715983070216
1158,0.970397542453341,0.998058606487082,0.0762370179535391,-0.435731058492245,0.971441111043835,0.419841188290855,0.321935789337731,0.682466798312962,0.781950157354469,0.0309542420700891,0.869827825487358,0.290748839956359,0.820979503379087,0.911692609526915,0.781626277448144,-2.33972064923974,1.46825853225525,-1.02690324155404,0.107043806836047
1159,2.61946995015755,2.01224028284811,0.998428540304931,1.89593484612827,0.952806558419457,0.00761814038653392,0.820140075867414,0.278158877286362,0.039328070863965,0.472818562533823,0.407679770864197,0.116854308081558,0.1822060524642,0.339354371684254,0.988130396418273,0.0284683073925807,3.76340138486397,1.42357813954305,2.3357054558656
1160,-1.54902338108008,-1.70926225868543,0.435094141401059,-1.32259176910826,0.95667361508162,0.403863072124776,0.480841436610091,0.140685202757712,0.911460608219961,0.473952275014599,0.748456418771646,0.132463988622534,0.601293222834007,0.298965982693247,0.382124470082345,-3.19763759962797,0.552454061411446,-1.8102739005466,-0.845553167174163
1161,1.78972940180105,1.7692857358417,0.0503596402033896,1.76442909822141,0.979685145901602,0.137314072953654,0.106063273669337,0.761223850826733,0.102299596727709,0.292235861921567,0.317589371018345,0.27758647627919,0.923010183282429,0.422377202349482,0.88733363825269,-0.155718503934597,3.68457670037742,1.08801483650186,2.36918485248125
1162,3.07654619794509,3.09900436055396,0.0501740415863232,3.06164328118304,0.997334843501387,0.603604880309547,0.0697630113696214,0.862861309136613,0.317582705194945,0.800986243919702,0.498149949918268,0.610324012697674,0.227252341084299,0.276405207032803,0.967996958715841,1.10690290739343,5.01638365497265,2.28441532796755,3.73909822433352
1163,3.82151588667684,3.80468782906879,0.187753985077936,2.90736353175546,0.97677127244558,0.551605489624431,0.411283305454184,0.510629316605627,0.109925187536632,0.86442694740044,0.14864108596032,0.800516651401762,0.451518969152705,0.743439732253784,0.270775600622175,0.992927016628759,4.82180004688215,2.30449830422061,3.53959832861099
1164,1.51306021472227,1.56188563449882,0.0513740979913025,2.18478547595098,1.04349635181848,0.979706171744619,0.173139149547205,0.405953487425228,0.837785356750595,0.453934013867402,0.334963237204938,0.930548931914382,0.218603729166207,0.463156631266349,0.205220045686816,0.139570208387813,4.23000074351415,1.07500088912636,2.91514469976086
1165,-1.51439296211971,-1.50749332371511,0.0571955080414587,-1.26792781993086,0.983783319698403,0.355402530561667,0.256229900632869,0.956059242534335,0.236601435604854,0.743774469738244,0.123690226094099,0.55981789784634,0.260460614279611,0.484313319290522,0.915460989395971,-3.19610769513099,0.660252055269259,-1.9347761021409,-0.653554084994894
1166,2.73296288161916,2.70594104683405,0.932465346294222,2.35824704678138,0.985752255328663,0.544464449656778,0.628503933300381,0.215702845019288,0.254933308041189,0.189211590595078,0.352134084022488,0.897827262274572,0.373765510345809,0.972841301084729,0.733713202106068,0.426208128658065,4.29028596490469,1.69780877114737,3.01088461254287
1167,2.87831944277708,2.27604386007624,0.437437729193226,1.5855015869822,0.957948121936803,0.89139946052758,0.481352665270795,0.841095070728217,0.299264365770272,0.357813583048061,0.418363197275088,0.234441224444308,0.17140822174924,0.523527550883824,0.877873376885196,-0.292042231071721,3.46304540503611,1.08054125272094,2.0812445041127
1168,1.50520940521307,0.541765472767496,0.999884307971252,1.6772691457553,1.07463015265835,0.683505720472662,0.950658186955843,0.602067450014176,0.0432031345466385,0.934274815078359,0.464282188409474,0.285900865045376,0.250025668437011,0.341517349254922,0.253128714671358,-0.428967250155849,3.78350554166645,0.573136917190031,2.58541181796263
1169,2.06524765561845,2.07045904426434,0.050241719997602,2.01942027559546,1.00684040692978,0.289915179486736,0.0861908616237342,0.447819042654475,0.04458119207446,0.747356983094825,0.104310036004987,0.249624977595056,0.877593703457853,0.899617136616842,0.233102652055211,0.0460493398334365,3.99279121135748,1.15769062932331,2.68315765523063
1170,0.364737392644677,0.127466264627051,0.998129830286842,2.15279937860093,0.95435564417264,0.871182053614059,0.811423113110475,0.106562787916861,0.546903065893799,0.448228791865986,0.111647384415031,0.781215678576264,0.21025628564856,0.268312062565237,0.571293297854369,0.282296687580034,4.02330206962183,1.69408767145166,2.62517785951093
1171,3.81165187576178,3.82115672426096,0.0511778887115964,3.11262571764864,0.980626120288038,0.679431416528649,0.1654251137994,0.559172367496183,0.441213992995792,0.57137200528942,0.518054187232628,0.532214530782076,0.733046074498445,0.873913183066412,0.0355804825128289,1.19063383958484,5.03461759571244,2.56563571787925,3.76910769717916
1172,-1.2461015006087,-0.182930528820318,0.999734497545178,1.79684683254465,0.970713681971663,0.948394549250253,0.909115683078766,0.410793749128236,0.521307616465492,0.577436881500646,0.79846878142585,0.848296305028838,0.29722941518703,0.59680222838663,0.266827924841782,-0.105717023420082,3.69941068850937,1.2777599953567,2.41595722387264
1173,2.20492617070088,3.61799629316761,0.999847589443215,3.01041496328649,1.0254091057672,0.935420529750059,0.936873945372179,0.930892707129708,0.924372543069068,0.256682247956167,0.0890997206130996,0.118269831630751,0.358161241663503,0.885348537650658,0.0453107900338946,1.00065004656335,5.02017988000963,2.17321302905099,3.9113992272341
1174,0.524435373393131,0.551204080156489,0.0501757662479882,1.05126758741832,0.990341782052548,0.659290399261052,0.0702561373248464,0.650678187974263,0.0207902948894771,0.864870653060498,0.95729621374968,0.883213234161027,0.326255577688338,0.266748563726549,0.406712354735471,-0.889766637789892,2.99230181262652,0.358038524500469,1.7428228330697
1175,-1.75629257879911,-1.90504604233883,0.763796462067491,-0.876715165507649,0.964835852701227,0.113034894761513,0.555295198618551,0.143153367067222,0.871649131597485,0.521079257181264,0.998148887513205,0.925889629294165,0.0579682943961816,0.469667983343126,0.727653526943643,-2.76775868779505,1.01432835677975,-1.42975972457617,-0.332200815641117
1176,1.03749330215888,1.77612162934347,0.980737181193062,1.5050354964242,0.961031044877949,0.368242346777348,0.693890009447001,0.473630441648769,0.820716449266765,0.978407456432236,0.0204418633850291,0.46646794621821,0.142356710640364,0.557134664271376,0.996275296373758,-0.378550739561477,3.38862173240987,1.02178293387632,2.04057347307929
1177,1.86421098272919,1.75839160025841,0.999394918724044,1.548177528775,0.983312938952506,0.762141517717275,0.867910867178114,0.1972089545622,0.285526567494147,0.92567780270637,0.969948576027062,0.343861399237066,0.484154122072621,0.810765694796341,0.809493827406783,-0.379080417104142,3.47543547465414,0.882451729697533,2.17917766035604
1178,0.0159269352046542,0.270758771757012,0.999834899655759,-0.393179857086585,1.05385806623621,0.275904077903251,0.93287450113357,0.984607878193376,0.0284942379369168,0.904874217782868,0.291831529455027,0.67256264392368,0.592992118597846,0.481179040178075,0.765201388385496,-2.45870371172659,1.67234399755342,-1.38369111826946,0.596361900513463
1179,2.37739078764081,2.39079853960598,0.122490639586224,2.18298320858596,0.965227801049789,0.229471604827326,0.375318491097423,0.281214587523835,0.527086798329139,0.507928711086744,0.0984686194615206,0.508097195069073,0.203233172427746,0.816615717153065,0.510821149066556,0.291171481651581,4.07479493552034,1.66355416028937,2.68414613566343
1180,0.0869514269041477,0.755797171233452,0.400129770842464,1.16502622316444,1.10611304515472,0.476273744304781,0.473079525625682,0.265426896189107,0.904115965362405,0.852949161964469,0.664011294486932,0.201498425662867,0.506684103303123,0.322884375010733,0.675526521515101,-1.00291550816873,3.33296795449762,-0.144118321877426,2.16003602809808
1181,2.65578540670209,1.82026362670828,0.935164898634148,2.10947848726585,0.969181285132443,0.465807430827874,0.630696340467432,0.73895921948005,0.786928954139468,0.871067296218709,0.284266886466998,0.450913709896849,0.161512445438071,0.949734409066034,0.161827344775433,0.209918073916019,4.00903890061568,1.54135296962025,2.6975319149313
1182,0.206966639329921,0.488239313688754,0.979304609464955,0.11702863211444,0.982464116321921,0.342391655255109,0.690226278934511,0.121255337218288,0.0851175303962082,0.865144724185811,0.82401366130088,0.793565190668101,0.801625478763133,0.866769932557945,0.370498058161233,-1.80856565197949,2.04262291620837,-0.562676444919969,0.755010639903345
1183,1.61360784310009,1.34543865061824,0.996968518087437,1.54805720291274,0.992239429841226,0.566929822506965,0.787210713439155,0.123937348225038,0.146241232571076,0.743214740269817,0.287650788757484,0.959928527676268,0.747767328639631,0.387795885747997,0.309982760694693,-0.39669634361662,3.4928107494421,0.815416922026508,2.23812383310397
1184,3.88271546722685,3.73476409877194,0.996518129652669,3.11580925301552,0.952033059110302,0.738775696055498,0.780261025967076,0.993626681175316,0.461961472644587,0.390625093917595,0.373962532798643,0.500720121104852,0.256697416477371,0.891791174760903,0.359931741566048,1.24985874506784,4.9817597609632,2.65334865886665,3.54203315499684
1185,0.124759640406066,0.996591132829484,0.997471956947519,-0.70423901962426,1.01269746756337,0.886187062867801,0.79631759166182,0.986554137429572,0.0968072009938769,0.027551956287236,0.806311830507126,0.313583983693155,0.230416754797567,0.836531839976553,0.987674559044535,-2.68908958328339,1.28061154403487,-1.52982573171509,0.0906919811084177
1186,3.38004687100623,2.41288393192857,0.999857324344087,2.45045419402249,0.980653733358721,0.610126524328836,0.94017465768673,0.122218594262959,0.106863891553483,0.0764787315464346,0.964353393864934,0.0190133910463192,0.468341206751997,0.207479729031096,0.622122127355193,0.528408195334658,4.37250019271033,1.82657556837667,3.10954813682155
1187,3.13794860148033,3.12996670604541,0.0501662741923858,3.42053329583209,1.03626746436963,0.531338117950712,0.0674797982133459,0.695686906720744,0.576721122915274,0.955662567749037,0.603985614546691,0.951744374419679,0.83047894456191,0.555839425589424,0.155425116257276,1.38948638731697,5.45158020434722,2.38178456830519,4.15991621133984
1188,0.0559758293051091,0.0890223841397789,0.050089100705219,0.567365670045324,0.970823298398063,0.241428983447375,0.0362821890199557,0.905674490992213,0.959015828470467,0.185889935140149,0.601007905774051,0.642979320071521,0.626852211748133,0.933034834488179,0.550124552897061,-1.33541303016726,2.47014437025791,-0.0187786707091764,1.16112068717593
1189,1.49366503843242,1.56971630420363,0.0737502808724463,1.36534685491293,0.959077315370279,0.743771689314279,0.316822524162242,0.97041359547968,0.695892153483699,0.776648742903722,0.389185318511562,0.569833766274736,0.736364205447258,0.50797721594444,0.882042670537485,-0.514410141602181,3.24510385142804,0.857599324937751,1.86588528511585
1190,1.86517570590691,1.94991521177098,0.0504075270672626,1.69079478798379,0.963151128874124,0.993855601347168,0.112315957876272,0.656183659840957,0.673808897145675,0.653566027663183,0.295006891358411,0.0181501620869385,0.48273813689535,0.667780791044468,0.792231907165027,-0.196946736278591,3.57853631224617,1.12774137814117,2.19556700283868
1191,1.51903588527841,1.53813473520432,0.0502139064435082,1.29800414612707,0.95154554531076,0.0159501720953267,0.0800773333008401,0.79707950259652,0.478236063832883,0.623585510254838,0.832393128917785,0.0333018838653807,0.931276319007389,0.320183233923162,0.251261673000408,-0.566990852331547,3.16299914458568,0.840361801258378,1.73052367435471
1192,3.67648309226391,3.68360899820981,0.0513428888338225,3.64678812122122,0.98413903527921,0.553397282631369,0.171988786111237,0.166376664338866,0.991581236630445,0.96195395848772,0.828683647614671,0.472547072458663,0.528504211884108,0.627620265645906,0.189707556561101,1.71791105629397,5.57566518614846,2.9873382912433,4.31757374688516
1193,-0.908216408825203,-0.916163427193714,0.0591849950093718,-1.15822992053207,0.954208948206081,0.0492744589734357,0.268541232456104,0.498058389622718,0.375561206404236,0.0984495394916739,0.125837572440621,0.589812175316736,0.335706843087683,0.595868605345138,0.289012797749485,-3.02844509274183,0.711985251677695,-1.5965701787792,-0.674377019589208
1194,1.33807259232518,1.31271249606926,0.0501814294296904,2.04948546985759,0.950201291327454,0.746149557573255,0.0718420246986207,0.246675419124891,0.392357035321649,0.550681012381334,0.703065193354618,0.301440159483463,0.301460783608491,0.825831969945459,0.914989325363538,0.187125160792332,3.91184577892285,1.61959177216592,2.46792825397296
1195,2.52801411513525,2.58023858953474,0.0728369027783172,2.60106275965821,0.973846763016757,0.201330548246042,0.314812413972104,0.724778747153701,0.338675999822328,0.0168792993937386,0.715875632832642,0.108909944629529,0.311740747135365,0.608337679074029,0.0954469384830445,0.692358177684454,4.50976734163197,2.07321457061316,3.2827181906231
1196,-0.858337601635363,-0.274744399865418,0.999248197045984,0.742140588038279,0.95666367888025,0.859597190997447,0.857047565918299,0.257465297865449,0.677644648834481,0.232828469901113,0.970738795424462,0.926151755689178,0.327563960476313,0.221693412098452,0.592669336565887,-1.1328857678846,2.61716694396116,0.264469173423675,1.25262631803247
1197,-1.54381199759007,-0.110922353507075,0.999574947523436,0.675671344167199,0.979621741352474,0.550700182015891,0.885577855211217,0.474449325409252,0.158969161521527,0.640348971613101,0.136008729284978,0.797657970757573,0.937924508823664,0.646059039504966,0.196274233334698,-1.24435198735606,2.59569467569046,0.0490156771652375,1.295019406408
1198,3.01892807651731,3.01148559540197,0.0536790566685805,2.99765028722857,0.954432373204606,0.92783804627764,0.222503730209079,0.0739184669186361,0.422336778784869,0.318902371774777,0.688398820344126,0.525536109097418,0.0291031908041332,0.70844024808635,0.211091957486351,1.12699721006845,4.86830336438869,2.52990736984893,3.46074920861352
1199,1.99033435611758,1.9138604696816,0.0649719959658798,1.04335271357827,0.947361172628804,0.651806374752894,0.293280252045952,0.332981657465571,0.485253904066631,0.385675173802301,0.577461129496223,0.695260390028008,0.947809032924823,0.057084717298625,0.20125763335661,-0.813441065125817,2.90014649228236,0.648868975993291,1.4813659200242
1200,0.577829407046799,-0.112022599210458,0.999259660810175,-0.522679720837526,0.952266689548982,0.159224027605378,0.857816460477072,0.409015996179543,0.186308401416289,0.665346549666603,0.377909600938787,0.782277171313763,0.932258557640831,0.933632011589245,0.329789939398062,-2.38908813603071,1.34372869435566,-0.973631262734317,-0.0759616834659467
1201,-1.19421726177313,-1.16368035425076,0.99967736091688,-1.23095726878445,0.967976952720533,0.0512695180610754,0.899367163852439,0.148515100419521,0.33673531938938,0.329931070835912,0.310252538333298,0.705615671770298,0.737182709602988,0.230208750234917,0.653949862705427,-3.12815723398153,0.666242696412624,-1.84226026980097,-0.689629765244147
1202,-0.497290225728816,0.268455016695492,0.535948929221769,1.35801570255733,0.977756465626244,0.572574160326505,0.502305446098559,0.313302702864399,0.312685065592872,0.836056507376838,0.628491364422604,0.27374359773437,0.162148795101792,0.419442059108755,0.473776109288097,-0.558351755721282,3.27438316083595,0.771048976283879,2.01330895897482
1203,-1.86548828459912,-1.61339144943572,0.712933939660322,-1.33209332340317,0.963015962637521,0.205205546951038,0.541848149101366,0.630893494638964,0.833443867496564,0.488921262369025,0.424947283207905,0.504696320629329,0.520987015680294,0.395798676971695,0.0113171758947428,-3.21956992670988,0.555383279903544,-1.8421883611988,-0.819795175587253
1204,2.69733557054643,2.03165070606411,0.327426920293964,1.9625153915916,1.01225485365026,0.900282563466462,0.455722338696593,0.149649857979268,0.889658877970302,0.922777997046826,0.325418404860888,0.788937412104802,0.0998493366786279,0.122087009213632,0.568976740688551,-0.0214676647387795,3.94649844792198,0.990703879828131,2.67514034271337
1205,1.5184291871025,1.42926597922134,0.0548521038767339,1.44332695338275,0.958255242684393,0.000173341203364544,0.23640354904125,0.918830212089582,0.373321066188393,0.523712623116327,0.236520930280094,0.896619976661983,0.742373531248304,0.805482152138138,0.904294098204118,-0.434818810275351,3.32147271704085,0.945939347236675,1.92449589854743
1206,-1.13102429031113,-0.60616602212738,0.999841788522895,-0.0694348834288374,0.950166469452133,0.149385737266275,0.935005905526807,0.159541584382881,0.717154704891727,0.606046310742269,0.322154347570264,0.594814083977253,0.345735283528804,0.904891176685691,0.305391169257811,-1.9317269428726,1.79285717601492,-0.491107633198282,0.367625885646314
1207,3.13643632316787,3.13634840766083,0.0511832505447872,2.36200775182315,1.13924397576445,0.931645477858256,0.165652483441401,0.368494974720175,0.351440465876833,0.0844743378974963,0.956911133938353,0.850394208620884,0.643587208212353,0.735824084777618,0.530306713910657,0.129130589720595,4.5948849139257,1.2051074133377,3.27518056636108
1208,3.95130212086003,3.60269194518027,0.710788253953878,2.84008433876052,0.965810646985652,0.769818333617877,0.541313717072248,0.404078897085739,0.859496757703833,0.610905347930617,0.54471603614511,0.149260451589944,0.501641700075241,0.709514475128963,0.637540814730339,0.947130254783311,4.73303842273772,2.26947719230893,3.40308122925713
1209,-1.46589963918321,-0.550937366995057,0.99929294662587,-0.316878766488489,0.976214269667946,0.431698604447418,0.86011832814489,0.41275685869297,0.417914297863957,0.252806887291488,0.963959676095401,0.775252810169128,0.53601268081076,0.470153717301437,0.937552424112568,-2.23022357623173,1.59646604325476,-0.911553816742295,0.285870782456936
1210,-1.33967993424802,-1.29451567919259,0.0704914664663108,-1.63559928767606,0.967551416494607,0.381644239350338,0.309267627082299,0.985394238849287,0.233176291560987,0.629267193602631,0.569948457198218,0.361057498526294,0.639745595981134,0.64438821515115,0.163774315141607,-3.5319652171962,0.260766641844087,-2.19344227723621,-1.08886545794567
1211,-0.875026954914126,-0.890276343947308,0.0500437550021209,-0.850286598056428,0.962943107994067,0.22810655640834,0.000721736792009324,0.316416785555659,0.304076791076921,0.336148307945114,0.8729520530015,0.986543716382119,0.368296779574128,0.695721429885598,0.116920529001509,-2.73762040888586,1.03704721277301,-1.42005794152418,-0.345546576882721
1212,-0.079589266970661,1.07547831304524,0.481876004778805,1.62452468304522,0.970890208035757,0.687424006229732,0.490896196722053,0.666075130296871,0.776638303779298,0.172431233946583,0.0876941371865105,0.52059720121068,0.843867508316995,0.962265053930692,0.343718247001991,-0.278385157647463,3.5274345237379,1.0509763792133,2.19239416915779
1213,2.0533733954024,1.83338591280093,0.69969165474008,2.54748512106835,0.961562061460095,0.563087037424091,0.538584405433387,0.596592331189313,0.86396688610781,0.599988718572306,0.423806959744543,0.0968331174183404,0.839702189396718,0.554925974095939,0.107088800154743,0.662858111706478,4.43211213043023,2.00932819493823,3.04780429871282
1214,0.453444847987773,1.12861066342973,0.986734639212026,0.894761913188168,0.964359411897026,0.118462542325724,0.712862192693516,0.0422547245664755,0.585318486828124,0.88023268869461,0.596639120775741,0.270211352588609,0.129010068969917,0.803659731499385,0.578163345146459,-0.995347802282229,2.78487162865857,0.320491599754527,1.37590506289066
1215,-0.0233257609007122,0.431098389560683,0.99993394419066,1.16366294354376,0.982704791846831,0.165561739704921,0.978682387397508,0.871254971610033,0.962351207547355,0.654122638927191,0.682542945738533,0.358024270549067,0.780232136979117,0.0867594403029652,0.150956546404632,-0.762403055910963,3.08972894299847,0.515057055116701,1.82161232850433
1216,3.20406228532395,3.16158204554791,0.0535077698874639,1.5941226102056,1.07699196670654,0.550138219365035,0.220110885715578,0.735751013011206,0.270272222964209,0.0461316821323708,0.708261312066228,0.544074304532609,0.620489599969005,0.408147473733174,0.888664242692175,-0.516742856178181,3.70498807658939,0.455000775470973,2.72178323251356
1217,3.4260132580345,3.33163396251163,0.139124561201097,2.66915150352855,0.993090789125805,0.753759580765851,0.386604256586754,0.519597157045035,0.948291997779859,0.986260912156198,0.330951293300837,0.954363211285789,0.0452897534769727,0.941269632972544,0.665058807760361,0.722729323463514,4.61557368359359,1.92878412549816,3.34977456762911
1218,0.375749327226099,-0.0570369417109052,0.999930825196281,0.712704853815683,1.0614185278967,0.502433431624901,0.976375387856271,0.0427318955794908,0.895593128941371,0.630335891038529,0.809854149496648,0.416631776627037,0.98269534434122,0.921705731352325,0.0325017231689999,-1.36763723338537,2.79304694101673,-0.209301040106471,1.73087445790122
1219,2.11157216503853,2.10357577834925,0.869940663986623,1.61377361853755,0.980379238509379,0.390924026389024,0.592062059972668,0.17594523174793,0.260761814715574,0.892494551247451,0.145218312310055,0.354853718921309,0.829091433283989,0.235194629407139,0.998246059174533,-0.307734380131633,3.53528161720674,1.03633941598378,2.29953863786076
1220,0.947644400072187,-0.0457327526106016,0.996630321988104,0.292050156591451,0.993330916223377,0.495434513151529,0.781904572755797,0.766397807488684,0.591820987556595,0.64522873120266,0.344599252344924,0.44007368853793,0.645602331704809,0.69636102777929,0.516781796776806,-1.65484266393654,2.23894297711944,-0.401035601310318,0.881650938842041
1221,1.71941002543444,1.62545704787385,0.05134408618995,0.644677144796943,0.979616630201549,0.504092909899424,0.17203341071296,0.934020054233842,0.581090680054855,0.782946350362035,0.684562097233371,0.718928470300394,0.438469520063023,0.715720895528328,0.236017178531969,-1.27533616905458,2.56469045864847,0.0268385577482348,1.28919655479719
1222,3.10220731903003,3.80903648131018,0.999845119960188,2.86927363783231,1.01838319818538,0.895161679661484,0.936070166904363,0.0768408103720285,0.536887794210692,0.141990905795945,0.51701276537322,0.590277451840346,0.262756067368202,0.518778832948417,0.748504786011763,0.87327924692825,4.86526802873636,2.06684500218081,3.73288778527984
1223,-3.15628567344501,-2.06928793651184,0.877765249280364,-1.3924873366471,0.96393678513689,0.0322660915799206,0.595639310837025,0.417979575518635,0.873916336169234,0.694898664967972,0.571612205068581,0.813597255740082,0.0796277225191006,0.860151416719193,0.807231802245136,-3.28176871888873,0.496794045594528,-1.95621344167767,-0.901251778253128
1224,0.825213645757915,0.743062931998268,0.074974706038597,1.08578818851145,0.946404505105496,0.0799049635711126,0.319402123613865,0.999066533609061,0.480111691269674,0.332510953142308,0.538508862371091,0.844514387930161,0.63900738442177,0.547222225087928,0.682593061914435,-0.769130556301776,2.94070693332467,0.686709137724624,1.48587614957354
1225,-1.7077317539748,-1.67160416938098,0.123105925409478,-1.24932789706051,0.951651603770562,0.168568475989276,0.375776160944253,0.57828476756881,0.751472149050911,0.267586407208582,0.0370121049584122,0.856719405987416,0.337900442213635,0.392145957922679,0.783271146944957,-3.11453076628059,0.615874972159576,-1.72065585631442,-0.822771564832711
1226,2.27876948836436,2.25096261981952,0.0578733412823546,2.10647892714473,0.99896105590784,0.240949690371985,0.260767140446929,0.774532881332212,0.981756298726075,0.286796437527519,0.780504889264703,0.479233980480349,0.464424639457953,0.0417222385596251,0.102620758969919,0.14855123560726,4.0644066186822,1.32598142790526,2.77976038681027
1227,0.0177317428925606,-0.100054139088377,0.148417084404448,1.89469916760199,0.963822484013624,0.622116333046113,0.392105876985122,0.00505874833790585,0.818281146591762,0.748796937877662,0.657113146568532,0.537275154571864,0.0604397810449591,0.963600942913676,0.754636007183115,0.00564181144535181,3.78375652375862,1.35314035740243,2.41654581897867
1228,0.806434369559322,0.765357458382438,0.99937038149251,0.62071851714409,1.06784244524472,0.489653268262162,0.865922009761445,0.0330390869649127,0.354345779704861,0.758324372364557,0.069572758913273,0.0446109415489482,0.340306840446079,0.40879971782444,0.0999402655385202,-1.47221421669875,2.71365125098693,-0.398136256767828,1.47520960888742
1229,-2.20583711093385,-1.84816149426613,0.998939411738103,-1.27244117013838,0.947325156482391,0.40473355942138,0.839826061700354,0.63596513041039,0.532092257890385,0.591228985310998,0.54540289098979,0.617087290167808,0.13672248082608,0.0112190596549772,0.394731563756708,-3.12916435849264,0.584282018215873,-1.67836635939141,-0.870552161183975
1230,3.6418236268959,3.29179374309247,0.999149551229132,2.97557206029446,1.03163160916786,0.94368730082328,0.850877873875899,0.208442663528607,0.659737296109786,0.711366001094342,0.568857778377016,0.241743384622619,0.928526452240534,0.623220228779712,0.0146206734123407,0.953611261012353,4.99753285957657,2.19728358052206,3.73166316401056
1231,0.352259927441626,0.378019695701418,0.0500686548865148,1.25572346569653,1.05966301907004,0.757665733017726,0.0232473658565432,0.428006971361116,0.128177506660111,0.1867088518854,0.508535081341397,0.83318311679503,0.275605016828282,0.49428978609445,0.387757740967558,-0.821177887429732,3.3326248188228,0.18852609859701,2.17676550158983
1232,0.912453981837959,0.832913738731422,0.0500561472953329,0.884982711414308,0.977898417895021,0.429774020181503,0.0131910176003585,0.780514844506164,0.0674762294270331,0.190981238150038,0.12435093697696,0.179303305578651,0.543890147785307,0.473737098252284,0.411305090221344,-1.03166296819863,2.80162839102725,0.247531036057898,1.48451913792154
1233,-0.742696888174894,-1.09741993028133,0.989822671149875,-0.98483747438932,0.948478350650058,0.106586422094842,0.726276431249804,0.683382685872726,0.723420996938366,0.579770943576936,0.194091617026599,0.156861755829304,0.0563430782009382,0.014594943967415,0.891874054985819,-2.84382088177939,0.874145933000745,-1.42425729302374,-0.573327065018625
1234,1.42581108356671,1.39578061892904,0.055974966282387,0.57750105278803,1.03420477162532,0.305906352311955,0.246871288506198,0.783936902997666,0.367651161633316,0.204901671386906,0.936594538520905,0.183948268827284,0.876972357621999,0.859687632104265,0.78245080916537,-1.44950305223707,2.60450515781313,-0.0974825204971472,1.55270459674032
1235,0.554557999552956,0.554291178096664,0.0507105415500536,1.77026807429257,0.969745403521692,0.875010168669629,0.140127919029444,0.787801458712667,0.313959287187085,0.991415737149655,0.516033682164387,0.309901480627246,0.841370618082699,0.513663184680161,0.194320913219242,-0.130397990783208,3.67093413936835,1.20165907179605,2.36411338981957
1236,2.74900840957553,1.10470535561989,0.999074342215521,2.11630427832677,0.967193453048665,0.913508654551115,0.846636890440248,0.888076732599991,0.467379648228176,0.447138472658,0.673101254822919,0.929954060341814,0.200873388008913,0.884097551549436,0.296075351776322,0.220639944268451,4.01196861238508,1.60255055103542,2.6749484560228
1237,1.93520595904787,1.85632154215615,0.060258159277528,1.61380094856572,0.995625288968824,0.966783841372002,0.274123410799191,0.0411612761524739,0.559970723952982,0.949906186759355,0.0858577669351362,0.22604864466982,0.354695289037889,0.969699692920316,0.656977146420511,-0.337588759910462,3.56519065704189,0.958876440170025,2.46473450338895
1238,1.06605218780611,1.75879782591879,0.992965951637445,1.43931119991443,1.13454786255382,0.510673132636817,0.744913388299174,0.298593262296752,0.017764510845067,0.583089980092132,0.757051064021303,0.529330622268375,0.936316685182857,0.531083422971074,0.391514169434435,-0.784361749427962,3.66298414925682,0.515812471167964,2.9518025471528
1239,0.37460068451994,0.50238859908377,0.173164133861191,0.293361353017642,0.96341029719121,0.334789012143039,0.404795584056526,0.357364536515204,0.865351771206013,0.841033632505103,0.549851440006867,0.982814405987621,0.198053634764045,0.332908137987717,0.223057108693756,-1.59488813181216,2.18161083784744,-0.243413742805404,0.840552274938643
1240,-0.0699911383147235,-0.10821987793594,0.0533730078604737,0.220474729520211,0.988319808344896,0.211583791103913,0.218144987729494,0.239873185827513,0.173601196062751,0.273532928580069,0.270897363368655,0.00578291941492353,0.124724766044295,0.164153784788563,0.613192467103479,-1.71659650004331,2.15754595908373,-0.365990601530254,0.945717752437594
1241,2.15854412330874,1.7429799938232,0.825967065609173,1.38746837388987,0.951439313811738,0.46440878446924,0.574743275932269,0.916895933243213,0.713943318935693,0.304087561071385,0.302591864029062,0.68555539451004,0.81756565881893,0.903396702008555,0.276642389976419,-0.477318414656638,3.25225516243638,0.964939297023386,1.84079771889071
1242,1.98084534862109,2.01098147928025,0.0684800408591884,2.37523956088889,1.01724716613843,0.712024895164766,0.30399368302559,0.420474806438782,0.919261562092463,0.116129908982548,0.444652583364863,0.599926946355263,0.830529362804955,0.812061275270069,0.0391784095576731,0.381471751882134,4.36900736989564,1.68894023770836,3.254477136808
1243,1.35564096362672,1.35304825404787,0.586877303167921,1.62992966008178,0.983415049533406,0.227037820910336,0.513101247354061,0.761614686653484,0.759568642613129,0.855247828109539,0.773124232315575,0.126629588141106,0.935663588187424,0.336257200086722,0.613588079216192,-0.297528418858368,3.55738773902193,0.975260701616493,2.28670528391948
1244,1.9251203485112,1.94769017593399,0.0900440874695744,2.61109379369003,0.95097710913036,0.86126508585515,0.343829244166147,0.335333172464278,0.597066743537551,0.139373288862756,0.30996807459672,0.181604939252604,0.0673671059238259,0.211979299595812,0.538749842366204,0.747212909672508,4.47497467770755,2.15943836256823,3.02799922881822
1245,-0.609470931524667,-0.624615355198761,0.0564933605238414,-0.975809995310024,0.945666475820506,0.204726266607293,0.251058839756646,0.362114064081921,0.338460542363115,0.315344676790177,0.893311112996191,0.32224371602945,0.456052951871185,0.799952909584856,0.854937161474605,-2.82928222930513,0.877662238685084,-1.36376359537223,-0.595661832209521
1246,2.69712046636481,2.09318219652998,0.958488767291611,1.13376335792484,0.977980994355008,0.134020819225581,0.654290923272958,0.1829467373878,0.895357576339622,0.932872989502968,0.196870384804439,0.172453025415307,0.850662116830354,0.314598300681449,0.525785971512785,-0.783044168575644,3.05057088442533,0.553219272432746,1.8338281681998
1247,3.77398505409258,3.13858584542395,0.996727033261224,2.09729945756808,1.21866404137433,0.963393456655904,0.78336569874105,0.699648157801712,0.155677338313777,0.129705672309268,0.318113224157016,0.557395512718707,0.563925437168451,0.888206374604837,0.67136443186528,-0.291238172779642,4.48583708791581,0.778308531751869,3.48564101129209
1248,1.88589051291711,0.926843382399651,0.999916177629747,1.76615666889956,0.972373934722085,0.916069053134415,0.966771455281298,0.599461017170572,0.819350150558981,0.676919863202609,0.137304975245264,0.977107250160421,0.118617355341441,0.227152875194675,0.900940762225073,-0.139661222661233,3.67197456046034,1.14964817555207,2.35287178155959
1249,2.87371169696189,3.52682848058242,0.866651615758703,2.84363644049208,0.959833339056365,0.848289106527227,0.590612372556934,0.908764064930612,0.938274571178365,0.441694548530271,0.16302127118397,0.763951753373258,0.548876321784686,0.946141358131776,0.110170514513622,0.962397664780779,4.72487521620337,2.33552337183451,3.34884515730238
1250,0.322327430829109,0.272554011903706,0.0504830504206179,1.01413993494771,0.941288369861453,0.81153981079103,0.120820618929225,0.363902813933557,0.492893978158012,0.287532067955472,0.82947009909444,0.651085919733392,0.536647778161685,0.806934765284765,0.0668017426102888,-0.830751369047151,2.85903123894258,0.676529012639771,1.37706106492683
1251,-1.57457343798343,-1.04099126773561,0.999534570812738,-0.878630000429602,0.986731796965712,0.940232142620254,0.88103836274019,0.758309779391275,0.674589966698084,0.674603769328678,0.811945097211748,0.524277918757754,0.846734457776998,0.976406545808073,0.597284225933021,-2.81258878488289,1.05532878402368,-1.4877934322403,-0.0653765150354337
1252,1.09103231185724,1.15308404748936,0.0642175768840996,0.667690226323562,0.958031229490084,0.510136632526643,0.290654800618649,0.264518204344553,0.459020529503119,0.170777818938252,0.0104861087593017,0.590687364287442,0.0777481984295882,0.919690716523794,0.949074716874165,-1.21001647954163,2.54539693218875,0.162511857286396,1.15091506235243
1253,2.05825822197199,2.07384322995073,0.0694857697817345,1.25291462664171,0.961489837294157,0.283853224038729,0.306697353766649,0.668393906935933,0.161745099901455,0.675810486796894,0.808882145393523,0.190977827089373,0.119188318353263,0.719130513405427,0.7757190933167,-0.631570825956111,3.13740007923953,0.712131265373327,1.75618694963061
1254,-0.0423356844485367,-0.0226593742794633,0.0500606913350769,0.387336022820744,1.02339491522545,0.910121047601453,0.0170823780993232,0.497961856228299,0.974645644973265,0.107115788444644,0.626167864583549,0.619165942962864,0.108943383605336,0.488632014951203,0.839282870838302,-1.61848115298256,2.39315319862405,-0.456225933928297,1.24624098791516
1255,2.11779720246802,2.19164049586381,0.999138126736816,2.15094658646645,0.959551622549025,0.367812121756608,0.850210069169523,0.358547911880305,0.567924230030272,0.285381273128442,0.794203041437082,0.978654557380127,0.155823060005088,0.173390434968052,0.0641417969431495,0.270259964963387,4.03163320796951,1.66921296718393,2.66673605244205
1256,3.42969237955593,3.73660571692654,0.999918570562325,3.70995534607867,0.968238632469405,0.857065125456545,0.968219734743936,0.937034576431732,0.65120867718535,0.626782833935693,0.254641049918369,0.517265150912921,0.357152199236676,0.205608572114841,0.0807570946492488,1.81224249799832,5.60766819415902,3.18160062694202,4.3112144739479
1257,-0.619668760515024,-0.572502544589256,0.104367859676589,-0.0840202522236408,0.96921905351611,0.247393909620238,0.359912169674761,0.237265595851,0.867732093076454,0.319749783754698,0.720115178664215,0.364039569519227,0.167988796504098,0.184259240178741,0.993218623624649,-1.98365469024521,1.81561418579793,-0.647882864317589,0.469620870454524
1258,0.145715214910983,0.110052422027406,0.0537805204099402,0.118880091854614,0.947683615920485,0.0269119877392659,0.223869356228854,0.376324174079346,0.850122223245446,0.408349985902547,0.0635462715253234,0.869410935049877,0.437360944699729,0.273814288720023,0.468688662428991,-1.73854566408822,1.97630584779745,-0.307326176484169,0.516077632550059
1259,4.27322899268623,4.19068743793775,0.052506547471672,3.47237562023711,0.966946056949857,0.950033140719985,0.203254313514801,0.203913692060974,0.775489129505586,0.112914841077058,0.0286492704373086,0.283723405532655,0.604929446175694,0.618323891976965,0.533749172287178,1.57719617362238,5.36755506685185,2.91811708742955,4.01961272840856
1260,0.547524327497857,0.613631282642598,0.118652089381864,1.30023486574848,0.96387752278863,0.500357299591298,0.372379955741344,0.83038770457299,0.676365049179294,0.584268740474945,0.695053957790253,0.753992882145802,0.384650296034059,0.0681675784488907,0.985950965932687,-0.588930364424921,3.18940009592188,0.734682400358998,1.80729042439754
1261,0.819085058064995,1.09027263992015,0.982692578259546,0.981143299750784,0.952180548353313,0.617419262902462,0.699347011829494,0.711568264640984,0.668354762568139,0.198822137803538,0.582423649616772,0.452587932930444,0.0903042954737321,0.958362261996022,0.669419519296964,-0.885096281801308,2.84738288130288,0.523764427939082,1.42178755855152
1262,1.76404301006288,1.81872278935491,0.0998516811746258,2.24007801236344,1.02702446875189,0.561589654655894,0.355324633603217,0.198411181345582,0.88257887116645,0.942288082307903,0.746382041190285,0.63805327930802,0.507815415586112,0.41607888282428,0.810844905130565,0.227147042368349,4.25300898235854,1.31033913154806,2.98675407069373
1263,-0.6040598371652,0.455913405593639,0.801776689078881,-0.385168444074193,0.98836077096478,0.270796366623719,0.566652254786692,0.449987369762268,0.626808664454147,0.24614784684428,0.259842203765875,0.872264372010017,0.963438414996374,0.950447786622099,0.995604005618254,-2.3223199588974,1.55198307074902,-1.03750946750653,0.283813330252587
1264,2.75991512320711,2.30298614030868,0.995127721803765,1.98121090062561,1.03493327878737,0.501668917914154,0.763387922194903,0.818401839497266,0.821096276271739,0.766467317294213,0.195766411383287,0.908116088028066,0.252287592221051,0.68211394633702,0.429482387775322,-0.0472210521995846,4.00964285345081,0.911951038874458,2.71180630049152
1265,0.0981696444299096,0.798933518515549,0.594807442347478,0.370557797000398,0.965901261455207,0.0707228094809689,0.514803500516457,0.710852369257482,0.364601557331625,0.177058748631505,0.899253577138879,0.458334261555457,0.298095293084276,0.0366698514219606,0.899407447054982,-1.52257388807361,2.26368948207441,-0.27419904046841,0.868395188097792
1266,2.20004614277851,2.25989164441854,0.0506104032408603,1.98717986711884,0.966662300830033,0.0843081072627101,0.132527263101074,0.91958402266365,0.775708673203713,0.466622337094741,0.150289419357898,0.988515958513483,0.411647734434227,0.242116504195612,0.0020130218656268,0.0925565722793555,3.88180316195833,1.44438508066296,2.55381662875288
1267,2.39674025788781,0.359921695976863,0.996537605981602,0.617187288530554,0.960737796548512,0.43955202576681,0.780542521942174,0.743631846193224,0.905977084425278,0.403538861498004,0.699121515066945,0.425234174918151,0.891266045143479,0.808684247052763,0.272968390150345,-1.2658241912909,2.50019876835201,0.116673813875367,1.117695833504
1268,0.265572457235629,0.481540072489525,0.931142784459754,0.59400189240804,1.01934649459243,0.201884301527869,0.627459233157104,0.788630575216725,0.465902551311068,0.29845571950404,0.30098021386459,0.620188168379711,0.622949251837563,0.734255620246986,0.140740063834237,-1.40388052476028,2.59188430957636,-0.0254439064128635,1.51290572286261
1269,4.29516124389993,3.37369070100324,0.984364770717625,2.11626392531844,0.986820488026202,0.967529248486622,0.704517012665165,0.292915896025719,0.913430850082077,0.646248745789984,0.130826346550602,0.542310387573088,0.471374070175923,0.213496531749843,0.690322404849343,0.182131309580849,4.05039654105604,1.38027019945184,2.74226811520112
1270,-0.088640041795589,0.168379482891969,0.831574188591368,1.92597579234824,0.945491923896852,0.728518948066514,0.576740735595697,0.527191792516154,0.618071674740058,0.352580213873414,0.7363387760896,0.402443799691391,0.796380206295173,0.462744043957093,0.421598618552089,0.0728456738369245,3.77910591085955,1.54265012502332,2.31757840545742
1271,-0.886996225353395,-0.509041879125814,0.999844708278384,-0.912747093530525,0.983848136215552,0.399365643612575,0.935937418113463,0.0993271290448029,0.937814808988245,0.137141851917957,0.966418570206384,0.19371946280275,0.304157701839227,0.0588683814358665,0.720417099510436,-2.84105400676986,1.01555981970881,-1.59502259057879,-0.245983681699523
1272,-1.58804703895705,-0.824665410294036,0.420916216019856,-0.694414888827997,0.947732127067836,0.249904601096176,0.477726451626979,0.158042426726548,0.32758878997073,0.35055947466928,0.287438547391794,0.581247143369866,0.925483026787173,0.025318323108484,0.311450176275452,-2.55193572487249,1.1631059472165,-1.10789820096706,-0.281080043761059
1273,2.23954523671226,2.00599197937199,0.998253426627911,1.8585340167094,0.963656480303156,0.0900985450014705,0.814848299944191,0.0900588850297499,0.0483135168877197,0.589772992416983,0.92658270541532,0.366743312946986,0.966389619926806,0.190336696887156,0.978286595315207,-0.0301979781534136,3.74726601157222,1.28545609548438,2.37296186534933
1274,3.69238608600315,3.67290721986467,0.0500809364399718,3.2477287593227,1.02748443771432,0.998694267268176,0.0314766045620199,0.0899401282978943,0.15776173342322,0.856548245690879,0.331228701952612,0.404045311743743,0.991810095940018,0.572389852431719,0.869629199476214,1.23389626672726,5.26156125191815,2.43591749834309,4.17856906611444
1275,-2.56838248540578,-1.63221976199863,0.986159219754685,-2.01511478534538,0.961063325272993,0.189848146589473,0.71070831219398,0.13692221014353,0.279589777385001,0.385204037542455,0.355941471322789,0.670913438691292,0.481220932718832,0.0151407558582723,0.991600254893419,-3.89876428974275,-0.131465280948015,-2.49323032344702,-1.45216547359019
1276,4.26912714587785,4.07866272816077,0.497162794887621,3.44092945491836,1.02415006542007,0.713255617073854,0.494132812643191,0.142011706413003,0.604778427738813,0.0687762189012719,0.0986960624966305,0.382225908469176,0.544300290946732,0.823504185037804,0.771834357344545,1.43363221193067,5.44822669790605,2.42730584119332,4.08232101560508
1277,-0.830833217129726,-0.920618475383833,0.0562483110949705,-1.14774375398599,0.986819980189492,0.0263995563496137,0.24912240561482,0.952173116070335,0.570809949341463,0.867908935772604,0.0526000040045474,0.136058498219121,0.634464385596104,0.287636768758879,0.392687941816403,-3.08187537438192,0.786387866409942,-1.76393571624926,-0.396005098585479
1278,3.05386851360974,3.17242966140243,0.0500484037317575,3.40208527292442,0.978176670404083,0.814544950929238,0.00577053010975942,0.411613396027358,0.518095756077906,0.00389562497206498,0.946649733326514,0.334749037921429,0.439207591207232,0.833094328808365,0.0866922917007469,1.48489422841511,5.31927631743373,2.70918790408428,3.99914847430902
1279,-1.67686446632239,-1.85219154573962,0.116993062587347,-0.784149122411746,0.989745162853108,0.233048821507022,0.371062800667249,0.183922829315765,0.608523188670631,0.787774705344811,0.818545061868965,0.624882085849415,0.450707881911192,0.310279068274889,0.594410566498875,-2.72401399547657,1.15571575065307,-1.72150016102267,-0.268162996234929
1280,1.33574064882811,1.12927135790275,0.9912069551264,1.49464452845719,0.954946715803605,0.734226787263295,0.733660099637345,0.479145100244205,0.178701176881325,0.340541655601002,0.859582019672962,0.928631318827975,0.472605191629613,0.753633620830718,0.365140268690418,-0.377016641672682,3.36630569858706,1.0424655063233,1.95271250662201
1281,1.52643756315296,1.58998920992493,0.0502313876792256,1.53414685356837,0.973094612616811,0.482925333924242,0.084006045046146,0.8588403335982,0.765258592617931,0.508896286119358,0.994779465625179,0.197066427836427,0.401029832541826,0.858963219906669,0.0221524043251993,-0.37308354071053,3.44137724784728,0.928064410635932,2.12055338801287
1282,1.90747987304879,1.92414512900664,0.99954621648644,2.33261358697961,1.00084801883938,0.427105837277137,0.882305962033221,0.126315233067842,0.120212584310095,0.176607515053358,0.0773441895192955,0.196233207394718,0.408992357236682,0.158689248001901,0.863546664353693,0.370987516056156,4.29423965790307,1.50591065992124,3.01660898226931
1283,1.66785053133617,1.51775035635915,0.310786522437802,1.3018609486059,1.00387387945657,0.0240408597483765,0.451407554555684,0.723970523813739,0.217851952051162,0.732707461366081,0.749757459467277,0.943147634120658,0.85456299659505,0.411452662391355,0.530739491701126,-0.66569570014949,3.26941759736128,0.544626862168931,2.02618326168545
1284,-1.5326227461974,-1.43795031041092,0.2091778173481,-1.2332525076138,0.951074897787377,0.125810247476096,0.419847439181642,0.328013215370593,0.39525509808166,0.0202780969546875,0.939351271572639,0.907019432468805,0.489260211217916,0.815005949734943,0.452851799563854,-3.09732505387717,0.630820038649573,-1.6754693251268,-0.8040653019885
1285,1.61003574344932,1.69030061052643,0.0502793632103547,1.28053981576955,0.968598229252703,0.441431508881156,0.0934294805305544,0.733411512621678,0.753052625101758,0.0905885367847513,0.223519516953733,0.31528044281702,0.0413667320929235,0.383189315601951,0.596392500320566,-0.617877829055017,3.17895746059412,0.722857981912684,1.82266725529915
1286,-1.4383936371842,-1.36990611907674,0.61276120948449,-1.23062078094257,0.976054985823345,0.122484992867918,0.518690693310346,0.0892398594917031,0.788708068405977,0.583855280240998,0.268426716133486,0.90069680694805,0.104414174672216,0.153156526895938,0.41261867754499,-3.14365340008708,0.682411838201944,-1.82439402392733,-0.648443073338034
1287,-3.09873832449588,-1.94644406975128,0.998101721661498,-0.789791438792183,0.948722086094031,0.017634962195647,0.810675723003922,0.667611786967958,0.725253758558771,0.257113128875964,0.321770374276093,0.625700625833939,0.579707158929552,0.490528747295029,0.781499425470829,-2.64925255887419,1.06966968128982,-1.25730552904135,-0.388768392190127
1288,-0.889650179602785,-0.845691754999485,0.0539570637989885,-1.72686255621016,0.967614054960078,0.479210453826818,0.226160716510843,0.523809653762612,0.622699452392408,0.709452336772578,0.82691379468434,0.926752343526226,0.979268025803612,0.0771171646272996,0.614252870286931,-3.62335125486667,0.169626142446351,-2.32336929394695,-1.19382536325181
1289,-0.107531582457221,-0.15609204715903,0.0503713063239708,0.519901909724806,0.957763159498731,0.420286115023191,0.107660052729771,0.993013822016306,0.838673694367753,0.229782172866981,0.566714574200334,0.611096913102781,0.522039871944697,0.516844091316802,0.611780733493273,-1.357279388612,2.39708320806161,0.0291538616894063,1.02204049162248
1290,1.20938249854696,1.5507195435992,0.999879613068289,1.72652273660746,0.958762769650054,0.0282178705135593,0.948668977304129,0.911997255305876,0.747519025366753,0.652056019067066,0.913538267579861,0.144127495875815,0.00306351668783464,0.129057783428114,0.457795255861944,-0.152617761624518,3.60566323483944,1.21981213106896,2.20820107796131
1291,-1.8253933315572,-1.6252304680678,0.239007279275884,-1.19157994877606,0.972583816728844,0.458976926089963,0.430358086829889,0.436959252748173,0.95984117093333,0.3730013239166,0.937483456588001,0.375433278929559,0.488673438337399,0.602929799869307,0.956745114518562,-3.0978092015111,0.714649303958976,-1.82835551956784,-0.653695145570945
1292,4.03328216815713,3.83050902963772,0.171484971733416,2.6631210709739,0.989643770998278,0.906018533725524,0.404007779493229,0.739502674686257,0.253122939125984,0.837307797080488,0.113754045610782,0.298015579274157,0.487361135443556,0.669848314276431,0.567561903034686,0.723454922292876,4.60278721965493,1.93953926331323,3.30812506781144
1293,0.398561992545693,-0.111331652523803,0.998809594680994,2.11648200053449,0.968692849930442,0.7748784566588,0.83404571436462,0.305975023762323,0.692914346665377,0.572326455423958,0.282300864262506,0.0491002224566182,0.828197828248958,0.11312965986738,0.687917446769076,0.217878902589358,4.01508509847962,1.63145428041863,2.78073193283849
1294,2.44422244219073,2.31228231204721,0.995998157519434,2.12950775932785,1.02468555252419,0.58188988864515,0.773274287309381,0.195246016838122,0.983673110733624,0.905197428107494,0.799754045041278,0.811027658563107,0.4249167309599,0.926117638150114,0.510107683517272,0.121160980901912,4.13785453775378,1.32460204340436,3.15624177235254
1295,2.64787263196882,2.64256294112338,0.0500960763172425,2.77276111800647,1.01838827576967,0.92984666582197,0.0400513360712212,0.390756750775035,0.847524448697688,0.563452750167926,0.682457458674558,0.19039161070867,0.947255505642737,0.804488369518542,0.646623829797725,0.77675677522007,4.76876546079287,1.91764920716287,3.58914911725676
1296,-0.823558919889953,-0.925225315369842,0.888326741245079,-1.89641941642102,0.950616464571116,0.423336077674874,0.600791532773408,0.542193043542095,0.524430017557112,0.552736530358437,0.238878898928873,0.758268969525583,0.0239665503620636,0.536393791888026,0.454743213688838,-3.7595934500912,-0.0332453827508359,-2.290431792594,-1.43814274107718
1297,3.67839581570338,3.64570724827454,0.0500797380278768,2.62656963962366,0.958327931331373,0.699249039303046,0.0307306642220356,0.301653473341023,0.236190490184352,0.201014181364095,0.918462977947784,0.329611880631885,0.855434303679038,0.00690537720639259,0.00813369637727737,0.748281408835393,4.50485787041192,2.16491179409823,3.13509940345454
1298,-1.64551524333349,-1.53360763705681,0.263086079092733,-1.12537069607167,0.963353201288464,0.324313828226528,0.437961256124894,0.640375928652589,0.446276467233896,0.548989670842188,0.91441226829926,0.157684425162151,0.136131416943274,0.427993054071558,0.169023535200977,-3.01350827498843,0.762766882845084,-1.69432178665714,-0.604643826209607
1299,1.51375299824102,-0.472301844068372,0.999928363694875,-0.615340156517915,0.973152579655936,0.102103782358696,0.974626992690726,0.949299227223964,0.943855047311867,0.314087524764705,0.871174888931331,0.915203414831194,0.49529601521499,0.834644024088746,0.634078963995911,-2.52268416410579,1.29200385106996,-1.19280967930291,0.0176734772529212
1300,0.894584919284827,1.28233496343219,0.933574858930203,2.16267330863269,0.99593214984231,0.257700707134558,0.629395020137657,0.489697896865197,0.996008790483931,0.920890082196216,0.442292978284415,0.39167102461867,0.526258310090285,0.757823230761336,0.358799087575055,0.210682163896215,4.11466445336916,1.29691842141002,2.839591598676
1301,-1.30484555918426,-1.30318319427505,0.0503678496477705,-1.20759203753123,1.07209479301323,0.267221150453901,0.107192215520306,0.960670166729018,0.159139086919138,0.830028695010464,0.0956769447077531,0.126273326732451,0.364398459507152,0.538685026231571,0.196509805547423,-3.3088592198501,0.89367514478763,-2.23658421042839,-0.208510901278906
1302,-0.105894800584794,-0.198591662848446,0.236072892077352,-0.581462541950295,0.967079446920595,0.480003989442135,0.42938330568478,0.500363969231839,0.807926634116098,0.253066493923659,0.188137448114576,0.531447830099147,0.756293495010585,0.0545049142834032,0.855347586049465,-2.47690342810358,1.31397834420299,-1.15433607607949,-0.035717083512226
1303,3.83838177069589,3.50455589294251,0.895014632537698,2.25186755826768,1.03869744327467,0.576779944256297,0.604276648043771,0.757158423251822,0.27191244128719,0.0770267830082448,0.193116461152327,0.012238986159442,0.229906307908939,0.699434823014075,0.639991704656393,0.216057978615487,4.28767713791988,1.478073983016,3.28992815774402
1304,3.92127795667684,3.85670656473151,0.28634046576948,2.88672218045236,0.981472243633139,0.637987359488383,0.444743370558484,0.102521977939876,0.152779115230427,0.940050801361096,0.422324959213031,0.504017861327389,0.413631067089038,0.739563966186019,0.16969434302696,0.963071931105688,4.81037242979903,2.22117241853939,3.51961700005885
1305,-2.45891460831932,-1.99713146369394,0.985048498805186,-1.78957333957237,0.949723501702155,0.0583238110337406,0.70678933445795,0.572835066393949,0.426650514741312,0.690871068070061,0.980860713090515,0.966244121855358,0.659637556957197,0.455744978139759,0.838977024743683,-3.65099719817986,0.0718505190351189,-2.22343660866548,-1.36829952114882
1306,1.73795024083634,1.78762966584426,0.05007440188212,1.39203582871695,0.972795946328033,0.162779613216058,0.027267114804592,0.116482743094326,0.161491437478806,0.717118071726756,0.506297755846521,0.81159182603145,0.515297469358775,0.637617860880913,0.601251254081959,-0.514609190392548,3.29868084782646,0.775420974375777,1.96070798809928
1307,2.89624717179119,3.23677125571267,0.35215132772979,2.25159098551591,0.974372334025208,0.827215682285256,0.46186354192195,0.626012944095884,0.110344973288709,0.686736626979429,0.683949552730424,0.726589821292204,0.165162291104323,0.830917146755732,0.09787219727505,0.341856303294273,4.16132566773755,1.64164673292978,2.83466978798089
1308,2.37100284550149,2.53777060399594,0.990421701635394,3.01763865307312,0.964444648733793,0.723283320336836,0.729341422047815,0.590744767093915,0.541180717689684,0.974847590113291,0.796316059586243,0.982190769815119,0.980816898585064,0.320928313322132,0.0915768486156594,1.1273618764725,4.90791542967373,2.46457895683992,3.56469800644181
1309,-0.00668412706939664,0.178314603078713,0.680383076746567,2.16675137454572,0.966346970829475,0.71198766935966,0.533960226453724,0.627440328774159,0.836454334503156,0.690423555450398,0.159559183924226,0.465369783976581,0.0401317232606234,0.923870521453675,0.39417949141236,0.27274611515057,4.06075663394087,1.59120142566893,2.68563381624249
1310,2.23824493077676,2.32936170241787,0.0533627289784873,2.22541442107467,0.954179630183859,0.0535665828286437,0.21799184250168,0.587736542842933,0.0213472104936372,0.429553192383843,0.943410069233505,0.109586342978524,0.0530098426300101,0.694847247838741,0.671927090546116,0.355256711132555,4.09557213101678,1.73996356859387,2.66919095122338
1311,-1.85119608873708,-2.03923008038719,0.162459808361063,-1.86770820273464,0.9760359100795,0.00199761254864279,0.399606332311756,0.2010929012876,0.952729009691626,0.493594801414059,0.944763925021398,0.212012698164093,0.938901086164289,0.259815184577485,0.864402223180281,-3.78070343410823,0.0452870286389533,-2.44559671220205,-1.26540855781758
1312,0.791475961935681,0.178411328929901,0.998698740425412,0.270269250528591,0.957489669067143,0.249021781357238,0.829587929990026,0.855768583885161,0.783393683407921,0.829653462246526,0.867002736790106,0.477538789320504,0.503636496484978,0.202916880165692,0.463758230539854,-1.60637601641218,2.14691451746937,-0.218367304169141,0.758614704549838
1313,1.2499130079103,1.28400545743287,0.0597897718964143,1.08127836138003,1.08985149842479,0.813812984666671,0.271761732972111,0.0964631175901741,0.900776093927445,0.870516373049351,0.569394212602056,0.879039874690818,0.237939304114087,0.0804056847422617,0.335062889591558,-1.05479132402957,3.21734804678963,0.0317789208728936,2.01512484705445
1314,1.02359087322463,1.07597158134379,0.982847474391367,2.60467190179527,0.982763443705799,0.823424867769121,0.699804814011208,0.730321249922854,0.225211918055546,0.234658073213417,0.420357187740505,0.469789467612165,0.10019816642045,0.96703522907279,0.99149670963292,0.678490946809351,4.5308528567812,1.95232331516479,3.24054991220538
1315,-0.743410798228456,-0.172760373655962,0.998635389157035,0.110258242062309,0.952215072173517,0.0599410755172139,0.827207761410507,0.205457797989482,0.393266775523662,0.272731606042711,0.520584911343642,0.727519266215502,0.941767984283739,0.702323396228952,0.0857031586098019,-1.75604900493399,1.97656548905861,-0.33088257846872,0.551976788732397
1316,0.593856523719761,0.686553898051984,0.175895343209844,0.626567948820798,0.969001464657026,0.478088705342379,0.406057670992333,0.965375065949862,0.791734181433334,0.677046494637965,0.013937987367739,0.792026673191693,0.565452829685877,0.394879532266292,0.373210225014598,-1.27264002287353,2.52577592051513,0.107539260450754,1.28520038138482
1317,3.07060435834257,2.26226037154519,0.8981704460568,1.54809062292052,1.01569499032959,0.523979744720855,0.605989061876782,0.250417982655112,0.7117573099609,0.693658529074164,0.546795415032189,0.582418059707736,0.0980735255370382,0.482196889638086,0.242045110889943,-0.442634977403245,3.53881622324428,0.661984481526658,2.2959648546377
1318,0.815446352868266,0.0228214770032619,0.999939241318143,0.868320320330139,1.11395551909556,0.524601275535184,0.982862166089471,0.239359688621247,0.7966379512368,0.502246593631338,0.555286539402674,0.119124446003698,0.769448458693572,0.880205399151891,0.601589091315865,-1.31499237747677,3.05163301813705,-0.0829391414867,2.11961791244565
1319,-0.10957880568509,0.0466447533035504,0.998042818303947,1.29014216430216,1.03865051615186,0.694493070882861,0.809144706997089,0.79108478529891,0.0846081861334387,0.853094863436767,0.347481714096735,0.510427881521755,0.811962794703664,0.0963907650969923,0.019976280884468,-0.745575439879425,3.32585976848375,0.430108640290102,2.22221250985861
1320,-2.16798692070181,-0.991459200572629,0.999436469553871,-1.59279392780613,0.98564492635876,0.438603289351915,0.871470126760425,0.0595531582691474,0.787112176582799,0.76567021783744,0.896511496726773,0.373951451672474,0.885503399944399,0.282826373385731,0.798149004550069,-3.52462248501393,0.33903462940167,-2.21041829367794,-0.933692033539811
1321,-2.31437455615957,-1.71690888620836,0.999317256357701,-2.11898355270577,1.02240504676252,0.186757802544511,0.861868943963898,0.857002031226875,0.122381147457287,0.947944067242555,0.499009912927519,0.224794673014549,0.907115678195725,0.358361406472977,0.0837725052838214,-4.1228606219723,-0.115106483439241,-2.92349063100419,-1.22777062957487
1322,1.50512431610127,1.48194883192727,0.0638085096892683,1.82252623004231,0.944138839312968,0.0746742784648668,0.289173250352382,0.814609548211796,0.813566598951002,0.483595922603155,0.559842771084048,0.424748972136294,0.480194196838886,0.706900791274384,0.174996932879207,-0.0279518914165611,3.67300435150117,1.45446592096715,2.19348324081317
1323,-2.29657594337091,-1.44932501566193,0.999948951079801,-1.13545079402786,1.01249268829899,0.422896657808218,0.991568956693518,0.0287409745429177,0.854743519064272,0.655282757729758,0.888120467082015,0.0730976195279509,0.617300877658068,0.782020257598953,0.518209946664749,-3.11989999770402,0.848998409648299,-1.8920047357777,-0.292180379820743
1324,-1.93178723530626,-0.888024609923599,0.999787243593546,-0.209659069554158,1.00332623365956,0.426221720620291,0.920192270239582,0.14565421511454,0.894330025081174,0.117156323139323,0.16849324326776,0.0775147814720403,0.183077541773906,0.124843202827498,0.844761133219697,-2.17614235227112,1.7568242131628,-1.01112166555395,0.485083414348212
1325,-2.09414087141373,-1.85758379657474,0.348392417274912,-0.832528812599334,0.956926016776071,0.340142754027271,0.460948347149184,0.0129310456190724,0.791368075321428,0.244685293713468,0.937904173366143,0.526291975902743,0.241236717354157,0.619096999140922,0.483886582763633,-2.7080693413498,1.04301171615114,-1.33205629664975,-0.341834980749643
1326,0.705330794903327,0.727987895737515,0.0543171790862426,0.570540556200486,0.962118733074633,0.151120182383573,0.230534748564241,0.460031195312738,0.601242521009175,0.55882820173935,0.352921976585989,0.618212453836459,0.562420778056607,0.371076615896891,0.785955723608145,-1.3151775094771,2.45625862187807,-0.0404225108949579,1.07849871808688
1327,3.03308227966028,2.97752343847227,0.112215551498576,2.63802081295834,0.991496279251325,0.7675933571395,0.367093800861738,0.207957150448696,0.64405064785073,0.701472862360184,0.135245039110305,0.380434384042979,0.97068098354328,0.91449779767578,0.832756321447901,0.69472381482028,4.58131781109641,2.02348555518527,3.4155789463025
1328,-1.92474882484102,-2.40389263167382,0.741669429161202,-2.43835948634832,1.00179560612839,0.109849668647279,0.549243404542794,0.991299578690203,0.807446261909674,0.93995424919168,0.857750025566784,0.37903979152278,0.665424868208473,0.935468154425849,0.21443530516699,-4.40184279423043,-0.474876178466207,-3.16046314012054,-1.62482354810491
1329,-1.21353457109838,-0.377444709552076,0.886617249144649,-0.117827525299899,0.962395108420926,0.284006886166986,0.59992987030407,0.427151209539617,0.367128648805432,0.503248989173677,0.48756653018482,0.454504011696205,0.209647997591295,0.0723224955949699,0.478300539651304,-2.00408727670243,1.76843222610264,-0.590170064378209,0.431277877246269
1330,0.474833808264791,0.413811191881116,0.054546862915948,0.489677983025916,0.964449797234823,0.5477053116553,0.233138660172001,0.260321103429538,0.780663528656005,0.310970944141736,0.249225587863126,0.182240985688753,0.916044548303471,0.163574698810466,0.710498250939068,-1.4006088844513,2.37996485050313,-0.233612228822055,0.978784985517267
1331,1.76126072025824,1.88253150551022,0.641134219819798,-0.226371199842755,1.0643156090478,0.687525657815393,0.524954732534941,0.971996564352186,0.0326258231682004,0.0439360149524873,0.961070773883257,0.61441002456937,0.189265377485543,0.879939321179292,0.531495647642645,-2.31239146176025,1.85964906207474,-1.24778703192152,0.759311041639753
1332,-0.350828205572146,-0.302426982661325,0.288694252930773,0.408540637854243,0.949482112398704,0.455985823306721,0.445404054757091,0.138472659224994,0.368989189580316,0.399755684806383,0.781578166908002,0.184691325282911,0.781536722214427,0.782763244580827,0.209318161736126,-1.45241010641223,2.26949138212071,-0.0174036495463603,0.843136382969912
1333,0.466183418469927,0.422980116916039,0.050457726810624,1.09946382907476,0.952297669709197,0.708334887199919,0.11812685965118,0.418661409036489,0.697223766561947,0.235554257031647,0.0314630054396112,0.467073315935093,0.553585210818099,0.441287874291302,0.847233749012463,-0.767005306116686,2.9659329642662,0.652038546590954,1.56611531054516
1334,4.31572201789497,2.0609886072185,0.999806220225079,1.61947228534339,0.986034427318091,0.0528112909502815,0.924864546531229,0.76483135615068,0.257493885013624,0.570486375610577,0.342743474899325,0.31144187250128,0.841693160351249,0.201234908080078,0.434887524340069,-0.313119679716649,3.55206425040342,0.930767810831971,2.2695736416691
1335,-1.3964855853729,-1.31438934962927,0.0502599096353883,-1.06544398087314,0.954874107499746,0.306078908239026,0.0898195188675309,0.520127615229343,0.404609034818946,0.53737179760891,0.394409553800942,0.166458524181275,0.842970416796743,0.109542629540549,0.986274634054513,-2.93696284134247,0.806074879596191,-1.53548051696203,-0.589436311957277
1336,1.01848852780499,1.00004386576945,0.0500730336969909,1.16255975028148,0.971900843333894,0.503255888137384,0.0263390277106082,0.112583204873139,0.732055962853017,0.408735792853986,0.289632375166635,0.129911972529255,0.303582726195338,0.177652842496289,0.858221903742291,-0.742330899197054,3.06745039976002,0.585417914685831,1.75589825158223
1337,4.04784399588698,4.00729612792437,0.0500520207795023,3.07314432762249,0.998928180481135,0.826226897677639,0.00937403706053738,0.559737294407445,0.00579573162831366,0.2260290480064,0.393721185053699,0.485604795142543,0.944393828021479,0.406853908708319,0.471568535283208,1.11528107073734,5.03100758450764,2.41745085934419,3.83820023459891
1338,5.57685881397479,3.82142804900939,0.956558049994633,3.60008720113598,0.950087293420316,0.758778898795834,0.651911475070054,0.414129835262196,0.641972030209028,0.0810952283928636,0.844330330732511,0.47707635442703,0.333384045762359,0.0167171149286441,0.607661389585934,1.73795032386302,5.46222407840894,3.16276643391963,4.02196331429028
1339,4.06033944195738,3.99780137331305,0.0504717995459073,2.79137181556967,1.10563500677798,0.846464960626909,0.119641684769536,0.776838737056358,0.165005297382362,0.121122228444554,0.576268364359159,0.57156932434591,0.486130333348527,0.632470640666666,0.559181357669411,0.624367022238129,4.95837660890121,1.62592183006797,3.84515433271245
1340,2.18404977956222,2.33992991997407,0.0500705571082459,1.71049247983724,0.998528530147705,0.071859495617915,0.0246139718885534,0.0208158198469318,0.371018635287182,0.851114202283206,0.564417630133568,0.412512777297059,0.511380984201794,0.0922890694923699,0.180015356422635,-0.246587476787982,3.66757243646245,0.981342979482288,2.42438526587702
1341,-2.78586200127625,-1.82165230237421,0.999812611844372,-1.6210597877838,0.959639176516886,0.15871452582418,0.926541891465662,0.468342623436474,0.782121329838294,0.0808367705014534,0.299365555084427,0.941707885999931,0.107957924391143,0.56264559619152,0.585228470080649,-3.50191801191057,0.259798436342974,-2.13310319373176,-1.11084429736987
1342,-1.03037595509381,-0.261766128531466,0.958239000704321,1.34458356656835,0.994660060892188,0.738014672113932,0.653977234390913,0.568194046263234,0.405699954953045,0.85551172652503,0.0624646473028697,0.844087146656471,0.569581926680286,0.892545835026889,0.943355348593672,-0.604914329640759,3.29408146277745,0.624515828194562,2.01992275381428
1343,-1.28627309388529,-1.2544810166736,0.999558281876673,-0.772591070088224,0.999413831540718,0.169063107026741,0.883654012019397,0.524189561965992,0.645314377392642,0.223850126558798,0.362599416665733,0.579754376545898,0.721859078343608,0.916565426097601,0.774922509032884,-2.73140618555921,1.18622404538276,-1.40705975129852,-0.027051228953558
1344,1.75767833098011,1.6429881023699,0.802890202534541,2.03143661473609,1.06497114996809,0.575948580588098,0.56700792413915,0.799964590773569,0.231221815672005,0.896232574433321,0.429750901071588,0.216465635371278,0.0430095083267661,0.458526319966535,0.128462474620435,-0.0558684837755683,4.11874171324774,1.26885042052065,3.26869724284571
1345,0.98494070380973,1.03817808212851,0.766649058166749,1.08370554397887,0.979958685224376,0.362848200866021,0.556102137681213,0.324929983230424,0.443662220392958,0.912427214107593,0.157642100206343,0.700748520343099,0.976215824805899,0.239998089812696,0.0298493240843527,-0.836978185398129,3.00438927335587,0.446678709019878,1.68655674521666
1346,3.05794182256459,2.62679643309898,0.868388224863567,2.66288650991165,1.00571756891335,0.902003387886914,0.591374016746413,0.833628801033017,0.390275527738617,0.88279710716242,0.930246051953174,0.805926195901702,0.364823522106861,0.401234582724283,0.195288962213788,0.691716296222317,4.63405672360099,1.87203020010671,3.34020226596524
1347,-4.25715290053976,-1.16579992314452,0.942222385066899,-1.06472780965604,0.96274945637127,0.418631389464135,0.636855699817534,0.0814490114444634,0.603554848664324,0.0143043757455889,0.48807459808432,0.473789295286057,0.767061637330917,0.800078066013171,0.341647363262135,-2.95168207027925,0.822226450967163,-1.68084104558605,-0.58110193887716
1348,2.66155183562599,2.51083892217469,0.289133598999421,2.05513732481676,0.976224157998431,0.538451271297876,0.445526893909439,0.0928222903114511,0.473686131683062,0.560637395869475,0.115924980751588,0.245089774085209,0.363582221866818,0.449562995375483,0.403548586102668,0.141773134301901,3.96850151533163,1.4255776471487,2.70208089649009
1349,2.77070027722146,0.732916565257431,0.999353070493261,1.24467861978733,1.05215144981565,0.924690134817967,0.864564935932402,0.639295015612617,0.014866742689861,0.854639062825125,0.10869955368957,0.517910443044966,0.00540815871022642,0.977455295062391,0.00705731649626978,-0.817500328132953,3.30685756770761,0.281840208253192,2.16781497956605
1350,3.79701808762374,3.77447516369018,0.0503065845788595,2.74205788625013,0.962923340593756,0.949144001384033,0.0980799588514492,0.342775966537767,0.297917618270847,0.556753168182098,0.878492538787308,0.582524734592647,0.629428421064862,0.498721226739348,0.424061507668695,0.854762818813376,4.62935295368689,2.22911948123275,3.25586134894635
1351,2.84837042099318,3.93299092102264,0.99944730629901,2.76201320375113,0.9637947242775,0.856045702100149,0.872441567472764,0.0238611046754522,0.320453290639678,0.381531718700891,0.213811391848023,0.229214002143592,0.46053188047884,0.215591875038575,0.982637881709496,0.873010255677517,4.65101615182474,2.21226271907927,3.29543930708979
1352,2.65490360984374,1.55155052394475,0.999629806738597,0.621939640557213,1.01022779773699,0.965846452952246,0.892490115656285,0.904297791375313,0.184537481221138,0.657170004067128,0.996215574276866,0.689792089166236,0.229300976267201,0.631754138089716,0.450913595726597,-1.3580704591885,2.60194974030293,-0.087652747096751,1.55558821139932
1353,2.28435996607903,2.32793478248642,0.052387086759854,2.00844662879781,0.938642733395432,0.244173424336128,0.200806379700545,0.327220411992748,0.436228525441722,0.372959503920749,0.633954637236078,0.122116384916473,0.46791410877672,0.303118169562076,0.480171440183069,0.168740676992533,3.84815258060309,1.70438853693499,2.34777327920142
1354,1.95268266645246,2.02992274132593,0.160779822044135,1.14612635197079,0.971119218208933,0.404406096179038,0.398753577257274,0.687761674336041,0.25112912810035,0.762175091551035,0.892888132902211,0.909438354704063,0.388502537029446,0.212627696138923,0.0121590583743528,-0.757232340413407,3.049485044355,0.528797417853433,1.69922632482407
1355,-0.932746659522591,-0.838560876963591,0.135899695962849,-0.785239895057534,0.968555912165224,0.0290659616732737,0.38457457174256,0.0139871167127276,0.58803004802682,0.418982441944536,0.619595064974506,0.955138978836127,0.582280892934534,0.28833438946004,0.936156383026158,-2.68357459991471,1.11309480979965,-1.31482887672925,-0.196204716357801
1356,0.508317603637311,0.447924013191854,0.0628303549776505,1.19304018068614,0.967388924510463,0.486296680566273,0.285447476446279,0.292025988674257,0.10827491649508,0.496686159703298,0.625512957972125,0.237232388016302,0.165774242525571,0.667483689067769,0.829115588422399,-0.703007270397309,3.08908763176958,0.61779775966112,1.71871435298037
1357,1.35246995919666,1.39280600145933,0.0501123608834173,1.4633606270847,0.961846927996595,0.128757423504954,0.0478808441309957,0.888704376513837,0.215829372229869,0.303545776221436,0.660021277853521,0.361968801663723,0.173912249698536,0.323282091203961,0.962790863695787,-0.421824710429118,3.34854596459851,0.942955009942177,1.98746119417139
1358,1.09432903647258,1.135623051524,0.0560753527759845,0.887694245301866,0.966166279385433,0.101212260526838,0.247709685877897,0.805543999598129,0.615803678258439,0.153615587768378,0.526203748435597,0.927370400547166,0.851168522335007,0.652412875202717,0.763974119213643,-1.00595686537065,2.78134535597438,0.286020829852881,1.4104606620768
1359,-0.0741813548101566,-0.157821210546984,0.769878648405166,0.00051196657289676,1.01498651079049,0.276522277200129,0.557023793425527,0.78660871782701,0.714461783633567,0.314722197694238,0.400577453051112,0.272629437259282,0.944818035990931,0.758344205521396,0.952417442031438,-1.98882503937043,1.98984897251622,-0.647617906389912,0.918999829631486
1360,3.17589273575475,3.08952463649456,0.229305868370544,2.61217583818506,0.978510244144949,0.783591922925087,0.42709007654991,0.402047632520436,0.525052925094147,0.699817880536779,0.483101380727021,0.653044641697896,0.571544336355408,0.776301816788502,0.602292964587803,0.694331001157465,4.53002067521266,2.06984398693386,3.32806137530246
1361,-1.34435969715103,-1.20750951936704,0.120971106513891,-1.1632468537699,0.953633206151491,0.433406919680885,0.374172753785038,0.290907690940658,0.90289976490289,0.427818583189044,0.650497705390211,0.388327751867124,0.871298851889558,0.0407386336295167,0.982082490708446,-3.03233359228828,0.70583988474848,-1.61194846239202,-0.698546277201423
1362,3.51775578285717,3.81053099343077,0.888782578324304,2.97522809874114,0.970966199632533,0.795941447578953,0.601023224488017,0.938335290677147,0.557276852677925,0.0706631169519387,0.522227227058145,0.105590739604551,0.391062647545477,0.889824299076456,0.0896264597869012,1.07216931725565,4.87828688022663,2.39669149212524,3.52675472879502
1363,-0.0231422025270117,0.669186141488864,0.60482029361989,1.46270027932138,0.989727476160022,0.807382866548491,0.516965182586573,0.955167855579872,0.949615950954729,0.101650324202492,0.940801346103544,0.790920776729705,0.14935285331856,0.515729509594734,0.871071714376216,-0.47712992846199,3.40253048710474,0.72959434540586,2.12270917141402
1364,3.59982905320694,3.75656358332209,0.111599356692023,3.04079920168851,0.96413085589626,0.793928134099231,0.366561430551694,0.973003059163224,0.608368216092349,0.664008393935277,0.0923105034990003,0.0977773264554562,0.774285983092617,0.491669762837002,0.0490536886360496,1.15113744774807,4.93046095562896,2.53632388843797,3.59698023692603
1365,3.08297847948079,3.10522832642737,0.19607132775196,2.41933861323132,0.976263112020733,0.6143408694627,0.414729224976036,0.633073433168698,0.441890306035639,0.57598267650581,0.408354557710351,0.743775583739858,0.669633794695605,0.766357236811426,0.12300521349709,0.505898074235688,4.33277915222695,1.84820001157006,2.99871773492897
1366,3.65051069160862,3.65768085214392,0.0682880009334039,2.61762894603539,0.969885196305934,0.905216766970698,0.303461070251884,0.075209589258302,0.859958420090959,0.593289286699495,0.805418458236032,0.217942162928055,0.831380703851464,0.329371358293924,0.152755449629738,0.7166888921372,4.51856899993358,2.07085577122181,3.23545160911887
1367,2.81008111814604,3.22638694362068,0.999859126439191,3.13386718993372,0.974824781296124,0.602054394909996,0.940810310419882,0.954962762381998,0.909970541121438,0.443520920258015,0.134000229075085,0.656914678479312,0.157424789415323,0.559968227844336,0.969306485818,1.22324572735619,5.04448865251126,2.4872695170792,3.71701889576447
1368,1.5546396598143,1.5865092796035,0.0512504895760774,1.44890033114381,0.943574092055243,0.180963646856137,0.168419516140479,0.865274500887957,0.721699725745712,0.252332014845102,0.657952690434875,0.638567150948802,0.873746244848589,0.74362311141158,0.554360028670752,-0.400470906029545,3.29827156831717,1.08046615959667,1.81997250660002
1369,-0.968266329327018,-0.947682400040354,0.0553322156618779,-1.20113695642739,0.976432255558469,0.31581438370503,0.241146676674602,0.980720980537357,0.921435854481184,0.666091332825948,0.027454940289841,0.482048881487688,0.571340074244654,0.278082457342651,0.0923792419076199,-3.1149090106652,0.712635097810422,-1.79445203111468,-0.543876220701354
1370,2.61065671565627,2.6130281910325,0.0552723554010894,1.66803838646674,1.06701699284507,0.525289779928979,0.240579026435036,0.0301491512226639,0.858186281787115,0.931337255147635,0.176899057570379,0.932726988701383,0.771530915039009,0.967704733913415,0.515793180065928,-0.423276490401819,3.7593532633353,0.4653904975801,2.53794266361306
1371,2.43237494014157,2.37496721587538,0.0507487270463564,1.86422757924426,0.965819998945287,0.0368664228359703,0.142747283695266,0.694879479674622,0.101747773889336,0.419125817054301,0.580822789509548,0.39404732673103,0.525958500207518,0.172067612206796,0.841673471729155,-0.0287448342370167,3.75719999272553,1.33349091229812,2.41836357160313
1372,-1.09018643577998,-0.752911809541649,0.971377369446319,0.104426263013757,0.964907601786416,0.685063668111456,0.673583600405836,0.574331563247717,0.999138697876129,0.634635823074263,0.493674775983323,0.287789936662884,0.951634079980897,0.826821697329637,0.947115915001486,-1.78675788489654,1.99561041092405,-0.428534516662651,0.68340470282069
1373,2.94658900671894,2.29701550328162,0.817013064031826,2.17476778886691,0.988851735688403,0.359937599111465,0.571654453585856,0.125580512480461,0.383374505315209,0.987538949741516,0.709607973327045,0.121794195438386,0.435061061061686,0.01835742050095,0.336986276342184,0.236654000867716,4.1128815768661,1.46974766409179,2.82598071169948
1374,1.06402313919402,0.963225529130033,0.221269490042715,0.403071709967875,0.959050471062551,0.254605629153433,0.424278661934426,0.745453069555922,0.45364246942848,0.680582233297522,0.576726093818084,0.860587157236529,0.869551060205209,0.338702544273343,0.171924975803704,-1.4766326726709,2.28277609260665,-0.107010365982232,0.857945157779032
1375,0.819589223807003,0.00418530990805488,0.999507482594456,0.750688003762387,1.09130483110829,0.568166724670678,0.87820844442863,0.716776100731571,0.635523912662873,0.137601611791179,0.735084920226829,0.336605487351073,0.950253271217807,0.290950950880419,0.85174399493495,-1.38823016136442,2.8896061688892,-0.389404969602072,1.56469556614881
1376,1.52363204703055,0.889565678159417,0.98017924431674,1.17266704181654,0.997325584754994,0.41817059998773,0.69243238239584,0.654129162468598,0.197753070421983,0.47707426757284,0.472152797396644,0.429373962423531,0.957993586870492,0.0857754269314464,0.90201305008796,-0.782055185163592,3.12738926879668,0.479618745422444,1.89026001122499
1377,0.755230672686675,0.975249604984798,0.21479320426893,1.1947703977344,1.01103758398772,0.653351909439429,0.421937213162542,0.604714341220912,0.311722391121439,0.00956263875158038,0.96039020491729,0.00537349882663693,0.219692709734547,0.663584452992538,0.0774714479474351,-0.786826853897925,3.17636764936672,0.464170006725423,2.07469427365848
1378,-1.45569565150092,-1.47071405321383,0.0502231717219193,-0.893315852820382,0.953412833451118,0.135305667283479,0.0821979605096858,0.082159787110053,0.311303301709355,0.341798401552718,0.659593038235558,0.324156658791704,0.521722063280293,0.388103259010473,0.878664435737184,-2.76197066878286,0.975338963142094,-1.32363636647061,-0.396433360898748
1379,0.902352970300058,0.93736354552443,0.062446092231921,1.19646436115666,0.987623682968771,0.592453867558506,0.28390662194381,0.160565064515104,0.573837802174385,0.334466047817026,0.228707866564509,0.141862755205249,0.923764166944195,0.172593524563126,0.753278581587947,-0.739242487740937,3.13217121005425,0.66487484593361,1.92756520416425
1380,1.20730039092253,1.03834590805219,0.491039233929394,0.601555597508186,0.964136884522922,0.183203147403314,0.492838145207381,0.126856453354703,0.245670168461511,0.0784674717029557,0.147127294236561,0.698008984665386,0.13827068206307,0.674375443324679,0.0213932302962057,-1.28811797232339,2.49122916733977,0.0369201324508983,1.11844958136654
1381,0.798794409063804,0.752359671590362,0.05010124609617,0.909075528871541,1.04059055015422,0.853962271802942,0.0426721732919104,0.929826528849313,0.25010446099937,0.926653960240423,0.197846663490403,0.0389471645313315,0.233106132213026,0.162521011600271,0.269897722269176,-1.13044447208345,2.94859552982653,-0.0418300022265854,1.79362703992011
1382,4.75419682587681,2.66116757725871,0.999373650231335,2.20181624481327,1.00139501911335,0.504590559074306,0.866182438981719,0.705694016313995,0.0540955395421479,0.160011090116459,0.401836539108423,0.516023588369484,0.71351024392934,0.324220021301298,0.0365006848584162,0.239118073053298,4.16451441657324,1.44207253367905,2.9515596685429
1383,0.350404462543816,0.662326869995036,0.27801047589327,1.14244159341587,0.961677001657582,0.358538203381002,0.442369047277956,0.392365155366249,0.0960236536603188,0.356473578005447,0.903702052978566,0.766404712389223,0.296797063999227,0.526471680737916,0.207646037830506,-0.742410694593455,3.0272938814252,0.627376878054044,1.63851415949834
1384,-1.03517010209754,-1.0784602481097,0.050340173991615,-0.715426354476993,0.970063944904865,0.160057473176857,0.103279905259726,0.351379251632956,0.939400643481873,0.150679988392629,0.530321894952795,0.951405249771546,0.328930328323855,0.0381153767409269,0.158825462986249,-2.61671674919137,1.18586404023739,-1.23621687750289,-0.0845714673026061
1385,2.48601121447037,2.11784838812922,0.913974300079623,1.69581141359789,0.960447369043639,0.0143569623278454,0.615344846759457,0.630321895552799,0.0859709343514405,0.40066557514458,0.533172763513052,0.653738956934772,0.708886736440822,0.204532903526444,0.563765786916483,-0.186630838773895,3.57825366596967,1.17981265343556,2.20808113552527
1386,1.47332247788121,1.4705229360067,0.0573972668131575,0.960168772437907,0.964624070810545,0.138348675658577,0.257623283414985,0.100964183717151,0.751976624293486,0.946368840160896,0.694772324790712,0.615009157064836,0.781189444324351,0.90679372943996,0.922497622430208,-0.930459664971175,2.85079720984699,0.45561308161261,1.48011994664188
1387,0.802538290608326,0.867583049576083,0.0964114837874272,0.289302480689984,0.949575433919592,0.318830912818899,0.351558642422198,0.334052836066927,0.420408991689095,0.545485603859182,0.0808724886012496,0.0200896687329514,0.826600308741326,0.109287918453454,0.766162575185182,-1.57183117039641,2.15043613177638,-0.137366078293935,0.726824711175582
1388,-2.29700846534726,-1.99983971670449,0.99867843226038,-1.81243763962342,0.959326786003697,0.0600409045319539,0.828812558937701,0.461643259085948,0.622159498582943,0.696143255212228,0.294332669298048,0.666470608282252,0.26138347413356,0.758859956531669,0.739113891343004,-3.69268358959522,0.067808310348392,-2.25294028381472,-1.22778641950009
1389,2.22989194539226,0.616777616427486,0.99865969823913,1.30780211466174,1.0095146163096,0.651067544290912,0.828107768058428,0.966335499142413,0.95300438538217,0.0957107900301926,0.214802005361649,0.923071643293602,0.370685151324607,0.548773231941741,0.147772942414158,-0.67081017517184,3.28641440449533,0.525190437497768,2.08854919671768
1390,3.89009993787162,3.92622982094006,0.0505996724370468,2.97860515641383,0.991308991835987,0.800558010758134,0.131639886888093,0.226138734425651,0.928052647723933,0.185482012037653,0.696706184115494,0.175477493237006,0.435854832680547,0.484927641354152,0.0636083317663288,1.03567523486459,4.92153507796308,2.15493164635569,3.54940850532168
1391,-0.979117853800321,-0.0658445237483628,0.937123746510932,-0.735384303242541,0.965404409778133,0.345369202948408,0.632340795971802,0.770932823496056,0.539156222201069,0.202373462221934,0.051088305280311,0.969402189158951,0.955265850079712,0.749903015634743,0.920415848613135,-2.62754217692383,1.15677357043875,-1.24342513072792,-0.137091256422915
1392,-0.776864611763377,-0.103832104996299,0.999729795309512,-0.186099835557714,0.957766703933167,0.735790580046829,0.908237650621682,0.271328900201013,0.116861073504901,0.528904621085385,0.674107527648914,0.241301303659333,0.823988878490753,0.860903142786585,0.835077436656924,-2.06328808085836,1.69108840974293,-0.666504961919925,0.311944496758075
1393,0.564175422217503,0.276769015700967,0.937403881926598,0.86516586736475,0.954196954946734,0.595759286858607,0.632579847442685,0.192621627931832,0.169190338303102,0.0443047582306899,0.8721051877219,0.849499022253556,0.711508656381513,0.558070468845544,0.838242164623574,-1.00502579848864,2.73535753321814,0.41372024297768,1.33429371053494
1394,3.46628120904693,1.79790228360941,0.984152197802469,1.46774651042919,0.972395140468099,0.198115795118618,0.70383042747702,0.264489425480366,0.0891262925805058,0.794013902995852,0.538478046386153,0.875860733957845,0.274853594921529,0.910938057998079,0.677805323454668,-0.438112943630054,3.37360596448843,0.902720237411598,2.07163953291196
1395,-1.53140945215154,-1.5961931770824,0.0562328333075318,-1.10355422422854,0.968083637239083,0.380855655544554,0.248997576183057,0.00118282769189682,0.484154303783318,0.535529363920679,0.0995849938988686,0.171643040725729,0.682385639273329,0.863912303689518,0.718765410514665,-3.00096328723968,0.793854838782605,-1.68182225545973,-0.562506928262384
1396,4.55597329151959,3.37831863656128,0.993185630234696,2.36684180014776,1.02875253377755,0.699676906157751,0.746511476534652,0.741716653837939,0.1547243652693,0.75733816558437,0.865748311468284,0.913624053803971,0.719440118499915,0.0426988655303139,0.219134628600557,0.350523884939436,4.38315971535608,1.54326198269576,3.2323390651159
1397,2.32006272332021,2.30270083212661,0.0518319321922459,1.35203840086861,0.96971621096108,0.434047531482531,0.187541973967105,0.601363781996421,0.09386683170998,0.514134405483957,0.415504895609571,0.409571529699606,0.648907389020664,0.384562285580789,0.317591916604317,-0.548570447839756,3.25264724957697,0.734890735057316,1.88415558211606
1398,2.72443102624783,2.77986086717963,0.0675830897929034,3.06950237490039,0.981005866894801,0.766792457048432,0.301457879486959,0.622135021264316,0.0669759818485472,0.45503711770277,0.192760094210156,0.853187801998341,0.269934572244529,0.000368141696322709,0.496364876841195,1.14676620716409,4.99223854263669,2.43833002790254,3.68793247389024
1399,2.92282196222213,1.68365505860318,0.999954658457276,1.11407252356428,0.985214472354955,0.30805359415873,0.99749729321606,0.723205003291718,0.970232471713563,0.545605499062804,0.141321754353237,0.317386409807135,0.458075282576261,0.504333511263714,0.314376957446337,-0.816912359299068,3.04505740642762,0.531027212273903,1.88477475756874
1400,1.23704834144659,1.85237349000507,0.925387267902831,1.59953030326029,0.949170283909347,0.226266002811724,0.623117760807043,0.583062627410982,0.0475100878453813,0.421394500894123,0.306014250455424,0.688677111303201,0.843074425438186,0.68416410146968,0.830045073124464,-0.260809268397686,3.45986987491827,1.15675877987045,2.00652661046527
1401,0.395745125721475,0.540291070894379,0.341319276521971,1.44097158139269,0.944958342285798,0.802119465116761,0.4592090452587,0.221403214374208,0.500221551794559,0.524572448328254,0.255496670725755,0.0816576570121106,0.969241586152464,0.0876802620609524,0.0678146467668703,-0.41111273637815,3.29305589916352,1.05865667172842,1.83082277050056
1402,1.6070368400447,1.31730492346016,0.999887289456686,0.760058171553691,0.999241208625684,0.152978512777598,0.951963782258099,0.228375993505353,0.212898196084774,0.0656057005575858,0.256208703028271,0.0987776872476097,0.247947998128249,0.289496587951784,0.390436015295796,-1.19841860922092,2.71853495232831,0.0713874957107711,1.51532743390602
1403,1.11775995248268,1.18677614440713,0.927046190553719,1.07784017786105,0.979920435451603,0.4839650557969,0.624336658311775,0.839973972953972,0.149868210969726,0.567650296123582,0.579677682923735,0.799164864015533,0.650680590216303,0.831024173168465,0.472151095660869,-0.842768583338898,2.998448939061,0.438692197302877,1.71299437516204
1404,0.123691386804871,-0.0247630754899536,0.983368978248338,1.22223383017782,1.00124747060844,0.63053561345872,0.701376543308026,0.749747440733248,0.981259876583586,0.9735046021241,0.795607314716908,0.392327323957696,0.103038209072198,0.766701204506215,0.43273022040003,-0.740175151826536,3.18464281218219,0.379362063372875,1.92290462342811
1405,2.61530535587198,2.55194837919157,0.0508854580973195,1.69287756515108,1.00553433182433,0.813172677952098,0.151141018369701,0.503125551552977,0.00358759956283029,0.348466931205126,0.672922385177808,0.45707313962013,0.917973512765602,0.668623889440554,0.66344160174916,-0.277933510443148,3.66368864074532,1.03426766546506,2.47022741330406
1406,-0.940454164619287,-0.985970599140603,0.0522578381974143,0.394193059915814,0.952353942522337,0.299064025406144,0.198016266082064,0.173607491411502,0.800905815652804,0.199250125174178,0.176177980473847,0.536781520660035,0.821357067654142,0.639935955520603,0.204181776521262,-1.47238636796269,2.26077248779432,-0.0708360842709206,0.816218614191853
1407,-2.77558545571156,-2.21266426978812,0.28184293667995,-1.48178408760566,0.974006990971728,0.391240842509433,0.443468592453166,0.950060859141173,0.100090731618111,0.569655061773956,0.827299905251246,0.585008225037949,0.707674861120759,0.703407040181803,0.755349644875038,-3.39080271060047,0.427234535389158,-2.11292390069493,-0.929057169914027
1408,3.90097104158448,3.80130770505734,0.0501409633630468,3.73818088020462,1.00799215697056,0.900882969766972,0.0592215574993752,0.0278293918705313,0.0794296934407903,0.863625483336626,0.158411276047467,0.15923861076904,0.0206034489542944,0.0760725295291049,0.698036062044324,1.76255255584349,5.71380920456576,2.97863799583914,4.58203895980868
1409,3.92374367528102,3.628013129173,0.399505431801798,2.42346315854772,0.967281028312772,0.77154156947881,0.472938275358756,0.879518455536803,0.50989413743862,0.0412843607451068,0.679171088657458,0.94435778949433,0.498370576441288,0.676651385150268,0.323957798885764,0.527627180125815,4.31929913696962,1.85768700150561,2.98782252609615
1410,1.62574638772262,1.55024494707233,0.103258503941495,0.889462944986714,0.972080960676503,0.894625150751206,0.35881949284859,0.566612438092125,0.964600852041389,0.456311031358433,0.0746900091549614,0.217189453356201,0.381046275016153,0.759871852464741,0.744134493278805,-1.01578072799633,2.79470661796976,0.342504574149602,1.52915156118721
1411,0.997009382486605,1.25512242200249,0.689052640162958,0.912080510149278,0.945320962923199,0.640467942114919,0.536018159653875,0.371655133100925,0.585949529908714,0.288234413037193,0.70702409824694,0.0219729788140394,0.529157320560422,0.6174943411157,0.57253365643695,-0.940714531010916,2.76487555130947,0.515199584323618,1.28949611182544
1412,2.89545060854017,2.85817716052551,0.0512944422512741,2.57608222331891,0.984684847273038,0.751079909988446,0.170149071185966,0.200668598874006,0.945548472344992,0.178586457740865,0.858947823496303,0.512276812379248,0.988233328398433,0.0101506790036801,0.541224147010944,0.646135386541433,4.50602906009639,1.8450969260919,3.19996620156257
1413,0.918329671172646,0.830840670878483,0.0504308839634323,1.23506018316891,0.953475068670944,0.773844051239314,0.115103761443053,0.178995029184502,0.672826156918192,0.470374367807875,0.416304550165427,0.586040020579705,0.317004802016541,0.446069703774876,0.271352954305243,-0.633716611582998,3.10383697792081,0.751579188346279,1.67107553010186
1414,1.2786559182747,1.24352963053544,0.0501193655002082,0.617827769867698,0.966597644288755,0.54154332987906,0.0509049304219661,0.261367207116215,0.534917466428946,0.518820084718522,0.98810313424177,0.128396892022924,0.686321127269999,0.918728302884265,0.015241842910531,-1.27666880047952,2.51232434021492,0.0768436973380602,1.18138978041291
1415,3.68944008764826,3.61648909352441,0.050267509499111,2.65598103255923,0.974009119754002,0.898798761040322,0.0912609720712062,0.659094819624908,0.500995451526716,0.262195526829688,0.697920273034018,0.60952622908249,0.237083173454506,0.0214730561561883,0.983559945177985,0.746958237227822,4.56500382789063,2.12553220240667,3.33360914175205
1416,0.563945487434074,-1.7092006502493,0.999499072786368,-1.7307519716189,1.00702512473834,0.308688852924621,0.877361451217323,0.982721858172328,0.896954244303051,0.674270922165364,0.992388246099697,0.323866235663299,0.827746360397665,0.59439167842071,0.434228185791406,-3.704484947633,0.24298100439519,-2.42848822437902,-0.87920335329874
1417,1.05547913817093,1.32144864832255,0.999875777236154,1.16773326136195,0.971352855342537,0.228995022631017,0.947100502886693,0.528676508400356,0.137200678427354,0.666838673116174,0.985187099057948,0.6431988827202,0.926406613216037,0.789302061074995,0.254657652669004,-0.736083351389572,3.07154987411346,0.573627120111349,1.75322598560539
1418,0.639350184629402,0.65208818170824,0.10600397547018,1.49282489651221,0.956285702553766,0.280990499084583,0.361486067521269,0.694026991519961,0.536453649675823,0.705756975539145,0.164761399639421,0.0955672888590489,0.273136114270659,0.351274085152196,0.0512332825490739,-0.381460639423758,3.36711043244817,0.982950070518565,1.94819622155268
1419,0.0760868899714361,-0.0717989882226375,0.469925731705798,0.876084870088177,0.947768786166125,0.722435373483342,0.488353037039167,0.466000814200845,0.544243153162068,0.359672067546635,0.693959468329907,0.198662098210771,0.417195839215652,0.645741532055777,0.909021240090136,-0.981507816468672,2.73367755664503,0.467607070520485,1.28046579502142
1420,2.63546201842106,2.5304327543385,0.0509632848574845,2.16465928639676,0.947550791744461,0.170552177016274,0.155357320256764,0.40687475042406,0.0187452051481232,0.419973835199373,0.57552222220134,0.325170928394538,0.17566416212637,0.274398157060379,0.704105992362602,0.307493861055202,4.02182471173832,1.74322899954532,2.56999992202766
1421,1.75636706859281,1.43397333212929,0.922655256920875,1.69012496937222,0.968338476362641,0.00835611506807618,0.621163398560486,0.682774097461835,0.555506764237885,0.967275066733477,0.284626674599713,0.329081045764615,0.341122111575212,0.459892633833457,0.75807473523519,-0.207783569142945,3.58803350788739,1.08395497834335,2.23272663722476
1422,-1.55131454837504,-1.67159632999838,0.0669326564615508,-0.871300541746586,0.955640201374084,0.187897866473184,0.29953833572811,0.0471733568836935,0.724969852743205,0.600366231612046,0.724746340327896,0.644908597323927,0.132643225693493,0.765164421340567,0.249324260541471,-2.74432091861839,1.00171983512522,-1.33784136022159,-0.382114756625528
1423,0.16682451873402,0.0636433825869385,0.0506646819224512,0.637908485263417,0.964831402793739,0.677355340143666,0.13678956303047,0.0908831261905143,0.433237824509619,0.898014042435796,0.649922397158458,0.427768311027321,0.999031351376325,0.98249328469811,0.715392202323768,-1.25312631536557,2.5289432858924,0.0719477216243576,1.16278012385158
1424,-0.073677220637854,-0.0835566599089976,0.0648552269508125,0.143316838977753,0.991046485009633,0.849033946214593,0.292882521587424,0.714480708756601,0.316757918442367,0.436724985013367,0.976489866361022,0.0270631269272417,0.988944066276308,0.501206814685371,0.901688422311679,-1.79909857864614,2.08573225660165,-0.562774667758383,0.815138574144482
1425,-1.09634034881305,-1.09482808863784,0.0501024696781554,-0.343608388375162,0.948714171507906,0.310550923817675,0.0432728768499801,0.68714368494309,0.721351474833326,0.62136334026407,0.776636819923413,0.681237439928693,0.344206001318409,0.251298843357828,0.961661337359343,-2.20305399615341,1.51583721940309,-0.755015399017037,0.0829685545173479
1426,-1.44446773041761,-1.7823752468189,0.125170445004634,-1.21829627187774,0.967630716680462,0.349185213061399,0.377286453102832,0.379981955938041,0.953552522053942,0.200019605903653,0.978014548053266,0.591409046685207,0.402870324181626,0.194876125009614,0.94754270556639,-3.11481762690613,0.67822508315064,-1.76063406095046,-0.642319470399259
1427,2.251495901662,1.52882163241879,0.673888784433289,1.18002161180464,0.954351273939287,0.445893781984923,0.53243668235885,0.433108846618445,0.458365900325123,0.976941917836783,0.594271382914623,0.300596934540779,0.915306976608234,0.799201433343347,0.70267675664823,-0.690472513716277,3.05051573732556,0.721710974794048,1.64435835384957
1428,2.27109978200536,1.86700538306497,0.999852255927693,0.505245215226765,0.980467001610359,0.81629233526485,0.93842900978378,0.708411904724198,0.290797452667612,0.753928294090671,0.0131082419345621,0.875248780964874,0.542374250967521,0.978345767628634,0.292090059129638,-1.41643479595951,2.42692522641304,-0.160217173906785,1.15005114901793
1429,-0.373454709663417,-1.0787594128074,0.87346316753075,-1.4288838028128,0.960763683986702,0.0174980360059999,0.593649269516347,0.518537252383423,0.294144011211814,0.648889308522572,0.020760176602751,0.199631358109298,0.86291518798715,0.616564440561691,0.816462848221068,-3.31194602108076,0.454178415455153,-1.96617290565656,-0.952500264521564
1430,2.56673085511038,2.40447024299059,0.114859544078951,2.45309002412684,0.97218135283055,0.0192464352848474,0.369323886593687,0.696628873558366,0.28217294622527,0.746806367226294,0.224764571543434,0.360895619055256,0.41556891085743,0.0978511292275507,0.665872516808333,0.547649586137532,4.35853046211614,1.88999761997166,3.04271018409048
1431,-0.633398362460647,-0.603020278628879,0.0501166226308339,-1.06226298743701,0.94793825660928,0.173617211774923,0.0497424424595665,0.19786786362424,0.483910397640779,0.134839675730211,0.784415695274249,0.0526689105519326,0.434904276525602,0.0141001681592315,0.682204787248978,-2.92018782995889,0.795661855084866,-1.45671561130626,-0.643180258024523
1432,-1.61148562189437,-1.67678796627764,0.0517844439739334,-1.3623488890015,0.957862517381143,0.292657138123526,0.186226250566309,0.547027649027994,0.259237689643167,0.36902629219566,0.849782187613659,0.836114922478679,0.436616722001461,0.648859282825491,0.654414453539532,-3.23972492520942,0.515027147206407,-1.83760653901044,-0.834290863463116
1433,0.825166791370375,0.826693168388891,0.915254023774479,1.13843689303669,0.966754658819038,0.343498847008683,0.616168243297725,0.683947431538836,0.0150109442395624,0.466303901377483,0.924095557875582,0.491533387278905,0.393122798124445,0.945676903499756,0.865866819344461,-0.75636742013493,3.03324120620831,0.583935330604821,1.69657590439631
1434,-0.0813031693653247,0.352090784111884,0.969532896717546,2.15714753248052,0.990339118724446,0.745673231836292,0.670360914976336,0.563114033753867,0.27115741852019,0.752688744258834,0.0842564928751672,0.0114243982626358,0.768564320646459,0.161878902567434,0.210707749762223,0.216118527299471,4.09817653766157,1.42040541013223,2.80340958001427
1435,-1.53170706520484,-0.434818432606258,0.999883241441064,-0.222827739203318,0.998490064629492,0.393356349513866,0.950199307423667,0.151752194162342,0.314440494287992,0.101460281469277,0.0422973352626432,0.00378099373483565,0.0930606538812863,0.420986975423177,0.0231127614792204,-2.17983230479819,1.73417682639156,-0.920673062927444,0.584352747816421
1436,-0.781969202950319,-1.38204815198124,0.981797154153921,-0.919937907713298,0.967508389144613,0.301820912748342,0.696776859910577,0.189460123361554,0.835580728579196,0.547214372418704,0.814629929824732,0.204578904116526,0.978881194925285,0.989322619369253,0.215804693188868,-2.8162195051771,0.976343689750506,-1.47692515894515,-0.363104716897629
1437,3.46887222757665,3.50212280880483,0.0535589240423787,3.09808934129189,1.03870714521807,0.594891695540631,0.220837477492518,0.421022778432467,0.0351066294022603,0.104425687414012,0.927545968955732,0.200240368789178,0.92588330035063,0.499160583216697,0.424626255944371,1.06226074618006,5.13391793640371,2.15893498213341,3.86561837648677
1438,2.6291739958911,3.5488178486123,0.999916563990739,2.63949283546891,1.01464519292793,0.561071611443185,0.967002472522086,0.721422193336068,0.617386848886381,0.95501804151549,0.00964146462106146,0.287118686881149,0.977921028982499,0.34564527667861,0.492528295936529,0.650824800243472,4.62816087069434,1.79157269957954,3.40540774074909
1439,1.32464453556509,1.27123844052158,0.061287265293624,1.42634211715944,0.987649244685848,0.375989717045217,0.278958280973835,0.916085848378483,0.630963576482842,0.082855640900787,0.261589508373872,0.896327313404297,0.078125519425841,0.712688481003046,0.88055583608686,-0.509414831783008,3.36209906610189,0.765389983682536,2.08250592043112
1440,0.0817736068536002,0.0246433664607384,0.0534106778175265,1.11841887595772,0.957547694314523,0.569200391156599,0.218702285389067,0.709042851771344,0.821812801615684,0.209540265442803,0.251138683449826,0.752441848006332,0.677853383086505,0.654088084765826,0.615692634985666,-0.758340118378117,2.99517787029355,0.629319141704909,1.59415228207808
1441,1.48665212684163,1.48369187396681,0.0507252374166954,1.4784839643105,0.964921438188534,0.170493407373782,0.141152275416302,0.492182737169322,0.127692018537782,0.820383211561246,0.807795775493374,0.685082088839612,0.671042895875988,0.987261020671809,0.941069143322529,-0.412727302449623,3.36969523107061,0.932899083523851,2.02296297214885
1442,1.30719489487534,1.38725507597304,0.0508539926839336,1.01864493190848,0.958830867937799,0.468820980734192,0.149330235365429,0.980456242490327,0.777265424497426,0.428334467222332,0.436068814638769,0.389913511817693,0.432201027674833,0.795267455102177,0.766900111595867,-0.860629036514886,2.89791890033185,0.490076131444937,1.49625155351388
1443,2.8233792983159,3.11965638834561,0.360535575423994,2.95855076447413,0.968828524382397,0.831096825908753,0.463883374001714,0.00447955361148342,0.304585544515168,0.45182081111474,0.515276515330304,0.773780333384522,0.594561115156277,0.327000024942681,0.228211099158507,1.05968174948955,4.85741977945871,2.39386650331786,3.53203288019938
1444,1.81586292237767,1.85432457265371,0.0631092731423328,1.64435138024356,0.996727517503859,0.00565448114683386,0.286537659901078,0.806995313304942,0.872559517925372,0.0702983809788711,0.208742962765158,0.652391775033553,0.937049821115099,0.151716209683684,0.694927429577452,-0.309198656464024,3.59790141695113,0.897866954723419,2.33692673395907
1445,-1.81544910957958,-1.78135846148616,0.343300640016231,-1.08351908673017,0.952814979750982,0.138677921759547,0.45969859197503,0.492662207961781,0.81328381063987,0.163049553643563,0.328820370836766,0.912294685044093,0.420412454650388,0.564223604403902,0.259870311035775,-2.95100213097236,0.783963957512013,-1.59563470382054,-0.669633673759967
1446,-0.0539490433337316,-0.284958076134293,0.143825464409029,0.575853092222703,0.995693894713155,0.478759043691796,0.389448102133465,0.464463083513197,0.231513754348271,0.482952461347217,0.182562763016438,0.210309831491206,0.75101715579303,0.798407274372876,0.523168220467865,-1.3756710810415,2.5273772654869,-0.147112691964976,1.19946725268883
1447,0.780672088421038,1.70018806963425,0.999881300085545,2.97776503546009,1.00410983657747,0.815293682230869,0.949374686377822,0.591946101048263,0.0781188920426648,0.922286632184987,0.0112312059079995,0.201607913165353,0.392392057001009,0.399483404246508,0.0431342774613295,1.00974591924585,4.94578415167433,2.23450289453335,3.79465423992216
1448,-0.866471915257661,-1.6785404648576,0.996923260200627,-0.951113695059445,0.959881240782128,0.231719273445313,0.786467376279645,0.537188711490831,0.247790860551526,0.440603486148524,0.804369420084171,0.902547981492942,0.572090562883997,0.0983757007071981,0.57476357433747,-2.83244635642804,0.930218966309146,-1.46096359387278,-0.404882081769609
1449,1.64118905341258,1.55293580880787,0.0542824890946395,1.60921064193263,1.00376768935831,0.534887672104174,0.230129524726304,0.776081858247519,0.970990057115909,0.35689638442744,0.77990830683324,0.66474063258071,0.659351146785426,0.104929331551655,0.357010030760197,-0.358137878054644,3.5765591619199,0.854478435494322,2.32304736765365
1450,2.0481540689515,1.69754162330161,0.345389292556127,1.32803306337634,0.971659582167076,0.079268247942091,0.460212670150213,0.274230604519951,0.784141018775757,0.405436694033327,0.966505054405774,0.228174318823149,0.41063581175264,0.275367267983384,0.602874628396821,-0.576384722904364,3.23245084965705,0.729968570957652,1.91113076120835
1451,0.671132356872789,0.513228071454793,0.562396300082027,1.21620738112064,0.960447584168972,0.833873998795636,0.507889232157031,0.219333666473045,0.0564514119580854,0.395544139176724,0.694169885021867,0.0547682673553936,0.217740163551876,0.870278809877811,0.0816929040990071,-0.666235292889048,3.09865005513032,0.730803255273145,1.76057441120479
1452,4.80835348203607,2.01263284879629,0.999602600250821,1.3761877272512,0.954052802432246,0.809245577937574,0.888942808078486,0.7153534858044,0.755333514090977,0.378225105124293,0.57902067771263,0.156079633501591,0.0954786680018297,0.00465222507528961,0.659813561962452,-0.493721404865504,3.24609685936791,0.910548891513448,1.83739041447668
1453,4.33208683004279,4.40174244159211,0.0518498371070811,3.61167039996769,1.01380705240875,0.969056960197049,0.188029234779999,0.0322007492778357,0.0923459706832655,0.796744376416784,0.88534112351283,0.404840253435308,0.154689111361513,0.397764768436435,0.0189639591141604,1.62464508997383,5.59869570996156,2.75648072834167,4.37238602684391
1454,-1.54707233238661,-2.05591800872976,0.998890921382024,-1.73451343423329,0.99413762970849,0.191693063229788,0.837588212734438,0.953592748378986,0.336036448163912,0.92434339761571,0.219200736120692,0.938506741878809,0.330590894208406,0.0643871686552884,0.540404378406354,-3.68298738413795,0.213960515671364,-2.43220730884862,-1.0026555890085
1455,1.99058221947958,1.90085972849157,0.996844400451059,2.18429106459645,1.01377592935888,0.154571678185835,0.785197813126026,0.665258588902885,0.947160468836199,0.00535584889864549,0.405018279429409,0.629491950601921,0.28942610948428,0.92954634120618,0.354690832304303,0.197326754659418,4.17125537453348,1.26444594790612,3.00896849064975
1456,-1.09675317542375,-1.48158583684023,0.999900616152239,-1.04400266750685,0.998896188937575,0.0498267355175922,0.958256152022164,0.581105653206352,0.112904124569613,0.984469669948565,0.926143843853148,0.60870014905266,0.444688834380242,0.421920565472683,0.285266213101451,-3.00180322211881,0.913797887105118,-1.75190773474616,-0.272158802758367
1457,3.28589983458987,1.58074598546385,0.999820199234141,1.60576217474978,0.997974857631393,0.0464471759361913,0.92860893000837,0.349774595309282,0.164274723438779,0.0663638792932034,0.0244538977141492,0.10332877969637,0.673312211881974,0.801478324162425,0.667783864970203,-0.350232603684243,3.56175695318379,0.969222911159465,2.43914572895082
1458,-0.934516575650791,-0.894218574879163,0.244309164332934,-1.34098511542315,0.96487263765128,0.0229395433532773,0.432090908807819,0.202239377891645,0.710566128617851,0.65774598269863,0.624773125496111,0.522170177518157,0.942696725058835,0.0289256371557713,0.139708000809187,-3.23210073488782,0.550130504041524,-1.90599110045108,-0.769182972863749
1459,0.156161171545058,1.21176520950592,0.999763962155706,0.848110892757441,0.989458632113558,0.312655762965674,0.914998831123463,0.411014591925661,0.113322062536026,0.87825512682728,0.83998737960367,0.0718847616101848,0.983486452545854,0.765536976906471,0.127090395231731,-1.0911923903774,2.78741417589228,0.207702283522977,1.5659856925673
1460,-1.28371470329361,-0.234571621924649,0.999818684135394,-0.331602809032716,0.982944028616406,0.872148134133313,0.928189288395108,0.985750020305975,0.227208528047428,0.799877670682385,0.271193312716321,0.302028952588793,0.539989956387901,0.144702051886008,0.900232860320946,-2.25813770393958,1.59493208587415,-0.977489590765663,0.314394603665508
1461,-1.55230981261988,-1.68893227607975,0.0500453899724196,-1.60973541966038,0.963567203664925,0.259478021406336,0.00255608626594767,0.13961635368201,0.949009331154288,0.498520506104687,0.326341716190684,0.413285619416274,0.581010993667645,0.382061417661607,0.993846838135971,-3.4982924355276,0.278821596206843,-2.1753093691256,-1.10972214558909
1462,3.7610479738328,3.71457046396752,0.0513161509564779,3.65135936703985,1.00480444140526,0.782002380821854,0.170981796647189,0.753806482016458,0.365681934333988,0.886421409038594,0.614770936750458,0.508852921727928,0.468977468127618,0.431405255867168,0.638296566480305,1.68197885037966,5.62073988370005,2.82970040765306,4.34532091597553
1463,-0.440955893304181,-1.79540648662714,0.999886139960488,-1.58089677840011,0.969288249043991,0.111921221052646,0.951456371658714,0.511155647115433,0.444391325357603,0.154957890530466,0.523456150588696,0.632570987887681,0.924024349880521,0.313666031212197,0.0881618605963886,-3.48066683716422,0.318873280364006,-2.12563421886195,-1.00237168968221
1464,2.34886449097419,1.34677774979988,0.694499080494306,0.913373152718713,0.981152452095725,0.515253348837723,0.537326030361815,0.0673261645531747,0.749329660261166,0.927335086551262,0.119961006992264,0.312125409269007,0.691227100108867,0.535876618105685,0.854062682699063,-1.00965031673207,2.83639662216949,0.316783886886548,1.58760787017688
1465,-1.96072350359674,0.266024554578775,0.912887956327198,1.4414409208658,0.999316452463018,0.649560964623117,0.614654485191335,0.702200885399594,0.348370042506605,0.519348726856522,0.174557450538385,0.983304005586659,0.0938854537436273,0.842561522465781,0.823439234463847,-0.517183335120051,3.40006517685164,0.68663719623196,2.1970871951394
1466,0.14944990579906,0.15182802896661,0.0556221241463024,-0.155136020183147,0.996954806685108,0.44297939899331,0.243809158810182,0.949595028782729,0.220176129122381,0.499701681631501,0.053628318139934,0.785210900269914,0.645464490783168,0.527641151806572,0.000744903005193919,-2.10913153550005,1.79885949513376,-0.865946792218863,0.55233783718088
1467,-0.0126523226318051,0.433470357969672,0.879881328586737,0.912812529143271,0.960121600004731,0.809841037749662,0.596640126520186,0.76517602749134,0.280568803515751,0.280272834614967,0.433540603178204,0.793095046560746,0.896576370352297,0.00889069219154771,0.745689165691962,-0.968991227644973,2.79461628593152,0.403635085637234,1.42349899722245
1468,0.234555234577404,0.229179169625962,0.0502172776629151,0.844186476225822,0.982087431154686,0.804705928478623,0.0808593782063108,0.266896130108275,0.394724796191091,0.875835232412792,0.504887014160282,0.814424070663634,0.499863029990694,0.180789993247716,0.0826266790335067,-1.08066951850682,2.76904247095847,0.208819901413303,1.483926833803
1469,0.599453874919635,0.529390118648637,0.0814436292781625,0.986513301271187,0.981157476730145,0.983280524166883,0.331269656029763,0.232691949205357,0.980815091366414,0.00432784664747305,0.366161380431149,0.0514596129162237,0.0972066690599313,0.322442723722314,0.901241612277343,-0.936520016282093,2.90954661882447,0.371543112195898,1.67520862459587
1470,2.92009383315,2.72131789911456,0.92118021664438,1.64396783437629,0.955573214916419,0.964769549338496,0.620134242001339,0.810407593943528,0.407313326610485,0.0749849247701932,0.62989198944706,0.268304665306001,0.361874285953818,0.316042661813437,0.752937004554435,-0.228921251451044,3.51685692020362,1.15489668746308,2.11269387168396
1471,0.5088603062476,1.15817923698813,0.917569594763484,2.19390808231387,0.958128022383237,0.820797362848069,0.617687068433617,0.927167660820414,0.295726388384006,0.771149733375991,0.522534613085911,0.920460044770385,0.281648877050611,0.78953715847258,0.352433363948483,0.316011665864141,4.0718044987636,1.70557706493193,2.6858633273112
1472,1.38400312770027,1.24664139100102,0.170012881442605,1.73194683717397,0.9892232617695,0.256606583259534,0.403309445075807,0.454419420658494,0.9995825907127,0.942738200158463,0.30763403364073,0.45693824116874,0.920316181452712,0.303760958007304,0.522319273617351,-0.206895128563492,3.67078880291142,1.15212586123793,2.52580199316201
1473,2.45924306900631,2.8774088330425,0.973770614344222,2.86110346909646,0.987782731153323,0.65889664473373,0.678079170788871,0.08755233715137,0.62945583354542,0.0259198934216984,0.0434388375977287,0.291794724014238,0.0280270825736225,0.774251557394513,0.678159673186019,0.925084891485337,4.79712204670758,2.15133350626948,3.53538561276526
1474,-2.12793962353859,-1.88994924514764,0.995480710133637,-1.15645285455416,0.952830387528552,0.146621086799656,0.767166930691921,0.272386251621414,0.243352501218789,0.219021748688421,0.507945792205166,0.721183815745055,0.606883473224705,0.755684165561339,0.687135670894175,-3.02396609748546,0.711060388377147,-1.62266435891736,-0.704196863600639
1475,-0.0879437826629903,1.68954384386302,0.993378522417898,2.2272064904055,0.961597125768772,0.618217106938013,0.74795745298441,0.477333750125603,0.3358112194438,0.721769085217849,0.326972506710212,0.438604969062028,0.632931950101512,0.752755128553952,0.0832169936451828,0.342510756261473,4.11190222454952,1.74171251166167,2.75790199098904
1476,3.94148474109197,2.63617475922713,0.999921177805336,1.35316037938786,1.00351341475914,0.658458097661263,0.969846983701223,0.802342994148727,0.296781062112073,0.146705941383145,0.979373355927644,0.407920831803582,0.302786917505786,0.845435515828081,0.502679381285561,-0.613689771542854,3.32001053031858,0.545987513245826,2.03601012717222
1477,1.75305849323029,1.52382362046938,0.577465139875236,0.964845983110806,0.967288037391362,0.212674626091728,0.511090541252866,0.84198352264578,0.219340665058699,0.283184197185445,0.967472939982312,0.860396220352501,0.788234885708196,0.36758590471372,0.439615670632105,-0.931003732852697,2.86069569907431,0.376160400192561,1.49380402240835
1478,2.80084283156239,2.55886829420735,0.979903808609943,1.16029317830891,0.95975648995826,0.855234785578563,0.69172754175833,0.393972719504847,0.58858214216202,0.427152501229895,0.346810166734853,0.0476717895289184,0.349547916223062,0.963265108236461,0.420521761923213,-0.720794975937853,3.04138133255568,0.621979231856939,1.64775589218021
1479,-0.566342098297864,-0.878569532618943,0.998993170785441,-0.911786831355889,0.979272002276242,0.174823667479912,0.842429780063103,0.0758791880307253,0.592634713112959,0.596370043196832,0.168957538199145,0.256536215351895,0.554140970905661,0.160726749167079,0.960670026948908,-2.83112468688575,1.00755102417397,-1.53705559464388,-0.309615055376418
1480,3.62606134001269,3.59744154231326,0.0505221281992186,2.46819386482832,0.952810311897793,0.81853226204589,0.124712282312335,0.162112555436906,0.715909892938565,0.146103347507771,0.120488094453467,0.203621356631513,0.532947891127784,0.0173842169245472,0.760835665249964,0.600719969410271,4.33566776024637,2.0321820812913,2.93380084265318
1481,-0.143562333740267,0.695556841370139,0.98704013822446,1.86570336219689,1.03446972274573,0.925946690797689,0.714043454643688,0.00152506856480613,0.33971505264088,0.00605312262044754,0.11407139557309,0.847014435770921,0.233994323467137,0.511983362115687,0.00881780787499156,-0.161820037481873,3.89322676187565,1.08784440522412,2.90715574538272
1482,2.25743019404316,2.33844866969024,0.0504177195229755,1.77632038108347,1.00775871890895,0.450617033022339,0.113551637376077,0.34392556972953,0.111152633639984,0.824297163075535,0.296809494179674,0.891949441750767,0.284798804745194,0.791340174197452,0.133306918205693,-0.198850413084287,3.75149117525123,0.973635217837112,2.50715364895726
1483,0.339776444910444,1.42457941960907,0.999863651195542,0.829295822216283,0.983504703472799,0.0606565776154166,0.942442869357532,0.594177654019091,0.553830700734747,0.888044443181483,0.486012255239068,0.863101835826877,0.628417151294765,0.0693640792533988,0.218452407803037,-1.09833797521615,2.75692961964871,0.255720717739321,1.57700108802886
1484,5.37245295565008,3.88251731066487,0.999058503570857,2.60057296928259,1.04182616508092,0.690557444337523,0.845787758396589,0.0498505336776143,0.135458293994307,0.821130186140304,0.905081470652949,0.00746464578039013,0.0264893398444401,0.827373557341518,0.322064748534118,0.55863120757251,4.64251473099267,1.6657754498791,3.51471609722498
1485,4.14738940942372,4.2316862960817,0.052207330682372,3.34858199823797,0.976544641102453,0.63526430376037,0.196882408719626,0.863974102670443,0.293384028621134,0.208459076043568,0.105895076269866,0.491195632149931,0.299959459460573,0.552640019982587,0.203338578582741,1.43458967238157,5.26257432409437,2.77008877162131,4.05598600196491
1486,3.4031677279439,3.93907108391978,0.99917547715225,3.76300938322083,0.995937009966703,0.60794762728177,0.852427205763874,0.250727031550021,0.000283061055117287,0.00310123934829608,0.0651431109316181,0.789124060344067,0.714952237281366,0.627000946663786,0.400063924401649,1.81100871281558,5.71501005362607,3.01976045261072,4.46756264240604
1487,2.57327700469752,2.61918489993832,0.0501633188193247,2.27074126050256,0.98329297212547,0.350678312674747,0.0665829451479949,0.718549704004428,0.136466549009201,0.269629260179354,0.505344952643616,0.810360975658987,0.0699763243319467,0.302182613913552,0.0105576037700521,0.343522448885297,4.19796007211983,1.68735546181825,3.09754165090483
1488,3.63208961708023,3.51623091103059,0.0501482748411019,1.91639667989681,0.965362194576893,0.808949592876947,0.0617503206732217,0.311788017850835,0.238091487222118,0.557768954249448,0.75696397113218,0.818150958483689,0.552230061686365,0.381268726201612,0.803988302963786,0.0243215464895565,3.80847181330407,1.40465043233825,2.52739337033597
1489,-0.627301387263691,0.442478413655939,0.946419605038106,1.481970787537,0.989856076992503,0.877006464126869,0.640861268850742,0.958153308549197,0.249032129628817,0.727910338705406,0.205108289137948,0.692889648351469,0.304951978331315,0.677443809624412,0.556134637477109,-0.458111473246408,3.42205304832041,0.774258414664464,2.11412223228919
1490,-0.955181855079698,-1.92330380485915,0.798005710870038,-1.41392716981416,0.958355252432563,0.379315547901555,0.565458559371531,0.459019712787238,0.305818333923235,0.531979506355012,0.616099465097766,0.808259262359119,0.646126732437522,0.251694187341491,0.399741741815466,-3.29226894897677,0.464414609348457,-1.92953541029456,-0.944376391134451
1491,4.48825864005434,4.10788133610433,0.985508437870329,1.95375778347899,1.02322737005109,0.942783788967878,0.708376180367894,0.356094145157491,0.396563490924775,0.696573962563998,0.0337981638450874,0.0427377066228073,0.326801607127651,0.30262738451839,0.946327335847076,-0.051731009816788,3.95924657677476,1.07446302540747,2.84869192939493
1492,-0.47360009903516,-1.50225506653881,0.99669133358082,-1.0351366091717,0.983093629871054,0.466103155857068,0.782821394252474,0.891536303325556,0.0948312249034643,0.110689762208378,0.679894744142308,0.381249463925953,0.909619755172986,0.657283119452535,0.348710936372168,-2.96196471714972,0.891691498806311,-1.69866159408325,-0.410592426129466
1493,-0.565967756638477,0.515250873473815,0.99852297834179,1.04012659231895,0.945405168133181,0.632109627709957,0.823243917398504,0.218125465004588,0.465253343440359,0.363354404245503,0.606603871335275,0.696650896692532,0.133188727685367,0.654711966059636,0.0262518978824373,-0.812833488020116,2.89308667265802,0.631770638543207,1.4214664969846
1494,3.00879124468834,3.05197519237957,0.948807209968773,1.50072182464347,1.00091103087549,0.583553084043204,0.643273492981214,0.242875727930339,0.705423176071956,0.781709910268546,0.700375816178625,0.575635577228502,0.583593873832724,0.851258617067244,0.242601873213775,-0.461027747601339,3.46247139688828,0.895060680755209,2.35991269513025
1495,0.823347461746036,0.598892214812073,0.999674171361884,1.28345584715465,0.985544550967241,0.611732454977813,0.898875131701003,0.598844698953792,0.277932950873044,0.587907516210107,0.250817734171753,0.728038927763933,0.793035024796147,0.745175737010431,0.20205119527888,-0.648175977900839,3.21508767221014,0.549836248986938,1.9332506659468
1496,3.40381182882215,3.43904209754025,0.0980932465123848,3.30329165783353,0.976861593294158,0.543499476722674,0.353431531244773,0.664987497196649,0.612319089034572,0.963777690507588,0.651107597264694,0.244282392597524,0.0538346731850179,0.76093924618978,0.426854633859708,1.38867811709657,5.2179051985705,2.69106611261634,3.92322467522821
1497,-0.0577460552666544,0.0272958912991582,0.0500582193916365,1.60776013269693,0.978251773111212,0.703467075676424,0.0150031255371869,0.571832407077309,0.2637050393963,0.751067138592829,0.268590201381361,0.67822449247085,0.822399722755188,0.956470771550084,0.447682518062997,-0.309578110413493,3.52509837580735,1.06119289327712,2.28498193152024
1498,3.21027585714449,1.93890586606011,0.974780698391222,1.43485210356298,0.976936969993017,0.00146634191321209,0.680097349419491,0.321074390784604,0.868152216130984,0.979523785655387,0.22422461195325,0.724502865072107,0.996649900796358,0.197390562905814,0.207432285991497,-0.479909172789021,3.34961337991498,0.856470808301469,2.10621580661996
1499,2.24627767721232,2.23005720077152,0.0500754722361782,1.33558994495134,0.994942840089734,0.840868526220904,0.0279813519961899,0.678959523121593,0.914604768109624,0.0224272892550798,0.608545784955961,0.903920713069267,0.0416053487326717,0.355265931859263,0.489307472740067,-0.614462188300529,3.28564207820322,0.6203709749398,2.10780603608725
1500,2.31770570247898,1.7602582774978,0.997491296445176,1.37526522041596,0.953933365160885,0.386162420452922,0.79670258217107,0.827179200632498,0.329136183060473,0.16083603227709,0.880564054529648,0.250306882072357,0.946516582690063,0.775324787523947,0.312403146389988,-0.494409818950468,3.24494025978239,0.938887438688446,1.89628972710394
1501,1.32673491462997,1.30542189158263,0.0634236808685751,1.1993615851345,1.07536807715524,0.511675029829261,0.287739468183951,0.036873486437602,0.898050563518656,0.0214297690133099,0.0176776681781048,0.130101635109051,0.601633343529073,0.115666118075955,0.0623851507016225,-0.908321116213854,3.30704428648285,0.275396545154864,2.27381300135605
1502,0.353528752074354,0.428319406393695,0.0637019675753599,1.76112169251241,0.972618820834336,0.634807476846268,0.288780280232779,0.603424271990079,0.166984352704836,0.519695021822467,0.62768637943943,0.613008949083858,0.295573944881442,0.183763281918946,0.00640485921315849,-0.145176167008702,3.66741955203352,1.17316902167782,2.3550223455976
1503,-0.188517195738149,-0.314844665587881,0.998294065607206,0.438371223055079,1.00371425092586,0.845831846705871,0.816027582917828,0.491924708217965,0.398572389245033,0.86931195135694,0.630434087565169,0.737171985731693,0.397367651642184,0.468736618731637,0.351953709726455,-1.5288725595292,2.40561500563936,-0.260609556585021,1.27722142228396
1504,1.76971557567048,0.946339791050353,0.997663221030979,1.73523810946151,0.9547791174881,0.751691328996443,0.800261285745772,0.49725895546691,0.325239566252567,0.737051304600318,0.758208804078284,0.0911323905916652,0.522500040721497,0.0511098229710478,0.233958705603145,-0.136094574006097,3.60657079292913,1.27678955171295,2.19773700133604
1505,3.11857137530775,4.41004375078997,0.846028625500028,4.0750781269672,1.01207818279318,0.747650647360017,0.582143422080786,0.0108528066852596,0.0576199635234661,0.765452397229848,0.615778572852607,0.146279257875285,0.119974720058264,0.173601079450804,0.246750885521178,2.09144133915382,6.05871491478058,3.21997881458611,4.82263895328363
1506,2.70950643491637,1.66534920762812,0.996202093752829,0.917709904656577,0.969201732577164,0.0813924677858595,0.775900312434998,0.720504101881059,0.929902995549492,0.676256731075933,0.293853315267945,0.351775440731435,0.657882847966393,0.231808541140403,0.91350778803241,-0.981890584948484,2.81731039426164,0.319356995772187,1.47732457768189
1507,-0.804800232293319,-0.725748240302929,0.0502084939499626,-0.732461393340418,0.980135951122501,0.775830387030263,0.0787956125838682,0.685079038236057,0.730714047191315,0.720799214989645,0.563185734543367,0.592581959064235,0.79926141273824,0.970991632176563,0.979651728761382,-2.65349255749343,1.18856977081259,-1.3261540582674,-0.103639485657458
1508,3.43028744621699,3.39931845326407,0.0564517501292449,3.03483088018384,0.956519882135824,0.724199574501137,0.250735196456546,0.933606509196456,0.741038905630005,0.639569848225568,0.958882857521181,0.480522099542199,0.269116388471914,0.835640169512248,0.694319482203224,1.16008636070112,4.90957539966655,2.56076341741074,3.52465102345512
1509,-1.91261947616106,-1.72060993305292,0.78553436570975,-1.45984490312008,0.946420244505293,0.421857227667235,0.561622387539945,0.592709568873048,0.748728314222069,0.667120117280167,0.205739170070388,0.938179602372111,0.783844643444056,0.349911244244082,0.144807117266348,-3.31479449659004,0.395104690349886,-1.8414020053811,-1.01670215511892
1510,-1.54324278095044,-1.12107303922989,0.985995058461315,-1.06843709305126,1.00725430722415,0.505273918092716,0.710109998132801,0.902109356495435,0.694219060913776,0.988607918667956,0.278110637790174,0.949215110406745,0.490747982609901,0.075920588611858,0.423503089916427,-3.04261925848344,0.905745072380924,-1.79065897274232,-0.203839487830492
1511,0.911555631319829,0.957884773621762,0.929667308093405,0.0520798805443696,0.960202045804569,0.129652024352457,0.626315352602513,0.653181909534149,0.681219932475244,0.811244908327586,0.170174891165341,0.821749730980606,0.276569804675179,0.424550586330588,0.760316644165316,-1.82988154711426,1.934041308203,-0.443358209053637,0.560951143776491
1512,-0.87241980870407,-1.01675543077485,0.995737459222372,-0.763672284086351,0.99083114319487,0.447484626029734,0.770104979706113,0.064971889690496,0.399933096559369,0.217729030130198,0.0864683692655526,0.0599734173082979,0.600999833003851,0.0593941942924866,0.740875525423675,-2.70566563950895,1.17832107133624,-1.41903557345496,-0.0834178403591874
1513,0.448957874678731,0.295937216665258,0.99198001758501,1.25225181608416,1.11798480178625,0.519714567017392,0.738302391618257,0.216565117673366,0.795114244223922,0.366609681170085,0.997052342030918,0.830532693217858,0.343206395149231,0.0130453227190301,0.28263035134552,-0.938958130680035,3.44346176284835,0.333624629314382,2.54015325923204
1514,0.0947524777656369,0.153892843263442,0.482776275116704,0.237645728106126,0.951924113816213,0.0103870070055127,0.491087269560434,0.709756824716343,0.742223963344586,0.167249465954141,0.111337904446875,0.0497251605596393,0.493545908386586,0.544062106800266,0.562641368816723,-1.62809125098886,2.10338270720111,-0.224677074652096,0.672363599407073
1515,0.786781018380727,2.45150027025577,0.999456079179747,2.65408072470735,0.953236274930722,0.716481005244306,0.873242043306003,0.0351129934153287,0.538789497880964,0.514588563630125,0.155321416479535,0.236674345576088,0.696090193993761,0.779372679511551,0.552262356004678,0.785771957086019,4.52238949232869,2.18504149622317,3.10038413678242
1516,1.32879482996116,1.37852879213505,0.0724799172281892,0.537746662185139,0.961147274268062,0.269241859310074,0.314005394808366,0.713199395654956,0.951064393226057,0.214034330756287,0.747881627851399,0.858941868395079,0.902134783784277,0.52218932892615,0.146328013846069,-1.3460673792191,2.42156070358938,-0.00118496482092145,1.0532946587199
1517,2.11647573528479,0.112708805452724,0.999469212775329,0.526446837803968,1.0004435674531,0.98668952156743,0.874464857496787,0.990814712254098,0.0773237800467759,0.536921914701117,0.295930067616864,0.280291188223171,0.612379439387005,0.0902434149599867,0.322516552643501,-1.43438652296887,2.4872801985768,-0.261996497303372,1.19962325307182
1518,1.74171436211174,1.46345315775475,0.842893569066669,0.59196208550749,0.961423311734391,0.685518265397637,0.580938275994384,0.424785886234837,0.152450457403669,0.366425792151131,0.146801924096653,0.431675892399391,0.972923400522675,0.444080572078237,0.499435838000849,-1.29239297938914,2.47631715040412,0.0753982323423021,1.12257345397939
1519,1.4126609163741,1.35873067525971,0.0504282760905518,0.190506940066133,0.95788683730294,0.817972433960298,0.114800085700233,0.298480932015111,0.642110614811303,0.854354842963279,0.881765275966376,0.664488183690351,0.809577993946266,0.348390917582903,0.295269575628918,-1.68691676231261,2.06793064244487,-0.301005303936894,0.656325942712695
1520,4.18579613397302,3.62598642495158,0.762659572815949,2.88326176914022,0.982776222381776,0.786198925880948,0.554975416839821,0.751993822391611,0.05912896563916,0.268858406082611,0.234826652120217,0.40672924887808,0.726509535747464,0.893671386028524,0.847551830412471,0.957055768409618,4.80946776987083,2.26087779670727,3.52703841135499
1521,1.67298043983509,1.63805384994849,0.0502880204883574,1.04766885664443,0.981125671623295,0.69161095602531,0.09495587897941,0.168921064123977,0.159906540110824,0.477691602734965,0.49169693319092,0.873557985178078,0.0724359978899592,0.726661298585357,0.343318778968882,-0.8753021240449,2.97063983733376,0.447010207329721,1.68105289230463
1522,4.12426450549852,4.10548050820123,0.0526648264266355,2.96792583249503,0.974127096050636,0.992052056557732,0.206324298112188,0.26949771997286,0.963160325801349,0.391077773738885,0.266135668444913,0.647476961532841,0.628931676685344,0.451122219924582,0.154495150690083,1.0586718078712,4.87717985711887,2.375407348772,3.54437683816694
1523,3.32419082578563,3.01717481558524,0.999211658695923,2.41399426449464,1.05646191550458,0.718512480788282,0.854672798151849,0.939413753374247,0.565829456309672,0.140873761263792,0.823702722885995,0.715675002655247,0.875382462117122,0.908233278931934,0.903592222118052,0.34336695906746,4.48462156992182,1.61132884969914,3.39779110376111
1524,1.95394941458799,1.88942577914849,0.0600978995322222,1.85304794795678,0.968307573515996,0.439005027077743,0.273327585685533,0.189684204705642,0.680541433710954,0.293339142971556,0.0140974886273034,0.973146230968414,0.476749428079114,0.0651578994987067,0.805762823636993,-0.0448000220919429,3.7508959180055,1.27517000578581,2.39358066042715
1525,-0.967600150408116,-0.879400704380528,0.665112159117128,-0.352226743390596,0.954147397371672,0.116226686732145,0.530400447564782,0.310279740800848,0.2082513871548,0.183059228136321,0.847244315252756,0.270503154366394,0.79282871319796,0.509823954571853,0.44944115861156,-2.2223212781817,1.51786779140051,-0.841478966845524,0.079898947392198
1526,2.38545241276441,3.3509905041419,0.998441753420216,1.70397619393135,0.984626123401925,0.876410229161498,0.820562958827126,0.853041586269275,0.14003359958902,0.386217394346255,0.594537245516083,0.977514760403661,0.388026250268449,0.993104128172272,0.378208891211427,-0.225855546173714,3.63380793403641,1.0652648816124,2.36937715001753
1527,-1.35331524892776,-1.36194480312707,0.050619818514005,-0.877943994232255,0.945523664664568,0.301249757135287,0.133293105286895,0.487828089503455,0.347046730814269,0.658815771047142,0.189566020869068,0.459881077628466,0.709826446529012,0.427165343974833,0.150465673784609,-2.73113632350514,0.975248335040626,-1.25737173705877,-0.483728213795051
1528,0.522444551367858,-0.138101485845712,0.999953273271545,-0.292225436343838,1.06626680662577,0.929174849139294,0.995992586579756,0.21375996895181,0.129808784239343,0.655987596032675,0.729796227920102,0.853883296523592,0.0667054434465244,0.72932883561519,0.210352980109048,-2.38206997524088,1.7976191025532,-1.18516861591802,0.758147635216884
1529,3.77989757433467,3.77607986720275,0.0500736050865367,2.44902735422634,0.978129589792848,0.719281414616387,0.0267287176181562,0.615224560752627,0.15012639010651,0.834309620237094,0.756054305460071,0.22715025662852,0.430711039251997,0.856775195169961,0.780796051754383,0.531928586019423,4.36612612243326,1.83437320095999,3.05154449137295
1530,3.50198465319781,2.38484026547349,0.959449267998739,1.9831579908462,0.962643104915096,0.354007746319985,0.655514269204228,0.416859111810103,0.00478506563534029,0.349042507431353,0.332262849115184,0.00657482942391653,0.627001740641077,0.51765686646942,0.515422332347138,0.0964121752467959,3.8699038064456,1.43061752014292,2.50449351571887
1531,-1.06795697518253,-0.297108375886497,0.903090531256341,-0.377659652615677,0.967387267020409,0.426692836983129,0.608754422192927,0.609665917251026,0.331912842688616,0.16838359594706,0.909638354156865,0.392539495351259,0.211669060395681,0.376103652008693,0.108202750331257,-2.27370385507831,1.51838454984696,-0.859447924064771,0.217736667798069
1532,3.59381563499066,2.72513878499456,0.995176142382556,1.34337369847546,0.98129381596025,0.994854928938439,0.763889868032304,0.0972350957748713,0.912932683046441,0.585577845551656,0.643293625551276,0.80697978165606,0.0357136891551781,0.813467131124344,0.189273300608038,-0.579926839058509,3.26667423600942,0.697449936092152,2.00401680084068
1533,2.59009940685993,2.42108735560087,0.994452906919532,1.84982690443461,1.01245162974733,0.999504323712317,0.75686659020558,0.840633955016732,0.853307196713285,0.847932428497588,0.380241823385819,0.176994047260727,0.47064855808916,0.806389964403468,0.944281704774592,-0.134541825959033,3.83419563482825,1.12910886333357,2.79568268124896
1534,3.4517506717023,3.39864405241612,0.0501103217870496,2.87124409044641,0.984397229361656,0.946754929860705,0.0469650151749374,0.893285092029371,0.926329883416533,0.128917796263238,0.933243479984929,0.0322245553416433,0.835220392588293,0.570511996846762,0.31386062750523,0.941860974416546,4.80062720647627,2.17573663306746,3.50497543245126
1535,0.114672985167837,0.843528097791874,0.966935318112269,2.04991320175496,0.984277159685005,0.667427538584452,0.66612856165471,0.781852663682192,0.320656717927195,0.990674958033371,0.302176670639426,0.379555074049276,0.0770371841503074,0.156092709380318,0.786517336538411,0.120765417966973,3.97906098554295,1.38122634226545,2.72594833945374
1536,1.24770155093752,1.20311306160479,0.0561479183622862,0.688702563435535,0.963832698928911,0.589044502904522,0.248307204307872,0.499607976822299,0.0757875288432697,0.608665128924302,0.655981640785583,0.461193326456123,0.908401599221979,0.643412068525096,0.819558536165394,-1.20037481358717,2.57777994045824,0.179063764178915,1.2566184781467
1537,-1.13927338354905,-1.78920421945528,0.999761269181652,-1.40117844992765,0.966144662885268,0.401909981112578,0.91443146511307,0.103518321111682,0.74182552403002,0.671604004411492,0.184244750053971,0.936832222934347,0.378555176420487,0.281903601602186,0.0506608836278319,-3.29478719303836,0.49243029318307,-1.88069925221818,-0.792354556564295
1538,2.37333798735035,2.36762863296409,0.197635902937695,1.6229861455342,0.996766133153366,0.0434360628400464,0.415359331810731,0.649902867703116,0.145400863857241,0.23537561395776,0.106552475512959,0.310311407559086,0.760786958781071,0.571282353104907,0.461437814619276,-0.330639576455656,3.57661186752405,0.833316350519622,2.35538938438077
1539,1.45336549279914,1.07237777970501,0.974390006534546,0.845265992305092,0.976391939012707,0.0488899969223421,0.679307571126381,0.111379656324862,0.665129822694696,0.929941907162429,0.853320112170652,0.952597443025326,0.847403778961161,0.166073096837965,0.701723478986067,-1.06842704295504,2.75895902756523,0.263657583024235,1.50288929624583
1540,-0.367886671849325,-2.0098703049004,0.99978121374647,-0.986359321000446,0.957380862602895,0.431379763344419,0.918794584690128,0.60715069141495,0.344264659543289,0.401027908110409,0.850139845356578,0.737940062316484,0.156695310567971,0.601000728436746,0.644385679947562,-2.86279133119001,0.890072689189117,-1.52303441156666,-0.523928899197303
1541,2.19952454441053,1.9063608029919,0.44728221791926,2.23621434235491,0.968564642526559,0.396171340105007,0.483489968653419,0.111712356693461,0.0744212947684573,0.724968115981552,0.363078997796401,0.41625549708365,0.979758225895115,0.79855232361448,0.749145312521956,0.337862526303947,4.13456615840588,1.67047611983232,2.804853580485
1542,3.12509024735049,2.15925726938635,0.405375596250577,1.84560174403415,0.954319485013318,0.312382925998652,0.474262264787918,0.614059208634659,0.542556507085101,0.935730144182104,0.395169209639775,0.162335611687507,0.446935883767321,0.0709617815511301,0.667201664026477,-0.0248300763367613,3.71603356440507,1.38177621498532,2.34959991561471
1543,1.1256866433979,1.22456088635671,0.120647765947475,1.79696747738028,0.952007530077776,0.433842274275492,0.373926047423505,0.320913393523311,0.0882943711902481,0.590695288370713,0.992792585820192,0.696230573918205,0.383369799881009,0.284350982928066,0.570191200348665,-0.0689329945830885,3.66286794934366,1.3536462972017,2.24930703502933
1544,3.51772203860181,3.55068389258491,0.0500924218369898,2.91931258985807,0.981950486851301,0.727862173608039,0.038112165454193,0.463422712429776,0.841891826194711,0.598707340236171,0.946489265694981,0.661191030026181,0.88131995631766,0.226283303347649,0.569860574420425,0.99472500102795,4.84390017868819,2.30074749935761,3.60734215438823
1545,-0.711897220151464,1.18653763237046,0.992653847531511,2.63342621545156,0.97761062922764,0.773197527648066,0.742726121848333,0.16428069526935,0.117610830117483,0.709840547846747,0.244111773092649,0.173309558708919,0.653699698637472,0.434851121794665,0.695738557919511,0.717344591261845,4.54950783964127,2.00415906854739,3.22991162901332
1546,3.91382423994015,3.93059296635692,0.05009777441041,2.67816460927688,0.989218225846954,0.904502759922063,0.0409274276352953,0.0788650824342621,0.793127601349726,0.157373706099112,0.0326196982865222,0.979461084298673,0.892017686786712,0.85463927407877,0.0663248902310152,0.739332513766239,4.61699670478751,2.00693708671869,3.3208650994616
1547,1.82653389538718,1.95547010112581,0.370840042379676,3.12591842369006,0.973246975993407,0.720282367013511,0.466327857978758,0.489472378695849,0.503762131254771,0.00456041115219705,0.290268651421764,0.842129064676701,0.137555016227416,0.501522345141857,0.884315982636297,1.21838940268046,5.03344744469965,2.51907488346623,3.69626833739509
1548,1.84314416299239,1.58967306544313,0.215165479587264,2.42281135334236,0.965759070372702,0.59180200365989,0.422073749218835,0.94351181195979,0.261079114406719,0.05649780160503,0.5129871413816,0.303546330096317,0.170811288757832,0.430647055508918,0.17940226299793,0.529958357668986,4.31566434901574,1.8527586964047,2.96086841278856
1549,-0.56471079140976,-0.429226591970577,0.460891849021864,-1.08118268867572,0.947347496617425,0.145785661472939,0.486420691842795,0.53699673119653,0.486861505562556,0.271757752842153,0.387562830305775,0.167984801585088,0.148948293561814,0.61229419242416,0.364833835650119,-2.93794966289005,0.775584285538612,-1.52101132668444,-0.693583741786806
1550,3.56494113218877,4.0469570461221,0.999798279149337,3.63051020378564,1.01072459710553,0.920995771858026,0.922856004452333,0.766958356379415,0.224335884908214,0.0769608412620146,0.146107860948076,0.378564850078546,0.742979033251177,0.28001749912533,0.290055057889316,1.64952639517005,5.61149401240124,2.90710305334049,4.44424443891778
1551,1.90239675401357,1.85532438680266,0.0539210272566652,1.11769463773524,0.957378355487362,0.166654145570821,0.225701381423743,0.824272613430861,0.618942932978272,0.684393881228403,0.231637736819917,0.935573327338439,0.950934119303012,0.126598815649282,0.398950758040533,-0.758732458598168,2.99412173406866,0.638895732987578,1.59605478559466
1552,-0.104560651621218,-0.0882810239957711,0.0500546258622351,0.30659489560286,0.958003709353674,0.621594690222759,0.0118173838449875,0.760668240447412,0.396444160861196,0.316793028052314,0.503514154536999,0.940412921059411,0.554895316890324,0.634973854553536,0.711207096872618,-1.57105787178612,2.18424766299184,-0.185112783743514,0.806130263241179
1553,2.13452989246404,1.45295833448795,0.972193085089635,1.86729033023675,0.959495962209031,0.366052423645626,0.675073494695942,0.157964905680739,0.431869645898114,0.417597534812405,0.378753738833824,0.243161393604707,0.325691774772247,0.119109395655338,0.160159464599332,-0.0132871990045516,3.74786785947806,1.41199349025875,2.39591748354632
1554,4.12945588525781,3.71897113247296,0.997296297785291,2.85889849396784,0.990172143855638,0.970346339120995,0.79294949501392,0.453684030323988,0.160595197747694,0.897937823901186,0.494355635392014,0.0769582052662736,0.868563619625522,0.134393562586047,0.673848530266434,0.918196753515972,4.7996002344197,2.22624439729349,3.60148739942647
1555,2.68963377710763,1.51409726994535,0.997453400791052,1.64129069244375,0.971749354323668,0.474720683887019,0.795950946449884,0.875739710983471,0.856271986025153,0.590046765290666,0.957718530626502,0.578930220362498,0.0804844402214512,0.705639853476779,0.707271430679015,-0.263303044030686,3.54588442891819,1.0500318771923,2.21402122716464
1556,-1.08220300243116,-0.768559021527687,0.999871502826524,0.0937160801900735,1.02250666654157,0.336274328780943,0.945408754322212,0.959604311988107,0.790051688110107,0.735894846786861,0.497182540070382,0.180920332593378,0.115522369781858,0.686768923828145,0.857032409477048,-1.91036016018352,2.09779232056366,-0.917562085082497,0.785529117441476
1557,-3.81768514196915,-2.79528308215657,0.997892177372047,-1.96774659435567,0.95687460189156,0.415265239294968,0.805429263701779,0.488824686678359,0.676724917356973,0.723617064817809,0.989629526993725,0.548887617223663,0.933910944135394,0.991403014483862,0.789549659518641,-3.84318635178423,-0.0923068369271061,-2.44581054971569,-1.47751800288703
1558,1.58846052646457,0.696939301802922,0.99703434082946,0.350086409751821,1.05084532067693,0.901035187984002,0.788311801516451,0.42231862499367,0.975330461705918,0.844129704974475,0.0752214687623782,0.393104098909185,0.652798767610104,0.986826276538894,0.55796882023511,-1.7095325720974,2.40970539160104,-0.630398109731326,1.30542284180575
1559,0.115151015505946,0.20568587331869,0.332383028748249,0.415985705187408,1.02487525779836,0.526709623826435,0.456977489728015,0.961496218276676,0.176411480048322,0.85602761919098,0.894969604967395,0.0102150624273345,0.610418770604534,0.162251270891284,0.220952929589432,-1.59273288874357,2.42470429911839,-0.396812961634639,1.34596735383053
1560,3.97453706435091,3.93141782998961,0.0511927786132152,3.95230722540471,0.982670892064035,0.899240765482769,0.166053995755967,0.247383088838891,0.25069241058419,0.964076074402663,0.179499885384692,0.907738126785727,0.0246621555003803,0.550642106603715,0.274845570208388,2.02630766830335,5.87830678250607,3.29269170850589,4.59837798615326
1561,1.09105039745,0.372480048097036,0.982524686085605,1.0832620880092,0.979730174975287,0.981982732392964,0.698855318629765,0.309098260299535,0.513472687472124,0.251632523554726,0.99691547205532,0.0700553989368491,0.111045160676818,0.607204512418481,0.227769578065025,-0.836973769509483,3.00349794552789,0.4669138486156,1.70299385350166
1562,-0.0292662608917522,0.0130277356202041,0.114309270173559,0.0105370636890416,1.00353855270871,0.990078580493224,0.368866798262345,0.663613707342884,0.391432184441364,0.733327773396741,0.142558788480819,0.00617886152677238,0.952025714845047,0.032216906115762,0.652918428868288,-1.95636235671749,1.97743648409557,-0.653298671210405,0.928487861106117
1563,0.105939554479317,0.708654332355472,0.620918101707656,1.38801266475783,0.971121405615,0.668334261632524,0.520474674878293,0.677098212142359,0.286277170670452,0.106383839005255,0.100082357364823,0.574170214526006,0.609749579251511,0.942853150539449,0.10081464191759,-0.515350314863486,3.29137564437914,0.815183048361378,1.96200256281177
1564,1.08099731126803,1.36433890157782,0.18917854358759,1.35221445039748,0.976530374488076,0.698895499062375,0.411885485881823,0.310893110724748,0.936075218959944,0.708897472306387,0.898232527493616,0.134758858865243,0.660950824481202,0.0727091276621213,0.818109801991144,-0.561749913408556,3.26617881420353,0.791618849265613,2.05174127189626
1565,1.62588219030077,-0.370610603756242,0.997681393009079,-0.983631036110693,0.996716620577068,0.353213034747052,0.800652589602279,0.0546423581055133,0.925780050742789,0.155018862913712,0.215676581957377,0.846973650592263,0.212260626428179,0.167212430182728,0.717395396746579,-2.93715971523422,0.969897643012832,-1.62829389061573,-0.253587106554834
1566,-1.11560149171195,-0.477531261122391,0.881623856545737,-0.224893932250249,0.996695563647116,0.463890996672097,0.597475651602261,0.429617732665385,0.214463516410906,0.138165278704604,0.739279979963205,0.837547388082952,0.838316284018569,0.899449472132605,0.435711067600176,-2.17838134054944,1.72859347604895,-0.890156533889406,0.507641109103331
1567,-1.74882538033961,-1.7697718109059,0.0500458669357338,-0.945941014229385,0.950667914140311,0.176685951755382,0.00307877608388662,0.338504365908797,0.528915273115737,0.815218383592204,0.762027387434267,0.462775138474535,0.472195939940051,0.961650978990248,0.731175902355812,-2.80921588720221,0.91733385874344,-1.38268440358451,-0.50056122591126
1568,1.22260892235989,2.19576182435465,0.708288821209141,2.05187996282161,0.967519702324355,0.834027771428344,0.540693978699273,0.815921307557612,0.778255443041329,0.725335424165358,0.437049643944716,0.466982112142141,0.958484619346913,0.841091138339601,0.0243282853242708,0.155576191932964,3.94818373371026,1.55403181548609,2.74903693259391
1569,1.99652542039066,1.93836337875574,0.989415305485867,1.12115577562103,0.968023415609199,0.239967094629654,0.724292431119131,0.495227275325102,0.287856486411183,0.88744444137637,0.241193825408933,0.45139182474697,0.593753127892385,0.867306378770736,0.383071075073443,-0.776135255164449,3.01844680640651,0.608971591593136,1.69433063879909
1570,0.306972042102435,0.692442952040297,0.503585382859399,1.3275135239694,1.02088425779221,0.54603751932655,0.495488601398305,0.0318179757505422,0.887133694612887,0.131346771212178,0.822551398006384,0.262110486036865,0.652497598118382,0.626962645965279,0.713610945264692,-0.673382853687229,3.32840990162603,0.515306081160276,2.14398719017673
1571,0.585649024271238,0.605203255977057,0.0594662248386732,0.0361463412937195,0.980736508472759,0.678562051865272,0.270064131171093,0.0530261227244046,0.968215387193603,0.0431124122012407,0.999760650479002,0.163432059465325,0.467098910173052,0.3445683697965,0.929563076421269,-1.88606189363645,1.95835457622389,-0.557592563147085,0.72426813909886
1572,3.72449166369467,3.67324256886188,0.164736936742345,3.9724915776792,0.950978360073322,0.683345459802309,0.400744764019153,0.945728294514935,0.567162202517036,0.238247864715522,0.469405404814752,0.112588602904929,0.445088771996088,0.82835924976028,0.397857172596268,2.10860824185852,5.83637491349987,3.5355545517434,4.40817574494024
1573,-0.866775255920512,-1.3996936638513,0.999947880759769,-1.51138502235339,0.968779133918757,0.27214891423448,0.990531411243603,0.413724364381284,0.343628366829362,0.524196302464115,0.723586527892272,0.299394687736756,0.818450404234929,0.995047245712951,0.0180027210403932,-3.41015723380806,0.387387189101276,-2.06597843457589,-0.914060977805069
1574,-1.13230376228542,-1.19033333171424,0.0512192722166547,-0.886912433586255,0.94847266314423,0.270171967701172,0.167153821059037,0.138519871594734,0.312159347751644,0.619791856101947,0.411454167922144,0.523950112683,0.146033436632715,0.0863189286295092,0.506725599304424,-2.74588469366973,0.972059826497226,-1.33909795522756,-0.491584846198847
1575,1.51883073881925,0.904246821580706,0.999865952082625,1.93376998284144,0.983310164914224,0.519272544284351,0.943293941108393,0.549420512423618,0.583430725795683,0.547660111011355,0.916812205114402,0.570847528896411,0.870242080159485,0.146919729015557,0.724271326260641,0.00651747397742009,3.86102249170546,1.29014123706661,2.61004939206348
1576,4.29126408653666,4.2600337643326,0.0513620333836446,3.19536963048746,0.968347131006122,0.911153436710243,0.172697574084741,0.352469315117341,0.307067997899372,0.599157911997056,0.465505852754111,0.328747641458176,0.151705975733814,0.374736269288929,0.787190564691788,1.29744412918277,5.09329513179215,2.6618142707118,3.74464731518023
1577,1.93412172418634,2.00871748819738,0.0572872848359568,2.97808832977329,1.00280664161039,0.906829886588035,0.256868471990922,0.738315653657075,0.252581020870595,0.140040343239787,0.348456260230392,0.888975532699842,0.0487691686773906,0.873100609748857,0.889607530904119,1.01262342875935,4.94355323078722,2.19998698414478,3.67969144877483
1578,1.3224499707165,1.38876349182017,0.106863989489803,1.37558213704512,0.978621722156399,0.473416760498774,0.362296169523033,0.0807318138560513,0.825878315062262,0.870497859037947,0.541772415226907,0.183036516610649,0.42347147152375,0.666009679256473,0.265717509131413,-0.54248119286998,3.29364546696023,0.761904736829167,2.02369889562676
1579,0.870958909195475,0.883757987132324,0.0776306696530989,1.32017483589711,0.95413772165182,0.539679510344053,0.324599032826489,0.365200461628265,0.440017229473684,0.216798355693463,0.545868778164499,0.820162604854326,0.831878406640491,0.697890324773965,0.176844738884596,-0.549900734831559,3.19025040662578,0.856103571237517,1.78638826284218
1580,2.82792924249378,2.3909867697024,0.452394411417949,2.54553890969019,1.01346866216739,0.296611831358634,0.484593871580437,0.699113817513222,0.971984931082698,0.706879860278568,0.0633450415781699,0.148548869653489,0.194470987482928,0.18532754589594,0.337719688497018,0.559176832382115,4.53190098699826,1.8467349088965,3.43951125937693
1581,-0.49610874521005,-0.796563785613352,0.179313088809729,-0.954119631387297,0.973519117206809,0.0310648555873195,0.407604741136078,0.0957109673251398,0.907007556769415,0.127466857090592,0.0167956453921506,0.970923899954534,0.775879620223422,0.646661221240531,0.415645880572614,-2.86218203937387,0.953942776599275,-1.60981790301983,-0.399535330261943
1582,0.54116184653042,0.863838529343631,0.992086666606721,1.38922212641743,1.01591746244245,0.1420181226813,0.738977408251143,0.861959998567123,0.188192647298798,0.222629260425572,0.852852900547208,0.700145166341565,0.0225925645289244,0.198233702886617,0.699641521772253,-0.601939511235087,3.38038376406996,0.272785525019816,2.04202201417852
1583,-0.956088360814841,-0.302228718383352,0.607655166606867,-0.754946504519393,0.95502418324143,0.0639009838313796,0.517579983011819,0.218783180552884,0.718056714374921,0.59280540839606,0.759504191795364,0.741252647264744,0.827272849163041,0.920238573670504,0.983101550820284,-2.62675950803738,1.11686649899859,-1.26630574237417,-0.316295080099659
1584,-0.372036235259834,0.00805970472943533,0.795364318817039,0.406740568784717,1.11595493315444,0.784926305943867,0.564632094212459,0.139052252324298,0.832520522940671,0.839752057437319,0.139500667849323,0.182920732207363,0.107048263149918,0.990114952881006,0.482926574321114,-1.7804909085678,2.59397204613723,-0.633374160928127,1.39644695012529
1585,-1.06292553555882,-0.649396777739594,0.999472833212499,0.000504029457273125,1.04404339674302,0.0697662869143533,0.874807260692818,0.0535674901989987,0.241818030546536,0.561304284192272,0.480045923930127,0.925030521141249,0.699672543152701,0.228246175156441,0.282217279455042,-2.0457834264559,2.04679148537045,-1.12477981103434,0.696896485065038
1586,1.53218219936128,1.60093078849981,0.0509838460525475,1.21393201652678,1.05196953604055,0.199652472689515,0.156414416731452,0.605961934801424,0.419896670422051,0.986666616428178,0.432744666094077,0.247603797834599,0.657055524566676,0.13605153049645,0.951973432256491,-0.847890386946012,3.27575441999958,0.36623485947891,2.20848552079713
1587,-1.37548779527072,-1.46890533929175,0.957301309453381,-0.82437668884905,0.960757527824259,0.172730654278421,0.652815317300381,0.0179312826344976,0.409158311967156,0.400244981201249,0.812356561729801,0.0947228399232263,0.967439200219465,0.215077539472491,0.403058072956628,-2.70742684126034,1.05867346356224,-1.38948266971998,-0.326816415607643
1588,2.16602739234381,2.59515434024024,0.669498443966819,2.89877613825465,0.975473752339426,0.596305770638981,0.531414941095514,0.436203020214685,0.995013623878127,0.277794598761015,0.0767621719057206,0.15726520189771,0.116417324565933,0.97387291649892,0.505778040123871,0.98688271580523,4.81066956070407,2.28539561518119,3.54603230130448
1589,0.978643623354655,0.986801255291482,0.0506756181242293,-0.0233368543265819,0.945143132800242,0.242868988699047,0.137606108892011,0.296502314484096,0.804070822368143,0.487055453879293,0.466142328125075,0.229660912666004,0.658990288842702,0.911174523503287,0.0239770313976333,-1.87578335485041,1.82910964619725,-0.408450553272751,0.366658860570292
1590,0.476526421436239,0.420250784726382,0.0501948518921876,1.19078000931125,0.944404494478396,0.841487969916197,0.0754113803724758,0.455602797632222,0.74425864105369,0.320095628177398,0.502550331023056,0.218412540614023,0.552694708087365,0.00098782876774203,0.907912767310278,-0.660218786704158,3.04177880532666,0.813239827559861,1.5743832241565
1591,-0.582491284594144,-0.743105309684987,0.999635065930925,-0.553980660052194,0.947228875488092,0.0640333813483594,0.893205817202688,0.530685906278784,0.756021738105221,0.360528685108642,0.320216276649735,0.425590337774018,0.643387903283117,0.242960049859481,0.686355078684166,-2.41051514112523,1.30255382102084,-0.96445791625494,-0.150474303747931
1592,3.92807813356585,3.89461684330097,0.0597080658700305,2.32075332052709,0.96394197146113,0.962468942613574,0.271338333884953,0.273007651186315,0.363341870493372,0.180976233192603,0.503165533999912,0.98931991530885,0.0612251366745913,0.020633663966204,0.429900539143826,0.431461773276744,4.21004486777744,1.77078461468344,2.86610978241898
1593,2.34287814757562,0.0226069000423327,0.994962466455368,-0.145219909027225,0.967635318005345,0.224535872646957,0.761711431121686,0.267324178720475,0.308006127721979,0.0284435300658224,0.214203110212227,0.553439635721967,0.188880546645611,0.550292351238313,0.251816565746441,-2.04175028248666,1.75131046443221,-0.605759696313299,0.504875497866908
1594,2.72606553467,3.03103318383064,0.998552349883006,3.02173877342838,0.97644536449979,0.998157656481955,0.824249767364119,0.816739462595782,0.0527779790209606,0.458397312583285,0.0839962010016898,0.52746430495102,0.668456322840299,0.138795564378728,0.0422468676592689,1.10794102613771,4.93553652071906,2.4124008840643,3.64106677565591
1595,0.91224870257184,0.96162000441248,0.0659834563772207,2.35328163767173,0.967059827318135,0.731958027422428,0.296603003008175,0.796708914869348,0.00319873858301435,0.64934878590703,0.396680008261232,0.214808687673882,0.352997053014929,0.956802124221576,0.00680206062586512,0.457879205232667,4.2486840701108,1.78647931165267,2.90184983093227
1596,2.96661657223188,1.73607867975678,0.988177167836699,1.33607044960678,0.985651074625307,0.903930361295701,0.718695310923038,0.726691489200806,0.950481224863674,0.710875966324122,0.491417682178086,0.665830191072891,0.755251202834072,0.912329224004061,0.61113370962441,-0.595770157982025,3.26791105719558,0.67200748701957,1.98479872255664
1597,3.40189476583937,3.3605702206223,0.125757400149668,2.215080648526,0.987174184297227,0.957435000358499,0.377708911001217,0.719785451669944,0.864877005081158,0.861839798928471,0.0581087541666348,0.648691772104707,0.0630489326022798,0.751515727313468,0.931111299021402,0.280254800835725,4.14990649621627,1.57087092002555,2.95466892548614
1598,2.69891300224809,3.19601099971456,0.843333944258038,2.74679126507822,0.970391869433923,0.976548053949955,0.581106387078064,0.0391322021989617,0.462970641451888,0.337449104259606,0.495832159978454,0.0379055559220724,0.117454085979844,0.257969839803875,0.589769668407273,0.844858150097238,4.6487243800592,2.19330772916947,3.33895458786912
1599,-1.74497696724661,-2.06123666001291,0.305595593761096,-1.51606012492001,0.958636658591188,0.0223072739073541,0.450027098741615,0.626509085472324,0.829297798798303,0.413668570383219,0.949518025389873,0.554330370226293,0.193348926456296,0.541032901750761,0.737496935423114,-3.39495345001856,0.362833200178537,-1.99746494938264,-1.02440057657426
1600,-0.3197304080983,-0.349567277492409,0.0527809974460303,-1.65709970260743,0.995966888890812,0.383685351034626,0.208463966557058,0.855388210087083,0.060500463818782,0.993474369210075,0.211440336421598,0.500241127515794,0.671675158828264,0.179361472977675,0.438633888547542,-3.60915893462783,0.294959529412963,-2.37057605861703,-0.909111294766733
1601,-0.11698929578193,-0.11763995834377,0.0502257603411796,-0.391291023138773,0.963945699579552,0.171444564533536,0.082774720324087,0.839400027202093,0.628138430371531,0.917025696909404,0.414654827310937,0.1288602949247,0.990640005875495,0.802649036814226,0.522665838993387,-2.28058987736696,1.49800783108942,-0.963347641979265,0.13293053290249
1602,3.18068433762,1.82202342488825,0.999901890692303,1.6184063522141,0.981272272206361,0.293737314217608,0.958901587176602,0.364177895754925,0.700950796355144,0.287453505037469,0.221440895394771,0.924991160912206,0.268961202787817,0.530224993266515,0.511776084606419,-0.304851960338152,3.54166466476635,1.04368847332537,2.30172598035458
1603,1.17609909233369,1.15725174422263,0.0505078182250285,1.09820473682979,0.948228813654254,0.462714384808438,0.123322049182025,0.437885679368395,0.69141457438108,0.509515979783144,0.834428140073083,0.764447595336125,0.475807439055759,0.17827384020912,0.231683426464791,-0.76028958703569,2.95669906069527,0.696181474573693,1.52522987109256
1604,3.53129117116298,3.68949771378801,0.999803009527965,2.91378006453772,0.957956041533795,0.604784404327977,0.924042726070853,0.0720581625704654,0.302904029439087,0.532400866303127,0.78511431075295,0.61271777277824,0.0502976806676015,0.171451198303956,0.566471377792535,1.03622072435893,4.79133940471652,2.4364826877584,3.41353867235485
1605,2.20898040024901,2.23071865350621,0.191281453445311,1.8431921456731,1.00119073169072,0.157503369226004,0.412765153543442,0.227882186967065,0.0271490850520786,0.0530067988415249,0.0449000735467998,0.97046761894424,0.585734117014217,0.0767938013412058,0.817150124353822,-0.11910563009602,3.80548992144222,1.12481320405132,2.58974527192999
1606,1.4837787998388,1.82381360514788,0.146054093752212,2.17438047097296,0.968693627190462,0.234553205932025,0.390752182960394,0.050506199606345,0.316390315916971,0.94871085755399,0.621283583683195,0.397014316369779,0.948115984877455,0.60495973907772,0.409100856401608,0.275775849626183,4.07298509231973,1.54767437526999,2.72473326729811
1607,2.3329076408874,2.22524132405203,0.0504418192030125,2.3937270149751,0.950834620994515,0.392501807920868,0.116357433644356,0.113983027223381,0.0300550832905574,0.594018367342069,0.783200745785376,0.587928052179283,0.450058680626913,0.364490372404223,0.962073483281303,0.530125402572061,4.25732862737814,1.96742910705727,2.84454690378138
1608,3.52897236628352,3.50885569229415,0.05459778275243,2.89492531171687,0.953923014974251,0.995425275072106,0.233698185664602,0.962588081423659,0.663339456138783,0.275556995677995,0.690969023274607,0.192858824459836,0.794219625322614,0.959565613463987,0.372033034088206,1.02527055834348,4.76458006509027,2.44473734096434,3.36509413153836
1609,-2.23198733797222,-2.08496261075932,0.999623626900259,-1.13441437310847,0.964311550217474,0.221588844006998,0.89166200324602,0.217932671058923,0.563326339167892,0.808624897387577,0.950210307872971,0.657519614804652,0.692949663543608,0.723097126021632,0.240306688196724,-3.02443028141071,0.755601535193763,-1.73936040327477,-0.652175454113893
1610,-3.03436068997805,-1.71532621744489,0.999754244797816,-0.953226541550845,0.981528228231436,0.145468135898584,0.912981130650849,0.30549762278609,0.866378167054732,0.688353133897996,0.166959703293396,0.0208310356190195,0.590760830111918,0.523121623834595,0.105593083802727,-2.87698651869387,0.970533435592179,-1.65764907262819,-0.38447150650605
1611,3.60907814039798,2.0251959923651,0.810359227650269,2.00864160095788,0.962619705606078,0.902999232594855,0.569432968941401,0.666887803546269,0.351587015617872,0.465494592832983,0.222149987203535,0.541934654028271,0.0853371368040098,0.335196705989423,0.703654199489625,0.12194164716142,3.89534155475434,1.46600587653802,2.54371640671069
1612,1.82138019417617,2.2554140658692,0.896674380927107,1.89057409094978,0.960909182808352,0.0446130688448902,0.605171541537158,0.26893889247044,0.0813569766533328,0.143254164095619,0.222659941280144,0.358868942795321,0.718986165511189,0.170005621393677,0.965456156406435,0.007226700231594,3.77392148166796,1.39945220810649,2.42206404677987
1613,-0.0577441865948639,-0.335204089894545,0.965176793105922,0.740142537363569,0.975608580231683,0.870220331861987,0.663441661691177,0.606314243195811,0.707611325430684,0.791182583891205,0.0601742604689207,0.511537272765068,0.226028382306104,0.846180756150628,0.833769168974599,-1.17201514289879,2.65230021762592,0.170361131138344,1.37271939124712
1614,1.61680290958205,1.19954251305369,0.994806029028674,0.514911197203605,0.965639638695671,0.307835882545682,0.760174056089949,0.600517478937865,0.205197423061822,0.673138199060806,0.103753005882376,0.631438046216033,0.90176235227671,0.595159022490028,0.84982199771388,-1.37770771668418,2.40753011109139,-0.0406925637972464,1.02199212849965
1615,0.843593638660507,2.50090728240538,0.99991349081037,1.78393745968742,0.955192594202585,0.144769196305424,0.965193777516717,0.234462655383861,0.467941268215654,0.381098644114682,0.0739613666203804,0.235258936585975,0.0709883947958006,0.176527731942129,0.877069761678926,-0.0882056232490274,3.65608054262387,1.31596792522394,2.2410388193087
1616,1.0399524513778,0.991465614871287,0.131530150956383,1.6069382144665,1.01397314561538,0.507833072810317,0.381712001663283,0.0387119242920307,0.116348367651226,0.980910903423093,0.299658276056289,0.131792961391504,0.461734851784538,0.238308264195453,0.205519030005671,-0.380412632230443,3.59428906116344,0.805649955944247,2.46189848666994
1617,1.20811776339899,1.14844001583763,0.0746656647274807,0.703543110773249,0.952368342293972,0.947449817444896,0.318762853440479,0.710432691191905,0.794926886174246,0.323884033218492,0.816247881554766,0.920888929367182,0.0741639303795528,0.895786672252929,0.0739907209960511,-1.16306454013905,2.57015076168555,0.243536110678471,1.13550815424658
1618,3.94748626439887,3.92423685609764,0.0542206732667914,3.98090638091908,0.973544129352057,0.858081144099124,0.229399269260699,0.494928560053231,0.244713417929364,0.995740055819741,0.462366565079312,0.289794372819481,0.0545465296802577,0.985227681375807,0.352817772200913,2.07279495002865,5.88901781180952,3.34281810293164,4.58527309428003
1619,-1.43907976627246,0.18909334256206,0.999953819143581,0.955231079255213,0.95508970109639,0.657137118016719,0.996580165098538,0.842539738659863,0.531848824920831,0.593801293305354,0.84304153714783,0.558113504078938,0.6130103632682,0.593655093333451,0.350415280238609,-0.916710336898836,2.82717249540926,0.475504851668504,1.40785889228471
1620,1.61868123677054,1.62058062068221,0.0526383120128191,1.76411827300453,0.968578782744866,0.367100257410086,0.205822918650811,0.109576144343475,0.579988026730483,0.338344928056002,0.203477789056371,0.720011423323653,0.0287885736851022,0.44308602753852,0.769146926778019,-0.13426125736505,3.66249780337411,1.21594838210555,2.29856007269702
1621,-0.630856928568555,-0.639163441363915,0.0509684930411893,-0.294212868600998,1.01601919211094,0.38299089981115,0.155627201023512,0.981161679801182,0.447718357078149,0.740063859567163,0.378301321397536,0.680176447093254,0.492606657121796,0.649979770748294,0.143978589173639,-2.28557389273993,1.69714815553793,-1.26083192417627,0.33156565637625
1622,-0.353216418195407,0.940528705683076,0.998695924961343,1.9222941279501,1.04922419204068,0.606868664575624,0.829479716208298,0.214610440089134,0.840714169620536,0.353797035102267,0.209915193697787,0.856494414985529,0.861797004791442,0.919273932249169,0.0496599992137635,-0.134147500157769,3.97873575605797,0.696138039597328,2.60668451662312
1623,0.0576652486905192,0.139578990070968,0.0501475118790631,0.806686854318242,0.962248468889409,0.480891338329762,0.0614923366350122,0.0431043033874594,0.230879686776665,0.435120117812417,0.771022801904939,0.391182048287592,0.670143585131154,0.245852019073092,0.455883870074525,-1.07928548888381,2.69265919752029,0.272500282005046,1.32040436702308
1624,1.46012194958295,1.49389563509729,0.0500506337327781,1.14909927508948,1.08956025191232,0.0296022464510752,0.00802270231908187,0.807610516723595,0.593462784242118,0.193852324492182,0.280876827886095,0.534294063134003,0.321208461692208,0.821063965579378,0.380503840498975,-0.986399577645065,3.28459812782402,0.118199266814394,2.03121904611492
1625,1.79040830820492,1.92086300087885,0.180767762073749,1.28548298479296,0.953543801218046,0.297154499730095,0.408252766743535,0.188622818636592,0.0258447322577704,0.536310416841996,0.877083587562433,0.419692437010468,0.95895643754385,0.711766620450187,0.568367486992851,-0.583428523275828,3.15439449286175,0.806410859908274,1.72697205993429
1626,0.691524780809651,1.14224525408053,0.255952813921727,1.58477215984905,0.953079578918086,0.377894168299623,0.435777131447452,0.39925462214509,0.779679615793168,0.361109590886161,0.14240887131996,0.941203049734235,0.897393193848548,0.128050979172927,0.3087967181165,-0.283229489230998,3.4527738089291,1.13284784144897,2.05218413035268
1627,-0.466212925027287,-0.478011079315301,0.0520564745317368,-0.782965490709756,0.967702105695916,0.461419187879423,0.193334909807309,0.0147456959284609,0.274589870253578,0.450260451007984,0.719204872521455,0.762298169517773,0.220149098587339,0.0564712200482609,0.535041967100813,-2.67962676563732,1.11369578421781,-1.308153663568,-0.19956680462068
1628,-1.96299970703901,-0.298723840887557,0.999711024786827,0.447136345440523,0.97883908354351,0.736520290247514,0.904878605800099,0.201539517644327,0.464618083502748,0.910883745576139,0.438979291162686,0.817129977118806,0.557861254521413,0.658645215547062,0.0726300713211531,-1.47135300496495,2.365625695846,-0.10370395182619,1.12674488493425
1629,0.75955719241386,0.894679402293976,0.21834799370025,0.059641825005265,0.959026980420658,0.180419777848059,0.423231179566705,0.780448837497272,0.823127447153907,0.272085782928974,0.876720162282698,0.386017362051061,0.87283349939133,0.352276582806837,0.558387636875035,-1.82001651682142,1.93930016683195,-0.44253826616836,0.532553359851844
1630,0.385656558858633,0.818078820892579,0.999527863161227,1.20899541774629,0.956645945094178,0.437967587307794,0.88032256488339,0.110684439706849,0.479905546818394,0.392324132791138,0.440005000625504,0.908514952065074,0.505101462513791,0.0716267714144196,0.340867830867646,-0.665996180594582,3.08398701608716,0.738451328534013,1.69461840031069
1631,1.03569988268269,0.942919629223186,0.717368105363393,1.69954639256476,0.951996911853487,0.210414200091152,0.542959822524455,0.819688297827262,0.552285720883054,0.317922640990117,0.0298116320702247,0.084468671997427,0.595076843031449,0.250738388292957,0.990809935264639,-0.166333268061423,3.56542605319095,1.23442037689313,2.12264277137802
1632,2.06039181401949,1.4410689679839,0.941718554517567,0.957037954234192,0.960238277466682,0.362485965000349,0.636393338877824,0.79289685966284,0.326734668556717,0.522356184072443,0.257861709602061,0.870325620969757,0.694809258671361,0.235931879878743,0.829533269064035,-0.924994486177283,2.83907039464567,0.461264488555944,1.46795737758905
1633,2.22704511703239,2.56116673696336,0.81283321804237,3.09350066509879,0.948931594394021,0.629746086437837,0.570251965939999,0.294622986004455,0.303913026580121,0.393970690788119,0.918554668607889,0.371790761165554,0.844349003680749,0.311948839907302,0.545680077018565,1.23362891629433,4.95337241390324,2.67417393475945,3.51542682736391
1634,0.926066069069409,2.10239431806392,0.999840917496379,0.455785660767647,0.985455957224356,0.72054977493966,0.93473134179716,0.277827465962619,0.165953641833155,0.391655891017057,0.534452205919311,0.515296004778706,0.712290592745063,0.926741552783758,0.758547939213342,-1.47567252374253,2.38724384527783,-0.167257227071506,1.07359720654683
1635,0.471032837134641,1.89714687479452,0.97103714703957,1.99951084032193,0.990039595753921,0.52289499213302,0.672974314616295,0.293940061489586,0.917223881238722,0.537614269335056,0.871952821873128,0.98448279172671,0.254020878914627,0.694401590570225,0.891078119852114,0.059068889375649,3.93995279126821,1.34991882521989,2.74305264667825
1636,-2.32122530510752,-2.30711194040794,0.0502912059174431,-1.53112758570829,0.964803425939239,0.139580570687889,0.0955059976482298,0.330440713758348,0.623894841676112,0.773463778688922,0.736561056869919,0.526725124971592,0.64161098108883,0.974573145777918,0.94808474495355,-3.42210755271006,0.35985238129347,-2.13602679409839,-1.04144939257275
1637,2.0824530051055,1.8805603094468,0.276139207036332,1.50621652106305,0.954178606266949,0.642997450687108,0.441827583549893,0.255794100125786,0.170286140317563,0.286106723175617,0.554534116349183,0.362352809518226,0.922389240514138,0.979973966546007,0.961363891011919,-0.363939182038793,3.3763722241649,1.02678172521837,1.95629550123237
1638,1.59390991970899,3.41667630883609,0.997705579290688,2.22046169818554,0.982155718996817,0.59321539161785,0.80117817431211,0.210761706627207,0.7464799294353,0.730622583086486,0.88969655511016,0.679830985603738,0.463092521364801,0.185613888805383,0.91085182937386,0.295471861741737,4.14545153462934,1.59868673593075,2.83510422492727
1639,0.718714991210675,0.794033809678259,0.0551941618772575,1.87963696978796,0.978131933591605,0.298001620086841,0.239827791743912,0.670748091804213,0.0141812879261561,0.142253291365225,0.945800493821735,0.424096150494413,0.574035844368511,0.0453963215642143,0.271636815259466,-0.0374663921801099,3.79674033175603,1.13195535201249,2.42963683586029
1640,-1.24395465884791,-1.31161472151583,0.0505910457687092,-0.584278967852286,0.941767073134389,0.0438406552370871,0.130914927035687,0.551486086119432,0.640575645252131,0.738846640401171,0.39644972052332,0.165754821793991,0.547393751927419,0.229516036206856,0.627090493347379,-2.43010851302139,1.26155057731681,-0.971394421001853,-0.248283300012527
1641,3.64877328456709,3.64702647197289,0.182147847596789,3.13306071797147,0.985668129254671,0.602578221046948,0.408861988792894,0.452769281632849,0.861318795834668,0.656261432626052,0.154621640772093,0.755934372088173,0.197220270873397,0.549441340551712,0.213595694315038,1.20118668392335,5.0649347520196,2.43920031987288,3.77629908085639
1642,3.94069305358523,3.96294120437996,0.0508257832240064,4.09486114890236,0.955672602994925,0.663450260901591,0.147649232917116,0.792012699083658,0.652630684494856,0.880847750672838,0.315498880978324,0.338175342887174,0.386121757330373,0.438196917116758,0.472943808824639,2.22177726602066,5.96794503178405,3.63874456749139,4.61070059039143
1643,-1.32450180702198,0.408225663839821,0.994841888607294,2.56590456315809,1.13747337331696,0.332442703736364,0.760522354826098,0.762330983878812,0.979689240498119,0.00202481802611146,0.887262769352761,0.443592515056953,0.695161897326121,0.126136056460207,0.871832009415957,0.336497718083558,4.79531140823262,1.38552678163391,3.77114030518496
1644,-1.10649956038143,-1.13260852586459,0.0757394448225653,-1.54610900048872,0.942957040824049,0.0274172361498931,0.320951530762832,0.485192735484801,0.517886245219968,0.614780037292512,0.56007527616329,0.0898098005371867,0.696968909378396,0.892085554884281,0.779499165373854,-3.39427083947232,0.302052838494885,-1.92361564226629,-1.19213538831203
1645,-1.77801452071271,-1.61454684496633,0.495857205089868,-0.945857845382394,0.949853399402018,0.044265856780461,0.493856959080906,0.444765871608397,0.511494295632001,0.703202304889681,0.45433050381334,0.300314770732657,0.245479034848511,0.74439765632432,0.374350328556146,-2.80753629880329,0.9158206080385,-1.34093958267452,-0.48103633444101
1646,-0.230387735686375,-0.406809375123535,0.547178064966013,0.534322828776664,0.964200022055679,0.860393049994949,0.50467246363638,0.76014909409883,0.90148451003572,0.432860249541816,0.265713766533066,0.971701421087841,0.978318268519477,0.118901805878384,0.770180330871488,-1.35547448834519,2.42412014589852,-0.0109462211634495,1.06315310193919
1647,3.82529337655444,3.82203836581473,0.0505573548886394,2.99766979206328,0.973694515308818,0.849971261772793,0.127978588898317,0.283467793250689,0.868746091907611,0.111027931683115,0.167972818004549,0.636611324497499,0.451087467791978,0.796930389155284,0.318080880215275,1.08926361011381,4.90607597401275,2.44255937947185,3.67434670724154
1648,2.55240936456884,2.76132018359072,0.152254628045374,2.96614367339441,0.965556134391181,0.521772400222719,0.394244286708767,0.268334016616689,0.1108404387068,0.796464663848048,0.189284957175143,0.155648354962352,0.807848927121959,0.152396523528034,0.916674002545886,1.07368842493598,4.85859892185284,2.4131549842477,3.49741758010994
1649,0.597000170028024,-0.419138662782721,0.999955997091803,1.14648003783555,1.06067530382884,0.980559508567909,0.99899576082651,0.68691374277859,0.880296229880652,0.171866812010296,0.114807131132926,0.254349112516968,0.776891789491521,0.958575787242269,0.469756928444607,-0.932405356960059,3.22536543263117,0.219604438092657,2.26161676398156
1650,2.43135056870066,1.71262160374141,0.582318040715124,1.94041364695782,0.977832175981839,0.556857270083623,0.512126042582211,0.617154057563865,0.545597925018286,0.0722200044882484,0.209015656372183,0.639704824570101,0.291893021647003,0.573690084346919,0.0599408214666182,0.0238977991089793,3.85692949480665,1.2842691962201,2.53507423374892
1651,-0.28743850569794,-0.244589285357384,0.0502609388619997,0.184254580244247,0.958922277862645,0.438090079425485,0.0900171790655004,0.995187611945206,0.431230890787905,0.651942783661652,0.827694154664758,0.939348938575131,0.173070119696786,0.503911297853221,0.482304585279315,-1.69519854833965,2.06370770882814,-0.338598292160129,0.667682871300465
1652,1.87316748383533,1.18011917777504,0.997171228780797,1.10672663134875,0.963574387692852,0.819335619118763,0.790681873472291,0.0297758115341421,0.0868344642417505,0.511245995532372,0.680674130111351,0.916265198293258,0.057498648676672,0.47943398170697,0.399282999573858,-0.781844464954477,2.99529772765197,0.540183396561051,1.63111372194747
1653,4.63399913851561,3.47709874001546,0.991444655006919,1.51411086922809,0.980234081636599,0.956292428751243,0.735042966475245,0.441581796080573,0.391937496137689,0.16471536276082,0.934747693314217,0.510804320097552,0.874615341089666,0.999514765770291,0.244628812744282,-0.407112627198334,3.43533436565452,0.825309863489215,2.12116001946245
1654,-0.394737736622502,-0.646863773696766,0.402122767685758,0.280859897041995,0.977895370132595,0.56702752734907,0.473529722544248,0.784687680670526,0.831178411980392,0.440232001448749,0.885920861259568,0.922935406089295,0.973364622803754,0.346602749755373,0.63609742165904,-1.63577980906636,2.19749960315035,-0.261439362680092,0.92652014512706
1655,0.420828055173844,0.494684212449508,0.0503482752703005,0.583589019325222,0.991972560711686,0.356104128217557,0.104457129144575,0.775123667893233,0.643192614455358,0.951533187176567,0.72793398957036,0.848786018921412,0.366128460521577,0.146152727949666,0.14834954042593,-1.36064147332165,2.5278195119721,-0.180705481295585,1.19418837017364
1656,0.449851171752403,-0.124802352280644,0.999489667159624,0.556342248282748,0.952545543981072,0.774347688522073,0.876430839286768,0.108629153775517,0.0972450102394214,0.370267179284128,0.3697755317064,0.485274298739154,0.70057119308738,0.851697724363301,0.674027167063556,-1.31061271155427,2.42329720811976,0.105807135920868,1.00342674839709
1657,-0.903837219898823,-0.772005017280614,0.209622054980564,-0.0307099666817801,0.969669779575187,0.801292251072126,0.420014881104697,0.309628929251106,0.601799445990357,0.919821581196622,0.936340559306671,0.849697981755715,0.914756738717202,0.797044182766578,0.564845334022306,-1.93122781154604,1.86980787818248,-0.594085689030991,0.555515699637628
1658,2.28168457515121,1.94905216523968,0.991648536173071,1.82245900407251,0.949158693238916,0.127136581188417,0.736259763449663,0.890996112377266,0.488972167761531,0.60695687849971,0.40034168035246,0.307678777735331,0.39804649920552,0.367280056081247,0.798839978640666,-0.0378578502888633,3.68277585843389,1.43349488633535,2.29267591630193
1659,0.754759095479276,0.766220014225786,0.0502064937636992,1.88741706865523,0.985864805517065,0.537777930110693,0.0783135166923748,0.451969508325215,0.933486912560184,0.687532192178653,0.492845869527664,0.642220162021811,0.479601700979052,0.434371886650566,0.899826644722372,-0.0448424437837969,3.81967658109427,1.2850332110559,2.60788876999212
1660,0.751168610288263,1.35312082550974,0.862601678910277,1.73492471400706,1.01081423645191,0.503796637980384,0.588867844453896,0.23517373077001,0.432128820336307,0.739810723569011,0.540288303270587,0.760959304218064,0.294384989037528,0.409348862983286,0.126157943429309,-0.246234784499041,3.71608421251316,0.810319915863461,2.45458501654541
1661,-0.964109058641178,-0.991457329972283,0.0916434632983828,-1.00641380274931,1.04072904242307,0.182345869184472,0.345875372479204,0.0846489070256939,0.0410928311914904,0.970588933472289,0.39183022487245,0.373477930303314,0.309670940394513,0.394018526557367,0.405968456249917,-3.04620524356339,1.03337763806478,-1.9816756845044,-0.180770016483002
1662,2.08999916492918,3.02422512386524,0.776583569526993,2.36790160468595,0.990286345188153,0.633483691318776,0.558965803772793,0.190869006147841,0.105206484366674,0.0217988207280869,0.232428793038009,0.0367229465743294,0.81087192063441,0.764156883645803,0.571683584376355,0.426976033735374,4.30882717563653,1.71958587988668,3.15555064282203
1663,2.97947964049651,1.6072017084143,0.997370732917148,1.13353804232224,1.04086711073622,0.166400178508135,0.794349268318969,0.398729143303353,0.985053249567281,0.00144477305293549,0.612654599707108,0.374658774607,0.970499213442439,0.222526877537719,0.0520171544112964,-0.906524007413013,3.17360009205749,0.217670965403257,2.03627134317383
1664,0.565195917306666,0.526126180924246,0.0501000639882903,2.11588040823035,1.03097817485213,0.874674114403082,0.0420848968368955,0.326532726508565,0.703186345354654,0.618840453968965,0.470764485500287,0.0932239022140857,0.790986802908126,0.695413707011845,0.676134602658451,0.0952003166733353,4.13656049978736,1.51366314137009,2.97305608236949
1665,0.850322695356344,0.809435213661101,0.0538308573886786,0.802343332081056,0.959850365450887,0.951303564894828,0.224533364432864,0.722301007186878,0.812485229234444,0.430550881267642,0.9191796716674,0.768521555639803,0.0174848886565305,0.530911176511319,0.153034501197282,-1.07892881475029,2.6836154789124,0.265944043842438,1.29562233214839
1666,2.44447777472907,2.4692019700706,0.0515978356194317,2.26407454212575,1.010812429454,0.582489007507451,0.180693566964357,0.94202523462777,0.16638186637382,0.380975844805129,0.0640901274937205,0.144854692447698,0.893680746969418,0.720067771671689,0.172630662869546,0.282918585270469,4.24523049898102,1.54363081761917,3.13891816884948
1667,2.01104586334046,1.47974584536253,0.967828005807449,2.26591511434833,0.974009647503044,0.462337184259086,0.667545684351469,0.37944757945789,0.767346784959896,0.431682193225482,0.238064240047242,0.719780296869925,0.401768094947794,0.147233861584682,0.167010414305609,0.356891284647816,4.17493894404885,1.56598202688081,2.77608315895329
1668,2.59761624335448,2.63965944052879,0.0988848395269179,4.01647426401787,0.965652467118991,0.66855321286025,0.354291712739039,0.931705867882818,0.609757350685308,0.425131663797656,0.0302387770777568,0.44987366568204,0.267355720959255,0.664921524388599,0.663761819832842,2.1238302068824,5.90911832115334,3.49880729404537,4.56677647913947
1669,1.55281857640882,1.59799564546681,0.050213084214505,0.378673868333624,0.994532641402692,0.175355721791042,0.0798847260794137,0.573553462138865,0.294618935815291,0.769283062779694,0.941652225803002,0.598540364935179,0.021870476435055,0.122565281699994,0.381449399972567,-1.57057429026514,2.32792202693239,-0.312615060981981,1.11060268059973
1670,0.925429991340319,1.88507694694728,0.998346456838354,2.32807307724298,0.967991039813048,0.703888579330174,0.817589976999443,0.128370688982308,0.475478172735078,0.0129084482818143,0.835279699964332,0.832908202596591,0.37751723107486,0.645334691649769,0.802233341563842,0.430845501851925,4.22530065263403,1.79509982327456,2.93537850133972
1671,2.18030099218705,1.84799023111458,0.998215720244839,1.62426236567429,0.985214932805483,0.66432005080732,0.81377835970372,0.457783347561606,0.579404431325616,0.804621987735969,0.856088760057464,0.514139689705218,0.588508690827875,0.386607133173733,0.746906606066856,-0.306723419655505,3.55524815100409,0.959941840395991,2.25697911272292
1672,-1.31767121056403,-1.71734494836034,0.999912517229347,-1.32029906019974,0.972165548487607,0.18523662316706,0.964634165252675,0.353857112470083,0.249984117071377,0.525583118766663,0.383877518459223,0.112003270766349,0.658310616950854,0.236018406708492,0.738172836401267,-3.22570852224607,0.5851104018466,-1.88612294002838,-0.692423939295195
1673,-0.44918903249026,-1.06911097133585,0.984286425009719,-1.07431679964449,0.954156882715012,0.376561945946654,0.704262903414317,0.349104641073151,0.318423550008098,0.508253140652552,0.482258188303327,0.38852862684615,0.588105627183919,0.674512414047727,0.0790574052579468,-2.94442992536692,0.795796326077941,-1.55022136991021,-0.613635368218
1674,0.914084001569917,0.472162319158216,0.645218974014321,1.15432385381474,0.996781302187853,0.910676236556261,0.525871429522289,0.898251749548945,0.49374113789585,0.952568501111353,0.392804303839686,0.0627412138242507,0.257098355334019,0.803378974407911,0.106579924018588,-0.799331598936387,3.10797930656587,0.407951058802631,1.82247727891015
1675,2.33946755537398,1.98669613653753,0.259835506761875,1.9392752329533,0.978984038242102,0.55441584286734,0.436972573649371,0.745743135092547,0.280413269224111,0.153170078635565,0.475552583002718,0.557655588350724,0.113090226776781,0.294885361492052,0.382885199387558,0.0205017765591926,3.8580486893474,1.31471775445667,2.52853797884688
1676,1.28369936851857,0.543606483840409,0.963360267644997,0.673959066105802,0.979171779615409,0.457148947439273,0.660799858267186,0.429420799422311,0.763115315742092,0.335226069656084,0.0914162113395287,0.13704427327984,0.705242617438198,0.968353680078755,0.952812490078039,-1.24518235661839,2.59310048882999,0.00470307407198201,1.25178807779626
1677,2.09380711679678,0.484571643845795,0.966627147819829,0.67804704811084,0.982817886023424,0.843133476031362,0.665647901454824,0.401237572413753,0.202567266711965,0.122993194257957,0.0493033947212389,0.588608636180405,0.996221883181017,0.998866195571958,0.055811269533704,-1.24824061185686,2.60433470807854,0.0285394164242629,1.31472326138378
1678,4.02667443771606,3.40344331785373,0.733437470135968,2.48969225378513,0.958062309807264,0.747349141072948,0.54707631587272,0.907471418270376,0.355428881502128,0.513688870608457,0.677094658579328,0.0785669299683068,0.381949048521346,0.971695572860306,0.467334029845428,0.611924631617639,4.36745987595263,1.97652963653089,2.97110622866251
1679,0.584136973025915,0.613123765142443,0.272870175955934,0.60630712863578,0.954522531170293,0.39362234510202,0.440874219735735,0.759641680768225,0.52631321442523,0.635200206462061,0.7950854802588,0.250534934708267,0.223151880109101,0.0291137190728914,0.647489721458405,-1.26452265489001,2.47713691216156,0.171647964979295,1.11547736367532
1680,-0.596781408887182,-0.320446254026152,0.991283778311653,0.458728630651869,0.962242389742308,0.97815282859467,0.734102940686047,0.284596128917299,0.519864269535639,0.239700867283973,0.336765786845353,0.816013244012604,0.824923640525085,0.574559186315513,0.835562033785856,-1.42723179764081,2.34468905894455,-0.0599152996785766,0.99074957555524
1681,1.84995220448612,2.54907915871383,0.965341451000635,2.81128738415269,0.975678096168444,0.558792239951435,0.663687637329218,0.482849316358566,0.975803490699502,0.306553438891773,0.409066232823767,0.20825407966529,0.783486145152594,0.383523989863694,0.176351323254406,0.89899345515793,4.72358131314745,2.07791697091731,3.35532681390111
1682,0.272550730013543,0.270740534190413,0.250198938509301,0.597636661468341,0.960083036472569,0.692088154144352,0.433975182235823,0.805045345979044,0.378281820682692,0.437926695404458,0.129025784639642,0.894056098830188,0.740125030203722,0.125651273850119,0.0587420108978404,-1.28409151218575,2.47936483512243,0.0784680685687565,1.0659964555764
1683,0.325612459541235,0.368696290496695,0.0935295290116185,0.546778579140109,0.955774796330733,0.337048039275338,0.34819405403675,0.0842235778854229,0.155205488494248,0.340345381018124,0.112671238164185,0.28330515551928,0.806518601938733,0.660225295453099,0.846915193868103,-1.32650559899923,2.42006275727945,0.0863259059822069,1.03648269702598
1684,-1.94013791329724,-1.28655398724151,0.959272229921932,-1.58013565318276,0.952683122851042,0.108150250150473,0.655286718046176,0.416296466952655,0.562492952335859,0.667700241731014,0.931427701951237,0.743439100102871,0.710167222515913,0.515363444517716,0.184125107377651,-3.44736026264995,0.287088956284424,-2.02617932160657,-1.14154772248348
1685,-0.619709429769771,0.13964881397535,0.998741778077271,0.0590248130266562,0.972575318502961,0.353651112199994,0.831271855536499,0.767759529703762,0.72644129121874,0.289108055445482,0.113345063088695,0.274669858244713,0.230890290819341,0.175341843607253,0.720831523871748,-1.84718778349172,1.96523740954503,-0.462090652948786,0.711503980126345
1686,-0.98400120563414,-1.46890032478558,0.890976770431721,-2.08379946503389,0.971654021991822,0.00373441888275556,0.602150153169874,0.557146538427449,0.606629199306946,0.213860689534573,0.764666674549691,0.957873367064749,0.848976769760949,0.170668146119802,0.00325836505996995,-3.98820635357135,-0.179392576496435,-2.64798955765781,-1.48694486206392
1687,1.40549222945083,1.4069179025894,0.906752640842527,0.700169271997562,0.983894224944936,0.477353332492174,0.610894675252494,0.894142401129473,0.203655612248578,0.355420322752907,0.259043855074327,0.68330772725516,0.861400241710013,0.742159349244204,0.389085139464471,-1.22822797349146,2.62856651748659,0.0137810112881729,1.32800741985765
1688,1.20002794527034,1.26545256329756,0.258133942850479,1.28231693815462,0.982849072412146,0.323015699683689,0.436450655878056,0.251371530968114,0.193379759011441,0.802121348646702,0.686187937487964,0.931189728425932,0.906381063252105,0.744549751706305,0.62633331873361,-0.64403184601178,3.20866572232103,0.617452906869263,1.93664774370109
1689,-0.825011801517018,-0.91898266938867,0.0510782816962901,0.217082024852563,0.95133607738471,0.406452158724307,0.161002122278558,0.74281726829242,0.631285435663653,0.333867663816782,0.127189456852153,0.114302942993934,0.0129093503151089,0.94452780593303,0.824386002112762,-1.64750242401508,2.0816664737202,-0.21923036870462,0.652055128214454
1690,2.4394829281723,3.8386398744454,0.856813311454147,2.47845256183683,0.98476515710468,0.546617699846742,0.586447150594788,0.648103149668896,0.0249157905991888,0.460257567880908,0.0734799661670113,0.744476735303644,0.283642658003373,0.685841022892622,0.262949642511783,0.548348320681728,4.40855680299193,1.79276317925818,3.11199400391719
1691,1.57330229889593,0.0119487312999908,0.999951892003034,1.38715176959471,0.969146253027006,0.563679972336511,0.994535910095437,0.70323315485206,0.594098371987115,0.781116927771829,0.465339299779385,0.97523751637293,0.332170994517393,0.111085920613725,0.216191246437607,-0.512339982090162,3.28664352127959,0.832933392465496,1.98501613945224
1692,0.405674129077377,0.409079248596354,0.0500602963566671,2.55228552034405,0.998962031155246,0.948684163557016,0.0167558945040219,0.244600024348823,0.581719547557645,0.568250113909249,0.30529568462004,0.044439442937728,0.0566866570851998,0.805506791461026,0.563492068807245,0.594355917356787,4.51021512333131,1.89454151400117,3.35301491822107
1693,0.420752660735471,0.604318085977606,0.910161801661474,0.887028716371035,0.953574998218169,0.05078694447421,0.612955512845074,0.768704320880584,0.563704830606235,0.636865462239017,0.086537382147857,0.709130154156242,0.383825448472635,0.404817083338159,0.696919238947332,-0.981943936694422,2.75600136943649,0.447253044034877,1.35500749975084
1694,2.14693039592672,3.11233547841786,0.380238208823742,1.98996947964688,0.975885367938876,0.57466820730269,0.468523952127201,0.149410722042318,0.713034033578471,0.768801591739291,0.283112550142454,0.22099371726939,0.995959365995252,0.5992965629627,0.113417137285229,0.0772693054470666,3.9026696538467,1.37982556765169,2.59885939620982
1695,0.927263372095481,0.759293360866813,0.0563899714732523,1.58904071727028,0.977857735129298,0.789719675702159,0.250250841433997,0.532927464704378,0.319617159213871,0.859225698525202,0.0627924852053402,0.596979177067289,0.754551806466188,0.512444117246661,0.957512163655483,-0.327525225587052,3.50560666012761,0.938673770635094,2.17223945400116
1696,1.67699285776053,2.67140654817271,0.999889528450125,2.07794141827856,0.966604705539689,0.770344028143096,0.952967147518182,0.433943124552141,0.387114200573065,0.232017517430359,0.489850493452628,0.348615785383736,0.689852855583187,0.661118826170336,0.465033973334706,0.183431008133831,3.9724518284233,1.50119537768681,2.58583480253075
1697,2.66101559239265,2.66579977800308,0.0517432351240381,1.96406042604414,1.01424651074543,0.742310114127002,0.185055866950541,0.656573431254365,0.265744384490768,0.795554836934549,0.11870924588351,0.595979261520202,0.384116642475012,0.787041731798789,0.144002947447821,-0.023826206462318,3.95194705855059,1.19348227551911,2.69529282217826
1698,-0.564662971083326,0.596057845718206,0.860436673141409,1.81077863456848,1.02689383536493,0.667897213710239,0.587952737540822,0.553941397515708,0.837224483957863,0.0622165358826751,0.905545996242203,0.432868016035645,0.405647337280796,0.355666485038004,0.428905880184495,-0.20189629869299,3.82345356782995,0.942494010864058,2.61014053078264
1699,2.09364725813078,1.3366280013832,0.942937358764348,0.430189406604684,1.02514801420483,0.0477660365512129,0.637518339899951,0.596024300205754,0.980392005745787,0.118610281513538,0.121169951469637,0.51363321516756,0.773598931554588,0.265551438697148,0.96029779317521,-1.57906378005953,2.4394425932689,-0.380230198986293,1.24137609156951
1700,-1.79122294617968,-2.14047579773382,0.999942438575092,-1.38937691167545,0.967755384974672,0.162206721407128,0.985565201694146,0.470907521143323,0.823642662658705,0.60370176981925,0.678447550951503,0.884214066282613,0.00769376274640672,0.0442491839729482,0.907033164347406,-3.2861426120705,0.507388788719602,-1.9491759492316,-0.836566882834628
1701,0.0796934933428073,0.0977058267903762,0.0566641408625199,0.731693928372058,0.952965910830887,0.0838390479423106,0.252365933148889,0.300653157372726,0.496047395223635,0.89705942289019,0.550652120221173,0.897259811336757,0.0647766690584831,0.939251035448164,0.81193558092392,-1.13608493535089,2.599472792095,0.259047398718319,1.16642468802147
1702,-0.652543185578108,-0.599698265558597,0.050325663236103,-0.374596110519552,0.974278130780012,0.242359111605678,0.101099471397349,0.633944175179349,0.104563141148188,0.915785468061222,0.934384755580919,0.446748695905204,0.543254093574942,0.0685233605669346,0.120850723006646,-2.28414615777338,1.53495393673427,-0.979911187879638,0.213028633863321
1703,3.05492442798596,3.08532160576495,0.0507914357283132,2.01698776279741,1.00919502743846,0.52852560114162,0.145523242375813,0.933351454279968,0.226655577433994,0.44929349060182,0.89751922077674,0.0671156395002035,0.436246673123562,0.670378059478127,0.000247375408536755,0.0390018556411087,3.99497366995371,1.29202378355558,2.78685826665598
1704,2.4621872292791,2.74347068908138,0.110136291082134,2.09481984146751,0.948307040381568,0.782998341407045,0.365277259465423,0.423916888733045,0.37685061991238,0.234106161010801,0.808107741729007,0.633641082151211,0.82180793658644,0.474852306525921,0.45102791438112,0.236172196033866,3.95346748690115,1.66847340833706,2.50124293657902
1705,-1.17247089960495,-1.05818755468427,0.115399003191817,-0.217427308692169,0.959336423511536,0.314161122030229,0.369768516217591,0.313921567041427,0.522783090892946,0.0187126320879906,0.0259902547060046,0.0403048235077877,0.017919195054681,0.306273171006585,0.575926475792425,-2.09769214783224,1.66283753044791,-0.793824579508947,0.22571225166001
1706,4.10089787872816,4.06947464560165,0.0501157823063075,3.5822036656092,0.957005454105996,0.937037556612049,0.0493808189077536,0.370392467238009,0.942086294127046,0.486479907600093,0.14005670598126,0.600334242372075,0.463675084733288,0.428736034367699,0.474836593150045,1.70650744255305,5.45789988866535,3.06561800196114,4.04003601031344
1707,1.16600625950478,2.25186788854171,0.999926842017778,2.46158335379584,0.984742133303759,0.530729273683857,0.973575950470753,0.43030881111417,0.945405587040586,0.539890554864542,0.3686144493256,0.550722294072039,0.695883149603265,0.282439935986302,0.923829090064741,0.531524238461327,4.39164246913034,1.86890939654539,3.22387215923859
1708,-0.953437239481451,-1.02597643743469,0.050122297944139,-0.832612944706053,0.97323456381214,0.0822814173431834,0.0521185855978401,0.0254933399115689,0.943104405622347,0.371662153515033,0.217724695583922,0.375624029246625,0.801241126383306,0.566937690156512,0.617526463552495,-2.7401176382874,1.07489174887529,-1.3996666589498,-0.237509876319742
1709,-0.365789348300656,-0.378193826886031,0.0589319220250153,0.0786049469849618,0.966375790992448,0.729305526350858,0.267130806035595,0.520546409508912,0.655813036370673,0.86149961309426,0.470132742692484,0.756328778936528,0.574550578111666,0.590672567307367,0.621349591825972,-1.81545679889164,1.97266669286157,-0.485352767249946,0.603809154644207
1710,3.22620680272471,3.36782574963358,0.157165943529888,3.68413429729926,0.961164284008398,0.54379923086951,0.396880420868751,0.852072793387924,0.266104324795306,0.352148792859516,0.0197523970417678,0.507233448913321,0.621087337724748,0.123679920775932,0.476136162332492,1.80028691741657,5.56798167718195,3.1610228429952,4.19635497370241
1711,2.25445658757051,2.22298690552693,0.0510657940416304,3.08595543584277,0.981591183771316,0.856511737823486,0.160419031700469,0.32330483734759,0.145619396655587,0.807372281413642,0.340092506527086,0.513169690194656,0.0884213739949046,0.0263993080010405,0.836684791336767,1.16207206810895,5.00983880357658,2.38905700073509,3.67632010217743
1712,2.37170854897157,2.85531785896098,0.986351978512079,2.75002813337462,0.941593012324287,0.639116393235279,0.711419844301185,0.538063791162102,0.627145873795846,0.602688415410346,0.544381916362792,0.453164914548863,0.360643655435997,0.442830016505439,0.787715517434059,0.90453974112444,4.5955165256248,2.4005083117504,3.11521473366529
1713,3.0060891742975,3.01789305190402,0.0505854588317142,2.97815234698709,0.991022276458097,0.50600296226365,0.130439753318788,0.0830679790680297,0.127329025621177,0.780564416109119,0.446003169040661,0.612368858225294,0.212888854784542,0.148195301387692,0.861233569728094,1.03578437725233,4.92052031672186,2.26300415142145,3.68020872701883
1714,-1.29769101020762,-1.28571995838871,0.0571492453488187,-0.839620946388807,0.947116047617204,0.196186338106752,0.255904940097476,0.302821946937474,0.298744272098294,0.604983805660042,0.539878348190803,0.259413193932269,0.637690641054651,0.0218150577993365,0.137364961485728,-2.69593428889845,1.01669239612084,-1.22433866059089,-0.426973529478547
1715,1.79012249155648,1.72156983554071,0.0803707896131522,2.02444977271897,0.960834797094207,0.319291939504095,0.329475536093931,0.46739447562967,0.185964356805198,0.90916834267613,0.686870992053417,0.332117320450023,0.291324641604209,0.829718315754901,0.453384275438613,0.141248175321476,3.90765137011647,1.4871855730719,2.51891730637718
1716,0.416457771792581,-0.326725221089271,0.99841431527962,1.14503585128968,0.966063941004433,0.778309154003509,0.819688756696531,0.641900031720987,0.363664830882801,0.0404030725001358,0.267073601843207,0.687467360799899,0.913304598577553,0.748817838246352,0.749528615282849,-0.748414679841838,3.03848638242119,0.634238286115897,1.74743371714059
1717,-0.545066083417665,-0.507656669847318,0.0501678907365749,-0.749088146299357,0.947630689226852,0.402263562130742,0.0679636434708955,0.217312580949627,0.627616772435606,0.109680153244524,0.685998756984249,0.297435840035672,0.132394707230036,0.102359131619334,0.527076125937048,-2.60641016782885,1.10823387523014,-1.17553924731051,-0.34923935020686
1718,2.43205211167667,2.47851199987334,0.0500652173976779,1.61569935042539,1.12215703364961,0.760012430975679,0.0206788828780409,0.661033208314329,0.947770322455559,0.773924954056973,0.802765066578868,0.0118918774385238,0.139370535904658,0.111584967969568,0.444668760108878,-0.583688020526152,3.81508672137693,0.366015179999205,2.75841118234053
1719,2.42498210783136,2.42348612544424,0.998725657753985,2.34239271423549,1.03570621388272,0.788663315067999,0.830634475559345,0.0469594180182321,0.0321720682955347,0.825866645836271,0.566489441387355,0.855283959852881,0.98902261425613,0.84239124025777,0.476706332222675,0.312445836461023,4.37233959200996,1.3706222560812,3.15209539046853
1720,0.855525709039252,0.459047967933394,0.9672277904264,1.10205784027041,1.00408860660107,0.842325808433699,0.666588748128386,0.722948246260406,0.603219943547505,0.148640685958322,0.361464599825093,0.239806469468866,0.931763749676524,0.463768416038947,0.132206105701742,-0.865919665954683,3.07003534649551,0.273827000772173,1.74443352587358
1721,0.100571756305191,-0.668043099257532,0.995584848079188,-0.640268381295365,0.946929891507712,0.325749260258162,0.76833806896524,0.474717703078408,0.418351671009674,0.0321603120841319,0.341328410984133,0.0302121093665482,0.548341705774772,0.11469933902123,0.381579622260644,-2.4962168645349,1.21568010194417,-1.04075059810176,-0.248860117745252
1722,4.66246406879674,4.24209592875536,0.979098136763461,5.04004743249655,1.00378644593199,0.591462362595368,0.689718803257681,0.517299969668384,0.0103454763120972,0.108914815032505,0.448352150721243,0.249105680317269,0.409182621503132,0.822858490160084,0.368440922477166,3.07266215030039,7.00743271469272,4.33709621217299,5.84989674973759
1723,1.01596186409274,0.99501289922953,0.999234205925566,1.31798539603088,0.966619187305298,0.838843328959774,0.856124876910588,0.140324095053948,0.736508996616933,0.959575191356009,0.0649322470186744,0.669080582550145,0.752155024061445,0.489202549327863,0.460632957159192,-0.576553397852881,3.21252418991464,0.814403634928475,1.92696992927477
1724,0.937703538186353,0.9036334617076,0.0530128771891898,-0.180916498823752,0.991590775586157,0.218906594262691,0.212480500189587,0.0804559378607664,0.23941388360085,0.707378836268675,0.973534073706251,0.895435041568475,0.222229936840013,0.0610651892460883,0.572047184009221,-2.12439870637476,1.76256570872725,-0.962977985388628,0.510517621513835
1725,-2.32591610361933,-1.3075195181374,0.962390297787906,-0.112335060042955,1.03328294388626,0.07600758580619,0.659440290098079,0.350843199986732,0.204431700100657,0.55103317607916,0.384879832780454,0.902022535481025,0.624191587350331,0.087069901593728,0.416928369451198,-2.13753241589954,1.91286229581363,-1.15043678962398,0.547738591682148
1726,1.41535947204477,1.40601901066327,0.0618228403914841,1.90473252802536,0.987845964070987,0.459897080836701,0.281304724313319,0.919473828843562,0.830200699482346,0.102894434102694,0.441612562833121,0.00845054682018235,0.024471074538189,0.0844120717326878,0.643192797242431,-0.0314099838270245,3.84087503987774,1.22684135345043,2.62939879565605
1727,0.418759985674546,0.401749133091169,0.0545277584794508,0.168865001108347,1.0139807391909,0.172250140404212,0.232927123549278,0.751424563203473,0.0355877039771294,0.539401026130887,0.683288770571467,0.0559164779566927,0.865197798297508,0.855061024177936,0.517753929568804,-1.81850072872311,2.15623073093981,-0.590663253133746,0.91917346736889
1728,-0.209871606881725,-0.167153563843199,0.0501509306450917,0.509495235172687,0.977895513289778,0.547490576994838,0.0626381025341107,0.191256816548295,0.727321840898017,0.899524122185074,0.787008335556253,0.168274810851784,0.434149683917873,0.783626132289995,0.971631321314373,-1.40714475151859,2.42613522186396,-0.0346423246782464,1.21313716086992
1729,3.19948848282797,1.51972819092016,0.959934717443068,1.30913306557927,0.952952750013822,0.283086767669651,0.656143133509788,0.948742881330894,0.602257388952421,0.585305844351882,0.844660922735115,0.539346400362207,0.372276426568744,0.13973938185873,0.344617716701468,-0.558620003416226,3.17688613457476,0.837352049030788,1.74873309065772
1730,1.51391211322353,1.94126997296651,0.981155119417694,0.983407372184058,0.982980910621992,0.5203509662305,0.695009229472605,0.737592454655096,0.173005723554641,0.829066503639799,0.846279954198515,0.916618997792713,0.293127677105134,0.143233971781214,0.887564498470048,-0.943199810125432,2.91001455449355,0.298963620258824,1.60219925350013
1731,2.1507454934929,1.58758851087391,0.985905283850326,1.38465311282019,0.954942829067877,0.337655166408164,0.709785714644822,0.335710209836601,0.766681275558192,0.325341223780182,0.0126058476651087,0.0809854930659058,0.315603042530129,0.763869955679285,0.939854443869437,-0.487000439447634,3.25630666508802,0.89934753512102,1.85350119094416
1732,2.92633811015082,2.90952372582024,0.0557987533132941,2.87323057801893,0.966577126351495,0.609205210429616,0.245365180999506,0.460593174485373,0.973046679064282,0.275492407280253,0.721178647257504,0.191264102315647,0.308377723839949,0.214641829516855,0.894652214035974,0.978774222089779,4.76768693394808,2.30941729069106,3.41556863761493
1733,2.07545540495031,1.99308051491356,0.0517606957776131,1.89042890406141,0.976468339339534,0.627849280699273,0.18555510790518,0.0784603444417007,0.537500814028201,0.969252663857769,0.0164509908069158,0.883956300483784,0.934010396566126,0.245138376433402,0.579478129000636,-0.0234138730877154,3.80427168121053,1.29006587190493,2.47461576947675
1734,0.89972623026619,0.922088445888109,0.0506388184385017,0.741711866513292,0.999796526921789,0.919875951013877,0.134803784163902,0.167226348097203,0.598254900938831,0.866546881182236,0.364233078248333,0.80101641076291,0.110632068076869,0.0779142893081298,0.366802244064165,-1.21785331812165,2.70127705114823,0.0359129602404205,1.44748196381565
1735,1.38851927954095,1.3375155199805,0.0559224311892609,1.79883124953312,1.00562671010259,0.0874148427693872,0.246426935266703,0.0589836669748183,0.163651382200187,0.868743218974792,0.874768795033218,0.881457382463152,0.492490193372942,0.88349353156588,0.743121596146026,-0.172160884159455,3.7698233832257,0.982718353023584,2.52164902924693
1736,1.30065720115442,1.2277840300233,0.0503579072355149,1.22108714351965,0.94637911710792,0.745248579228413,0.105821669300902,0.431603478262085,0.427467404247727,0.526925287016551,0.690467626302154,0.43821477068658,0.088536567860283,0.42614129090705,0.421308258067351,-0.633781841732691,3.07595612877198,0.806626514438757,1.60089166109715
1737,1.19075504331642,1.08934583027964,0.828950903689158,1.93919333249217,0.969542629248628,0.847919576906366,0.57579986954364,0.340843230112805,0.308754068565089,0.0150772015447728,0.0407036542409332,0.38735443960561,0.309234682595008,0.378473124390119,0.767709958578227,0.0389246976885915,3.83946196729575,1.41307946358278,2.56609752974177
1738,2.4235174889885,2.40697142529899,0.0501081246841131,1.95617700944716,0.955426363185003,0.0964446994963801,0.0459590801054146,0.168299516725121,0.0220645638487767,0.434092869627872,0.308666601164732,0.754976883588359,0.500064554568147,0.414634092307067,0.698905210489989,0.0835757477244699,3.82877827116985,1.48633126615675,2.42026891015161
1739,1.15888646831572,1.13768631492825,0.051992048798034,2.13516261475128,0.942206467253715,0.643832787014428,0.191740038315183,0.329594792173593,0.616587389202206,0.150487022302463,0.74234760848491,0.179868589371094,0.546097119282233,0.734844491968746,0.419145088154823,0.288471872933277,3.98185335656927,1.77650206940314,2.48996892363751
1740,1.32527041691831,1.28844092286123,0.0699599878451865,1.73068064504639,0.961409690689368,0.23802476824529,0.307925102644018,0.484822761869291,0.196664752206183,0.932283567275736,0.397831072247587,0.225527526111109,0.664150540124741,0.960542999652796,0.88833967196045,-0.15364772309256,3.61500901318535,1.21702929226058,2.27417687402695
1741,-0.944804298363024,-1.65024094313083,0.939503959321446,-1.31913423232216,1.01175179044099,0.424982865310158,0.634404301935341,0.196236401552567,0.974275143091916,0.556184218105394,0.535291340314317,0.120035718535888,0.53095297569118,0.341088120147353,0.96868432031828,-3.30213130288042,0.663862838236099,-2.05805330060051,-0.558255018999432
1742,3.59366392269406,3.65433844281105,0.0552139593638265,3.9980548810383,0.95358452900029,0.706670602851431,0.240019051599083,0.942808644701377,0.468186854738975,0.578730224632076,0.959091659433092,0.535384025615407,0.545642267587245,0.493383101046784,0.263251091544982,2.12906354798314,5.86704621409346,3.55117300593251,4.44767161899559
1743,1.62734281525839,0.924253440463564,0.994540671277168,1.45613319136061,0.981198884117873,0.858552366577322,0.757668645476224,0.619476268275641,0.16016729884292,0.19763420889189,0.61527346732677,0.447076413298957,0.723578967124107,0.189234549375949,0.0563055294111837,-0.466981283181306,3.37924766590253,0.789906948870957,2.06254779566578
1744,1.24149307908788,1.88941269890718,0.89938547301704,1.51654479467196,1.00115111428823,0.718110620447202,0.606660823222133,0.236513759915833,0.874250907778856,0.0519335061439779,0.575488107892103,0.355288470757543,0.0370983047524933,0.692384956541471,0.981736692532315,-0.445675332415107,3.47876492175903,0.828950375499413,2.35583129899069
1745,3.59724313851912,2.65078306912249,0.99990589394031,2.86109588503106,0.983999218061787,0.594421168435598,0.960984787942958,0.462181431116653,0.98669236386125,0.487691571446601,0.178473621535697,0.861080111002782,0.00853654621972237,0.0494891978503438,0.430013023839332,0.93249285681438,4.78969891324773,2.20409676241701,3.54189792171315
1746,3.42689197589734,3.06725264738044,0.919530085089332,2.08600048770038,1.00555640760727,0.697245293371263,0.619003477344522,0.677761739201495,0.181432552472223,0.88159015290183,0.101497244219296,0.684445044094347,0.277504596228246,0.767198953911313,0.640957036757725,0.115146144366659,4.0568548310341,1.35145768547071,2.85691512609084
1747,1.27432007041344,1.29830804325775,0.0525994316934429,0.613309581098289,0.955594037735681,0.265217231921386,0.205078542567091,0.144332136278972,0.824258748010849,0.889454954792862,0.243261908141896,0.83236108586716,0.549618885247386,0.588267222541501,0.668849511330365,-1.25962031670485,2.48623947890143,0.16496941491063,1.11717275831815
1748,1.49855547110901,1.75397180668092,0.999831130956145,1.27342923396827,0.96895789300621,0.0866653019424994,0.931745798238902,0.0862013494707644,0.802946574901463,0.891692263039411,0.346346651180182,0.964622099286993,0.027367443742929,0.0927801137944916,0.367236719752313,-0.625693338859713,3.17255180679626,0.686835418194522,1.81582759701865
1749,1.62704896302328,1.77788561186427,0.39610858689882,2.28267739957921,0.963513430857272,0.953508109797025,0.47216790793254,0.0695740156705724,0.668998261248227,0.533756888545235,0.20057217411208,0.946176361704129,0.0482388672834495,0.325412452651188,0.967072101392783,0.394225776478335,4.17112902268009,1.71389297640294,2.78390517413838
1750,-0.96057362405707,-0.921754404646306,0.0502692134672473,0.534783259887285,0.999764321862465,0.343584601390292,0.0915785391310928,0.692443074862822,0.881670764648356,0.988461589874467,0.770812319296412,0.439225241621141,0.755521488385159,0.993562568870606,0.742914830376394,-1.42471880399126,2.49428532376583,-0.160788041979873,1.31028311579332
1751,3.23549549312224,3.2476652267875,0.0588113904873994,3.19833534939712,0.96381234155199,0.690058462355635,0.266445085169165,0.676422358921962,0.0952783603047719,0.513274197468185,0.0757574792102678,0.215484196364996,0.651106796569307,0.512695041390951,0.44833597275184,1.3092978721,5.08737282669424,2.65760053193157,3.71637527574396
1752,2.25350774938312,1.53038830691468,0.999869830411351,2.74172478714461,0.964850045990298,0.981415052391007,0.944762105260044,0.0635602891714079,0.537352492971811,0.305072135040537,0.383469483762048,0.541135093673249,0.152308009452769,0.590284429701045,0.121829125835444,0.850653446521816,4.63279612776741,2.19764342504211,3.2810336253828
1753,3.12739366702743,1.91025970356161,0.995789519512719,2.05069718555725,0.979957126445174,0.807868387486087,0.770722163894447,0.275202059717849,0.00769678173924331,0.557087204563199,0.954652904706658,0.568354604554013,0.379189581390819,0.519855295037269,0.329149772945093,0.130016511331346,3.97137785978316,1.4647429438587,2.7077011573147
1754,1.83319390494445,1.53222634801568,0.754801523319646,1.44232862536591,0.970467865093841,0.197762505340273,0.552792412224342,0.0220918909116881,0.740487950870651,0.912988412837265,0.914998047344969,0.690571851296816,0.452676895828219,0.696676716921385,0.62488058406359,-0.459753438371494,3.34441068910331,0.897836318847572,2.0302420358973
1755,3.24066455154232,2.27313605326284,0.998846149604946,2.16230814926616,0.980024131348955,0.555222021091147,0.835607107384247,0.652241168875247,0.103566666889703,0.484278463206138,0.138776003587409,0.138016451454721,0.348994391594199,0.451698295453796,0.625139781162143,0.241496147842052,4.08312015069026,1.51318917583806,2.76715079030916
1756,2.58351051893098,2.46988204463777,0.998509259760722,1.77909662679383,0.981895247203959,0.710029746934189,0.822780937519157,0.905335452067084,0.867465288913809,0.744905703836353,0.451341876103892,0.879748220653739,0.389235803786782,0.721589368297253,0.328094024876016,-0.145382694316985,3.70357594790464,1.07921383262634,2.37125413703997
1757,1.93623926930472,1.75673730443221,0.999779290389647,1.77068008460017,0.988885643020513,0.961111490848241,0.91835685267474,0.861266534152557,0.55845885726111,0.685177697251551,0.78670833434735,0.681721180101391,0.745406591016101,0.917149939938565,0.0407157564722002,-0.167500160548764,3.70886032974911,1.04889128064258,2.37620768001393
1758,2.22457193087006,1.72435837233349,0.900390072990905,1.10863438221011,0.970207201283903,0.0972445570527343,0.607221666261437,0.892586066125892,0.846813567949808,0.256031404881389,0.0458041914321948,0.97437340648449,0.836942327894503,0.0358114107208094,0.590579895900097,-0.792936789847745,3.01020555426796,0.511324381802087,1.66449561031155
1759,1.45604540483622,1.4957922481758,0.0546598451256748,-0.014581669827749,0.968293629614274,0.0674395627839258,0.234371869888855,0.107540053197066,0.275723968041712,0.0205773633562494,0.450332520081196,0.565704936760711,0.137441993920016,0.996259040468955,0.526399034823175,-1.91240231033129,1.88323897067579,-0.531557108770645,0.598020794441634
1760,0.390016017017622,0.440881246177398,0.999864307709312,0.845825109047566,0.989237902588684,0.945091913340613,0.942684233279666,0.729162626991049,0.993000004157308,0.399134679355659,0.345412214578129,0.185237555081025,0.428207581272,0.901835477901972,0.500541455632076,-1.0930455521682,2.78469577026333,0.209297943990362,1.55495277493824
1761,0.619431403704602,1.59293758797045,0.955781132189069,0.90868425690064,0.968331266721085,0.0423897969762329,0.650982306467951,0.45837001574703,0.530319126112852,0.445123885935405,0.638663919931394,0.58094174769125,0.560058309965068,0.633609226409113,0.236666117243818,-0.989210150976735,2.80657866477801,0.441722085169343,1.6058610578626
1762,1.99704902100211,0.865790750708756,0.996881153153621,1.43993271463666,1.07994728595371,0.457653130177525,0.785785512703704,0.134595385590568,0.67946150203119,0.274015471441671,0.109636205249815,0.41060955726204,0.0042776964501245,0.614375834110891,0.764897869409062,-0.676725071034387,3.55659050030771,0.261706973708368,2.27888716307098
1763,1.95594768351917,2.33948439010003,0.857630557838893,2.3454052030747,0.970491914006082,0.552429388815654,0.586783966958872,0.0584290773224784,0.716773597285268,0.742226274638087,0.549319907795754,0.584097766827559,0.0925430284398608,0.125296930471435,0.412431452184217,0.443276004335435,4.24753440181396,1.7942526527874,2.94182315094564
1764,2.37072666453588,2.32504232335023,0.0590499097642826,1.02813920636641,0.973167670086088,0.979181866785395,0.267793234387762,0.684905202127993,0.686043484031921,0.58700920584565,0.178855574460467,0.716384436451364,0.502253195955302,0.450707377676619,0.130968206149992,-0.879234377921076,2.9355127906539,0.426051082749979,1.57203994054922
1765,4.07910045640949,2.55548049439775,0.99956769324892,1.97814944933421,1.04690439402325,0.530278559914906,0.884731334603042,0.357816855472163,0.806356877615559,0.722679991928744,0.755660106932046,0.167343453960842,0.314923310106038,0.638790315004415,0.336137998220162,-0.0737454582080903,4.0300443568765,1.2114337498515,2.85548639308671
1766,0.190944315586807,0.378375727468356,0.338919845743048,1.3372547285849,0.998867506824237,0.753217762268963,0.45861371023301,0.543807481218362,0.327435201373184,0.0670338159988169,0.225037090298836,0.956730033029919,0.111796631689765,0.962821112584905,0.825534741841489,-0.620489610117924,3.29499906728772,0.676187085106018,2.15339693835207
1767,0.963790547589254,1.05075492535763,0.0720583999340751,1.752663031238,0.965076899269401,0.520919968428789,0.313036233944935,0.0373096625905018,0.704155152747408,0.40304677997448,0.854536870379816,0.845420281896833,0.883549605242442,0.5467427327818,0.54324987964693,-0.138852933641612,3.64417899611762,1.18287293166138,2.25641430336246
1768,0.153929523958499,0.185628068905343,0.0514931302111573,2.08947257578158,0.988399880411742,0.94788938479498,0.177299284852576,0.978554412730853,0.87323190147616,0.00788245995494071,0.825412616646034,0.399819869798725,0.441543370553059,0.756869710218394,0.173490373191307,0.152244407850871,4.02670074371229,1.39181245436186,2.76097881634603
1769,0.208676327542294,-1.45755149793537,0.665589653864369,-0.61875142181466,0.965450664653259,0.233587149720639,0.530510588755133,0.409911565255141,0.595159398873104,0.794790308985626,0.202214193535852,0.110011438852409,0.504654413244221,0.540775003233342,0.203593304001726,-2.51099995338531,1.27349710975598,-1.23644626948288,-0.132216811586723
1770,-0.493966007919299,0.0856481473318993,0.377229097561101,0.0296810462897257,0.95711808913029,0.851577424113755,0.467824090571841,0.752460755525157,0.761418189436546,0.504587728825514,0.960736695750733,0.775855517728487,0.642252312727272,0.0507895660495851,0.21337171412725,-1.84623593735744,1.90559802993689,-0.472808810100228,0.522677015576546
1771,0.331179599071684,0.721150745248537,0.301987307793407,0.135038581135419,0.951236752207154,0.055192506378633,0.449057071703486,0.737309092951007,0.802409688360407,0.237471303694882,0.297865431044949,0.369480786638567,0.28400064540212,0.436277369260089,0.0144504407478962,-1.72935119396145,1.99942835623229,-0.26859045474658,0.639563650726363
1772,-2.46733419334005,-1.93206252609872,0.999816897245207,-1.10977254821325,0.986987280973684,0.20924804678699,0.927698850419838,0.886039544087835,0.144743991340161,0.7483022765395,0.882838405584684,0.418587803772534,0.775344298872631,0.21241926324158,0.869439075138769,-3.04423207212078,0.824686975694288,-1.75738261792893,-0.405070950129322
1773,2.96390286586178,2.92748055491888,0.0680403333835381,1.26671103218489,0.979888140254492,0.540516774999793,0.302766022855882,0.84363662955258,0.430101552434033,0.732426500420785,0.313898444898892,0.543932795117027,0.729324849792058,0.922791358723189,0.633319876165595,-0.653834431591851,3.18725649596162,0.709454323659326,2.03995335489686
1774,1.36666635407869,1.49347646794702,0.996107900630155,0.702813966456741,0.987025053667129,0.184764950948418,0.774670396329602,0.748622827888117,0.690523262633476,0.808206075895228,0.693271441273973,0.67562168446905,0.0384888946885476,0.839436830580351,0.523507004712243,-1.23171959056955,2.63734752348303,0.179350450716335,1.5296792115305
1775,1.32846238696266,1.34229060021474,0.050071264652009,1.74108766089345,0.978999466213556,0.742785598750925,0.0251129097449593,0.909447288799682,0.915831523948233,0.795166791951633,0.598324887858471,0.254614514226443,0.582897571614129,0.460332129791612,0.21459597587341,-0.17771603376906,3.65989135555595,1.14081581026186,2.39932347438473
1776,3.49131469591637,3.4690251715278,0.0501235189152168,3.26437270829203,1.01886578749524,0.798479440042865,0.0526153534388868,0.476135635350598,0.71904113279283,0.741599386492162,0.162872133936267,0.948231364432024,0.754106970831519,0.00337092876876704,0.2225021570588,1.26743245972132,5.26131295686275,2.46969398176295,4.04302554878428
1777,1.30461057048157,3.86006919417988,0.97816641459902,3.33554816746637,1.05780021385572,0.669391191200353,0.687488082189811,0.461161241396796,0.845761592050549,0.168503048286424,0.716354002525797,0.21663425001828,0.469855942872353,0.156618431958254,0.790820820982102,1.26229784547039,5.40879848946235,2.15991068604537,4.05472498499512
1778,0.660424010545534,0.703897603874344,0.0846607309308865,1.08913073606884,0.981567242829469,0.656048777084565,0.336315629512304,0.316802157275262,0.0382850243340945,0.993996601074585,0.805632411648054,0.536429519276135,0.201462886772235,0.448738879755605,0.69786777208664,-0.834705708281197,3.01296718041888,0.432829019228986,1.72327777239174
1779,0.53621949036739,1.16423220555068,0.982046846740483,1.28759290799106,1.03502083999893,0.564041433386621,0.697480865480262,0.835090499801561,0.0451779036843218,0.546981595434132,0.835676794309053,0.14049809820985,0.954455184779363,0.914820422270801,0.820312046991428,-0.741010661655242,3.31619647763735,0.300530620795434,2.06002170810734
1780,0.217919786676306,0.22328243532945,0.0575763146009165,2.1271298209535,1.01016185477627,0.954407303003361,0.258828596768435,0.914619468783145,0.164943102444522,0.890183381971205,0.342379030183423,0.980539241146762,0.20230962193897,0.736021568094846,0.330909017092898,0.147248967035828,4.10701067487117,1.33326116923849,2.9143574043024
1781,4.01495708977466,2.657673246535,0.999714952449586,3.12053016261363,1.03573728946871,0.597869106126134,0.90556305792951,0.227214062099694,0.815811446378008,0.188083592836978,0.51235536290193,0.623520363542368,0.503163829476107,0.922145063036936,0.7307717975548,1.09052237780983,5.15053794741744,1.96325680540469,3.78959341517754
1782,3.60545364124869,3.53422232520717,0.0502721843668022,2.4995996264959,0.983774155947665,0.717600159983383,0.0921274471570505,0.67325802562153,0.520976505100261,0.998499634067644,0.667190114385681,0.839916049992666,0.421729560889769,0.819022211556905,0.272399475688231,0.571437711917187,4.42776154107461,1.91938450962711,3.24318353669179
1783,0.878940264332209,0.882942814087655,0.0503432123778724,0.667735222711033,1.01705348485977,0.445446466941154,0.103724675545585,0.796273568969802,0.48932000793959,0.527455368170165,0.26122261080693,0.427030665864004,0.0345746487108991,0.577889577438706,0.468035066442215,-1.32565297796506,2.66112342338713,0.0442966948900489,1.65365755159887
1784,2.14147277548408,2.01812932514652,0.999794845987336,2.03119119592884,0.963422596523846,0.126144637451041,0.922012015515356,0.822577556483797,0.559427024294389,0.018205126738525,0.163961636369349,0.7486693425267,0.290630986208213,0.865653377117356,0.158402493983041,0.142917604850041,3.91946478700765,1.49344419332926,2.54549491413246
1785,2.76517682568707,2.80970148762404,0.0509994634673793,2.13555746286437,0.953141894551377,0.905663951405557,0.157202697970904,0.445612419500831,0.501671540842275,0.158410783705651,0.561069001851836,0.205729528122814,0.0760941320594866,0.942401833699783,0.770701189928921,0.267433677387399,4.00368124834135,1.6978385485224,2.62081558575801
1786,-0.475252793964563,-0.503565616277919,0.9994488510717,0.0120564853481953,0.981618386978977,0.780505950883613,0.872581593926298,0.705491370383068,0.446882205072092,0.756547998084454,0.77482761677145,0.773302659424604,0.296040020514862,0.93752600909234,0.677480165060377,-1.9118801996929,1.93599317038929,-0.556203235740162,0.819670548398937
1787,1.43985894988623,1.43610755100172,0.123906905815438,2.28010197816996,0.988996213681491,0.855660580435535,0.376366695725475,0.651556107997312,0.34690776644845,0.561906669827178,0.199562756734202,0.318331376887276,0.457288413743139,0.616319697084604,0.610323361330666,0.341705018507756,4.21849893783216,1.62001504565469,2.94075438866512
1788,2.23485165236955,2.30557222415248,0.0509118586153775,0.423539466124185,1.00641683854962,0.192133514797781,0.152611399980378,0.0245341216183733,0.214773470672313,0.751872161798528,0.255879666955909,0.441353597187786,0.726238309470704,0.132697039408842,0.784542355890502,-1.54900129086773,2.3960802231161,-0.183378951005259,1.38441889847143
1789,-1.62375346477509,-1.47131496833662,0.356109134757076,-1.3698801559889,0.962200957712687,0.287219244145905,0.462820622003288,0.0703186774555361,0.773301443899632,0.242554364567739,0.644858260178939,0.244962876494508,0.339287046332727,0.738754841857357,0.689282667578897,-3.25575937899571,0.515999067017913,-1.85859135900147,-0.827247814964879
1790,0.0958336079491864,0.00115993759280826,0.292407675572455,0.57625896313304,0.969408215807168,0.888006739347125,0.446437640185119,0.205673840240343,0.469433786320384,0.921429113733466,0.0963479989037151,0.447530174511019,0.890337211773847,0.826007667494006,0.0219007717178902,-1.32374622616624,2.47626415243232,0.024387229206547,1.13982479086565
1791,1.33133520993775,1.34332788626576,0.0701283890374832,0.709538842479784,0.954501445687323,0.119875097177923,0.308354234230821,0.0629984012073837,0.182984096199973,0.663561188429478,0.356887695022859,0.614537996778614,0.822795789554832,0.524641916131019,0.692335585912108,-1.16124961425878,2.58032729921835,0.262351367366915,1.18807311369046
1792,1.97310543958002,0.58177821792089,0.992293647322353,0.670373890691519,0.961623609494279,0.322220650208648,0.740313597086584,0.339500521551236,0.0907164049878484,0.484864892234211,0.412593484064797,0.177137745484128,0.770216876210296,0.918237679947983,0.45715105502645,-1.21437375060068,2.55512153198372,0.12562567069946,1.16203398662278
1793,0.791581530697777,0.812241305634304,0.99681706998717,0.964931513786877,1.04567943999157,0.971222348307143,0.784765187317855,0.315747662183945,0.176891031852923,0.171039097592584,0.355345957024256,0.995957057182561,0.101402666565962,0.416996757013956,0.996650550226565,-1.08456252797061,3.01442555554437,0.115367288916212,1.94325219125257
1794,1.59814007838328,1.55058767864958,0.0506072073995029,1.13046630219772,0.956065465683746,0.761793550186558,0.132264625936863,0.30432895487512,0.480987477318733,0.844636291532544,0.427005974981817,0.19214917742135,0.964202252370305,0.719569908093661,0.0970729828432668,-0.743387577404936,3.00432018180038,0.632584356818234,1.6038608566257
1795,3.16268500796033,2.22843159361643,0.994324901087627,1.08788420848541,0.956526137881524,0.0768201421586564,0.755719114455162,0.567362171147368,0.168934406534419,0.0742384464298375,0.903444739598781,0.237884479882545,0.792088192750816,0.296772095068824,0.342720771566383,-0.786872572033573,2.96264098900439,0.621399887765102,1.57531786689089
1796,2.21169489805143,2.31769903569717,0.999276363317804,1.10731742783647,0.975612292233893,0.861524356840411,0.85895829021174,0.248688545180717,0.358207127578557,0.576948223076761,0.551770252793445,0.364549312075949,0.858450683087227,0.867838055869448,0.937160536826588,-0.804847527816525,3.01948238348947,0.535606173769862,1.74891965427687
1797,3.53366670263682,3.51291935980888,0.0529406106306086,2.20651628704299,0.975601989505894,0.793096575479722,0.211262772644171,0.74326209437137,0.171809195481357,0.800275426169042,0.700652213305002,0.784244718744187,0.208890704036457,0.412434734783485,0.0730327501223655,0.294371524365811,4.11866104972016,1.58609162517606,2.80920650449709
1798,0.37614858755259,0.301231472498358,0.52869274710143,-0.27104774580673,0.955773765731573,0.884749984408845,0.500777436104952,0.77189648976305,0.698055746780476,0.388242100390955,0.312684961319668,0.692225145373028,0.999889114329591,0.0582948270979105,0.985303642417421,-2.14432990400884,1.60223441239538,-0.748179645842312,0.193634591816478
1799,0.796356204664516,0.788175661934319,0.0510250034122634,0.798400197511465,1.00047025992858,0.509626128340838,0.15846567452373,0.290402337325737,0.992178332985612,0.58047997481015,0.959799645320047,0.61565957646491,0.866874743638444,0.0400980530492961,0.604467830730602,-1.16248547955198,2.75928587457491,0.048903802064284,1.51690338172122
1800,-0.0907810499121962,-0.121533778038272,0.0671951709316425,0.382679287491087,0.99318851450624,0.102545250022085,0.300321629603393,0.575344174523139,0.0910595426288201,0.893338182629901,0.743338480654056,0.223012260910356,0.663401674333261,0.0815654941524845,0.942685795997037,-1.56393443079998,2.32929300578215,-0.348219004409945,1.08520158670242
1801,3.10704262196628,3.0988448730262,0.0569168781806062,3.60577783621599,0.966861905001138,0.763413045973051,0.254240505648544,0.809149538288359,0.216869013164542,0.379625080646132,0.0905544461761601,0.275145233602729,0.653266526306164,0.378891453594435,0.616860996806412,1.71076332438997,5.500792348042,3.06149419871681,4.1718771685501
1802,2.24286834689244,2.70550615353257,0.999895271075943,2.47197805537581,1.00273977917432,0.516963156458922,0.955636584014632,0.832978919688263,0.195747063875431,0.475153826750582,0.932786651561269,0.385049682379235,0.380007662280928,0.729703181342338,0.867003022420569,0.506644202328504,4.43731190842311,1.735063646668,3.25196318705455
1803,-1.51542835675645,-1.32156741575693,0.993582896056377,-1.26438849962145,0.962437558400643,0.443763038216392,0.749535865215119,0.373830959192477,0.303073798153666,0.727487076715566,0.610942889433703,0.795362986732041,0.19798429282126,0.764964354227064,0.68072724928183,-3.15073145145537,0.62195445221248,-1.73957962698084,-0.653585091940553
1804,1.50030863382517,1.85463276027447,0.999440853249883,1.66201623989054,0.96692027355864,0.267726254845387,0.871860827674973,0.253769876130624,0.664193501983304,0.299379482915741,0.517528084735852,0.567193275651778,0.88784212630766,0.898975336411968,0.25255532761733,-0.233112672206014,3.55714515198709,1.19335014627139,2.27756238993022
1805,1.28101027133785,1.70004164345842,0.986891633436769,1.23353344823754,1.00431210457207,0.0911484776325524,0.713465846378705,0.535619485560572,0.194163023134461,0.873694249495165,0.298154466923559,0.656088953163591,0.272583436416695,0.560834026562632,0.858665759437135,-0.734882105961347,3.20194900243643,0.555100041192445,2.01975065823214
1806,-0.486525081666983,-0.506261854992679,0.0620168472209979,-0.207276033499235,0.952774849669062,0.419158359255642,0.282128880611039,0.127009062730474,0.194985715543851,0.276768560442957,0.265449787165388,0.195999237446929,0.918935470699216,0.446617919349228,0.940502632702468,-2.07468042422616,1.66012835722769,-0.648888334927918,0.258915374264707
1807,-0.164618473964666,-0.211959419648924,0.0551151476250761,-0.246671816383378,0.971964478650869,0.128227968317689,0.239057159473188,0.962363346903818,0.985772937059519,0.283565266848891,0.668829697773326,0.210615468799835,0.115109805843327,0.141662411894766,0.433911122577381,-2.15168718879133,1.65834355602457,-0.820620627588258,0.366547254036596
1808,2.30746826504821,2.22481978414999,0.99784034108911,1.56283810579157,1.09853477409628,0.628303444471909,0.80421178869484,0.133905234514154,0.833875040096347,0.414250660327729,0.0889087583284127,0.924276620105957,0.491082019366091,0.520593649397721,0.229055338101578,-0.590250487201973,3.71592669878512,0.369058747031288,2.55444033465832
1809,-3.72637776156067,-1.87405849202968,0.996370262980715,-1.81167678118121,0.950512838934751,0.297907103535254,0.77817368459003,0.16788462573837,0.919559315730934,0.424661953105358,0.655446516627446,0.357241210423759,0.385414723702241,0.246595212853979,0.946611986673903,-3.67464771233624,0.0512941499738204,-2.23713422527011,-1.38394466592136
1810,2.36520350305509,2.32092628515239,0.0501845630808221,1.9047148966317,0.946172203644317,0.155287613510969,0.072698416937259,0.850282007431495,0.369211323734839,0.292562968553393,0.402941866731388,0.115367897397955,0.91815200596361,0.349398807804217,0.603300613877829,0.050251454315944,3.75917833894746,1.50667713241723,2.30485745661698
1811,-1.99601833214995,-1.94525987116491,0.882041414619545,-1.37248597561633,0.956337135064168,0.355959797182004,0.59767743126303,0.432393687334144,0.809081320955185,0.611906357245171,0.0519159824195085,0.809962295747595,0.934552882728865,0.920670911788824,0.297987317058141,-3.24687231742032,0.501900366187652,-1.88545051131843,-0.929378930805836
1812,1.21704009093053,1.39525678044691,0.999827001229789,1.64006605206926,0.97015802947543,0.372693683262449,0.930537532857852,0.734476807836792,0.254310382336145,0.322586778403725,0.248354671381647,0.537779322001268,0.661442351521458,0.907404193127179,0.0397233662618091,-0.261408745014934,3.54154084915344,1.06236221796433,2.21915153155406
1813,4.77717810749551,4.29394906180525,0.777095627678723,3.6907046412831,1.10023308631919,0.960046747627435,0.559115757522523,0.0560949875855586,0.03631691685447,0.103465366042918,0.153630448155687,0.13332943804143,0.359647971510538,0.761962506229524,0.846300589288119,1.53428741749814,5.84712186506806,2.44848008179126,4.55550291560462
1814,-0.0910093362284094,0.0133264327875588,0.061508640246643,0.911259985224185,0.980939988115499,0.729833102616249,0.27994122147595,0.897862630461343,0.768419079169515,0.98144040797581,0.236263679358992,0.470209280178184,0.387015868352959,0.415057408284512,0.0362712797160493,-1.01134706247734,2.83386703292571,0.287006813949229,1.60607590303273
1815,3.28296062339578,3.23153898058075,0.137870059866825,1.41080523598062,1.02574035611625,0.637092179592117,0.385822656445089,0.337412489591166,0.716341748779872,0.792539873857866,0.455858062058804,0.608177366585354,0.449082198294811,0.506367654843954,0.0750005712920101,-0.599608919496522,3.42121939145777,0.776102906017662,2.3003335905151
1816,2.1465134766653,3.3135745508602,0.92506600529067,1.07266852060621,0.948917485360197,0.605214632738149,0.622884583131294,0.329421702800435,0.671695459484588,0.401674378374009,0.775248587953974,0.133779706263333,0.912145985262818,0.288825330014341,0.027130943635595,-0.787175575000093,2.93251261621251,0.644903144229746,1.47702209124637
1817,2.40973149916178,1.31809947669236,0.99071580126072,1.04588486386817,0.954159964316623,0.452757181329536,0.730916359067662,0.97845058403397,0.686727323943167,0.270123040882289,0.371579635977279,0.365069606052479,0.550145042536664,0.321880756907165,0.822224566087942,-0.82423430168243,2.91600402941878,0.559592938211803,1.49856916003173
1818,3.05920218800662,1.89459872261482,0.976308346473922,1.91829200470654,0.958235794064363,0.164166150892619,0.683304217627621,0.0937728450098075,0.540635176168289,0.975512774969917,0.481871379543678,0.468931499235216,0.373156772947405,0.903699879023363,0.59582618740492,0.0401843596432487,3.79639964976983,1.43678338910339,2.43013474423646
1819,0.0484751734423419,1.12340408202476,0.999555210694442,0.853966685191987,0.959217449783049,0.0852994113191962,0.883307412764058,0.873743782356381,0.373914060375886,0.114110209558043,0.732212236647378,0.4993466982065,0.725041685771197,0.85028882381157,0.8521429573528,-1.02606496972515,2.73399834010912,0.336118968493999,1.3587744935225
1820,3.26888839629433,2.06314976912529,0.998977330423408,1.68758101778478,0.997540120120742,0.35715752442379,0.841648423510254,0.53196310705191,0.22107726868079,0.82071997418988,0.0156778672088403,0.575485972368973,0.102995923746144,0.681462949874578,0.493224241424235,-0.26756169078563,3.6427237263552,0.955515352202942,2.37515885296088
1821,4.1904256639687,4.18727416991285,0.0500911991207954,3.23623673144538,0.951194420170959,0.678067903121701,0.0374461998369079,0.636587369233836,0.59667139304115,0.405910972786602,0.459240916730952,0.0612746428551618,0.255762151805218,0.467396407496417,0.180607565201819,1.37192992561485,5.10054353727592,2.79000363640335,3.67346966257973
1822,0.458439910057828,0.537993942411887,0.999919126558114,-0.662011859235891,0.955141185349771,0.286015627888381,0.968562332154135,0.405465967612807,0.571665475122165,0.572672451527091,0.746513579983381,0.80620675186615,0.989742613371811,0.591315160873462,0.543505766425747,-2.53405418267234,1.21003046420056,-1.1582852171771,-0.217616810219027
1823,3.8480794642928,3.93011025400681,0.0820893008500725,3.58221494889137,1.03039882848004,0.795445053306175,0.332321127972566,0.010237355781137,0.68254091005167,0.647028171047801,0.468715735659702,0.0472608376970747,0.631040450008237,0.462168977534631,0.323083009530441,1.56267035535822,5.60175954242451,2.75846075482879,4.32253558692036
1824,1.28345623208159,1.47649648786409,0.997759733966898,1.35760433248121,1.01707671113084,0.730149550795439,0.802375320067862,0.96493106949341,0.0765211024172604,0.824689265493187,0.519313795894734,0.512802113280981,0.730741470592096,0.819558415367617,0.26623217651865,-0.635829390849682,3.35103805581211,0.568086979096795,2.22058347512252
1825,1.84409920539596,3.66091775786664,0.994195783322703,2.29436052967265,0.961082980335979,0.67991169534775,0.754587443774799,0.653612153286114,0.664765518714092,0.416753606818616,0.85162780658179,0.731094598918455,0.66156752218504,0.136740218767896,0.065866689066519,0.410672502059712,4.17804855728558,1.78875203449172,2.79692804388559
1826,0.0818729995622994,0.0491288240445695,0.0500775604938668,2.13806973637703,0.956721770824646,0.787305381688522,0.0293461290140403,0.312313204057631,0.611950133388978,0.19622632778855,0.910481686697691,0.733784448933904,0.547766413766658,0.120141437162645,0.565577630514745,0.262929522335339,4.01320995041872,1.62202073611659,2.57557855833589
1827,2.39863720147219,2.45445569850706,0.994683735824944,2.13163857464927,0.975216642093892,0.801735967344721,0.759003968322417,0.940694948390476,0.19804201540153,0.457278387023951,0.751082088690368,0.780738863541046,0.321566491572186,0.593237231735722,0.278065548558254,0.220249079021158,4.04302807027739,1.53850033442001,2.76622086347839
1828,-0.0751468342566421,-0.0638089464092777,0.0521437909003475,-0.608607204145909,0.983930494274147,0.764062083159923,0.19541864490218,0.668745893587358,0.548220762387384,0.725583636028343,0.952988810113049,0.622777566907811,0.277163962885737,0.575518006002996,0.92192531040241,-2.53707553621393,1.31986112792211,-1.13335235324781,0.247405157793374
1829,3.56032924399231,3.82568385205649,0.998012931679453,3.51913311664924,0.975152920088802,0.689576819680049,0.808385389821371,0.391690506723942,0.72849717808445,0.0969002114807954,0.0595359442555346,0.701297363030608,0.621805738982512,0.410526023184531,0.362078959846403,1.60786851385612,5.43039771944235,2.94469993424616,4.11571131344808
1830,3.30401507332851,3.42378448599598,0.0527268087478717,3.02209307798215,0.999821726435244,0.553531691020704,0.207477221814799,0.817082293915795,0.324687929306296,0.797276110986364,0.975181491180789,0.995283462207299,0.960841816549189,0.130182390349568,0.374584000596195,1.06247850320841,4.98170765275588,2.21323566285417,3.7142640297148
1831,1.2909532461744,1.38116537184469,0.0506828947256265,0.837747570412662,1.02411065493545,0.288628034566645,0.138142127195373,0.61384867163538,0.550527200097567,0.890992420319817,0.886165391986608,0.817804595388123,0.797042401160696,0.810405194913386,0.0115675177939702,-1.16947242944454,2.84496757026987,0.102198527446577,1.69934909176782
1832,3.04579822832353,2.70884738541197,0.994183823223989,2.62542263792705,0.989418245079857,0.928165839966619,0.754483887031791,0.801742836396559,0.266907831686665,0.224551854043617,0.0853681503593689,0.34968394943967,0.00236644914885983,0.900296764313476,0.165739806692,0.686198511923709,4.5646467639304,1.96783740806281,3.35277842201708
1833,1.49542195738289,2.3580893267155,0.990983912095274,2.08116807487666,1.00572636675357,0.193256670341943,0.732395775814308,0.0455426065648207,0.175707286984893,0.797620168856578,0.242698305597994,0.936438363148947,0.147403618140612,0.497142604773864,0.325409467656631,0.109980617737341,4.05235553201597,1.37233459097795,2.88266705002071
1834,0.562444725787007,0.530813686708686,0.0501290355847414,0.388569452938146,0.978368713606897,0.808290189687978,0.0548003394805128,0.973935010329587,0.0311075680059148,0.643381524090539,0.14957604543725,0.814927900666604,0.905587079355377,0.882778766809264,0.500039278720506,-1.52899798933215,2.30613689520845,-0.26162816680844,1.00294130799532
1835,1.42585853891204,0.623068632840883,0.999887765597669,0.445435003750413,0.955991324070565,0.36118291320675,0.952175477644429,0.611904531794018,0.245310679715476,0.59674927114544,0.141771192066721,0.0436074712667614,0.11406998570147,0.29320008158742,0.821928380350466,-1.42827356096065,2.31914356846148,-0.0428510607188777,0.912033340829912
1836,2.59316975084569,3.02343318541067,0.998144115237998,2.79161541717847,1.02175981013525,0.532889022868127,0.811807248399826,0.947352335461532,0.815041662105476,0.365851249587722,0.311339817134663,0.619907244889415,0.203849773476832,0.978849043260212,0.850939047263237,0.789002988462887,4.79422784589405,2.13511810083233,3.77866355100644
1837,-1.75849498075015,-1.776990697469,0.0542362953039069,-1.75223909995106,0.949215170776095,0.154038784642238,0.229584819199634,0.280825689985882,0.94056043542258,0.329479377162061,0.354273756677634,0.605942252118955,0.748467438580818,0.936409903136781,0.342472275928827,-3.61266664825124,0.108188448349121,-2.15259172957955,-1.29848362494767
1838,2.50848838254029,2.46775189433234,0.0662881719538742,1.37730686424756,0.957579334393148,0.636901382715325,0.29756356710312,0.704439350947039,0.516160100070643,0.250722962231142,0.979677180057042,0.395830483969068,0.109602913180715,0.209219883544021,0.548067097179592,-0.499514143502847,3.25412787199796,0.875107583098737,1.86694644034405
1839,-1.98034608717758,-1.27474827517124,0.859344137918863,-1.25813155253499,0.954231069033048,0.188763289799448,0.587495400041807,0.490299534430727,0.434124205049127,0.756438099324005,0.851408322766423,0.433697419297416,0.431914199809777,0.121698010588996,0.356313727237517,-3.12839008076892,0.612126975698934,-1.73884286161802,-0.830235115619682
1840,-2.46908281886057,-2.06844024555589,0.961645420581556,-2.50356586109969,0.99263076705513,0.216882922553224,0.658418859469821,0.932452289585257,0.0566668930304004,0.0815287296124734,0.553477462189388,0.703384346552775,0.376086505971034,0.718776611920795,0.964459112645243,-4.44908641447411,-0.558045307725271,-3.21969558238498,-1.77465783394986
1841,-1.19839580410516,-1.15887104314328,0.0500469936691831,-0.702749092325723,0.959320091803291,0.120250730266096,0.00429225495364517,0.184846312763868,0.352064822623855,0.720466579594184,0.911856908457703,0.13885969448532,0.57528614411992,0.0198423199782846,0.512193120451411,-2.58298192190583,1.17748373725438,-1.18290717892607,-0.194672194145716
1842,1.1358738355697,0.965092767365851,0.865781140190823,0.331734632142387,0.962774654614302,0.00683303811983205,0.590233717934229,0.595844493440352,0.256949159356998,0.671127221492585,0.938271273214719,0.247426148300641,0.635944594680681,0.179570506385178,0.0484954797719838,-1.55526901612963,2.21873828041441,-0.192674063035139,0.866556538160022
1843,0.672613952726858,0.612676752808939,0.0530693504700835,1.8093286958759,1.01352662409668,0.214835656391806,0.213412005360005,0.688395765562076,0.356450531796436,0.958445997621166,0.619496772412676,0.739856557741063,0.844988538561156,0.397454134925851,0.225274990387261,-0.177146984726058,3.79580437647786,1.02521612567866,2.58709945959174
1844,-0.937309546630609,-0.234000315742667,0.999705596452297,0.381084494023092,0.988800199500199,0.727227928411681,0.903947793983622,0.59042081352754,0.869817885819706,0.785741444906569,0.0917366551375017,0.601485377185512,0.333518322032061,0.901078450284083,0.224043490304262,-1.55692828490332,2.3190972729495,-0.382814048908583,0.987175605751326
1845,3.14502729893878,3.03205697721647,0.282133995924928,2.19999860258102,0.95822284867888,0.588712303210399,0.443551592289936,0.163053770926548,0.482446405334864,0.148447225849377,0.764450953227584,0.440622477889061,0.262352014687727,0.741108537047054,0.895107506503351,0.321916330007043,4.078080875155,1.70864926277855,2.69148607578963
1846,0.982338238449113,0.388048915786558,0.651967527745985,1.57397733758524,0.965861540409746,0.565986019863514,0.527395385836833,0.991665449067485,0.412266030051396,0.776040143811144,0.707678350199829,0.56931692735909,0.47723876220372,0.528702078819624,0.652305912532029,-0.319076495670235,3.46703117084073,1.00023389740192,2.10531109970944
1847,1.0696712848923,1.3866254976907,0.999950477353228,1.59697465920983,0.985012598154531,0.327379652652075,0.993086752880597,0.635360821816372,0.783599516365444,0.959442719809129,0.0182883752770722,0.882050988556934,0.0338813783398364,0.0731339142969809,0.699138688860694,-0.333614557491278,3.52756387591093,0.914443985261327,2.25218022961342
1848,1.51200132916382,1.654919885032,0.21205615888216,1.05280017522793,0.976411591539141,0.157012378179003,0.420925805761246,0.802520981610869,0.890226058140979,0.57439873124822,0.692525609569508,0.699262701077387,0.210616626070347,0.400122852985398,0.860177865502541,-0.860931378276214,2.96653172873208,0.43367985152921,1.64500975601888
1849,0.355739807006232,-0.116231787534089,0.874361572721076,-0.249608594838568,0.98718417295823,0.867629427112872,0.594060053929803,0.381121257363819,0.906137059536413,0.785317915254738,0.751941015729215,0.188864231137093,0.205768771245726,0.738038677351316,0.688676596312434,-2.18445401994466,1.68523683026752,-0.842934367081675,0.456665488967894
1850,1.24344088106267,1.21518726426698,0.0583470307869897,1.39782039833379,0.96525738989207,0.350315416292404,0.263713453620672,0.909875607324648,0.535004653201439,0.697899188166368,0.639862650823081,0.960903983619181,0.05950676643115,0.475186365641421,0.984621711057611,-0.494049321665801,3.28969011833339,0.840496278117067,1.93391587141076
1851,2.0287121554684,2.06729123524537,0.0512636234373525,1.79784278945091,1.02828042371572,0.502953261046554,0.16894261843001,0.936259075122536,0.242386737532797,0.540943918638863,0.621700467515737,0.699561155791744,0.301664116065251,0.155657723840908,0.345630047894898,-0.217549807039486,3.81323538594131,0.978058296816239,2.65904441067293
1852,-0.904041082410086,-0.390328857328552,0.999697276168751,-0.56521574209432,0.950666697575315,0.299754966337932,0.902553880713298,0.600432810479891,0.667184481704491,0.0294728744121967,0.800174237883068,0.0418603185950778,0.174239729901659,0.350120026248507,0.85561168589408,-2.42848823064357,1.29805674645493,-0.968999021280571,-0.0843542759867162
1853,3.7680204921812,3.82694089342749,0.0510068067981407,3.17165502337673,0.965682897557565,0.749132537433761,0.157569105524919,0.977534720552503,0.379315307192155,0.349948175452068,0.964847325763549,0.471617615787894,0.214421661992441,0.98070353327482,0.254092345972778,1.27895132367762,5.06435872307584,2.62962510989167,3.71585147043219
1854,-2.88690256875928,-1.91559695100807,0.794846269460229,-1.29433785554784,0.959772877552905,0.303493764641462,0.564470912209828,0.0527295156937325,0.639786811216618,0.717721623117104,0.712988380682538,0.942465397597756,0.466117826181813,0.305167964147753,0.40792082468851,-3.1754581288899,0.586782417794226,-1.79052424364028,-0.747017273427002
1855,3.66599772468303,3.40941429234755,0.851116432127308,2.77299615860656,1.06592512601432,0.973834264089353,0.584142085908214,0.0284965990711935,0.688919608942349,0.663198140255641,0.0993090690054232,0.659283563058008,0.87614825330989,0.838216394973686,0.414835839155479,0.683821301402173,4.86217101581096,1.82830007928115,3.72777848962414
1856,-0.735654587519103,-1.56974162946501,0.806784541592215,-2.11992220127735,1.00236386321205,0.469793697127723,0.568263633023715,0.93260986970691,0.2558209577417,0.936641482894076,0.480652335070074,0.187008088893723,0.885033706007176,0.0883299990372034,0.502027304603253,-4.0845192725774,-0.155325129977304,-2.89936798282535,-1.37381532323341
1857,5.11916112366549,3.85866991196276,0.999952526475639,3.0964126208877,0.972091908656053,0.927230425064568,0.995199755821144,0.822392241484369,0.189507095466601,0.291420595682575,0.450546248310246,0.184482531769201,0.252624075418571,0.399977254703408,0.584909418412717,1.19114749025904,5.00167775151637,2.48407434278993,3.66735704401654
1858,1.57231825873696,1.29762993243848,0.0909023674787666,0.817353008852243,0.952017057771687,0.521041079888702,0.344936772550805,0.366724864500342,0.702659157203394,0.840294685530011,0.252403418758768,0.0810308087213198,0.16434040186787,0.150867738516419,0.66092629415798,-1.04856613704805,2.68327215475254,0.398219556963378,1.28950119830108
1859,1.55489399135312,1.47663301777123,0.992767868997379,0.823263836473497,0.953600690598587,0.429351675970713,0.743514317642665,0.789023064557579,0.517282317179954,0.0927445449023507,0.741448431348428,0.326293964923709,0.623792830251623,0.973216885502101,0.360600591322989,-1.04575917273226,2.69228684567925,0.369734548999804,1.29577964677236
1860,-0.682351474706766,-1.66486360807311,0.976853794795622,-0.910834336753681,0.988675409958087,0.479919725046726,0.684498249471071,0.825176344607491,0.0621335724372184,0.885750287315459,0.709025547279045,0.610691639834666,0.486872017557616,0.147881026717601,0.812861301218974,-2.8486025326719,1.02693385916454,-1.59293201623272,-0.22856029646253
1861,0.770561922049648,0.727772021454891,0.0502764245866352,2.4567796407256,0.98252082841924,0.600900010147016,0.0929005896522431,0.453400766781066,0.847219493707991,0.00580614249955397,0.135623360045254,0.222769778804039,0.443969327594503,0.724081289725844,0.90692092705809,0.531074202963431,4.38248507848777,1.81367850822067,3.1099439685556
1862,2.56061150223284,2.58084821264218,0.0570276754513018,2.08762340299891,0.972448473688843,0.967295873863041,0.25504095279891,0.0718349408602808,0.483107208776171,0.0429423751967261,0.423055243865703,0.503577931370703,0.613852855658624,0.622587828236981,0.25508322078269,0.181659417747829,3.99358738824998,1.47808579538738,2.67353266932035
1863,3.16749096133979,3.4365055962624,0.748167237047472,2.98974281972265,0.971904735770321,0.926911751400796,0.550984672027989,0.837395045451354,0.428153461308102,0.814732803339954,0.990146619401523,0.0276398095787736,0.675989030482597,0.792406007256475,0.368758020219859,1.08484454120891,4.8946410982364,2.44828753908051,3.60379072326523
1864,-0.53755082932938,-1.07395867022215,0.781780245438776,-2.01147301119044,0.947245012050319,0.471320779423811,0.560498882712214,0.556822297649924,0.798998841702589,0.544113194682519,0.347622925717384,0.693590256890748,0.724913770323386,0.236911322022206,0.65925000977749,-3.86803911934428,-0.154906903036611,-2.41085058748788,-1.59806306822448
1865,0.486210894401311,0.176261647943435,0.932406299881923,2.12667234239358,0.970370699872914,0.914336108218995,0.628456891110633,0.230857212081086,0.729227209610748,0.574796369317919,0.535593491922133,0.113677121579065,0.616549375628121,0.31280449906236,0.676562342792167,0.224780718989746,4.02856396579742,1.64216936490807,2.79580991178241
1866,-0.377957965614759,-0.632949150554976,0.989926326680841,-1.6583939122443,0.963580185680297,0.472730039101793,0.72679380388197,0.558270649892394,0.582283370636986,0.267051660297671,0.478254968978814,0.398871900584316,0.767846221849555,0.990848789914977,0.641403703930555,-3.5469763723941,0.2301885479055,-2.19066783006982,-1.15452735934981
1867,2.19086064294174,2.78793260101667,0.71880284079422,2.45051196830263,0.985362464686932,0.524303902724991,0.543321662593633,0.0871651480812579,0.799509793510195,0.580954270115704,0.283825146729359,0.777084684183938,0.0108129395605065,0.135553247672389,0.489875733814435,0.51923702579862,4.38178691080663,1.74956933642539,3.08221811973855
1868,1.38451128896088,0.781073179391961,0.442488845404362,0.988385844291641,0.958099117492537,0.103390302434564,0.482451280304464,0.986127773527172,0.485528683559154,0.274568570741336,0.915450466966955,0.333440312321647,0.476423746357556,0.94707796020282,0.866033155289246,-0.88945391961334,2.86622560819662,0.507306407219297,1.50991245787806
1869,-0.138546894533831,-0.117309696864663,0.0504020373883297,1.90149069121608,0.970161848713541,0.617779941760353,0.11163755566685,0.00881134692614432,0.955006298283697,0.642378700929461,0.435898660351755,0.959424726311001,0.462287145000766,0.754163010229589,0.432366569920559,8.40856274098023e-06,3.80297297386941,1.35911518486077,2.49085668067782
1870,-0.331241838910565,-1.61487594858367,0.985668475789765,-1.64889005219192,0.975323179140323,0.422402790722088,0.708939981001778,0.994020615650574,0.0816375592332333,0.282598354953341,0.22152841121587,0.787978855682188,0.0460582862538286,0.238524376174319,0.422367006596061,-3.56048835659406,0.262708252210222,-2.24981616895329,-0.998655984426396
1871,-1.51085732272407,-1.17316286064743,0.994923315516991,-0.593257570801588,0.956905651451662,0.0305122962532332,0.761322269445518,0.38509808329388,0.206056549329078,0.501982322882046,0.0290330168355722,0.087621306676534,0.731339074502816,0.0125790205316152,0.529644786172896,-2.46875818424968,1.28224304264651,-1.07358069512826,-0.0818764481902177
1872,-0.317962885972486,-1.66230085137457,0.999946435291795,-1.86870653445994,1.01999923227995,0.32658241582464,0.989163522794261,0.0643013231031364,0.0298355578018818,0.95060028850555,0.349818290103343,0.606387424817658,0.998320227058954,0.586614792433218,0.321969790048199,-3.86786829398714,0.130455225067255,-2.74149391592908,-1.05177476256448
1873,3.21505430652543,1.85229038839734,0.999502609280272,2.07608104220256,1.05880137508034,0.700131861084839,0.877715884182835,0.38665030478558,0.0409765173692722,0.916587967294501,0.861969378971844,0.725734259339864,0.917207932921476,0.952797295478638,0.377429510985152,0.000868480263611637,4.15129360414151,1.04106274416852,2.93311957117984
1874,-0.341667743950456,-0.161793278002843,0.849430558357014,1.3503546371594,0.998185976703475,0.920101352000027,0.583473764406168,0.085731988052954,0.918098167007905,0.0692785654494073,0.981717728301533,0.966744527249946,0.355154803744168,0.656573846625281,0.499907816242543,-0.606053927052351,3.30676320137114,0.622592307249392,2.1045968330612
1875,-0.00256789230532561,1.86552636163618,0.646523193135002,1.39215767051416,0.979300279280036,0.241616248088889,0.526165012481739,0.146506682926905,0.267287910218351,0.846582304183161,0.656455252025393,0.325627284791786,0.3363929013093,0.828564575141179,0.39652402393287,-0.527235606924726,3.31155094795305,0.826944811637342,2.08252623319384
1876,1.06086384851657,1.05088369411585,0.0904324085206762,2.20600649939372,0.963837830571631,0.722707266354817,0.344333117105416,0.187670520135318,0.458575352302752,0.578035360240727,0.0936991316715721,0.857315324897296,0.192919215266127,0.820910456416546,0.660322004562477,0.31691906453611,4.09509393425134,1.72824751511203,2.79369429426658
1877,3.47588791601153,3.64916267427578,0.113681773492772,3.1212262011509,0.994973197365765,0.98587561143667,0.368341116648749,0.691974675544072,0.894709374581464,0.896605580244097,0.520465069262893,0.20091174274392,0.551115814338671,0.17179214532976,0.704815043789335,1.17111456873134,5.07133783357047,2.34973017567223,3.7964419136992
1878,1.53903049580887,1.50726349769338,0.0507311821682977,1.34258705975191,0.96961622798193,0.346592470496544,0.141560766557464,0.61009481696866,0.142701433667797,0.786520592340734,0.389988669278682,0.835389260907774,0.960050742686726,0.675311835069442,0.458887611799059,-0.557825825918249,3.24299994542207,0.753701552804783,1.8755156039638
1879,1.92275779124629,1.20494834867635,0.840802093770478,0.821021768703567,0.953177985487512,0.0704631111591589,0.580144980872748,0.124424477151828,0.3420715246615,0.835966643357417,0.368026155385189,0.498631105914013,0.178265144019155,0.706428800431546,0.446367747302866,-1.0471727537084,2.68921629111553,0.351790825530274,1.26433762021918
1880,0.155031911753098,-0.34056807138722,0.999911065903072,0.291311418507776,0.958875863603349,0.0946317310151644,0.963811401643907,0.252235840292531,0.167394240367459,0.619102916824399,0.882128572403802,0.0849064358295873,0.655838205879671,0.487633059622487,0.859898192249821,-1.58805073979953,2.17067357681508,-0.223055887303226,0.772873069560961
1881,0.310092612056557,-0.05978620118293,0.999604684704142,-0.581125178831722,1.14605294330371,0.468112687981804,0.889205869587604,0.31842088593205,0.230139708915376,0.0974130759029649,0.206036140101613,0.596494045617874,0.589886558187543,0.18997884416976,0.884866291052429,-2.82734767208312,1.66509731441968,-1.54704460685574,0.844301226876308
1882,1.07623405272783,0.61643055715894,0.974513694457429,1.05576313422658,1.00893580374009,0.692735036235768,0.67955632965907,0.652857460508822,0.934102341921418,0.429084430336603,0.406032701060176,0.453677904778975,0.141975820527645,0.1931427137641,0.484810238324339,-0.921714703816975,3.03324097227013,0.360501982000997,1.97208069128821
1883,1.96009041806594,2.00021177429126,0.0667911159924719,0.992131796862657,1.01071656381898,0.759634846736095,0.299111043826328,0.681876927476493,0.882436365733854,0.811801194330328,0.710215272145462,0.668512421304709,0.686906212616945,0.174717847561813,0.587298459482845,-0.988836266800627,2.97309986052594,0.191915175183698,1.71746611380772
1884,3.3561800935691,3.30858099698042,0.45027822407476,2.90583018023477,1.02117954630366,0.562434114757343,0.484137378861196,0.27350319102034,0.862846908812877,0.242184288569377,0.237578311009915,0.403963005844853,0.331094499849365,0.1076538903818,0.379897828665213,0.90435504773065,4.90730531273889,2.03741784505525,3.69232672413907
1885,3.39067061897418,3.4026797686057,0.050132104697441,1.85180519876407,1.10060568028223,0.750631357667386,0.055975828715018,0.000293871871894225,0.966115177163738,0.863199859794229,0.157198154663318,0.626702474341961,0.405235934329336,0.72141034789558,0.732920686854632,-0.305342295769299,4.00895269329745,0.664161585022352,2.84464481668277
1886,0.159605805662892,0.129608511175545,0.0616995551980885,0.196353831575256,0.948776130366984,0.310166056172922,0.280774031123845,0.660880695737666,0.415034496237291,0.138524085850688,0.341939138662536,0.25628742650908,0.159377120294259,0.802456956036272,0.347826827916899,-1.66321321333531,2.05592087648582,-0.220686302505172,0.633565945164934
1887,-3.00103410656998,-1.62181262248748,0.99261701283303,-1.16609783159541,0.954344922550849,0.448793591761845,0.742474087063689,0.623748202489107,0.68335632556607,0.285779345470481,0.865322853232617,0.589179605569574,0.139625636443729,0.01878023020213,0.718011916228454,-3.03657950862374,0.704383845432922,-1.62631390414634,-0.705906007892664
1888,1.04043271033641,0.947953445741927,0.0810497420834752,0.788862239170317,1.07483506968352,0.53379314746859,0.330617925363942,0.503833352899062,0.99486562513432,0.0273180773940403,0.0438559224775527,0.5937743882793,0.248947037472273,0.944217705955845,0.811186486100429,-1.31777578672998,2.89550026507061,-0.292039051626818,1.94596986745241
1889,-1.27609052419084,-1.28936401485193,0.0565954309143684,-1.09699364549286,0.96431657021039,0.271496307282941,0.251844095477019,0.276585257781087,0.395606010725722,0.122181338184164,0.0189584179747617,0.297556458248058,0.426358694402385,0.780651842007996,0.729092218592064,-2.98701939280042,0.79303210181469,-1.58038094647224,-0.496701356801454
1890,3.48825594776965,3.5338058364037,0.111150644996631,2.31309500135577,0.968999136609555,0.608016305154772,0.366170632157009,0.740071609754465,0.984923498754972,0.731635764335981,0.635643158869003,0.488193272113567,0.128876915350673,0.635588692998863,0.290926063209656,0.413891592550639,4.21229841016091,1.75139840656584,2.87672129398629
1891,4.10311613193165,4.17334149458027,0.0501618466063671,3.08700052229064,0.98375439384617,0.646800429589814,0.0661301064086147,0.242138654184528,0.92044676595123,0.165830982541316,0.6375614631176,0.0286531229069224,0.0846983218839159,0.260282188607031,0.223989592358354,1.15887734071912,5.01512370386217,2.35962012222633,3.69401377428604
1892,0.743523046303563,0.835899748449925,0.118152723730499,2.28828614414001,0.967118387046765,0.82025253730698,0.371986611959292,0.661988517866121,0.381427337453933,0.813491286600474,0.303883648928371,0.950746457181172,0.519171166526387,0.94933314976492,0.277799065973493,0.392768936741879,4.18380335153813,1.74695469802491,2.86959894785419
1893,0.598380726627212,0.479534534069631,0.322428824206589,0.810207286132467,0.953384785982649,0.756115283795982,0.45444313903281,0.0932560581970029,0.0989075282751583,0.371066200372763,0.20382045033027,0.0651018537690397,0.82564496738452,0.500596689098515,0.490763950403663,-1.05839255780195,2.67880713006688,0.36441145906693,1.28399459754505
1894,0.290500551583555,0.284066256960293,0.0507990783054135,0.649573117564695,1.00298700654035,0.936064584318316,0.146004158533528,0.867173335279105,0.068603704421781,0.866014402922825,0.967626391719677,0.160219873326598,0.986262571512489,0.0623165779627161,0.978533247051179,-1.31624529221602,2.61539152734541,-0.0721118534427052,1.47405807687849
1895,0.783622693526469,0.0900240887380431,0.999397236613988,1.02585589639834,0.946921781067212,0.640548993478762,0.868102892469149,0.812887143654749,0.80821692953445,0.260048457415076,0.671114102050429,0.475076362908701,0.615792958299513,0.821575308803935,0.0711125560095534,-0.83007669066992,2.88178848346659,0.618770014414675,1.42471603657326
1896,4.64035806354069,3.86948134066328,0.918130953801746,2.95866102607603,0.970795790340976,0.715876521069324,0.618061079929699,0.625063519131159,0.423831399908406,0.309274138245964,0.870788347224821,0.280754667051835,0.994746940603131,0.261206298255711,0.0170362166289706,1.05593624066462,4.86138581148744,2.40706076281348,3.55125056419544
1897,-0.565630373504045,-0.586110043925499,0.999740263620353,0.41644983099586,1.01039267720629,0.958424690227257,0.910213831363246,0.658422336516553,0.983323259606725,0.476400779668707,0.316497462433181,0.898820118697127,0.014160925992066,0.570285563392448,0.75961341817514,-1.56388342657148,2.3967830885632,-0.352686070120367,1.20306191766674
1898,1.58335307228645,1.18649599162489,0.139883589339897,2.92514708438905,0.952942159312109,0.987137350504519,0.387072382000042,0.543175936869346,0.726790520984912,0.411688039766741,0.916466276736115,0.962986727301031,0.523270686325734,0.401635609142948,0.837868759559118,1.05741477278748,4.79287939599061,2.4605431770452,3.36137046436647
1899,3.63441434609462,3.58478244762731,0.0500628262554113,2.74104111122424,0.969736074224429,0.984901405247743,0.0188110968705732,0.915335349841742,0.827697376688593,0.694044628429576,0.161051803009934,0.597261301672901,0.688431068170001,0.0466436833925545,0.551186252206797,0.840393331235094,4.64168889121338,2.18831042684745,3.32009735041192
1900,1.77085937369175,1.6403124244798,0.17502728133859,1.25023527369303,0.965352752990077,0.236907306230627,0.405659082334954,0.579129268185585,0.736310149786994,0.919024443437113,0.848250687097432,0.819227469602483,0.651847613858292,0.197585119474796,0.38046277479222,-0.641821354544115,3.14229190193017,0.731767173836267,1.76920637435954
1901,2.46324633196012,1.13875752834929,0.999630860921235,0.241136104721377,0.956961786002995,0.36056403382658,0.892632757018087,0.7191861988483,0.771583298306447,0.0831638536399696,0.652683648677194,0.645810483575799,0.520366342959343,0.255294339740998,0.279860985508072,-1.63447453042562,2.11674673986837,-0.227536616494229,0.750340900261419
1902,2.30385927197786,2.26791704471327,0.0503334659187665,1.90685677094018,0.969384472092955,0.996242085525999,0.102283724116511,0.176372915366432,0.456591167343897,0.192018345360295,0.951287767178612,0.751929325097706,0.312213789800531,0.38500009990565,0.33595517447521,0.00689811846561939,3.80681542341475,1.36437745204259,2.48127368784685
1903,1.98972364387167,1.94789860116564,0.137048429476727,1.39577278968198,0.97385421483502,0.381484361946117,0.385305302625289,0.370609584730235,0.42975815401657,0.947299094628775,0.22810708570003,0.546222587471828,0.293869023647741,0.637052438791026,0.237759258260601,-0.512946397587196,3.30449197695115,0.835172834774109,1.98793588824234
1904,3.025826291954,3.0169279921222,0.0549330450095932,2.80718516768136,0.960323459989648,0.796285100233741,0.237235033478355,0.412198414777755,0.73498743015714,0.0114526194176869,0.3343050935223,0.27178765566065,0.483453556475928,0.932487518908922,0.154999502825434,0.924985772592763,4.68938456276997,2.27408864551507,3.29419269475502
1905,1.40147841213228,0.238023085518551,0.996162296593474,1.20855382371768,1.01410721761219,0.632626596874907,0.77537699993758,0.320458028394496,0.107641467167763,0.173442322996794,0.773925770516624,0.120572983151185,0.873338779323152,0.571554856232251,0.0682864698430058,-0.779059799264324,3.19616744669969,0.28799589488039,1.89672110972623
1906,-0.375284646337428,0.417636837145208,0.992531067802819,0.156345669103274,1.00455821577466,0.0202799303408246,0.741890841926448,0.800672203426366,0.71210611857404,0.495164362016716,0.0171888651772169,0.173747544464772,0.480587642326835,0.769082292137435,0.820804887424572,-1.81255225418887,2.12524359239542,-0.429218162946146,1.02004473147394
1907,2.829653524601,0.919081542740393,0.999893179531609,0.547975442150852,1.02774023038959,0.579244476656895,0.954647762744455,0.997165311176796,0.16810489762947,0.0246688576439628,0.0926257396047004,0.100270834387979,0.198539782315376,0.223910980206798,0.553875319870072,-1.46635839487565,2.56230927917735,-0.292045674380528,1.45768714325241
1908,-1.10529061923509,-1.56817061936008,0.945430958977188,-1.49273779492221,0.976835897845801,0.246936393552693,0.639891920654452,0.514452365997713,0.554349163905485,0.77910485713149,0.879505589963985,0.264167768088402,0.862090314684785,0.0283184207916493,0.55189641465398,-3.40730097350583,0.421825383661403,-2.13689790857072,-0.903930936342038
1909,-1.98901856009598,-1.83714742512869,0.0554239034159449,-0.610568615458355,0.941769781978326,0.101709877572139,0.24200397459371,0.671191003984772,0.481403034058167,0.35584705520398,0.681260480554774,0.383087792443112,0.795779039880144,0.710578562490875,0.264345583615825,-2.45640346986401,1.2352662389473,-0.972380176432659,-0.272638386813694
1910,-1.03701271094483,-0.221570771262075,0.999926515921325,-0.0873410917615371,0.993438059282793,0.95475804571656,0.973353557141731,0.116959235863877,0.834013439114555,0.858703578016139,0.738710859526764,0.233618419150473,0.089673017349327,0.690879928418435,0.376784057397279,-2.03444390882718,1.8597617253041,-0.791558808849549,0.627745839043443
1911,3.19397936305256,3.18423503859018,0.916359723032885,2.41486411883142,0.979493325972876,0.965051050020498,0.616888751045219,0.270877483108896,0.220722355457488,0.93013445588504,0.237178991448251,0.568558893457171,0.0164151297481731,0.701251908871927,0.994261865525041,0.495092476827232,4.3346357608356,1.77306537855897,3.05714909924326
1912,1.02290022409788,1.14367744985894,0.053084602209637,0.379010582017666,0.965953567449399,0.471815812051296,0.213660647676559,0.794402853339445,0.418997555460315,0.892640781697584,0.912571109870449,0.878375037629623,0.224855364209856,0.37969052417262,0.410294800398522,-1.51422362092114,2.27224478495647,-0.185846519192423,0.910748219559584
1913,3.19651722592066,3.31621460655382,0.0994447441379867,3.19335740649829,0.994720155302009,0.982785816764925,0.354892212099163,0.124663038680679,0.273455176450429,0.927670722109964,0.12971899655601,0.85098616178357,0.206875033934019,0.620550578811439,0.201510735538322,1.24374172741026,5.14297308558632,2.49265133692423,3.94913678427354
1914,2.49534238265111,2.49800099809283,0.0664317183250704,1.82152387960834,0.952513016159587,0.680331552687101,0.29800997025019,0.526506448434084,0.733558159921784,0.546264379660599,0.78924391769967,0.903487470285734,0.112778402367607,0.509036607015529,0.488453338351566,-0.0453673268700694,3.68841508608675,1.36687253600887,2.2757955230703
1915,2.060564048266,1.73171187681235,0.773578282422621,2.298313058526,0.973995839853652,0.892156329818303,0.55809047362057,0.440159847044735,0.112474001125665,0.737963081890717,0.748953319415334,0.498116821513046,0.249326012016973,0.691777012199978,0.330034171009669,0.389316291321001,4.207309825731,1.75904444009836,2.99208508327782
1916,-0.393535807728383,1.13855206955296,0.98235967362884,1.02911402796209,0.972600704821559,0.0210422664154321,0.698376555198804,0.0742235569939949,0.133385711171199,0.461802921981201,0.144264192920411,0.555042342234054,0.406636718152906,0.569950335904025,0.324421425367589,-0.877148324826439,2.93537638075061,0.512654573870461,1.71076095226325
1917,4.13886465839265,3.86274774235127,0.192931161679415,3.15487112940214,0.993834715044687,0.752222586611868,0.413447708067717,0.144734558467055,0.845282246433897,0.632649567210232,0.506635860006907,0.53474590314331,0.534539923598408,0.0617524641049094,0.712372669559787,1.20699088132893,5.10275137747535,2.40790354792594,3.81320736098214
1918,1.54260470340459,-0.611010966171848,0.998615771928066,-0.499011942814348,0.976991112133206,0.408148333439021,0.826493060217937,0.478092341638636,0.871088822943624,0.0422109591715271,0.890878212314332,0.803495466666878,0.546997586137382,0.200641332378262,0.409508705998422,-2.41387933581116,1.41585545018247,-1.10650079125753,0.107275929551191
1919,4.2031478857419,3.74989933673579,0.764530705490709,3.57588785004283,0.944000221890321,0.59543169868493,0.555502272526734,0.612772102670395,0.605128560291254,0.322225183262024,0.466966356495162,0.141009948029881,0.41411022797029,0.104484642689233,0.247258973747608,1.72568141373999,5.42609428634568,3.20794667602853,3.96525460917489
1920,3.12876100216763,2.18754924044538,0.999904502055834,1.5103504034558,0.982372271241707,0.276440512392437,0.960250600708649,0.803195480303257,0.887770651264349,0.19010111691826,0.0669457391892793,0.67536250961211,0.334859370309161,0.277976521466509,0.112464094029041,-0.415063867588762,3.43576467450035,0.880720350691023,2.18182681110742
1921,-1.16937364364198,-0.144506894832048,0.865052274078367,0.542476210664176,0.972042606603167,0.908647811315022,0.589918238155078,0.972468336441205,0.633957558875205,0.928921766871354,0.319496656225994,0.577424024961656,0.265439189253375,0.266373206216493,0.107715133917634,-1.36269228971647,2.44764471104482,-0.0576187763370861,1.10857320505498
1922,0.388832996103168,-1.72009579038993,0.997637588328504,-1.01478674808165,0.957841937262352,0.0729513681262033,0.799714457320515,0.355352949512657,0.486176989221014,0.81991757267667,0.904703424038365,0.0638797514984617,0.868265055277152,0.843261731845792,0.527946277263109,-2.89212244799793,0.862548951834634,-1.50116476776304,-0.522060985295455
1923,0.495538782052603,0.470679098974259,0.0555353849266813,0.353567826187761,0.957787237514868,0.121946511824965,0.24302714429039,0.946884306407534,0.703811230811872,0.719318984395242,0.604857371372054,0.969906573105254,0.3858448820638,0.0697206811551005,0.431531848811312,-1.52366066419349,2.23079631656901,-0.170256039485689,0.831122758895355
1924,-1.24630870971751,-1.16709884795662,0.999933528979415,-1.56968490163992,0.97550039752848,0.321823880782235,0.978369060981204,0.237718979528872,0.454829663048149,0.145154897386557,0.513156943235313,0.305625963137369,0.59017211456236,0.679575704274816,0.970084298638278,-3.48163054770024,0.34226074442041,-2.13244861080492,-0.890937782853085
1925,0.885544317722216,0.169577236906619,0.993759644751531,0.371781963473853,0.956933567815932,0.0252901640353957,0.750941720425501,0.269925995981903,0.199662238276564,0.679772622383898,0.187389129522024,0.344026610607631,0.182889168490772,0.662616644468741,0.53619484889647,-1.50377336504279,2.2473372919905,-0.0956987696669405,0.861917716241713
1926,0.856137742208057,0.848480382883384,0.0500874916567686,0.406115526228296,0.997465534076715,0.633788567508222,0.0353709137373371,0.11898633009044,0.493159091195208,0.522876928635757,0.611869627009844,0.276116399773047,0.678607120805071,0.471311305082752,0.672798376968829,-1.54888099638208,2.36111204883867,-0.203836533314644,1.10758648474705
1927,1.65383305131946,1.63951368379893,0.0593970720031683,2.79363149451875,0.951619112662519,0.650120439281454,0.269693853465957,0.881133402013686,0.67976918190287,0.273215234237257,0.28831123427453,0.351220570353558,0.335075668921927,0.878656626070035,0.164076882302761,0.928492306700248,4.65877068233725,2.32308408894263,3.21888173011839
1928,1.50240363141162,2.15859884304084,0.971740980663712,2.47144609968619,1.03744113874771,0.48444158869714,0.674242578843725,0.812222356274258,0.927833829405368,0.327519397002412,0.386057693755953,0.253358074971475,0.201792394216522,0.0225763393488014,0.466263652492897,0.438098831660456,4.50479336771192,1.6622696534651,3.37190223954154
1929,-1.35606100818906,-1.29627096459528,0.05005122980708,-0.9857523850312,0.959412774583948,0.0567691092501627,0.00860790980863385,0.25329935756675,0.978034815988271,0.250041703883908,0.170755089499289,0.870721232246142,0.550825737954699,0.0914559830534272,0.450201262451475,-2.86616686952338,0.894662099460983,-1.4992082308027,-0.488306509719839
1930,0.13895560445875,0.115269859511614,0.0541075585849657,1.02920327902654,1.06514237911266,0.533157937414944,0.228034998472896,0.50200351169752,0.91609278885473,0.772840640848386,0.779384718611371,0.115807151024928,0.667555439451477,0.285457654706202,0.20645491211873,-1.05843742244159,3.11684398049467,0.0873103691444364,2.15299226254357
1931,0.439842644210989,1.59785267429675,0.997524326308305,1.51442876043068,1.00578756510022,0.358360528428457,0.797367002659244,0.82877141735726,0.935159354237257,0.169154829725157,0.0568975587241584,0.961090634628898,0.219489833412459,0.259371723783086,0.865478206289699,-0.456878643263994,3.48573616412535,0.783712922491691,2.32616072083863
1932,5.03531697221343,3.1102345345686,0.779914498084187,2.43123706281309,0.977894551420854,0.634346774551435,0.559945564272464,0.816188770192908,0.3222949588052,0.149938994704396,0.602798213500646,0.294143042807118,0.585463720141212,0.226527357839397,0.19830866957095,0.514598961350264,4.34787516427592,1.78868868614536,2.99341311631307
1933,0.882330152254747,1.54917589494892,0.957480581490131,1.55029075128966,0.991067754892084,0.872635185867548,0.653035564520396,0.0213073617194314,0.234508946837741,0.0333213455994846,0.369074225822813,0.151073947557947,0.607402997359633,0.540418205674388,0.178266381500405,-0.392166354537793,3.49274785711712,0.90879833689854,2.28214502421475
1934,2.04857231483974,2.16389261610565,0.999941143830814,2.16327530828905,1.00901266246214,0.913334896962391,0.984452932529384,0.900803573976271,0.273943648800487,0.760246509328601,0.337626303186058,0.142422885045526,0.193907408690662,0.0449251242608298,0.928988885585917,0.18564682991839,4.14090378665972,1.30193627388152,2.91512329967456
1935,2.23057490085474,1.81149963867547,0.653138825276449,2.42291384637874,0.953080509308984,0.575345404194319,0.527661138375755,0.448558804892469,0.654441525479662,0.195658995198784,0.0679767044612672,0.218735118423472,0.109268411060446,0.101523845111835,0.422669203377329,0.554910373766043,4.29091731899144,1.95832354180811,2.87136273683636
1936,-0.663604117194383,-0.304228077029544,0.804474117367201,0.729675961459673,0.942202188432046,0.79746041744214,0.567516410531127,0.341877104385523,0.754370733310352,0.518447139165713,0.586385059605818,0.278075859482284,0.631913159394055,0.492144170094631,0.711640639353311,-1.11700639402196,2.5763583169413,0.389848652085802,1.09122715943297
1937,4.24101471188373,4.38390537038807,0.0713052992016657,4.42957124336667,0.959356550966627,0.794399652177817,0.311258788892999,0.960153084311634,0.387826443195459,0.269143739250023,0.0541579265200999,0.139236496139783,0.0369667162698461,0.703770437252824,0.320713854209171,2.54926695513952,6.30987553159382,3.95551049955343,4.97078448500015
1938,1.46576448794089,1.98245778098921,0.997601709958263,2.86097367759901,0.989865027281581,0.217556373344269,0.798958913799492,0.80847548083507,0.192637342070229,0.193041496948455,0.417416426627897,0.252489241009811,0.680792837843765,0.0850866275050212,0.032028111212072,0.920873874571355,4.80107348062667,2.05151723343031,3.50263494772289
1939,-0.306303877440982,-0.298110049091449,0.0500477244775933,-0.184338866358565,0.971640136433135,0.198911264992552,0.00506386986724101,0.261819721639971,0.237359200277948,0.713163048416143,0.948522781989304,0.989737962767249,0.719961318982067,0.391347263377393,0.181427643402712,-2.08871853970109,1.72004080698396,-0.726340019715231,0.463682099332671
1940,-0.334808580710505,-0.0934416826414793,0.457553017949825,-0.0377860018731302,0.957750992767037,0.508170273773721,0.485704033895861,0.430656107277027,0.762003397250897,0.336830658576335,0.831292230515741,0.714105021699332,0.63200426745601,0.669407316835714,0.772925012983847,-1.914943453854,1.83937145010774,-0.551896719521782,0.43122002138637
1941,1.00893541811335,0.983667933448635,0.0531441087934666,0.202942002437102,0.9849210962283,0.285266381603899,0.214619178494904,0.607702858214499,0.951887778171804,0.152777462442988,0.855178698025411,0.637522979845875,0.021125764016062,0.20043013761472,0.408955591147998,-1.72746787378407,2.13335187865828,-0.390376409124477,0.923185755590833
1942,-0.445532194143468,-1.54218438670754,0.685044330762073,-1.39009196805915,0.949766116644058,0.330159562564106,0.53506314561679,0.153923223756719,0.666309741542675,0.68850128150743,0.608089312817552,0.749124836427742,0.163933806226822,0.0247294907614123,0.540705599534442,-3.25159935041797,0.471415414299674,-1.79005089975732,-0.946908294015588
1943,0.261787896512023,1.14082796973933,0.999208705276989,1.18441903959248,0.97931982865836,0.236085644804058,0.854485674042022,0.891207774093142,0.514456820626278,0.775205485540675,0.251611189975403,0.0224111949058715,0.730370787626016,0.22553506780928,0.293291689261445,-0.735012553923845,3.1038506331088,0.51010424684587,1.78591281775532
1944,1.43171222963258,1.32146080424557,0.0822391413628229,1.46858775857985,0.997286107072341,0.0408543056843337,0.332562221525353,0.512277606518124,0.210709699520143,0.938613856777432,0.22066582356696,0.694545569785987,0.940864179775701,0.578178840621375,0.371933997312794,-0.486057093564097,3.42323261072379,0.733586419315518,2.14126400772017
1945,0.0853585016524756,-1.49804543640701,0.999950253118429,-0.795701018466348,0.959216759229594,0.207242072608904,0.992860855871346,0.678492051412002,0.468932584540453,0.255660002084333,0.391320013941498,0.191691568317125,0.83426351277309,0.502691508813645,0.386531044959673,-2.67573131992358,1.08432928299088,-1.32459986028084,-0.322165406399875
1946,1.60834726756014,1.65547134534305,0.0502835534869548,1.63679482528932,0.969234573726085,0.321007949878345,0.0941741015105508,0.931433241658495,0.855736908557243,0.497030132580898,0.776141652338905,0.464053689496359,0.082607281139004,0.272502670802525,0.00262828755192459,-0.262870031784834,3.53645968236348,1.07858932998809,2.19304907351067
1947,0.406893720593423,-0.101905064906645,0.217377270205935,1.16591341763166,0.96011613927777,0.273216543172603,0.422879980710335,0.890437489580596,0.132753686759272,0.217297346166219,0.830209609287675,0.326626915156725,0.375833035442862,0.283014433479402,0.124874425130547,-0.715879636328416,3.04770647159173,0.685693608931962,1.70627288233478
1948,1.31252953295676,0.22625803645558,0.999246196246459,-0.513850731985747,0.988848096229494,0.485309254918131,0.856914570532972,0.71559642548149,0.972851834798814,0.398429022364318,0.974124507179367,0.831222505759797,0.355593050195253,0.611241643464309,0.873539398862398,-2.45195738677655,1.42425592280506,-1.19524373666101,0.16255355841844
1949,-1.35803787911699,0.0399100417170497,0.980476772529593,0.60408572069385,0.960133715140266,0.86558578161546,0.693204610218876,0.317235546860495,0.707399346450577,0.22916470125888,0.409794766399194,0.035486283511389,0.470107674125582,0.996857091440004,0.291427031445084,-1.27774178132371,2.48591322271141,0.114182821373021,1.12561951238396
1950,1.28100886206086,1.3308406708211,0.0610750489567507,1.61002312725486,0.983681557207241,0.208838994398015,0.277997959236149,0.860752674909076,0.734284934821073,0.783003893521964,0.862396629194496,0.859156439506914,0.0135836538396543,0.223204500811989,0.053002812319668,-0.317957297127609,3.53800355163733,1.05839078354024,2.4409507043598
1951,1.50896423849395,1.03096488378751,0.827325433209639,0.720788135479889,0.963040892972382,0.20653290399001,0.57522251947422,0.764271930230316,0.440555121992133,0.906563147258596,0.570222732148715,0.421320425269078,0.685189438166446,0.107129560187692,0.395624524317798,-1.16673733038527,2.60831360134505,0.188338331327175,1.23953296993158
1952,-1.81377403677372,-1.81786566606923,0.183904457868217,-1.13688450849331,0.954092372991828,0.230399892359157,0.409629755530274,0.525548560111085,0.753758977665333,0.560402580172638,0.884446095569292,0.708720229976811,0.575501970284269,0.351983716219664,0.804386113621295,-3.00687119748165,0.733102180495025,-1.58387958373783,-0.662407099578237
1953,4.38434369181779,4.39631799834985,0.0500642928015608,3.58900714222366,0.9569813363951,0.719846343940939,0.0199649044739781,0.186853046305361,0.24827320642909,0.412212532050442,0.234324593580328,0.757593767527374,0.764746888743131,0.114041350239771,0.436483749074978,1.71335818901225,5.46465609543506,3.10678402762876,4.0708373805128
1954,3.89288754098476,3.48674610926441,0.926089282395753,1.88023985654152,0.965523351088474,0.548984529107693,0.623630508018658,0.394519163173041,0.69692531024944,0.0451166186964838,0.322787190817762,0.975839991523419,0.559565083335969,0.521453367387643,0.190042642070097,-0.0121511378243144,3.77263085090734,1.32193288173109,2.40770367686135
1955,0.916485403713146,0.847779685667902,0.051911931001337,1.05209107609993,0.948847155178388,0.917134785636445,0.189683316454175,0.834866065034061,0.712619514941121,0.63360413357825,0.758975141697098,0.796432722558384,0.392853894089232,0.407613235276658,0.456341562952497,-0.807615174883001,2.91179732708285,0.624154435370534,1.45897594921903
1956,-0.446509078184372,-1.42159899674391,0.768090782909924,-1.28337914957018,0.944772079825065,0.0659615956728812,0.556512500510435,0.286173529308406,0.389331329662586,0.658316590954084,0.390578768821666,0.985583565159701,0.64488209316798,0.0312955678473227,0.202527929264237,-3.13509839962631,0.568340100485949,-1.6557541672267,-0.887906887596392
1957,-2.22473459213668,-2.22069796781983,0.0689288131404205,-1.20501472261208,0.952741908115363,0.0877563777437899,0.305217476441292,0.400917835512548,0.573489930646261,0.0509899561158381,0.89369304189377,0.892140952469548,0.867296122706495,0.662332715400145,0.806851988979848,-3.07235454908016,0.662325103856001,-1.71286674051969,-0.795223773648273
1958,1.2702788250863,1.03164320827856,0.999327804365759,0.392107105903577,0.960717920184156,0.0983044524353463,0.862648000911926,0.295781775868149,0.892425816694391,0.878611517101992,0.388865496267681,0.822873456205707,0.323995102668297,0.522525309271296,0.904864653692232,-1.4908654169596,2.27507962876675,-0.0871575337175863,0.957894064724486
1959,4.05183703838236,3.98311278857136,0.135379207443223,3.44755395063795,0.963323489446695,0.661482567505329,0.384240578894271,0.203394323342713,0.944373207384255,0.544627904801047,0.832601902005961,0.275566698207636,0.117567851376371,0.319610003545997,0.437841554976883,1.55947460586098,5.33563329541492,2.90595519736697,3.97208530636929
1960,1.31375616852018,1.65135579320995,0.983850872413836,2.40925109030257,1.00262741076639,0.97194492719823,0.702872536559706,0.665683507002308,0.158370321713388,0.573591341373976,0.52686825601873,0.0530152756153839,0.0768598704756005,0.310983926964225,0.428019448387786,0.444137475287793,4.37436470531734,1.5334874708716,3.0778777842517
1961,1.5684910076854,2.68177339527546,0.998407663835843,2.3399613380344,0.973984551453806,0.0329573060324183,0.819479110572138,0.193970228871214,0.118965333110304,0.0729095318721374,0.18243668691488,0.410455406183959,0.557080982927233,0.0222085033792537,0.288410881689051,0.430986695686538,4.24893598038225,1.6293269516084,2.89901184430764
1962,1.13273512850314,0.0970019323900924,0.997796098049953,-0.767815987869773,0.956090643141483,0.219364249808597,0.803195499482448,0.529255039907992,0.645681296740426,0.409068076827913,0.304282390999491,0.579476825786289,0.697575686264783,0.778844589670654,0.7077757470496,-2.64171921438282,1.10608723864327,-1.27061207088564,-0.296587635354495
1963,-1.4599046648075,-1.49747106482365,0.739790096619809,-1.3890620106539,0.985476631096101,0.213160418283311,0.548744935875642,0.100188493473455,0.878531686249655,0.668318211242906,0.175849774841918,0.497022685404867,0.80901422770787,0.580180294488673,0.57068202814809,-3.32056071520812,0.542436693900322,-2.09106123464175,-0.833123940060986
1964,-1.76220026972099,-1.77587965505339,0.0520642125865698,-1.80965098428331,1.00031429271512,0.329018491559895,0.19352310372598,0.92920707182202,0.217395265052561,0.755049470483675,0.471491058046347,0.810784217910725,0.948551826280658,0.52403081631707,0.616071673985338,-3.7702309712256,0.150929002658987,-2.50046883215737,-1.00827664383657
1965,-1.52436617647912,-1.62472052727879,0.952092359755375,-1.26211929598053,0.958216625364111,0.416170473761391,0.646772095673368,0.120693019830622,0.809595092297532,0.177883028447744,0.459649886886124,0.160519633672666,0.57756478007033,0.347059744558064,0.706106054885546,-3.1401893710817,0.615950779120631,-1.79215132842075,-0.78308055051614
1966,-1.94946471142246,-1.95421275477935,0.0853869060712218,-1.83981731276524,0.969667095029598,0.266689848709619,0.337392036951845,0.889298962482368,0.614377874182421,0.996357984310249,0.754717136023915,0.635515377622214,0.421393209962989,0.201903396369889,0.436536291090422,-3.74032989601683,0.0606952704863477,-2.40083462313192,-1.23434409651655
1967,0.418023987819356,0.471168561898693,0.975534646764589,1.34783156566243,1.0415587450347,0.939169107057154,0.681655680200202,0.068507083817618,0.824542529608123,0.0303298903042451,0.706406841969467,0.566515956490883,0.0658843246715842,0.297470649935305,0.775053389611305,-0.693586062388318,3.38924919371318,0.479898417157395,2.34442628617284
1968,1.57050331595285,1.54946751783449,0.0537520103552822,2.4444768869833,0.956379948760559,0.624399851895636,0.223489355543861,0.586734261576552,0.258695039774524,0.284782630915055,0.329880136845051,0.958530302183237,0.25786968571227,0.795761202258407,0.65766989717586,0.570006631876344,4.31894714209026,1.9543339464922,2.91631169098731
1969,2.52910661365676,1.16222241775722,0.999515727454287,1.60417102764289,1.00840221857425,0.90447246227623,0.879052975691156,0.70130776190653,0.187494033723953,0.933033690243959,0.305551319760503,0.518723034977447,0.605184087664122,0.857024862048449,0.932991902894573,-0.372261002692921,3.5806030579787,0.812913482511921,2.33201693566649
1970,-0.0199822718352319,0.023917202876386,0.0500444591237829,0.305753704247438,0.959561492352956,0.245530103547033,0.00151998684753198,0.969554024387617,0.484737360181287,0.0459652249534847,0.330420423147734,0.52480992199399,0.0948507325251121,0.493512035561958,0.655920564167085,-1.57495226171586,2.18645967021074,-0.209901847871885,0.80882122362014
1971,2.91243976549624,3.64262155316191,0.999839510776429,2.60193304821886,0.99497540549014,0.997750718014664,0.934291075791116,0.118108577618143,0.276164533898467,0.346991259227507,0.962814694502624,0.946923726460431,0.263704714575666,0.444574239056208,0.851290645751986,0.651817087955053,4.55204900848267,1.8786715266016,3.31496187573861
1972,2.8326928885536,1.46833514378579,0.998802492058418,1.94889127985174,0.954896068581878,0.387580454737763,0.833747898634756,0.584059705511085,0.81407300173468,0.965527684158529,0.130261381459539,0.576002472698223,0.34155411768402,0.357354388853884,0.697120468775858,0.0773293764523675,3.82045318325111,1.50348811138914,2.43461105149139
1973,-2.09389991086425,-0.941204921425722,0.728930945156277,-0.419298568494234,0.975535495321082,0.219745663883165,0.545907290912233,0.643317630298785,0.289514003031189,0.359079643970239,0.801104211300495,0.645200353632797,0.57650554781931,0.269995455430355,0.879974294875516,-2.331313004964,1.49271586797553,-1.13762166860345,0.0880224624789249
1974,4.97417168457842,4.21660202678162,0.991869350088668,3.37446117962793,0.990062589644161,0.604199658031459,0.737611285526305,0.728590419822489,0.0511538020236185,0.308188104963046,0.708706778487423,0.345196338776732,0.246507557812729,0.46913775497512,0.0780205650959397,1.43397416148492,5.31494819777094,2.66723663238566,4.01572776707669
1975,1.56963947892465,1.5948667964005,0.98738897802271,1.81432743175786,0.990304315120217,0.878850597699988,0.715426356785465,0.945377927152906,0.967573155878345,0.634431375246961,0.759132469643839,0.944573227874818,0.0424415128387045,0.210407285016496,0.0800300335418433,-0.126633359612372,3.75528822312808,1.08307233340117,2.46719698473552
1976,1.73280062935018,2.28333339168863,0.999929481946426,2.18575115229277,1.00743860117151,0.645675798377488,0.97541371375951,0.856119407377206,0.857662762772641,0.848043957274407,0.788244711443665,0.0851067357863067,0.126173220466822,0.855648887947085,0.182933600231074,0.211207777361208,4.16029452722434,1.45248436771539,3.02742595867203
1977,0.390043701755971,0.0506220722079951,0.99969002009465,-0.046203765670672,0.997256941677468,0.529833650626591,0.901369172088336,0.947919635243597,0.737547112684697,0.858137716994854,0.46771926708275,0.454000903014443,0.611006331575569,0.894161941998871,0.182095314705861,-2.00079145469107,1.90838392334973,-0.730997141279705,0.702849144331707
1978,-0.862574167672569,-1.35301188048909,0.988662826103437,-1.48223931308846,0.990855763166012,0.10629232912499,0.720818464266136,0.516776262068306,0.817982942730654,0.108061394635006,0.910657240248634,0.311552243360668,0.202867683666642,0.479785591907334,0.0969149597076466,-3.42428092276779,0.459802296590873,-2.0802894688405,-0.651068335720156
1979,-1.12244801148583,-0.835948161124417,0.999930224104119,-0.935875052740974,0.965860758144986,0.339756583460839,0.97594275968289,0.11944078681001,0.449240460510599,0.810665953424759,0.530604081618018,0.899193742747651,0.675432960633305,0.428321234046016,0.340472211143002,-2.8289273527857,0.95717724730375,-1.49202902449966,-0.389970174498602
1980,2.41790688617706,2.91307358706251,0.999955191123742,2.79011866158113,0.974220494781982,0.802659810737357,0.998088192233816,0.135783912375104,0.816440583318472,0.0897731024373788,0.528069291819003,0.61182153007912,0.762152258531772,0.097469780370011,0.859011464397074,0.880681578807651,4.6995557443546,2.1654773828701,3.37978461982833
1981,4.14199830961586,2.25297126289059,0.905748829852633,1.8456354923164,0.989457152255008,0.978577588469954,0.610300683420384,0.444297936310526,0.501289857781958,0.798580227271305,0.987356618728721,0.288282188366167,0.377281033724779,0.466516749897273,0.250920294785639,-0.0936648903489743,3.78493587498178,1.18942559373846,2.53405020831982
1982,1.6442564447347,1.60576075913718,0.0500723783669455,1.94038053393958,0.995644510849247,0.725859750993317,0.025888319136342,0.0634107039603405,0.0648669253789121,0.949193015871104,0.263805690884939,0.747702102829004,0.100636278392049,0.535327758905944,0.328564289717819,-0.011046848729944,3.8918079166091,1.1953524935443,2.66062654780916
1983,0.107304899794985,0.176711022555131,0.089137127530878,2.1986470790757,0.998806439429602,0.724660840304336,0.342633960396168,0.81107220374234,0.0170178929835092,0.0503669359206688,0.256694269353058,0.37244706707506,0.941142579466687,0.28354332444584,0.935051849140902,0.241022430266995,4.15627172788441,1.50299702374775,3.02111424676658
1984,3.36311541691975,3.40168824862148,0.080047330640033,3.38694058867055,0.989205972247597,0.79124350195576,0.328922580202459,0.0257573098182911,0.922376473389915,0.999396767310216,0.859001512756338,0.0551548902337672,0.69823369104811,0.49683451336436,0.15224796763435,1.44813250977334,5.32574866756777,2.70477434837452,4.12237990626383
1985,3.43241284982025,3.40646480805258,0.0536304726802253,2.5136005026686,0.98765307113325,0.812092674018582,0.22183648705564,0.747449106259272,0.0368625999060459,0.266857957923436,0.924978964395588,0.354281306387042,0.984876011695131,0.543555109326378,0.630532612574752,0.577836054027049,4.44936495131014,1.82454695117503,3.16924247202397
1986,1.88140130261189,0.77610156388006,0.999665050705551,0.284274156385905,0.999940749598808,0.41655946168548,0.897494273134391,0.911298385804752,0.885275564733776,0.376248865620233,0.977868359123357,0.889942704647314,0.752648338021128,0.636762486966327,0.584206813633442,-1.67557369950174,2.24412201227355,-0.568523376917385,0.954924945335464
1987,1.98451807759451,1.44479664843375,0.965965563659759,1.46821858965548,0.96411049311223,0.411321980252746,0.664630296206335,0.872143041203613,0.605813683551154,0.463970195241505,0.122274675710942,0.799720315798535,0.120852585763554,0.471558032377157,0.841050389101147,-0.421403253961641,3.3578404332726,0.880681689690804,1.97681076519973
1988,-0.760674678019149,-1.70458356689958,0.996071819179812,-1.40627414064937,1.00114673866548,0.161203373783268,0.77420710309397,0.881601384112262,0.139498844158021,0.755563900042092,0.561747423598892,0.101907841665321,0.271730839629192,0.814260949453455,0.756339978245902,-3.36848569167345,0.555937410374711,-2.07052607455519,-0.614405306398223
1989,1.84126401332912,2.57477392901735,0.999185719047557,2.73080542806435,1.01586248544856,0.676653827185626,0.853052715065307,0.243731706082239,0.115378459575004,0.00732425096444786,0.257368927847943,0.545020849947352,0.994344844428473,0.174498545962037,0.956266091797734,0.739751543339827,4.72185931278886,2.01808687470635,3.68241945269618
1990,-0.412038533638837,0.0675352949767783,0.748338271784784,-0.0270545720314288,0.989792112275742,0.867304565453902,0.551030888901441,0.944763625826803,0.6402607518062,0.918149711731356,0.841335089594359,0.154859287225991,0.271383296108572,0.589029857345624,0.221089976008749,-1.96701146427371,1.91290232021085,-0.70248026615872,0.647680644324951
1991,-0.313098837327206,-0.026037882112558,0.760114060462517,0.646206498017212,0.960326291323589,0.247996144874953,0.554263102361234,0.198783654817031,0.589552607749589,0.893924032784416,0.67659285133821,0.980464876794605,0.280445652703405,0.733498217850691,0.302956678971415,-1.23599844638394,2.52841144241837,0.155368076277484,1.14679315735071
1992,3.57194306380641,3.58910046451672,0.0504768152212973,2.91649511879269,0.963592833463263,0.571656082187081,0.120170690614264,0.785022284222068,0.291768903300399,0.0786370119587518,0.810381241785129,0.607574229502585,0.568497293849359,0.421160594071145,0.333000112203648,1.02788786944379,4.80510236814159,2.3683468790263,3.43069294610792
1993,1.82625674182725,1.87506182694133,0.050085182393607,2.07242547580665,0.974165234105267,0.778997323236428,0.0340333585398039,0.403809742558165,0.107014589998987,0.086764187291963,0.537307164729689,0.0265607263114071,0.739414296129835,0.2918094453105,0.246375914272852,0.163096701969292,3.981754249644,1.44610754861908,2.63217367526735
1994,0.923715815936562,2.38681141079776,0.877458590673757,2.27070017058012,0.950835903196946,0.765604241583613,0.595495502816862,0.161061412135721,0.370571178886574,0.306425067731878,0.04271001992526,0.630699828797602,0.419190929547884,0.393549188547651,0.642617331836256,0.407096045106496,4.13430429605375,1.85393526397151,2.71548914097752
1995,2.74586843674313,3.47367255327955,0.999878333631699,3.33868202820802,0.970413444751718,0.764987400989281,0.948140328646172,0.964444499130012,0.641012785147293,0.390276327776257,0.816975153594743,0.538546034723404,0.0492960538405459,0.0235531365124043,0.30393071323412,1.43670662638121,5.24065743003484,2.78960277003585,3.94746536594961
1996,3.42943211006215,3.01920598470158,0.719665957495644,2.55938607806094,0.999095275765259,0.715240363415913,0.543539855805575,0.026617517206003,0.808587814065744,0.616792791709537,0.875122137973434,0.225255765744252,0.980334657238913,0.642086145269102,0.418279625030351,0.601195320436922,4.51757683568496,1.92391170960855,3.39127886780867
1997,-2.01544158881379,-1.14913386365166,0.99977057531141,-0.443593003133103,0.96799523713167,0.173471795998514,0.916420045669307,0.196993061787914,0.885930632773205,0.715878202214371,0.44949540831882,0.196943944363156,0.674936861105962,0.0137462119741831,0.0411374814440496,-2.34082880511749,1.45364279885128,-1.01986353763433,0.0923785160996778
1998,-2.00326525144994,-1.79165293938754,0.953415142532856,-1.79941625564982,1.0178312003302,0.0815732082928298,0.648245332176331,0.921899283836014,0.0335692703566747,0.506079030550085,0.206915144498809,0.389485994301387,0.606330678777653,0.615744082161342,0.626678133889334,-3.79432875063818,0.195496239338545,-2.5143125312102,-0.840445675213501
1999,-3.86810941499327,-1.88813174654009,0.999418151342672,-1.62402922613244,0.95708696192598,0.0394193087866297,0.8698697114354,0.21034461514873,0.969032498034299,0.542672251424636,0.280172087225248,0.350748695557471,0.290446956705768,0.943942922532791,0.734824331198353,-3.49988520158022,0.251826749315336,-2.11974082585057,-1.13725356074792
2000,0.890251306287067,0.859863680697243,0.0708316602366861,1.63505003923292,1.0017830241343,0.37247219835734,0.310109201423475,0.86845563069405,0.931930623330991,0.119031111968565,0.412180586822447,0.143438229946885,0.890944142931141,0.683747258555726,0.351486837574979,-0.328408608393932,3.59850868685977,0.838643015972071,2.33857162856278
