"test_id","observed","truth","noise_sd","mean","sd","x1","x2","x3","x4","x5","x6","x7","x8","x9","x10","lower","upper","latent_lower","latent_upper"
1,2.56343730187321,2.77357786005033,0.998834914654611,2.4672158025117,1.37166271670743,0.881410142951529,0.83512202420691,0.617586045282078,0.335001648617093,0.462002495264984,0.821168954619323,0.0688591916754376,0.0986054725436261,0.660506536498549,0.735844432841986,-0.221193721171216,5.15562532619462,NA,NA
2,3.14733671337811,3.23483837677727,0.692990068367397,3.17722871457437,0.672200339032595,0.642319686639355,0.536962459034286,0.462631248817546,0.0860114127974957,0.917686216365662,0.275971802285174,0.671675698723877,0.44811383209296,0.0052667456259951,0.624127816845896,1.85974025967487,4.49471716947387,NA,NA
3,0.0368796748260223,-0.546735482495105,0.853039685344158,0.767662337666934,1.08165871606276,0.994340878523421,0.584912077603629,0.360714520972571,0.598819172229618,0.211295800954802,0.983036413908354,0.906423893823405,0.654520038259798,0.688055490514846,0.539811247723061,-1.35234978937991,2.88767446471377,NA,NA
4,2.13617172453253,1.54803577625799,0.999088383089906,1.75083593670314,1.19064519231828,0.211241277861176,0.847401867950801,0.877399320685072,0.298057821685914,0.247166341767181,0.293167870752281,0.342267165593687,0.865758391427575,0.638341010080185,0.933601480102865,-0.58278575860645,4.08445763201274,NA,NA
5,-1.0766500277682,-1.04361182524988,0.0501717571216857,-0.590302021910614,0.729799396226543,0.342708877369878,0.069102247270057,0.428970299862674,0.31899359879049,0.337989713293966,0.23974774296314,0.963790035854094,0.959573824398103,0.433788291099947,0.0191456954637542,-2.02068255445371,0.840078510632485,NA,NA
6,1.57075441029451,1.55180599586054,0.050044017632448,1.34549714893412,0.323132902568914,0.190009338805685,0.00102096814732067,0.49401126930234,0.114583138249232,0.37560613084049,0.454891212253249,0.117006601019646,0.500504380330676,0.0637407779332716,0.106275015453459,0.712168297679155,1.97882600018908,NA,NA
7,-1.42912472664561,-2.07119924779517,0.999938425716474,-2.08613459361183,1.14136217796074,0.231229280779487,0.982195406914689,0.508389681857778,0.424352706137579,0.642928438988631,0.55700383751234,0.231755715921987,0.23297916508175,0.656047946385108,0.866821921503986,-4.32316335573107,0.150894168507417,NA,NA
8,-2.45255531981956,-1.54009189926934,0.999837933273203,-1.79156231400805,1.14136217796074,0.364175213227863,0.933801925411681,0.601615138566121,0.805963231642963,0.659806854445953,0.117060261012521,0.507810026140185,0.660469935059198,0.505956820317428,0.606010448299814,-4.0285910761273,0.445466448111187,NA,NA
9,0.317490564976652,0.291934937907411,0.0734226338416035,0.658778079957766,0.479467449399251,0.934786890879739,0.316110263357055,0.388747139501153,0.534208839055151,0.529226437301375,0.498700339261442,0.824951493833098,0.28111495962122,0.305584294078639,0.442276398541988,-0.280960852624048,1.59851701253958,NA,NA
10,2.03086327548715,2.38973061359938,0.559875657465936,2.39906655021606,0.43958479900977,0.681548061293899,0.507355480172206,0.528219082899974,0.124153278665384,0.956403428799124,0.766664757611579,0.415162975568674,0.374226662345813,0.0472997000149917,0.837346148618497,1.53749617600563,3.26063692442648,NA,NA
11,2.60061529843001,2.71904485703159,0.0503632997890541,2.83929836944506,0.832415812123151,0.836522482638364,0.106569679449196,0.878945742757525,0.785694370859885,0.650310607815743,0.570606173966778,0.801829894018359,0.779861949589336,0.947633557552705,0.462691036579898,1.20779335752202,4.4708033813681,NA,NA
12,1.09375182612965,0.550476731372484,0.808786883519533,1.43261410875459,1.08165871606276,0.912238842743216,0.568916617649375,0.386166659809183,0.73323175034218,0.595984010027023,0.753708526475239,0.655930046016932,0.855683311000583,0.442238517413964,0.124181379144778,-0.687398018292254,3.55262623580143,NA,NA
13,2.44234007827628,2.46763871630568,0.0685455425021105,1.87337107895055,0.368858441920497,0.526448177476646,0.304174108326202,0.314635530189029,0.578142664907617,0.29785068411252,0.65081455625908,0.680949477368151,0.0737743801360484,0.820375007093186,0.0568306498563616,1.15042181739281,2.59632034050828,NA,NA
14,-1.49806590191417,-1.54207426914193,0.0585413330675261,-1.44764385051148,0.343341185568482,0.0457304069609381,0.264874332333915,0.199626611329382,0.457127631625277,0.787217925449833,0.888733850773307,0.0678835251008859,0.750282825417235,0.869291725504096,0.413996178072528,-2.12058020863499,-0.77470749238797,NA,NA
15,0.560573869457662,0.482045169179231,0.0500495603513189,0.385609187374206,0.750690136126885,0.168203406425077,0.00695130260346923,0.0172132001719438,0.213902650413569,0.233522163934191,0.877947269561351,0.840166353840614,0.725598146073869,0.897325892414432,0.00988486508536152,-1.08571644298396,1.85693481773237,NA,NA
16,0.0687484115722347,-0.388869776231732,0.772977315650368,-0.151001747579798,1.14136217796074,0.387298922475427,0.557916395140579,0.569751182579435,0.216186011860613,0.38711246779107,0.131737448268803,0.111717307340237,0.367455730638234,0.607682830274454,0.767343237890629,-2.38803050969904,2.08602701453944,NA,NA
17,1.01553588073449,1.08746036173954,0.071121103707309,1.1901005989391,0.661261871491431,0.0860430215597153,0.310814717261819,0.773663835597574,0.0697986995162209,0.288573189005023,0.741712030259427,0.0142309321505018,0.517236712943297,0.315314106916543,0.96652953388507,-0.105948853533653,2.48615005141186,NA,NA
18,3.53919403310116,3.53534092398131,0.0581084854911644,3.66650033402218,0.568061140012989,0.839523273007828,0.262251050097984,0.915597774407477,0.36165739926172,0.501225020869752,0.639254664184293,0.74530210427905,0.282360001305584,0.823187587583787,0.00584292332094628,2.55312095857996,4.7798797094644,NA,NA
19,0.719889146352362,2.21589699562308,0.993456917438253,1.21684021295566,1.1852235631601,0.0372336364458315,0.748557115356671,0.170945375607931,0.106151554324431,0.105976585254306,0.392358113307971,0.455796591400169,0.483552078238688,0.740228882887866,0.577639700097614,-1.10615528446636,3.53983571037769,NA,NA
20,2.18110201709817,2.38524667894415,0.996290319187359,2.04706418869139,0.962188842369164,0.72696621401282,0.777080178734963,0.466931990967249,0.510165928231552,0.772399958570139,0.349072050347691,0.918236672008527,0.535464768996579,0.699673336200649,0.819093652338954,0.161208711321537,3.93291966606124,NA,NA
21,0.990571907888826,1.60919244579898,0.984723746155919,1.7248311492065,1.37170111753581,0.827713906593271,0.705697572028381,0.901478840309777,0.0900696938711917,0.489930056030513,0.174135665910086,0.206897519765305,0.164718006548588,0.437505478897947,0.709020543523482,-0.963653638717032,4.41331593713003,NA,NA
22,0.187247155067248,0.743917839365699,0.994262989261897,0.55609467166178,1.08165871606276,0.757495357737993,0.755173321016016,0.493837925150991,0.472774459184147,0.376959406318842,0.194909818593762,0.0620379621684551,0.448927731832257,0.0633356526211137,0.526958844200708,-1.56391745538506,2.67610679870862,NA,NA
23,-1.89410412371665,-0.672439138465682,0.993646991742873,-0.0341025177539156,0.962188842369164,0.866123184629017,0.750041185238981,0.396536527775927,0.966549193532555,0.778397434158716,0.819992303457577,0.525153368528467,0.424335501739755,0.983533444801113,0.357578605008544,-1.91995799512376,1.85175295961593,NA,NA
24,4.05242608075311,3.72831173753062,0.52385509578708,4.30656435243644,0.608586498612374,0.934444689883385,0.499758967067348,0.0882922830227763,0.498677626121207,0.636069461036124,0.784877654764568,0.346292178486939,0.178571301882155,0.676448111733072,0.221851028806763,3.11375673367885,5.49937197119402,NA,NA
25,1.23474611090753,1.24960682246923,0.0504520311300255,1.74490846797142,0.760610422892067,0.493229204538162,0.117500486055156,0.832077712839004,0.841134067392442,0.474494868151611,0.634280340302154,0.756933286630432,0.464726180638652,0.680829501177883,0.281752422926133,0.254139432837186,3.23567750310565,NA,NA
26,0.618680648792817,1.03711314449844,0.363119852120819,0.982266175777347,0.317053586602004,0.0145557163450867,0.464500227219891,0.146079774907324,0.691612586775445,0.261674647886539,0.817634708900237,0.13595898446592,0.106499147246359,0.682525816166191,0.417389979371219,0.360852564868168,1.60367978668653,NA,NA
27,-0.507497252880288,-1.29373014350513,0.723875446448265,-1.29674002147005,0.703280706736853,0.0724705215207068,0.544609662568779,0.740717136031948,0.03766551950539,0.0384269425595412,0.858463938749745,0.666615662335767,0.764472993953736,0.439697174852598,0.813677916844375,-2.67514487769616,0.0816648347560531,NA,NA
28,0.462721844082317,0.254466335662783,0.357820273400865,1.17190849541506,0.94325824945369,0.713579630634747,0.463232393612503,0.169597847641679,0.121107345552067,0.645871786075295,0.896282361593563,0.0412178576817969,0.504414121807553,0.974042055706843,0.332422903037979,-0.676843701634469,3.02066069246459,NA,NA
29,-1.72772912501313,-0.727855626985654,0.983418130228183,-0.560584530195176,1.14136217796074,0.115618156498414,0.701527167055407,0.546097656769445,0.973984377163695,0.230604212639504,0.479302859703195,0.698762868663762,0.624761282087187,0.836248717417824,0.307650845714845,-2.79761329231442,1.67644423192407,NA,NA
30,-0.286017046975527,0.5131007111603,0.999856405122733,1.38853275970133,1.37166271670743,0.657934250658145,0.939853505864972,0.389049733372638,0.186861977313529,0.100248412479996,0.625468374598771,0.616791603643214,0.00803630968159996,0.0438844915248919,0.00132107517530676,-1.29987676398159,4.07694228338425,NA,NA
31,1.24466204463147,1.28765813675662,0.0533251671184689,1.33167380032144,0.190188486689646,0.0355615150760859,0.217428213265259,0.177246050442569,0.416656102044391,0.442554198977887,0.343030867796042,0.509290332829347,0.815818613706157,0.254524404626107,0.188033956690691,0.958911216135555,1.70443638450732,NA,NA
32,0.264616614523737,0.246315843249058,0.0550096436017229,0.529075925135561,0.323132902568914,0.125278454388608,0.238009502630681,0.3931804482718,0.162628608033294,0.603379193096654,0.397142304958426,0.370591572573874,0.215941179356305,0.727196351054707,0.642324179681018,-0.1042529261194,1.16240477639052,NA,NA
33,-0.117308993284613,-0.110112351988025,0.050312840530209,0.591830218516162,0.380194182016492,0.850287156677805,0.0990902834517183,0.509702550742426,0.683634142386494,0.439890244766255,0.783802105061128,0.967865734930499,0.274000866787275,0.905878889061045,0.69141410076688,-0.153336685367828,1.33699712240015,NA,NA
34,2.7345020992104,4.35688578313178,0.999815343140467,3.16698019884912,1.37170111753581,0.626910379983252,0.927276178979664,0.920043160744011,0.281341144866194,0.523396563686663,0.266730492374976,0.00226116225507576,0.168685441053822,0.0985053589437157,0.177979962460813,0.478495410925593,5.85546498677265,NA,NA
35,2.10928159943019,1.06062835848376,0.994409506835279,1.10525931183103,1.14136217796074,0.230537509985385,0.756474618287524,0.535302205893327,0.12566965851665,0.869901694009197,0.891805458385381,0.563719554853509,0.567486681044917,0.145585310786031,0.170257978356211,-1.13176945028821,3.34228807395028,NA,NA
36,-1.16006631552081,-1.83982423147994,0.31656741084298,-1.77063151402236,0.372120256478824,0.251796377495746,0.452924956751638,0.998583353895112,0.649345433944021,0.868076209514518,0.173340528860688,0.0690981941871578,0.859491760291392,0.198913896273472,0.583303523702896,-2.49997381463866,-1.04128921340605,NA,NA
37,0.496683027861512,0.0309007845628681,0.818532640132384,-0.210897766177772,0.94325824945369,0.952711026083212,0.572170361625263,0.246036185329082,0.151443400305347,0.0940293591518421,0.98592649526475,0.93478543188679,0.50843892184156,0.0667038282222347,0.726393351573148,-2.0596499632273,1.63785443087176,NA,NA
38,2.23195240518855,2.10581571842704,0.0582371551592661,0.991209705291052,0.37813898880902,0.363111231052899,0.263045077541843,0.0143723497649189,0.85252975726896,0.843903591633774,0.183856796553941,0.841960870722425,0.207778030561982,0.0194151878679404,0.448994320380967,0.250070906074979,1.73234850450712,NA,NA
39,0.312147136084042,0.246410746172754,0.0522948918011027,0.285603079002026,0.519405276147674,0.54919935209211,0.198832115517464,0.735100978318602,0.384242327277432,0.312076443987549,0.624146571126184,0.921194982108311,0.213749165410409,0.85795643996913,0.656252515443251,-0.732412555627495,1.30361871363155,NA,NA
40,0.918888926956632,1.01368838861909,0.0940859654806296,1.41875533765114,0.467920852682791,0.23546384907444,0.348859853591421,0.121989971563453,0.653164367768681,0.446195428269682,0.939896005645045,0.81890276160161,0.981580136592616,0.553302424362628,0.870898415227071,0.501647318777594,2.33586335652468,NA,NA
41,-0.840119402056813,0.0283727733775126,0.999936908403041,1.27772587250749,1.14136217796074,0.120983619199716,0.98097816293512,0.533568934960407,0.32102042807336,0.0357316767029697,0.793214410254383,0.937402789462009,0.708073865787475,0.846645822713035,0.580018737296108,-0.959302889611751,3.51475463462673,NA,NA
42,-0.306292179546317,0.864839965753135,0.999708024559959,-0.126895444378291,1.10072686126702,0.912964501249604,0.904362009224249,0.318739880315843,0.678228434692021,0.990068272901117,0.381212019672734,0.0177037329686573,0.789071106411749,0.923319073747843,0.38399488597177,-2.28428044927747,2.03048956052089,NA,NA
43,-1.51875845069674,-1.29138269072339,0.854691685854158,-1.51965225935935,1.14136217796074,0.319813137131045,0.585580070781405,0.681028044539155,0.5654030062448,0.624436902554822,0.983570635727257,0.202831971293432,0.185694659674191,0.0785475712289335,0.742145104947034,-3.75668102147859,0.71737650275989,NA,NA
44,2.58291834842617,2.5935753623089,0.051077077922882,2.38157525561306,0.370193456770757,0.204197935009142,0.160946208609501,0.593872106803115,0.193721391057828,0.001737363211927,0.356111125401105,0.212746447846876,0.878205316507374,0.0374639426545473,0.668314243979286,1.65600941302999,3.10714109819612,NA,NA
45,1.67433978909172,0.825317198128936,0.981588760480702,0.925770447472528,1.08165871606276,0.877776319145923,0.69619650758116,0.406274372514687,0.666626747934963,0.483400244342629,0.0871555374634918,0.28443681569153,0.338948890771018,0.297790925221634,0.599503667381708,-1.19424167957431,3.04578257451937,NA,NA
46,2.4358099138599,2.50557784882651,0.168160952461423,2.48226532387595,0.323132902568914,0.1308048157905,0.402420436466928,0.294106414962676,0.0218796590350103,0.627722280098009,0.418613289440167,0.471333432740183,0.4120610098365,0.532864548061625,0.413034032409894,1.84893647262099,3.11559417513091,NA,NA
47,-0.805753384446133,0.140292443342685,0.999668027587361,0.289478923820693,1.09893285163646,0.828295184844756,0.897940794343012,0.622545891367481,0.803073541451013,0.000344753834651783,0.156332543076365,0.580210342732258,0.526726474510971,0.225476017594221,0.331210590353352,-1.86438988681466,2.44334773445605,NA,NA
48,0.259794380727749,-0.422354329525663,0.99982242266884,-0.837497392367777,1.14136217796074,0.0968171419731807,0.929231207002653,0.629365879928926,0.48758652478084,0.750882603389327,0.48730757047073,0.227936190738692,0.646972776068375,0.556405023136409,0.815380864938372,-3.07452615448702,1.39953136975146,NA,NA
49,0.250772176202565,-0.125635326582505,0.412962958687954,0.049815040540534,0.63518243822779,0.848930963526131,0.47596064331464,0.691353794596856,0.129407739565941,0.989065157786128,0.421876833754359,0.769768003117642,0.0787266348798294,0.722377582669375,0.36910178560263,-1.19511966199827,1.29474974307934,NA,NA
50,0.40785257657271,0.394328221961089,0.0501352259441716,0.894877309485455,0.585319855165848,0.926369362217258,0.0571436064806767,0.200238355885027,0.725698794609518,0.568657769997371,0.0505959618785419,0.834936293432722,0.362552831289708,0.431520612841821,0.958923102264525,-0.252328526075808,2.04208314504672,NA,NA
51,3.54244891800861,3.58207482711235,0.998883229840743,3.36007985306772,1.37170111753581,0.669976291818195,0.837242250637733,0.982490683043376,0.443159125898266,0.339001972698024,0.613505386123434,0.759671875599423,0.166388750946731,0.386336062990362,0.936783131022705,0.671595065144192,6.04856464099125,NA,NA
52,4.61123916753832,3.10455939044697,0.999943978011789,2.24113637934182,1.37170111753581,0.799048863868346,0.98692070155195,0.873249627234996,0.262767682194477,0.745526375323301,0.015408265144215,0.0167730456815334,0.584682165751001,0.10562627975049,0.463050935412175,-0.447348408581713,4.92962116726534,NA,NA
53,2.16355183664739,2.15492205690474,0.051525599699679,1.89708160557798,0.323132902568914,0.257455904817441,0.17837663895532,0.674422756381798,0.126769547877717,0.653425658103544,0.473124692576588,0.158643132485449,0.857618324471056,0.0481569098280743,0.740439206492156,1.26375275432302,2.53041045683294,NA,NA
54,-0.192182652709555,-0.219330581544894,0.0540990933577977,-0.203128894328585,0.370193456770757,0.0831885681799613,0.227931400164845,0.0661862053532386,0.278432041064254,0.211696215161821,0.0317681572330184,0.125312995665474,0.396701011979021,0.402926831805962,0.288787350476952,-0.928694736911653,0.522436948254484,NA,NA
55,1.53261442165369,0.037304685049156,0.996211982155509,0.282565321969269,1.1852235631601,0.329518806306995,0.77603118702292,0.152003566255094,0.755820868289913,0.277491082894267,0.0724552793467883,0.72979498670774,0.512441050431808,0.71246250363288,0.630280920719612,-2.04043017545276,2.60556081939129,NA,NA
56,0.46508740404714,0.461488591297444,0.0503867283260732,0.254814183566739,0.381364506449322,0.316613867245964,0.109695617422694,0.129143266757019,0.977821221914957,0.105130758480635,0.96546959110233,0.0649965042701224,0.80864383150707,0.279417521306896,0.717515042103827,-0.492646514055825,1.0022748811893,NA,NA
57,-0.654560937579681,-0.685248528185487,0.100092416954228,-0.590749447750086,0.370193456770757,0.365090142595232,0.355578878294444,0.288013244326459,0.362252261764137,0.239198658223613,0.307350196122658,0.674767760439892,0.738652560038492,0.445634553168435,0.795322217522655,-1.31631529033315,0.134816394832983,NA,NA
58,1.03834438978626,1.7813650008809,0.96476047128365,2.32530094760184,1.1852235631601,0.0934238929436542,0.662824691177579,0.0441784666584572,0.0160202527752845,0.633332188280066,0.873221938336385,0.659514793204027,0.167256804897683,0.165149758249521,0.922879064040026,0.00230545017981809,4.64829644502387,NA,NA
59,2.06688836881521,2.76647120142412,0.787049093800607,2.07517201118784,0.691246431152032,0.532493852111278,0.562079642559052,0.880558682182804,0.931104869807721,0.691749631738872,0.720897010733257,0.172841998481425,0.238010196762392,0.785223363155383,0.395114324266789,0.72035390168801,3.42999012068767,NA,NA
60,-0.216562012236636,-0.161348758594725,0.0500589909086494,-0.265736955672041,0.37748013559708,0.386704300141428,0.0156614087694325,0.333125182332704,0.735702232735348,0.174833066887455,0.0108024715000065,0.986053974527051,0.797987634463818,0.180464239731315,0.773869541284046,-1.00558442632161,0.474110514977532,NA,NA
61,1.10951021188016,0.639346729125081,0.924466467091344,1.28747903259463,1.14136217796074,0.254353058902081,0.62245186231751,0.544876800576109,0.344997358517488,0.0385021218591137,0.552799342995044,0.559483994707465,0.314420212513534,0.363112757759285,0.15133800764929,-0.949549729524609,3.52450779471387,NA,NA
62,-0.342347498885378,-0.494605501959299,0.0569971255567635,-0.536699864172171,0.37813898880902,0.246479602274485,0.254821504957741,0.522573114676983,0.697721493853605,0.517598072342807,0.419421144948923,0.706904907525634,0.878512934758095,0.0342689563746098,0.628219190067844,-1.27783866338824,0.204438935043902,NA,NA
63,-0.771592602698904,-1.08009967512832,0.999942299790155,-0.944469524324272,1.19064519231828,0.0346066096833674,0.985444785716943,0.923315073329955,0.932839428214589,0.0475592602269026,0.630955059713917,0.713879729132634,0.508869427625788,0.403275770160137,0.122187850176357,-3.27809121963387,1.38915217098532,NA,NA
64,1.75234103545318,1.782649194296,0.0525477168388352,1.61179702495972,0.372120256478824,0.302965314928675,0.204071051293518,0.963796431638533,0.435541604774771,0.47680246501381,0.433180109309964,0.125789341387688,0.879840798477991,0.246194012926542,0.191121008281945,0.88245472434342,2.34113932557603,NA,NA
65,-1.50424943432371,-1.5200271433065,0.0504676371678007,-1.42185689139192,0.37813898880902,0.264380982026109,0.119198391001089,0.407399371455656,0.786448506365763,0.747632987826015,0.110965706493938,0.501557058160775,0.18601544038998,0.497647274584975,0.588404973537545,-2.16299569060799,-0.680718092175848,NA,NA
66,-0.270808860259545,-0.185165237013469,0.853650462469412,0.465880503359672,1.14136217796074,0.456304316599388,0.585158328668331,0.578503581344383,0.187806208215421,0.449977413090761,0.0249830444208346,0.665222118221922,0.766912224320229,0.817936166772386,0.857586435090983,-1.77114825875957,2.70290926547891,NA,NA
67,0.977750192707281,1.0102939068598,0.0500690294679894,1.00971061943638,0.370193456770757,0.04004336435406,0.0235194443699438,0.0727696197904879,0.281685782156535,0.0545164502124535,0.303226172661991,0.3936055449259,0.837146992315655,0.872121284582652,0.763158320801333,0.28414477685331,1.73527646201945,NA,NA
68,1.02462276782494,1.03593574821905,0.0673397210780499,0.521982134230544,0.349943821426872,0.409761130454135,0.300747943406459,0.864859825948486,0.848184224470635,0.763160280707758,0.171773146265303,0.464841495416244,0.308906276198337,0.249224803221528,0.326561933076708,-0.163895152378442,1.20785942083953,NA,NA
69,-0.00230346284068195,0.236786299586671,0.130965944416326,0.53444556491901,0.736660787473628,0.627114518100861,0.38133231565333,0.879083109755418,0.0684851431545103,0.625803998306976,0.837606366202584,0.82241839529539,0.489920768767595,0.817061633642064,0.504785822298611,-0.909383047352216,1.97827417719024,NA,NA
70,3.01898112669243,2.59998044738033,0.999754409015019,-0.0306399859524735,1.37166271670743,0.963863229714334,0.913014561191667,0.319573207164067,0.333506422041217,0.0590194384597708,0.276872599705588,0.127002526964876,0.96799641475128,0.968802055035601,0.131416882008896,-2.71904950963539,2.65776953773045,NA,NA
71,-0.54025163086609,-1.21452408008566,0.896231189419946,-0.805908614645762,1.37661810341601,0.131508990669507,0.604931357317371,0.880197359702317,0.178204061397933,0.734603771439754,0.37713890705863,0.449165225191624,0.987502438199939,0.600783066223492,0.644867425489938,-3.50403051780697,1.89221328851545,NA,NA
72,1.59725379131288,1.53678943209,0.0501061415232041,1.59874165898443,0.363569769611388,0.830846795127494,0.0450333899388788,0.627785683138995,0.634055849236669,0.90575821999053,0.427560261307168,0.309345160580473,0.387693177560344,0.140974858832546,0.933367847168935,0.886158004678582,2.31132531329027,NA,NA
73,3.55457487126688,2.48718624015442,0.784142713823557,2.919695953167,1.32370409105544,0.803129655513447,0.561204298277269,0.213142646787339,0.776492410706123,0.176030517818755,0.181564447133685,0.39006260509626,0.636561919729924,0.794982886754442,0.86799536190927,0.325283608510011,5.514108297824,NA,NA
74,-1.46737786511207,-0.965628611271319,0.226439771966014,-1.32176742593811,0.37813898880902,0.146059440686484,0.426098802577006,0.374720303992857,0.448910784461303,0.631087681117468,0.191824856285006,0.750120906619122,0.527979010252398,0.950881440559053,0.84525393211341,-2.06290622515418,-0.580628626722035,NA,NA
75,-1.1517722105058,0.108676265828079,0.68435934570479,0.472036653106536,1.1852235631601,0.325298397665028,0.534900559431873,0.142728388536721,0.942991401141509,0.0571138876324985,0.578975585712236,0.711964542191359,0.596156541254837,0.553810006488115,0.828746439564973,-1.85095884431549,2.79503215052856,NA,NA
76,1.47012490508105,1.87328843289145,0.999936043469455,2.60144743249439,1.19064519231828,0.0237333815118764,0.980297314814059,0.763432229283033,0.239907837388222,0.330172062499099,0.249666241414263,0.7104026934352,0.845871116528637,0.345160408850992,0.449812033146736,0.267825737184792,4.93506912780398,NA,NA
77,0.202131772102355,0.291716453397469,0.0525251929266617,-0.18065812302977,0.0852405877510556,0.0616486003790051,0.203625855932245,0.648555730059161,0.364166868473287,0.124941132173408,0.531416896950686,0.914805478283553,0.901028561358457,0.0908037274519447,0.567160899828421,-0.347726605042865,-0.013589641016675,NA,NA
78,-0.315680812563454,0.894516697765517,0.752350679588453,1.9827812155118,1.32370409105544,0.512653837813763,0.552120955399354,0.179172531302553,0.408043484986876,0.394022299601114,0.537827901824377,0.0139389951457269,0.514818291523843,0.24066851723555,0.401871240862063,-0.611631129145195,4.57719356016879,NA,NA
79,0.828147213861143,0.913844772774746,0.998860807242713,0.0516387832867764,1.37661810341601,0.00729715717525687,0.836247110541561,0.997536352509865,0.0720397975386586,0.968636525446549,0.193572419418022,0.830266912073595,0.195969213037635,0.610555889549432,0.604920106661739,-2.64648311987443,2.74976068644799,NA,NA
80,2.43031854796156,2.49122700459042,0.078997272654813,2.58057637411144,0.642863495404252,0.513597087500151,0.327086939082015,0.850894885503687,0.792691984438803,0.801709427834139,0.51672475765238,0.461526883356622,0.0103183998776367,0.975888157536043,0.992251998200896,1.32058707614357,3.8405656720793,NA,NA
81,-1.55176902572102,-1.7206864976051,0.13003895126843,-1.84926022923048,0.381364506449322,0.0560861747149611,0.380703248398146,0.457257334796246,0.496769733298221,0.0336798484155443,0.587422204388538,0.197686511783162,0.903239583803108,0.859092649498954,0.762897377683199,-2.59672092685304,-1.10179953160791,NA,NA
82,1.38006314667661,1.51425154872046,0.0528416342907858,1.66007983724649,0.349943821426872,0.176072295493446,0.20954565165611,0.700428953694762,0.897286297320738,0.828096990332124,0.482797418484464,0.717026197586674,0.680386354494491,0.877004487670725,0.232269511349499,0.974202550637506,2.34595712385548,NA,NA
83,1.48317196702982,2.44890406354573,0.999924584804622,2.12641051700799,1.37166271670743,0.959260872742976,0.972056454554317,0.795218192773056,0.223466614309349,0.816316515086102,0.95081844946905,0.650794035064057,0.586249798268662,0.0807944165448425,0.736082400901825,-0.561999006674931,4.81482004069091,NA,NA
84,1.88698034605669,1.64320264106372,0.168386814900989,1.25375693994779,0.337479636818248,0.0590591841137502,0.402529497232987,0.895745569782564,0.702223547525587,0.162128316358547,0.0559664408210665,0.778947777434834,0.679621639664518,0.96523480376706,0.912773284753086,0.592309006268369,1.91520487362721,NA,NA
85,-0.373405723092734,-1.42747269241371,0.999951605404024,-1.61122341618282,1.19064519231828,0.080414632531465,0.994238908324856,0.836255636274465,0.00422501363535412,0.194831490026438,0.990573980349814,0.0727457675391343,0.292983485591598,0.877573536509532,0.172488667995436,-3.94484511149242,0.722398279126771,NA,NA
86,0.73193946036154,0.740757413494705,0.0500839390644296,0.884891021575072,0.353952604383077,0.754905992429936,0.0332981104687788,0.361279419990839,0.774444175026612,0.565125022246619,0.0574252596417209,0.58378579055809,0.630142299004947,0.992458398987539,0.427981065918691,0.191156664750087,1.57862537840006,NA,NA
87,-1.8135603805815,-1.53261696998938,0.251824460499501,-1.7234152973272,0.37813898880902,0.197475671334774,0.434488034162438,0.225043226804701,0.662216972568422,0.726923150831368,0.30162548553152,0.834085214291816,0.672580768719315,0.00359683082823176,0.0439680169274798,-2.46455409654327,-0.982276498111125,NA,NA
88,0.698433614480138,1.70114472650471,0.999777189156936,1.30684573002708,1.19064519231828,0.105325838554301,0.917882976210909,0.829735830317368,0.510657658061944,0.219661682946724,0.0686281743184663,0.0456264909569873,0.749526558473706,0.304382588435546,0.608978814495029,-1.02677596528251,3.64046742533668,NA,NA
89,-0.447801411096704,-1.82443130560604,0.908127364985492,-1.65822117703165,1.1852235631601,0.378264068618766,0.611717465832364,0.367635623743525,0.853667461070814,0.194299445178825,0.968365151114413,0.490924654269824,0.190256577904569,0.473356734669069,0.896477788086981,-3.98121667445368,0.664774320390373,NA,NA
90,3.4321354932702,2.59115264956438,0.279169394395918,2.13293393110914,0.715624001280103,0.622686050217017,0.442702863881132,0.994913228166872,0.515283580962336,0.707912692053127,0.00566324912919663,0.839488130334066,0.206086423467379,0.361045195915387,0.277449663507752,0.730336662127691,3.53553120009058,NA,NA
91,0.119560914931317,0.166805834473929,0.0505275552463716,0.398388010186116,0.367108237794206,0.977579499585787,0.125229590215371,0.490514716236037,0.629794501507771,0.362329855739838,0.716558862227015,0.47467659734434,0.204284728958621,0.276628712483798,0.442711291883606,-0.321130914318493,1.11790693469072,NA,NA
92,0.492723338166488,0.170543546292692,0.156146238967273,1.07338933538653,0.94325824945369,0.832488208686816,0.396341927277739,0.0242386986458441,0.175300369328703,0.632015430414234,0.595063042986207,0.690440535874921,0.718488560559345,0.790159602011205,0.151677988394862,-0.775362861663002,2.92214153243606,NA,NA
93,1.68395077644442,1.47257775885054,0.183155401794805,1.8891622636046,0.415163278593291,0.915337072711321,0.40930340070941,0.675124819475692,0.119268279877142,0.364998506068718,0.670429376677261,0.496060473892605,0.747451155763469,0.775959597289097,0.813357222181861,1.07545718985818,2.70286733735102,NA,NA
94,0.338066375663653,0.581027482168035,0.815950844077184,0.119889785239236,1.37166271670743,0.601539069251972,0.571295756088686,0.777176249482902,0.277262965103961,0.453483861674671,0.743731388602871,0.899623779045651,0.114767545762938,0.075363060888485,0.976137159634498,-2.56851973844368,2.80829930892216,NA,NA
95,0.357433014107076,0.422748233783482,0.0508741405167608,0.106291794559219,0.261204202580996,0.0467581702549942,0.150497222249513,0.104742353682872,0.72987385971914,0.319387460135273,0.485853923573275,0.605229193829233,0.494216517337947,0.955246837414918,0.142444537250209,-0.405659035110038,0.618242624228476,NA,NA
96,2.98621560723273,2.93424607476404,0.0626631864103922,3.26516290002674,0.627542231250367,0.673153232961427,0.284782819952117,0.440730535950628,0.24631210891949,0.914159625128959,0.0307430270240875,0.670088544377824,0.722063017814071,0.0600187818506965,0.889210154346772,2.03520272799811,4.49512307205537,NA,NA
97,3.88005714376798,3.87337396096539,0.0581659791472915,3.90070625356194,0.494455753348821,0.739282548716059,0.26260737894557,0.300258159143035,0.553154210268403,0.777685181166278,0.659122947495664,0.588102387579973,0.612980295952759,0.405629993830924,0.0207508171066875,2.93159078504963,4.86982172207425,NA,NA
98,4.4063095315443,4.08709853957964,0.994749199327104,3.15933445138886,1.32370409105544,0.584865175115061,0.759626946031698,0.238138051237445,0.444734542312217,0.107771218467737,0.436911672434653,0.0642916361124953,0.286195187725592,0.841718675465439,0.166020935653825,0.564922106731868,5.75374679604585,NA,NA
99,2.13408319787577,1.97899566095918,0.354154366219958,1.87646222306282,1.08165871606276,0.83799315621308,0.462348741895752,0.445486350988271,0.73282594793709,0.202921365963644,0.897288014327642,0.0422293261709856,0.0915768258217722,0.912524726648815,0.268555164072197,-0.24354990398402,3.99647435010966,NA,NA
100,1.82375501490508,1.85022899643104,0.145292876869661,2.56554823555945,0.697898561217171,0.988316622856772,0.39030980996869,0.510469470954617,0.221928568467381,0.534080493027694,0.590059330238611,0.286163382262806,0.474563976822305,0.844529422314023,0.0489028271951247,1.19769219071147,3.93340428040742,NA,NA
101,0.155686017883875,0.194481241788481,0.0517148726575842,-0.52571627650377,0.370193456770757,0.0743791495363694,0.184234180072555,0.341101717406767,0.343223943866789,0.479864739083452,0.264830062722205,0.037331067341147,0.37983797907969,0.204160606113495,0.926644412406371,-1.25128211908684,0.199849566079298,NA,NA
102,-1.12186584291542,-1.204373702745,0.0535725752656655,-0.949264880655817,0.343341185568482,0.0576634194254875,0.221029620423447,0.25494442411128,0.855382883614278,0.57063703597791,0.863995710936142,0.0481310571529903,0.939506840098649,0.340341528740711,0.440828605916584,-1.62220123877932,-0.276328522532309,NA,NA
103,0.514427610599223,0.454923454733194,0.103697582038097,0.324425404975534,0.343341185568482,0.220011600957252,0.359254504860146,0.634689491571393,0.98966962850024,0.895963125830982,0.975870361679001,0.851770388145931,0.728232391301542,0.439138175851549,0.164855574522517,-0.348510953147974,0.997361763099042,NA,NA
104,-1.68111926336102,-1.97743778646529,0.999648226686286,-0.625570814150461,1.14136217796074,0.309779271452688,0.89504299671459,0.532443070330308,0.6948667106512,0.179295415823697,0.607705303119728,0.00937511856330093,0.79510904397245,0.635066796278697,0.756809619215899,-2.8625995762697,1.61145794796878,NA,NA
105,0.0372699620060387,-0.0338214207194887,0.930535797859246,-0.643347586224329,1.1852235631601,0.363699128003558,0.626985952031682,0.289736650332343,0.200857507627108,0.686151731384452,0.472797828514362,0.29973271107371,0.113536826985423,0.630195342576131,0.885574635274708,-2.96634308364635,1.6796479111977,NA,NA
106,-0.240271827427257,-0.21556661178929,0.999004528886556,1.09222706982757,1.19064519231828,0.307438986797701,0.842997637195163,0.747870762144215,0.460820687291212,0.261356084714062,0.701944048573612,0.230354628388886,0.32326372956729,0.574498765595374,0.459188699085964,-1.24139462548202,3.42584876513717,NA,NA
107,-0.14995158547486,-0.175667621664554,0.110451273903943,0.171688603127724,0.095529714320793,0.915950147131574,0.365556168285781,0.757570548898424,0.737181703870534,0.512851875586202,0.846708062082063,0.885272765559843,0.315142925948952,0.651232070546132,0.755918598623713,-0.01554619639443,0.358923402649879,NA,NA
108,1.80062286939808,1.48745563826705,0.911525760506899,2.52144654911233,1.1852235631601,0.26227697306138,0.613799676348805,0.244442675587256,0.634647521240055,0.363942008683225,0.763777732655639,0.564065305934986,0.61762050373375,0.895043477764702,0.372759352447814,0.1984510516903,4.84444204653435,NA,NA
109,1.73529940775545,1.7733471575189,0.116856886873588,1.81307923972864,0.337479636818248,0.0782272991735954,0.370953352727462,0.808747461611638,0.284823668440571,0.702674151597894,0.0709578527047997,0.724014512170339,0.65542683199537,0.315926005925634,0.625753440837609,1.15163130604922,2.47452717340806,NA,NA
110,2.09581682449011,2.0513705821924,0.163389095499102,2.10168853389052,0.37813898880902,0.0685677972964477,0.400073306691018,0.174538941007224,0.642775003673974,0.489441617961274,0.461404544013552,0.319778039488243,0.307602643860155,0.72554505682236,0.790494339723489,1.36054973467445,2.84282733310659,NA,NA
111,3.19959004161613,2.09335105402902,0.999784522495666,2.62957834181602,1.1852235631601,0.275166901923949,0.9195566951785,0.233152843659627,0.635445775827277,0.264303087703884,0.528841967348242,0.353239749374567,0.242956339284661,0.811576566724572,0.308103727566311,0.306582844393993,4.95257383923804,NA,NA
112,-2.93095262648287,-1.76527478210012,0.999910398656322,-1.04203206821723,1.1852235631601,0.295137723874417,0.963437631282373,0.194934353295946,0.66107510567084,0.00844535473082215,0.0451490325264167,0.481272225754336,0.586672054158407,0.940304992695805,0.650851602494833,-3.36502756563925,1.2809634292048,NA,NA
113,1.80330631201976,1.76333351323627,0.0512375267849557,2.12832741524596,0.495729381467956,0.625884618144832,0.167897819200647,0.80736004144582,0.471041487857117,0.071361803626176,0.66928701734182,0.486440325988922,0.848059034049977,0.986082133015385,0.88308979911753,1.15671568149045,3.09993914900147,NA,NA
114,-0.626599097005553,0.355518871013804,0.86122498677323,1.00752398604986,0.633707362053087,0.501181864185026,0.588284571135533,0.946109712328413,0.592174659132957,0.83812630276056,0.0949924286087044,0.736651135920081,0.413147436456871,0.881775762683945,0.142618732858216,-0.234519620312074,2.2495675924118,NA,NA
115,-0.725179090779624,-0.874461235462023,0.141050434966385,-1.19222581766333,0.37813898880902,0.18821157366538,0.387785168835428,0.234702967887279,0.711276980335126,0.803671846859623,0.180374816899188,0.012755828928086,0.240220611457364,0.217562120161252,0.0570178031253163,-1.93336461687941,-0.451087018447262,NA,NA
116,3.80463504991194,3.29425961423988,0.598792168249638,1.7704078302051,1.08165871606276,0.921586207623011,0.515662011445849,0.299401001442689,0.84490524700773,0.608324932694668,0.376969617078546,0.26778708114184,0.40315524672193,0.371541249937611,0.78256038750778,-0.349604296841737,3.89041995725194,NA,NA
117,1.16072500635961,1.11457100298409,0.0501504123088346,0.896254403090925,0.190188486689646,0.215886807634844,0.0624660663263639,0.311193309296388,0.428831076847273,0.257706662846263,0.258467054769513,0.547188227422186,0.512991186426254,0.728098467573407,0.581330368654104,0.523491818905043,1.26901698727681,NA,NA
118,2.70869370930114,1.14636894471911,0.999348115899276,1.41776818770253,1.14136217796074,0.361880735279992,0.864183202387416,0.500797101865988,0.933965155321406,0.801473396424437,0.449608265661285,0.221807988317334,0.162862651763135,0.813862354800804,0.507311884750612,-0.819260574416712,3.65479694982177,NA,NA
119,1.99098352846608,2.0262461938974,0.0591647521648752,1.48908485652514,0.593410370017563,0.837478724510409,0.268429839859833,0.330570831992314,0.438890480743721,0.985294415812125,0.150855891833198,0.89257650912914,0.055155282380525,0.188868323025294,0.406416563278413,0.326021903238131,2.65214780981215,NA,NA
120,3.22673524252381,3.35900873958106,0.206162106236068,2.73157242473906,0.662240138617476,0.87406035764073,0.418700766693801,0.939828967260895,0.789655468609417,0.670172211760189,0.328110018213862,0.0589239667229122,0.457960197867011,0.96444801842398,0.691587600738159,1.433605603932,4.02953924554613,NA,NA
121,4.39420847033015,3.47536036751476,0.723275462908813,3.21412098744705,1.08165871606276,0.684605702686007,0.544456599569996,0.507941865272354,0.85207968369138,0.184744819147862,0.564585330665228,0.293922146613826,0.924920719262562,0.256714361116406,0.939490105294972,1.09410886040021,5.33413311449389,NA,NA
122,3.77861354515806,3.22855368459627,0.893369827685809,1.84492963914237,1.08165871606276,0.607447449314641,0.603401952601154,0.562718176750932,0.710048503916361,0.562313634974766,0.811495084467111,0.733156694928999,0.44404716080206,0.286127305662027,0.369921098138904,-0.275082487904472,3.96494176618921,NA,NA
123,-0.365188548639074,0.125939004396184,0.563740194541059,0.607636095081788,0.857860985695372,0.11888944582059,0.508173986480804,0.734594677477959,0.00244502856733743,0.225661742591416,0.744041735179024,0.198170184688293,0.88916398149298,0.218388854857883,0.400977181583876,-1.07374054062317,2.28901273078675,NA,NA
124,-2.87224759163113,-2.11259428597162,0.999744755322376,-1.91545205529127,1.1852235631601,0.26124277701031,0.911086297182948,0.352819483070285,0.600305057529826,0.7822073269994,0.76294944493298,0.376305823053583,0.458831084585865,0.115101987009635,0.71251525298215,-4.23844755271329,0.407543442130757,NA,NA
125,4.33108399359982,3.77458947357195,0.361260250202017,3.91273553475408,1.08165871606276,0.973062373504159,0.464056614275323,0.529728093621088,0.779094587672502,0.155728208199143,0.648980336330482,0.341563760480843,0.687590851750108,0.340583382172161,0.469203781263437,1.79272340770724,6.03274766180092,NA,NA
126,-0.14021348573771,-0.11495737811039,0.0603517158044061,-0.214571061333974,0.110885208183782,0.693490667766775,0.274582332233898,0.657297276677331,0.944568886181107,0.597542292687576,0.40587565781991,0.272307840572204,0.943440136144869,0.252744758320623,0.417942430747673,-0.431902075792414,0.00275995312446511,NA,NA
127,-2.07418148322941,-2.06015050934919,0.0501381493016515,-1.49913168832829,0.372120256478824,0.374760652431753,0.0582131581834983,0.974649179279339,0.133721598826814,0.669439158342546,0.375212557044462,0.499948906906182,0.914106162353535,0.490166009757901,0.778286460692761,-2.22847398894459,-0.769789387711986,NA,NA
128,1.38264280601714,1.3777970958622,0.0500702591508044,1.38571916330754,0.337479636818248,0.033054321976495,0.024402362822555,0.93890419837099,0.322966615404352,0.379050293732318,0.263046643857844,0.554576898989035,0.584263426368474,0.713667446150212,0.734379831667989,0.72427122962812,2.04716709698697,NA,NA
129,3.40946092222562,3.40471018069586,0.0523538814815114,3.60146571064259,0.94325824945369,0.79229010688595,0.200104226000374,0.129784698011936,0.0123329711117549,0.644932735318784,0.9175159763376,0.786322869113181,0.425218603462214,0.393342886571307,0.925411164343473,1.75271351359306,5.45021790769212,NA,NA
130,4.81844867724167,3.84931292592822,0.782021464523659,2.73029336639725,0.624198255905321,0.893551796281245,0.560570661991369,0.415364559482085,0.372164694301318,0.116935874570394,0.230012299071881,0.864014836449642,0.894622581703705,0.650421002886374,0.178845954736578,1.50688726561011,3.9536994671844,NA,NA
131,3.671754357391,3.56364837507085,0.0515295494162321,2.49542724546337,0.376433977861836,0.560223937323317,0.178506127889268,0.561046693183482,0.619953366670292,0.637963545341394,0.956257830512128,0.551798825270496,0.992320430851425,0.140189481470035,0.218537250799011,1.75763020629702,3.23322428462971,NA,NA
132,-0.327206115306572,-0.321766627737503,0.0502995865423569,-0.471153666994685,0.381364506449322,0.400458920424106,0.0969250736172544,0.688821477504331,0.674433394442778,0.118374017243506,0.706848069766304,0.390756080293329,0.572563141847262,0.856478548625601,0.354272111519938,-1.21861436461725,0.27630703062788,NA,NA
133,2.58076091033996,0.706955277304683,0.999945312702021,-1.5426537830324,1.37170111753581,0.585050941561349,0.988126411316218,0.98395595764101,0.957402464266517,0.620027064117021,0.617336914198589,0.26361138286686,0.126788310980075,0.790861521717044,0.387111995433341,-4.23113857095592,1.14583100489113,NA,NA
134,3.54910702358894,3.50116036706942,0.0503918925343304,3.3289078857382,0.451791528141198,0.710872437716345,0.110359149753931,0.632383733863826,0.278996559758089,0.956864937662496,0.721532724007615,0.632109984275303,0.0715279182965169,0.882377440006123,0.550535448439769,2.44341276206114,4.21440300941526,NA,NA
135,-1.44534406371812,-1.25165490468904,0.154489045287563,-1.09954078948638,0.372120256478824,0.0679927753445227,0.395457055569044,0.95770756039815,0.252219944146927,0.0577299577196827,0.384212864613975,0.730620972468518,0.709087360256817,0.00444095475191716,0.615100964258891,-1.82888309010268,-0.370198488870073,NA,NA
136,-0.0851137253701243,-0.0335568896161019,0.987846698247649,-0.582557302493592,1.14136217796074,0.0256383484830149,0.717299280945561,0.473058848771849,0.474011307823588,0.258313595752581,0.82085288701416,0.816829549086397,0.399813313412829,0.268983051569201,0.388433879267774,-2.81958606461283,1.65447145962565,NA,NA
137,-1.5159296496147,-0.813356980355852,0.960225003984991,-1.68412239091479,1.1852235631601,0.163052587443381,0.656522667601937,0.0518311516910326,0.392990913632908,0.091931984441937,0.282690950177843,0.774266012581531,0.0319077171529643,0.563250993280672,0.70822771260899,-4.00711788833682,0.638873106507233,NA,NA
138,0.860211295779656,0.874586848975492,0.0500822864442705,1.38156257271061,0.706473121051088,0.616713223539293,0.0323037870214321,0.998383252260508,0.888166549670859,0.126141543807462,0.606414877675008,0.992758413171745,0.250575345641002,0.665457652256009,0.561396101703052,-0.00309930059512631,2.76622444601635,NA,NA
139,-1.11622426003253,-1.53401071007638,0.901580672304394,-1.47107285506232,1.1852235631601,0.40796805699938,0.607892851628829,0.0083265661180485,0.35924234262458,0.323022693299223,0.767256598682376,0.331103795613861,0.375150038126158,0.406276300783269,0.461561978845508,-3.79406835248434,0.851922642359708,NA,NA
140,3.81235249425551,3.20272004738348,0.992120510529515,3.12256269990962,1.37166271670743,0.648484394927742,0.739193504156545,0.847248664535349,0.19624754152284,0.130827780343825,0.477239710487775,0.535648820199654,0.745861903263954,0.642784659259138,0.974024195601465,0.434153176226704,5.81097222359254,NA,NA
141,-1.44918032172699,-0.53627864936103,0.996991425184036,-0.568356248141643,1.14136217796074,0.0646181467719143,0.787591177743277,0.556186224186677,0.941976547403494,0.188894426788669,0.22566362838028,0.813347356290789,0.83871999840613,0.192051413830952,0.320052661255933,-2.80538501026088,1.6686725139776,NA,NA
142,2.50442766915856,1.75480788837485,0.999226985917634,2.27365570600136,1.19064519231828,0.452194186840672,0.855655298353988,0.8307107806938,0.883976528854459,0.243518580758595,0.662976420404157,0.298953673466691,0.569291890036897,0.326942824614816,0.592063157360535,-0.0599659893082309,4.60727740131096,NA,NA
143,3.1411958143863,3.14232050876526,0.0507713494780162,3.50765819317517,0.652583853510054,0.534366995172459,0.144236828139634,0.570710877683712,0.256176118444186,0.980359459644766,0.0521871683901409,0.854519558928325,0.740785630699946,0.220030301071587,0.862973112576758,2.2286173434031,4.78669904294724,NA,NA
144,1.05657274153621,1.00886539224187,0.0500813875621655,0.857847201293322,0.31098147948321,0.0206400133231655,0.0317545436797664,0.922697229554877,0.299801543035312,0.509439221697045,0.982680908426526,0.744603983709356,0.818698372780113,0.159633611084661,0.955866784220445,0.248334701647248,1.4673597009394,NA,NA
145,0.536591111654631,0.518782679144143,0.0503294988077214,0.879951907275064,0.94325824945369,0.589831515754107,0.101685118646245,0.15941822074831,0.11183147188765,0.567001659485628,0.195387716975878,0.238992547114613,0.899284140043776,0.0917652577426052,0.728451760310913,-0.968800289774466,2.72870410432459,NA,NA
146,3.10650572180972,3.00444621620022,0.198796786026647,2.91348794124877,0.456618381209471,0.880465442197281,0.415823345382465,0.772925048651989,0.357715508105,0.92478374589514,0.508319986553397,0.444653014167794,0.641467453004792,0.336754640902858,0.273626423162408,2.01853235939923,3.80844352309832,NA,NA
147,4.05176818126342,1.65375081707085,0.999308818531147,1.95314780240263,1.08165871606276,0.828931016582646,0.861254351615673,0.471120796127361,0.426069959159358,0.244288246811368,0.792652797018411,0.716915440008743,0.580286012278404,0.946985306800925,0.934001411462436,-0.16686432464421,4.07315992944947,NA,NA
148,2.75723582243534,2.74147173978939,0.0500994593720505,2.74769637384719,0.760087429942735,0.822433012150694,0.0417818337829085,0.101925396401901,0.241326895321952,0.48559080043179,0.697362679150305,0.942748215407017,0.625784075480187,0.756498710144311,0.898637707347283,1.25795238605781,4.23744036163656,NA,NA
149,1.44438452181314,0.5100767854556,0.990567416844783,0.416062818789136,1.1852235631601,0.239283141248976,0.730115666972706,0.178245535854017,0.051549929554807,0.872802093793056,0.362066818774096,0.490215246713022,0.832283212125883,0.273406872287276,0.658764386059018,-1.90693267863289,2.73905831621116,NA,NA
150,1.62899272379794,2.25708289278044,0.493317448527666,2.69484862413725,0.190188486689646,0.115164723322494,0.493320071262307,0.274730255031143,0.504878767578513,0.367875427604537,0.890015078512719,0.0246316226155031,0.151228313480038,0.985655627780478,0.454373604666791,2.32208603995136,3.06761120832313,NA,NA
151,2.31322847104625,2.37460166016342,0.0506990382726764,2.86975275902405,0.690208539508483,0.749588543439168,0.139311216562288,0.202695433984976,0.499653825697722,0.647736609466956,0.185492447414552,0.0832862043709029,0.904528619986842,0.910006747888052,0.115838830500026,1.51696887976544,4.22253663828267,NA,NA
152,2.18600244407753,2.23580109200419,0.0519023136384429,2.32269735856943,0.243818717555762,0.132937291311915,0.189430665409192,0.358282754631131,0.663988035532064,0.263239004542003,0.727074460516684,0.439627853999962,0.622364279550617,0.0947511137065012,0.385829489089316,1.84482145340339,2.80057326373547,NA,NA
153,0.747296827382872,2.13407596647851,0.999093756284925,2.25645344660563,0.962188842369164,0.868438988756621,0.847697729823878,0.655697519945214,0.993552862842102,0.72819016276137,0.881186536639347,0.00103709899168462,0.0350800052953418,0.0702137039045338,0.393442157926504,0.370597969235779,4.14230892397548,NA,NA
154,-0.288352271600514,-0.334515708141577,0.999801955199148,-0.814429987189486,1.1852235631601,0.214392870725598,0.923775775080081,0.36855452681426,0.814511544106877,0.237690335025545,0.264490487094736,0.0984118112145225,0.365168194706435,0.108479304747772,0.861905366755906,-3.13742548461151,1.50856551023254,NA,NA
155,0.934349005929158,0.891346519477957,0.0506497572004437,0.847709976592015,0.628752502158634,0.417696152371587,0.135653284035157,0.422648266662611,0.34506816737901,0.859796842963202,0.620016050979961,0.967166371408617,0.318836129533243,0.816171147000976,0.386367980949697,-0.384622282828349,2.08004223601238,NA,NA
156,5.55656520479491,3.23857391199456,0.998928668992465,2.94052276376392,1.09893285163646,0.980138177994988,0.839321591184358,0.846894401411642,0.908503202743945,0.639165581473731,0.0973956984423567,0.662787780490471,0.684388906359905,0.485867153567961,0.231068979722681,0.786653953128565,5.09439157439928,NA,NA
157,0.849384071357263,2.1434736985444,0.995202172645699,1.59409234681423,1.14136217796074,0.144207132185926,0.764161783149815,0.673631874702056,0.305114012312028,0.0699185407063924,0.44294141844369,0.169708120666444,0.728556642908021,0.369423576309229,0.079843045792426,-0.642936415305015,3.83112110893347,NA,NA
158,1.82781171169531,1.72762608458164,0.0501566610773011,1.48533448216334,0.701379735699039,0.959564361504745,0.0645016192508629,0.110380776081001,0.924808685865486,0.66177594000299,0.958125042160042,0.561239003729774,0.222985584005481,0.142303877118044,0.0277901006485336,0.110655460706997,2.86001350361968,NA,NA
159,-1.13849007860639,-1.39783874681755,0.820351543430852,-1.75970833634361,1.14136217796074,0.44489907518914,0.572792251918465,0.443499994793674,0.879369489548146,0.651025956574478,0.0332869124716381,0.330383543728967,0.533555278043379,0.300351741171558,0.393734307841281,-3.99673709846285,0.477320425775636,NA,NA
160,0.694821278890139,0.654781824938579,0.264173950819212,0.351717391666489,0.31098147948321,0.136271979142795,0.438289739727858,0.866760800700053,0.96071088337386,0.576415542623261,0.886925026090699,0.841193960888078,0.902967790878029,0.27493843320827,0.800856329316623,-0.257795107979584,0.961229891312563,NA,NA
161,2.1819269371991,1.06918740966907,0.999692968124748,1.69746250289402,1.19064519231828,0.375017299841042,0.901847122475505,0.974045576013275,0.398360304471571,0.367388029814814,0.445616891778191,0.23115357873519,0.974439673309447,0.525198632846121,0.16805146572669,-0.636159192415573,4.03108419820361,NA,NA
162,-2.42704375800717,-0.516904409780044,0.999767612827876,0.0256334618603213,1.19064519231828,0.279622466647415,0.915778389476123,0.99011234344414,0.586919589037891,0.0938191100240219,0.652050265559112,0.694453959457693,0.9639684294865,0.687053130945773,0.224814493245329,-2.30798823344927,2.35925515716992,NA,NA
163,2.12810761224619,2.16898587432004,0.0925443159225946,1.82403753958688,0.672615429970759,0.987827351318905,0.346995076414198,0.637372405957081,0.958400323854294,0.784742849652423,0.139256209662184,0.872998728915933,0.73473242700228,0.160127342932858,0.072026742126327,0.505735521398274,3.14233955777549,NA,NA
164,1.9542097283244,1.63686520796186,0.998715665880693,1.83752662584475,1.14136217796074,0.408935895337258,0.830243437515688,0.426135933311074,0.875953037796658,0.94573159132991,0.0782044777789852,0.746096522214939,0.912859602227109,0.615083253870136,0.0614554271394154,-0.399502136274487,4.074555387964,NA,NA
165,2.51178568169937,2.08567660703063,0.998763422351619,1.7672718814975,1.37170111753581,0.843705849719583,0.832140593654825,0.897127347593196,0.545199820110691,0.86212431587535,0.823060214420781,0.413582401760854,0.733983442379278,0.618863414280699,0.319194747063913,-0.921212906426031,4.45575666942103,NA,NA
166,1.72769110471091,1.40589978747855,0.993144948012151,1.46165179519859,1.13359871943507,0.777183023134829,0.74621170416777,0.0851863129449775,0.848711763446569,0.0750907080461038,0.687719286185922,0.168753684367053,0.789871497970191,0.100507639081101,0.576185610801447,-0.760160867814864,3.68346445821205,NA,NA
167,1.94200158120428,2.22702012848472,0.903748251024787,1.68539743793705,1.1852235631601,0.179118570520892,0.609133460906451,0.215255219837418,0.00862918090180028,0.080422269652714,0.0532081639657263,0.80449055946595,0.814908364376286,0.182417976184748,0.270102010009112,-0.637598059484973,4.00839293535908,NA,NA
168,-0.630048084249114,-1.4754211011431,0.573524391306523,-1.30323912714947,0.581369785871678,0.288459248238243,0.510251422307338,0.885871682727593,0.0345219268508954,0.249183617612347,0.240540470527019,0.65165539865871,0.771203104494954,0.0849206866917666,0.724630353986286,-2.44270296915772,-0.163775285141219,NA,NA
169,1.14998283065389,-0.191314319503318,0.999639727030234,-0.345473877443786,1.08165871606276,0.670153160104994,0.89384879817348,0.278697883900022,0.626376116337022,0.573442627312499,0.712181731819408,0.591523091671057,0.320563177328324,0.330301970185246,0.81239695025445,-2.46548600449063,1.77453824960305,NA,NA
170,1.48903715309171,-0.627802167057662,0.999889785783148,-0.633186378513111,1.14136217796074,0.335562812909135,0.953083767196862,0.438132778349798,0.475574725828134,0.216237392242299,0.810774968722137,0.987599937814521,0.955850927703083,0.732805801557726,0.222071281213663,-2.87021514063235,1.60384238360613,NA,NA
171,-2.19376568714157,-1.53003563924452,0.995545149205259,-2.13033757816368,1.14136217796074,0.244765860248473,0.767888403495424,0.45897841400851,0.301503360514878,0.187414112730301,0.824628861725912,0.355771464068093,0.594182755813818,0.0657689327341504,0.299308475302532,-4.36736634028292,0.106691183955561,NA,NA
172,1.68697719912448,1.43629900431904,0.465328831920845,0.475338617614725,1.08165871606276,0.675328563492396,0.487370932686259,0.395578281990369,0.650348236511229,0.358037174988305,0.632567153946613,0.864765144806355,0.681903903358849,0.495308492181939,0.969868357318337,-1.64467350943212,2.59535074466157,NA,NA
173,3.5841824277447,3.54872921307777,0.0507174115108829,2.89117408077494,0.778469732969306,0.756747484894353,0.140609390098369,0.896362733295537,0.332240155693609,0.065486045865342,0.649377661569626,0.0904719789568335,0.692272481056279,0.436613961836556,0.744752466283971,1.36540144110059,4.41694672044929,NA,NA
174,1.68374180761053,1.13110728492486,0.999286062519421,0.654482897062097,1.09893285163646,0.528084260689327,0.859633503581048,0.770382305210107,0.476146487736725,0.0880232694960432,0.0489823890191037,0.030745751881972,0.363039326702361,0.924310259478283,0.316850776393316,-1.49938591357326,2.80835170769745,NA,NA
175,2.64059045128973,2.61054529548146,0.159024683346136,1.81236756966109,0.81084554720954,0.996715227064793,0.397850599988131,0.291984973721323,0.00525961250730325,0.618284641732811,0.645871161825373,0.64160997006367,0.0711055391192203,0.905291408673045,0.664712553569581,0.223139500105719,3.40159563921646,NA,NA
176,1.67735878093854,2.0623881381435,0.883249842809765,2.157885835862,1.19064519231828,0.216002335710102,0.598264864280471,0.771349949717638,0.156899682263611,0.345164708685479,0.647096136331675,0.186352563866414,0.794677101227338,0.0306415301872184,0.736753812364535,-0.175735859447596,4.49150753117159,NA,NA
177,-0.141510818849843,-0.263765481719358,0.884976968070283,-0.0630964705534593,0.617821749747181,0.916828149739886,0.59911358776805,0.442500341172447,0.988147983300965,0.779842872119043,0.477835856252932,0.145976874711108,0.93327450025978,0.477574095248012,0.950093746796134,-1.27400484892345,1.14781190781653,NA,NA
178,0.724221267536183,0.781285464121528,0.0501330462717428,1.23314131366658,0.508951813973801,0.704654994614189,0.0563309885247145,0.923527069478296,0.130873004443827,0.196803536649561,0.864565586754587,0.618986967051867,0.648425667782663,0.5689463553268,0.898358764543431,0.235614088411602,2.23066853892156,NA,NA
179,0.97661109597344,-0.170737655432957,0.999868076099019,-0.104187206143097,1.10072686126702,0.656796526135295,0.944092656902387,0.558579337068601,0.670339912925963,0.846238079666626,0.232707273724489,0.738441658123396,0.603086592352251,0.0242011972976616,0.0137993036819389,-2.26157221104228,2.05319779875609,NA,NA
180,2.71525372370282,2.75007970528457,0.0500465802430581,3.02604920868517,0.682475069542647,0.944841148802545,0.00385041259904392,0.781410067806486,0.797340666415519,0.784129596623243,0.731768490787363,0.750617350829532,0.00483449864049908,0.55946179193398,0.418610395338968,1.68842265203511,4.36367576533522,NA,NA
181,-2.20232438559019,-1.48824174678722,0.99917840401934,-1.23611843252008,1.14136217796074,0.332783886987483,0.85260516425001,0.555249043804361,0.410355243082508,0.31712772567512,0.782247923682793,0.211893634223961,0.330211077725748,0.588820564751513,0.279001875668997,-3.47314719463932,1.00091032959916,NA,NA
182,-2.74619965826338,-1.9729826307154,0.999423433447291,-2.50710997319081,1.1852235631601,0.0116758915195242,0.87032596957183,0.209600843649707,0.473184206670499,0.726074209176004,0.235156010883162,0.496660364542506,0.422819272766821,0.953105697393767,0.603524089048733,-4.83010547061284,-0.184114475768784,NA,NA
183,1.40715517798401,1.01443080278199,0.274628399235398,0.920490922059558,0.630769055368653,0.780162258025026,0.441388170080027,0.577051246057381,0.0821699342180509,0.960003946333192,0.432232922235271,0.868041013556533,0.106632060180884,0.34449391205085,0.121423243089346,-0.315793709025353,2.15677555314447,NA,NA
184,-0.167686812378722,-0.0646451750723588,0.591472209576765,-0.396245806029304,0.555178574859679,0.620201082973857,0.514086590076913,0.698279300129274,0.75695369680773,0.754534909944748,0.220103457140503,0.0509674020570237,0.799991093091434,0.792534746324294,0.362898272766266,-1.48437581774255,0.69188420568394,NA,NA
185,3.34091994848724,2.53450908014224,0.829860911739938,0.262694667176465,1.32370409105544,0.583429648292833,0.576124965836527,0.241942816609051,0.575559758823831,0.311366631288663,0.387043734997162,0.414617654506932,0.211173571577063,0.372038024334935,0.532826418784098,-2.33171767748053,2.85710701183346,NA,NA
186,1.06280972251414,1.09019316430558,0.0676890906891701,1.45124753049499,0.60670929418149,0.919254932293785,0.30176408757898,0.711043989609112,0.469954545572982,0.218159102270845,0.360521446530474,0.81970517740841,0.985296709246119,0.413303311203024,0.370795002480736,0.262119164813557,2.64037589617643,NA,NA
187,2.34307983123946,1.93600550004123,0.994015304443995,1.64735442663216,0.962188842369164,0.59875080893212,0.753046845423407,0.50735719161341,0.509068808121141,0.770229792291997,0.761041971401544,0.460286537008826,0.507193381307297,0.768793578997836,0.528779240584234,-0.238501050737687,3.53320990400201,NA,NA
188,1.00010683611161,1.76451775965396,0.512707924179224,2.16784896886232,0.337479636818248,0.0888621838960098,0.497411616670084,0.78264061588177,0.381569603534066,0.724466518163099,0.66840178027912,0.621749904716969,0.145722618117463,0.981727202618611,0.632692522652447,1.5064010351829,2.82929690254175,NA,NA
189,0.0778224766790892,0.0710892737319846,0.0515875079179545,0.169992168344845,0.656434218517831,0.527402468722663,0.180368795680581,0.910689526811475,0.00969253869052045,0.321076758029056,0.598716863234993,0.0150679787681438,0.462513351105736,0.231457874761429,0.55539910276758,-1.1165952581698,1.45657959485949,NA,NA
190,-0.992357186842008,-0.919576495528825,0.0507907943532823,-0.40741592672278,0.370193456770757,0.407437695913832,0.145482672446989,0.184383601806243,0.181899065580103,0.54820791915257,0.673602673667367,0.840605379363871,0.698728553697467,0.362175126169808,0.800349065493559,-1.13298176930585,0.318149915860289,NA,NA
191,1.85378708814001,1.50254326148681,0.997777840703399,1.35781187538196,1.1852235631601,0.100413192539825,0.802782037512748,0.285552471937495,0.104401341948076,0.174443643802777,0.490758811640204,0.476375933135627,0.894110936880694,0.163030739563168,0.444131399911479,-0.96518362204007,3.68080737280398,NA,NA
192,2.37769981236423,1.88159261893856,0.999824780382818,3.12756771011925,1.10072686126702,0.515658054671134,0.929899633120513,0.753062772130012,0.610744968774146,0.970157841907581,0.857405127819278,0.519665346070309,0.45979517506191,0.560340241002967,0.902660943516996,0.970182705220065,5.28495271501843,NA,NA
193,0.161539490123027,0.216181780893662,0.0505110878105026,0.406729909179424,0.592845164922093,0.714156556004426,0.123643114215694,0.545623525750241,0.282882894659298,0.0539030007468536,0.66754477756191,0.851159171383013,0.570161020280211,0.432794617492007,0.0314832893722923,-0.755225262476587,1.56868508083544,NA,NA
194,-0.951540137422419,-0.960377210486118,0.142236731790441,-1.32131564099812,0.370193456770757,0.338855894379667,0.388501514675329,0.345734648906277,0.205737704403931,0.191421185432817,0.678525902034948,0.547938919299631,0.75882559992536,0.693099326246884,0.285563407910522,-2.04688148358119,-0.595749798415052,NA,NA
195,-1.52509380167262,-1.26675735018783,0.102752989139781,-1.6968654723157,0.509649801430236,0.43516408503626,0.358314461916569,0.204111793258111,0.972178102267557,0.210271743243444,0.281248610038892,0.785841838720022,0.172391043733805,0.52571460512036,0.958222133428557,-2.69576072784695,-0.697970216784447,NA,NA
196,3.77893842752922,2.95812215468462,0.850128242370633,3.25471921277344,1.13359871943507,0.772493252394139,0.583749601925141,0.0541709369686432,0.849717229266767,0.9481288333392,0.718577973776264,0.546914371702005,0.945214852604666,0.164747441293322,0.230551921669859,1.03290654975999,5.4765318757869,NA,NA
197,-0.115376084232059,1.28432736052965,0.979759902088495,-0.726876293751171,1.37661810341601,0.181860521408962,0.691363035054295,0.804850227272604,0.549097585327108,0.850850318965502,0.121781640719855,0.560233457873459,0.91368842813361,0.861968733371585,0.0746010785301914,-3.42499819691238,1.97124560941004,NA,NA
198,1.84497431517168,1.75993585575267,0.100540116521702,2.07945996841469,0.94325824945369,0.506703434365918,0.356048647689284,0.102354339852696,0.172209314101608,0.711502243895549,0.177229931172333,0.251603736880352,0.0397104092166992,0.00287346947460901,0.284496175216744,0.230707771365164,3.92821216546422,NA,NA
199,2.25364289480164,2.18226125888305,0.050349923653274,1.96249960037495,0.349943821426872,0.35946588868869,0.104693307107547,0.73674216278852,0.932487599718384,0.113208352205926,0.428894470334053,0.29522445804195,0.711361327386461,0.722939090750646,0.0822758554400643,1.27662231376596,2.64837688698393,NA,NA
200,0.294881038920121,0.259231371700112,0.0543588513554661,1.03271108303624,0.352324582269699,0.882164087233483,0.231017270522774,0.472492807073984,0.994251340066898,0.615950942112249,0.591423183712177,0.0684908415200189,0.889537970449775,0.746902321677655,0.893425217204029,0.342167590919506,1.72325457515297,NA,NA
201,2.28683050139005,2.35905726991126,0.384534853724722,2.24725655999163,0.337479636818248,0.252127883238485,0.469518137664534,0.75575815473788,0.289258759340504,0.0329762710825307,0.216471809402923,0.296967375834589,0.475210302081541,0.0749908788285684,0.651120859408751,1.58580862631221,2.90870449367106,NA,NA
202,3.1757432017232,2.93284481151618,0.999479915945049,3.15389113599356,1.37170111753581,0.638801775464904,0.875483960705926,0.992227437526686,0.053440775591298,0.831985544168623,0.000265834819991142,0.790237402454251,0.656794715537224,0.0897432552254759,0.607440218632459,0.465406348070027,5.84237592391708,NA,NA
203,0.46423412445265,0.551106667377542,0.0514470316185937,0.605806841949903,0.145974136956345,0.865259996550274,0.175728833318222,0.845299035318429,0.580221663195873,0.588471377571695,0.000622921816422604,0.515889294049819,0.884611619206844,0.750826617855928,0.0179347739851801,0.31970279084115,0.891910893058656,NA,NA
204,3.75757685439573,3.70439715114847,0.0502887674347188,3.26514786963588,0.380030165053401,0.610613323065336,0.0950854194171261,0.302338823920232,0.923376678223605,0.525204310730332,0.987789293891867,0.405157190765021,0.817268823040649,0.740720170206041,0.0419793808141258,2.5203024330924,4.00999330617935,NA,NA
205,1.68330030705629,1.67370247373768,0.0507383229634674,2.29253738094438,0.94325824945369,0.842603498241282,0.142047078470001,0.0553006394696422,0.146697389996727,0.7186028741966,0.680392135542119,0.0825865135986824,0.587152640662156,0.984366676207399,0.709513811090495,0.443785183894853,4.14128957799391,NA,NA
206,-2.48104251083694,-2.15839492440867,0.999876862522836,-0.755314317909652,1.1852235631601,0.0545902647429612,0.947539310252294,0.148029811480432,0.830576441465295,0.629637353634927,0.149294676946476,0.153036894450313,0.741005838139448,0.954993863958516,0.951313705855864,-3.07830981533168,1.56768117951237,NA,NA
207,1.13705759822675,1.09528284372437,0.0507535919663901,1.26863261607385,0.37136193637079,0.580630196721526,0.143071368440636,0.356773714812589,0.481670211851015,0.212547147513134,0.677623466674471,0.252676144005847,0.131678802992683,0.0276512000559596,0.26188946864137,0.540776595558051,1.99648863658966,NA,NA
208,0.939062849239295,0.932449167134345,0.0501445113921132,0.642913242206871,0.370193456770757,0.425959154053708,0.0604646603923757,0.00572564620873891,0.340394788584439,0.741306163443136,0.00627709494833834,0.433245110178832,0.956385040223133,0.0121902382252738,0.635254652312258,-0.0826526003761981,1.36847908478994,NA,NA
209,-2.95875588124026,-1.55278947071556,0.999701448147914,-0.847150028198615,1.1852235631601,0.339262920336332,0.903247966124909,0.222810277284007,0.209253505016793,0.326371302147396,0.842483645255212,0.530897385179997,0.336951174762449,0.423071437730105,0.307227884269087,-3.17014552562064,1.47584546922341,NA,NA
210,-0.923187632736923,-1.31932613465994,0.531845613150832,-0.974389388025843,0.37748013559708,0.366639721009997,0.501441281506443,0.0494057758309646,0.596153315725387,0.0777625243447255,0.19915653341182,0.302825267778477,0.940088406373048,0.496028221546789,0.256529591378523,-1.71423685867542,-0.23454191737627,NA,NA
211,-2.22943180690329,-1.51173956302178,0.995066508722615,-0.441271756613612,1.31462371948015,0.184379457816831,0.762760419867118,0.183054837714531,0.78110355499899,0.650991594158113,0.15881603679352,0.0864002912751166,0.851982363783056,0.629923684444861,0.120213188641472,-3.01788690001679,2.13534338678957,NA,NA
212,1.24815541477971,1.64114559610004,0.996322732648597,1.5932356224696,1.14136217796074,0.223696376210893,0.777520687855198,0.472639747819165,0.401176212583785,0.901610133601469,0.425512570627034,0.679183143389877,0.27646015366714,0.418081562704872,0.0906262094135163,-0.643793139649643,3.83026438458884,NA,NA
213,0.464409438839015,0.570412476615581,0.986397148038394,1.00251563865296,1.10072686126702,0.7402467604751,0.711588010806474,0.414863850842463,0.406390405818005,0.83374646374688,0.3851764838784,0.550414994801278,0.163191003291053,0.609431037002127,0.204997516434174,-1.15486936624623,3.15990064355214,NA,NA
214,3.4807750518973,3.04059389948113,0.999829789754458,2.56646447131433,1.09893285163646,0.544625734661706,0.931350183372269,0.831584907256649,0.900456879504724,0.173828651534859,0.0896114214952104,0.253928992725094,0.544993171385722,0.785722534125322,0.310125716781011,0.412595660678978,4.72033328194969,NA,NA
215,1.50486554674167,3.63124320569518,0.998778918216474,4.12498952549618,1.37166271670743,0.766382418434485,0.832771931745927,0.396271542046336,0.0130157974322792,0.026032060282887,0.89950747506565,0.802327901987708,0.558170344571816,0.518175694909529,0.916324832877726,1.43658000181327,6.8133990491791,NA,NA
216,2.76489746804223,2.81775821515119,0.0504108172624503,3.18322099656425,0.6020533593369,0.789427769051981,0.11271818839456,0.450655585798435,0.207314108973835,0.468420798720792,0.661499323870521,0.2791925720094,0.676512946872739,0.358777114752913,0.872424728489015,2.00321809549258,4.36322389763593,NA,NA
217,1.36278153747958,1.29736475740779,0.838666296084293,1.53057138605524,0.94325824945369,0.869104408344487,0.579343418547069,0.141069289754261,0.0719197369307512,0.622136866964749,0.895714465681813,0.206017589473049,0.347424540784792,0.453903882464278,0.789351883085794,-0.318180810994291,3.37932358310477,NA,NA
218,0.323416973670946,2.95074938008885,0.997235951903988,2.67303222223473,1.10072686126702,0.559163035169477,0.791842595638125,0.707499122303911,0.406992018179735,0.865679386488395,0.737494760052068,0.11776025141729,0.329762379522552,0.741523395409458,0.159005993119557,0.515647217335546,4.83041722713391,NA,NA
219,2.47133407904524,3.8178440643947,0.975296808999301,4.99219107823621,1.09893285163646,0.918754621249391,0.681159106751787,0.616434656288126,0.498408942328533,0.438486530530732,0.797378271919326,0.221134394448134,0.0200504105356522,0.333652277644258,0.141005228178925,2.83832226760085,7.14605988887156,NA,NA
220,-1.3936099090281,-1.24429902586414,0.879297686548302,-0.00844606696007921,1.14136217796074,0.34163029119547,0.596362594346632,0.446500763056451,0.348840646526311,0.541074726235587,0.054918319781078,0.155493359607644,0.736567096016486,0.3602031328429,0.535809513469809,-2.24547482907932,2.22858269515916,NA,NA
221,1.08868657212944,1.73231109034786,0.94107286439734,1.33205382270811,1.09893285163646,0.662749241200159,0.635806225572946,0.739082211338216,0.547593719261815,0.46089467054978,0.572219525193097,0.20232770859194,0.86631250927411,0.412844361773459,0.547770013705594,-0.821814987927249,3.48592263334346,NA,NA
222,0.686851336901771,0.37446358782224,0.991555996940864,0.123391674961165,1.14136217796074,0.0500021999835735,0.735703866518103,0.667496426775819,0.330787345373654,0.159451867779251,0.726263316438883,0.386857572296984,0.898754984169383,0.161339157227776,0.818670296419528,-2.11363708715808,2.36042043708041,NA,NA
223,-0.508163907813119,1.89442082956689,0.999907597662855,3.57957383980485,1.08165871606276,0.754064823432709,0.961898386056302,0.34835483469232,0.767771043293294,0.18292640646291,0.453352539381594,0.104180100235622,0.834793189770891,0.199905700867414,0.5444467723493,1.45956171275801,5.69958596685169,NA,NA
224,-0.964793480805449,-1.0514748985565,0.061897571185954,-1.20339279508659,0.349943821426872,0.124261148374411,0.281623756752931,0.925112528966856,0.136614222136093,0.135489069774747,0.945380642022821,0.319118748172419,0.0222038675681688,0.600065010914695,0.280938849315746,-1.88927008169558,-0.517515508477609,NA,NA
225,0.844254812419599,1.02000779052051,0.999042206454901,1.57494101408831,1.37166271670743,0.654071211097296,0.844928815133986,0.410197452710592,0.172539773112745,0.0160678166673752,0.717506140593206,0.100854816344683,0.371228139994084,0.811291083174874,0.623826859077322,-1.11346850959461,4.26335053777123,NA,NA
226,3.60181593527495,2.9410239516636,0.998372631024268,2.69667210334597,1.32370409105544,0.98631289319112,0.818389145516325,0.25197519802535,0.909141541382298,0.326743942922563,0.407484268070082,0.789770511750598,0.957475191225647,0.356846011981484,0.578973643526551,0.102259758688974,5.29108444800296,NA,NA
227,0.363272009467872,-0.46187133666443,0.939947012567029,0.308764715643703,1.19064519231828,0.399848457639688,0.63479673140659,0.769706765979645,0.701889936057036,0.396621607109089,0.51562825190532,0.0393742930615554,0.14330832916568,0.598006844762946,0.612127972771064,-2.02485697966589,2.6423864109533,NA,NA
228,3.94523680512127,3.88116005290227,0.0794489640752132,3.88952726312106,0.473439996740555,0.87805621161114,0.327884314546478,0.593336705884896,0.374173071071622,0.459607626533369,0.962255601698766,0.122685999260284,0.427650757220108,0.69364523456106,0.455497177299345,2.96160192066881,4.81745260557331,NA,NA
229,1.8235711418035,1.84613780247614,0.0976019866237499,2.17520999647873,0.337479636818248,0.0412439709297614,0.352890940845362,0.763637372769532,0.518705668071168,0.0378251790072536,0.312198612643988,0.933060633318149,0.704244905204046,0.448077584252576,0.79395012489846,1.51376206279931,2.83665793015815,NA,NA
230,1.92848781288082,2.02367843488709,0.0556795713289984,1.89017348914401,0.323132902568914,0.148054319700575,0.244320510696853,0.374197531954851,0.0522855493184179,0.790767374445451,0.173929023129982,0.397567353274091,0.721226350769284,0.707442436494399,0.283449672528892,1.25684463788905,2.52350234039897,NA,NA
231,1.7958091899362,1.91693918687733,0.985218845153161,1.9242024140674,1.1852235631601,0.103694893115666,0.707371375632007,0.170040454854374,0.100571998930769,0.601129783856217,0.820385515368776,0.259681201926665,0.0588069895149674,0.206705438757548,0.234500654516742,-0.398793083354626,4.24719791148943,NA,NA
232,-0.181713357401955,-0.255929663696272,0.127749381672398,0.725652784795923,0.650132090984757,0.315494951412431,0.379120690465323,0.669371534431819,0.208639375724364,0.903956424041651,0.92828183750168,0.767754007389303,0.874431468626484,0.948336435319856,0.581710725376615,-0.548582698727917,1.99988826831976,NA,NA
233,2.38588383653369,1.99651360890685,0.907524463868063,2.60543086052993,1.31462371948015,0.0918979015080258,0.611355278631789,0.147402432074188,0.324179994052742,0.899373424825259,0.839428781449562,0.313057173681329,0.382494019159232,0.929421285500401,0.0255038978764787,0.0288157171267471,5.18204600393311,NA,NA
234,-1.5834957181701,-1.60976299985343,0.0512708910775086,-1.01538527829282,0.370193456770757,0.296224304383271,0.169229749069316,0.399591246983036,0.222919653894147,0.564098060681019,0.126240885720588,0.672383494891576,0.860804765729001,0.943204429882462,0.715980470986571,-1.74095112087589,-0.289819435709751,NA,NA
235,0.0743030023429604,-0.716347714697917,0.928638017873912,-0.415570107650914,1.1852235631601,0.253778457379085,0.625530386862927,0.107358543401584,0.429318768552388,0.28088331835065,0.790665427036118,0.947446039978764,0.535668584366096,0.599902585586533,0.235615240770974,-2.73856560507294,1.90742538977111,NA,NA
236,3.24453614511623,2.06859954348428,0.998877456249067,0.913647728657847,1.37166271670743,0.968229410496657,0.836984117235872,0.408667413325282,0.369762562880642,0.0368716276206542,0.187565263909171,0.985328279375332,0.555987666190485,0.542334679803462,0.410742607209366,-1.77476179502507,3.60205725234077,NA,NA
237,0.718133764806187,0.791318863696121,0.0599392119273367,0.765014255619436,0.631221745302321,0.537404896346619,0.272527159661287,0.0558325197447557,0.323513294170261,0.788266626254423,0.357103490788257,0.290431932497071,0.0378100157560548,0.491251990722027,0.148982113605598,-0.472157631431628,2.0021861426705,NA,NA
238,-0.624234571818076,-1.0189740002519,0.884322617370514,-0.923369151939347,1.14136217796074,0.232088178253267,0.598790751336957,0.540651931765606,0.704776569660055,0.240659727542195,0.0499892455008812,0.145064472761238,0.350264386913041,0.520388867400237,0.822624419129221,-3.16039791405859,1.31365961017989,NA,NA
239,1.10349904038474,1.34969179491538,0.999612811920065,2.0145418883909,1.31462371948015,0.32644933976524,0.890244952223147,0.258357610799721,0.764083920941222,0.511888582270592,0.573609068657854,0.139942989583244,0.158115178323933,0.685428259502863,0.0504750606142916,-0.562073255012283,4.59115703179408,NA,NA
240,-3.93162567044095,-1.79060619997076,0.999714555092275,-1.42421476212271,1.37661810341601,0.11698174310755,0.905493385365815,0.907528842367697,0.192340747855837,0.85715580840339,0.196111128084012,0.56064816638187,0.0186028197797714,0.343481937599368,0.45665001989645,-4.12233666528392,1.2739071410385,NA,NA
241,0.776589124749564,-0.0487249331499085,0.999344692184066,1.40141631181103,1.37166271670743,0.854165731600253,0.863921107731061,0.801267383057391,0.102614985798602,0.953719692388549,0.430555496235494,0.909601402937551,0.243014884616481,0.830422376754461,0.225769869697397,-1.28699321187189,4.08982583549395,NA,NA
242,0.00155521993978339,-0.0261491899294787,0.0505384604810103,0.4781464485412,0.0943853374759842,0.887313043661765,0.126253190217889,0.787057104949374,0.865888967893086,0.564630140083726,0.636454990945524,0.734565541604883,0.636291591635207,0.73912308000098,0.989381107326713,0.293154586419613,0.663138310662788,NA,NA
243,-0.173676974862937,-0.346118058060033,0.0577996580002858,-0.133650438939756,0.323132902568914,0.352378306174884,0.260293097868562,0.382062307367101,0.148397265434614,0.516533017780865,0.76545840425475,0.0954358981068945,0.587937285339809,0.561306779446779,0.549589028185233,-0.766979290194717,0.499678412315205,NA,NA
244,1.24477454293374,1.22122414941859,0.0500532833235448,1.31875634004264,0.37813898880902,0.114997704648413,0.0105731114418013,0.495820108705899,0.587001781947096,0.906410759377992,0.456888163148542,0.63629610543442,0.298626574980211,0.665875576050952,0.267345312245889,0.577617540826563,2.05989513925871,NA,NA
245,1.29766523817276,1.30468910108246,0.16207832146246,1.43371414297551,0.37813898880902,0.369386216245592,0.399413664596155,0.233929073069128,0.763864086375455,0.943927559183212,0.447574874567334,0.889303238906665,0.429637622743845,0.457246287647402,0.940441566344816,0.692575343759435,2.17485294219158,NA,NA
246,0.253292817552954,1.31525731989379,0.687051831992748,0.872015371033935,1.09893285163646,0.958536377600627,0.535540672088042,0.838903801901615,0.884061544227763,0.397399169557262,0.733571671853191,0.0535604369932553,0.108314573415788,0.936727803009213,0.910452601497527,-1.28185343960142,3.02588418166929,NA,NA
247,3.67824090568254,3.88003967137839,0.240961441162779,3.29433192950101,0.71611353483771,0.570268454785924,0.431000947533757,0.954051243172376,0.827259238116443,0.47076949373784,0.563560435195454,0.470731136889779,0.000704716580803506,0.606667741801473,0.111742662414559,1.89077519237743,4.69788866662459,NA,NA
248,2.40021825009772,1.62494595458999,0.944423089571503,1.01364459848836,1.19064519231828,0.0666428135102615,0.638920554141863,0.775758027210482,0.300208532624762,0.0494277613690356,0.927441780489054,0.878924689750769,0.682951232063235,0.700046210971079,0.260311463297927,-1.31997709682123,3.34726629379795,NA,NA
249,1.78274675033698,1.88550162787471,0.0502472537430732,1.48643708592368,0.990072508632536,0.491054105769959,0.0873229073302355,0.423327927071252,0.548860308215488,0.478766514437157,0.600675248348736,0.152770079498761,0.169366647235816,0.513322388074012,0.230109160471708,-0.454069373079313,3.42694354492667,NA,NA
250,2.32167137830325,2.36117277322488,0.0519377772388776,3.02119608817552,0.661053749822561,0.737765282332781,0.190356071355869,0.00967961459234357,0.270685958820977,0.448807349833427,0.912079032594222,0.353766523107188,0.89186780686886,0.342006482941331,0.481355387417949,1.72555454667815,4.31683762967289,NA,NA
251,-1.25422333545321,-1.4228200106079,0.956700329939102,-1.56442766752011,1.1852235631601,0.0940644806681667,0.652083349170163,0.192265797371278,0.389741296806373,0.758650944851805,0.29284279830195,0.829491204422316,0.739984278123011,0.110757371700718,0.542742917608004,-3.88742316494214,0.758567829901912,NA,NA
252,1.09494146488561,2.67307582945437,0.973622664262134,0.0936513801211712,1.37166271670743,0.652359861726873,0.677789923478384,0.644583530631615,0.365078279712819,0.307857244546292,0.143729404037353,0.877411810918944,0.453092145401868,0.0743692119030748,0.966038215713343,-2.59475814356175,2.78206090380409,NA,NA
253,2.06594244021885,0.751451982175453,0.999808616830776,0.378594230180993,1.09893285163646,0.621089488192694,0.92548691236251,0.869746276060818,0.722826509637758,0.451245564862387,0.0444453430243302,0.648124763949774,0.350833186645876,0.423679803683539,0.470071048238664,-1.77527458045436,2.53246304081635,NA,NA
254,-0.555693905282248,0.750981453260303,0.991384856919177,1.20239415793392,1.37166271670743,0.569887079982786,0.734691528247786,0.672113577611977,0.169946019428084,0.335685933956876,0.411891374719795,0.42646796533186,0.461175705042901,0.612765651958412,0.306107096119784,-1.486015365749,3.89080368161684,NA,NA
255,2.73594088569159,1.66892350927694,0.991025019594932,1.50317340969069,1.08165871606276,0.772674669966102,0.732626448822208,0.258808448516065,0.466695737834205,0.635946337296627,0.734719154375489,0.021020660168957,0.800118137130747,0.229195374838077,0.451610569063341,-0.616838717356154,3.62318553673753,NA,NA
256,2.82512177340754,2.03511520061449,0.999947005542403,2.80929188673041,1.37170111753581,0.941626786727225,0.989698707197444,0.883614322433365,0.41715116632334,0.296185733534396,0.581061887209071,0.374386477643973,0.0195130361447809,0.597097408456961,0.546199754050467,0.120807098806883,5.49777667465394,NA,NA
257,-0.0345546366596172,-0.0448633823634488,0.0519559099005211,0.66901230724066,0.69157496646912,0.785546612414415,0.190822724885307,0.71752751777356,0.403289709082572,0.673571577899856,0.419958213447942,0.00310046704870183,0.123394679291989,0.940820709484164,0.773049259206629,-0.68644971964831,2.02447433412963,NA,NA
258,-2.02040840900387,-1.74793372137973,0.36768635466914,-1.40275188413577,0.370193456770757,0.333949747469276,0.465583952234359,0.523455105781555,0.33710288164753,0.284390860765474,0.213283989548683,0.784873101387406,0.279352173798834,0.681713358069421,0.593535024467274,-2.12831772671884,-0.677186041552701,NA,NA
259,0.344018703285367,0.368544652015346,0.0573426561250957,0.256456891920919,0.343341185568482,0.0755735441541765,0.257249889928964,0.372600837172824,0.511995062186383,0.884472487697843,0.949200032202876,0.381766424044501,0.215250463445438,0.334748237254214,0.0892350425050827,-0.416479466202589,0.929393250044426,NA,NA
260,2.31153527618969,2.36867290273775,0.0519808407976955,2.24152930001259,0.323132902568914,0.294732889067382,0.191457334384555,0.545250312356977,0.0598963697559666,0.566224976613186,0.913180173763074,0.400730426752125,0.884229182672687,0.0932241539567476,0.0540034958643373,1.60820044875763,2.87485815126755,NA,NA
261,0.324766905389471,-0.110598505964737,0.998185066228328,0.251046637453422,1.1852235631601,0.424336112718331,0.812925036156434,0.187214632490301,0.946688161653001,0.73685055478476,0.28173920948396,0.423934186637867,0.0961138852916192,0.927053673877381,0.373698344502016,-2.0719488599686,2.57404213487545,NA,NA
262,-1.52144958510224,-1.27022090743836,0.9586821066179,-1.42158644247188,1.14136217796074,0.0165485748637002,0.654534982768819,0.534378651859472,0.43386701773922,0.500456048690714,0.557762368674274,0.9058519804565,0.361383944104775,0.464636021204526,0.524259499576758,-3.65861520459112,0.81544231964736,NA,NA
263,1.19818464172344,1.29685582169959,0.190140970114936,0.854196358944699,0.584591718626097,0.577851313105319,0.412289432502352,0.517601189070963,0.31559767801268,0.117978740784805,0.687156134577701,0.585789633661159,0.871552244576276,0.78470426133601,0.881637589494581,-0.291582355222824,1.99997507311222,NA,NA
264,1.07854375929582,0.535398705359096,0.999491052810577,-0.269977782785039,1.37661810341601,0.0996824525976554,0.876566856427933,0.744089373319526,0.557547722052317,0.677681587573374,0.457947643111693,0.736245346127427,0.243904898866662,0.488410489833215,0.306746578103863,-2.96809968594625,2.42814412037617,NA,NA
265,0.69074626411767,0.706910585882407,0.0518162823086765,0.691286841082329,0.549059456692044,0.662062838430284,0.187112172295223,0.160252300459193,0.437473983935197,0.492331250948366,0.664824365115492,0.901691935867071,0.34079916806682,0.360979771684622,0.249578505724901,-0.384849919405207,1.76742360156986,NA,NA
266,-1.15168934333907,-1.76662170950476,0.999945741463374,-1.51061567403223,1.37661810341601,0.42801489513577,0.988519990524277,0.874966598387226,0.122893148492207,0.941302742375876,0.599460093594389,0.82319641048694,0.465601165778353,0.277215940180817,0.0741866437828867,-4.20873757719344,1.18750622912898,NA,NA
267,-0.805482915511988,-0.0328045388423578,0.990007887917127,0.235274792645547,1.37166271670743,0.791561375508085,0.727204613830429,0.720350062913261,0.248654620322748,0.407483189196093,0.147571347152465,0.543482505034888,0.666147807014058,0.776525469538523,0.255528079524636,-2.45313473103737,2.92368431632847,NA,NA
268,2.58986732184196,2.14026016269617,0.949958496641041,1.64650326918289,1.37166271670743,0.86304135446588,0.644474795956281,0.629804246040294,0.0925283551573521,0.883701237648609,0.988580822058488,0.0836126465215348,0.524940200345824,0.323992231721408,0.156631003105431,-1.04190625450003,4.33491279286581,NA,NA
269,0.0857008514887422,0.0993270349586604,0.0501105230224123,0.51135631589583,0.323132902568914,0.123421861626208,0.0470561465047067,0.147552129000775,0.157432925265864,0.575485100233811,0.836262546521495,0.890575558099197,0.134566743795527,0.887534804824041,0.92487606047478,-0.12197253535913,1.14468516715079,NA,NA
270,0.0416767303817404,-0.00975373721237699,0.0643375066087813,-0.191333947640697,0.343341185568482,0.0992362093008123,0.291081205796567,0.228743725188542,0.457963714620681,0.601643311374471,0.681506569087738,0.607094214104232,0.55606771528651,0.202377522945986,0.845602438570699,-0.864270305764205,0.48160241048281,NA,NA
271,1.5347394266805,1.48104274843236,0.0503941744891498,0.779870985457982,0.111327309306732,0.743211017104099,0.110649571008282,0.641452954357839,0.908129000637913,0.467469699190231,0.0701494773672894,0.282991177028976,0.511758481452591,0.363740960562718,0.512813891735743,0.561673468721037,0.998068502194927,NA,NA
272,-1.18103098407315,-1.11223012519138,0.128586097248836,-0.750778231056094,0.37813898880902,0.110977538456791,0.379703886797419,0.439601426676614,0.546210492303944,0.826122791450005,0.48121819368226,0.435308921381249,0.770999179476639,0.186404579671449,0.725154764224077,-1.49191703027217,-0.00963943184002136,NA,NA
273,-3.2569288082537,-2.45450143180125,0.998916754366126,-1.49751920382879,1.14136217796074,0.112943500015768,0.83876796621969,0.443606446859427,0.699652096039848,0.746364580030204,0.843532200814574,0.501257456734311,0.832582404627115,0.97917024292727,0.228879754584515,-3.73454796594803,0.739509558290452,NA,NA
274,1.20856108650071,1.27160366773268,0.990489542757682,0.978188068674116,1.31462371948015,0.00523603297024965,0.729700428715325,0.0416017954993295,0.870419071040233,0.827902146915207,0.763482479145401,0.399228326906683,0.753735670515569,0.852720977049554,0.103282974914066,-1.59842707472907,3.5548032120773,NA,NA
275,-1.68095149089353,-1.60515426742432,0.0529016196975483,-1.90306402454906,0.381364506449322,0.182871475553489,0.210593306170544,0.165564728819998,0.72890642281645,0.0510459479620913,0.737548539273557,0.178821987220319,0.826406768106041,0.928585840331041,0.131656097606756,-2.65052472217162,-1.15560332692649,NA,NA
276,0.574885719395466,0.603853186471186,0.065698932837465,0.841787968280989,0.376177742903903,0.961631298767868,0.295689700495219,0.47587230138306,0.621101492850576,0.549995710324729,0.294972911251592,0.704328802797128,0.176460705179954,0.402152782162419,0.186847614364931,0.104493140403772,1.57908279615821,NA,NA
277,3.53147751149853,3.43489672172454,0.0500902331635841,1.8319540034892,0.727180911762901,0.558297443383955,0.0369137374968268,0.903519621043582,0.780042866105796,0.0227282588507514,0.52103394339059,0.0380187465335475,0.766314726255601,0.127003933625063,0.774417946895934,0.40670560618891,3.25720240078948,NA,NA
278,1.88715587048412,1.473072515078,0.998235365469313,1.53797941337851,1.31462371948015,0.0571481832338031,0.814332957153674,0.0989477638739627,0.323247196213109,0.832312029531691,0.31470107883797,0.774691846977803,0.761401579147088,0.141338286849088,0.0378255669241771,-1.03863573002467,4.1145945567817,NA,NA
279,2.83910312827294,2.83117801374393,0.0500567662793397,2.89550598941653,0.619695098313063,0.568748668534216,0.0137392484011361,0.928167575472267,0.672217027133913,0.291630944155739,0.285572499688598,0.917978458303609,0.302228042307659,0.659730780614191,0.685561381376814,1.68092591532692,4.11008606350615,NA,NA
280,0.504155725437024,0.636534196357999,0.0522257773806228,-0.88339790891847,0.370193456770757,0.491816826474736,0.197299496352556,0.0131871305881068,0.286860994122922,0.423058453621343,0.24857283076155,0.622180610580952,0.374602150182589,0.840622974500293,0.309331750127254,-1.60896375150154,-0.157832066335401,NA,NA
281,-1.11998184520398,-0.877879165701102,0.999853758890652,-0.553115904971914,1.14136217796074,0.295682696279604,0.938940331011894,0.664471765636117,0.888572314769612,0.490694830875378,0.815698571806075,0.291415443062433,0.815410444309469,0.0316307853645412,0.363188585157273,-2.79014466709116,1.68391285714733,NA,NA
282,0.599468312744392,0.766949663095369,0.320084340501769,0.491888885464255,0.136668335945649,0.852096025354462,0.453838276106049,0.868693147016806,0.508507757679094,0.457688741192222,0.245939710648265,0.723663117830758,0.241955898285378,0.485095991142211,0.28664647682861,0.224023869183761,0.759753901744748,NA,NA
283,1.36560078616294,1.27843449703491,0.0530226531201313,1.11457739030372,0.343341185568482,0.406590516331838,0.212642989517306,0.130693105543964,0.806873235950014,0.898834390480071,0.757562836920144,0.825149979918147,0.620897387334146,0.42576682023867,0.396418084460893,0.441641032180212,1.78751374842723,NA,NA
284,0.362092545749735,2.55434606956561,0.961098849456271,3.2163548405303,1.31462371948015,0.414590930911712,0.657681378538255,0.16690226280631,0.0262059491781984,0.474723376145004,0.191387053595041,0.0666592902456177,0.0297289725420997,0.862654712596559,0.145041208436014,0.639739697127119,5.79296998393349,NA,NA
285,0.339903083792802,0.359590377488847,0.0697222288199497,0.0617098036266797,0.323132902568914,0.0231202918130439,0.307313157293596,0.613484184941393,0.115527540170122,0.876516999513376,0.455325180027517,0.258529276253539,0.249953120918246,0.418579734287807,0.992902460717596,-0.571619047628281,0.695038654881641,NA,NA
286,2.67263816794655,1.40786258229747,0.999654587782041,1.52826369421373,1.19064519231828,0.313077363664284,0.895955753360293,0.804297532060766,0.576219913908048,0.121951707856148,0.461825674496125,0.509841998845455,0.272167066536611,0.868414336649235,0.776778241242631,-0.805358001095865,3.86188538952332,NA,NA
287,-1.30906954962208,-1.26312833026668,0.144504602464881,-1.10978193427571,0.31098147948321,0.227503417320317,0.389848391159088,0.769237559595495,0.843170459792251,0.966021998305689,0.868769160960219,0.874067318359972,0.626027771958499,0.661873982494231,0.477596201476874,-1.71929443392179,-0.50026943462964,NA,NA
288,1.25128871466808,1.22596397901384,0.05111322614379,1.3783621131936,0.361327628173774,0.81292926679994,0.162598637758289,0.296319071689155,0.466095569626894,0.389041104127886,0.900112123299972,0.752574869110482,0.376861875574454,0.519050958753913,0.437049863388995,0.670172975353727,2.08655125103348,NA,NA
289,-0.359829928773282,-0.258345569365464,0.159582954270045,-0.371300162348651,0.502841973216602,0.666693093299633,0.398139179202146,0.827519824177143,0.123468814818421,0.908140959526063,0.521570203765179,0.623000572708435,0.929139452546835,0.516216636601486,0.261214480502182,-1.35685231976825,0.614251995070944,NA,NA
290,4.90565380592637,4.02420860350093,0.990872752114914,3.98093700623038,1.37166271670743,0.731095932427445,0.73177718457533,0.851667860557558,0.342618373638601,0.0371971624407452,0.304932344410685,0.993145628856844,0.166863918771269,0.551575761529035,0.114626213326817,1.29252748254746,6.66934652991329,NA,NA
291,1.03255270160346,1.1314436657262,0.148089138203184,1.14868192847903,0.681607723635373,0.280304079398862,0.391919736985466,0.767333317408455,0.058623798351502,0.225000725460006,0.235592822139966,0.152341997957672,0.578694072951912,0.112911319141858,0.253942719465354,-0.187244661430628,2.48460851838869,NA,NA
292,-1.82755998089521,-0.00405128840542783,0.997995548074751,0.516716759702669,1.37166271670743,0.611059772011242,0.807948956836015,0.487197739976342,0.144472379176645,0.609707226908533,0.151939101255615,0.67102433437563,0.598706168606179,0.262116625135765,0.593391234793933,-2.17169276398025,3.20512628338559,NA,NA
293,4.82713297642672,2.00051374631662,0.99992289791407,2.40147821598795,1.37166271670743,0.641080636793515,0.970950288256165,0.647450966230943,0.269669545169221,0.0195486866141437,0.628791241999017,0.442995446178364,0.195146187048871,0.991580045984592,0.0472807275929954,-0.286931307694969,5.08988773967087,NA,NA
294,-0.390437815650169,-0.316085439374063,0.0785212194458495,-0.395715649984417,0.513852363603331,0.885813020932721,0.326233430121327,0.913848159445683,0.91537388920004,0.95727661299496,0.277059696330456,0.624417121861945,0.846308832969284,0.580901492277044,0.0165031802387675,-1.40284777601773,0.611416476048892,NA,NA
295,4.18559110764586,4.19838819577486,0.0508359189034361,2.041223504396,0.94325824945369,0.983805462400429,0.148259732066537,0.00472574466583319,0.0374015248074429,0.680031765441527,0.610206106842496,0.885772719627828,0.311008362796856,0.61758297667536,0.030957238126779,0.192471307346472,3.88997570144553,NA,NA
296,0.553868132547764,0.808293819737917,0.23101643478671,0.837200030571592,0.490887693315959,0.150417578383349,0.427675911471364,0.204544529496576,0.572393314769259,0.18991573343263,0.565316165752127,0.858040613461635,0.140937439255649,0.108562200437649,0.872530977595714,-0.124922168781631,1.79932222992481,NA,NA
297,0.359460208070923,1.75080433493493,0.696766576600654,2.13078509322142,0.337479636818248,0.413561977654928,0.53787412840873,0.754459792267298,0.638704362901161,0.849997516128002,0.242398799370392,0.0865954824596411,0.598073631047737,0.483827280313708,0.919465842450038,1.469337159542,2.79223302690084,NA,NA
298,0.529841210205444,0.542884040101992,0.0500671269208969,0.853819101300037,0.239523428852179,0.0288988808499416,0.0221219283984974,0.672972138303332,0.963954081258387,0.472269718916505,0.765583192503313,0.0883934363423614,0.928196599599556,0.333364877783693,0.90840974437329,0.384361807296225,1.32327639530385,NA,NA
299,2.96522423286833,1.98280364265262,0.968270662415093,1.67693467543299,1.1852235631601,0.110249146807939,0.668262522881851,0.380311432388145,0.492194158755126,0.386774689221405,0.524492851294694,0.765544434630196,0.592424859662657,0.307981818688102,0.723988061392331,-0.646060821989033,3.99993017285502,NA,NA
300,1.38049706119081,1.45281414205643,0.462055448273773,1.72063586116373,0.343341185568482,0.45162643433793,0.486670121616917,0.567795152751845,0.708797428060323,0.957985379262362,0.981346245395136,0.919949449289008,0.279694386990159,0.736847743837279,0.534900971274706,1.04769950304023,2.39357221928724,NA,NA
301,-1.60336746892222,-1.63098662302985,0.078759897103292,-1.60467337037109,0.381364506449322,0.344153732508654,0.326663062737673,0.181358182950993,0.758137865766301,0.120186760601006,0.646697847350733,0.26608916343993,0.773344170195749,0.511154805412865,0.558674538182211,-2.35213406799365,-0.857212672748521,NA,NA
302,-0.113586392042143,-0.269369644287212,0.993395885289061,-0.296774617891534,1.10072686126702,0.680570740771131,0.748089655671967,0.829258939889842,0.898983838257263,0.958989919309271,0.631164610240725,0.64400907249609,0.465340671745245,0.0422049030762864,0.989847014300874,-2.45415962279072,1.86061038700765,NA,NA
303,1.73065418599855,2.21982029152146,0.487392132250846,2.1210490268574,0.598332385203088,0.458487207536353,0.492065947900992,0.654916495144484,0.143356259292224,0.132265647220076,0.0660950601411751,0.676683336492162,0.936921179154422,0.243073418908869,0.785059005860821,0.948339101075401,3.2937589526394,NA,NA
304,2.74218641123016,2.76672624117892,0.0501137455029142,2.60844854313279,0.661678793489186,0.557439866664819,0.0484932998964796,0.132162699477049,0.380383778615738,0.31617680583871,0.381598212170647,0.36954782179324,0.282871979124495,0.460846047219587,0.573866364560556,1.31158193856007,3.90531514770552,NA,NA
305,-1.55185184942738,-1.33146823847317,0.10628190130472,-1.01186771186278,0.381364506449322,0.212032755875844,0.361749130751356,0.437430201655952,0.929108681070502,0.156213923773728,0.622464699499891,0.207684100903105,0.551808778207749,0.326372838536045,0.91710323155974,-1.75932840948535,-0.264407014240219,NA,NA
306,1.86496591442579,1.94456863408856,0.743835849731967,1.57197353599538,1.14136217796074,0.448173707357724,0.549820847689523,0.464517575692385,0.00693875929014757,0.58143298385106,0.978652295327629,0.77040512198722,0.447755830847658,0.763016632791376,0.129816442510928,-0.665055226123862,3.80900229811462,NA,NA
307,-0.402071732764787,0.101480091545652,0.977459211581117,-1.12690564435066,1.37661810341601,0.207515602544067,0.685856116506387,0.856806660369388,0.623233224306721,0.87778884909011,0.102874677269836,0.60412534052541,0.324283024621196,0.773064065197366,0.599342282842845,-3.82502754751187,1.57121625881055,NA,NA
308,0.77850897770707,0.77005499642241,0.050415371748459,0.739978720849935,0.37813898880902,0.364745510814479,0.113269698206801,0.0794375223056413,0.689973213201622,0.852178860118031,0.501642422182369,0.242900541872717,0.154327989201876,0.26750347442925,0.505434262337629,-0.0011600783661383,1.48111752006601,NA,NA
309,-0.630778954045574,-0.308856446934214,0.999741878414996,0.290816524991255,1.37166271670743,0.626364353396348,0.91052573930542,0.675684263374074,0.0676924261013046,0.99447373945755,0.647919099751627,0.186897331726272,0.769608348420821,0.359895461841603,0.821456954887603,-2.39759299869166,2.97922604867417,NA,NA
310,-1.28411107458623,-1.6575828443918,0.998478308249952,-1.32459395391402,1.14136217796074,0.0515643264114624,0.821751810509479,0.540372169282404,0.761544905178947,0.200725212173187,0.359575388336903,0.712401468278607,0.283433039963478,0.130844244796317,0.443087281715125,-3.56162271603326,0.912434808205223,NA,NA
311,1.31910320392456,1.30849866378826,0.0501611758169526,1.49183912281642,0.349943821426872,0.304715216130018,0.0659224104742752,0.845934598938795,0.551421243534889,0.469382264978136,0.00799126036220696,0.630224401818588,0.738401764021488,0.786819074058905,0.212055705727544,0.805961836207431,2.1777164094254,NA,NA
312,3.06283298673698,3.16664880757967,0.964438921146789,3.53325437385722,0.962188842369164,0.737377866939292,0.662352946355939,0.748248098224751,0.998197411629139,0.692772072187276,0.0616881823745789,0.553633511160733,0.253991095109959,0.677896363856154,0.84260975920863,1.64739889648737,5.41910985122707,NA,NA
313,-1.50784313240143,-1.53119779128694,0.0574867800125733,-1.44154201922431,0.37813898880902,0.0585720211114967,0.258229442724725,0.43905774859339,0.805302541175857,0.699015261326218,0.0387430962179787,0.170504961039755,0.953692265295656,0.0675374553886941,0.338482660027687,-2.18268081844038,-0.700403220008234,NA,NA
314,1.20935873893114,1.28309414874909,0.0501830400762131,1.35002270482557,0.343341185568482,0.38411739574431,0.0722840276658535,0.576289510326344,0.862457956579165,0.822537718664971,0.943537563300226,0.10849727885332,0.295403826650116,0.634311802438344,0.96464981423039,0.677086346702062,2.02295906294908,NA,NA
315,0.516791140244593,0.110605685092163,0.998828742928252,-0.523717955239559,1.14136217796074,0.210965620038565,0.834857536471682,0.612261881778017,0.227902996666031,0.312733787347679,0.723294169400004,0.99955511976243,0.180660252856207,0.267323188447976,0.0693731058688136,-2.7607467173588,1.71331080687968,NA,NA
316,-1.39126957171498,-1.3466182798618,0.0639764176934364,-1.20918372855022,0.190188486689646,0.105585301852552,0.28978653939662,0.674906028592377,0.497648493547458,0.281078575826483,0.164440135854413,0.947528447847581,0.24821575915569,0.534387054647901,0.0340161787943216,-1.5819463127361,-0.836421144364335,NA,NA
317,2.29663406198781,3.42356478786885,0.999849627756057,3.67647805738006,1.13359871943507,0.66150692166423,0.937547255912214,0.0309920522553148,0.928576717433985,0.93925551343977,0.826414442313137,0.988307494528824,0.191386736692046,0.494538762594108,0.484105093768914,1.4546653943666,5.89829072039351,NA,NA
318,1.99388384666942,1.96465764889198,0.0511013774025912,2.21472839377748,0.474773737976516,0.181356585577247,0.162062980662449,0.337849278428708,0.739339600374573,0.308891197555698,0.50403486646642,0.958258988154121,0.0529240102625918,0.243657513164566,0.935771625182824,1.28418896653805,3.14526782101691,NA,NA
319,3.19385306974258,3.26137165248602,0.0500645172446413,2.39946075728821,0.0849334629424449,0.940624636191642,0.0201391599233029,0.481579267454334,0.140757266078843,0.966711685925955,0.120811808617786,0.755096367516089,0.749383876210894,0.0178301675677067,0.00152113032445777,2.23299422883875,2.56592728573767,NA,NA
320,2.64329385423996,2.0839420829648,0.999222630432885,1.94394149931066,1.08165871606276,0.73486027967371,0.855374138710089,0.407661101238104,0.79930462666566,0.221662951005623,0.665104826265131,0.854011197292362,0.0913690065603005,0.633407168714446,0.208857992002624,-0.176070627736182,4.0639536263575,NA,NA
321,3.34283343059224,3.23021545826995,0.996045953981963,2.33913805205845,1.09893285163646,0.932156120781903,0.773877589099458,0.870064795940998,0.921546447199187,0.637243431385956,0.16570246995287,0.450198186614085,0.786279613790917,0.567203033557045,0.827680591432028,0.185269241423097,4.49300686269381,NA,NA
322,2.25258480941734,2.57816166304839,0.935684163451504,2.64699063141773,1.37170111753581,0.890422330113826,0.631127725994796,0.892037940612063,0.610014135765261,0.158646602932247,0.834573293391615,0.187810241722967,0.481656990916585,0.354367308707209,0.92703913592943,-0.0414941565057947,5.33547541934126,NA,NA
323,1.55937212030372,1.72304545045587,0.0870490847420831,2.00323644458448,0.534315540886128,0.952323352357023,0.339778076550458,0.537988428203156,0.00290129876229912,0.832844512005802,0.868237028783536,0.84642669853766,0.0477045183388982,0.883954892168753,0.788511751897633,0.955997228067627,3.05047566110132,NA,NA
324,4.77128679204811,3.33248609086888,0.938945295018567,3.56491738978919,0.962188842369164,0.725343295603641,0.633913271647412,0.716496562160319,0.965794712570147,0.768233012641896,0.308395700488239,0.646711575334426,0.00277974928508047,0.222010508899111,0.67451314110402,1.67906191241934,5.45077286715903,NA,NA
325,0.216073789350628,0.162124372367935,0.0518791527070635,0.384021364695284,0.55303173892621,0.815608511031489,0.188816950867069,0.211493702732376,0.463585149943363,0.877195734850015,0.546014419026906,0.208577595912386,0.417727179748705,0.680241911293357,0.803026709058904,-0.699900925907645,1.46794365529821,NA,NA
326,2.1638922943849,3.15364493121681,0.998341826316704,2.62908227954453,1.13359871943507,0.984248073126306,0.817449910380878,0.0576171482943464,0.891122988478863,0.550293441011803,0.666060815082747,0.17612503262877,0.716706700864132,0.0958078793180175,0.494428029600647,0.407269616531069,4.85089494255798,NA,NA
327,1.81141638838194,0.0143570381610325,0.892079647779959,0.245393590530046,1.10072686126702,0.620851575931767,0.602724056386156,0.504060476589599,0.523528625897481,0.914738329534419,0.0390664718106855,0.859987452802015,0.952648779255804,0.183164517250145,0.477245021463488,-1.91199141436914,2.40277859542923,NA,NA
328,0.809838694594197,1.9171731749313,0.516413553317372,1.65233096973491,0.59682844362044,0.664732283407124,0.498192130078911,0.643684726368287,0.491800632860046,0.129010820518364,0.116103505091742,0.370391333209816,0.975587421362172,0.127904315100284,0.831726247259066,0.482568715289758,2.82209322418007,NA,NA
329,-1.12329885621306,-1.06470633964064,0.0986062043175115,-0.79658854804084,0.642211768914184,0.336615104438155,0.353990447817952,0.846003867343883,0.0878884402961703,0.0891480204443214,0.62280404128111,0.261363287963439,0.881529162788997,0.608934811924817,0.0699971236527199,-2.0553004855604,0.462123389478719,NA,NA
330,-0.880027507130679,0.179403799817491,0.998033553039426,-0.537066133449065,1.14136217796074,0.487835894709802,0.808908077704487,0.434033700443455,0.191354572241893,0.42268799780251,0.38263228510879,0.448996147495694,0.216745367454831,0.81284060517454,0.275836583964876,-2.77409489556831,1.69996262867018,NA,NA
331,1.09614110814444,1.15752306508839,0.0841763048230807,0.855386794866622,0.337479636818248,0.217145910178893,0.335585434443899,0.864382468899013,0.738750399625627,0.777214401849662,0.21858991058066,0.368702195234713,0.74392711320112,0.316920847339556,0.886832628209144,0.193938861187199,1.51683472854604,NA,NA
332,-1.56007543198887,-1.46891319619357,0.0515037974958318,-0.921562791858388,0.37813898880902,0.409413110289373,0.177655789352604,0.426688357045758,0.397568473510444,0.764924759234418,0.31557619010692,0.565366644416936,0.699055191898486,0.885680405957042,0.566536738215946,-1.66270159107446,-0.180423992642315,NA,NA
333,0.488190027109093,0.440873933592428,0.0507025586805512,1.29557987923647,0.31098147948321,0.0128345700671198,0.139562573711039,0.696419340893044,0.306197205345379,0.565731723825098,0.878935769789736,0.340043477188563,0.43984953231446,0.840256866753101,0.963986576652387,0.686067379590399,1.90509237888255,NA,NA
334,1.70905453466673,3.95903536633954,0.999533263997181,2.54871791912005,1.08165871606276,0.845132153361454,0.880898102421314,0.449095880380599,0.914094680003356,0.330924657193478,0.253545624269056,0.66384592956549,0.0498917632699013,0.07943437779136,0.539217747109593,0.428705792073206,4.66873004616689,NA,NA
335,3.10829190956111,3.42134285914365,0.415142588473659,2.67033387341998,1.08165871606276,0.792597788370214,0.476445992705412,0.468793034906732,0.822712415261776,0.581612318278057,0.0884691162277013,0.904138286928064,0.717208946801955,0.409813454784802,0.361066413136199,0.550321746373139,4.79034600046682,NA,NA
336,3.40087513204435,3.44463921190817,0.0502294688112455,3.27712653320556,0.372523949004408,0.92290768226143,0.0835895716635277,0.284254501064541,0.922699474023772,0.481785087328637,0.658426554370555,0.432403267487302,0.75917452480935,0.684879482056713,0.391430121451849,2.54699300977828,4.00726005663283,NA,NA
337,3.86421227430061,3.83245208596851,0.0505198968372917,4.01876070712083,0.452679025563241,0.8470428216086,0.124498027406167,0.603563168819179,0.0466289203974884,0.170477889823727,0.968825709725614,0.418214015730424,0.777968985726358,0.670964769518236,0.200311735790572,3.13152612046019,4.90599529378147,NA,NA
338,-0.239923723563112,0.905414852037722,0.995691533972399,1.73167494903663,1.14136217796074,0.0522812931052176,0.769566725557903,0.427557032289915,0.445088390823454,0.93084748003236,0.463835630385089,0.751081025864696,0.819411454751273,0.959258615224971,0.954403925851802,-0.505353813082608,3.96870371115588,NA,NA
339,-0.67158857771074,-1.42147150291636,0.995905785863672,-2.25117741429489,1.1852235631601,0.175857030663989,0.772128409059718,0.130328990017995,0.263003663897514,0.430439350178232,0.547073246273329,0.223742163034389,0.188216134164366,0.668224020282272,0.206722110713134,-4.57417291171692,0.0718180831271349,NA,NA
340,-2.33216179973762,-1.75459192090906,0.318153449732778,-1.00451785898671,0.370193456770757,0.0882425599929411,0.453337737868191,0.486439528685878,0.253972185466439,0.512498440192081,0.0284307366419816,0.646335305468296,0.60201316681935,0.74284735274862,0.880383094060002,-1.73008370156978,-0.278952016403642,NA,NA
341,1.61705576284354,1.61727967059414,0.055509023153812,1.4611839675376,0.642829583542968,0.371968201848213,0.242787059392896,0.550571542007267,0.362533780465019,0.837522591265151,0.474957279913011,0.35992995717132,0.176900925491587,0.337582423445769,0.647917783471523,0.201261135596504,2.7211067994787,NA,NA
342,-0.282001753289076,-0.375145286571473,0.0516550737740401,0.329405956851163,0.380310776710915,0.955896244199481,0.182456365099293,0.366141362625523,0.71778944270662,0.531031384103931,0.140712820023065,0.825712735327892,0.793837889619521,0.614657761730603,0.925910605447134,-0.415989468434685,1.07480138213701,NA,NA
343,-0.00495430046795686,1.10063496081691,0.993955661456003,0.931926274620881,1.19064519231828,0.313576828654739,0.752547857008409,0.976446601144038,0.78814926588547,0.321569202288287,0.0979293204408605,0.240730219335062,0.605805291205063,0.591882882061414,0.241460491805221,-1.40169542068871,3.26554796993048,NA,NA
344,-0.862709591282056,-0.878958284049698,0.232848056886195,-0.699524099993019,0.349943821426872,0.206462556892307,0.428298531771638,0.906893353473744,0.948987741485238,0.738401771441218,0.219792861045571,0.838802750041243,0.168378030263819,0.931035550412023,0.310969940408017,-1.385401386602,-0.0136468133840336,NA,NA
345,0.483494546498548,0.450923846032367,0.303896002571727,0.23173082525748,0.588082096056774,0.928663292272016,0.449571283685858,0.0118109720605426,0.838314237272716,0.825104626348824,0.169607563599129,0.549967932648375,0.255137141042855,0.227805361349834,0.683880183034227,-0.920888902966622,1.38435055348158,NA,NA
346,2.0163957823948,0.690756021452629,0.999621360782925,0.605871212513477,1.08165871606276,0.516444300082629,0.891361739933141,0.346378976175212,0.450924583111191,0.377725863514002,0.399242560454877,0.401256909089163,0.627853579179617,0.953832535918104,0.747965619402938,-1.51414091453336,2.72588333956032,NA,NA
347,-0.452329065994862,-1.85356258784008,0.992242700401338,-0.830341013807693,1.19064519231828,0.401295950924046,0.73998143006803,0.975234353514388,0.123575007827138,0.552158310782979,0.278551709136227,0.127969851366361,0.852737156986142,0.971424744316842,0.297369103301433,-3.16396270911729,1.5032806815019,NA,NA
348,1.60297273727078,1.14571160360978,0.822244232600027,2.31907267569995,0.140392434076655,0.495754995510331,0.573444517430617,0.156147445145645,0.99875094556401,0.0392905971606961,0.0470523811273742,0.0189773682166124,0.961094575076713,0.726039057072252,0.0251918114478467,2.04390856120779,2.5942367901921,NA,NA
349,2.26651012495841,2.20643962038264,0.0500946883956338,2.05465274925688,0.287062698181469,0.200350273425458,0.0393236933941953,0.336994291143143,0.613262200889061,0.228793975641369,0.345965041319025,0.12929637277755,0.39511858967843,0.73005396826379,0.486535434591933,1.49202019951631,2.61728529899745,NA,NA
350,1.84933672903451,0.837062983639706,0.999826303007864,0.956380373982556,1.14136217796074,0.447776542055304,0.930336102562724,0.568932460335782,0.903037867534906,0.975165162976366,0.725459467092529,0.137752820131718,0.496102548451512,0.292039047232247,0.808353313373751,-1.28064838813669,3.1934091361018,NA,NA
351,0.576063334787051,-0.653346754856781,0.584457770692512,-0.635103005167627,0.337479636818248,0.268592522746418,0.512583423808683,0.9018367732279,0.134584856939386,0.149244464566349,0.128701758025796,0.25784598540829,0.563253971487517,0.035380603869562,0.64616078463092,-1.29655093884705,0.0263449285117954,NA,NA
352,0.480554597506673,0.507657793673297,0.0524246492323575,1.20508598216903,0.738718331702194,0.490969145690557,0.201589020390296,0.377406558848452,0.657861117347493,0.928456249738228,0.911032192931976,0.0941489797149552,0.346081361421966,0.824981746073114,0.397312348197331,-0.24277534268678,2.65294730702484,NA,NA
353,2.57596299517511,3.0883975094148,0.972118323477415,3.21795550080212,1.37166271670743,0.592911063148873,0.674935191560304,0.33236011953908,0.291256530477316,0.384974843342789,0.777664381398703,0.30477297854342,0.568978363373084,0.0502771586773451,0.917886400606367,0.529545977119198,5.90636502448504,NA,NA
354,0.883029060286957,0.901636449971819,0.0503020868390708,1.09300532243909,0.0954063273771376,0.892675147657632,0.0973407647885615,0.585828212139197,0.905457194550429,0.592367584813968,0.780193073299015,0.626026120545343,0.98676250184013,0.876708497188869,0.195878593860311,0.906012356882664,1.27999828799552,NA,NA
355,3.80953722485532,3.81010628838472,0.635870335110435,3.64674205418716,1.08165871606276,0.831730628999299,0.52377942337608,0.541991096152924,0.747307740749442,0.125620711196214,0.0594998584813438,0.767308884567348,0.204519507298828,0.413506133148097,0.365948658936541,1.52672992714032,5.766754181234,NA,NA
356,-0.0895821665537655,-0.277718203960449,0.999956838964573,0.290449736366304,1.1852235631601,0.0217642145206919,0.999961684967042,0.216223801119835,0.334959220596706,0.0177306059778202,0.898670621493482,0.428181880975724,0.18705536199722,0.255750364893116,0.690656684523798,-2.03254576105572,2.61344523378833,NA,NA
357,3.70772983751456,3.66470780726051,0.0566983505247872,4.45983689385096,0.620032747769919,0.779479928402114,0.252623759574024,0.263371848354349,0.651861934696673,0.0569263830849668,0.920146895281156,0.887293112009764,0.640096663832082,0.57981146817212,0.560728067410295,3.24459503898651,5.67507874871541,NA,NA
358,1.85162119862046,1.83065951451352,0.0505799278454724,1.888479592644,0.8716323145852,0.494713393900078,0.129964853231562,0.171257876671269,0.47761817430146,0.973145142883644,0.733120462823659,0.0339818018457154,0.532044926258968,0.750063737190328,0.408427928361692,0.180111648295723,3.59684753699228,NA,NA
359,1.67006607828251,1.56881323181079,0.126329702114238,1.69903458417997,0.394851705589036,0.70739392380917,0.378117953612702,0.400311173199327,0.394381559857749,0.953333226441056,0.0500500756416004,0.317737533725682,0.677004857773893,0.48170519580401,0.404092274165479,0.925139461991247,2.47292970636869,NA,NA
360,3.57427718863297,3.66214929996982,0.954379085249031,3.26763556745803,0.962188842369164,0.821800316140056,0.649344117319677,0.470432722463855,0.637091925109038,0.685976555240457,0.768060506418813,0.1065058100553,0.00927061402390245,0.387265822337708,0.405156081417808,1.38178009008818,5.15349104482788,NA,NA
361,-2.20224965085588,-2.18419700500373,0.0501137693557877,-2.18951334497886,0.337479636818248,0.018542136230506,0.0485037852468668,0.924054507934255,0.377484738052823,0.920478415860329,0.453732892974862,0.984890774240368,0.61867519159161,0.749151518534985,0.74749484017794,-2.85096127865829,-1.52806541129944,NA,NA
362,0.591257836598781,1.4085814180042,0.993274176928152,3.75307321158921,0.140392434076655,0.263932513955748,0.747170134108397,0.241045973450644,0.61631939276983,0.380229928931338,0.973396490692045,0.600578487250721,0.991019026619848,0.359127220120165,0.117330094400095,3.47790909709705,4.02823732608137,NA,NA
363,2.42935459807371,2.58999651197877,0.569200899267952,2.9642704386642,0.625306981662019,0.818336711037206,0.509332451978582,0.484358150075073,0.233882160610752,0.886599333713413,0.415169880205649,0.114599557178561,0.64916930062836,0.643902831429499,0.793111176414415,1.73869127532519,4.18984960200321,NA,NA
364,2.49379723060045,2.48668817037201,0.0503221855875689,2.39692499018552,0.323132902568914,0.253215418385109,0.100562483754591,0.565903617609758,0.10910401567386,0.228052203737199,0.126758498432697,0.518000809505815,0.223847975443001,0.902107471813564,0.149678835603991,1.76359613893056,3.03025384144048,NA,NA
365,-0.152735728407016,-0.133098067015965,0.0505720241207595,-0.386106441375912,0.890784082724523,0.593502871863195,0.129278310404043,0.884559995590826,0.976683941971045,0.979292477647192,0.84922780951357,0.914037893429282,0.0390152283181669,0.698974601894151,0.71441838328098,-2.13201116151752,1.3597982787657,NA,NA
366,1.03433836829624,1.76430635363643,0.999572293049517,1.70255678475756,1.19064519231828,0.136779145782697,0.885266433920944,0.882248269201955,0.846393611490028,0.3028456682252,0.201179058909183,0.251439367950195,0.772272945859819,0.930654566831188,0.433294590039062,-0.631064910552033,4.03617848006715,NA,NA
367,2.66676467627041,2.25714068940936,0.170686938684479,1.97579408741501,0.37813898880902,0.119237579489942,0.4036301094027,0.498902274815599,0.730256244314718,0.937183664514916,0.0775413413996575,0.0917813477431191,0.342269931954565,0.453228307062411,0.165477939023287,1.23465528819894,2.71693288663109,NA,NA
368,2.45810289296592,1.48328801155323,0.999956388700091,1.59278560858468,1.14136217796074,0.245006085926783,0.999442753345007,0.586070348951849,0.226040908646653,0.0730016513861483,0.902672444007709,0.800266315375571,0.650187300732243,0.624359951077029,0.239683553324547,-0.644243153534561,3.82981437070392,NA,NA
369,-2.21228486188847,-1.19424201150287,0.999748345121381,-2.44321238850226,1.37661810341601,0.277334694190067,0.911794685452711,0.884084798665484,0.556138104611891,0.944385236763163,0.0223866334626218,0.479587031981908,0.757600992606138,0.133360049015726,0.0227893732126104,-5.14133429166347,0.254909514658946,NA,NA
370,0.493780837948334,0.489087170534394,0.0580100252447582,1.60901902774536,0.343341185568482,0.388979721110314,0.261634964036057,0.359794175846502,0.986001905916492,0.992714164468111,0.928917336876853,0.912879703144194,0.701128942203009,0.117995601754053,0.897069658419583,0.936082669621854,2.28195538586887,NA,NA
371,3.32289708139593,4.23404194747479,0.999867212689756,1.98454899677248,1.37166271670743,0.876965869204258,0.943766440030304,0.344618839455885,0.346443042093539,0.144740042062709,0.386930422567297,0.0742543963284697,0.681189601692604,0.548102716347901,0.118971342028934,-0.703860526910443,4.6729585204554,NA,NA
372,1.6332367729697,0.334153202487841,0.999482191555693,0.209547915187249,1.10072686126702,0.907078500560136,0.875703333911253,0.539207650904194,0.50269850208587,0.818787425445742,0.181459029149613,0.492225701577612,0.270192580702947,0.209961781078135,0.666523501498159,-1.94783708971194,2.36693292008643,NA,NA
373,4.31190590359261,4.27385575994735,0.0508102974021055,4.15535032900943,0.709050860387287,0.857761289837887,0.146701869419659,0.896803111688816,0.332523306446848,0.206715107411263,0.145582044861745,0.294696187087684,0.128076215212001,0.584274117938709,0.586469878043165,2.76563617944321,5.54506447857565,NA,NA
374,1.09509398668977,1.16495450135316,0.0501775570143917,0.380525236612649,0.652173391875877,0.881742741642636,0.0707630710595986,0.31937023948459,0.0438319203929277,0.534674481812399,0.162123945552157,0.043419515273883,0.344733625517925,0.597906382392044,0.47926505648857,-0.897711123139396,1.65876159636469,NA,NA
375,-0.429622255495675,-1.04601796083536,0.999854662692024,-1.01784913385733,1.31462371948015,0.417299783619936,0.939250348123489,0.206471352697932,0.547068179856637,0.828887065277901,0.458155526774703,0.00785553613479715,0.0877819122283254,0.747981132491492,0.0537509711717721,-3.59446427726052,1.55876600954585,NA,NA
376,1.0714220827449,0.999764840521143,0.0506253913103384,0.860915344995535,0.343341185568482,0.0710460452481639,0.133740940510295,0.525128829572233,0.987350756346364,0.714980952856364,0.921947282548179,0.735885242967051,0.144543890166329,0.232868891985971,0.957249838741147,0.187978986872027,1.53385170311904,NA,NA
377,2.65511360752136,2.65229452714104,0.0579120186598676,1.75093841018906,0.67783076902949,0.539410206030356,0.261014214203926,0.434932548861834,0.57008857826388,0.80554281388782,0.0691294912828598,0.408969215706573,0.354023350314237,0.250038254561834,0.0925704433927313,0.422414515278175,3.07946230509995,NA,NA
378,-0.0547846316482831,-0.0484503190045583,0.0500431588743427,0.165965289269809,0.190188486689646,0.143880970270024,3.58113433467224e-05,0.511689755811705,0.422849969587754,0.455872858181479,0.197325706004398,0.48913586743013,0.459282836002647,0.154674941718811,0.337259433351806,-0.206797294916073,0.538727873455691,NA,NA
379,-0.00145761058578006,0.195986170790344,0.335117811460276,0.484142555017531,0.454634764955695,0.30926771524339,0.457664630176383,0.450342726592789,0.785468996386626,0.392883178068325,0.0797897390533471,0.79284873453388,0.368898579966626,0.701906865134719,0.862251909439452,-0.406925210415464,1.37521032045053,NA,NA
380,2.56374211462349,3.00180746867159,0.988742558370838,2.66643697114926,1.32370409105544,0.77116937257559,0.721175594388042,0.176638501774054,0.260101498420467,0.172659031392192,0.860392791670863,0.0757237539682537,0.966898697292898,0.0554617862303276,0.269123879379244,0.0720246264922637,5.26084931580625,NA,NA
381,5.21259301993008,3.89320959741971,0.997899995807973,3.50168795683955,1.10072686126702,0.871926669480512,0.805615483305301,0.82655485332408,0.464311382193584,0.848713518999866,0.132756491481559,0.296362788501079,0.125495402609347,0.621522046035738,0.215409542306908,1.34430295194037,5.65907296173873,NA,NA
382,-1.57668895163126,-1.45027044961531,0.301043599988442,-1.22211866461687,0.370193456770757,0.191290178672178,0.448801913184812,0.236411573717371,0.279089008338866,0.143710365317413,0.986741722991923,0.53163223714428,0.45650750485016,0.308905936718569,0.974528269863455,-1.94768450719994,-0.496552822033805,NA,NA
383,2.76342526828691,2.75778126826705,0.0807120067298443,2.44270681632931,0.323132902568914,0.274804587691091,0.33005271133862,0.377525549305021,0.0403672271948308,0.22087676827563,0.0233843484913232,0.567859390470665,0.474321978893597,0.0378716502888128,0.267670390328858,1.80937796507435,3.07603566758427,NA,NA
384,2.46914610957766,0.33236929714782,0.989549858866953,0.880697784627945,1.1852235631601,0.0277786451461725,0.724939270157367,0.141772542944178,0.211811690176837,0.125229069991969,0.514517876292113,0.448065059987246,0.743012075542822,0.576014073025319,0.577437999643153,-1.44229771279408,3.20369328204997,NA,NA
385,3.09108849511258,2.78877556913883,0.572333549160953,3.33595856038072,0.94325824945369,0.672176242209389,0.509998139780131,0.0886040917183273,0.126190196582931,0.774983324872912,0.952294368156348,0.205139296099311,0.406218849607161,0.909370617422974,0.792882143622381,1.48720636333119,5.18471075743025,NA,NA
386,1.33738003680722,1.35654950675422,0.0500635881712984,1.32539410442288,0.622053339425758,0.64939821149176,0.0194138570377836,0.50880923845747,0.198994886746397,0.249645579417236,0.262711006863974,0.265621545900707,0.962867009233567,0.704760199937038,0.193394453299348,0.106191962685524,2.54459624616023,NA,NA
387,3.3288205498782,3.37161616083022,0.0510494324644343,3.81070136702072,0.645170894873914,0.551004043454886,0.159644639986451,0.0196076443514321,0.597506437131204,0.641369377305848,0.728293585527572,0.64376616547734,0.647636539811967,0.717346726148971,0.485971196496161,2.54618964919437,5.07521308484707,NA,NA
388,-1.13962347580465,-1.728449688207,0.890559827671753,-1.04582687239193,0.140392434076655,0.171806120010791,0.601934505142737,0.2297296526602,0.839131765488186,0.682056759645348,0.198481961072073,0.069698101479793,0.993154564600205,0.429260055973893,0.188663190717925,-1.32099098688408,-0.770662757899769,NA,NA
389,1.42238955932109,1.05896674685423,0.253150557994998,0.179116061817824,0.750274046842886,0.483175364873488,0.434904187725973,0.30747535019007,0.0795856531086611,0.952477344244253,0.525358204566524,0.402873194767744,0.135629825840704,0.521529425528832,0.321464932197123,-1.29139404852935,1.649626172165,NA,NA
390,3.5029929449864,3.49768107871544,0.0883503760759596,3.72398968068508,0.651736835555772,0.708573007353931,0.341575430110795,0.131672432080493,0.843970935099293,0.301844425869058,0.656845709902118,0.148091050797375,0.0472898297943175,0.101401460725116,0.680474945351016,2.44660895559767,5.0013704057725,NA,NA
391,-1.24008444448681,-1.30637725958292,0.392433135855645,-1.55228965173275,0.343341185568482,0.281567192623392,0.471330709063564,0.524989224173361,0.773780889351154,0.482190480254125,0.661643978701788,0.996053038909566,0.460065770226764,0.849293826991227,0.103632114836131,-2.22522600985626,-0.879353293609247,NA,NA
392,-1.01695731141996,-1.00932726254759,0.0528955803131082,-0.301722702907283,0.337479636818248,0.255092775320984,0.210488809687318,0.749455242740922,0.680340052187093,0.467632584368461,0.117867791513447,0.960283397229388,0.722678657692624,0.624575824976666,0.425125997384777,-0.963170636586706,0.359725230772139,NA,NA
393,-2.96980765540772,-1.54568974217124,0.946036945316147,-1.82592588052379,1.14136217796074,0.137621934333467,0.64048410029232,0.394288185112528,0.578794440933969,0.0612366013565334,0.0321721757745836,0.735417294475017,0.14665786932793,0.346402617425658,0.831319099715096,-4.06295464264303,0.41110288159545,NA,NA
394,0.496410014377201,1.60699943373526,0.999430726678392,1.40722723873557,1.19064519231828,0.036433710133424,0.870962858788786,0.798859222504427,0.337856720406096,0.431462653115508,0.425154142333777,0.149741668229108,0.407853961615823,0.533882518896717,0.585806525577791,-0.926394456574024,3.74084893404516,NA,NA
395,2.20474550784222,2.92606955449781,0.962751435688361,2.33429845844962,1.10072686126702,0.776266466326779,0.659942509567365,0.762945119027747,0.803974454530398,0.911957546607708,0.879122940727044,0.976664892597357,0.567905340624857,0.00971567952493206,0.768199783425895,0.176913453550441,4.49168346334881,NA,NA
396,-0.404318917645285,-0.063072314620826,0.254159269021186,0.509349497719125,0.615506917417592,0.863777003714582,0.435219416983309,0.0912020387420198,0.74533580250002,0.872114009338664,0.212011936964584,0.609410894323606,0.261904432410956,0.311200971811078,0.796723358411225,-0.697021892654624,1.71572088809287,NA,NA
397,0.744665317858338,0.151982451643364,0.98087094999645,-0.427275333660381,1.1852235631601,0.454859815252596,0.694245626554359,0.0609450315370923,0.60265294328751,0.303002075582277,0.241781971539836,0.284789737260202,0.00659810847847257,0.964758730720962,0.779540079799714,-2.75027083108241,1.89572016376164,NA,NA
398,0.282309582454346,0.270320502998022,0.052587535134606,0.0692904698470669,0.343341185568482,0.397481109586894,0.204848559488426,0.322665548750316,0.987552270519896,0.762760909930221,0.915691351107438,0.891028568619746,0.782463856839808,0.808358988280175,0.339807298077154,-0.603645888276441,0.742226827970575,NA,NA
399,1.57885003963285,0.601742638319413,0.999132687191042,-0.4153554555798,1.37170111753581,0.535019948112662,0.849895208968315,0.903269089256879,0.787704262364656,0.867352294514771,0.327002007585252,0.990332728908979,0.390350725423195,0.73121847689501,0.689607214105199,-3.10384024350333,2.27312933234373,NA,NA
400,-0.446894140826658,1.0767560015862,0.999861925907506,0.739769905609058,1.13359871943507,0.518626405688352,0.941814073432819,0.0376789550218964,0.941071998083615,0.555635443096864,0.00475213406491093,0.419209250832791,0.446026400164934,0.271602566114161,0.338558653497021,-1.4820427574044,2.96158256862252,NA,NA
401,-0.657038551848843,-0.402158323448341,0.537105896958917,-0.315677422825034,0.343341185568482,0.328384787908755,0.502549161910312,0.194114166152431,0.801985871888464,0.822409890669631,0.831675811857101,0.102114096239326,0.150344793426455,0.258576381501276,0.762251846230822,-0.988613780948542,0.357258935298474,NA,NA
402,1.21598460362372,1.24979638625402,0.793297764108013,2.83502944221236,0.94325824945369,0.628827851945418,0.563990871997434,0.245752882765257,0.0650065707380418,0.992358497628709,0.534954795517493,0.616134220829117,0.24642234661791,0.37379631593416,0.827423898044275,0.986277245162832,4.68378163926189,NA,NA
403,-1.30622280937333,-1.57756501199581,0.732160912847574,-1.72178299890652,1.1852235631601,0.430702681937604,0.546743959674612,0.0460154495997122,0.319452540014056,0.375452038014657,0.500587304061162,0.285285219980404,0.473309038043139,0.850683000834542,0.587809840793954,-4.04477849632854,0.601212498515508,NA,NA
404,-0.839562847113405,-0.710944333902884,0.0731372807934845,-0.53493447534194,0.372120256478824,0.281358048283379,0.315481987032341,0.967533337708446,0.222412063546013,0.209284502557828,0.233101739814621,0.578188028525212,0.625282427826198,0.299377235263004,0.802871949202847,-1.26427677595824,0.194407825274363,NA,NA
405,-2.78656508928837,-2.14338731191937,0.934870324251406,-1.43157355567413,1.14136217796074,0.0381662679204019,0.630453040699125,0.615749858048046,0.880965855575982,0.404379488203675,0.464534405629034,0.953072434751899,0.796604998986353,0.534803757777438,0.875286587730283,-3.66860231779337,0.805455206445115,NA,NA
406,-0.0477428662375962,-0.019622318883063,0.0504234313460729,0.954251156311562,0.381843433485438,0.941195696579292,0.114230997156701,0.562474620474037,0.907932163053658,0.126630984058604,0.691161680613994,0.726429868320352,0.921113024815801,0.636222620276967,0.999566171230399,0.205851778946988,1.70265053367614,NA,NA
407,2.50815160459799,2.50714224370139,0.0504626344764984,2.89632325768414,0.678546439094916,0.615553076971671,0.118660355669213,0.935248541865498,0.685808041816927,0.0121864033883903,0.884860284265713,0.709849775425624,0.932506163315033,0.747161248780088,0.683400640259962,1.5663966752202,4.22624984014808,NA,NA
408,3.15348874375741,1.72114024299548,0.522590900460732,1.60334032514055,0.37813898880902,0.0987578974858625,0.499492816800834,0.614522655522567,0.519285088734934,0.946994228119263,0.0657144904998131,0.421951072865399,0.715771622238331,0.838616855903645,0.868377172307461,0.862201525924481,2.34447912435663,NA,NA
409,0.438737545027069,0.46170083828848,0.202787017974145,0.569585340996851,0.627934231735172,0.567900607791031,0.417396151974332,0.211896507020108,0.660157247669296,0.551767178192968,0.124873984154314,0.556390323563013,0.080647392110317,0.526883124413318,0.325738682934549,-0.661143137863915,1.80031381985762,NA,NA
410,-0.793637443479457,-0.707720428490674,0.0504512139474564,-0.705763122997226,0.37748013559708,0.0906569821411977,0.117409971146262,0.68023112429888,0.582777738460223,0.144218212367152,0.188723163374467,0.668317738654092,0.668623200017144,0.194212385478779,0.807527983292472,-1.4456105936468,0.0340843476523469,NA,NA
411,0.694150878714373,0.0113223198587711,0.479115456230316,0.446503411385776,0.370193456770757,0.428721832751762,0.490309879965731,0.589822332049254,0.225589395668474,0.26260892031563,0.631984051738866,0.82890762504912,0.0445385717158206,0.50832941202214,0.514482019486721,-0.279062431197292,1.17206925396885,NA,NA
412,0.920313298521817,0.950409096898854,0.0500612950881742,0.869783095335394,0.31098147948321,0.141201944549684,0.017577348585939,0.698501070584403,0.561222275945824,0.770641552275978,0.976924542795168,0.952135534247849,0.0459225285646971,0.339733810336445,0.750674265929381,0.26027059568932,1.47929559498147,NA,NA
413,0.420315815144194,1.49297466966976,0.996644969927078,1.57485764094322,1.19064519231828,0.485574445905047,0.782123169456841,0.746742976755952,0.89093533216347,0.14738910385326,0.583786309094517,0.219373457600479,0.968032771694125,0.269460860971129,0.258229889461421,-0.758764054366371,3.90847933625282,NA,NA
414,4.02853894305236,3.66864075413564,0.325836625537037,3.14566434539194,0.512941566383197,0.930165735947201,0.455316813855432,0.865566150401253,0.935685302378144,0.162920753019862,0.118078789617866,0.331898127032327,0.993876085178112,0.772943361705286,0.470995923741488,2.14031734910731,4.15101134167656,NA,NA
415,2.16910253633215,2.22615843767322,0.16607668764985,2.56814730191459,0.753946054409157,0.921411216912093,0.401405481329653,0.895022675268934,0.435415136818192,0.334991083487752,0.272446356639965,0.998547961484874,0.150895784803783,0.47581620531017,0.493541910220403,1.09044018898656,4.04585441484261,NA,NA
416,-0.934045871291791,-1.00950299131635,0.0557301705764116,-0.549614478510394,0.724156564077318,0.513033770762384,0.244766666886746,0.899476156761171,0.268743678901112,0.901038008846808,0.841771538888337,0.598383856116794,0.987478389585507,0.628549137157155,0.32645347117004,-1.96893526327021,0.86970630624942,NA,NA
417,3.13655702749015,3.1773324917151,0.107949900042338,2.93364280025349,0.567888350448177,0.833179903681623,0.363302827400737,0.00937578402075451,0.589091609508963,0.490350066243322,0.493395227019675,0.901379017075058,0.0194017533817096,0.30725239632302,0.126758813195629,1.8206020861352,4.04668351437178,NA,NA
418,2.43661937319555,1.05752181714053,0.984852488154258,1.11256443490116,1.14136217796074,0.161653458764777,0.706127623314969,0.552081015584175,0.699374204995809,0.882094111332204,0.860780615176656,0.415828156150295,0.149570027235313,0.143637626130134,0.833465496852878,-1.12446432721808,3.3495931970204,NA,NA
419,0.648012902153438,0.611564132776498,0.0508752136080619,0.589328776375872,0.576798078824861,0.59652671355952,0.1505586209303,0.0438749256392475,0.445939537432394,0.814488416915177,0.0762542272867868,0.345628772142227,0.134445850206306,0.380682456808398,0.703493146648863,-0.54117468447275,1.71983223722449,NA,NA
420,-1.67547746675231,-1.75122384413654,0.0500623152569155,-1.27726432223995,0.351373558035949,0.410117242950131,0.0184027311851969,0.57009155551868,0.789353688364732,0.423812140500173,0.401170249712071,0.697524603371974,0.260733338716906,0.723968308667303,0.927608551274985,-1.9659438411101,-0.588584803369791,NA,NA
421,-0.93565660391852,0.00407065144821048,0.999860245507079,1.00822359965525,1.37166271670743,0.962912456292426,0.941209144077147,0.608052548878943,0.251928743183846,0.205181472181808,0.793929947531316,0.511454191777389,0.125673305792268,0.456027554854285,0.868886025388609,-1.68018592402767,3.69663312333817,NA,NA
422,-0.583296408639568,-0.453629622581227,0.946695584592528,-0.188387528833499,1.14136217796074,0.405462934421841,0.641134863273823,0.499006432355382,0.954151502639754,0.684602927697706,0.769223733216058,0.034319875814137,0.412825823858613,0.577030809437856,0.834976618730812,-2.42541629095274,2.04864123328574,NA,NA
423,2.43380201565573,2.16956561376339,0.208149769386874,1.65531871775827,0.601733157027749,0.540364310094155,0.419458511019358,0.703718872682424,0.958949953761185,0.704681903361925,0.0575066859368235,0.57480226693314,0.0541083112118067,0.888532036773977,0.0932456519238185,0.475943401680295,2.83469403383624,NA,NA
424,0.503218203992315,0.568364224235789,0.876244493448115,1.53503023757866,1.37166271670743,0.648515502757859,0.594929141439265,0.362805786210229,0.162082289457321,0.631694264141028,0.439845812168322,0.561774337898009,0.589426139940275,0.249802980366629,0.108960941392928,-1.15337928610426,4.22343976126158,NA,NA
425,-1.26389249671477,-1.61626955398518,0.998198550997258,-1.6722339855118,1.1852235631601,0.13104507597757,0.813298628985998,0.224197768279468,0.549963433830533,0.0267855602318887,0.367845995925833,0.545826651719632,0.32294216340268,0.300852819478489,0.753613195431768,-3.99522948293383,0.650761511910224,NA,NA
426,2.90921554035906,0.45438641868652,0.73789377203301,-0.739532143529138,1.14136217796074,0.481988922325312,0.548244227652671,0.435975080388482,0.224579411026323,0.114778217478073,0.585904082524474,0.489754247107077,0.190677193398937,0.486184391548857,0.327860006209114,-2.97656090564838,1.4974966185901,NA,NA
427,1.60964666073004,1.66251950439214,0.999919962992429,1.93213786176891,1.19064519231828,0.107835182423005,0.969082194410148,0.790740200530039,0.529065489516128,0.0190486159551656,0.552244398903684,0.888230019455543,0.637025570527185,0.644672802027897,0.576805465048295,-0.401483833540684,4.2657595570785,NA,NA
428,-0.255026580331449,-0.384767445711204,0.0652906670592039,-0.589258622007554,0.337479636818248,0.470989194976049,0.294350351952366,0.937639505088446,0.229001724801725,0.12783125159319,0.738093583658803,0.620695465219906,0.181805324348155,0.583619345412822,0.913024511880241,-1.25070655568698,0.0721893116718688,NA,NA
429,-1.52272703213944,-1.44565288109866,0.051129628089363,-1.28744991740012,0.343341185568482,0.395494643685874,0.163330812960863,0.2973921696709,0.801107728646835,0.780301042643143,0.942998951101559,0.0824860518344212,0.897739145833882,0.43313269718294,0.0374762656291714,-1.96038627552363,-0.614513559276616,NA,NA
430,2.2760337125253,2.24629710777931,0.0500558392010052,2.07535794609473,0.235470540349605,0.195175576636218,0.0129158832981484,0.13267202817474,0.613533708820585,0.373635220259894,0.441380317703821,0.502276909523411,0.676145729830489,0.271103052706923,0.353890614660922,1.61384416758932,2.53687172460014,NA,NA
431,-3.77249076422822,-2.13598855676022,0.999717466040791,-1.87509038316476,1.14136217796074,0.20976282508811,0.906006053111283,0.538756284707575,0.866930850589764,0.607009447616409,0.393206404705998,0.654775903724134,0.0386504824074218,0.780129512395943,0.839584508588887,-4.11211914528401,0.361938378954479,NA,NA
432,1.03183486998901,1.26071920151151,0.445018051840453,1.72241385551678,0.372120256478824,0.376071123598143,0.482999793866999,0.981962726328406,0.630275560377631,0.313319652659586,0.663539542793413,0.295933344094316,0.693249786816654,0.11646802335151,0.9659730275498,0.993071554900475,2.45175615613308,NA,NA
433,4.00447784068115,3.96985769797618,0.0510292371609728,3.77628861048587,0.611599634867495,0.777799474993837,0.158671995884273,0.408264319402864,0.296116274320055,0.555080774368718,0.767690488103312,0.90490497334057,0.541192038603942,0.532210720063536,0.0426169930467149,2.57757535318773,4.97500186778401,NA,NA
434,0.903998163565605,1.05398202534066,0.133829728191109,1.39410665370421,0.323132902568914,0.39003450843168,0.383235309415497,0.0797036126129096,0.0197325407783501,0.771532332306029,0.446606666350388,0.863746324663749,0.744692581671989,0.0203772279985715,0.0878095725178719,0.760777802449245,2.02743550495917,NA,NA
435,-1.2659848256653,-1.37517198452999,0.0768253533271569,-1.53697421077186,0.638486834211502,0.248723493841011,0.323076451352914,0.835909007194219,0.0389133437734563,0.0580082466364838,0.429180022550398,0.0991217815215932,0.784638400320196,0.552259979301482,0.27323391253897,-2.7883854104294,-0.285563011114318,NA,NA
436,1.52094381966978,0.102851761286052,0.999722209578581,-0.517177535452855,1.14136217796074,0.425022577185882,0.906852893012692,0.602891170412069,0.55256264999602,0.00692613585840445,0.443093555497588,0.398287143098423,0.895719806326786,0.195205210919958,0.263501983535476,-2.7542062975721,1.71985122666639,NA,NA
437,3.18716594053098,3.77129574537503,0.999911785755725,4.22691116096837,1.13359871943507,0.97440649090847,0.964217797623598,0.00736528173135594,0.461235850366415,0.617241573052597,0.469914069888648,0.19909294272738,0.0153108933753101,0.592929613555199,0.598021342047956,2.00509849795491,6.44872382398182,NA,NA
438,2.19039450315533,1.55241194893881,0.993038443146334,1.41749909683137,1.1852235631601,0.311361436453764,0.745435195672791,0.0503363173210528,0.979302142935805,0.87965299747989,0.786076370759402,0.207021592423669,0.306214483822812,0.707573133096565,0.664297183788847,-0.905496400590657,3.74049459425339,NA,NA
439,1.51889537279731,1.56318952962205,0.0771437494732885,1.38705995050067,0.592748958613666,0.935512153643882,0.323683665854856,0.158890841953806,0.455225144229364,0.245243852135027,0.919804916244815,0.348074459841591,0.259653632958536,0.247223503546673,0.0984306062655523,0.225293339744259,2.54882656125708,NA,NA
440,-1.05318271992467,-1.05112709581833,0.955909870098387,-1.60433627447349,1.14136217796074,0.155819400171167,0.65113519371592,0.403473245805944,0.309125327951042,0.731058819253463,0.260773339444189,0.234965282244026,0.498885330093559,0.957613494316582,0.713066248283722,-3.84136503659273,0.63269248764575,NA,NA
441,1.70345823174169,1.72164889673656,0.050897375042987,1.45986145275535,0.343341185568482,0.00406693795858882,0.151810083547607,0.345026517781313,0.564127078657621,0.998629431328969,0.931600666840444,0.576670696171932,0.819620182185667,0.472592711324221,0.627768924037111,0.786925094631839,2.13279781087885,NA,NA
442,3.59101671967052,3.63313252838831,0.05113466457825,3.01530725573928,0.512088977151489,0.659681553139002,0.163553509725141,0.86646106218826,0.902148424328771,0.0484485391096678,0.300151686721598,0.396576101108571,0.513362724548555,0.151269354459713,0.874996644638479,2.0116313036424,4.01898320783615,NA,NA
443,3.11005899678757,3.1228907452565,0.050078116253275,2.89623410822469,0.568443089027758,0.864140459477436,0.0297031555573922,0.843136308416142,0.0285612139026634,0.971757848143112,0.907879458278767,0.0737879407014698,0.268463840356912,0.37299327112746,0.262076274574734,1.78210612646959,4.01036208997979,NA,NA
444,-1.21123313532518,-0.726709195257761,0.987454487405269,-0.240576612405527,1.1852235631601,0.46043669257767,0.715690258521703,0.346888826870359,0.820471289275331,0.835416369711864,0.541109497142723,0.274303781465627,0.91147887722915,0.731753382369992,0.796101746542496,-2.56357210982755,2.0824188850165,NA,NA
445,-1.39353809536408,-1.32134764873483,0.675932802047571,-0.384250738938768,1.31462371948015,0.335100845084875,0.532914606249542,0.254181797697092,0.558902610440389,0.0310888156689471,0.49757483351999,0.691296363572357,0.0859277134006843,0.0608798014960485,0.0387042482718825,-2.96086588234195,2.19236440446442,NA,NA
446,0.2698255308562,0.342772394511578,0.0501272874173756,0.717430033357222,0.372120256478824,0.222848312554765,0.0541182195268339,0.989240153912106,0.568700207173126,0.106860082420637,0.171017737822491,0.0608673946912168,0.702813601760077,0.966291744795744,0.376478527023573,-0.0119122672590816,1.44677233397353,NA,NA
447,3.9357258303202,3.86378209896277,0.112894461024229,4.08862605291452,0.388044329427862,0.701875905707013,0.367674707019003,0.546878819819191,0.860047707256512,0.997149956349051,0.726588413980557,0.279541298861383,0.205111226998619,0.230689993606415,0.549077137802378,3.32807314283091,4.84917896299813,NA,NA
448,2.35500798211599,2.28312491214078,0.0856384585704048,2.29334618338593,0.815639944987927,0.490330727719702,0.337759964944329,0.908455343024456,0.591451639991719,0.498071118002641,0.474179367598379,0.0660709294094704,0.454048060595174,0.00939210494002327,0.467673890149337,0.69472126685736,3.8919710999145,NA,NA
449,0.571038499693801,0.34536841945458,0.680774330848521,0.334216549533734,0.349943821426872,0.456882177794352,0.534052494088304,0.876741259619943,0.132251265362022,0.40632644437009,0.529015642127488,0.772017999999807,0.746834969214629,0.784240085780155,0.0630956312362105,-0.351660737075251,1.02009383614272,NA,NA
450,-2.36990624174566,0.114495553163951,0.999658024374852,-0.591514087921576,1.14136217796074,0.314580257925205,0.89645588807005,0.580780686704093,0.228848946755053,0.26494283436588,0.041769615522353,0.430281130413874,0.398779533402529,0.177451990318601,0.496823834517272,-2.82854285004082,1.64551467419767,NA,NA
451,1.56024748968808,1.57623415465054,0.0526966507094437,1.40406463570026,0.337479636818248,0.435856568700285,0.206919557825197,0.752514214227907,0.957690441130311,0.488396474836627,0.542545738617075,0.843046659317333,0.0728176719546318,0.429898742349236,0.600479418040602,0.742616702020838,2.06551256937968,NA,NA
452,2.17140562577786,1.97596847717228,0.997960456355362,1.5604074121276,1.1852235631601,0.208432987676701,0.807079335472896,0.365650236468413,0.0112219851172995,0.396212536346051,0.892128149690456,0.103728976563667,0.727555826193886,0.753175393768121,0.311952311483328,-0.762588085294422,3.88340290954963,NA,NA
453,-2.00167704307746,-1.95091658195496,0.0502369311133138,-1.82361847390746,0.343341185568482,0.374007455099025,0.0851900803231401,0.321898176157265,0.930304036127869,0.591638478268404,0.982280899280449,0.59531686843629,0.183859308207175,0.928459270810825,0.0280649509094655,-2.49655483203096,-1.15068211578395,NA,NA
454,0.264324600946661,-0.280542442535552,0.985341342146506,0.830391863411213,1.19064519231828,0.0181285667339107,0.707794019690831,0.768163131346228,0.533456327600405,0.245850217920612,0.9014136209141,0.662305083876592,0.174917794880574,0.745881000388181,0.605412580481032,-1.50322983189838,3.16401355872081,NA,NA
455,-1.32513687971833,-1.36151187874981,0.0501266314652263,-1.02727148736365,0.343341185568482,0.00294363144552335,0.0538598530454328,0.0034254077791702,0.653613703266368,0.496116718607373,0.86125487106631,0.571021185701014,0.732021973186289,0.890033974976745,0.0957777286932105,-1.70020784548716,-0.354335129240143,NA,NA
456,1.66054325024881,0.0599824889197704,0.933960795505625,1.32082345063704,1.37166271670743,0.938868821328855,0.629708206975716,0.793306356657995,0.261636252444005,0.954922185330652,0.66559800719365,0.876572535050102,0.0815361904354067,0.952413671441376,0.65329471122683,-1.36758607304588,4.00923297431996,NA,NA
457,1.69730585149087,0.488319873880562,0.988500192594869,-0.0236565455359283,1.14136217796074,0.24031811078568,0.720097638669657,0.432583425642224,0.432933204853558,0.324645103262621,0.0192766154496931,0.763190395570244,0.886426012472599,0.647958879565354,0.684806311670574,-2.26068530765517,2.21337221658331,NA,NA
458,3.24355056008868,3.2950680262778,0.0500865864724141,3.48588579920584,0.608880947252591,0.824642832774669,0.0348508739954559,0.104002331730677,0.684232766252826,0.623023992047645,0.348532559898566,0.707063215685659,0.225976565219695,0.374224897574051,0.299669014390325,2.29250107171813,4.67927052669355,NA,NA
459,2.62335042430003,2.56561004076152,0.083064027810361,2.05714372696461,0.520615081074341,0.619319993770914,0.333870413581375,0.435252074210439,0.752377313918434,0.616192158290883,0.542177202536492,0.828259113812237,0.34662502808834,0.508580609554309,0.0457191385423066,1.0367569182505,3.07753053567872,NA,NA
460,-3.06435143557546,-1.93225270245701,0.992758070974687,-0.44665796832315,1.37661810341601,0.466857676469954,0.743446104316506,0.700854574648663,0.00749958886671811,0.961390605446068,0.574738371387473,0.910812704991316,0.927511186631164,0.839619614695781,0.113849652565783,-3.14477987148436,2.25146393483806,NA,NA
461,0.0435939980765217,0.130257980315142,0.054680271619067,0.335924612893042,0.473444445259007,0.969875575027312,0.234591646966292,0.800166731402394,0.0491655642130645,0.874035257354029,0.768609254714218,0.429542961185332,0.0167392474992666,0.539369984360645,0.250440737137222,-0.592009448495157,1.26385867428124,NA,NA
462,2.76500798481967,1.07639628146269,0.995815194044844,1.13262892240738,1.08165871606276,0.630023057439714,0.771029342935886,0.564723177907988,0.893768308419036,0.161026654457091,0.97137614369567,0.660846133691026,0.231103257152019,0.832368959760992,0.229814722846611,-0.98738320463946,3.25264104945422,NA,NA
463,2.19819550838319,2.30804278681914,0.0560350521956436,2.1809297104674,0.604966423041349,0.564691618117387,0.247374773472082,0.164662000376149,0.569239040105138,0.805222382227424,0.297196393487277,0.53954779334052,0.83565973961784,0.984691252479097,0.606675482352031,0.995217309450339,3.36664211148447,NA,NA
464,3.47761720162852,3.43131283526308,0.0947001136344604,2.92257011256593,0.369533827301739,0.557662843630882,0.349585489440709,0.59789004725439,0.934839594101999,0.883128158957348,0.0115069829731947,0.174073481891421,0.143664227833971,0.663434035476414,0.580650166151463,2.19829711998528,3.64684310514658,NA,NA
465,2.26660174569938,3.22635364984709,0.99972818475579,3.09093763635338,1.09893285163646,0.542139752711169,0.907940425752546,0.585013470662408,0.388068370346213,0.353137077986612,0.0464985510481056,0.796583837319049,0.609358701604302,0.110383584771771,0.931553868558956,0.937068825718026,5.24480644698874,NA,NA
466,0.676365241762441,0.192422021180494,0.998582076218274,0.788896307978813,1.10072686126702,0.939627318977728,0.825288732108078,0.369251315187197,0.793545084252022,0.921816381463315,0.718142437345116,0.308578465721104,0.0957014497563941,0.306594014777685,0.12890078394115,-1.36848869692037,2.946281312878,NA,NA
467,3.02034563003719,2.24550229762626,0.999005249657221,2.04585156853277,1.1852235631601,0.34977495253447,0.84303389077296,0.0573594243892003,0.0735403849980794,0.0961547232228331,0.421114931355463,0.831871185386088,0.840954690074199,0.265498198794201,0.232628571711481,-0.277143928889252,4.3688470659548,NA,NA
468,0.657211204994161,0.657806965758504,0.0501704841905742,0.133664867213533,0.59669516023978,0.759162104550283,0.068730238904478,0.72441429723287,0.677425539967371,0.604276184839546,0.364957323357696,0.918842737725587,0.0132680684494553,0.818945664963219,0.494988167848438,-1.03583615660579,1.30316589103286,NA,NA
469,-1.69257526000425,-1.18891376981702,0.34975823379232,-0.687299554418247,0.343341185568482,0.133025645564427,0.461281601032475,0.119533024751581,0.551545569211361,0.819306430992205,0.705668832262047,0.584875102968421,0.84045645147725,0.531793234201497,0.635757053007605,-1.36023591254175,-0.0143631962947387,NA,NA
470,-0.382726441015171,-0.428732713457042,0.0516615583924177,-0.0653918873885548,0.648757784906327,0.887614938033163,0.182652225406724,0.834063051498728,0.59039276157401,0.294514236229821,0.643626390969148,0.725349212993169,0.583269113934948,0.652859371723491,0.751225146430312,-1.33693378049494,1.20615000571783,NA,NA
471,0.762020220621642,1.70776294314497,0.988980077739778,1.60904620151071,1.1852235631601,0.30074505344755,0.722254475662252,0.154290175807197,0.584334124545334,0.333488616651972,0.379827091732528,0.677577737340936,0.900375115254778,0.88620423854189,0.367775153861614,-0.713949295911313,3.93204169893274,NA,NA
472,-0.0780173364848976,-0.019274568212582,0.0501196539253477,-0.562043016973679,0.370193456770757,0.00319777125446126,0.0510256158295087,0.336469711489743,0.341280172630446,0.313680391106172,0.212841832041158,0.542691973278648,0.179147880583652,0.79354465165385,0.629901983668795,-1.28760885955675,0.16352282560939,NA,NA
473,2.98135577895643,2.96774439345579,0.0897800806360688,2.45808207152048,0.746560252986797,0.909962485925877,0.343484003026504,0.660100138712092,0.962531964840833,0.813814104434918,0.473922070187051,0.994431023765588,0.316959121448686,0.921182469945517,0.104829469065531,0.994850863377243,3.92131327966371,NA,NA
474,0.112133553715755,1.5429118395738,0.999953374789429,0.137190583749886,1.1852235631601,0.213975052943686,0.996101339448709,0.286792291059974,0.141924993944587,0.729358098648023,0.511639653219958,0.264608799597248,0.213180806808523,0.908604964783066,0.666275680864346,-2.18580491367214,2.46018608117191,NA,NA
475,4.45559787941894,4.23979531988872,0.869232719881115,2.78247962699032,1.37166271670743,0.590251433449565,0.591747446950758,0.713967512377072,0.0619729200346628,0.227671248013154,0.609656061693211,0.289081669779029,0.234843631893862,0.504968781620381,0.44041991856799,0.0940701033073976,5.47088915067324,NA,NA
476,4.26956638995099,3.79612997776612,0.438920615106531,3.96636107226426,0.605360492566256,0.636457336878986,0.481675642347778,0.579764504194725,0.0269934473392786,0.668688966240035,0.0814319064487936,0.522944659947301,0.597916102741612,0.800614131787559,0.844046116745216,2.77987630917097,5.15284583535755,NA,NA
477,-1.14121005627779,-1.19514626984325,0.605571559094499,-0.890865780042423,0.485901138281748,0.453795758647844,0.517127984403865,0.0182759142227005,0.861807823496056,0.418295814529061,0.00347476931940764,0.385821365691489,0.883184012517915,0.545648292184109,0.0964725648990134,-1.84321451112167,0.0614829510368183,NA,NA
478,0.0223009969956181,0.108416926035683,0.260869161419311,0.416917306114765,0.369316589719671,0.652979716137867,0.437288144982886,0.502647387122735,0.769180956219905,0.876054314349429,0.192183845992899,0.356379778388189,0.161307453244808,0.15747772480885,0.808603739870479,-0.306929908628946,1.14076452085848,NA,NA
479,0.0708447606758282,0.026678879753525,0.0503214125409162,0.339335158376712,0.356397336073215,0.599351093901554,0.100442329742713,0.387411588237039,0.607259265576839,0.24347820294043,0.813934756808681,0.718357193457894,0.704740646675462,0.678480295131914,0.278950341424439,-0.359190784512808,1.03786110126623,NA,NA
480,1.62364969948397,1.61560964493597,0.0500657574405628,1.73541527251512,0.354850665636022,0.61549459242099,0.0210912393142935,0.446083618615172,0.706621051143389,0.206207211129833,0.963430306913797,0.49292824698356,0.595914881647448,0.144081192307058,0.316440226084553,1.03992074797845,2.43090979705178,NA,NA
481,0.917621020712764,1.08415372951726,0.133225999647735,0.811136312827714,0.638732075988981,0.653826968195033,0.382839076027158,0.799096274727373,0.388767723259283,0.163811419539037,0.635426962294849,0.382882983520161,0.828551591140917,0.620036781707662,0.377757221673033,-0.44075555188119,2.06302817753662,NA,NA
482,-0.929378162571085,-0.99213984359606,0.0804698417846867,-0.307591726241353,0.484108500276075,0.421211139625288,0.329643727924442,0.0760948398733744,0.723706894496339,0.236331654428039,0.803158251198125,0.732658571473323,0.454973896762822,0.181460384205566,0.559892916134093,-1.25642695139216,0.641243498909453,NA,NA
483,1.33570672173093,0.406775796311598,0.981499975075972,0.86208699118648,1.09893285163646,0.625152239460847,0.695951204197831,0.689403268016176,0.956332236091956,0.191564693819149,0.414482343597105,0.862930294474238,0.0508146693678573,0.435617563200183,0.245955281399889,-1.29178181944888,3.01595580182184,NA,NA
484,0.775882609244215,0.715487823368661,0.212719341839808,0.729761107645569,0.719443864683589,0.351278862943058,0.421172104248428,0.306269100822974,0.135892554585007,0.652510112680029,0.616858624248183,0.713406446335139,0.982312098958762,0.692708589055808,0.109488685817923,-0.680322956032573,2.13984517132371,NA,NA
485,1.65988008724001,1.77332596373112,0.194593799574011,1.1159764858631,0.822161588923329,0.852587663513958,0.414129084100132,0.256240999989561,0.14912435374991,0.462622010133229,0.513573078602669,0.634971029517241,0.477917595778941,0.732047135975212,0.0288469086397672,-0.495430617898847,2.72738358962505,NA,NA
486,-1.86114487396257,-1.24048949437369,0.986974162982327,-1.88009909086266,1.1852235631601,0.0452069928741548,0.713786042984924,0.209142026217189,0.449873544123722,0.665553855756996,0.0376334712125827,0.411340059625451,0.803135886728414,0.505247224382008,0.344330941864871,-4.20309458828468,0.442896406559369,NA,NA
487,2.00720395001233,2.01418327294785,0.0500488409345883,1.7399135199906,0.343341185568482,0.205657594674616,0.00622014670143835,0.361571942966781,0.505700840865844,0.984692403988098,0.864128817659919,0.134179764797562,0.3176011716387,0.796340113078128,0.497628834859584,1.06697716186709,2.41284987811411,NA,NA
488,3.32513579646503,3.36574964084114,0.0520268944316159,1.47480784597679,0.94325824945369,0.964081232066732,0.192608932640869,0.00601616703730542,0.018201549496036,0.341235293465084,0.413405097981216,0.654442954770755,0.647475513537764,0.988379717261647,0.81455686708563,-0.373944351072739,3.32356004302632,NA,NA
489,2.72970782675663,2.99218375965614,0.264943007788916,3.54944648064929,0.539644294502007,0.64637637141766,0.43852124381531,0.312654019323876,0.564654080157285,0.71407072332094,0.404367538153194,0.706043038144358,0.275001068271697,0.655925528823398,0.994582215024391,2.49176309896283,4.60712986233575,NA,NA
490,2.75085480355517,2.70715451442966,0.109078612809636,2.59643865873779,0.620559857282574,0.866600851523108,0.364330639190506,0.338301869542105,0.530788280153181,0.446700228482718,0.713736956602195,0.993822775046574,0.031253391620703,0.00721474193374161,0.997738089282298,1.38016368821262,3.81271362926295,NA,NA
491,1.38183361300738,0.375602970077671,0.996415159938753,0.308293920052512,1.08165871606276,0.619798709726078,0.778798373566591,0.378709770839429,0.593575965286931,0.187616306309239,0.475335866060341,0.847671103781671,0.214541929959436,0.178514319765847,0.547330383007182,-1.81171820699433,2.42830604709935,NA,NA
492,0.0139196015803668,0.927648177953617,0.822806789762433,-0.508766114650415,1.1852235631601,0.414346346835373,0.573639417414553,0.285363417997258,0.643678433136316,0.586947501570918,0.955503910811502,0.802579080183874,0.29765951282694,0.881222918918356,0.562008364279522,-2.83176161207244,1.81422938277161,NA,NA
493,-1.17783182837247,-1.00937011730332,0.455242118303848,-0.858325124271538,0.343341185568482,0.077969416238484,0.485207163463463,0.185167949346942,0.758940903084003,0.816957833420485,0.845303294757381,0.0574732865970582,0.805445199942216,0.400964408692671,0.586887236884562,-1.53126148239505,-0.18538876614803,NA,NA
494,1.86912331451175,3.25857941810463,0.991688232666498,3.49295534718676,1.37170111753581,0.894047373207402,0.736500099741505,0.926629557247972,0.600746566118207,0.029576989437337,0.00125392676889896,0.965106649236521,0.95933302245941,0.0397477622115985,0.741856602505315,0.804470559263228,6.18144013511028,NA,NA
495,-0.631694937069546,-0.642541129616027,0.0505664718950624,0.105182983390046,0.370193456770757,0.469474299032008,0.128790333408746,0.505524295112933,0.229985652229167,0.505784728952451,0.663252131300978,0.867016929263016,0.990320705103688,0.106070077631273,0.363614571208018,-0.620382859193023,0.830748825973115,NA,NA
496,-0.0250526670531003,0.0440083857538272,0.0732153605490585,0.859220946583462,0.955000470016936,0.499490117170732,0.315654646677198,0.701838597214082,0.404468750276137,0.182141072384664,0.689210610581213,0.911992479572655,0.177374646326527,0.529105989545118,0.987060015487368,-1.01254557986856,2.73098747303548,NA,NA
497,-2.11928975169367,-1.02627044694691,0.894496685857263,-0.312592993512798,1.14136217796074,0.0138221490222495,0.603999922287883,0.619570933542331,0.899791913414374,0.553346714576473,0.226435455918428,0.929371553199599,0.691684817094472,0.292698490478797,0.503432026354247,-2.54962175563204,1.92443576860644,NA,NA
498,2.8918620830279,3.49693895974164,0.847632130987455,2.47504282856644,1.37166271670743,0.844114378999453,0.582767485732562,0.651372060071444,0.206543076102273,0.862676158862887,0.612074717212468,0.961879138040938,0.455031737070181,0.640756959525752,0.435177425087546,-0.213366695116478,5.16345235224936,NA,NA
499,3.22339444061464,3.34632208758737,0.0691773230211655,3.72990347146302,0.549631753614637,0.805576911876327,0.305882984716212,0.92061002125917,0.414611854533548,0.433417397202109,0.917434254297637,0.458533507984015,0.179960035400232,0.295260474138078,0.139081309839152,2.65264502961874,4.8071619133073,NA,NA
500,1.55547985662513,1.52266359675319,0.0501798154114361,1.9422702443499,0.601583152819257,0.701350964363432,0.0713951433205511,0.0921759006943321,0.759067473848118,0.439132065852755,0.274553030807059,0.934456817703322,0.07333620033646,0.735354872997268,0.536755551567534,0.763188931118097,3.1213515575817,NA,NA
501,-0.353073169840242,0.502947377029142,0.970102911487188,0.964953548112475,1.13359871943507,0.531719384339522,0.671336221129866,0.120244201151305,0.828156396651058,0.0289243490234949,0.750334367300966,0.943613692442188,0.619319421401946,0.335989583692397,0.799081146328477,-1.25685911490098,3.18676621112593,NA,NA
502,0.730822361008776,0.716854247074764,0.0563173494001823,0.572572588173917,0.190188486689646,0.0557554580720607,0.249675489353365,0.172031305824174,0.487172587258392,0.212092208587914,0.230996150316321,0.273226520908996,0.538357909450191,0.112025165223051,0.65169979762705,0.199810003988035,0.945335172359799,NA,NA
503,0.952777084845122,-0.265357106370298,0.999269211366084,-0.139688184926494,0.962188842369164,0.721018519906211,0.858466172245448,0.733504628778785,0.685259005254949,0.752093033329234,0.591508243410499,0.707701244548312,0.121844176320126,0.456532687222818,0.941909455337212,-2.02554366229634,1.74616729244336,NA,NA
504,-2.61589828580478,-1.71479159390774,0.922013661161416,-0.643067853431465,1.1852235631601,0.412609079410322,0.62071357110003,0.208597897823085,0.688138937584124,0.090200754509191,0.866441520307446,0.356797273678822,0.734060528349131,0.188117289529066,0.944651144971373,-2.96606335085349,1.67992764399056,NA,NA
505,0.43741950596813,0.491107949942068,0.0534435404193566,1.63855100398495,0.94325824945369,0.629230969525524,0.219183475701488,0.0968263012815733,0.0800624186508358,0.407548808812746,0.351732355897548,0.931771869838005,0.689329280381207,0.168989790665219,0.945233590102289,-0.210201193064579,3.48730320103448,NA,NA
506,1.41315626221874,0.485219385526141,0.997208554989764,1.62850291560109,1.1852235631601,0.477856020862004,0.791347995469463,0.214007180415327,0.662726113323704,0.207842286804807,0.404671527631348,0.613667762274505,0.155086234510993,0.989861919979914,0.894373837414314,-0.69449258182094,3.95149841302311,NA,NA
507,0.2607089856106,-0.525373068225724,0.621139144461217,-0.263544927570277,0.343341185568482,0.384874783753068,0.52052319318254,0.267787651097053,0.689246399456984,0.881010647364892,0.828070829919539,0.303131633387296,0.83343570868636,0.913124470769195,0.179579439139576,-0.936481285693785,0.409391430553231,NA,NA
508,0.740612130851659,0.906461479687498,0.978254956345611,0.212171336474864,1.32370409105544,0.663867732520797,0.687696028944338,0.188368349511526,0.73543847084092,0.972519389112596,0.942404504460515,0.72262597101077,0.703443073963397,0.561753063877462,0.163491816759342,-2.38224100818213,2.80658368113186,NA,NA
509,-0.0435808025998394,1.45560631149004,0.999106621784246,1.64926481644587,1.37166271670743,0.577405270050047,0.848413319895626,0.741189074208261,0.0228937895392301,0.087352070551482,0.536954868770903,0.900051435052417,0.414824041646789,0.0489479774488136,0.883680800220347,-1.03914470723705,4.33767434012879,NA,NA
510,0.718560258366143,0.713729102938581,0.0633597611132251,0.893664110245855,0.562762090419868,0.436490025924402,0.2874974014326,0.295376605901401,0.812658216786338,0.437220368872979,0.972592221312807,0.770973815192818,0.427197485157056,0.15804658709839,0.745150017952081,-0.20932931884156,1.99665753933327,NA,NA
511,0.723808083764336,0.675858569395269,0.0501592750059863,0.686843216550308,0.392107472756138,0.523069955229061,0.0653291356983827,0.277376653580111,0.849405990565429,0.889744250558666,0.944204930440406,0.136634958978393,0.265592416612431,0.293603101807297,0.136655258783023,-0.0816733081207419,1.45535974122136,NA,NA
512,3.08018159699673,3.0759801075863,0.0500596077202513,2.45607464771757,0.619696750595741,0.893376545571489,0.0161815291730454,0.452126879500924,0.330407797269523,0.11012320934108,0.684092164269299,0.261953342587804,0.194581290124566,0.869606743675075,0.553128648553975,1.24149133521341,3.67065796022172,NA,NA
513,2.94270634193491,1.84428068283442,0.508506434195092,1.88915954030602,0.37813898880902,0.306615093836328,0.496526273808675,0.482001071396866,0.971463273344096,0.810015259524225,0.00671015428251121,0.0518750173192238,0.402194551724126,0.264001758814557,0.973979605319095,1.14802074108995,2.6302983395221,NA,NA
514,-0.711994525682839,0.0679046453071546,0.9953886850398,0.283165706017519,1.09893285163646,0.57385825347167,0.766154154634569,0.755352928759181,0.75459254325612,0.515679359005066,0.246840029937099,0.783236355261994,0.0146223190266173,0.847639420316787,0.445289055496454,-1.87070310461784,2.43703451665287,NA,NA
515,-0.071827714473583,-0.435630020454715,0.581500914086645,0.10081237392989,0.349943821426872,0.370227531674434,0.511951510593761,0.726090184346889,0.515695155121735,0.213450804174645,0.00821245606523007,0.852219483354362,0.455544811984408,0.537402566625387,0.134594906546059,-0.585064912679095,0.786689660538875,NA,NA
516,1.15053265997171,-0.121323791170619,0.978612710953137,0.658867937996304,1.13359871943507,0.862413401417551,0.688544749400229,0.0263043536811601,0.382479292307631,0.0107939032755094,0.527453518324764,0.494822611961281,0.895429933676263,0.422531436106423,0.971405591388349,-1.56294472501715,2.88068060100976,NA,NA
517,-0.0983046974332069,0.308339562844185,0.758013490335188,0.434259278897297,1.19064519231828,0.410762661617249,0.55367905841209,0.848427390760858,0.906961785583408,0.0233763003483182,0.53905816646188,0.03961434142699,0.930430528624915,0.228674340345897,0.864740196539555,-1.8993624164123,2.76788097420689,NA,NA
518,4.23796851107279,4.2943672522084,0.104540289033249,4.17493484093236,0.552972142823376,0.875533260590979,0.360080122346641,0.531351913460763,0.382617053227499,0.241753680543974,0.812779110078118,0.248435950466432,0.121473928040476,0.492644585284288,0.243550241455203,3.0911293565446,5.25874032532011,NA,NA
519,0.403153046840409,0.457890420174487,0.0541616534372364,0.703453002500293,0.37813898880902,0.39815426692809,0.228692039137124,0.174053395591909,0.90179487240361,0.804004847177537,0.223295629859087,0.336345298457076,0.802700988822617,0.641651826836169,0.617470223552315,-0.0376857967157798,1.44459180171637,NA,NA
520,2.98388741628759,3.0251318086094,0.0501176254522371,2.27152853471375,0.59535228913555,0.709263039285201,0.0501706001494313,0.133485620832536,0.309583840306965,0.664519338671467,0.276397885033628,0.667778821302345,0.506246941417223,0.368537336300127,0.538176976906834,1.1046594898946,3.4383975795329,NA,NA
521,2.90803122323785,2.10533396722237,0.988320823937055,2.46113363923521,1.10072686126702,0.918183247071458,0.719314224397764,0.844638650455163,0.665835755431792,0.907974342204281,0.819241122679436,0.342956711550942,0.697149571801419,0.77089084883919,0.945673387827352,0.303748634336028,4.6185186441344,NA,NA
522,0.501140344331946,0.437954666795491,0.0515519873412381,0.465916894872121,0.653295794057904,0.290622386179399,0.179235464374768,0.415636143044336,0.384623119733646,0.452677411869634,0.760101693965262,0.43642252398585,0.768115191591438,0.0336404163839761,0.181747639720445,-0.814519332732866,1.74635312247711,NA,NA
523,0.442565745027695,0.324247265213495,0.902409649344765,0.0418515906574251,1.1852235631601,0.265666398704634,0.608364429903682,0.00212284477474168,0.4099056471691,0.764036650436115,0.167297832261771,0.123918875793344,0.531057453678572,0.874115348549793,0.776197063081665,-2.2811439067646,2.36484708807945,NA,NA
524,2.95977576453593,2.97144919233314,0.0501422093875944,2.25357187486098,0.621961274721703,0.587023851075093,0.0596616486874409,0.912882869939669,0.648433772492921,0.823163688703556,0.821906549975974,0.411878124524374,0.22677109754656,0.713136357928859,0.187525257025263,1.03455017662782,3.47259357309414,NA,NA
525,0.803390085627782,1.11939656998652,0.999463206301452,1.71909614295379,1.31462371948015,0.31842950294842,0.873901910560555,0.155397920653224,0.26843270063994,0.0396130556931021,0.437607051464263,0.33297887911275,4.15041076485068e-05,0.284778951504501,0.129435665374622,-0.857519000449393,4.29571128635697,NA,NA
526,3.70857730815865,3.73830269427967,0.0505953028592153,3.32315647370935,0.746971604060517,0.571171378103201,0.131273992527975,0.894825561643578,0.20140512254159,0.473192600360839,0.0943217501165345,0.606599778235308,0.672177303815493,0.611751990741119,0.621690620985581,1.85911903227662,4.78719391514208,NA,NA
527,-0.931203308094627,0.202922039065492,0.555125936342088,1.05249975309802,0.94325824945369,0.579845304377377,0.506350826899172,0.0193579513966106,0.153684065785958,0.491306347484933,0.984533239670447,0.412476513698813,0.256187420974602,0.955981562544825,0.327155844324036,-0.79625244395151,2.90125195014755,NA,NA
528,0.670950151139496,-0.00855337762189734,0.96375187929547,-0.0364568196796988,1.09893285163646,0.536983570168144,0.661358576521161,0.71813789177849,0.74072204609646,0.621502431988483,0.747219137642183,0.963040703888517,0.0685602146202,0.313347246814519,0.48787109211483,-2.19032563031505,2.11741199095566,NA,NA
529,1.27775812276399,0.835117905143818,0.406956190867041,1.61822545898562,0.690814325116149,0.232619955048664,0.474617239310057,0.109453887490788,0.143562759088585,0.198009989482467,0.840975820902386,0.791188474656665,0.602795353445225,0.679068872074713,0.905265514610335,0.264254261753621,2.97219665621761,NA,NA
530,-0.139704795850152,-0.659195421573568,0.609826508357574,-0.0772472308255205,0.64117179200055,0.43717226134357,0.518051771932631,0.245267684162012,0.246927154362435,0.159755568123888,0.479644213585416,0.0774147511943011,0.425944132623379,0.510411761042313,0.226980066482676,-1.3339208510496,1.17942638939856,NA,NA
531,-0.86379049155573,-0.823879626250299,0.0558480455507946,-0.630719754388844,0.37813898880902,0.287922317049466,0.245791019482655,0.165145221550134,0.535750912867952,0.691196399268461,0.152868469316978,0.255215062769246,0.287869648410124,0.118434089847025,0.305944344116491,-1.37185855360492,0.110419044827229,NA,NA
532,3.68583558715329,3.7483820200935,0.127167409852655,3.19977904739538,0.670317614239367,0.698085302178282,0.378711672107223,0.56522365797509,0.325973726414028,0.529681975331856,0.339135546790319,0.124864314977895,0.0702643396813655,0.90415991121612,0.414220602347166,1.88598066528341,4.51357742950735,NA,NA
533,-1.50649939644982,-1.55130309363063,0.0509247125970096,-2.23230725462067,0.370193456770757,0.351910443249508,0.153311978772283,0.382847998463083,0.393982945236377,0.681057210353436,0.26047579329391,0.378335382623714,0.267780043418519,0.822347701410647,0.443655983521952,-2.95787309720374,-1.50674141203761,NA,NA
534,2.16667957346372,2.17941519716497,0.0503112436061332,1.80568056543596,0.323132902568914,0.0663977514691651,0.098834315998829,0.343134398850729,0.074850333665614,0.62533292268787,0.128460566051537,0.0172133099187631,0.80445441791357,0.318696851540939,0.856190957097453,1.172351714181,2.43900941669092,NA,NA
535,-1.4654995594708,-1.48309011723085,0.0500527521590623,-1.1511584663,0.37813898880902,0.203509031981928,0.0100721484081587,0.304924647119595,0.918894088109024,0.475863562479382,0.226918240797473,0.215614009819808,0.707385729592643,0.606263014063472,0.929351582081639,-1.89229726551608,-0.41001966708393,NA,NA
536,-0.095001599631976,0.789000406806297,0.999052448742164,2.10935072168539,1.37166271670743,0.696979810942197,0.845466915498488,0.788201109110843,0.352702068380779,0.60222791966598,0.883682026220486,0.0283767500382382,0.0967796812190209,0.0390856618221151,0.761848365776474,-0.579058801997525,4.79776024536831,NA,NA
537,-0.438023120885104,0.0917790805727006,0.996757949089047,0.122893386536266,1.1852235631601,0.279007144004689,0.783841866808943,0.32388316292048,0.113952386147459,0.409668269559741,0.270486199268023,0.414212334877928,0.144118588283309,0.672344272848917,0.575231420389144,-2.20010211088576,2.44588888395829,NA,NA
538,1.06719479831653,1.04068235727134,0.999873165661951,1.54538523945489,1.37166271670743,0.933045809036703,0.946060096734436,0.491404390330659,0.174813245078432,0.402072655813768,0.922459831575514,0.628365510464995,0.784283726150054,0.216317463506246,0.30022338024585,-1.14302428422803,4.23379476313781,NA,NA
539,3.0295070141173,2.94190014152158,0.999849440891226,2.93422195473409,1.13359871943507,0.688851076978957,0.937485150566557,0.0124076680638827,0.452298207649728,0.670662232158473,0.318815937302075,0.442319460496772,0.694094079773524,0.135350203578942,0.501002619694918,0.712409291720637,5.15603461774755,NA,NA
540,2.09667960634539,2.08098167445151,0.0651005896625528,1.96087614327431,0.349943821426872,0.323859557477292,0.293714742629207,0.794838964816532,0.875048799905344,0.123949873311794,0.314192966008908,0.420138238313026,0.921543666991638,0.697480634775013,0.0949037493480137,1.27499885666533,2.6467534298833,NA,NA
541,0.908083136737358,0.88931323081669,0.0502106041592858,0.99778716238151,0.60006805746555,0.796534439430339,0.0792992399394279,0.238612163740559,0.37966106438858,0.941687820967752,0.925773062410881,0.552392672690446,0.130911329589668,0.575226591940736,0.938997204838786,-0.178324618523878,2.1738989432869,NA,NA
542,0.755449937528544,0.812412291813851,0.050197102260083,0.782444669871952,0.31098147948321,0.259694336807821,0.0759856457393616,0.869223563129199,0.462428063512314,0.80334789927199,0.866554374885163,0.400134180934867,0.318416983151925,0.666934798898175,0.591103240174241,0.172932170225878,1.39195716951803,NA,NA
543,1.13879089384466,1.06233268778344,0.0544821508635392,0.874804518381073,0.343341185568482,0.0152799104392761,0.232418513438781,0.325282673222479,0.411915138060227,0.903106772012077,0.740796571944025,0.0164304942057934,0.949813687018584,0.906101264502387,0.0354193854882615,0.201868160257565,1.54774087650458,NA,NA
544,-0.522461889508511,0.255948887519396,0.989648595535965,0.275738673729441,1.14136217796074,0.251029968622024,0.725419188166037,0.574644300874788,0.892770006482489,0.721482575571514,0.343596169329714,0.282471970690996,0.729794123159838,0.272428302148706,0.4922885348649,-1.9612900883898,2.51276743584868,NA,NA
545,-0.543558326419709,0.0420218356632564,0.626064241730166,0.718786740561344,0.429502042128594,0.798943308741553,0.521606758596492,0.778687027222128,0.0983751494506141,0.972121614284581,0.71985128909233,0.552750041388441,0.790065521620796,0.458443548604846,0.247663106095279,-0.123021793297106,1.56059527441979,NA,NA
546,0.388049729513412,0.429694176582171,0.0505356192157823,0.428998866328222,0.576434448751772,0.787701105446555,0.125988509770599,0.441422452917788,0.195168925601058,0.0860825713915983,0.771911290078657,0.684645099458401,0.130264962046989,0.196058067281498,0.441865808378905,-0.70079189267345,1.55878962532989,NA,NA
547,2.5263473021058,2.49198453830891,0.0531091654266828,2.42601875837259,0.323132902568914,0.0921033603620017,0.214058526354493,0.324373595202924,0.046421579618589,0.223463229158544,0.51853006367234,0.140982814734802,0.888733697671443,0.0629140094486065,0.485346326846862,1.79268990711763,3.05934760962755,NA,NA
548,-2.73527598293772,-1.78514759851295,0.999029802964829,-1.60552777038665,1.37661810341601,0.127504916127538,0.844284815089311,0.968865083098412,0.452643535930314,0.833229790533427,0.980186576334527,0.384293860247126,0.849751306544757,0.605080318425898,0.101714050056646,-4.30364967354786,1.09259413277456,NA,NA
549,2.16176868734877,2.2004402267077,0.0538967930644473,1.10366757384778,0.323132902568914,0.484872663500253,0.225390113117988,0.223445252622128,0.0775351767183747,0.843397975269239,0.434743354831473,0.185751940378454,0.965894952804549,0.804885316964472,0.890514650038909,0.470338722592817,1.73699642510274,NA,NA
550,1.1897161920319,0.334157545438735,0.999923541261507,1.42375514355556,1.19064519231828,0.0106202577548102,0.971369277411723,0.818766243402497,0.64642124858743,0.435913358189864,0.509187200572109,0.686202002036502,0.530179297888419,0.252000430671498,0.595322051037336,-0.909866551754031,3.75737683886516,NA,NA
551,-0.201579530844261,-0.180370191084639,0.0520054150255392,-0.546579211886809,0.370193456770757,0.327680150551023,0.192075112221646,0.454811294289073,0.385980299149756,0.444798128663329,0.692177711070748,0.484706250100862,0.40374821455311,0.149926072392729,0.95994996093004,-1.27214505446988,0.17898663069626,NA,NA
552,2.21689355905698,3.01861443667278,0.996948577276569,3.12756172392174,1.37170111753581,0.744994665912469,0.786881842124858,0.988652947288589,0.810475379091105,0.393258065300528,0.247002001148066,0.640419543680386,0.886978313588304,0.737148065473069,0.751806040571188,0.439076935998208,5.81604651184526,NA,NA
553,3.58382436473888,3.60900054634109,0.0503788626770462,3.07151995865848,0.577150871903407,0.612407579588238,0.108667771425797,0.169254295619205,0.792411744548939,0.70178633860522,0.525872882826254,0.887887709166505,0.758273442382575,0.951477385065984,0.00431491002335679,1.94032503608191,4.20271488123504,NA,NA
554,1.64847787429539,1.61728958895309,0.0513975876046695,1.25485202856541,0.125630654406132,0.68815064677794,0.173987892711768,0.81057893591898,0.912319754728465,0.5200523377317,0.21040858711442,0.845743807728752,0.453559310996556,0.727738026737236,0.33462063328526,1.00862047057519,1.50108358655562,NA,NA
555,3.31890426362482,1.97573411045265,0.429508161011692,2.28108324835857,0.337479636818248,0.461932492793421,0.479618861853145,0.773493746914552,0.137930331347277,0.214855589190149,0.039993698125123,0.255511989556369,0.604308457458625,0.698123504731222,0.661359159541433,1.61963531467915,2.94253118203799,NA,NA
556,0.828729927415902,-0.0710657108826637,0.989094341314775,2.12665113858305,1.32370409105544,0.960631652713055,0.722781707209302,0.20714251445618,0.477250518761459,0.571570566297625,0.77407064103405,0.973919947532355,0.599608506377554,0.809524662355427,0.0515322827073978,-0.467761206073942,4.72106348324004,NA,NA
557,1.67098994070682,0.649712962278938,0.844889708618249,-0.164990692077858,1.08165871606276,0.574011227074545,0.581703347627423,0.530085665905732,0.969647961317794,0.0319632840990089,0.448735163796577,0.521744202172151,0.509605549115804,0.474496814657585,0.0401263119733194,-2.2850028191247,1.95502143496898,NA,NA
558,-0.571096749866455,-0.54805455356214,0.71547540524962,0.319065431372066,1.31462371948015,0.077255931072752,0.542484099074383,0.281562870409107,0.179832664311863,0.233050131598138,0.333111163180554,0.96406726623443,0.180140819524415,0.760053656149423,0.0873531385557726,-2.25754971203112,2.89568057477525,NA,NA
559,1.39275743912497,1.30251224176162,0.12425613379057,1.85134703598994,0.726067211815867,0.514290251243976,0.376622336311731,0.27908445875335,0.199264500662684,0.626087124475511,0.138055682409904,0.59902644361963,0.103543285904452,0.454969505048473,0.208467282738653,0.428281450475427,3.27441262150445,NA,NA
560,2.19525575390757,2.24676907342122,0.150339155326414,1.66712692567688,0.584348386736047,0.475645193130593,0.39318593686563,0.64236891409941,0.185124804947292,0.786409173520282,0.484818603918306,0.981101999522187,0.757094402546645,0.0559077858806122,0.0591596771837212,0.521825133250146,2.81242871810362,NA,NA
561,2.3484087635433,2.00093543503633,0.999924202463574,1.58845705681863,1.1852235631601,0.365578117067111,0.971803584118257,0.342359444479225,0.0639680291645927,0.678645078293164,0.320826132340124,0.376593941755826,0.288080527664511,0.90088041457755,0.678877890774515,-0.734538440603392,3.91145255424066,NA,NA
562,2.67662933460741,1.44297562669613,0.999940536297786,1.6981033555434,1.08165871606276,0.783156562753953,0.983939429433318,0.322427024548408,0.819794059874839,0.569212527268101,0.588155316918506,0.34460255650233,0.426975238320301,0.966596003076062,0.554633490379201,-0.421908771503442,3.81811548259024,NA,NA
563,0.130896448942271,1.69996612134278,0.999405053086142,1.01060526436434,1.37166271670743,0.58622311049595,0.868755931316293,0.583625772218453,0.0805590357449837,0.480590519475401,0.327527773497975,0.704853216657881,0.00165077841386665,0.205260130437091,0.298274059185293,-1.67780425931858,3.69901478804726,NA,NA
564,-0.0855124489358814,-0.0653379384624611,0.109394939059009,0.0413456179051535,0.370193456770757,0.463319083724869,0.364615397311049,0.552809171302244,0.235807206310565,0.222146889471216,0.309154112719232,0.368398729855311,0.983650768586202,0.544958517059684,0.46046863306663,-0.684220224677915,0.766911460488222,NA,NA
565,1.98971443492063,2.08746552538602,0.053812585508719,3.20338296837184,0.94325824945369,0.714809491272084,0.224293345409911,0.235768452068325,0.0231114276791923,0.926339141572826,0.641494067016523,0.406455159831094,0.493397174016456,0.556600280545186,0.239057303580106,1.35463077132231,5.05213516542137,NA,NA
566,1.2132082798141,0.931562173310407,0.999934878015869,0.725190659244888,1.1852235631601,0.488411984540755,0.979394326084759,0.123315648669377,0.543535261291079,0.389721018737997,0.272921669353149,0.102700020703953,0.869175740647595,0.4831170704494,0.923355081828195,-1.59780483817714,3.04818615666691,NA,NA
567,3.34335350875454,3.48433696945318,0.999892036295934,2.91276476158664,0.962188842369164,0.898254234445514,0.954115425697062,0.560324031787924,0.574891087893513,0.661382936501177,0.794982158346917,0.436657336483942,0.549353156252881,0.56224123750499,0.287115150694852,1.02690928421679,4.79862023895649,NA,NA
568,3.19682449747991,3.64389268367183,0.977166483421377,3.1625439308781,1.10072686126702,0.565270895056659,0.685195183064905,0.820201992531074,0.590915419281577,0.885153226004331,0.760964310219046,0.341072005276918,0.181185962019837,0.407326933088014,0.177364453477901,1.00515892597892,5.31992893577729,NA,NA
569,-0.0130541277846615,0.711347642351368,0.744542766013205,0.395794463538766,1.19064519231828,0.440158010560437,0.55000993622269,0.72183660098433,0.940186652069679,0.357146318915533,0.791766064605094,0.0097529172153445,0.778902852334664,0.332297590476461,0.695202763243229,-1.93782723177083,2.72941615884836,NA,NA
570,1.36673924744226,1.53882033666057,0.836560445603317,1.39576987817947,1.10072686126702,0.82527126299392,0.578561317467829,0.712914182602195,0.684882070004358,0.836931187790935,0.492490397495567,0.520488833584124,0.105535787964822,0.517411821752437,0.134277127170353,-0.761615126719711,3.55315488307866,NA,NA
571,-0.683082227447571,-0.709734270209111,0.101247504214733,-0.44387274187836,0.280513288886846,0.449602798202774,0.35678296163003,0.0616124227625551,0.989239159630495,0.398839679068071,0.210594354079687,0.276540158253396,0.603762106609182,0.564685182357789,0.921491814211593,-0.993668685281457,0.105923201524737,NA,NA
572,-3.64293262421698,-0.815848486964758,0.999758198182231,-1.2704862912887,1.1852235631601,0.397787210781127,0.913792212357162,0.077133022445254,0.916986473831697,0.13410428561829,0.0361333038201556,0.732288061762461,0.322106649525347,0.879130618039635,0.777353747807676,-3.59348178871072,1.05250920613333,NA,NA
573,1.59010095310359,0.585733693280954,0.988006542443803,0.713115786205252,1.14136217796074,0.0787198862363584,0.717969781320426,0.506508602980641,0.0399550458532758,0.806523382426472,0.644412513926975,0.738995737361023,0.342907753246604,0.541578422526363,0.609576281169546,-1.52391297591399,2.95014454832449,NA,NA
574,1.63805470343096,1.63263995313363,0.0502492145698485,1.64374643610733,0.31098147948321,0.330944385528797,0.0877179676827509,0.732883240968338,0.359569545542472,0.821888637535856,0.822359817664372,0.268585239169537,0.763288567287964,0.896736863474827,0.561739647752722,1.03423393646126,2.25325893575341,NA,NA
575,-0.697486251458335,-0.710167668521301,0.0502518683685286,-0.438966996089397,0.742005012758185,0.505712340181461,0.0882477250052616,0.988178612652002,0.190578319315799,0.757748375458992,0.605255882845959,0.318799078954849,0.487507983442396,0.632715004837024,0.199984486792702,-1.89327009744362,1.01533610526483,NA,NA
576,1.23360310831043,1.27943662846858,0.101965755636584,0.943999521573591,0.349943821426872,0.0623569486407796,0.357518837729236,0.746174159051501,0.39075732975069,0.902530999073526,0.929543806762784,0.367204158645938,0.531972075784113,0.139373563411529,0.190554523554049,0.258122234964605,1.62987680818258,NA,NA
577,-0.435573079136217,-0.485025119691678,0.0509874241733396,-0.255034327167828,0.37813898880902,0.324690020079259,0.156596118908492,0.271545107122161,0.996595587968244,0.687493770744652,0.532267304392415,0.25802654128836,0.845389998129103,0.809454982070834,0.924389337254222,-0.996173126383901,0.486104472048245,NA,NA
578,4.09081636843179,4.01183482761461,0.134381884219256,3.81024614028367,0.526627132792968,0.869628478392493,0.383595445007784,0.348569210577291,0.262312516539823,0.221145578045398,0.691736554422881,0.597816653918009,0.334292629370815,0.565929675642052,0.389826872176025,2.77807592672786,4.84241635383948,NA,NA
579,0.898693185969487,0.999995747450687,0.999510886439727,1.41219183549111,1.37170111753581,0.769320032168762,0.878555379125173,0.930048937885673,0.259509236463229,0.0472836632316466,0.154188879762311,0.861598986112513,0.633458268826478,0.420408540422562,0.89670186407899,-1.27629295243242,4.10067662341463,NA,NA
580,1.2989608441479,1.36595143153882,0.0645203586696626,1.40993955819541,0.535837295780959,0.562934627767769,0.291724616386113,0.206836909615784,0.541901073208079,0.860821132321842,0.84550210160017,0.301886318375124,0.196273029298405,0.053107993341866,0.162559560554684,0.359717756891391,2.46016135949942,NA,NA
581,3.20859400602666,1.77813954319233,0.557007113607066,1.28462260165178,0.907948645216749,0.449082675462123,0.506748566108174,0.634253082356183,0.350242825960857,0.0133338184043532,0.567632123264251,0.76829903458606,0.418882544167573,0.221380567453802,0.183192358838627,-0.494924042784985,3.06416924608854,NA,NA
582,1.55135435676407,1.31239556502825,0.227821864116023,1.15633884615558,0.692107480566072,0.0246152551614214,0.42657835082151,0.280212528807228,0.0826899092196254,0.442212634327589,0.359040101168444,0.363115469680284,0.441461168261827,0.415544597264146,0.105059565141681,-0.200166889184673,2.51284458149584,NA,NA
583,-0.0138598950544459,-0.0445296765503011,0.142084635870623,0.145230263350845,0.349943821426872,0.285834281303803,0.38841013289243,0.79023606937076,0.130156841493095,0.0605226512587396,0.185855731002986,0.886569200712955,0.703543882649858,0.861104804808856,0.252466277193162,-0.54064702325814,0.831107549959831,NA,NA
584,5.05352580166209,3.44065620016115,0.99856553207528,2.57363756647974,1.32370409105544,0.76134039385675,0.824707844046177,0.177641519143595,0.258193660959601,0.579226702198386,0.271878209547838,0.478244959046599,0.849305497406167,0.298086764007574,0.511160935243126,-0.0207747781772496,5.16804991113674,NA,NA
585,2.73577028222303,2.68288788058068,0.0500849576385324,2.66600395041378,0.380637946426812,0.924064883858315,0.033901246578549,0.549830913899001,0.65523798065132,0.255417607953423,0.633070317537873,0.314365095624467,0.145277798874304,0.93997725798469,0.0938950376915745,1.91996728426795,3.41204061655962,NA,NA
586,0.0312571787156215,-0.165548960701713,0.999914970876175,0.7024008211399,1.13359871943507,0.768011346735293,0.966056696209707,0.0110852400795557,0.604416149346274,0.815963494867552,0.422518831891124,0.829864921296714,0.683376797674107,0.567741726664826,0.0689622249321546,-1.51941184187356,2.92421348415336,NA,NA
587,-0.822350672071959,-0.430264801470564,0.998795061083229,-0.134040235205866,1.19064519231828,0.0650003425804898,0.833438197430689,0.959225251265336,0.232150716973585,0.195059487250517,0.323004806748591,0.057810838658479,0.292162036008784,0.398202757726074,0.826157683670172,-2.46766193051546,2.19958146010373,NA,NA
588,2.76851350223753,4.05719093413873,0.839997636273828,3.72182657847011,1.32370409105544,0.950871604944579,0.579842068249243,0.162823411661666,0.594904923481052,0.103529920743546,0.458843024322996,0.265010236407863,0.390617049867753,0.00627810453763232,0.162135654652957,1.12741423381312,6.3162389231271,NA,NA
589,-1.91244044630955,-1.85964385115795,0.378082991560924,-0.821926802865206,0.31098147948321,0.0692339237006381,0.468022997127031,0.695069937150693,0.693174647816108,0.510633460108656,0.955255216231337,0.673129755395581,0.177847296535503,0.304737515342538,0.905910296925809,-1.43143930251128,-0.212414303219133,NA,NA
590,1.43793161925741,1.52388371399186,0.0505514298152337,1.08845150772007,0.323132902568914,0.292071716983686,0.127443896319717,0.355911677356693,0.0934200063229073,0.559005872375448,0.420506116055883,0.502822750150692,0.036082228921121,0.167934278182918,0.63850351759512,0.455122656465113,1.72178035897503,NA,NA
591,-0.300597615197353,-1.72131786989441,0.970511367006119,-1.20569644800478,1.14136217796074,0.0683072530293139,0.672046224123915,0.566091637962731,0.817078174201539,0.689958674385562,0.25344113793259,0.998465203648666,0.541723263658001,0.992503282916849,0.797753152954043,-3.44272521012402,1.03133231411447,NA,NA
592,4.60355921036795,3.40702021880027,0.98569201643361,3.10060077321444,1.37170111753581,0.733461841117241,0.709023435361218,0.956675131864962,0.850828912407276,0.240166680969414,0.269989033891587,0.683980483936495,0.0661864891219884,0.587789134771563,0.836262590397499,0.412115985290914,5.78908556113797,NA,NA
593,-1.79113757034427,-0.976665544909534,0.999114826471787,-1.4345939550173,1.37661810341601,0.389082619578927,0.84887506823719,0.836604633145267,0.804533297486603,0.933956391784246,0.53621174907824,0.308056581127341,0.0860200883186189,0.438677077724249,0.28470382752188,-4.13271585817851,1.26352794814392,NA,NA
594,1.59777916863696,1.50753262925888,0.199618409293482,1.18863340410852,0.337479636818248,0.0470864343398716,0.416149975620792,0.936942264030105,0.647390856458107,0.175858494001324,0.547700916357571,0.352810910477536,0.706692129336065,0.536542230030522,0.780016417210805,0.527185470429098,1.85008133778794,NA,NA
595,0.0855973857842231,0.286763922355409,0.500822133649158,0.270459133150568,0.430867302919597,0.5995997587241,0.49490552008641,0.680759311967879,0.876895734665799,0.0849962657936849,0.15141812386224,0.593193029472255,0.502504779416951,0.876382804048131,0.479515495791333,-0.574025262687753,1.11494352898889,NA,NA
596,0.832933537592289,0.805839268781406,0.0835928531990108,0.90044314491028,0.545609635208991,0.895712624146021,0.334692629630328,0.21972450116009,0.678549557314371,0.298572567314724,0.366639788959874,0.8356743365929,0.239038387900568,0.392974443747546,0.589078160732402,-0.16893208971738,1.96981837953794,NA,NA
597,0.870200853402293,0.854368561439838,0.0500524264989183,0.675831254465146,0.370247512452201,0.682004955244018,0.00976250458916184,0.481332190584159,0.984277115116362,0.0254944420576794,0.623258993552998,0.0659601297231857,0.600216143244295,0.123479025948094,0.175807721446734,-0.0498405353067133,1.40150304423701,NA,NA
598,3.43778162762657,3.4658192851567,0.0827765532225063,3.03519744923185,0.610994732297095,0.666050070895464,0.333418115245295,0.402637120251078,0.105870586224017,0.812821515666437,0.922545441601542,0.372691834426834,0.170125515058404,0.124289495478035,0.757397871452267,1.83766977918585,4.23272511927784,NA,NA
599,-0.251801644065283,-0.341922496991875,0.0531851472266254,-1.17472770314544,0.658709404534706,0.55990471564373,0.215269747404964,0.917544572753599,0.946073576018331,0.929393564660568,0.583487916711951,0.0721469840203645,0.916800305061741,0.824303959952202,0.0164996676190058,-2.46577441231129,0.116319006020407,NA,NA
600,0.0752432465426189,1.43319283978167,0.997118689359306,1.65549730088184,1.19064519231828,0.47394728330255,0.789758957154117,0.851467778604245,0.899086780270794,0.251133678091923,0.929442743830965,0.805039958797395,0.800798327508033,0.999110421951627,0.264797846365138,-0.678124394427754,3.98911899619143,NA,NA
601,3.17172991468996,3.25435043057346,0.0532208033398437,2.01321214379862,0.667092223379637,0.508698992954916,0.215828245386481,0.847880674113752,0.976349006365403,0.388778979869909,0.484434937328333,0.169106901397463,0.242089013351826,0.366188664957765,0.0650933314542053,0.705735411607784,3.32068887598946,NA,NA
602,2.93647042115831,3.48661653576022,0.648355166415526,3.76387084875811,0.38361403271945,0.624959639740759,0.526578141534934,0.493471854156698,0.952058231961331,0.987204187249532,0.669574915782432,0.528329633908928,0.264982645143988,0.28988397200813,0.970740402130643,3.01200116066382,4.5157405368524,NA,NA
603,-0.61800982234284,-0.0934486726882764,0.949180429594596,-0.559937158734174,1.1852235631601,0.453284071447561,0.643660109503195,0.143977290488663,0.174127494137152,0.538041712513776,0.101879008464166,0.764575415594387,0.528404458800214,0.113678699951502,0.459935935775749,-2.8829326561562,1.76305833868785,NA,NA
604,-1.00178740320097,-0.981568399706473,0.0501082218330009,-0.360605023618257,0.370193456770757,0.165412898249575,0.0460039895215305,0.18630345231609,0.265066300302162,0.181602558125509,0.997722859889851,0.110629020985682,0.228474945599912,0.196823578168405,0.85021403582592,-1.08617086620133,0.364960818964811,NA,NA
605,2.70429053113638,1.84893896730308,0.997625799869441,2.62469094348117,1.09893285163646,0.885353762798477,0.799464955241303,0.679127173987334,0.400237314100144,0.339629336674348,0.907356680744444,0.377077895126073,0.969757646273472,0.807168431762606,0.634971044524107,0.470822132845813,4.77855975411652,NA,NA
606,1.22307587303808,1.27338282622753,0.955302734312405,0.369343817609345,1.37166271670743,0.946294256156194,0.650417853568331,0.266216706010513,0.0276383237608243,0.566513811275247,0.435369193785242,0.468189893711009,0.690059040243621,0.321342987572774,0.984061822471442,-2.31906570607357,3.05775334129226,NA,NA
607,-1.73220677119899,-1.64957682096443,0.997408790935635,-1.73501839688651,1.1852235631601,0.174311949353083,0.795080304122763,0.263744451015838,0.818746418274008,0.164398849387653,0.00397969809756614,0.394637890809914,0.939203589282581,0.65814712299814,0.91213135356945,-4.05801389430854,0.587977100535516,NA,NA
608,2.51936454422221,2.43964203330699,0.0502944674897004,1.99399270653217,0.349943821426872,0.194918307800428,0.0960630677869776,0.779395471489173,0.869423004793585,0.207258815667941,0.106396922861924,0.0747228729369817,0.31604963065288,0.368011735584121,0.217216600990389,1.30811541992318,2.67986999314115,NA,NA
609,1.28786691137701,-0.290696875699836,0.993515848281188,-1.19500140493025,1.14136217796074,0.489472745589796,0.749012607972254,0.623169320524437,0.727750475739595,0.23032340906118,0.731032701179502,0.93503529572906,0.903758493973059,0.576734761456028,0.168778855192591,-3.43203016704949,1.042027357189,NA,NA
610,-0.0624246360541306,-0.0993658014664535,0.0502279293310784,0.585855611669271,0.764774349151418,0.581341633168515,0.0832529160160339,0.259920232456527,0.768954839307233,0.485256705291104,0.775945486980723,0.740282743827091,0.360329015713884,0.781284341140185,0.40136424679833,-0.913074568967567,2.08478579230611,NA,NA
611,1.18709817084807,1.26308005733988,0.0505627415465956,1.87257575725955,0.369659280764071,0.788289577144082,0.1284597864768,0.425576714061666,0.794126806158107,0.532560343764955,0.291217182659544,0.815469642618904,0.910809942758759,0.435193559766165,0.46568294976349,1.14805688041099,2.59709463410811,NA,NA
612,2.16855662476516,2.11173993962219,0.431491032003174,2.03151194718342,0.6076761425687,0.696252965648426,0.480053512767074,0.645691147446865,0.538297153174877,0.145925880415714,0.56058432124008,0.910343137365649,0.946223705021548,0.495656699799583,0.556707690415671,0.840488593484537,3.22253530088229,NA,NA
613,2.89011290738904,2.20582217183811,0.596342288801713,2.23664179692398,0.370193456770757,0.475186452764203,0.515133920627879,0.60414651326579,0.188588254021714,0.067706884238054,0.0848345858146204,0.540025774734328,0.122627990181558,0.720853786044521,0.934649261177168,1.51107595434091,2.96220763950705,NA,NA
614,2.11772850321572,3.27623342399394,0.998652349948126,3.86719971390692,1.37166271670743,0.814479310747702,0.827834001255222,0.779911536269006,0.274142197293579,0.0642697594454512,0.586897833647439,0.987284254896455,0.72337787511549,0.925008296376676,0.248372191784903,1.178790190224,6.55560923758983,NA,NA
615,2.4515637366482,2.5478593959213,0.0971623525997229,1.93285335946899,0.349943821426872,0.117496661691344,0.352402660756605,0.918017767327372,0.403583628443652,0.404687124980381,0.274470511845546,0.13506981509144,0.120416351846885,0.653748405732214,0.0648346338137053,1.24697607286,2.61873064607797,NA,NA
616,-1.62924998311928,-0.820061197425337,0.995007466097761,-0.869979298304334,1.37661810341601,0.114473539557075,0.76216246255883,0.940005584158236,0.283543236785801,0.719961786845699,0.490365660406067,0.147772196911625,0.263293563516112,0.897943730899831,0.51387607996806,-3.56810120146554,1.82814260485688,NA,NA
617,0.92647153878387,0.796157700761706,0.088052487813972,0.61039068798786,0.447630337142965,0.697646663219668,0.34116920144693,0.821892659401055,0.682302269293112,0.151595286422526,0.25026668426767,0.781701267583645,0.367927517960081,0.864103482073988,0.402996759135742,-0.266948651199872,1.48773002717559,NA,NA
618,4.07708040660148,3.53582710027628,0.995663801268172,4.10446484533281,1.13359871943507,0.677821843445999,0.769244451001636,0.082614077201928,0.839778902485035,0.20334577117546,0.862825837208074,0.220467822032049,0.553442061257898,0.767983001977904,0.94389335230377,1.88265218231935,6.32627750834627,NA,NA
619,-1.67519133581215,-1.41211825454224,0.372579679314408,-1.62116551499327,0.653321050902567,0.430480975459679,0.466736674470245,0.862170167279779,0.020014762969804,0.834566316335928,0.410441874570679,0.855683767026872,0.191793692182051,0.234900252219406,0.0462274621383986,-2.90165124510416,-0.340679784882379,NA,NA
620,1.27404188616271,0.960430325121049,0.998952774644349,0.873984909959321,1.13359871943507,0.700786083581741,0.840460744298063,0.122512300304719,0.961290717895143,0.147648197802133,0.351245732804411,0.906914565684157,0.366520244943444,0.391609095161664,0.426088706590584,-1.34782775305414,3.09579757297278,NA,NA
621,0.16915199732309,0.0164629843735474,0.23354808478269,0.367913843331047,0.349943821426872,0.293109081511619,0.428535235607764,0.783078742524376,0.609385733978124,0.382010133242235,0.802198994306265,0.213658577978611,0.160471126733464,0.103948701410787,0.183771573131438,-0.317963443277939,1.05379112994003,NA,NA
622,-0.167150819281818,-0.242283270029566,0.800108781986853,-1.7903062654854,1.14136217796074,0.482255010351306,0.566122246501036,0.513637994141318,0.715193296105484,0.613639519425691,0.787593334162724,0.343022066414356,0.573818563586799,0.00583246634958778,0.516032022624626,-4.02733502760464,0.446722496633841,NA,NA
623,-0.81121178376976,-0.942559733094869,0.221975333209227,-0.696269767201943,0.37813898880902,0.400568011865602,0.424529641294619,0.0380401300014928,0.661971849263879,0.759398652953678,0.183373330641305,0.962052056914894,0.141481438032002,0.527075026618666,0.341377013598802,-1.43740856641802,0.04486903201413,NA,NA
624,4.47144568143919,4.43549853162921,0.0640659380613905,3.84515175849025,0.583475370249896,0.639914529619971,0.290110555354971,0.190096661860473,0.243713137726299,0.350138961852528,0.696148349748575,0.312928354184842,0.312910313357948,0.67191024931916,0.114450839403318,2.70156104693428,4.98874247004622,NA,NA
625,0.33132263160368,0.358743994108018,0.0549775592008642,0.451772492718852,0.693258226037515,0.00981973816954996,0.237686548824538,0.547806771891424,0.180383216131944,0.977824071467738,0.125168582319398,0.328420249130926,0.452450006018742,0.41992877449526,0.519315460588899,-0.906988662300805,1.81053364773851,NA,NA
626,-1.0852124736299,-0.968131076913707,0.0506414562596004,-1.47545401920903,0.37748013559708,0.104899378016824,0.13500995893823,0.115549042875762,0.456064951088512,0.136846804507193,0.365604008939816,0.0488535065568285,0.763577746346244,0.328918593566981,0.0332991901470814,-2.21530148985861,-0.735606548559462,NA,NA
627,1.89562283793365,1.99400879845129,0.0630824577204653,1.90615742196998,0.337479636818248,0.252888269297429,0.286433847548324,0.79197752074257,0.896042491274187,0.151259768280783,0.133541091783321,0.917072285461356,0.700197687421809,0.342759041456273,0.610672918632859,1.24470948829056,2.56760535564941,NA,NA
628,-1.15663500597591,-0.675769677197263,0.964013203751107,-0.392172520287027,1.19064519231828,0.373814519350883,0.661734645857592,0.697476437523379,0.864414492841228,0.369842318314826,0.792126505839522,0.437860798673821,0.217375183510478,0.770069543382735,0.157942075656028,-2.72579421559662,1.94144917502257,NA,NA
629,-0.105430722612116,-0.168329171827883,0.121764424904797,-0.255400440304383,0.570091134620628,0.781571575474227,0.374773700599559,0.702691044527455,0.437792058023042,0.672562493230565,0.73254344566213,0.555708323306055,0.313846097464208,0.930267324776738,0.198551509334589,-1.37275853206639,0.861957651457623,NA,NA
630,1.91383131280668,1.80472316219939,0.0635671575054109,1.72576277264909,0.625963894796826,0.985113094473141,0.288278708736878,0.262053267863113,0.937095284905518,0.683620783199207,0.438442877256544,0.727240638889023,0.8872002644639,0.619623132352252,0.286148255028296,0.498896083224889,2.95262946207328,NA,NA
631,1.57292103578509,1.78457552471394,0.998459646421263,2.91033535800059,1.13359871943507,0.850676139505347,0.821141362859402,0.0591080199491698,0.521677534729824,0.304543601802434,0.0794358308515511,0.779751192926662,0.058029126672307,0.153998625694774,0.863385223006248,0.688522694987137,5.13214802101405,NA,NA
632,0.536275292128797,0.626326401225229,0.0586266792318751,0.652106491149511,0.561834318348326,0.999091442093486,0.265375992445275,0.744635062866146,0.731736523691914,0.227078881425201,0.416628544422099,0.380519318727311,0.611783914573723,0.0304681486106711,0.135595206251834,-0.44906853809182,1.75328152039084,NA,NA
633,3.09260449019232,4.02211778430254,0.999615290659867,2.82000682809616,1.13359871943507,0.60956374579831,0.890566206794581,0.0976010163690662,0.401979986060876,0.600962828527903,0.374776802368346,0.587455202844692,0.642717496632366,0.296372512331,0.101088241583086,0.598194165082702,5.04181949110962,NA,NA
634,-0.278051151207447,0.0666577315745339,0.314319164815399,-0.0320649864682667,1.08165871606276,0.509286618647631,0.452337253297563,0.4174346309721,0.7576437875228,0.351567481076112,0.954497902537114,0.505187232707511,0.634520265625208,0.864773316808394,0.545183181923814,-2.15207711351511,2.08794714057857,NA,NA
635,0.105582859759528,-1.27439842229124,0.927314371121035,-2.05990063416128,1.1852235631601,0.109331108072773,0.6245360851062,0.106067814663867,0.360323981337948,0.516435840530088,0.426206337089767,0.0543700905896258,0.839417741697631,0.0464985597416526,0.714915558598121,-4.3828961315833,0.263094863260747,NA,NA
636,2.3128132591517,1.53579154710524,0.998620950348812,1.02533519360718,1.14136217796074,0.187073173970217,0.82668073476851,0.398225795711973,0.705908638813533,0.265165046526352,0.559130354062072,0.794913493343745,0.0922584928136785,0.0993473703088239,0.25932222630363,-1.21169356851206,3.26236395572642,NA,NA
637,4.18011568735052,4.26867668514942,0.0500452319681493,3.32560482481065,0.650093223706203,0.675572513809078,0.00238172234711237,0.0310809650371084,0.543260948907584,0.142921568318154,0.131187163366121,0.976251912896172,0.816903738132329,0.244075938549475,0.49042944833322,2.05144551975295,4.59976412986834,NA,NA
638,-1.91710291831396,-1.3670871855352,0.999064622832158,-0.580220499982644,1.37661810341601,0.272619546558009,0.846114116748562,0.91028675286728,0.190372121609864,0.660991774110124,0.809422281308798,0.762839886580245,0.900986403727788,0.557676975085633,0.649074745647493,-3.27834240314385,2.11790140317857,NA,NA
639,3.22403686087655,3.18917834076802,0.0511668769712517,2.37980004574947,0.646810500065718,0.536011933906237,0.164954899328877,0.0745443261321634,0.341769675676129,0.607566007920308,0.21524072487012,0.827030979188625,0.294540364167071,0.659043980627204,0.209705942938221,1.11207476079832,3.64752533070062,NA,NA
640,0.285081330696013,0.136708373810973,0.475810936935606,-0.0177367521219927,0.764586297034475,0.957626269016415,0.489607150556287,0.534514971479308,0.0557099275309592,0.985735488860402,0.0785823303986108,0.688438395356643,0.712721201314591,0.318376418882166,0.63107550108328,-1.51629835738241,1.48082485313842,NA,NA
641,-0.0618598356357281,-0.119543431345873,0.0795248969212768,0.0235929897039815,0.343341185568482,0.442464757856098,0.328017195885302,0.45542452421342,0.648702221205109,0.588639124552021,0.83072266787407,0.367544322345057,0.216295376897673,0.814710800450761,0.778623865986126,-0.649343368419526,0.696529347827489,NA,NA
642,-0.856247106712738,-0.933281138022154,0.066664462508337,-0.621614326263005,0.530727474826283,0.373058928531478,0.298725684471196,0.0944826889752876,0.366641597444192,0.152139024321921,0.0358688742642989,0.281048973264173,0.533240354974521,0.327662098851055,0.138849542321288,-1.66182106252841,0.418592410002397,NA,NA
643,3.95360867598266,2.66578617276201,0.999938113941467,1.940600716153,1.37166271670743,0.712533285700018,0.981942859477829,0.378213454504614,0.354962164785364,0.0445185023848899,0.211732480958453,0.153666439505992,0.409643428500742,0.131226332057384,0.786497405480128,-0.747808807529922,4.62901023983592,NA,NA
644,2.74537444494091,3.12314115057919,0.998079094537849,3.38028057637737,1.37170111753581,0.888973666774342,0.810082063104375,0.977477302617044,0.893471557935933,0.411062179294764,0.127764682082692,0.321991117796395,0.396263206679141,0.361677242640289,0.719960484404815,0.691795788453839,6.0687653643009,NA,NA
645,0.20391919718494,0.255649564014667,0.151278046239941,0.376689404666401,0.625082628989584,0.496554390588193,0.393706901668687,0.70859149280563,0.904726392331766,0.370861992373364,0.340747025111225,0.18905521536537,0.138676906512235,0.711497251766268,0.649525118575897,-0.848450035514797,1.6018288448476,NA,NA
646,0.346812318354387,0.161889057981252,0.333665966812588,0.580939542490635,0.587914210688811,0.686188209828921,0.457300313829677,0.350408755392651,0.0640750988979125,0.520544459276949,0.103137328582467,0.827868479600642,0.687179977347492,0.854387273084023,0.360248564109788,-0.571351136458727,1.73323022144,NA,NA
647,-1.07226295756788,-1.07507553995879,0.129066647809239,-1.25275817112935,0.372120256478824,0.492149768105708,0.380036284237751,0.948308778294479,0.0472495500670048,0.706379405885003,0.710935054664966,0.948809691176051,0.189728565179743,0.317819322199677,0.823618135281838,-1.98210047174565,-0.523415870513046,NA,NA
648,2.84176881943042,2.37726983123802,0.999899637357859,2.42901558836525,1.13359871943507,0.760736997921485,0.957766078266082,0.0328873354580719,0.917802368041011,0.248969715100131,0.0267696102202171,0.165313465013052,0.433966304264031,0.0299076514507178,0.879368428401416,0.20720292535179,4.65082825137871,NA,NA
649,2.28573330614945,1.99942235031137,0.120048147450306,2.07995991137397,0.323132902568914,0.19406831626175,0.373465781668201,0.49619290410541,0.154156533859088,0.809108861865592,0.676269439314958,0.235567731729476,0.772710801426321,0.584707678258652,0.614767985383864,1.446631060119,2.71328876262893,NA,NA
650,4.08945666822479,4.07787367457613,0.0951069741760802,4.49119803847993,0.580994734235741,0.587549086387036,0.350061006970005,0.272700145204202,0.746907582088839,0.0684889357826905,0.374171822392265,0.809301010934403,0.442412797272787,0.254296092458069,0.700494019991951,3.35246928417045,5.6299267927894,NA,NA
651,-0.174554779509814,-0.208824326773672,0.0605043706430742,-0.187282709613352,0.370193456770757,0.229504305087961,0.275322412776412,0.577956424335949,0.339420417703106,0.722228488774505,0.745691158808419,0.92193685069622,0.24064268237818,0.673879152120906,0.746323040180258,-0.912848552196421,0.538283132969717,NA,NA
652,1.41022953620192,1.35713548848618,0.0500959034821424,1.14033171260222,0.349943821426872,0.300376396430423,0.0399612991961185,0.906492534269346,0.292427026430145,0.594686809139559,0.288557260464644,0.625243814322283,0.225257302272017,0.585602834815159,0.348028492673184,0.454454425993234,1.8262089992112,NA,NA
653,0.759320323681717,0.790918195177836,0.0527354365749863,1.38035980566155,0.372120256478824,0.392126027658931,0.20763563120761,0.983475344573148,0.599113491392345,0.180058673951426,0.999007708248333,0.403082361949259,0.962187953247572,0.0325403425119584,0.501582559870323,0.651017505045247,2.10970210627785,NA,NA
654,1.75503524340678,1.73740461192582,0.050656627193128,1.79710287118877,0.605351687368902,0.736112230613246,0.136179529059562,0.469356239099521,0.0193762711148011,0.913415691198432,0.246435256274184,0.271103328054654,0.679076389196794,0.468456979666604,0.46210527027573,0.610635365965167,2.98357037641236,NA,NA
655,-0.185078594446248,-0.232872240416259,0.107261577615361,0.443468067885503,0.783149617087573,0.937556169832707,0.362666811658652,0.114110297929728,0.523045967194019,0.342095541042625,0.813412170534954,0.919324748291401,0.521110910694464,0.477311266363598,0.794339052261203,-1.09147697611247,1.97841311188348,NA,NA
656,3.38485923302901,3.31710036147019,0.0510945267437208,2.29263402508709,0.94325824945369,0.635983341071638,0.161750644268235,0.0524624330997467,0.0125435183723457,0.383122980657616,0.799451811434701,0.649449865002185,0.724237485323916,0.134929606659804,0.0619688337619882,0.443881828037559,4.14138622213662,NA,NA
657,3.97658501889922,3.83811887038052,0.0501529316551954,3.44855182810406,0.542573250984361,0.955067932601436,0.0632967426797841,0.536159127547406,0.0487573678862536,0.695512930680416,0.65881034029345,0.000266292797285132,0.635339395044837,0.0479764279120136,0.721793308971566,2.3851277971999,4.51197585900822,NA,NA
658,3.70737672319606,3.70586870360165,0.0521690906829066,3.61241917053724,0.620394786931409,0.976433245750726,0.19600659594743,0.598119976231712,0.463461562906043,0.338803096705698,0.172267854534555,0.0795198759244522,0.518575684768264,0.807889561054413,0.892920285483939,2.39646773195528,4.8283706091192,NA,NA
659,1.39908942747288,1.18368456637096,0.998966331959451,0.313676884296901,1.19064519231828,0.132181269987952,0.841112982000457,0.877791008420754,0.326490043862956,0.0858520543961786,0.603145062918193,0.933507103390293,0.0514565300055547,0.138250952000497,0.324975011217059,-2.01994481101269,2.64729857960649,NA,NA
660,0.748683238053709,0.143942859589426,0.988107932902251,0.697167322022993,0.962188842369164,0.694872334219748,0.718399673103355,0.608739870646154,0.439570095241419,0.735078837244189,0.977399233559146,0.820770748898038,0.570667025146889,0.0827641962987836,0.72748470246559,-1.18868815534686,2.58302279939284,NA,NA
661,2.34484090495261,2.33226440564118,0.0517331530126211,2.20152855376088,0.37813898880902,0.294453516507172,0.18476531767589,0.397818459567265,0.502420187137905,0.991653849807335,0.357549508242286,0.48416604153777,0.15773778584192,0.748068495657993,0.0203996071991278,1.4603897545448,2.94266735297695,NA,NA
662,2.2887054499801,2.28028909792857,0.0505418421191558,2.389560642731,0.323132902568914,0.12359327005886,0.126566396260052,0.671645727935364,0.128949625283247,0.136107149911812,0.485282131892978,0.703769057062338,0.118128783426248,0.568161967381253,0.722057169654872,1.75623179147604,3.02288949398596,NA,NA
663,-0.233091465470621,-0.172572934827299,0.27067905667917,0.487439308417013,0.37748013559708,0.441635761689045,0.440229776359512,0.624976646660594,0.470593913191697,0.0550929820697056,0.543311516303336,0.371383784313104,0.371672530130018,0.927890995244845,0.737981394383823,-0.25240816223256,1.22728677906659,NA,NA
664,-2.07458715654562,-1.77578600875379,0.9620576349849,-1.02869925734023,1.1852235631601,0.108644516111235,0.658981744305231,0.354337997580064,0.897649677021545,0.554186263908865,0.838809861416696,0.573068565242807,0.258711492670933,0.182649994624662,0.508278489181655,-3.35169475476225,1.2942962400818,NA,NA
665,3.22195669953437,3.00097078740183,0.999872355890396,2.61520080408824,1.32370409105544,0.966221255549346,0.945741844729986,0.229320094886003,0.644870646215975,0.807695594839752,0.571330667031929,0.474310181549983,0.0810711117408937,0.285772480889689,0.353213010177133,0.0207884594312477,5.20961314874523,NA,NA
666,-0.311636462488726,-0.640497619788322,0.983053173005,-1.18337388219954,1.37661810341601,0.488924406708567,0.70041907861433,0.893703276590677,0.177311159437173,0.983481079675024,0.496600908021093,0.532965702303452,0.422327062816126,0.932528289035195,0.135272842685459,-3.88149578536075,1.51474802096167,NA,NA
667,3.53377244004621,1.68242811135331,0.987757120011805,1.79711654667479,1.1852235631601,0.183612120104604,0.716927321951371,0.125345769569627,0.506149464849965,0.943307724285754,0.798546379651758,0.772846928247716,0.227831964538782,0.385765400088974,0.358080407246947,-0.525878950747236,4.12011204409681,NA,NA
668,-1.1440918371669,-1.1049801892384,0.969259121915109,-0.000130574619130019,1.1852235631601,0.436685474829865,0.669898737037438,0.375471664676908,0.505091444438673,0.838865009354195,0.850850731240003,0.714714873770252,0.160801015668898,0.370991052814294,0.464514740105602,-2.32312607204116,2.3228649228029,NA,NA
669,-1.14510695870949,-0.293657822607683,0.999894112923557,0.452547420381982,1.08165871606276,0.733884699618211,0.95508662937989,0.347297351927031,0.507008975750534,0.205743601769791,0.620573978482164,0.971184360960615,0.289847945921822,0.87571638908633,0.942064661513199,-1.66746470666486,2.57255954742882,NA,NA
670,4.27807072377878,4.27725935240351,0.0503372939656758,3.70932913210094,0.606137068571036,0.949672320105718,0.102854634878691,0.222239150123787,0.257575120167108,0.395219017517753,0.161570009042975,0.72230690187146,0.669228614951135,0.610406646256335,0.0705277328466764,2.52132230800702,4.89733595619485,NA,NA
671,3.01309635822359,2.73482064217059,0.989208273457346,3.28130278376862,1.37170111753581,0.512264611198916,0.723312873919611,0.952745112773846,0.52997994756361,0.383827327788924,0.336283367848373,0.00299241374316625,0.234420743160648,0.801812879931764,0.920570286951959,0.592817995845087,5.96978757169214,NA,NA
672,1.7923518442874,1.64477031297792,0.997866440253013,0.223994325653893,1.37170111753581,0.529420295009506,0.804821088952711,0.975982983896858,0.832258217691095,0.641560347918305,0.137935078687151,0.852585158185568,0.501022107869503,0.716027822829899,0.764198350092629,-2.46449046226964,2.91247911357742,NA,NA
673,-2.03702507891363,-1.6992479266355,0.999162033723037,-2.31878496595116,1.14136217796074,0.380182734617149,0.851617847358692,0.401655248243012,0.770399377298192,0.644075804143096,0.588848998775473,0.741713635436958,0.0518737925820751,0.818163737805095,0.303130151379155,-4.5558137280704,-0.0817562038319166,NA,NA
674,1.31787938107588,1.67208873725261,0.173627405860896,2.02325408633522,0.558191214984987,0.936789112512488,0.405011324820225,0.833422959022573,0.63928402747435,0.708318066816311,0.73436849523813,0.660244020131417,0.787426336075994,0.30131288511923,0.0759234939966118,0.929219408477992,3.11728876419245,NA,NA
675,-3.37713890287608,-1.80891804756139,0.999902630622241,-2.00250551255379,1.1852235631601,0.133516060146736,0.95928014998755,0.127974535435904,0.619089181083487,0.678158847351442,0.204433131160098,0.739343892203178,0.538961514361552,0.965767528064433,0.473080207403516,-4.32550100997581,0.320489984868237,NA,NA
676,-1.15915298743758,-1.15301697654046,0.0503036863150507,-1.42497836049298,0.370193456770757,0.13945902481128,0.0976048883810872,0.0653761184180621,0.313420230428339,0.38427751016384,0.169177890286664,0.0998279391684337,0.596801337060519,0.0830561643132241,0.848075184951769,-2.15054420307605,-0.699412517909914,NA,NA
677,-1.03533394638381,-1.32012667510855,0.417712226575104,-1.14466409721079,0.708729338099821,0.266187655875925,0.477016792883282,0.0984996383844409,0.353642696765251,0.351493701395113,0.770274332659668,0.506195552058867,0.992881163185812,0.563886403105338,0.0761157941602869,-2.53374807467335,0.24441988025177,NA,NA
678,3.61660409181702,3.60479201976054,0.0521543646033421,3.60653168942147,0.538549403842252,0.870736011091853,0.195665208765306,0.914226088421652,0.283253569333232,0.506595379475155,0.817026910949731,0.791931310465676,0.394128390642698,0.657884118940798,0.579809691320406,2.55099425399514,4.6620691248478,NA,NA
679,-0.189095862745389,-0.0390846616465672,0.992440728072905,0.205022401162482,1.32370409105544,0.612780052009155,0.741284907487221,0.212899820311461,0.927028670882923,0.750268721420085,0.208499045492616,0.720883309787605,0.97660098584916,0.648200004681014,0.92638633295428,-2.38938994349451,2.79943474581947,NA,NA
680,1.98976471001417,1.99784325272994,0.0763067542723895,2.17216074213234,0.595135568580929,0.264824404586223,0.322072284563677,0.113219311300199,0.272996554882498,0.894927223985898,0.672354660555953,0.533590559769887,0.353435570144793,0.769713534031296,0.878113089102553,1.00571646179495,3.33860502246972,NA,NA
681,3.65496673453607,3.67683931395468,0.0508429171746571,3.33467894702482,0.542825059620148,0.873160451512784,0.148676955699921,0.872764474998927,0.91092238954315,0.166561583603965,0.951702643148834,0.661983027766808,0.442639341670787,0.364686856122804,0.520893204396474,2.27076138026352,4.39859651378612,NA,NA
682,1.93617247891299,1.9732702472174,0.153208312591254,1.72704145935136,0.37813898880902,0.000893117611645721,0.394764733771561,0.327768767956644,0.659225681043114,0.54011648300779,0.406601536863483,0.347169581872993,0.816106027600938,0.997326620562119,0.314603159398655,0.985902660135282,2.46818025856743,NA,NA
683,1.82550072006685,1.92074759271377,0.0532420286367751,1.96477384536971,0.323132902568914,0.432331699310103,0.216157788493671,0.347819793798029,0.125172081153374,0.119698673661798,0.207175509070163,0.0405490409827325,0.400018123394693,0.507191690483713,0.843967672411818,1.33144499411475,2.59810269662468,NA,NA
684,1.21128174260359,1.26724313456581,0.0520980215347472,1.09999198565463,0.370193456770757,0.465217809990398,0.194337183783646,0.0271191831034375,0.285318201440386,0.0341257654732326,0.363725652821013,0.983951907484676,0.911638505667564,0.503480598290218,0.908659483640106,0.374426143071564,1.8255578282377,NA,NA
685,0.726316882711338,1.72630263169046,0.999906506481948,2.05713744591629,1.1852235631601,0.394027409317903,0.961311336812912,0.240417229363811,0.531340171872056,0.424373372247559,0.611043269797228,0.384553751273663,0.753466586845228,0.582470814246684,0.518809869142016,-0.265858051505734,4.38013294333832,NA,NA
686,1.85855094550475,1.72673904394171,0.676819291863462,2.1425343444385,0.349943821426872,0.258199225506862,0.533122332682717,0.900368290430168,0.410761262239539,0.13384996153391,0.385848629550892,0.673532876170822,0.744242981600808,0.0520726579417242,0.301445278140483,1.45665705782951,2.82841163104749,NA,NA
687,-0.0841457272710571,-0.264146892479535,0.999541893638194,2.09572677387976,1.32370409105544,0.781206335349823,0.881831677093985,0.240706451533595,0.669963501673541,0.55361757895723,0.258920274892822,0.928382853863295,0.998934508072911,0.337114202360739,0.481750568532967,-0.498685570777228,4.69013911853676,NA,NA
688,0.4241913351094,-1.37328931151196,0.999378549086075,-2.04967620855371,1.19064519231828,0.454188849786879,0.866575298142037,0.967068149121245,0.00600680414948147,0.278954282518942,0.313399536603014,0.0199864362085937,0.39473171547649,0.207730172279873,0.725774964070646,-4.3832979038633,0.283945486755884,NA,NA
689,3.43703213482207,3.43277350927874,0.999937472886046,3.25444607220702,1.08165871606276,0.739984331322834,0.981427557873423,0.478858965733438,0.459865763502312,0.0854839720054297,0.863129393789452,0.75737949363573,0.466544935010374,0.596410608740291,0.475015256026876,1.13443394516018,5.37445819925386,NA,NA
690,1.85315132658934,1.80859621602999,0.0584589442938482,1.64203639225553,0.598200081465968,0.972510379505577,0.264385321201291,0.199330754690804,0.366045467906632,0.778928377976874,0.601960697810282,0.627580054254504,0.597104518936365,0.0886826372584328,0.052847994341515,0.469585777033303,2.81448700747775,NA,NA
691,0.999325105099564,-0.0179362956284639,0.996462395702877,1.03019942216032,1.37166271670743,0.695583710940788,0.779464074709802,0.513133265782031,0.124988547019078,0.260580528435763,0.825662635940243,0.968343610874843,0.66652986341645,0.169540188926971,0.0577097441375954,-1.6582101015226,3.71860894584324,NA,NA
692,4.49134961973785,4.50308794221782,0.0514135100927362,4.63198957741107,0.107954423554328,0.707518121126224,0.174555153358378,0.616622900163638,0.438465804645442,0.469629141771467,0.468131409941358,0.0454124666851712,0.411304432037636,0.150292283521034,0.227033082673326,4.4204027952728,4.84357635954933,NA,NA
693,2.54633563767812,2.51208043917833,0.0518043447571127,2.68845763332427,0.323132902568914,0.258714267760166,0.186781832104083,0.383461773661315,0.0655342721493216,0.0419482130819233,0.702723899491597,0.0295701305062976,0.706489965360262,0.0431746879644925,0.817604471654864,2.05512878206931,3.32178648457923,NA,NA
694,1.23237294607974,-0.842711736979218,0.999669018275695,-0.451355574562165,1.37166271670743,0.923205031117075,0.898090282039135,0.628191826866008,0.0250160825001076,0.989979858152918,0.833442610325641,0.708126557487529,0.906838712830097,0.870554634966538,0.824779217122588,-3.13976509824508,2.23705394912075,NA,NA
695,-1.92013347709778,-1.80858789965775,0.999695041189568,-1.43251618104231,1.14136217796074,0.395726712155505,0.902185974152293,0.438889227284701,0.514594990412123,0.0636868636863073,0.269005133049213,0.678501100936555,0.232438163591782,0.281226033978397,0.998679147799383,-3.66954494316155,0.804512581076934,NA,NA
696,0.126539810694846,0.163579920166524,0.062329539828596,0.293665777740017,0.337479636818248,0.46086077848787,0.283429971484933,0.76580273122678,0.638200931068743,0.622823446498369,0.286752842934337,0.87610591391474,0.485332350275945,0.601561202660319,0.533228113442543,-0.367782155939405,0.95511371141944,NA,NA
697,2.28556651099884,1.12974725270205,0.999199857379176,1.08282656517915,1.32370409105544,0.705438058048487,0.853929233274073,0.145295913874987,0.700466327901115,0.817935769307544,0.909491316517815,0.529912620313698,0.882469090925995,0.417851432243013,0.294644612644566,-1.51158577947784,3.67723890983615,NA,NA
698,0.860759228066278,0.935344365726597,0.050200215019808,0.695511853351128,0.337479636818248,0.148584842465119,0.0767692699684994,0.824878925966797,0.811424057445955,0.806059719256125,0.562981152015389,0.315579093774082,0.904490646488615,0.455449304847629,0.830679004708654,0.034063919671705,1.35695978703055,NA,NA
699,-1.27001119161205,-1.32764373891877,0.999586612964191,-1.48341994597842,1.1852235631601,0.224063339039567,0.886969886889448,0.282063078682288,0.247248798298184,0.18118731756648,0.730078897136031,0.314634410858969,0.266125473006628,0.329912158464431,0.64184369270131,-3.80641544340044,0.83957555144361,NA,NA
700,0.159405264888736,0.323613217532346,0.0873925093173306,0.253153338851799,0.337479636818248,0.156835614709067,0.340258226110018,0.712427714647958,0.826026681412244,0.208645118526649,0.4561558012967,0.0938432061752537,0.57707393386506,0.566346256205114,0.670707026307704,-0.408294594827624,0.914601272531221,NA,NA
701,2.85627067382048,3.32706883053225,0.999881929881136,2.77085647746966,1.37170111753581,0.860907268345007,0.949640714793582,0.878042337457067,0.669125738020521,0.0989221194742713,0.452210929926601,0.143951772575383,0.124410672733327,0.777921940439264,0.296770516674384,0.0823716895461275,5.45934126539318,NA,NA
702,2.38282638942781,1.41633061667759,0.57671187724759,0.980777449523708,0.37813898880902,0.200547055726754,0.510930029405514,0.000687768508680165,0.93067261045042,0.733507372530061,0.204847633470199,0.990849017873988,0.320102837381302,0.549821070432779,0.384729241102003,0.239638650307635,1.72191624873978,NA,NA
703,2.36708597042717,2.37810632271194,0.0502536179933152,1.34418632664482,0.94325824945369,0.545051283602254,0.0885939454989275,0.223882193269907,0.215009742439259,0.184264641273185,0.33885401106684,0.260092342834687,0.664691662326921,0.389409188463702,0.402009104890283,-0.504565870404707,3.19293852369435,NA,NA
704,-1.93358201231834,-1.96386326548125,0.0524791842465302,-1.04238667330864,0.370193456770757,0.271841398523655,0.202704033368384,0.506267944831052,0.272418087496539,0.4506047937189,0.89428332075174,0.43418797639932,0.497975484795868,0.683344878512085,0.938200014850707,-1.7679525158917,-0.316820830725566,NA,NA
705,1.82292563060929,1.80758381050654,0.0509524629253739,2.01237050906718,0.37813898880902,0.474460374399088,0.154791850732989,0.315455216074362,0.47885214150534,0.505475717457011,0.510275555341388,0.00427577716077212,0.812078999356134,0.445299064811785,0.47126315390016,1.27123170985111,2.75350930828325,NA,NA
706,4.04044359790615,4.07590250221549,0.0500552585778164,2.71054929790426,0.94325824945369,0.654755220623105,0.0123932243990712,0.0150353374219267,0.0169433513258118,0.562911159161711,0.277707189903711,0.395430184823694,0.863723680431489,0.224784790165024,0.911420878395205,0.861797100854735,4.55930149495379,NA,NA
707,2.04582165454642,1.97659887361406,0.0661320675849036,1.77021446207427,0.591211693593252,0.647702435726183,0.297073701912421,0.480380349577288,0.860789566842606,0.715423377448227,0.153482788613881,0.164479870369076,0.579343074375996,0.375004964485299,0.716912547239335,0.611460835392565,2.92896808875597,NA,NA
708,-0.580269289093322,0.881158711894225,0.996255879276332,0.92517432534059,1.14136217796074,0.320445097496966,0.776616310765268,0.561954628826585,0.213194125385489,0.646632029442815,0.398346999153378,0.232845148682594,0.196507377559086,0.502086934276973,0.708731310541043,-1.31185443677865,3.16220308745983,NA,NA
709,2.52844518295521,2.52108031028398,0.0596408145659351,2.88608842457436,0.559540337013347,0.943100140904891,0.270987184457597,0.4512919094268,0.0539070689855143,0.139576585574308,0.889490243717562,0.245675533031463,0.428657776977867,0.487326145287021,0.815867769858916,1.78940951613079,3.98276733301792,NA,NA
710,0.504885207704807,-0.291108090839306,0.99408902036299,-0.932526512232948,1.14136217796074,0.262888859751984,0.75367044430133,0.542614270179882,0.520480877931113,0.497971484735259,0.62392035584955,0.142735332400771,0.259307226886041,0.542907452242449,0.0444777540951036,-3.16955527435219,1.30450224988629,NA,NA
711,4.7901529112737,2.57882464177253,0.938428321649986,1.70014248371929,1.19064519231828,0.497666908483254,0.633462598656653,0.736343139511999,0.355771250357386,0.0117490002157865,0.285461656892672,0.1079872683133,0.965379550602636,0.381896240082104,0.415445243496797,-0.633479211590301,4.03376417902889,NA,NA
712,2.41031014498066,1.58989978968397,0.999283252361994,1.58585093587669,1.37166271670743,0.549733205226832,0.859436934914323,0.591277789887623,0.269239244192606,0.492560078442446,0.514103348796489,0.320235787221114,0.147698206045898,0.938369592482923,0.517462514153216,-1.10255858780623,4.27426045955961,NA,NA
713,1.9903062008083,0.944713968654006,0.543217392381162,0.649090716419485,0.94325824945369,0.826567137643462,0.503837122589932,0.0161535730598262,0.121768876201473,0.248280911075301,0.46029556765093,0.080101361017325,0.51664335332578,0.941865958326962,0.612870481914841,-1.19966148063004,2.49784291346901,NA,NA
714,0.514013779451698,1.48572024920962,0.951570854654088,2.32586258602343,1.13359871943507,0.844570795597392,0.646201841344941,0.0866752751610475,0.743370235049631,0.51510965801822,0.653061518982751,0.650442397088977,0.750883810662781,0.554074538424262,0.735418368262821,0.104049923009968,4.54767524903688,NA,NA
715,-0.731379631804235,-0.653960421421013,0.0509291091579182,-0.646957268519956,0.608188430796621,0.851235292777536,0.153549372849404,0.912487952221185,0.961759907884756,0.913838400960551,0.562102386337239,0.409164876308991,0.930786567527452,0.539795410733554,0.716460857894504,-1.83898468869526,0.545070151655353,NA,NA
716,1.8083815141654,1.75439443415143,0.0720223949439077,1.80667776481824,0.37813898880902,0.277864886858384,0.312952614378999,0.0513796542049386,0.72094488202699,0.915430594164878,0.574415179160656,0.337616393545177,0.0559575038837502,0.79762196678808,0.975319678619271,1.06553896560217,2.54781656403432,NA,NA
717,3.60881339577234,3.61538543932513,0.0501906498611548,3.79792360242172,0.619421198032872,0.765079439016874,0.0743210999328876,0.0665530044218758,0.479031870311708,0.215785103960545,0.923630318183103,0.316368698949344,0.236647829696536,0.960301561951521,0.483103139891871,2.58388036301664,5.0119668418268,NA,NA
718,2.07609625358803,1.77864703371751,0.225754299501726,1.42177362437285,0.588308472662189,0.709567499705008,0.425859886420425,0.620827733551385,0.532903295637807,0.705441668306943,0.184996449002763,0.842665419779369,0.674436333143618,0.0259561796803027,0.537476983439876,0.268710206155194,2.57483704259051,NA,NA
719,2.17739615222345,1.00008530647625,0.467372579356566,1.57574598823366,0.775398107985804,0.383329753706232,0.487807857100503,0.706495590028702,0.029152923337766,0.247608194214641,0.1081457249081,0.807377270824159,0.244062159505789,0.546433161990717,0.988652347574476,0.0559936229009834,3.09549835356633,NA,NA
720,1.20683853847142,0.292452824449984,0.99993120391367,-0.201017525784524,1.32370409105544,0.702596975691616,0.976649899272248,0.257643446726259,0.67104373502254,0.271485904195462,0.933964682602556,0.401654666094342,0.972263622445171,0.145009797508013,0.769792594078695,-2.79542987044152,2.39339481887247,NA,NA
721,1.13395418504192,1.22119411290196,0.0599062098242766,0.795089925408669,0.610173366931783,0.655769987422274,0.272359108420322,0.970504870925914,0.825319075587438,0.995341912650154,0.350757486068876,0.211451511614956,0.199645809222362,0.403970241516363,0.301561262863222,-0.400827898103168,1.99100774892051,NA,NA
722,-1.52523641187426,-1.02068572419514,0.833631915809983,-1.39740297764261,1.14136217796074,0.420738222312066,0.577486835335731,0.606982594925445,0.68752624342381,0.761793606635067,0.801660619233619,0.639407441894757,0.649523803288699,0.997855299416115,0.345456994514214,-3.63443173976185,0.839625784476635,NA,NA
723,1.79996863987849,1.93014969067116,0.979432620028851,2.69919741797144,1.37170111753581,0.545578618062544,0.690543399489252,0.989733175952104,0.879681154068792,0.263654489114415,0.970356886379654,0.927988252769806,0.985749281342723,0.545145772625343,0.0900610123701626,0.0107126300479097,5.38768220589497,NA,NA
724,0.317968073665874,0.409456066548965,0.0607667950224458,0.801740708427628,0.554569025506325,0.740918921194971,0.276570153004839,0.383853418573388,0.134483287744806,0.712295646628249,0.935342771079624,0.658469068598934,0.490409867841168,0.239445518608321,0.565345738044591,-0.285194608506242,1.8886760253615,NA,NA
725,1.54027521310383,1.77079063746404,0.293739678348891,1.99779511726929,0.349943821426872,0.338264958168496,0.446805843333248,0.870642199710826,0.47176720420341,0.09348531383113,0.370173211855814,0.837040544960881,0.870998663952807,0.710022566683823,0.00519230797421187,1.31191783066031,2.68367240387828,NA,NA
726,0.129562784225591,0.0710764457075294,0.0501040356313698,-0.0161082309078702,0.343341185568482,0.17808403455466,0.04403128517,0.287883347725961,0.636480627608253,0.894089377483353,0.887674801702844,0.267182646003086,0.741781521021389,0.46410121258907,0.141616086501395,-0.689044589031378,0.656828127215638,NA,NA
727,3.69294887429769,3.62273880833407,0.0958364364789963,3.54196995087561,0.81035002452074,0.974768048959319,0.350903452700935,0.992522086397163,0.414033104152419,0.266426085166633,0.160731467473553,0.723268598756637,0.199397250524606,0.689459678433719,0.488607054981519,1.95371308794381,5.13022681380741,NA,NA
728,-0.78150381611359,0.673062541717179,0.999023837115851,1.39096725445108,1.19064519231828,0.382202963715536,0.843977986671613,0.995537608493818,0.495820650340407,0.300838853269583,0.640402378389495,0.652564117193106,0.51955672196392,0.647032351632486,0.346728552387911,-0.942654440858517,3.72458894976067,NA,NA
729,3.8632190117396,3.7766385446016,0.115967564935848,2.49775986895286,0.707580050682457,0.623928061282611,0.370233471382526,0.288948782324442,0.913683516889228,0.422305823029135,0.136710793063277,0.0148063595379936,0.440743859222741,0.241659073558403,0.119607868745807,1.11092845343622,3.8845912844695,NA,NA
730,0.387626950441094,-0.591322656281979,0.947705677156355,0.887382065301372,1.32370409105544,0.908105031503364,0.642147722275578,0.136034563248279,0.56057865845284,0.49901886233571,0.995744993396802,0.937883858618559,0.665507069540094,0.377123715913622,0.930728175293305,-1.70703027935562,3.48179440995836,NA,NA
731,-1.37423547260569,-1.37677922755241,0.053265437121133,-1.70091397709799,0.381364506449322,0.195689642214216,0.216518743669963,0.0337212900930317,0.566146250711288,0.165231315530953,0.873846470801742,0.232015648576315,0.228841923399013,0.217038115678937,0.979451022761408,-2.44837467472055,-0.953453279475425,NA,NA
732,2.44859291609329,1.74333820532246,0.983629476303027,2.13213585734688,1.37166271670743,0.864668413601234,0.702179863553611,0.79399911184446,0.03066193529882,0.60944046010077,0.331833030001493,0.327316454948625,0.0792809304890689,0.678976079083746,0.895592940774397,-0.556273666336039,4.8205453810298,NA,NA
733,0.977049101579896,-0.0852041245166205,0.951099431123806,-0.699122887207785,1.08165871606276,0.883817922990187,0.645691328902729,0.488089236937696,0.580928480232717,0.37489837241394,0.56847119855776,0.795842588244472,0.239965565441409,0.0813722447237233,0.532150544418837,-2.81913501425463,1.42088923983906,NA,NA
734,0.304333315403127,1.20637573424233,0.999810972517803,1.81273870166814,1.37166271670743,0.511020558533608,0.926106292727054,0.557792744236533,0.371874802514096,0.61226217827748,0.642965135689476,0.226684476073598,0.746458595462376,0.343675995008438,0.795640084873303,-0.875670822014782,4.50114822535106,NA,NA
735,-2.07392930271891,-2.05229779715968,0.146517989749234,-1.82539501287754,0.372120256478824,0.405836463733343,0.391020247442531,0.987242125352495,0.687123846636154,0.944731130050146,0.501260231168475,0.898318047999404,0.253311375566409,0.168346603044658,0.19787221099704,-2.55473731349385,-1.09605271226124,NA,NA
736,-0.193810827026019,-0.193934885419832,0.0540072536118814,-0.205556411437562,0.610707256740864,0.977403259976883,0.226793561025173,0.784025772952358,0.649696127845906,0.203574227936915,0.245394424516708,0.838457013890613,0.112158488053246,0.673178277158062,0.84940426967747,-1.40252063974691,0.991407816871787,NA,NA
737,4.22812448149129,4.24074394615932,0.0501392483580974,3.75386627543661,0.565569830550713,0.682991210236913,0.0586094206040725,0.353224401242798,0.240242150993319,0.463283988500596,0.953602058945573,0.408302163079265,0.748604602322797,0.106674077953678,0.39220926303498,2.6453697768148,4.86236277405843,NA,NA
738,1.47532138409859,1.31408438057791,0.0913425876617866,1.39328350555721,0.661502943684659,0.87986327961518,0.345496250394848,0.153370839569019,0.413169607990538,0.493283685880946,0.216667845610762,0.339369144467055,0.807314171225065,0.752233714890899,0.0449478442000691,0.096761560268052,2.68980545084637,NA,NA
739,0.543369487731891,0.567372976646289,0.185929042417434,0.394310060243719,0.491810734275861,0.597161903617321,0.410504273448372,0.837820139635471,0.375280062517151,0.983988610310596,0.645346100712544,0.420531580307754,0.273971466382616,0.0823010025391122,0.298887108579744,-0.569621266147166,1.3582413866346,NA,NA
740,0.117718510834025,0.058070397191208,0.065883083582478,-0.129447733970477,0.349943821426872,0.221297271103482,0.296282650432666,0.759047161212424,0.766417786058504,0.327328627230134,0.231277173531009,0.691973128920654,0.110252080859733,0.934934013702441,0.193721679181559,-0.815325020579463,0.556429552638508,NA,NA
741,1.93422574835433,-0.0342912492405894,0.991098322248318,0.862288812939137,1.37166271670743,0.811337432457367,0.733040392535506,0.789648171066539,0.383827726879972,0.302207232257351,0.0340030085599283,0.945998380762059,0.702136408653459,0.116589615362114,0.384355379651766,-1.82612071074378,3.55069833662206,NA,NA
742,1.7942869833963,1.87547764309741,0.991775257421904,2.0328770968006,1.14136217796074,0.141792301990674,0.737030983360717,0.418172534092911,0.0918347092668992,0.649655470815953,0.617824555442203,0.701940662406036,0.254738408109173,0.625040630114381,0.0671378931045765,-0.204151665318637,4.26990585891985,NA,NA
743,-1.18096935236473,-1.35957855690816,0.0688178452048564,-1.29429378228403,0.37813898880902,0.117866657867795,0.304917535975692,0.276125607915805,0.992516843321966,0.582232634060201,0.279305437945062,0.826286219785805,0.534245840871357,0.786168821487459,0.0101417517724913,-2.0354325815001,-0.553154983067952,NA,NA
744,0.240875927101466,1.04907343213037,0.565343324957273,1.37560781561024,0.337479636818248,0.346212030222057,0.508513843113207,0.75026316945185,0.240925028788974,0.783524298260803,0.701029150259215,0.505952860484715,0.837919384326669,0.159088740482694,0.843080729242531,0.714159881930813,2.03705574928966,NA,NA
745,2.01770264678597,1.99716587102177,0.0515666005108002,1.92698642246345,0.343341185568482,0.147772730297758,0.179704821088351,0.0954752884752816,0.574030066641164,0.968066608022666,0.993607238718308,0.577641460432322,0.305424479878042,0.602143626557663,0.525282121900003,1.25405006433994,2.59992278058695,NA,NA
746,-3.00262303081562,-1.8680949183401,0.99463615023064,-1.21282293722569,1.1852235631601,0.322868557921378,0.758555893465877,0.17346917362255,0.967411491440143,0.577536601559026,0.777147258050041,0.494213032395346,0.3196885063136,0.954246130296495,0.506077524919529,-3.53581843464772,1.11017256019633,NA,NA
747,-1.27941882017207,0.546224636474325,0.999809731793752,0.181363887716244,0.962188842369164,0.834897314650239,0.925779113629484,0.754728812488262,0.583608915358433,0.759725129025988,0.311548229730688,0.123320424576406,0.525171467347303,0.653304472952266,0.14943167233665,-1.70449158965361,2.06721936508609,NA,NA
748,1.16107837497122,1.07019348076968,0.077538421673648,0.936467752269625,0.0841403118203323,0.290331335798604,0.324426822789828,0.646755093960906,0.183003965355223,0.332499124795781,0.991342898961157,0.0905745517263422,0.938276886343723,0.874821651616949,0.596791730512748,0.771555771453804,1.10137973308545,NA,NA
749,2.31438298315174,2.75579082318057,0.642022130401686,3.74138376192069,0.568913754992654,0.879372061817325,0.525153642444755,0.842403067505802,0.731404066562536,0.789263687820057,0.722442900624359,0.874583902523853,0.864959314804524,0.852413349174662,0.684471064812387,2.62633329182565,4.85643423201574,NA,NA
750,3.04846016492147,3.63533817294002,0.825101189780985,3.58101444568824,1.10072686126702,0.643439692655345,0.574439300446189,0.60529967557569,0.829543233482516,0.978760930531193,0.172790963787585,0.890040604805457,0.266783865339821,0.00152818577177823,0.997288203482749,1.42362944078906,5.73839945058743,NA,NA
751,0.541252539974514,1.07670178702126,0.999836408802727,0.229499025791387,1.37661810341601,0.444459467180073,0.933333721558447,0.756458470442682,0.439161507764598,0.69702169422002,0.654880594017566,0.214081405556761,0.731522401357535,0.447728019440547,0.57446990537236,-2.46862287736982,2.9276209289526,NA,NA
752,0.561370244169173,0.592947579284902,0.0577212939729174,1.30423570384431,0.6248404300829,0.413324015931692,0.259784043298801,0.670233730235253,0.218681407337775,0.874795562600484,0.494785557869822,0.69745092932391,0.942242511665449,0.538498654291965,0.816573711420759,0.0795709647973115,2.52890044289132,NA,NA
753,3.54622940771069,3.5278780356983,0.0778604391238751,3.54059038096855,0.544203583356484,0.672581922525424,0.325025557519286,0.551660524111241,0.561732958050678,0.710329452866339,0.365351477208082,0.349466162400204,0.310102202388109,0.714365125380456,0.420017637079814,2.4739709573322,4.6072098046049,NA,NA
754,0.566185599209665,1.73222621143473,0.999931789527,2.82390624496296,1.1852235631601,0.49959516198677,0.977077367219608,0.26099464625516,0.101145136840525,0.097806549508241,0.134559755789698,0.0634090094902786,0.485760966295609,0.788192145771347,0.618725172281032,0.500910747540936,5.14690174238499,NA,NA
755,1.52226194642268,1.47858724676021,0.0506737179254076,1.50909402503179,0.349943821426872,0.260655520867207,0.137465183989378,0.867708377311472,0.416254802503274,0.793144910909934,0.00716659202938899,0.551007755067083,0.0183487137879711,0.120796069921227,0.0249486198321683,0.823216738422805,2.19497131164078,NA,NA
756,2.15439568234497,2.20920495314742,0.0516859258320394,1.71308864107687,0.323132902568914,0.0951237160372548,0.183381455943687,0.154662498410791,0.0941680990676396,0.16789590376534,0.478808964547585,0.812448312765337,0.514155790151679,0.791704438133165,0.192128628436127,1.07975978982191,2.34641749233183,NA,NA
757,-0.0447122416103939,-0.107419779322566,0.975099108256648,0.335522508278613,0.140392434076655,0.476641335868277,0.680749863000936,0.301243970136042,0.454020370711805,0.82366201629024,0.067146426874795,0.0752767182732932,0.977002469634172,0.100111099632224,0.125393353392836,0.0603583937864562,0.61068662277077,NA,NA
758,-0.161270434897565,-0.0764617488013136,0.0609070916862315,-0.410482080861788,0.343341185568482,0.427505272811512,0.277224938644446,0.0400054667487275,0.926828086109832,0.659301242468413,0.796565701593412,0.463635535262874,0.852209889874677,0.12853863195423,0.0477916960527655,-1.0834184389853,0.262454277261719,NA,NA
759,1.43228968901489,1.21590006643812,0.248395449023038,0.195979906046164,0.337479636818248,0.472098518912564,0.433402596681146,0.882977331427275,0.923857981009874,0.115534359282698,0.0800577127711149,0.487693200523965,0.919619404994999,0.275787090194412,0.541896163516794,-0.465468027633258,0.857427839725587,NA,NA
760,-0.340141156503636,0.253855459691743,0.999896986941795,0.710094434266399,1.09893285163646,0.605537433136487,0.956462653200491,0.860227307851776,0.660650880135014,0.344385508821113,0.0465246361319441,0.203296092435485,0.278994235311868,0.65170405546343,0.91165308077354,-1.44377437636896,2.86396324490175,NA,NA
761,0.503200170775407,0.350357677380103,0.999361645392249,-0.979251959914058,1.14136217796074,0.129345668195165,0.865232557251817,0.662246597476536,0.470153244035202,0.0586191484972369,0.580114627354778,0.880753694871208,0.286612161533791,0.414230761613348,0.619457272559754,-3.2162807220333,1.25777680220518,NA,NA
762,2.8668910607114,2.73461870213683,0.0706844886454027,1.74654551257514,0.67945177478253,0.806659402596881,0.309746788635501,0.522421875457047,0.0159230208396912,0.507067710787756,0.507292483783094,0.797425859724288,0.89649891809281,0.480573666438926,0.102411950199283,0.414844504769564,3.07824652038072,NA,NA
763,3.12419423762583,3.09688019216315,0.0613094567942944,2.77586095665577,0.709387243858449,0.891790959944134,0.279057669761824,0.927518718909356,0.7571830783349,0.454746274145902,0.618144747916143,0.955680066454341,0.347707238880103,0.102977723957971,0.161197352298303,1.38548750760108,4.16623440571046,NA,NA
764,3.59890296913571,3.64274566083563,0.119100216705212,3.65551109221112,0.660098632342398,0.560698916070047,0.372730700038373,0.514595597254578,0.654523106051376,0.672081950674066,0.717153757081251,0.056144456159207,0.537116982272244,0.375933620528085,0.495101575046661,2.36174154657588,4.94928063784637,NA,NA
765,1.2245511275999,0.921023785231024,0.999927586170334,0.132860651220692,0.94325824945369,0.578206390306354,0.974087186847813,0.0680475273068296,0.191504492070526,0.236963880501338,0.333606882567867,0.0858103889394552,0.693952237774734,0.395077831568779,0.0347089482037118,-1.71589154582884,1.98161284827022,NA,NA
766,-1.18252343737298,0.617067021669919,0.999771923826856,-0.406962735454997,1.19064519231828,0.42371299796144,0.916714874433703,0.941993666582974,0.954923427410075,0.309509831479983,0.152005788983311,0.230714214588632,0.327079540321371,0.18171584403445,0.145653105287929,-2.74058443076459,1.9266589598546,NA,NA
767,2.66448073558045,1.37354829861337,0.988455467464615,0.816837368163043,1.37170111753581,0.767378183185356,0.719901172640617,0.917153560054488,0.782944358233712,0.842160012796754,0.550128977298969,0.957218398813158,0.0905945377303287,0.148795112664811,0.669569681857014,-1.87164741976049,3.50532215608657,NA,NA
768,1.87317917650538,1.88993703285442,0.814514399189709,1.19433064585794,1.1852235631601,0.0856232218582882,0.570813180230092,0.384173135599354,0.647967732551042,0.494830873836414,0.791184867506032,0.83663123764121,0.122052589667961,0.987822369257803,0.339358652794734,-1.12866485156408,3.51732614327997,NA,NA
769,2.1397483844711,1.31448691807265,0.969719075011915,1.39525112714934,1.1852235631601,0.225901180931018,0.670677514711977,0.360388298982754,0.223734260945814,0.960920308194938,0.766263832425466,0.602239949045121,0.877491060800152,0.279567689326126,0.754247901865281,-0.927744370272682,3.71824662457137,NA,NA
770,-0.855500028533587,-0.391716636081642,0.601807016319182,0.518089279446596,0.37813898880902,0.347539506562636,0.5163130802823,0.0447468884099508,0.499004476261558,0.790410886138212,0.36713959621219,0.151714796601445,0.608810842553969,0.833810515532736,0.37590490816033,-0.223049519769476,1.25922807866267,NA,NA
771,1.81818812175349,1.75503047528773,0.0568105663525549,1.79411870956754,0.774046425828027,0.486903325833264,0.253460406752303,0.825553396736155,0.378856890090858,0.246751265754574,0.273221302111866,0.873088221021462,0.615225548490533,0.404293631574255,0.36600099129125,0.277015592582649,3.31122182655242,NA,NA
772,0.895220906265513,0.109536576705595,0.996475861456712,0.128570483967459,1.37166271670743,0.90171740820515,0.779655472292914,0.328710760311107,0.0991692138771759,0.610435243624262,0.772526213970035,0.0970952166884672,0.175430177914677,0.887070555390324,0.226404760603094,-2.55983903971546,2.81698000765038,NA,NA
773,-0.411845041700073,0.620837185700563,0.950628630864118,1.32743778942046,0.94325824945369,0.91197270150343,0.64518611571053,0.131431503982749,0.0837824500697898,0.328988456911058,0.200075888511143,0.240307659670245,0.73534062145045,0.331927087522112,0.14689462186757,-0.521314407629074,3.17618998646999,NA,NA
774,1.09780996664263,1.21542052106913,0.0752063663252337,1.55435085076262,0.6364183607676,0.824253656125395,0.31987629903364,0.181611666818615,0.831676526327501,0.406516212854069,0.511142032374395,0.0615544099288527,0.566989972030744,0.915229731376749,0.507867803803063,0.306993784558106,2.80170791696714,NA,NA
775,2.6559114485409,2.06023202768045,0.428958461335643,1.97314314643653,1.08165871606276,0.721984063304029,0.479498232207261,0.317628988439566,0.857040856697015,0.265835907871486,0.592485895949998,0.601815542291035,0.245504253718187,0.91398641296057,0.874373391880654,-0.146868980610312,4.09315527348337,NA,NA
776,1.74973417560797,1.76136033105323,0.0524135376214071,1.7715121286338,0.358534939666635,0.732084882619558,0.201358768896898,0.646068552158889,0.65661654726672,0.900781177827739,0.32563568488718,0.18952623405261,0.565535205759224,0.686341438821051,0.447114588267868,1.06879655968795,2.47422769757965,NA,NA
777,0.145917063881011,0.487090858620668,0.994494405521607,-0.173331886249834,1.14136217796074,0.00897189793060534,0.7572442505277,0.515446216678712,0.584963231293601,0.296765724863508,0.190226767537184,0.0250176482024835,0.580621369915898,0.425493075023522,0.919824807588593,-2.41036064836908,2.06369687586941,NA,NA
778,1.18431054291456,0.261046165829315,0.989274925613702,-0.419074102105175,1.1852235631601,0.492847821386997,0.72362619106553,0.0613645453178324,0.442992631318979,0.749006528228289,0.462875806776341,0.222191861314932,0.236260036500404,0.995512505844119,0.257055735766422,-2.7420695995272,1.90392139531685,NA,NA
779,-1.52344712183675,-1.53957100358718,0.0500572322489929,-1.20209639163981,0.37813898880902,0.278243058420136,0.0141480257903459,0.249472822908778,0.881174383312231,0.584585098818177,0.4634147561969,0.686938647431671,0.0110847907379502,0.478138132409775,0.521625819210079,-1.94323519085589,-0.460957592423742,NA,NA
780,0.843187554452418,1.93514617036236,0.908983650194965,1.81562701424437,1.37661810341601,0.0895502563486807,0.612235536485212,0.697909441337921,0.117290450707544,0.679243680797867,0.46090231499006,0.106327419782523,0.200082511380315,0.264708749874728,0.486074788869126,-0.882494888916836,4.51374891740558,NA,NA
781,0.779875629441501,0.838609213676514,0.0744788168549608,0.869505060231708,0.37813898880902,0.243804313589935,0.318372555265552,0.128947148958687,0.673025701301871,0.884543759400141,0.447297227982432,0.132873801464098,0.995452214616002,0.324848651396227,0.062837616412784,0.128366261015635,1.61064385944778,NA,NA
782,-0.0140415143360395,1.77027581113626,0.996584090808512,1.92830080134781,1.1852235631601,0.434957789790351,0.781220805918914,0.325698442244087,0.506920124721713,0.436259168373188,0.0254675265349215,0.346899614538299,0.813670537168509,0.896269449262763,0.853010817693546,-0.394694696074213,4.25129629876984,NA,NA
783,2.17114771984133,2.57101948774692,0.999598217451731,2.5387824394559,1.31462371948015,0.00932697154406924,0.888394161377801,0.0916505926344544,0.306569970177137,0.909556029816624,0.403169388371287,0.0894553583037341,0.258368514403701,0.461320465120021,0.133973647171515,-0.0378327039472794,5.11539758285909,NA,NA
784,0.0537639722402735,0.0616909583994535,0.0917929075673852,-0.938079308198426,0.381364506449322,0.487064924152102,0.346062711087521,0.610569676091894,0.692322648784495,0.112073211960611,0.614262043033261,0.269689522390021,0.404406539435266,0.232317387715681,0.784051830801647,-1.68554000582099,-0.190618610575862,NA,NA
785,0.792783604477517,-0.976550648653144,0.999791413300855,-0.998384965143668,1.1852235631601,0.153785004803562,0.921182144823717,0.367246559332823,0.750623452743515,0.830550525089959,0.605841182214557,0.239434551280923,0.438709308891208,0.0333595656000543,0.693982080417103,-3.32138046256569,1.32461053227836,NA,NA
786,1.01259995777341,1.04556922040377,0.0512037953006713,1.06600279331982,0.625517348237199,0.797625867282157,0.166514264412457,0.306822032807744,0.177550169380964,0.00865090401936322,0.390174561840598,0.843797449246864,0.776317859312519,0.353202721733483,0.295662799199577,-0.159988680930087,2.29199426756973,NA,NA
787,-1.64016272671254,-1.66504963834033,0.0553905468174264,-1.42969972762894,0.372120256478824,0.18566801698599,0.24169376325584,0.953328935537022,0.076213630169048,0.161947668031557,0.00177211120235734,0.56330489524256,0.93536906811723,0.193904658461572,0.90960256836412,-2.15904202824524,-0.700357427012636,NA,NA
788,-0.516431966200394,-0.52258168534248,0.105125063833174,-0.981599163447934,0.370193456770757,0.121096417445922,0.360646025967668,0.291443657142576,0.30056351254601,0.471410675198655,0.0277580460776808,0.178255956266308,0.382513013732503,0.585439556063386,0.319583874615142,-1.707165006031,-0.256033320864866,NA,NA
789,3.57453586262637,3.65088821120419,0.0529591079075581,3.10778446822725,0.435350223891091,0.588145825556945,0.211577278370387,0.645069815354072,0.0629862117569428,0.723455012559891,0.728560309479828,0.893438416654128,0.663942391810706,0.672642872932483,0.00483829492097721,2.25451370873926,3.96105522771524,NA,NA
790,0.050402054610169,0.272507720887993,0.735707404514686,0.322067150002212,1.31462371948015,0.226658129853196,0.5476697103529,0.293373534651124,0.851357097729226,0.348854808934382,0.408990592754213,0.164932317368919,0.561130451248609,0.467553218281013,0.117991705331602,-2.25454799340097,2.89868229340539,NA,NA
791,0.812019676698133,0.766795691983727,0.050146050995165,0.874485792501786,0.343341185568482,0.237611120843096,0.0609946164403809,0.00750437592307571,0.636621190733975,0.847229751742445,0.81546477774065,0.647611765435082,0.244992363691563,0.733729826971772,0.797480973357917,0.201549434378278,1.54742215062529,NA,NA
792,2.51661302048445,1.15106937759192,0.993876387247506,1.04389258515752,1.37170111753581,0.684462276660604,0.751892148523475,0.950876449312665,0.031997160101193,0.0667436910083052,0.596186460291967,0.745967486508773,0.880651090216357,0.0577253049882129,0.238181599667412,-1.64459220276601,3.73237737308105,NA,NA
793,3.26790038288336,3.33453200916542,0.0606001262823347,3.35513564457391,0.583942791695406,0.790535062186187,0.275781233765534,0.485856746798847,0.340532535148552,0.461314030650421,0.53252769078,0.894655145755503,0.359108899294282,0.762166102857795,0.548818669115426,2.21062880381914,4.49964248532868,NA,NA
794,1.07076242956001,0.576515934371938,0.589200659322799,0.780498190373271,0.777808073863628,0.149967140926397,0.513599145464832,0.25930170064501,0.151690889697871,0.971046149994829,0.642250414735754,0.869930488019367,0.416025847218349,0.845800665401737,0.291589195581153,-0.74397762128391,2.30497400203045,NA,NA
795,0.38205765099244,0.408101225262842,0.0624808940550474,1.13711199600671,0.772102127302344,0.938191728220321,0.284048093104502,0.526367441413226,0.139641104832524,0.397717473205994,0.107089516310254,0.807717821870348,0.0252262451424031,0.945283800568082,0.0125217546690255,-0.376180365892642,2.65040435790607,NA,NA
796,-0.0114917066439648,1.11866742604912,0.999411424847487,1.88320391786669,1.1852235631601,0.354666016085423,0.869294644921436,0.0815975972809829,0.925083501229878,0.981857313677087,0.581860736362869,0.43072280436859,0.505896670950111,0.312317242539604,0.211752952394192,-0.43979157955534,4.20619941528871,NA,NA
797,-0.0190241886657428,0.145611711901083,0.997569189145695,0.991648741038075,1.37170111753581,0.674754282570328,0.798283753527212,0.979324717448908,0.368237972442992,0.934801898392616,0.577843448624364,0.246716062013176,0.0524144559528213,0.214146804647986,0.696354210340302,-1.69683604688545,3.6801335289616,NA,NA
798,3.77894153230435,3.84634124424248,0.0505038595687448,3.85662883732223,0.508504399099499,0.945890456822352,0.122930542571004,0.308633025698015,0.625431919875089,0.749709844565601,0.627476569690276,0.514811736127362,0.432994671788299,0.240182796296198,0.673423876860412,2.85997852910703,4.85327914553743,NA,NA
799,2.80836545743082,3.07966072736926,0.980968545113295,2.9020049990945,1.32370409105544,0.92224179170921,0.694506617996027,0.155521651587565,0.526712100357632,0.669829924136284,0.451885658363462,0.776992540039122,0.140080514461035,0.82755858048494,0.00394367226760369,0.307592654437511,5.4964173437515,NA,NA
800,1.05859150772943,1.03818957750438,0.06933136660766,1.10708199869773,0.37813898880902,0.255672383476864,0.306291285052896,0.180597516391776,0.706287157592597,0.918705973826698,0.0683341977625387,0.833723399735289,0.688675995948375,0.834083557379316,0.166544219194329,0.36594319948166,1.84822079791381,NA,NA
801,-0.940687858968282,-1.76676542146584,0.974042459783979,-0.93786059322888,1.14136217796074,0.250018712571007,0.678614794411813,0.669673122700886,0.476845794269,0.624616749420995,0.852417638561456,0.702709985923138,0.678105306305923,0.894744573256001,0.531747920554946,-3.17488935534812,1.29916816889036,NA,NA
802,2.06861232865045,1.5267282411466,0.998280386320654,2.05854352141994,1.14136217796074,0.396664822971332,0.81562752820598,0.621918186030234,0.238569824049599,0.0719370460222708,0.986394097699435,0.592449408516637,0.42379070713243,0.935671254662448,0.552869866329012,-0.178485240699307,4.29557228353918,NA,NA
803,-2.14929974465839,-1.99608911584302,0.308872640763634,-2.27836996588927,0.260625054420472,0.186296661833883,0.45090060439927,0.225856157572824,0.955664497007267,0.307463619788759,0.901625088582281,0.521004499410512,0.833888826137758,0.472415160430362,0.333543895629933,-2.78918568602219,-1.76755424575636,NA,NA
804,2.28812972072284,2.14852805778199,0.99826723437503,2.11677986292825,1.09893285163646,0.880802499849,0.815245879805763,0.657969788087998,0.6953715361004,0.613179482267937,0.789606356921256,0.236080817564623,0.478705046518473,0.655414799922961,0.497450764979701,-0.0370889477071081,4.2706486735636,NA,NA
805,-0.712243094400034,-0.725990331648989,0.0593543574206655,0.0588057888179547,0.37813898880902,0.412310899153817,0.269463788787019,0.431047158696456,0.750124232799746,0.845365647028433,0.36029413102183,0.655340503867483,0.810000797173125,0.78346723895974,0.728632080246112,-0.682333010398118,0.799944588034028,NA,NA
806,-0.0941377513866893,-0.122626802163452,0.0514033614601203,-1.06157956579442,0.811412237522071,0.0753555651406059,0.174194336591521,0.87408600566152,0.0754638053032104,0.415022917771596,0.00931203516502865,0.695709015353816,0.280748095634859,0.219825886073988,0.637134281800245,-2.65191832795274,0.528759196363899,NA,NA
807,0.277462992401273,0.4096215502197,0.0678924287995964,1.54843210480631,0.94325824945369,0.944129247796023,0.302346471175551,0.022934682289022,0.0604134891418507,0.967590111944941,0.292398050981225,0.617666766790207,0.774876117510023,0.184715312132263,0.733331798948231,-0.300320092243224,3.39718430185584,NA,NA
808,-1.78194607932404,-1.89884900681112,0.698356632127298,-1.81779945338002,1.14136217796074,0.446074468702078,0.538259774235194,0.589360709310742,0.504323783047381,0.640527209172957,0.556536766580655,0.972216430299799,0.59919160737074,0.362636721278192,0.534144818048109,-4.05482821549926,0.419229308739224,NA,NA
809,2.35547584712138,1.72121493052023,0.999609577617091,1.89308723388254,1.37166271670743,0.992892031421885,0.889828851100523,0.803849151531351,0.386131445616484,0.940882381919539,0.584413663148182,0.826917150772409,0.0120387226585299,0.587388008273556,0.679020054460503,-0.795322289800375,4.58149675756546,NA,NA
810,1.25418686409809,1.22142446436521,0.0501256909205648,1.89448000940316,0.728252898359514,0.674054928442114,0.0534870466704015,0.0166670770708006,0.293808627641643,0.597480868857703,0.61888892849884,0.798252051729127,0.81328637670062,0.87181280297006,0.605944004414137,0.467130556981601,3.32182946182471,NA,NA
811,1.95280118094372,2.02753685124291,0.999935632310304,1.61962746468578,1.1852235631601,0.0977267853621161,0.979976885570213,0.33391751917894,0.708151590747177,0.278271888341056,0.711203427391709,0.426728339793975,0.0230181526535889,0.105049813908176,0.564300040568341,-0.703368032736249,3.9426229621078,NA,NA
812,3.32189365332566,3.40161418867138,0.0654789303535018,3.27037875432769,0.585360301125826,0.800105701453169,0.294972279704176,0.594647409872035,0.771234294459224,0.977236241029343,0.589096547780209,0.640527870395221,0.158712258710992,0.176012816747068,0.986602557732724,2.12309364614156,4.41766386251383,NA,NA
813,1.54509537519003,0.602889492153764,0.999944084088805,0.863020034751441,1.08165871606276,0.817479647508822,0.987015471328748,0.471512455689139,0.488257819402148,0.276073473244091,0.742836753399577,0.159812701322371,0.524314001536462,0.426778871008661,0.243158120204229,-1.2569920922954,2.98303216179828,NA,NA
814,2.03037114294652,2.04840442821961,0.415792803752938,1.52913610574639,0.741623812375494,0.493996308792266,0.476590567756793,0.631488075009896,0.978723614113289,0.817339806974749,0.778365215742961,0.677080452257069,0.619908607523772,0.528155510498793,0.0701315913748695,0.0755801434131325,2.98269206807965,NA,NA
815,4.22281490389604,4.1884706836229,0.050169527660281,3.85257857394831,0.46661999199189,0.917659959806362,0.0684488651760621,0.732300228768494,0.131146576309926,0.0876024951594882,0.69984413365915,0.194543703575619,0.348260625357507,0.77116356318444,0.361705895377905,2.93802019517784,4.76713695271878,NA,NA
816,-0.517480134128921,0.679972575148572,0.995262970013027,0.887667428366038,1.09893285163646,0.670548801095574,0.764802640481736,0.685815468828427,0.856817631879938,0.538913681868115,0.457327330348664,0.213364231523126,0.509395183491637,0.0569704830760602,0.248972550911596,-1.26620138226932,3.04153623900139,NA,NA
817,1.69126434096659,1.27506892162783,0.97899834021586,2.1419390983495,1.14136217796074,0.334037149211275,0.689475274011842,0.425083111580927,0.752645552722388,0.969823214326287,0.853750713884016,0.564945386947831,0.856665184819023,0.702933260913589,0.491398205298814,-0.0950896637697385,4.37896786046875,NA,NA
818,1.07856366891651,1.77073961221253,0.617767825161118,1.80255905553444,0.642602257208354,0.525775858198642,0.519784218256129,0.795893609870225,0.210430574593251,0.853818089686683,0.361851252055145,0.0107047058162279,0.186651312681846,0.00842934021260589,0.719470271757804,0.543081775021924,3.06203633604696,NA,NA
819,0.960094807741932,0.0423396821776576,0.670028530628282,0.292830327341904,0.6978636536194,0.909129772452754,0.531537964992458,0.97982896382187,0.0958735506446101,0.739369869351271,0.589522631811909,0.562532544522663,0.997142592232674,0.641032435260131,0.876264675776125,-1.07495729987166,1.66061795455546,NA,NA
820,1.82706974987026,1.68516987113563,0.0767555856169096,2.26463080218857,0.582138939818728,0.884359059391893,0.322942462794483,0.0362034664039966,0.62007620140526,0.753017310875934,0.80665946385439,0.815887196256546,0.670885072252597,0.934432802775409,0.41196687586722,1.12365944614554,3.40560215823161,NA,NA
821,2.98333830864739,3.66985107323288,0.931390531304948,3.20198031654543,1.37170111753581,0.862856069278903,0.627653512836434,0.963487799277296,0.675915112089016,0.445711408250849,0.0815964097054675,0.248590196672827,0.328307123108185,0.837050210909103,0.136019236431574,0.513495528621899,5.89046510446896,NA,NA
822,3.13400235738364,3.20927971254756,0.9999497367847,2.77124025427192,1.13359871943507,0.59095612747292,0.992344542506034,0.0484855481390841,0.411220430433983,0.413081568749272,0.102442442926578,0.749704629535903,0.00374108878022525,0.825373150455416,0.609033460836974,0.549427591258461,4.99305291728538,NA,NA
823,-0.644233961631627,-0.00264998118124615,0.940695592144625,0.79694110598896,1.08165871606276,0.600169849552796,0.635465954348678,0.381968304972048,0.681763602960971,0.290289206346497,0.97200324241037,0.00478562593052629,0.945822647730703,0.924528921966325,0.825379158456577,-1.32307102105788,2.9169532330358,NA,NA
824,3.2630016707262,3.56800580391143,0.990770554947915,3.34226293729884,1.37166271670743,0.975599762033206,0.731215017821407,0.548933741773246,0.370173589029,0.199552192424657,0.554335817990592,0.930097882646136,0.629544609527569,0.286548987703165,0.219904904870433,0.653853413615921,6.03067246098176,NA,NA
825,4.09984292070874,4.09281068279203,0.0548779407781372,3.72838892782176,0.62268535840285,0.752957094189594,0.236670453838306,0.456060456406325,0.255224746788386,0.295264466034714,0.578210441840463,0.107157016548095,0.667233655055286,0.0159699754667236,0.569013779349858,2.50794805165176,4.94882980399177,NA,NA
826,-1.85112598545887,-1.66097773770829,0.0832499836018218,-1.70397051090603,0.739035992490666,0.320833165422315,0.334160972454236,0.85906125392078,0.0423713216654724,0.0244082391709089,0.306972228204599,0.288558798640268,0.779301896713674,0.93189624883025,0.300686115559191,-3.15245443946655,-0.255486582345513,NA,NA
827,1.794063885653,1.78971706649392,0.0500758416723358,1.64090231875303,0.343341185568482,0.333288372241426,0.0282255240747472,0.339424247370916,0.413973357663257,0.951492415389163,0.735836265302612,0.323192222113372,0.662803565544426,0.405481124517508,0.685170240122708,0.967965960629521,2.31383867687654,NA,NA
828,-0.401476019454087,-1.25124898341859,0.999793825891008,-2.51481289015018,1.1852235631601,0.0197106485249242,0.921763960677199,0.185584907520912,0.524558516502031,0.68322735959175,0.698410618745256,0.0260010411576368,0.0468929500657832,0.353896320602274,0.805146276597283,-4.83780838757221,-0.191817392728155,NA,NA
829,2.12214420684809,1.57501189801929,0.992377091342933,0.743656713401038,1.19064519231828,0.450249464795925,0.740862374668242,0.786212915915064,0.302314094357193,0.542236360724783,0.900671503454447,0.124247406682349,0.560782306846697,0.447308490303345,0.514931966141332,-1.58996498190856,3.07727840871063,NA,NA
830,-1.55457656355289,-1.73502545388067,0.999875445488491,-0.5455246377998,1.14136217796074,0.193641822850681,0.946967134072213,0.397089015522157,0.314916549996007,0.589158520151861,0.17994718661136,0.377562583663384,0.380566461335868,0.582749348415178,0.648812309802859,-2.78255339991904,1.69150412431944,NA,NA
831,-1.5902383535008,-1.73500078819164,0.999562698373488,-1.45834934278124,1.14136217796074,0.248032357605989,0.884156683112145,0.576960471247672,0.41288676431973,0.297343691031099,0.940341340379557,0.16256893984857,0.0309534005391179,0.234059721262893,0.953864832507912,-3.69537810490048,0.778679419338006,NA,NA
832,2.28157143700734,1.61449445801157,0.954785082024668,-0.295332499764843,1.37170111753581,0.702236773023847,0.649813518049195,0.984333350891946,0.878292491318774,0.628063290139078,0.662328652460594,0.0225113939989824,0.614737240222632,0.863355845093494,0.504261528120376,-2.98381728768837,2.39315228815869,NA,NA
833,-1.02949028986971,-0.752906877370178,0.311711955639033,-1.03112257567955,0.37748013559708,0.467041958070826,0.451651853678399,0.483403716175468,0.842947955544922,0.0998655110854888,0.122712708545034,0.171424712757813,0.51786389618984,0.631230457687401,0.828323858123622,-1.77097004632912,-0.291275105029974,NA,NA
834,1.97864398853587,2.03671313767475,0.0715387194367124,1.05259718889187,0.343341185568482,0.0134128230998758,0.311816177031142,0.060406900384347,0.863062928238884,0.879006829071441,0.807091373877716,0.445151936184848,0.278264162633219,0.142833146161051,0.692928082800121,0.37966083076836,1.72553354701538,NA,NA
835,-1.07465696436022,-0.942717544250773,0.987239487843121,-0.48924156292768,1.14136217796074,0.291797154721571,0.714829171239864,0.592125259094755,0.507875022908207,0.412702003850369,0.558048538685776,0.147229189913254,0.510392458684742,0.187594411124941,0.186043689961778,-2.72627032504692,1.74778719919156,NA,NA
836,-2.50546169298085,-2.52227959309085,0.999383829372303,-1.16576647496102,1.14136217796074,0.394624862448312,0.86700222671451,0.620492398948758,0.4829916985858,0.527958764963667,0.704775152235525,0.771791619758355,0.823114417651203,0.969326943499968,0.302238267336739,-3.40279523708026,1.07126228715822,NA,NA
837,2.22277190164411,2.28222986201537,0.0629184632604729,1.71608166114655,0.0849140557084052,0.263165665275767,0.28579436256038,0.690519918855396,0.242871249011834,0.702389540835982,0.417798607497592,0.224088380673551,0.159953957987949,0.871215575431008,0.441266386984731,1.54965317017684,1.88251015211625,NA,NA
838,-1.41549522827354,-1.08773582634573,0.237743831580942,-1.19465167396578,0.372120256478824,0.202270074689179,0.429939787872834,0.97296100844827,0.147749341962859,0.27080848159024,0.00298471783671994,0.55890173302358,0.135009289143491,0.866258224980556,0.304544647400384,-1.92399397458209,-0.46530937334948,NA,NA
839,-0.381422364871056,0.20720958382471,0.382354652650984,0.721199040997996,1.08165871606276,0.54102905687294,0.469014410425676,0.3648901931328,0.658222487697378,0.231145964361727,0.93093437269656,0.334341583545087,0.499256213847664,0.558763028936111,0.42327816771972,-1.39881308604884,2.84121116804484,NA,NA
840,-1.31464565577104,-1.36027035438835,0.0500666482082718,-1.52555257045435,0.240356778916212,0.130169316295534,0.0217640529256314,0.421616606996278,0.960151481599081,0.22678099227685,0.597510500895558,0.238375013361685,0.805749141351087,0.581950568077038,0.055317865304416,-1.99664320057019,-1.05446194033852,NA,NA
841,0.752524469772992,0.738914355024866,0.0511469717697322,0.648127995747194,0.10943333640478,0.78671255786391,0.164093565455521,0.798214185686433,0.739983457864611,0.63807767572708,0.323806443487061,0.0590272719584173,0.386589168058359,0.350946869176929,0.167908160076244,0.433642597685769,0.86261339380862,NA,NA
842,-2.67742236489111,-1.63169957100147,0.999921856726435,-1.66731709229262,1.1852235631601,0.124658026499092,0.970279551089159,0.0676666263034567,0.512637173577794,0.0345888914262177,0.891456083623576,0.556718915108708,0.954994464187301,0.737517377237789,0.886258304419345,-3.99031258971465,0.655678405129405,NA,NA
843,-0.432010505517032,0.480051495778648,0.997931508349151,1.8592494468679,1.37166271670743,0.500688913947903,0.806373129024403,0.390295985838398,0.179220397380413,0.156914737290121,0.754117565680994,0.0463730136010563,0.313232346197707,0.317472613495193,0.68685558880202,-0.829160076815017,4.54765897055082,NA,NA
844,-0.895174856122955,-0.98722784590973,0.149778802549864,-0.945555096271643,0.31098147948321,0.0935892229799647,0.392872960676672,0.758784060399863,0.870670963080833,0.963427584246499,0.876112942362437,0.493741181754856,0.0265867332497146,0.640099031037418,0.702138225287548,-1.55506759591772,-0.33604259662557,NA,NA
845,0.25893846112605,0.195569018894741,0.0501885664296802,0.971913895758916,0.608468392025401,0.889816964942147,0.0737715802002931,0.157376931076054,0.745661018664599,0.425750961237587,0.906201626267051,0.712826176201575,0.00634476838947739,0.308130107592558,0.280092078620568,-0.220662238341869,2.1644900298597,NA,NA
846,1.31154806649027,1.64337721851665,0.872538565920543,1.62144240220846,1.13359871943507,0.770635608666344,0.593229076458141,0.0342019428687636,0.625879315630416,0.0171546160983853,0.398996215462452,0.0327706099033821,0.285632874647505,0.295568965313374,0.761357750368305,-0.600370260804996,3.84325506522192,NA,NA
847,1.31427768401344,1.27403455228892,0.0502341115242642,1.34929084358785,0.37813898880902,0.199289406599943,0.0845913400608115,0.175384231604054,0.595612156876363,0.911452957173227,0.109351620746194,0.11895312725706,0.343774176297011,0.0234052125969902,0.783845602779882,0.608152044371779,2.09042964280393,NA,NA
848,3.02287614942696,2.97116746432199,0.0502202658395434,2.52737686631089,0.94325824945369,0.732636563729378,0.0815424900258658,0.171508534908644,0.0331032113424735,0.166089455706882,0.932083312305738,0.746787626061938,0.495660391908139,0.041397751014214,0.237091682423023,0.67862466926136,4.37612906336042,NA,NA
849,0.0553255594642016,0.833645830714875,0.999783648249834,0.649696107421072,1.1852235631601,0.0341533109144075,0.919354197140317,0.00364419412845746,0.777506268118508,0.81822028062446,0.426718061685562,0.922407379918033,0.478390544860042,0.314077168451622,0.650321170223877,-1.67329939000095,2.9726916048431,NA,NA
850,3.67666420535349,3.93854129123278,0.998166192668027,3.60098041801407,1.37166271670743,0.63810018910293,0.812406774037285,0.47515997415944,0.264521875541774,0.974270122610731,0.445299503329908,0.396134838816943,0.0940654466286069,0.902903844761895,0.194656406150083,0.912570894331152,6.28938994169699,NA,NA
851,5.2396727878998,3.74476176355884,0.990327250862179,3.66695332436278,1.37166271670743,0.650915561609087,0.728845769464853,0.859613978752517,0.331197078361758,0.104705532885622,0.344223694374086,0.867965992778773,0.564493409933639,0.44006517487485,0.623447437324678,0.978543800679856,6.3553628480457,NA,NA
852,0.983093687967995,-0.261338965298863,0.99708707161275,0.695696386532999,0.962188842369164,0.660610943841515,0.789211606990662,0.447247901679715,0.964206687363447,0.700914421938593,0.671506807460333,0.728944626947865,0.0635180911561474,0.97513584009849,0.662871579197003,-1.19015909083685,2.58155186390285,NA,NA
853,0.390406351467404,0.368403667433386,0.0500767049186895,0.7672729712958,0.609487197260073,0.665225535366917,0.0287914658478694,0.456522561910911,0.212289617686998,0.774481525399839,0.797859456679318,0.682272613674519,0.943521689572721,0.133841110085719,0.0582438696306199,-0.427299984372203,1.9618459269638,NA,NA
854,4.05349280955152,3.97358048007887,0.98395711757324,3.99592482600503,1.08165871606276,0.794873948277906,0.703208261790103,0.376775103431661,0.743956308038789,0.0836663871443598,0.262355231417576,0.0603408531916793,0.393931907569291,0.893103519618744,0.608050137600512,1.87591269895819,6.11593695305187,NA,NA
855,-0.76501906459075,-0.888845377616618,0.998957166049422,-0.0405895657511695,1.14136217796074,0.378604159424198,0.840671085101552,0.587433625330217,0.295067164489999,0.558411376316915,0.371246944519808,0.0872567470594076,0.238691575098783,0.621319787053857,0.268196901335963,-2.27761832787041,2.19643919636807,NA,NA
856,3.98251664425361,3.46245361518913,0.999590837220266,3.10613483677573,1.13359871943507,0.613514106518938,0.887483670090674,0.0233938394145807,0.427541708132718,0.354233094130526,0.488932597319363,0.48398861024715,0.683868322887691,0.581169756283052,0.622500638225349,0.884322173762273,5.32794749978919,NA,NA
857,2.24030326686174,2.02177690757495,0.540169788667429,1.8551870552757,0.31098147948321,0.158372455025907,0.503194726151065,0.854107897809474,0.356830468998756,0.638748861931032,0.752024367371458,0.634338404820766,0.089022745739785,0.096567661019857,0.498869630043162,1.24567455562963,2.46469955492177,NA,NA
858,3.41072533487592,3.38854090404674,0.0514821863519264,2.892923596784,0.607701839158125,0.576314795629121,0.176930884622387,0.785945636479882,0.204696909658378,0.798217444694368,0.290875572456396,0.444062306097359,0.251803021373693,0.319113680406241,0.897868678703322,1.70184987869532,4.08399731487268,NA,NA
859,3.38820070759673,3.62112067661222,0.519533005709948,3.5159247149678,0.43201435738227,0.839177928102436,0.498849003008567,0.642591097365483,0.182454906135215,0.873154771794798,0.685103842287441,0.711303929017391,0.251478225562721,0.67593956389837,0.0863557554966537,2.66919213369433,4.36265729624126,NA,NA
860,0.983059573702975,0.673393642007229,0.948508235678786,0.711632376485426,1.1852235631601,0.256386036346201,0.642965699671186,0.103391466014436,0.41563779270777,0.857502643619315,0.476738824482309,0.00186401853919961,0.808289641019306,0.972292249866761,0.618361424556235,-1.6113631209366,3.03462787390745,NA,NA
861,3.63820247846142,3.70070908252469,0.533795109434382,3.57761109985827,0.45971759370343,0.744373142428114,0.501851813632646,0.618742045731633,0.264214502011891,0.907439292802243,0.7855246366926,0.603317569178529,0.429346662974916,0.639382389939507,0.054768310313113,2.67658117314013,4.47864102657641,NA,NA
862,2.44718622682371,2.51688376164433,0.0502192734240514,2.07107884760423,0.603452119813456,0.167551106629195,0.0813166519959923,0.134228392961551,0.386969189038151,0.902468538430287,0.0146644800642971,0.0886321333431406,0.356561613909202,0.29402386764111,0.030218208783539,0.888334426375511,3.25382326883296,NA,NA
863,0.703937351764513,0.72652551672158,0.05013722324682,-0.737166322540793,0.693839051866831,0.691157456070767,0.0578768165390939,0.944048466204666,0.988850564664463,0.931958178138477,0.233703219380928,0.473489855006454,0.656494427178754,0.203088177658035,0.799819542085286,-2.0970658752672,0.622733230185613,NA,NA
864,-0.126887075493844,-0.0833784694470011,0.0501988032144406,0.0771284514249422,0.58650175162926,0.762952836977784,0.0764153744087089,0.750765472267056,0.764797470335616,0.120703275514767,0.646480061081122,0.945215068603633,0.03273306988494,0.793012150283204,0.628939052093774,-1.07239385863806,1.22665076148795,NA,NA
865,3.88357633989032,3.73553995763345,0.203621391184801,2.55368343475802,0.636529194860279,0.580421138274833,0.417720818228205,0.924560941289645,0.836786479516653,0.612958449756377,0.0613048306774581,0.487088267332176,0.469465869362233,0.365568868433707,0.729643559332471,1.30610913772359,3.80125773179244,NA,NA
866,1.11322313614784,1.15709223725657,0.0521143851968305,1.25474423809546,0.337479636818248,0.0427943443737458,0.194726512383902,0.844457702100859,0.508396683806321,0.318210907039931,0.555633328635944,0.905264940860914,0.43767162065336,0.94864231996343,0.721412442018627,0.593296304416035,1.91619217177488,NA,NA
867,-1.16410181517992,0.141694678358011,0.898801900065674,1.18793404107703,1.37170111753581,0.897242845873698,0.606337292225216,0.904513750397833,0.234131170201465,0.812083290165407,0.584696252934518,0.475922226157039,0.0323301713537658,0.977683481875574,0.953114084488363,-1.5005507468465,3.87641882900056,NA,NA
868,0.392530160334755,0.878471443158986,0.987574989602746,1.24918388184511,1.08165871606276,0.585517212666804,0.716179266738589,0.550308425099473,0.851875564712565,0.102217455270235,0.607213869426865,0.495511678971932,0.761789146414376,0.759361930565909,0.582358890164527,-0.870828245201732,3.36919600889195,NA,NA
869,2.91189400921888,2.87775404280359,0.0621716503063713,2.49679635862726,0.62050232972453,0.64539673116582,0.282777128303773,0.659862460699747,0.328994384621619,0.85049674213992,0.144768687287346,0.803593388582347,0.798016035226989,0.309948223021114,0.0786579442663351,1.28063414004398,3.71295857721053,NA,NA
870,3.06033992531292,3.10979137352171,0.052256814147428,3.35404424728243,0.78611254402055,0.923924172514584,0.197993529246538,0.8151341929544,0.950674166939221,0.0465176931032911,0.703946218105499,0.886217303985497,0.717745171740418,0.725209241734236,0.930123406015802,1.81329197320699,4.89479652135786,NA,NA
871,-1.34063177015933,-1.38546599703062,0.0818536199889273,-0.861439593488332,0.337479636818248,0.379603415316553,0.331939709986211,0.707696203002357,0.460089165589656,0.34619086146215,0.593616960648331,0.460597975765937,0.482334410690237,0.628090847905376,0.464248544273665,-1.52288752716775,-0.199991659808909,NA,NA
872,2.72872439551435,2.79830283495027,0.0536769309692652,2.1549800163595,0.94325824945369,0.873593309225049,0.222474720356637,0.0708914357136236,0.0136712948317872,0.394641468636575,0.543976752311341,0.533375318540842,0.415420626001782,0.476071139837382,0.876586986077717,0.30622781930997,4.00373221340903,NA,NA
873,4.78183741508979,3.74133635841327,0.990145101169635,3.07377023403969,1.08165871606276,0.933750452383887,0.727903277578182,0.533201452424401,0.886736572225462,0.41720577131398,0.380938376232516,0.649988260070444,0.28730935611506,0.592084405625821,0.283547013137373,0.953758106992848,5.19378236108653,NA,NA
874,1.48550972689057,0.815232324148716,0.997828539682859,0.240343368795602,1.14136217796074,0.303708713302854,0.803938686107867,0.496546400959254,0.490183502461645,0.331731801458285,0.670687028926332,0.0242505428163568,0.129657339684549,0.370030635396135,0.245099857673049,-1.99668539332364,2.47737213091484,NA,NA
875,1.81118914942485,1.28932755176335,0.960720639831644,0.518917355337942,1.37661810341601,0.464612394227763,0.657176850182819,0.958773053178331,0.760970882490976,0.605537467248971,0.711668389847735,0.166648533710977,0.307071007606224,0.247857444098918,0.49188712979632,-2.17920454782327,3.21703925849915,NA,NA
876,1.93650652116867,1.14913154956165,0.551161592392876,1.66359112725092,0.738181054255767,0.385133531293483,0.505513282989617,0.193436718012439,0.0106431281858822,0.745249658130226,0.97482947003562,0.75900875721965,0.927458432756597,0.398947976677679,0.619572437702678,0.216782846839806,3.11039940766203,NA,NA
877,-1.58696235310386,-1.61234922266421,0.0500985748727389,-1.27433247064113,0.37813898880902,0.218346977078822,0.0413351446792949,0.15689390558633,0.719759777549072,0.682789559512981,0.548359100833535,0.776027533662273,0.0694858721160563,0.613895742356661,0.503992451359285,-2.0154712698572,-0.533193671425057,NA,NA
878,3.27358646452078,3.28052847696105,0.0864437462342262,3.13453138576596,0.652163503059225,0.548225264163455,0.338921245912905,0.515659869562136,0.315351669983356,0.259648742350633,0.714353369205957,0.997082975417608,0.591654641197179,0.957466438781703,0.220011795268045,1.85631440773841,4.41274836379352,NA,NA
879,0.791090104967603,0.792863599924091,0.0887791036089352,0.343809139519247,0.417248499633568,0.555914893769776,0.3421548095037,0.772307148338296,0.494025167322368,0.434722208991298,0.713077252410934,0.549143775994773,0.209145811392344,0.261930559447152,0.276172320911312,-0.473982892365921,1.16160117140441,NA,NA
880,-1.12849313395531,-1.40996108578244,0.999903067930115,-1.64734624111309,1.37661810341601,0.391984677690431,0.959505240095197,0.943384763937909,0.577141449540155,0.871992359516909,0.335481076990021,0.628876538898214,0.0427960921498016,0.500376094053499,0.520010771632544,-4.3454681442743,1.05077566204812,NA,NA
881,2.56088612448191,3.04571506354041,0.633336986199579,2.91670791535832,0.469582820549161,0.956781817766256,0.523216091629001,0.554988222154207,0.288875060994644,0.495625617290265,0.582994652955094,0.307357534495881,0.814247691730037,0.609633469500113,0.287546687714639,1.99634249932323,3.83707333139341,NA,NA
882,1.10462586817221,1.38469857503295,0.976874341082236,1.05061913768711,1.14136217796074,0.368667909444193,0.684543761262787,0.68605406452436,0.189009316455107,0.293527147090645,0.63706606111466,0.729314550320618,0.288705727089429,0.84863138807239,0.765926340917707,-1.18640962443214,3.28764789980635,NA,NA
883,-1.06090960088422,-1.51111119986529,0.989674410229344,-1.63823882948705,1.14136217796074,0.012026590866968,0.725545409265324,0.477826822934439,0.334066332667368,0.468564992142608,0.296161389256828,0.327571448720759,0.473907589508453,0.916318475895328,0.620080577131477,-3.8752675916063,0.598789932632188,NA,NA
884,0.836217408245894,1.45344732824488,0.424324819720495,1.20494062430158,0.804633645539461,0.455416409761994,0.478479017195292,0.48394206394814,0.0583716152729467,0.459170586820925,0.648065125346533,0.932384254610864,0.899976132685551,0.257272920518415,0.546891860133037,-0.372112341704929,2.78199359030809,NA,NA
885,-0.298085876852293,-0.288648268525345,0.0514605685400099,-0.106892729125053,0.384609548437221,0.178662542039528,0.176195120496675,0.569253370568389,0.556511782277958,0.789918710137252,0.636964992193505,0.195424995268346,0.156391606823541,0.715127674780786,0.212875325019704,-0.860713592172219,0.646928133922112,NA,NA
886,2.119345370445,2.03192405111639,0.0523176581827561,2.05051937886984,0.678764578772473,0.841927660296671,0.199326895413571,0.0294864944573492,0.762951006492483,0.073854784581461,0.243604484390933,0.798505881649326,0.47187396292889,0.218728562431992,0.521166302673169,0.720165250494293,3.38087350724539,NA,NA
887,0.751142544774431,0.680437912459156,0.0500932645608207,0.59637546993838,0.637389833545527,0.556450862678117,0.0385660554504721,0.813068091737106,0.796265837575891,0.458770682235132,0.112227923324797,0.434559939101106,0.0751810746255796,0.328064094521804,0.143292654433404,-0.652885647922831,1.84563658779959,NA,NA
888,4.97548103138029,3.99051397292556,0.336944549096449,2.9907364359924,0.568306230918503,0.61308996478247,0.458121518266271,0.0620283817477757,0.84013760131353,0.481381828704616,0.778547154396423,0.292672356799827,0.802190691186348,0.248014917115215,0.104200155992294,1.87687669120243,4.10459618078237,NA,NA
889,3.59784007506402,3.55413490753022,0.972731576120037,2.17341669501521,1.37166271670743,0.723631491977838,0.676080448854831,0.639594407352037,0.066099974788609,0.648322234733845,0.585347194870119,0.359275163929909,0.956785064276075,0.886691666255589,0.265181272741291,-0.514992828667706,4.86182621869813,NA,NA
890,-2.07362118112895,-2.60634446885485,0.999925635183622,-0.783059091794538,1.14136217796074,0.0416648884692695,0.972757802495849,0.638174617754645,0.448330838530441,0.42084266647289,0.750608964501764,0.939938352010213,0.867763608431211,0.976770725285169,0.573362302808091,-3.02008785391378,1.4539696703247,NA,NA
891,2.68019481874915,1.24821755219678,0.999909548242776,1.10107865989878,1.10072686126702,0.988740850777249,0.962965270372224,0.516401407816913,0.571047821835615,0.982650732186041,0.869437799236854,0.913320652706898,0.854254350617644,0.603229025302222,0.643617602144484,-1.0563063450004,3.25846366479796,NA,NA
892,1.20337059848804,-0.591203680841356,0.995889993970228,-0.917353368593317,1.14136217796074,0.356586507153814,0.771935089062084,0.519339215303073,0.0706339146686951,0.938325999174383,0.165346894776099,0.109191560158739,0.0592875994760543,0.96112612418842,0.37145380189619,-3.15438213071256,1.31967539352593,NA,NA
893,0.882583837008526,1.34895033016064,0.99991450185578,1.01701141448779,1.19064519231828,0.153017587146256,0.96578162953991,0.848962062808801,0.599774087893311,0.192641729273368,0.947620374424965,0.635014604080585,0.860177791244583,0.169028292273637,0.77752419091505,-1.31661028082181,3.35063310979738,NA,NA
894,1.61936191584215,1.74805794242599,0.954011714618888,2.18652923584962,1.37661810341601,0.0957146693923278,0.648922781026457,0.731544202850782,0.842404685581336,0.76953916412557,0.104754152661539,0.387976216461975,0.556717530438327,0.689940033439314,0.597725282223895,-0.511592667311593,4.88465113901083,NA,NA
895,-0.680075951342314,-0.143693936639989,0.973137871568249,0.815479581277476,1.37166271670743,0.784018269446096,0.676853058350855,0.344249253157293,0.0726660661593778,0.347656930188416,0.724316226651426,0.467792643748573,0.859770518898265,0.730774031979847,0.294360501584597,-1.87292994240544,3.5038891049604,NA,NA
896,0.630847954110391,-1.14454280380718,0.661621993148587,-1.75959204713929,1.1852235631601,0.348564131715451,0.529597539969138,0.00275584119861014,0.385299415295827,0.197279182490078,0.641980926246382,0.0706390305400127,0.339827907756204,0.137546417679172,0.903453191136126,-4.08258754456132,0.563403450282732,NA,NA
897,0.874738288955798,0.314471170189397,0.750075350342045,0.285299293161129,1.1852235631601,0.498425987736438,0.551501425076625,0.354868714136304,0.138256641783286,0.479492430552491,0.0933109799824888,0.573897890183143,0.353584885708522,0.746294557601563,0.791147277300712,-2.0376962042609,2.60829479058315,NA,NA
898,3.8214732408071,3.16451912138856,0.999579476823007,2.80331365948824,0.94325824945369,0.758495795221766,0.886113745700219,0.0713496654166374,0.0429968735417351,0.840972715123557,0.991994795503211,0.262821784771746,0.0118017848981544,0.380184678978636,0.730250551042729,0.954561462438715,4.65206585653777,NA,NA
899,1.12790481040267,1.18197458751007,0.0501546423297172,1.34819980637845,0.337479636818248,0.0350778694904875,0.0638530215641949,0.840209256132483,0.349194218952558,0.766713200238184,0.394913977161865,0.0924084391115466,0.713330667842529,0.688705367351882,0.893748843013193,0.686751872699029,2.00964774005787,NA,NA
900,-1.25174878055685,-1.25199648235378,0.0524482949447736,-0.985412209600732,0.283479464794036,0.38953719182394,0.202075516796089,0.220037822228041,0.938860044367146,0.416010248604696,0.0589869450599654,0.320762178725214,0.351964336008183,0.514580340562505,0.216617577272933,-1.54102175095373,-0.429802668247731,NA,NA
901,1.82631801448372,1.92318414638138,0.367236821691447,1.66527366187262,0.555860804417199,0.660024384732475,0.465477617014665,0.486634764351649,0.171144150976557,0.347205327303847,0.159382844828768,0.281750449328334,0.23159461068979,0.195960072830087,0.122952190931421,0.575806504797451,2.7547408189478,NA,NA
902,1.6551223302397,1.77770190870409,0.0502387705782112,1.89467519571016,0.663323202992739,0.717419215235976,0.0855768636285793,0.966751315862173,0.769705278598471,0.0496550069050863,0.595666199669009,0.871243827272556,0.898247079392546,0.937418932606233,0.431346362410812,0.59458560773464,3.19476478368568,NA,NA
903,3.44341549811329,3.43080240852478,0.0504372643110222,3.20346176644386,0.423598300717371,0.993038536676555,0.115839048178983,0.814208158666734,0.0703982727798866,0.345780346876825,0.698958085855003,0.455155225943541,0.49482656490407,0.466407820610912,0.452232472850825,2.37322435312544,4.03369917976227,NA,NA
904,1.18983573225929,-1.34779932142138,0.999908530004049,-0.995481186825512,1.19064519231828,0.0544710430835839,0.962405498466571,0.928957355031511,0.939905941649689,0.0238792851357721,0.529679036685964,0.25700684540777,0.561542155288975,0.0940471835461212,0.67213419189339,-3.32910288213511,1.33814050848408,NA,NA
905,0.107235942867073,0.119537048793671,0.295262412858283,0.808546756497468,0.349943821426872,0.0304313402133994,0.447225159677211,0.782361053688801,0.718648151525296,0.421922350892564,0.782775191210443,0.422551661647623,0.449937380013289,0.21939803922805,0.199322245194577,0.122669469888483,1.49442404310645,NA,NA
906,3.49586214121566,3.08122062411821,0.999335161596994,3.11279948425891,1.37170111753581,0.631905093017733,0.86319865902781,0.935906658690888,0.237868483364349,0.301296046882519,0.402007909527165,0.742374639427988,0.0435970352448057,0.772417260873481,0.949655804256443,0.424314696335385,5.80128427218244,NA,NA
907,2.20530169076816,1.91083100791374,0.999723831659948,1.36688028210827,1.14136217796074,0.369876447359566,0.907145795514341,0.638987411317648,0.044412871238892,0.320515253749443,0.0476341243096394,0.263184343458037,0.882811089275521,0.480363668202539,0.948618678009021,-0.870148480010972,3.60390904422751,NA,NA
908,-1.02431662498324,-1.93395065025261,0.798580736868037,-1.55334638269425,1.37661810341601,0.143082246761071,0.565639522054116,0.857854059612728,0.67098563300469,0.9997750356826,0.0726829362618737,0.871626644892385,0.614167974120472,0.625782370085362,0.458185706267715,-4.25146828585546,1.14477552046696,NA,NA
909,0.0724714056539334,0.219306588492777,0.058712696900351,0.401498756302071,0.730144732672392,0.823839396271738,0.265876648290432,0.955524241374806,0.184121032397496,0.730159249180811,0.0824371231506811,0.437347600408597,0.407282329274691,0.301673329521087,0.681766135336016,-1.02955862323744,1.83255613584158,NA,NA
910,3.54223874796071,3.62026528097749,0.0544238594502762,3.9922045238374,0.596844653005836,0.830128313251073,0.231760903981398,0.961949011473218,0.8119108551112,0.290963059664587,0.590852352258749,0.292423642293899,0.847625350313145,0.716907770247199,0.430889069554396,2.82241049958066,5.16199854809415,NA,NA
911,3.47336039379863,2.93972358429677,0.703059568611365,1.67894911962228,1.32370409105544,0.644803284312948,0.539406839856645,0.231531909481389,0.420883406621288,0.997578952601645,0.4673995492697,0.333794217146235,0.148148225874524,0.165861713309307,0.170657650749316,-0.915463225034712,4.27336146427927,NA,NA
912,0.803139724561462,0.723068281008927,0.0527922706527395,0.736326317265143,0.381364506449322,0.298744886157219,0.208666834727977,0.644490084506804,0.698684655820369,0.0145413239774061,0.995340574902249,0.428709549918538,0.00116163538536057,0.68773518839071,0.688075203187997,-0.0111343803574219,1.48378701488771,NA,NA
913,2.88050903168403,2.97005414346961,0.0783608265087428,2.50898356973244,0.605286771009099,0.997277557770139,0.325942752485513,0.951852008974412,0.632702193047502,0.344688787835767,0.0606226303681033,0.991003758427221,0.765558872390306,0.432386013165466,0.801094155886676,1.32264329823607,3.69532384122882,NA,NA
914,0.397482321711693,1.03431701771957,0.980303828212898,3.26158945659562,1.37170111753581,0.655465640297509,0.692754346923204,0.889840685984585,0.516664244657615,0.428682793641463,0.471682326405076,0.30695980466262,0.207216077130171,0.787542042051908,0.882821735872538,0.573104668672088,5.95007424451915,NA,NA
915,-2.12977563396788,-0.861280948628279,0.978512630956178,-0.695670351373762,1.37661810341601,0.311883064488298,0.68830593540764,0.823312615702278,0.936888868742622,0.84279799535824,0.444429836844327,0.631605570411775,0.920926269823569,0.237925094541512,0.52801130470843,-3.39379225453497,2.00245155178745,NA,NA
916,3.01757021882833,3.0286526780888,0.0502439365690892,2.56280935560235,0.686471691818706,0.942227511242265,0.0866473886739695,0.951424200430163,0.490646606876748,0.465993768243818,0.874428208078956,0.486503925369936,0.562820371026755,0.92589962781209,0.81429423395684,1.2173495632314,3.90826914797329,NA,NA
917,4.18238965984499,2.86097346432889,0.999647682247324,2.36171816536201,0.962188842369164,0.631406432777294,0.894965642956435,0.858335406661848,0.606485323666944,0.716643472714699,0.496305577527382,0.357693369637243,0.32484586842393,0.190704671710031,0.355277956876089,0.475862687992157,4.24757364273185,NA,NA
918,4.13907086756256,2.8390803355178,0.835499668549268,2.98399010494675,1.08165871606276,0.982021057477687,0.578170372531633,0.564018980340567,0.48954614300339,0.258553471850348,0.836885213813395,0.676068130668253,0.623295507751871,0.630633193273214,0.588646366337547,0.863977977899906,5.10400223199359,NA,NA
919,2.04348256845795,1.90099470243152,0.193152807790009,1.20335642876547,0.58086334465019,0.704407955512055,0.413538917411584,0.262715603803168,0.317217002090882,0.0487235287829535,0.818198547182023,0.730345052242279,0.0155316959690535,0.457898612417048,0.801576406788081,0.0648851933116261,2.34182766421932,NA,NA
920,1.46698363328676,1.41969856355887,0.0655878724779539,1.21341627409539,0.37813898880902,0.237005658317357,0.295328780786484,0.581895159086212,0.451034205737407,0.839048866321682,0.218462732209009,0.28656479009171,0.727057778299553,0.338152528146165,0.111359491778072,0.47227747487932,1.95455507331147,NA,NA
921,2.11763333393711,1.51736925235776,0.424867029437772,1.58873129506553,0.337479636818248,0.0534202603087761,0.478598505385453,0.820727683315403,0.8441946365271,0.343153143427917,0.186728464529035,0.949904982825741,0.49678073589562,0.704241397370352,0.487114670179901,0.927283361386112,2.25017922874496,NA,NA
922,-1.7560447855508,-0.0153729701524002,0.999951294664343,-0.54301850137374,1.1852235631601,0.370603029588703,0.99391887038236,0.359021364480956,0.0415175006460631,0.916089965381892,0.0832897006081184,0.78026558502554,0.0257869053689064,0.25304876295384,0.453943649189896,-2.86601399879577,1.77997699604829,NA,NA
923,4.00643177634639,4.04872429682644,0.185043504913559,3.78690806232763,0.94325824945369,0.750330064111855,0.410123112679459,0.243419877857785,0.197047234821832,0.954107402248541,0.769612590486999,0.747262652461533,0.529789849851048,0.0160553319064202,0.112978956156061,1.9381558652781,5.63566025937716,NA,NA
924,3.77755037645794,3.74052794776071,0.0503164198835568,3.65255911517153,0.633243267581937,0.676343604691443,0.0996592971242499,0.582710922381142,0.569511022535153,0.220146516885259,0.370713165538502,0.880043526522582,0.515970600369037,0.691243961222121,0.364104511466459,2.41142511725847,4.89369311308459,NA,NA
925,0.253509001501963,0.815244375828852,0.95260978154686,0.721574933004895,1.1852235631601,0.352698011578177,0.647343723937753,0.247924842404318,0.087059929470066,0.502556892516557,0.116942593842396,0.769145935549983,0.0748168475636048,0.762971078814589,0.890165504016099,-1.60142056441713,3.04457043042692,NA,NA
926,2.58247218229612,2.33352741276285,0.284463675742012,1.46994362492134,0.598220473141618,0.222449384022155,0.444213415481849,0.114742004293948,0.0554025408421876,0.111872544150567,0.640797430017032,0.705488888613763,0.097823224209249,0.604058082129341,0.906157373379101,0.297453042749255,2.64243420709342,NA,NA
927,2.44217456133081,2.48389968048993,0.220140293014356,1.58149911032545,0.667533770266712,0.4963374577621,0.423875465453719,0.00674387945211492,0.74960155025241,0.98239929743344,0.567229194750194,0.104666671669693,0.973838983159279,0.256335757604684,0.826764080590219,0.273156962138464,2.88984125851244,NA,NA
928,1.25564064149368,0.370676097509075,0.999736720279438,1.28390275700173,1.32370409105544,0.618853250006912,0.909536152267829,0.248425518269418,0.421960272307391,0.945475106612197,0.70528270393319,0.174914655512781,0.72011162166961,0.280596025346429,0.976758368242532,-1.31050958765526,3.87831510165872,NA,NA
929,0.483671245185008,0.538275486702997,0.0504897937704883,1.24987794454676,0.190188486689646,0.289201318269363,0.121514143386157,0.172980765800923,0.400882911725086,0.360337130768341,0.85411405978736,0.27861505201878,0.949405356708681,0.537817106677336,0.509490069196676,0.877115360360878,1.62264052873264,NA,NA
930,4.09278603743195,4.06245122798018,0.0717727055197512,4.20266430431257,0.516340796387515,0.9149349361473,0.312369025638327,0.303015016062651,0.795879178152536,0.0629075908141676,0.166073902954347,0.338736679422203,0.540500343395281,0.717770929166349,0.0779442806578008,3.19065493964431,5.21467366898083,NA,NA
931,-0.320004010138396,-0.436254841747904,0.154650582091427,-0.00558484148540761,0.0941395099712381,0.883112974414253,0.395543847847148,0.584811665648362,0.982067573980195,0.595271078774123,0.597390730448882,0.865840029780637,0.616322254971601,0.154134571226197,0.640328696883167,-0.190094890551283,0.178925207580468,NA,NA
932,2.13387601541614,2.34333665944783,0.329442018820435,2.36649976828114,0.611064789337178,0.0632474820772186,0.456234232573537,0.105339848761214,0.150895935933106,0.793868836320122,0.829917433627998,0.362689278442413,0.391651396916946,0.794486628580722,0.116150082053849,1.16883478895972,3.56416474760257,NA,NA
933,4.24454546823991,4.00429162429972,0.726719880644502,4.18734653823234,0.642527311657332,0.799939622212318,0.545338003713521,0.505141588774277,0.00832066478324123,0.716274873532588,0.715010903197806,0.788402397111873,0.0619248733714921,0.45221661092178,0.098571557752206,2.92801614830063,5.44667692816405,NA,NA
934,-1.75241763804075,0.164428539294235,0.983107903480129,1.05627463611893,0.962188842369164,0.644036302953493,0.700583749767044,0.727711147024762,0.455780955411028,0.767078116092947,0.880400047555915,0.754163951818133,0.53906258831278,0.390615780711756,0.771195278559579,-0.829580841250915,2.94213011348878,NA,NA
935,4.89424517764114,3.8510391032375,0.994610914563093,2.74727097400162,1.08165871606276,0.822959990397794,0.758319870965905,0.331883471512236,0.624536467771279,0.358652674285113,0.358196606395533,0.423140073527815,0.218361710954807,0.629397205507383,0.260741889142664,0.627258846954779,4.86728310104846,NA,NA
936,-0.921551164479989,-0.944545062410497,0.952990001507891,-1.34411041632123,1.14136217796074,0.073430784142809,0.647767558393418,0.527932034841739,0.423026372658904,0.259376257888973,0.61325219504477,0.445636409532279,0.0334943032129668,0.253795164127252,0.0293000858093146,-3.58113917844047,0.892918345798016,NA,NA
937,1.7603327636452,1.85466090443015,0.240684990931979,1.51197614713418,0.0889549971923804,0.268319723962108,0.430910304068821,0.0691177011890104,0.156246236991487,0.210583553828881,0.00501237360038795,0.506739755527931,0.075738578483928,0.00120206617133226,0.537625534760067,1.33762755639226,1.68632473787611,NA,NA
938,0.82070940775091,0.799244788643997,0.0500472528973029,0.368480065891998,0.085000650341598,0.34813168514974,0.00456732240959536,0.693025567350211,0.350759787553572,0.16979446866503,0.971795257823658,0.77116748069087,0.418132723675459,0.258045731776394,0.281147543098545,0.201881852559984,0.535078279224013,NA,NA
939,2.07155094596375,1.65116526876774,0.999943255812549,2.35785597146118,1.14136217796074,0.360341082511819,0.986280215186533,0.42065409340011,0.720117796880426,0.962589479471208,0.941433591805748,0.422457315849722,0.479034161775722,0.0951351893467363,0.185528817224549,0.120827209341937,4.59488473358042,NA,NA
940,1.37275086660971,1.12903955935882,0.975736837211539,0.073793586784745,1.14136217796074,0.190805355692282,0.682081536782789,0.647693081574747,0.800025817655609,0.791861686791875,0.0236537408949807,0.0961766670193756,0.951250173858716,0.54795773081691,0.726882501931512,-2.1632351753345,2.31082234890399,NA,NA
941,2.62813569875569,2.84751718297123,0.993115278892004,2.6199814722305,1.37170111753581,0.868594992450904,0.745994194898056,0.925559794397908,0.657464008329436,0.254995054877014,0.531887903465307,0.304264698978746,0.964902980084298,0.373411393795395,0.171352536782739,-0.0685033156930261,5.30846626015403,NA,NA
942,1.19165176945786,0.787729941368166,0.999954834226444,1.17035751932612,1.09893285163646,0.80410911511234,0.997691507087206,0.624461289555999,0.858838675797102,0.605270019467804,0.434391782721505,0.478872790695517,0.785623335672775,0.0784564336561598,0.873290569765959,-0.983511291309235,3.32422632996148,NA,NA
943,0.395333232613726,0.453433328567215,0.0503987347044922,0.906770248185913,0.359182150336677,0.779989201814635,0.111224941999768,0.351544854100561,0.430500460025854,0.456696691594669,0.847856997927534,0.00887076248333324,0.558554634187021,0.216602314776857,0.125674353100476,0.202786169636374,1.61075432673545,NA,NA
944,0.141233992504268,0.133167639519212,0.050068165224294,0.757214272590299,0.94325824945369,0.726052612383966,0.0228894509477541,0.0998875739951618,0.141390111865476,0.526390803602873,0.935983410217683,0.310832111721858,0.892619632387767,0.39601865908294,0.738962064075633,-1.09153792445923,2.60596646963983,NA,NA
945,2.62516806889482,2.53898618189726,0.0601880479686591,2.56594397775145,0.602789133062192,0.953291268941597,0.27377677306172,0.650107485402725,0.20178532186721,0.936071085500182,0.254108011250733,0.721590031732107,0.705637770576635,0.59892995005555,0.788299240189255,1.38449898667744,3.74738896882547,NA,NA
946,2.28633061074685,2.21462740844297,0.0504976088763421,2.1192670946139,0.323132902568914,0.3413352577599,0.122306052602245,0.465919725418324,0.00106236361549236,0.0914928195020184,0.00236201858695131,0.761730720958207,0.235970330481534,0.220731564630289,0.313462325004046,1.48593824335894,2.75259594586886,NA,NA
947,2.45654180382898,1.32359278974473,0.625133049789324,1.11833270999774,0.349943821426872,0.238736392582185,0.521401512069628,0.838220347511116,0.244210902514751,0.698457020015689,0.339818925491185,0.101269995142356,0.732832659967593,0.187429177761544,0.159520372756058,0.432455423388752,1.80420999660672,NA,NA
948,1.55303897328434,1.52216847869941,0.944759908883915,-0.164867066185614,1.37661810341601,0.302377197472146,0.639243322302937,0.863065602061106,0.42475078485359,0.763803167138016,0.908110623324523,0.0230597739878576,0.169646348023438,0.0712939111705637,0.258779667081661,-2.86298896934682,2.5332548369756,NA,NA
949,0.922180454764942,1.53047751188612,0.999660973532717,0.750195215103241,1.08165871606276,0.527876285419683,0.896889107550262,0.331012612171588,0.451519594250014,0.178395141143701,0.600179108431446,0.170240624198806,0.431036990957684,0.461760841746465,0.0339301170507679,-1.3698169119436,2.87020734215008,NA,NA
950,-1.2745581856912,-1.28938431457082,0.0588519395368505,-0.434615223729463,0.190188486689646,0.459326369051007,0.266676806038129,0.560755769866286,0.405200911177206,0.426222969194641,0.870021697478136,0.663065106771886,0.419749529658468,0.915820769793121,0.693251494927448,-0.807377807915345,-0.0618526395435807,NA,NA
951,3.54182195933092,3.49534643362653,0.05007913174339,3.44595010078696,0.87821876967293,0.840308974089799,0.030349006890785,0.996861977484194,0.652398093692609,0.541696530134766,0.0264184932186035,0.97483177902014,0.857037426864495,0.450313216527691,0.629365571145783,1.72467294168094,5.16722725989298,NA,NA
952,2.24694199563675,2.28326557403066,0.0516332468858185,1.58810627576804,0.648306843083752,0.598123078403529,0.181791434509214,0.57230742769991,0.646884504567599,0.0556265041028382,0.51993904328323,0.868681392968632,0.389935834521544,0.449351083065965,0.40499184938625,0.31744821239303,2.85876433914306,NA,NA
953,-0.0102571959961141,0.0134556259557767,0.0502040199016105,-0.193369222092596,0.370193456770757,0.126679927591234,0.0777107531639049,0.334992659116513,0.329838558102376,0.788794722775463,0.551136358212214,0.417646900199121,0.356069335276843,0.210740172213758,0.293922479331377,-0.918935064675665,0.532196620490472,NA,NA
954,-1.11387552465676,-1.16415631842813,0.0607510001173515,-1.00903641055897,0.37748013559708,0.250828386584879,0.276495908238459,0.369827778831474,0.434949504000135,0.0603146152701229,0.279774123835959,0.604997401682427,0.433057631103904,0.213802798330318,0.0846468362034066,-1.74888388120854,-0.269188939909395,NA,NA
955,0.433755700070417,0.610905380671469,0.972592983504157,-0.250858740645159,1.37661810341601,0.192530897908029,0.67581945544295,0.996340522251441,0.0458678859968204,0.895094725265983,0.476484499522834,0.188065141446074,0.545369849583832,0.278787899230374,0.427418275466072,-2.94898064380637,2.44726316251605,NA,NA
956,4.20271691644101,4.22024317576528,0.0512780297866265,3.74556126977792,0.652570728927129,0.578970042830799,0.169510193927097,0.742030334705254,0.0505957106200512,0.294126024788595,0.132365695177345,0.350027747551678,0.542738646059996,0.57900726852857,0.555705601523281,2.4665461437157,5.02457639584014,NA,NA
957,1.47750967946836,1.50325299635707,0.0847844535866405,1.21335152459117,0.343341185568482,0.0629560214962112,0.336500547178206,0.0405054494459182,0.982522845613188,0.70429943813628,0.803716143732076,0.158455535990885,0.64419128094893,0.441717724211165,0.0814878332975786,0.540415166467666,1.88628788271468,NA,NA
958,-0.48229357842464,0.418330882049014,0.997304515424741,-0.188325394591619,1.1852235631601,0.243068678686745,0.793102130300365,0.275970508864033,0.472084920600872,0.611142095822142,0.867590524903848,0.177702636137721,0.349356098155375,0.0735057216363493,0.274070255870232,-2.51132089201364,2.13467010283041,NA,NA
959,0.556964636427133,0.482659123637222,0.0926878085618817,0.272854226609838,0.451057402557495,0.584044238971779,0.347171338627813,0.609380116422893,0.167514956761734,0.530346757082734,0.63457843915117,0.260640287615824,0.673848164739902,0.0270632467925316,0.132704462704947,-0.611202037363037,1.15691049058271,NA,NA
960,0.891047312998007,1.72162248804606,0.92329289218519,2.53740039714169,1.08165871606276,0.846984765499248,0.621613831297029,0.387690162788727,0.797714096619864,0.215273279407527,0.895470214507892,0.808686292533181,0.907600178261637,0.454275686615147,0.217847833155305,0.417388270094846,4.65741252418853,NA,NA
961,-0.112122481302331,-0.127252951905131,0.389118112048698,0.532691729563646,0.663806546195671,0.989853016810026,0.470572241437272,0.135185429460718,0.696414612891735,0.354523291711928,0.938831798841478,0.740877788978047,0.105201446140651,0.6642280333495,0.317222885218682,-0.768345193681793,1.83372865280908,NA,NA
962,3.70383452416985,3.51508602076686,0.997393889772416,1.9059583758548,1.09893285163646,0.776899179919274,0.794792808278813,0.588606986067491,0.63316830160073,0.115213817790966,0.00405475837597623,0.778319702433539,0.416601251169341,0.244689771716949,0.0157810322378064,-0.247910434780551,4.05982718649016,NA,NA
963,0.177357261912982,0.249005853171608,0.730404112140955,0.334481773600495,0.662957268495317,0.514947729410138,0.546288138902048,0.75673201193416,0.357116414985387,0.300066705604899,0.071687529387651,0.0156507933513494,0.610705919744214,0.718322028309572,0.853907507143798,-0.964890595939376,1.63385414314037,NA,NA
964,1.40729473783472,2.55449461866977,0.999917822528662,2.39197449056014,1.10072686126702,0.686712488135206,0.967762478202814,0.826300246396568,0.632207861502306,0.935336632621591,0.902289991465397,0.581674978395808,0.0651249209757662,0.325609705854906,0.350576550884871,0.234589485660952,4.54935949545932,NA,NA
965,4.27811083473819,3.45451265909099,0.998310992283464,2.80081098038629,1.08165871606276,0.995770539846737,0.816527064643684,0.384716758879134,0.87641017305071,0.231940795565723,0.592884498112486,0.812581067669787,0.518407849422307,0.377716355711571,0.153564402056509,0.680798853339446,4.92082310743313,NA,NA
966,2.38161497609549,2.46715246054093,0.550117152867586,1.77136739306132,0.597530774647718,0.497341460887692,0.505292758377385,0.105960798731074,0.965312425987795,0.887661410787609,0.395641360900714,0.116303460960975,0.581968110760092,0.45904656141391,0.446663918829523,0.600228595097477,2.94250619102517,NA,NA
967,1.79632703265412,1.76773791799999,0.0615449526616999,1.6221421309611,0.545107208086483,0.790127328789909,0.280100669300184,0.459836330358055,0.353478352893493,0.744300407614442,0.856714631194947,0.641179187966278,0.559221107989899,0.260607953418163,0.0468398400699953,0.553751635398411,2.69053262652379,NA,NA
968,-1.54916570103554,-1.38144077566519,0.177865985428609,-1.59456535557615,0.370193456770757,0.107152190379798,0.406953965503955,0.0476814459931338,0.345631899448461,0.387834202939644,0.424395051580039,0.335961767847301,0.369254518468049,0.476820294530713,0.701441320416168,-2.32013119815922,-0.868999512993078,NA,NA
969,-0.246884020879473,-0.330050285165802,0.050382140418889,-0.1221454206314,0.370193456770757,0.443282347130473,0.109098660009913,0.563953016437124,0.209962114157388,0.315602221432375,0.329089471632731,0.968553075683187,0.0872356656832853,0.909760145543609,0.932241314248997,-0.847711263214468,0.603420421951669,NA,NA
970,4.48699006526353,3.48662103255047,0.962902049857516,3.20135437874543,1.08165871606276,0.741253899844363,0.660153343757032,0.501610085500637,0.56036791834631,0.0793004754903959,0.984498857552768,0.193370375493891,0.975462370762019,0.569062674299348,0.794679223966785,1.08134225169859,5.32136650579227,NA,NA
971,-1.46193530434181,-1.46936111756869,0.0540456883555607,-1.46502602809296,0.616988108175354,0.14033630333317,0.227272871946683,0.92210457475076,0.0844339382972103,0.662324158927659,0.0711609268615721,0.719358943073545,0.104641583087738,0.757005574831041,0.0608945298217004,-2.67430049900615,-0.255751557179762,NA,NA
972,-0.0891006929977596,-0.144673574690714,0.0501299974363446,0.406256643462576,0.659119674727667,0.763546503890539,0.0551717157514067,0.385890742268879,0.347614598992164,0.84939042871166,0.107641510434682,0.865493323577452,0.971939280276769,0.2373190722086,0.954695237010135,-0.885594180505407,1.69810746743056,NA,NA
973,2.92746699247609,2.8326178136629,0.158328594926496,2.46889552173859,0.653156238360873,0.278654123175307,0.39748897353746,0.015664494557539,0.023524551701732,0.452282880593208,0.961532230981858,0.146646782088443,0.0342213994541671,0.129590993480058,0.234160064865835,1.18873281827362,3.74905822520356,NA,NA
974,1.52051670727819,1.52720057040525,0.0840790409503733,1.29802153497755,0.594060747786864,0.415758238265058,0.335437624436687,0.137954091546126,0.200225211211946,0.950020776594989,0.840037561387639,0.335185673421249,0.319042506931699,0.583317700599902,0.34974449950119,0.133683864686366,2.46235920526874,NA,NA
975,2.98579624574786,3.2004244996876,0.999789476784964,3.21839743244315,1.32370409105544,0.746920072510373,0.920719985169359,0.179928419235162,0.903867049587891,0.976419483624981,0.906994987842976,0.761249380891095,0.397832191127702,0.224380249939044,0.147222792899003,0.623985087786158,5.81280977710014,NA,NA
976,1.03278439401225,0.377798385995917,0.998754979329994,-0.737124154827458,1.19064519231828,0.0612451285868883,0.831799922240432,0.717309975661803,0.772075362889562,0.141484355367837,0.32114196508436,0.360361108646612,0.798987058087951,0.774710064904415,0.439204941186472,-3.07074585013705,1.59649754048214,NA,NA
977,1.54863698063687,1.34377850040424,0.631129828571117,0.824554685222992,0.372120256478824,0.0163177401053254,0.522726472289884,0.965576262976509,0.453030451377621,0.157747920246213,0.0381292464958969,0.443439603231614,0.399270867507672,0.137069560922449,0.0268029136887053,0.095212384606689,1.5538969858393,NA,NA
978,3.0984591242669,1.87002281279079,0.998594441229154,1.71883316872017,1.1852235631601,0.440742408945807,0.825727321402985,0.380889701391687,0.0691087139834417,0.68176785491535,0.388416583053069,0.465562146790326,0.710844999132794,0.334386489238008,0.842051423898083,-0.60416232870186,4.04182866614219,NA,NA
979,1.61279793829591,1.07966954791248,0.96867798474144,0.640977263365919,1.37166271670743,0.671357279373915,0.668930722515215,0.363346833352814,0.0240448224897264,0.378967175036203,0.100856608858798,0.786745084105525,0.633669526263606,0.103319571564673,0.425539648203412,-2.047432260317,3.32938678704884,NA,NA
980,2.6671844318737,0.929537749261355,0.973446389339186,0.875003608887721,1.1852235631601,0.160553426612751,0.677447350657312,0.0657750764865195,0.219695495850756,0.692217458491097,0.239212106987368,0.954828233073931,0.981206448167446,0.390472571010352,0.478949560019188,-1.4479918885343,3.19799910630975,NA,NA
981,2.3581846558311,1.11983628649096,0.9703061568691,2.50908295759392,1.31462371948015,0.49899649069272,0.671688333578059,0.151416256075143,0.658828576004715,0.410712262466433,0.626982757851947,0.0580941154528409,0.853542488623876,0.980073512391304,0.127723534929566,-0.0675321858092635,5.0856981009971,NA,NA
982,-1.23537191208695,-1.29879158594913,0.243156752298475,-0.724339050094295,0.337479636818248,0.385869803741924,0.431717294287286,0.728136463808943,0.554735936356592,0.486972365695983,0.486564019782469,0.0345360198051203,0.22149190821941,0.884942328931065,0.560032637480064,-1.38578698377372,-0.0628911164148722,NA,NA
983,2.84333504211255,3.55556768950438,0.546340669737785,3.61852873086562,0.568826281254406,0.665857685119146,0.504495799130644,0.729633326203329,0.911781156690093,0.845509633418755,0.373090154393576,0.758862557259738,0.299482866049395,0.0363607594497735,0.977135196855525,2.50364970614713,4.7334077555841,NA,NA
984,-0.915467408415173,0.971286468949622,0.943885913988555,0.642579056095104,1.1852235631601,0.134562893273076,0.63840956427413,0.375864263247116,0.533503152380232,0.586253325117053,0.572580036366009,0.519163922800566,0.9714451895901,0.369578694341355,0.257659093299066,-1.68041644132692,2.96557455351713,NA,NA
985,0.377264638963169,0.442894269137935,0.0507822684618219,1.03732398662444,0.496097732848151,0.60123785182985,0.144940224965801,0.618378002093989,0.131812321663834,0.43220674358285,0.755489308275166,0.911454025380895,0.447319983010762,0.0076137846900383,0.981276597389253,0.0649902974300941,2.00965767581879,NA,NA
986,2.03910008679489,2.0231203018197,0.0510371210493382,1.69209114677005,0.337479636818248,0.2250159795566,0.1590539485435,0.778432869682438,0.883119306573411,0.662908038104186,0.273706176674226,0.204188222032739,0.872292254419182,0.498210088106571,0.416167735418305,1.03064321309062,2.35353908044947,NA,NA
987,-1.56846365579577,-1.42191537493976,0.976047486430909,-1.95733163493751,1.14136217796074,0.220797906324966,0.682742612276576,0.469509910413413,0.656094487205031,0.64371679488325,0.704334134213976,0.979796038202476,0.369571896627429,0.263876993298647,0.557357018253067,-4.19436039705675,0.279697127181732,NA,NA
988,1.02311663633452,0.556661450221667,0.995971266702591,0.396073596326227,1.37166271670743,0.768987082150532,0.772938009341829,0.621100576644531,0.290332484855084,0.186400667054928,0.695700367196696,0.246202651838772,0.329064538693056,0.263173849627259,0.542247851411696,-2.29233592735669,3.08448312000915,NA,NA
989,2.97177768685339,2.56351897050132,0.636876291493859,2.23673823130422,0.349943821426872,0.0060185664917808,0.524003523979918,0.828281530542416,0.284200608424377,0.299570185451885,0.00856291297869757,0.794073419380118,0.208364085194189,0.175941974507412,0.355952167779906,1.55086094469523,2.9226155179132,NA,NA
990,0.281171063316302,-0.217535328589134,0.375339195742696,-0.401973572698594,0.579658869448206,0.681138751262333,0.467382976402878,0.094674313693773,0.628946370991645,0.464247553953319,0.781001831169706,0.884887507128529,0.922945982919307,0.751479801996844,0.160677939867368,-1.53808408013628,0.734136934739094,NA,NA
991,3.59321609049581,2.90146862330511,0.995293452020638,3.64507782402464,0.962188842369164,0.80610037312971,0.765127034214907,0.279850214272155,0.748076187945553,0.67535894654505,0.833698886193451,0.163593478396884,0.370038413286675,0.875450082404423,0.00931297441711649,1.75922234665479,5.53093330139449,NA,NA
992,0.321868361955036,0.0249114496057095,0.936614667055834,-1.06859293016756,1.1852235631601,0.0315881639810977,0.631908898605267,0.297920735394233,0.990055006436072,0.0954356749763247,0.0216092718433356,0.451939176455257,0.785486507773167,0.988776691067149,0.347116005823715,-3.39158842758959,1.25440256725447,NA,NA
993,1.18338400651199,-0.340995536528146,0.99912214270312,0.232760674148016,1.1852235631601,0.234199225463439,0.849290436382988,0.3734129719513,0.12068796418421,0.48019663071353,0.722508313409868,0.996971014345996,0.185068207134609,0.714551176094334,0.706503668911522,-2.09023482327401,2.55575617157004,NA,NA
994,-0.135037823853849,-1.14303177653135,0.999323976645023,-0.418355359294722,1.1852235631601,0.156496441597003,0.862363889125292,0.182080630003591,0.675114728803863,0.1230522925806,0.337048027538112,0.633062551663956,0.152646759179654,0.649149728177581,0.590360651144641,-2.74135085671675,1.9046401381273,NA,NA
995,-0.913158912833188,-0.76407863655779,0.0865153182918223,-1.17281012016973,0.372120256478824,0.371211837245501,0.339023262244533,0.957201917568455,0.153309166251449,0.478196574463975,0.565817718653358,0.66983351958124,0.358550179039128,0.166791297368356,0.0943064781550784,-1.90215242078603,-0.443467819553424,NA,NA
996,0.757846522478765,0.910805288676687,0.999680065956826,0.839503334291499,0.962188842369164,0.711164809135953,0.899788278735592,0.797788326470531,0.62187640907208,0.71265621992317,0.119248459606548,0.0134997293290216,0.247194765061024,0.728817380623193,0.39849108843063,-1.04635214307835,2.72535881166135,NA,NA
997,3.97030754439712,3.95960615567474,0.0508177546223632,4.04738388161389,0.689788670007408,0.853416042446625,0.147160311019979,0.117274482648354,0.512464666653424,0.698967333714012,0.338393961654394,0.572651330748689,0.172757551725721,0.890675556845614,0.757817552824388,2.69542293145558,5.39934483177219,NA,NA
998,0.478201530022977,0.430199275115228,0.0516165119157673,0.714234981509467,0.0955473984261224,0.951756681192783,0.181275587287033,0.611137982315267,0.877225580499042,0.630656117245438,0.38227298506978,0.765369110173779,0.788674962061225,0.366719525978551,0.750087311907206,0.526965521777768,0.901504441241165,NA,NA
999,2.17145955124214,2.18448289293241,0.0501875256165979,2.44028176237372,0.0847880881595297,0.317209930792335,0.0734947804614203,0.676966082451516,0.235094171722769,0.0407604601612547,0.0563428102845792,0.999340409817407,0.408046424925211,0.781863558160258,0.881462559980573,2.27410016326304,2.60646336148441,NA,NA
1000,0.0574443341502794,-0.554172377737472,0.999766280675958,0.116148135492214,1.1852235631601,0.470351298910799,0.915492514372803,0.340282778583933,0.232803057955345,0.426527588518802,0.227238046999788,0.121490502539906,0.81251895481383,0.440897020041593,0.331890845786198,-2.20684736192981,2.43914363291424,NA,NA
1001,0.795475563753327,0.844265506385884,0.223959861131342,0.694220061331414,0.370193456770757,0.467579749594093,0.425231017262908,0.419121127716382,0.203100095861824,0.128072493289365,0.148032478557783,0.53013040845166,0.127673386277282,0.0938499851528322,0.332619144078111,-0.031345781251655,1.41978590391448,NA,NA
1002,2.96755102069041,2.93167639957111,0.050634888991522,2.42169073049326,0.371546284624113,0.566396501037176,0.134495071557467,0.81945003028214,0.874934068741859,0.875396662275889,0.729082649702905,0.0712894755220041,0.142846682123956,0.241218845797703,0.00772659423120785,1.69347339404033,3.14990806694619,NA,NA
1003,3.65255618481168,3.63372064561555,0.0723640664778154,3.45349839442211,0.651749504270788,0.54293209096347,0.313740807645023,0.180054947905126,0.968783620161121,0.30599399439001,0.229338386812364,0.476916885614861,0.345367380628828,0.0496206888675224,0.137732814384275,2.17609283910953,4.73090394973469,NA,NA
1004,1.31051265583476,1.35314183492981,0.05009185784635,1.16703332763324,0.614992913963126,0.832976154084201,0.0378060833637137,0.163613470084383,0.620776035133284,0.438895641013281,0.177822930287919,0.0792247719638981,0.630945201814524,0.465521091402275,0.407431888005347,-0.0383306344818266,2.37239728974831,NA,NA
1005,-0.804160345462601,-1.47547529414391,0.999799174462936,-0.934981392641792,1.31462371948015,0.111093026129412,0.923078464479186,0.303954442877555,0.724345945948386,0.00923494887677953,0.505515138973598,0.417339775929926,0.850187464398565,0.066071044900571,0.155872147260117,-3.51159653604498,1.64163375076139,NA,NA
1006,0.176395197311475,-0.741968606659127,0.982224350288167,-1.28446047594203,1.1852235631601,0.0807679346996592,0.697987198894378,0.0485022344572935,0.447306468700524,0.454164720753441,0.443894787869183,0.481782419098308,0.842246079922188,0.0996920645643258,0.275424259886611,-3.60745597336406,1.03853502147999,NA,NA
1007,-1.40445318773483,-1.49458272619039,0.0513267926082915,-1.12471935333911,0.31098147948321,0.0385821965794312,0.171385003619362,0.725613315455848,0.690424428638653,0.31180968297401,0.838316134877154,0.339526974419714,0.762646013594349,0.849935419715359,0.645483851936529,-1.73423185298518,-0.515206853693032,NA,NA
1008,1.00116986505651,1.71140073005149,0.928309845583443,1.29298658896158,1.14136217796074,0.30419269038504,0.625282300443389,0.504981758060167,0.0545939269691007,0.742592869565822,0.37600300215988,0.97810856479127,0.082458633143804,0.410382983811665,0.639351836626069,-0.944042173157661,3.53001535108082,NA,NA
1009,1.90988188961985,2.14518048803987,0.999592504503143,2.07524508397755,1.37166271670743,0.896951428494765,0.88768791734823,0.52118381610699,0.148882755887462,0.0362611374426633,0.190540192233864,0.742996238884633,0.984359253485803,0.203917230152758,0.679783416535938,-0.61316443970537,4.76365460766047,NA,NA
1010,-1.62153468541263,-1.68046424963424,0.0500826326842667,-1.73940854896974,0.381364506449322,0.202584119641106,0.0325137508771149,0.195866500855889,0.709717116354266,0.0350791060063057,0.83733329546731,0.305026334393653,0.607927265263512,0.586432128171437,0.658233233920415,-2.48686924659231,-0.991947851347179,NA,NA
1011,-0.491805203268991,1.2953123640834,0.997048105924906,1.65715305180971,1.19064519231828,0.282017177870031,0.78854514332267,0.849675999528961,0.778576892913552,0.447516526854597,0.379169969528448,0.407111782077467,0.527194835228845,0.994595361547079,0.632310373249464,-0.676468643499887,3.9907747471193,NA,NA
1012,-0.852225019780429,-1.19172129202782,0.810689142589226,-1.41234964079787,1.19064519231828,0.150908549177693,0.569541718841647,0.969028916980838,0.997007547038142,0.494447822061135,0.301095554834814,0.228942401462467,0.782626563411322,0.862148704184219,0.743623437249917,-3.74597133610746,0.921272054511725,NA,NA
1013,3.01743927142993,2.22981461934155,0.993820035276925,3.76870607324798,0.962188842369164,0.882536701368168,0.751431147208088,0.314266425410635,0.760264309499529,0.654762825373909,0.31715396787494,0.602969793081516,0.37296022501355,0.773549183826311,0.990218200304662,1.88285059587814,5.65456155061783,NA,NA
1014,-0.624460081904099,1.22813456309074,0.990168234301012,1.11082639505242,1.37661810341601,0.0849756861644564,0.7280220145192,0.704850162974326,0.307718629589886,0.851888564461959,0.804919140424579,0.857811758693308,0.926743515601032,0.452845943531487,0.312744357176824,-1.58729550810879,3.80894829821363,NA,NA
1015,1.77748881738786,1.71822179191838,0.0501055272881317,1.47476452275503,0.343341185568482,0.377153613618459,0.0447431699348381,0.476568631240516,0.889177863366902,0.891063031447702,0.761996024662047,0.266653928599088,0.961855886142352,0.529841121717822,0.289707978999824,0.801828164631518,2.14770088087853,NA,NA
1016,0.996546565557403,-0.250392238042016,0.99930481253097,-1.09122506176946,1.14136217796074,0.345953585914103,0.860965183530585,0.658684593002661,0.544594813122298,0.736348781058914,0.0404358108950546,0.953857933767024,0.187824373991694,0.578559903338202,0.375233916398487,-3.3282538238887,1.14580370034978,NA,NA
1017,2.00987570926158,2.45864248974324,0.914259637545881,2.4554716631974,1.09893285163646,0.825526054407586,0.615527477077791,0.690192351420177,0.497254058066057,0.500859418294975,0.920755490308045,0.783573474835022,0.0407590804263018,0.81597094406723,0.759322681826306,0.30160285256204,4.60934047383275,NA,NA
1018,1.27461344157953,1.19663698673062,0.0500881159060756,1.50123057774625,0.53545507276263,0.689275918073836,0.0357264278325019,0.0395041357571026,0.562854748179321,0.38281524703023,0.499802193662501,0.629927102347137,0.879345704132225,0.650814353111782,0.973470389948343,0.451757919792227,2.55070323570028,NA,NA
1019,0.551786761331998,0.497054756058328,0.998910725530665,0.812042772631071,0.688871405917464,0.163856504278723,0.838490143594216,0.69387411614263,0.88626475613215,0.179912997580017,0.67503602035041,0.175520229975926,0.786719173087971,0.623706074751914,0.723482639916823,-0.53812037294663,2.16220591820877,NA,NA
1020,2.96851379577852,2.58573275035152,0.525408880292903,3.35004062257417,0.802286733546612,0.90311482682114,0.500086080082925,0.999627282376867,0.8915991449625,0.295774171849713,0.413508324677241,0.242261369929533,0.593325974496547,0.149404723464977,0.184873090022127,1.77758751954853,4.92249372559981,NA,NA
1021,-0.886740192853271,-0.913841998864726,0.299861380074372,-0.561006203462113,0.636767604048946,0.284511218992295,0.448481397023774,0.59542284839449,0.114463579961914,0.925010671000346,0.752980031912215,0.972836153427954,0.0608224809459643,0.83797461375338,0.870458203900489,-1.80904777391991,0.687035366995682,NA,NA
1022,-0.761857944936708,-0.87945234147933,0.050906071575887,-0.805102755908272,0.237922359921648,0.269721701715258,0.152292762805009,0.689727064873674,0.828780899299192,0.343690634540166,0.495125052552321,0.330934918677085,0.573429662329261,0.117366438243305,0.732339525232674,-1.27142201247148,-0.338783499345067,NA,NA
1023,0.773348041173495,-1.0963558013121,0.965752659930983,-0.795897632537578,1.19064519231828,0.104193517458858,0.664306870341417,0.730569689079653,0.667849100275547,0.279372526783263,0.375686141401529,0.923930961918552,0.662433027303428,0.330711367500713,0.175150693495176,-3.12951932784717,1.53772406277202,NA,NA
1024,2.57749784193274,2.75399994368254,0.20062338478379,2.91585318217218,0.594601100481563,0.741920172416838,0.416547519391519,0.0839075566838728,0.816848440349684,0.471611067152699,0.925232743932866,0.658733497370151,0.974566165937576,0.24887190790684,0.832340388529468,1.75045644006043,4.08124992428392,NA,NA
1025,0.427572807918244,0.477425193649358,0.0501031746484559,0.942581572329386,0.696181475123815,0.196986985954456,0.0436157257793238,0.813522754974081,0.0976419881635811,0.23852946031699,0.95303812558495,0.209538270978257,0.997911371453549,0.709230792183196,0.498494239030406,-0.421909045617258,2.30707219027603,NA,NA
1026,2.99070595018501,2.98790414276262,0.0514343675458072,3.00042944298253,0.525140580411445,0.991207497048192,0.175288651719922,0.637895835144445,0.119674277045066,0.154452945007128,0.993100011871778,0.657155020708917,0.0301563069300028,0.354536579803331,0.583528711794061,1.97117281855564,4.02968606740943,NA,NA
1027,1.13319888785969,1.07873378072453,0.0646149044449393,1.36606564667458,0.54953800537042,0.93126446668501,0.292054177449667,0.806497000203701,0.528210340457037,0.0887485641734675,0.749203959721024,0.446103630915866,0.829796567322919,0.382598171468591,0.95071118545637,0.288990948012575,2.44314034533658,NA,NA
1028,1.85072952214569,1.84881268548584,0.0576295567308998,1.87888149101611,0.70019456365379,0.930750944428146,0.259181564945029,0.714653955466696,0.163310276850592,0.279687636792194,0.289249969711411,0.821012666398543,0.780798494521179,0.41181038600835,0.885019564853516,0.506525364083949,3.25123761794828,NA,NA
1029,2.75040889419151,2.9803340585298,0.968949305732164,1.85020759545074,1.08165871606276,0.821054256238858,0.669380489530391,0.553042244160199,0.701449677735567,0.582986906465027,0.875538410415407,0.383616470308043,0.540437478683307,0.778380721039604,0.475985296091065,-0.269804531596102,3.97021972249758,NA,NA
1030,3.19026963153036,3.21059025114436,0.0878610340560598,3.0366441392113,0.597516161202878,0.932668196435901,0.340906505231513,0.831424751554732,0.822233920946484,0.0923813373814337,0.653900112237316,0.036294920451357,0.88019024785771,0.186745024364442,0.524791620496777,1.86553398307303,4.20775429534957,NA,NA
1031,2.2014882953563,3.83534415941485,0.998542936391749,3.39935742117802,1.13359871943507,0.83546894885425,0.823925193638308,0.0358541742991656,0.522239587986376,0.224423534208443,0.298712919966783,0.32472999379551,0.184879170093569,0.0346675140003208,0.955197267474607,1.17754475816457,5.62117008419148,NA,NA
1032,1.79444324941593,1.83883941963573,0.0738754915324729,1.72938855134483,0.68764543498191,0.039813587433775,0.317092189495335,0.283724722467945,0.22849653569283,0.962280885129469,0.948389382754336,0.583297558608232,0.362436492282897,0.771610915090889,0.0769574086494977,0.381628264646907,3.07714883804275,NA,NA
1033,0.317231995826642,0.3088339636809,0.0502798493200216,1.29111542324337,0.677963803606312,0.990737705237698,0.0935164336794987,0.419500646518078,0.142418795806821,0.201622022563359,0.947390752804466,0.710836123605026,0.445529870709404,0.555050649644458,0.0853173197977012,-0.0376692146467872,2.61990006113353,NA,NA
1034,1.7533795364979,1.42780138783218,0.99975179296634,0.726047423427595,1.37661810341601,0.398982150229043,0.912484637391521,0.913006373903481,0.765847046585171,0.628580834810738,0.202875414327253,0.689066150185419,0.00980870601371862,0.0109209235490998,0.791908940488123,-1.97207447973361,3.42416932658881,NA,NA
1035,2.09455358017993,2.66811621687287,0.966495603580807,1.87046283372076,1.37166271670743,0.975140349670546,0.665444030184415,0.512899986652425,0.0834540064240573,0.693014948683092,0.319589408150176,0.497795715417131,0.856428506071563,0.192867337887641,0.173737190865097,-0.817946689962162,4.55887235740368,NA,NA
1036,-2.51096426514844,-1.18406024089951,0.995603117234628,-0.283747835393225,1.37661810341601,0.481251731939381,0.768546355789178,0.971496533279191,0.180749016124173,0.617725519484258,0.0413030129622202,0.991548744540079,0.351434191382839,0.510958037437173,0.748039709362551,-2.98186973855444,2.41437406776798,NA,NA
1037,2.11319346403294,2.21669219724908,0.323522072450985,3.55170582586995,0.700344237081725,0.730560156719293,0.454724125130451,0.101197536110529,0.550267996711424,0.00253116311749909,0.155677994115511,0.627366771159694,0.820428627354326,0.20896835522342,0.591725804630551,2.17905634440959,4.92435530733032,NA,NA
1038,0.573989523370375,0.277344311283208,0.296467907821463,0.416189563135491,0.553829233537597,0.522134332249174,0.447555915010977,0.0777795144919073,0.709321689780918,0.433979415859561,0.989040793910623,0.637043412536848,0.578157017633552,0.981324185111443,0.710643687857082,-0.669295788183622,1.5016749144546,NA,NA
1039,2.38098660170241,2.32142995780066,0.0501923316431286,2.49128065927914,0.37813898880902,0.147037637750735,0.0747603200594895,0.252965313128545,0.637634321799153,0.504394249729929,0.0744806108409539,0.36591273287416,0.787535989075783,0.396537392782979,0.980413539706846,1.75014186006306,3.23241945849521,NA,NA
1040,-1.14502114146465,-0.214407641769169,0.942638012994451,-0.488246544158444,1.32370409105544,0.75559314423264,0.637239965072717,0.191881672739401,0.624471821178333,0.241474015926826,0.186475925770006,0.992268349148799,0.49160565143032,0.708554226437467,0.731721377044334,-3.08265888881544,2.10616580049855,NA,NA
1041,1.67419269020684,1.6725368037044,0.0501348272551346,1.22318999361293,0.343341185568482,0.142591329587274,0.0569959518694086,0.117936132789007,0.714602462320239,0.908966100326856,0.666628147960408,0.111165506861988,0.778026500233565,0.132001083730836,0.0319657188254641,0.550253635489424,1.89612635173644,NA,NA
1042,-1.78228743557704,-0.224816978983301,0.999733592185055,-0.620029970715427,0.962188842369164,0.706416407558369,0.908945426067803,0.731464895337704,0.650557543132105,0.734360261412337,0.143282391265151,0.161893276218325,0.0683193453205749,0.847400464817765,0.722957528692903,-2.50588544808528,1.26582550665442,NA,NA
1043,-1.16700728071656,-1.17567782076573,0.051699633264941,-2.18922678519985,0.349943821426872,0.282806749998941,0.183787060333299,0.852835998806404,0.539783276573638,0.964873455541208,0.604449897170416,0.950104173863772,0.929838987761759,0.0671278931606794,0.157441434735083,-2.87510407180883,-1.50334949859086,NA,NA
1044,4.37473236933803,4.07147972932624,0.269333994526717,3.52596294877613,0.517210605445101,0.570926783364848,0.439831960136537,0.823591917529237,0.267874312061584,0.109298420344247,0.599679378353991,0.0928285101827933,0.270538372058538,0.77972669495875,0.513320493139909,2.51224878968158,4.53967710787069,NA,NA
1045,2.97427875280396,3.43819926691273,0.99964308069434,2.83792741544712,1.37170111753581,0.716555942375911,0.894316588339279,0.876260418110643,0.742935268050525,0.0103577913522022,0.688520064181183,0.766756607215153,0.332765329402639,0.831750032831565,0.256462743008742,0.149442627523592,5.52641220337065,NA,NA
1046,2.90074561082237,3.06922039323555,0.513289332118635,2.8461317486043,0.643014938812278,0.989067842101795,0.497534096544725,0.809617257660255,0.442281705128262,0.809685009929002,0.22985445034958,0.472402475645649,0.968682378715952,0.90773412083264,0.995448364378302,1.58584562701101,4.10641787019759,NA,NA
1047,1.31512643780283,1.28605900094335,0.267117712085997,1.20041791765516,0.337479636818248,0.0339939946789527,0.439172727948055,0.885193589286879,0.37615561207477,0.729542171167675,0.201754470994347,0.538266679018503,0.310508170326473,0.348721019768971,0.474173847616301,0.53896998397574,1.86186585133459,NA,NA
1048,3.85250141621416,3.87590805089932,0.0509445676928154,3.28428934530747,0.584439076431046,0.836212632135604,0.154375243386719,0.774073352112901,0.0897355324340751,0.132846446705051,0.452841778055299,0.30609574540786,0.264412223155028,0.152559275417589,0.187216826467542,2.13880980434477,4.42976888627017,NA,NA
1049,1.05794857905957,2.00623038133098,0.97763652312185,1.3237715923274,1.1852235631601,0.135991663432564,0.686260542337317,0.256604468437727,0.0711817659771768,0.26846865127224,0.286359870558837,0.482914193131146,0.0624978500760626,0.2063766848878,0.315938056605868,-0.999223905094627,3.64676708974942,NA,NA
1050,2.33483940791139,1.91398151767582,0.87161638102883,1.89043021554771,1.37166271670743,0.507408635129803,0.592812539568287,0.580175136006437,0.377734736746061,0.289699790999875,0.35340400172025,0.431215984503855,0.555062861873186,0.299651354282978,0.0991708852396114,-0.797979308135205,4.57883973923063,NA,NA
1051,2.15320795360899,2.11313853050293,0.138544973634053,2.1902451816523,0.37813898880902,0.317809618576313,0.386244387442828,0.308448351357132,0.956567317005713,0.937612460140139,0.430345434780582,0.269291642783326,0.608452044425765,0.27073252429592,0.359493992950302,1.44910638243623,2.93138398086837,NA,NA
1052,4.13049750258569,4.06867615225385,0.108216856092349,3.43520713634033,0.587947453250691,0.972374413910089,0.363547597278608,0.289283537155949,0.910341897413018,0.543315917650354,0.0480326371164992,0.366006231391686,0.133892724001547,0.705046217536554,0.192836345967953,2.28285130316693,4.58756296951373,NA,NA
1053,-1.46915015262861,-1.34721577429925,0.976527392568039,0.463153422748298,1.14136217796074,0.082695730520878,0.683780475543113,0.679884123822092,0.397396859291126,0.559508603044087,0.431694920122158,0.586534334958764,0.853196481189923,0.622332102642744,0.972853431375697,-1.77387533937094,2.70018218486754,NA,NA
1054,0.072396381927016,0.379001158817172,0.999832176952682,1.21238439231582,1.10072686126702,0.991890529975528,0.932056522880099,0.287243272838532,0.614777811524458,0.888854331174633,0.0351838852037909,0.548217757363687,0.0990670775723411,0.482837659148965,0.63152098389098,-0.945000612583367,3.369769397215,NA,NA
1055,2.6027150116123,2.63207004985873,0.0500505214382344,2.12648950978549,0.323132902568914,0.0928107756546233,0.00791168419946916,0.0730591957779834,0.103029920988716,0.775567810781649,0.0903108434220776,0.405908925505006,0.864386768880649,0.0516568233728176,0.0842461978932843,1.49316065853053,2.75981836104045,NA,NA
1056,-1.06250171882859,-1.07109720420198,0.0506928487855583,-0.561415757236628,0.190188486689646,0.112194329513819,0.138866204486811,0.0201521676762495,0.419158837722614,0.368799560953979,0.252693791872705,0.181127630966017,0.400765946690342,0.55143666414998,0.856841396959964,-0.93417834142251,-0.188653173050746,NA,NA
1057,2.00775590138081,1.34913006622067,0.947487672862067,-0.549983030831158,1.37170111753581,0.582956447009696,0.641927572031622,0.934854994732421,0.991306946773664,0.689102192654857,0.0369718342890264,0.150496518636821,0.0842876894951332,0.30924784025026,0.334258240799885,-3.23846781875469,2.13850175709237,NA,NA
1058,-0.659525905826123,-0.562463096303755,0.204671662674146,-0.325196928431376,0.438865329697974,0.261558259740006,0.418127476624562,0.582267451027408,0.995680049334187,0.37227062184643,0.883030130560161,0.893582993593067,0.357901204514201,0.379134620543337,0.655371617211262,-1.1853571687027,0.534963311839949,NA,NA
1059,1.11817731896032,0.981776365682299,0.628167805642793,0.973108405696987,0.650343018791901,0.223000924129155,0.52207107428275,0.57308089951647,0.183534172937158,0.91031081787881,0.403547382915975,0.693019645675085,0.395535435784492,0.0799190163869644,0.806426437108079,-0.301540488732194,2.24775730012617,NA,NA
1060,3.62923920322044,3.53771793198506,0.99952118080247,3.41147621715068,1.32370409105544,0.586991477438714,0.879619502416812,0.224591938576312,0.774599499581382,0.0540388628049986,0.0553972189266933,0.804893289889093,0.638271617502905,0.572963938684086,0.388501586060738,0.817063872493684,6.00588856180767,NA,NA
1061,2.67448780795463,2.17944723627817,0.246057909960576,1.71572277568267,0.562958730877896,0.169946223497274,0.432654725658824,0.50909086263692,0.2927450485687,0.826885110475938,0.335907511236379,0.219828247002559,0.153241977747995,0.208489729280816,0.244439268688671,0.612343938379614,2.81910161298572,NA,NA
1062,0.744973825393844,0.777480034576478,0.0500498658494327,0.749172802697037,0.370193456770757,0.100638943506172,0.0072585808262229,0.0217272598588606,0.321560850526206,0.740577415046981,0.358527641013497,0.731812357848277,0.537579236631165,0.573172211787547,0.675278419173439,0.0236069601139682,1.47473864528011,NA,NA
1063,4.00088549902683,3.48617347108946,0.887250012221567,3.91096738551388,0.94325824945369,0.805352069607587,0.600247492814204,0.249550522301462,0.138757000755402,0.860495127366506,0.556253081731382,0.130918375252513,0.300262342174421,0.994422223489615,0.197216745029553,2.06221518846435,5.75971958256341,NA,NA
1064,-0.630991710661197,-0.423374920774158,0.471094619957189,0.800020422114867,1.08165871606276,0.748036440505995,0.488602400438278,0.372108115226496,0.770779939966975,0.517047152392217,0.904022212013253,0.981593493403518,0.15399738153303,0.843613014647504,0.768501796403318,-1.31999170493197,2.92003254916171,NA,NA
1065,0.629100639085988,0.480444076719335,0.755737361794043,0.35045164088573,1.14136217796074,0.340701727820327,0.553049956349772,0.501064886011882,0.527760098561295,0.464719323713332,0.7889550159676,0.544697467338876,0.0643252631896175,0.938869378753239,0.681198582355282,-1.88657712123351,2.58748040300497,NA,NA
1066,-0.00336994642251248,-0.0676327568498089,0.0508646601786312,-0.242503831440032,0.769850182010284,0.331290651383111,0.149951494607842,0.388380657873699,0.170740733716171,0.549287595210015,0.32474642565113,0.715418277855613,0.127417844642536,0.0266364511263091,0.0603654024938587,-1.75138246167179,1.26637479879173,NA,NA
1067,2.63856078386789,2.14533606403346,0.997339701096493,1.11909423707133,1.37166271670743,0.886788806908531,0.793760962776141,0.588202527874964,0.349522788191563,0.620861466160859,0.240042253988911,0.0760001101624221,0.756968300477602,0.0536206955406815,0.670355820459779,-1.56931528661159,3.80750376075425,NA,NA
1068,1.05555434681768,1.4478755483624,0.91937113537196,1.44432947347129,1.1852235631601,0.00236756191914901,0.618895670501748,0.230058719150256,0.147066344269784,0.100531672779121,0.800812691002386,0.233488609767635,0.305933853071299,0.998020570525434,0.739870177302393,-0.878666023950736,3.76732497089331,NA,NA
1069,1.07835906073556,0.979415806277824,0.0754556088283257,1.09121479869443,0.370193456770757,0.305133501655888,0.320381751940586,0.0452202190099051,0.297132877457538,0.767880890190601,0.244656466548913,0.895900943448185,0.765422466793912,0.951786689632107,0.480642674016417,0.365648956111365,1.8167806412775,NA,NA
1070,2.5729448829008,3.8901057904906,0.986557674040103,3.84389526436957,1.37166271670743,0.925318701695884,0.712190136102028,0.548042262225994,0.0573374934142921,0.082119120673975,0.123155018714955,0.469452195431455,0.905334979634266,0.891255558335222,0.110908592707128,1.15548574068665,6.53230478805249,NA,NA
1071,4.15526688042171,4.12858554018788,0.910979595861839,3.35523648775201,1.13359871943507,0.89776414331852,0.613460260126274,0.0187524397727102,0.63153991752048,0.131623351012007,0.573062456006417,0.02590406214213,0.00562017384101637,0.0837584439023631,0.705017311780364,1.13342382473855,5.57704915076547,NA,NA
1072,1.61395358020657,2.40536908560606,0.387031907707555,2.85898012496031,0.573167806130848,0.829191250693402,0.470093236231944,0.684271823790506,0.00906925965868868,0.0758768176878803,0.350008937021601,0.621246876834193,0.33714016415365,0.0526271466712933,0.752198777558166,1.73559186784601,3.9823683820746,NA,NA
1073,1.54257365467316,0.340407559398919,0.993905412344491,1.14763811014441,1.19064519231828,0.260385346618132,0.752131242730189,0.725255770882242,0.32810214950447,0.402818175656954,0.1104101959744,0.994663608173141,0.510569998064428,0.356408900386537,0.130219633203698,-1.18598358516518,3.48125980545401,NA,NA
1074,1.33025562639895,1.05999663677614,0.99994866180618,3.31727705984455,1.37170111753581,0.785134938555537,0.991286411392619,0.898699592309422,0.555179249231704,0.443249313498847,0.372759826032445,0.862068909708993,0.910060566964909,0.470751558025833,0.119330784937483,0.628792271921025,6.00576184776808,NA,NA
1075,-0.922835916542407,0.049235435956591,0.995357190402219,-0.38029127937549,1.14136217796074,0.291137680368032,0.765812156779459,0.448341799562797,0.772784584592795,0.325818539877073,0.553580103622284,0.572028234512312,0.638962105727987,0.788882839043974,0.349307532356121,-2.61732004149473,1.85673748274375,NA,NA
1076,-0.535854304866589,-0.00202392414558041,0.86346522340898,-0.658218249825345,1.14136217796074,0.494126662633847,0.589236191033269,0.404756453809678,0.977337026044377,0.703629927796894,0.593107489429647,0.488539127211436,0.131296427232097,0.29019296452892,0.64589061015984,-2.89524701194459,1.5788105122939,NA,NA
1077,3.35397436875525,3.21348786233268,0.16665715515073,3.26742649095941,0.740890027569059,0.538935599357472,0.40168970996351,0.663278827761649,0.0610055688639404,0.503718118322897,0.353962712888955,0.748497048642952,0.909269245263771,0.0455373224704526,0.834216140749748,1.81530872041916,4.71954426149965,NA,NA
1078,1.42480568032741,1.70364185806854,0.487009665314692,1.84596112262981,0.645192157252393,0.518186080764164,0.491984915402601,0.442270781925065,0.0885872715828009,0.130293862293707,0.0950559646202019,0.0521161342486739,0.82521926655306,0.754682513730251,0.963285703728674,0.581407731307418,3.1105145139522,NA,NA
1079,2.58403637742909,2.73205027617772,0.0703488408701495,2.61006850212805,0.682359542776394,0.57321522669238,0.30891072662489,0.554289202399086,0.034258321357891,0.831055630651652,0.267558595417999,0.523131141560385,0.953446125884191,0.478686022030539,0.700756061214139,1.2726683737791,3.947468630477,NA,NA
1080,-0.118665339833085,-0.131462624567495,0.0502013727028743,-0.143327810406294,0.370193456770757,0.215305726181134,0.0770576082193293,0.108309611388016,0.301215857009403,0.728862857144326,0.133170780374436,0.154139309549355,0.908611928993952,0.970322171866428,0.772160204359097,-0.868893652989362,0.582238032176775,NA,NA
1081,1.08305091724845,0.684058696819767,0.833698964895166,1.95348959601448,1.1852235631601,0.16480721829494,0.577511268138187,0.226632927380851,0.402721339379088,0.342798369620228,0.745039884789614,0.877972829421749,0.716155130233034,0.565469816175639,0.600860168887651,-0.369505901407549,4.2764850934365,NA,NA
1082,2.48591581340327,2.4422935338936,0.0528343461200612,2.23950465210925,0.340407566879098,0.64702507116273,0.209416863115388,0.389657881915919,0.421084259990719,0.615333874281379,0.523948329904699,0.483148366315174,0.654486260566162,0.347559682189603,0.914468112774775,1.57231808096131,2.9066912232572,NA,NA
1083,2.74484084006419,3.00452049295758,0.999947700177189,3.15232953984805,1.08165871606276,0.970802611546591,0.990358461323776,0.467613536147983,0.615056538327946,0.0138353138217935,0.275030314174946,0.687753034064081,0.285185104881995,0.489770503259613,0.09129989524954,1.03231741280121,5.27234166689489,NA,NA
1084,0.431142916962809,0.379251195635563,0.0502563938307443,0.341291946534428,0.0946376593331329,0.8356161743392,0.0891383662394946,0.636235430894885,0.920637980980799,0.53074763006391,0.156849145440268,0.866692309407168,0.497014903251082,0.917584297555732,0.495541237202589,0.155805542660317,0.526778350408539,NA,NA
1085,0.666186855365051,0.862402897283306,0.704797430426629,1.12380326852476,1.14136217796074,0.151901775850565,0.53983320620365,0.544392783210496,0.722167741986807,0.900415418779245,0.921225981386495,0.60352823807369,0.737591410248657,0.982956735700485,0.620856132451445,-1.11322549359448,3.360832030644,NA,NA
1086,3.67932133965471,3.16409092618452,0.992857029477499,2.86623099017692,1.10072686126702,0.896022055148729,0.744139296465553,0.649066302630701,0.834967507180176,0.9966270391047,0.0213349303167779,0.0466819353646133,0.760199520648923,0.872542528191581,0.241622696907609,0.708845985277735,5.0236159950761,NA,NA
1087,1.04164027768525,1.12604770509983,0.061165681014923,1.0054919990909,0.337479636818248,0.235576776206726,0.278410292970599,0.871771678698482,0.693539369666134,0.760776610409608,0.354756865018397,0.363756117280922,0.836323815259966,0.671201326342882,0.968420791434008,0.344044065411476,1.66693993277032,NA,NA
1088,0.2586000704758,1.07952013341543,0.995421814677375,0.461732493862419,1.37661810341601,0.167391867974307,0.766516424539848,0.727202858259552,0.407752306286828,0.923719043917838,0.372100151797873,0.753152399654966,0.523617406638456,0.384106232569553,0.0133534565063892,-2.23638940929879,3.15985439702363,NA,NA
1089,2.27819196233202,1.87725760958635,0.395030163953009,1.51798973318656,0.337479636818248,0.203171823450946,0.471922662297147,0.886955976577476,0.358556742189685,0.444484291514731,0.632445277604857,0.194097499684663,0.618153691099258,0.594715895420057,0.918250114044757,0.85654179950714,2.17943766686599,NA,NA
1090,0.46460151547644,0.179815056779697,0.791172461262891,0.143426586238239,1.08165871606276,0.616204804302542,0.563336230082321,0.270352721875999,0.58625833376497,0.554918278392171,0.965906911202357,0.734489363676519,0.338129544547759,0.365345790977241,0.959390327530913,-1.9765855408086,2.26343871328508,NA,NA
1091,3.4933222700246,3.42478254070782,0.0503539505667555,2.43793761279019,0.544847510945416,0.572199779142393,0.105265632342082,0.6286806780427,0.7847662451535,0.362846570265363,0.558743301346665,0.940995382689754,0.720824782624375,0.835127454834408,0.30431153689581,1.37005611427088,3.50581911130949,NA,NA
1092,2.55702686800014,3.12100867296992,0.99989109001466,3.24143316276324,1.37170111753581,0.899918689709506,0.953679044821882,0.941182745203958,0.525890137979528,0.660063045955263,0.998721099321963,0.0358797177192755,0.714316601597122,0.690188032609643,0.8408570549906,0.552948374839709,5.92991795068677,NA,NA
1093,0.577861050625814,0.513576082898305,0.0501209009057713,0.435853208536655,0.584729500645944,0.179898847930483,0.051544062906527,0.625683439224027,0.218180575363338,0.377020954141626,0.310662788112997,0.866312102468219,0.484601504398393,0.613229427816812,0.123966335735749,-0.710195553427486,1.5819019705008,NA,NA
1094,2.41242645234401,2.34705595682051,0.0523336756436279,2.16774444127472,0.271227235848572,0.113657407286111,0.199672104613506,0.326224502313649,0.572735946435831,0.331419240970281,0.399871216577478,0.340675759881153,0.11671143224102,0.0544922677830327,0.892293479119311,1.63614882738516,2.69934005516427,NA,NA
1095,2.63772834533734,1.11711485478086,0.999685681932502,1.28497438235863,1.1852235631601,0.089204992240062,0.900674046033761,0.0349878300677519,0.275302126750234,0.965191685469123,0.483898879753542,0.5031624920842,0.0838906452051597,0.761353592178551,0.809882676629466,-1.0380211150634,3.60796987978066,NA,NA
1096,1.67293108978535,1.76514758863934,0.0507655465718292,1.84655518198893,0.337479636818248,0.00472611703106668,0.143858947573695,0.926486780305509,0.38078192026855,0.365425792856142,0.730620933671016,0.717838323881268,0.684570133225759,0.262795770047465,0.661589991745306,1.18510724830951,2.50800311566835,NA,NA
1097,3.79779103555916,2.06525401045307,0.999550015292581,1.74960249425614,1.19064519231828,0.273645929339807,0.8827264942287,0.883332764623221,0.374592430998455,0.324032957122428,0.198513529523509,0.528825666236226,0.875737004748778,0.291269306588452,0.390988934131572,-0.584019201053458,4.08322418956573,NA,NA
1098,-1.09582545398721,0.124486772069892,0.971256119719772,1.54433924235897,0.94325824945369,0.705604820332373,0.673365660077892,0.11545714719058,0.108962868914008,0.374182672698982,0.0227302710600197,0.823936316260369,0.701996708226972,0.878348174196435,0.0885697334199212,-0.304412954690562,3.3930914394085,NA,NA
1099,4.30421522444444,4.13543292324001,0.178568506831512,4.4312589211602,0.618982353430342,0.907929447661852,0.407270667386823,0.150040386105655,0.51359014477313,0.0648777566789649,0.0825649600095348,0.702361666582059,0.88831398739852,0.0597664690604433,0.598627562127076,3.21807580137089,5.64444204094952,NA,NA
1100,-0.399150942596074,0.111030279456794,0.999941679194515,0.432192836055436,1.31462371948015,0.41184733052121,0.984909848615178,0.212380648403312,0.361130776835489,0.364404786976287,0.502233898077044,0.779426047486835,0.404663264438626,0.376934306658222,0.138330246539204,-2.14442230734775,3.00880797945862,NA,NA
1101,0.371290979308157,0.778126004430067,0.999939451956293,1.93003733553644,1.14136217796074,0.0481092734897975,0.983035818300676,0.539775929041905,0.0995780347685795,0.827329922824982,0.587998213930754,0.45762793554645,0.640602438095375,0.829442939410568,0.980712306992966,-0.306991426582806,4.16706609765568,NA,NA
1102,1.73925195920207,2.48097195278758,0.984655164242517,1.38728645211892,1.09893285163646,0.89083826399222,0.705469933413784,0.65513654461829,0.540051867101574,0.627414689951693,0.48904971961875,0.997528232613346,0.440292122661369,0.233363763552858,0.240536094978219,-0.766582358516439,3.54115526275427,NA,NA
1103,2.93536606125416,2.87472744519679,0.0568265929990701,3.35439439185066,0.643061313721998,0.671539911486208,0.253578778295545,0.90296549125493,0.36061307079473,0.491926730529522,0.660726697318954,0.463285595450085,0.804708536836668,0.853730831243913,0.999039421834983,2.09401737710453,4.61477140659679,NA,NA
1104,1.67608595882767,1.65073760177875,0.0504436358626296,1.43909553694183,0.337479636818248,0.331562922799378,0.116562696367153,0.77758273995819,0.425621035128599,0.614088743717293,0.675625045113149,0.0310849875580752,0.101709683991619,0.0894615047350526,0.544648320540786,0.777647603262409,2.10054347062125,NA,NA
1105,0.687957115151702,0.691597761019787,0.0500540596267316,0.725446460569085,0.94325824945369,0.673736554005765,0.0112963639515219,0.255437926500337,0.207769787337165,0.0527334668176482,0.207824597594794,0.674342404372175,0.564753536373144,0.352870708370931,0.174135577258887,-1.12330573648044,2.57419865761861,NA,NA
1106,3.78772395318829,2.93353962990841,0.999682805473562,2.52549363836239,1.09893285163646,0.859397770408541,0.900218404255342,0.706633490348584,0.56825419200724,0.282300234710565,0.227666469493066,0.787266949349665,0.00722427102818619,0.157936441690312,0.140135153608397,0.371624827727035,4.67936244899775,NA,NA
1107,-0.846966497015741,-1.46094565977562,0.997723608813956,-1.25904639313949,1.19064519231828,0.432684798224946,0.801573576600291,0.853890073319082,0.049787556108553,0.175169570070342,0.772240141086397,0.480454664258053,0.192016318135429,0.777045448320219,0.662383195054368,-3.59266808844908,1.07457530217011,NA,NA
1108,1.50828980398082,2.29766830181924,0.905000003892888,2.67654741111096,1.08165871606276,0.517083440096118,0.609861231143354,0.480564193885773,0.617798755507451,0.0632161614877405,0.629277996468591,0.180424370226683,0.715488091079402,0.417434524600743,0.235387010853156,0.556535284064117,4.7965595381578,NA,NA
1109,1.12188245418239,0.837674378144749,0.474979663156906,1.60944496207511,0.646095180767168,0.735332492125453,0.489430215884931,0.232092415848281,0.425339178668801,0.535296804820304,0.115233403478633,0.495206661675707,0.0278679165448993,0.424352611282957,0.385299132967251,0.343121677186568,2.87576824696366,NA,NA
1110,-0.926363198826572,-1.47666476698736,0.505658669798497,-1.60568323491894,0.31098147948321,0.189032028650399,0.495925888383295,0.811798944996786,0.118079833947122,0.792486283036764,0.848549918401986,0.881963249609456,0.300844033450587,0.191890076823533,0.977848578634323,-2.21519573456502,-0.99617073527287,NA,NA
1111,-2.14214236049356,-0.551886685480305,0.912142205786951,-0.369390811671991,1.37661810341601,0.388131428593304,0.614185034821858,0.821277433703886,0.744523180016666,0.923021543970797,0.908602300926694,0.243709394725505,0.17182180973643,0.589580327454023,0.975997409154545,-3.0675127148332,2.32873109148922,NA,NA
1112,1.08680229676116,0.340169170174569,0.656792436878737,0.269418254660946,1.08165871606276,0.535728086634539,0.528492568950751,0.392567243191646,0.450114563860581,0.533218197205104,0.217374714066624,0.161453576580971,0.576082244721125,0.844065402074717,0.594726671440061,-1.85059387238589,2.38943038170779,NA,NA
1113,0.512956855954656,0.573524828535307,0.0501556805507984,0.204500962800457,0.337479636818248,0.34723440106574,0.0641876390281832,0.887620698579936,0.872250733684166,0.0596123321137857,0.175468896308332,0.347690050294856,0.759637483101455,0.486613607143983,0.654894706967869,-0.456946970878966,0.86594889647988,NA,NA
1114,2.48155047495025,1.86029865324301,0.449337589033007,2.14115567913975,0.349943821426872,0.274028168498073,0.483934260492329,0.875030486289063,0.577813880812959,0.414729159055976,0.714719163204311,0.0781648825085722,0.352124639779213,0.331321911325213,0.37857167023886,1.45527839253077,2.82703296574874,NA,NA
1115,2.27943473300634,2.71368257406703,0.9972718560692,3.5026029833899,1.37170111753581,0.608699175546179,0.792498231183272,0.968297408153419,0.575228480396676,0.0520831945051905,0.527839169847197,0.322882748757023,0.410133457559044,0.603863744062372,0.657453952766955,0.814118195466372,6.19108777131343,NA,NA
1116,1.39373528534448,1.41884681793853,0.0502636839735231,1.82531362305309,0.714488806199959,0.748823684273404,0.0905405826562783,0.987798019950045,0.202286689601839,0.253809054096811,0.247732587593142,0.682693230939214,0.235472968042246,0.00237808459170628,0.519886739857495,0.424941295544153,3.22568595056203,NA,NA
1117,1.92652062033817,3.1994375207628,0.998068148341359,3.20847561233797,1.08165871606276,0.728499135758379,0.809797371725319,0.521828325820388,0.399139067968237,0.133115256735007,0.994093493194086,0.570212138082716,0.6857484288587,0.898415402660961,0.0382686532598455,1.08846348529113,5.32848773938481,NA,NA
1118,2.48316265548117,2.37871263263426,0.988825485895025,2.73684814096255,1.1852235631601,0.037530222783098,0.721549697595183,0.220776496830862,0.611449247356155,0.310253174858517,0.0124425851320848,0.965508733127033,0.0834621157541405,0.605995658196392,0.356980761412415,0.413852643540525,5.05984363838458,NA,NA
1119,-1.84094403014875,-1.80184664564753,0.997160930142126,-2.07494003147221,1.19064519231828,0.152138941848651,0.790499626592267,0.849289406180731,0.011825315602473,0.079637570898165,0.689522527245455,0.493282758654561,0.0441535137618193,0.983473047236563,0.315030977312592,-4.40856172678181,0.25868166383738,NA,NA
1120,0.0111181756193613,-0.0746630235633383,0.0758672740999794,0.308144042801341,0.448886396806355,0.614861424381495,0.321206145870849,0.632986017372459,0.83542375501839,0.0617609392757295,0.744638069784152,0.277119028866873,0.365617209747084,0.85826137499779,0.44555018438457,-0.571657128089069,1.18794521369175,NA,NA
1121,1.63883474382868,1.63296100155443,0.0859398361981298,1.94505762471855,0.584655013256905,0.552605413815938,0.338197496484034,0.463688650910975,0.0785958002215484,0.135698821322178,0.674709015659639,0.882922592231771,0.777314120554482,0.514314668559236,0.852872569068335,0.799154855354232,3.09096039408288,NA,NA
1122,2.60621642150878,2.71469984065146,0.0741432297653078,2.21076068274358,0.667434645196807,0.695319294703077,0.317664222645224,0.69292316225823,0.408570538995205,0.410316078775213,0.180914127752185,0.352298615240259,0.306593739810516,0.0386687360749347,0.705786837054766,0.902612816123569,3.51890854936359,NA,NA
1123,0.164283234864887,1.34574792675733,0.789413115395644,1.16350137477626,1.32370409105544,0.889092701270361,0.562797923140344,0.150851667980431,0.288341184886871,0.718288404921535,0.740177927222918,0.293277144954307,0.22433578992344,0.19922093369707,0.529438520775409,-1.43091096988073,3.75791371943326,NA,NA
1124,0.257991670595737,0.222783927788404,0.916771263446282,1.32532100963766,1.37166271670743,0.968557704019127,0.617159121859353,0.599711018846254,0.211494659435702,0.361948501989595,0.790483216991764,0.760233320996631,0.221663550873753,0.533162886183942,0.633517630880931,-1.36308851404526,4.01373053332057,NA,NA
1125,2.53622455107838,2.57784347218163,0.0962694707665239,2.26632695282914,0.323132902568914,0.344860606812406,0.35139755680447,0.299891155734076,0.0500024504889734,0.713799118271796,0.7530668887801,0.150828112303629,0.0869381410381757,0.389670446260599,0.379490431220504,1.63299810157418,2.8996558040841,NA,NA
1126,2.54094719019422,1.20454431788569,0.920389408614038,2.96953873835102,1.32370409105544,0.854744317655335,0.619589678300195,0.231173386972165,0.607942300473805,0.656965309160762,0.0967252696932992,0.441976559444913,0.420736363069387,0.880937427733792,0.810156042755116,0.375126393694025,5.56395108300801,NA,NA
1127,1.46104849562284,2.20500600995805,0.999898326487856,2.72329024004026,1.37170111753581,0.81962048123125,0.957117170743295,0.887036927473149,0.790739106663852,0.528019600206637,0.842590437448816,0.105254676039913,0.0626543873575283,0.832595260613016,0.18537845154386,0.0348054521167325,5.41177502796379,NA,NA
1128,1.74461313563483,1.70057702743892,0.0503775348154105,1.45176461735592,0.0943111567927871,0.810755859920988,0.108492150558392,0.66288112741767,0.436596777056809,0.598078931376222,0.160144614600344,0.956033875449211,0.516354250662029,0.853363389723585,0.875513092307956,1.26691814670175,1.63661108801009,NA,NA
1129,1.44148940108148,2.37116983392604,0.999158268248605,3.03457981484296,1.31462371948015,0.122515826647286,0.851393472947646,0.307648215444642,0.00154302905150689,0.543694403345115,0.533649561254657,0.0236522188396193,0.488213789182017,0.848147744539194,0.118345962562715,0.457964671439774,5.61119495824614,NA,NA
1130,-1.97708478530339,-1.52098921990053,0.997555055439282,-1.75682168364129,1.1852235631601,0.140676223468734,0.797993129657814,0.112116844124859,0.826876400741283,0.218996308456175,0.43908527261694,0.527655023290426,0.443301370288245,0.430260181875783,0.238596268673777,-4.07981718106331,0.566173813780736,NA,NA
1131,3.32302149285663,3.30439926674428,0.0547570826940717,3.55535028691264,0.362924829789269,0.803781202362734,0.235409632557421,0.640699286536314,0.566723931979621,0.994809396318858,0.969466965697356,0.516713448670111,0.735977306722547,0.506734301567893,0.741200068675564,2.84403069143035,4.26666988239494,NA,NA
1132,-1.3216346299095,-1.36124324343162,0.996798957977355,-0.135170138083827,1.1852235631601,0.357716697129072,0.784480519409524,0.161877157071489,0.310478842211189,0.124412850109395,0.638499887333135,0.20905955526419,0.791235282690148,0.287380044040736,0.636584310725448,-2.45816563550585,2.1878253593382,NA,NA
1133,-2.03878450090955,-1.63672590596789,0.950299229687053,-0.889354329547021,1.14136217796074,0.446632319695666,0.644835337662953,0.631708618657431,0.474515335209086,0.368001255967421,0.316923746124376,0.824475891803159,0.566271648262977,0.70078337122628,0.200522292985232,-3.12638309166626,1.34767443257222,NA,NA
1134,4.23659530758953,4.22225202606559,0.0547828321842874,2.76540591925399,0.690970007080891,0.641716036657453,0.235680908495444,0.282958903635503,0.333285448607523,0.113793214689009,0.651998128674226,0.316753456715844,0.0679793380629271,0.626455770893255,0.466882078333525,1.41112959097806,4.11968224752992,NA,NA
1135,-2.94452849994957,-1.46548171449472,0.977949681524506,-1.58930296955423,1.1852235631601,0.159978421430336,0.686982523184968,0.371177443325752,0.495215902772499,0.0990327131247614,0.500106385307852,0.540811482594465,0.591194851875771,0.543289012011839,0.509518840912031,-3.91229846697626,0.733692527867796,NA,NA
1136,1.8815779066974,1.87996751690583,0.0931632899502621,2.05654738899045,0.855930914778535,0.838376307092491,0.347751398171764,0.555917360438034,0.587932311793324,0.521955065547256,0.702338040278177,0.915710829723626,0.102377514600405,0.119772910511936,0.928255339489202,0.378953622770098,3.7341411552108,NA,NA
1137,1.17580611775962,1.60976719879165,0.614264698512135,1.88527170255095,0.454381369379663,0.755052186251618,0.519018603910576,0.817707891569124,0.287022795118624,0.441055716361501,0.548579296585405,0.119634198187734,0.803634037041455,0.0117904015320819,0.848841831145342,0.994700583320817,2.77584282178108,NA,NA
1138,1.86605375467874,1.60232452713432,0.707017925748953,2.11919774684531,0.337479636818248,0.177786123532569,0.540379993762122,0.921468523424235,0.494751496935496,0.328320548824733,0.440683313623653,0.782668699790724,0.69085774813476,0.724694340750575,0.860593460873701,1.45774981316589,2.78064568052474,NA,NA
1139,0.593516106314815,0.672050105877805,0.659637431884435,2.3870359155499,1.14136217796074,0.286540288554272,0.529142649012618,0.424316043401137,0.000564062909805216,0.000870557464892045,0.4108322099332,0.562050387843512,0.824473811134347,0.465235928182374,0.840157107676962,0.150007153430655,4.62406467766914,NA,NA
1140,1.66496221402267,1.62476805684954,0.0504884266256358,2.25515778649863,0.3670173372622,0.517722458617413,0.121374312935979,0.479777366628987,0.491138831162825,0.204061964578228,0.524754164430429,0.456174532542005,0.220967350534396,0.443920038526412,0.91861851725867,1.53581702376293,2.97449854923433,NA,NA
1141,3.1724979227255,3.56546609714561,0.999932846565141,3.11487796894011,1.08165871606276,0.623463963791379,0.977858324977802,0.413341711124987,0.854026671713102,0.18388721501187,0.92339973215817,0.33705272151262,0.806242569445283,0.388878359299968,0.582511539135245,0.994865841893269,5.23489009598695,NA,NA
1142,1.29215676184838,0.878329002369408,0.967654682619378,0.92428236790933,1.14136217796074,0.328941308010719,0.667267594766337,0.571097377073602,0.3728108493787,0.799498211821774,0.739689839601982,0.13144706356118,0.303276159688132,0.499514054549858,0.438294905263814,-1.31274639420991,3.16131113002857,NA,NA
1143,4.17305205941491,4.13580565530949,0.0550814788335677,3.63236510656617,0.664145667705856,0.606391511647264,0.238725181270391,0.152814231284661,0.310943137590075,0.254351625543204,0.105049272419536,0.777956459984765,0.791927235105308,0.75543326414912,0.508910827075131,2.33066351737439,4.93406669575795,NA,NA
1144,0.65852499148643,1.13710391660406,0.99794167936877,0.401992210003767,1.37661810341601,0.177170039100922,0.806620127897244,0.854724420277053,0.810755069750478,0.761121129026171,0.54082436084433,0.000538134227041155,0.919057360728504,0.270098898381693,0.100326631593285,-2.29612969315744,3.10011411316498,NA,NA
1145,-1.49576842937157,-1.47208003520439,0.0534849871004685,-1.69742129870515,0.954302580028138,0.0737075421233894,0.219783875537454,0.899907592667383,0.0630739186462015,0.0157045696887653,0.324078932366916,0.113067492720089,0.751924490337144,0.889493301584036,0.346326266479213,-3.56781998591395,0.17297738850365,NA,NA
1146,3.73236452905927,2.96650768731795,0.998499365519763,2.4103809514413,1.32370409105544,0.829799003061373,0.822449655747274,0.221759087170009,0.877917129572364,0.69511811535107,0.855576869107434,0.667494256204227,0.325161210513092,0.131604613735806,0.109992283490254,-0.184031393215696,5.00479329609829,NA,NA
1147,3.15021804225251,2.49370132825129,0.507812159029313,2.30386499346623,0.678743366909375,0.554621836702805,0.496379926632158,0.597283037779504,0.503037728419411,0.700328651666641,0.0345392318230588,0.0317746919535566,0.893383496604743,0.0646244415254332,0.318776746519958,0.973552439578403,3.63417754735406,NA,NA
1148,-0.384260011324051,-0.197487346825492,0.132326146174044,-0.420187934218368,0.582670475874436,0.693992387235048,0.382243642555317,0.976754206902347,0.88498253064882,0.841570081424434,0.332893456152058,0.029018625906785,0.858811517603346,0.437227829221403,0.156438374811667,-1.56220108178708,0.72182521335034,NA,NA
1149,2.33261523369687,3.67922948327592,0.656994294591004,4.16444530847757,1.08165871606276,0.603092075247434,0.528538615539321,0.518053817370906,0.402306370033068,0.563885499078315,0.509989852847648,0.452357156046666,0.378047617767239,0.357623549533775,0.804985936162295,2.04443318143073,6.28445743552441,NA,NA
1150,0.291541365544021,0.764926497822359,0.999944706029291,0.345264342951371,1.14136217796074,0.40319521162007,0.987574759194395,0.465392323741224,0.542347689602873,0.510132013905444,0.602069557244075,0.462032565389178,0.863466456327937,0.768490446409211,0.0717946919688257,-1.89176441916787,2.58229310507061,NA,NA
1151,-1.32837742387322,-1.34619532490357,0.0944085319260317,-0.674251552596461,0.370193456770757,0.402911492140498,0.34924216626829,0.395064838990453,0.276940662854002,0.420406376160798,0.654201790416264,0.566054775434081,0.184044696770026,0.211289841380087,0.648413633163436,-1.39981739517953,0.0513142899866078,NA,NA
1152,3.0902434725292,3.23586699916408,0.409118230340487,3.20804014562972,1.08165871606276,0.816633471605717,0.47510178603197,0.541480401603738,0.738310351663968,0.094721996244858,0.609174505948205,0.59438316425879,0.513743115095887,0.233981240335619,0.191781006011181,1.08802801858288,5.32805227267656,NA,NA
1153,-0.385045197631987,0.102218660760165,0.998382310478928,0.3203810455766,0.962188842369164,0.810356121637858,0.818687939619645,0.391429740161635,0.997807775933994,0.754364290321944,0.43103960782371,0.0569630354630062,0.331998194566695,0.191214953709394,0.115230393392383,-1.56547443179325,2.20623652294645,NA,NA
1154,0.20097800737347,0.91771973998067,0.999897850004172,1.61547147213215,0.962188842369164,0.775377193529741,0.956883372553275,0.265533201803453,0.798249517131713,0.802746129353181,0.725830814425251,0.45926241670514,0.915597243692377,0.86531668616517,0.915966942198225,-0.270384005237698,3.501326949502,NA,NA
1155,-0.341839749855442,-0.620318863259238,0.999774713425497,0.0348935175099012,1.14136217796074,0.316026096621761,0.917330341772642,0.575911071338691,0.990529677241109,0.415885318162851,0.814304133402184,0.0502659240333596,0.811064313703217,0.121434951369185,0.292898058872088,-2.20213524460934,2.27192227962914,NA,NA
1156,-0.00712082919991214,-0.0218307464720619,0.101582335349971,-0.317686400359185,0.323132902568914,0.451328126501408,0.357127210506122,0.0567457319442183,0.0734846675639274,0.904269830779522,0.510781686681439,0.435610863064416,0.430371328674257,0.86891177610145,0.41988942311483,-0.951015251614146,0.315642450895776,NA,NA
1157,1.81313073389966,1.89179101544014,0.0500581046770308,1.81796754321508,0.282037942701944,0.0111179957431741,0.0149045030699344,0.137043839390273,0.612673998638405,0.281658152863733,0.428223762264475,0.321322766862228,0.123616330494173,0.155473319201265,0.972186281422386,1.2651833332455,2.37075175318466,NA,NA
1158,0.970397542453341,0.998058606487082,0.0762370179535391,1.40700602557294,0.381364506449322,0.419841188290855,0.321935789337731,0.682466798312962,0.781950157354469,0.0309542420700891,0.869827825487358,0.290748839956359,0.820979503379087,0.911692609526915,0.781626277448144,0.659545327950372,2.1544667231955,NA,NA
1159,2.61946995015755,2.01224028284811,0.998428540304931,1.14488908900203,1.1852235631601,0.00761814038653392,0.820140075867414,0.278158877286362,0.039328070863965,0.472818562533823,0.407679770864197,0.116854308081558,0.1822060524642,0.339354371684254,0.988130396418273,-1.17810640842,3.46788458642406,NA,NA
1160,-1.54902338108008,-1.70926225868543,0.435094141401059,-1.21826812150486,0.463481508413884,0.403863072124776,0.480841436610091,0.140685202757712,0.911460608219961,0.473952275014599,0.748456418771646,0.132463988622534,0.601293222834007,0.298965982693247,0.382124470082345,-2.12667518549637,-0.30986105751335,NA,NA
1161,1.78972940180105,1.7692857358417,0.0503596402033896,1.68682060763803,0.668098524558605,0.137314072953654,0.106063273669337,0.761223850826733,0.102299596727709,0.292235861921567,0.317589371018345,0.27758647627919,0.923010183282429,0.422377202349482,0.88733363825269,0.377371561378811,2.99626965389724,NA,NA
1162,3.07654619794509,3.09900436055396,0.0501740415863232,2.89047273738657,0.653675091874503,0.603604880309547,0.0697630113696214,0.862861309136613,0.317582705194945,0.800986243919702,0.498149949918268,0.610324012697674,0.227252341084299,0.276405207032803,0.967996958715841,1.60929309972163,4.17165237505151,NA,NA
1163,3.82151588667684,3.80468782906879,0.187753985077936,3.24206354182386,0.65240116239527,0.551605489624431,0.411283305454184,0.510629316605627,0.109925187536632,0.86442694740044,0.14864108596032,0.800516651401762,0.451518969152705,0.743439732253784,0.270775600622175,1.96338076005706,4.52074632359065,NA,NA
1164,1.51306021472227,1.56188563449882,0.0513740979913025,2.01377669949892,0.377757895755894,0.979706171744619,0.173139149547205,0.405953487425228,0.837785356750595,0.453934013867402,0.334963237204938,0.930548931914382,0.218603729166207,0.463156631266349,0.205220045686816,1.27338482894173,2.75416857005611,NA,NA
1165,-1.51439296211971,-1.50749332371511,0.0571955080414587,-1.66633955494728,0.372120256478824,0.355402530561667,0.256229900632869,0.956059242534335,0.236601435604854,0.743774469738244,0.123690226094099,0.55981789784634,0.260460614279611,0.484313319290522,0.915460989395971,-2.39568185556358,-0.936997254330976,NA,NA
1166,2.73296288161916,2.70594104683405,0.932465346294222,2.5330098013317,1.32370409105544,0.544464449656778,0.628503933300381,0.215702845019288,0.254933308041189,0.189211590595078,0.352134084022488,0.897827262274572,0.373765510345809,0.972841301084729,0.733713202106068,-0.0614025433252947,5.12742214598869,NA,NA
1167,2.87831944277708,2.27604386007624,0.437437729193226,2.60041371852459,0.570653883039584,0.89139946052758,0.481352665270795,0.841095070728217,0.299264365770272,0.357813583048061,0.418363197275088,0.234441224444308,0.17140822174924,0.523527550883824,0.877873376885196,1.48195266012908,3.71887477692011,NA,NA
1168,1.50520940521307,0.541765472767496,0.999884307971252,0.696693631421814,1.37166271670743,0.683505720472662,0.950658186955843,0.602067450014176,0.0432031345466385,0.934274815078359,0.464282188409474,0.285900865045376,0.250025668437011,0.341517349254922,0.253128714671358,-1.99171589226111,3.38510315510473,NA,NA
1169,2.06524765561845,2.07045904426434,0.050241719997602,1.80600008875911,0.323132902568914,0.289915179486736,0.0861908616237342,0.447819042654475,0.04458119207446,0.747356983094825,0.104310036004987,0.249624977595056,0.877593703457853,0.899617136616842,0.233102652055211,1.17267123750415,2.43932894001407,NA,NA
1170,0.364737392644677,0.127466264627051,0.998129830286842,1.31182108043817,1.13359871943507,0.871182053614059,0.811423113110475,0.106562787916861,0.546903065893799,0.448228791865986,0.111647384415031,0.781215678576264,0.21025628564856,0.268312062565237,0.571293297854369,-0.909991582575284,3.53363374345163,NA,NA
1171,3.81165187576178,3.82115672426096,0.0511778887115964,3.7821397965384,0.376683453865184,0.679431416528649,0.1654251137994,0.559172367496183,0.441213992995792,0.57137200528942,0.518054187232628,0.532214530782076,0.733046074498445,0.873913183066412,0.0355804825128289,3.04385379339049,4.52042579968632,NA,NA
1172,-1.2461015006087,-0.182930528820318,0.999734497545178,0.541767134376242,1.08165871606276,0.948394549250253,0.909115683078766,0.410793749128236,0.521307616465492,0.577436881500646,0.79846878142585,0.848296305028838,0.29722941518703,0.59680222838663,0.266827924841782,-1.5782449926706,2.66177926142308,NA,NA
1173,2.20492617070088,3.61799629316761,0.999847589443215,3.7364955214811,1.37170111753581,0.935420529750059,0.936873945372179,0.930892707129708,0.924372543069068,0.256682247956167,0.0890997206130996,0.118269831630751,0.358161241663503,0.885348537650658,0.0453107900338946,1.04801073355757,6.42498030940463,NA,NA
1174,0.524435373393131,0.551204080156489,0.0501757662479882,0.816073854349878,0.458414715250587,0.659290399261052,0.0702561373248464,0.650678187974263,0.0207902948894771,0.864870653060498,0.95729621374968,0.883213234161027,0.326255577688338,0.266748563726549,0.406712354735471,-0.0824024775244555,1.71455018622421,NA,NA
1175,-1.75629257879911,-1.90504604233883,0.763796462067491,-0.622786101789546,1.1852235631601,0.113034894761513,0.555295198618551,0.143153367067222,0.871649131597485,0.521079257181264,0.998148887513205,0.925889629294165,0.0579682943961816,0.469667983343126,0.727653526943643,-2.94578159921157,1.70020939563248,NA,NA
1176,1.03749330215888,1.77612162934347,0.980737181193062,1.85634263314212,1.14136217796074,0.368242346777348,0.693890009447001,0.473630441648769,0.820716449266765,0.978407456432236,0.0204418633850291,0.46646794621821,0.142356710640364,0.557134664271376,0.996275296373758,-0.38068612897712,4.09337139526136,NA,NA
1177,1.86421098272919,1.75839160025841,0.999394918724044,2.23049069473792,1.32370409105544,0.762141517717275,0.867910867178114,0.1972089545622,0.285526567494147,0.92567780270637,0.969948576027062,0.343861399237066,0.484154122072621,0.810765694796341,0.809493827406783,-0.363921649919074,4.82490303939491,NA,NA
1178,0.0159269352046542,0.270758771757012,0.999834899655759,-0.322993521606455,1.37661810341601,0.275904077903251,0.93287450113357,0.984607878193376,0.0284942379369168,0.904874217782868,0.291831529455027,0.67256264392368,0.592992118597846,0.481179040178075,0.765201388385496,-3.02111542476767,2.37512838155476,NA,NA
1179,2.37739078764081,2.39079853960598,0.122490639586224,2.29120223271304,0.37813898880902,0.229471604827326,0.375318491097423,0.281214587523835,0.527086798329139,0.507928711086744,0.0984686194615206,0.508097195069073,0.203233172427746,0.816615717153065,0.510821149066556,1.55006343349697,3.03234103192911,NA,NA
1180,0.0869514269041477,0.755797171233452,0.400129770842464,1.05072458857905,0.343341185568482,0.476273744304781,0.473079525625682,0.265426896189107,0.904115965362405,0.852949161964469,0.664011294486932,0.201498425662867,0.506684103303123,0.322884375010733,0.675526521515101,0.377788230455543,1.72366094670256,NA,NA
1181,2.65578540670209,1.82026362670828,0.935164898634148,2.31102789165569,1.37661810341601,0.465807430827874,0.630696340467432,0.73895921948005,0.786928954139468,0.871067296218709,0.284266886466998,0.450913709896849,0.161512445438071,0.949734409066034,0.161827344775433,-0.387094011505517,5.0091497948169,NA,NA
1182,0.206966639329921,0.488239313688754,0.979304609464955,0.293051877049093,1.1852235631601,0.342391655255109,0.690226278934511,0.121255337218288,0.0851175303962082,0.865144724185811,0.82401366130088,0.793565190668101,0.801625478763133,0.866769932557945,0.370498058161233,-2.02994362037293,2.61604737447112,NA,NA
1183,1.61360784310009,1.34543865061824,0.996968518087437,1.73549038809621,0.94325824945369,0.566929822506965,0.787210713439155,0.123937348225038,0.146241232571076,0.743214740269817,0.287650788757484,0.959928527676268,0.747767328639631,0.387795885747997,0.309982760694693,-0.113261808953319,3.58424258514574,NA,NA
1184,3.88271546722685,3.73476409877194,0.996518129652669,3.55960311210144,1.37170111753581,0.738775696055498,0.780261025967076,0.993626681175316,0.461961472644587,0.390625093917595,0.373962532798643,0.500720121104852,0.256697416477371,0.891791174760903,0.359931741566048,0.871118324177916,6.24808790002497,NA,NA
1185,0.124759640406066,0.996591132829484,0.997471956947519,1.04535088976143,1.37170111753581,0.886187062867801,0.79631759166182,0.986554137429572,0.0968072009938769,0.027551956287236,0.806311830507126,0.313583983693155,0.230416754797567,0.836531839976553,0.987674559044535,-1.6431338981621,3.73383567768496,NA,NA
1186,3.38004687100623,2.41288393192857,0.999857324344087,2.74520184697525,0.94325824945369,0.610126524328836,0.94017465768673,0.122218594262959,0.106863891553483,0.0764787315464346,0.964353393864934,0.0190133910463192,0.468341206751997,0.207479729031096,0.622122127355193,0.896449649925722,4.59395404402478,NA,NA
1187,3.13794860148033,3.12996670604541,0.0501662741923858,3.0663587202071,0.612976117456018,0.531338117950712,0.0674797982133459,0.695686906720744,0.576721122915274,0.955662567749037,0.603985614546691,0.951744374419679,0.83047894456191,0.555839425589424,0.155425116257276,1.86494760661012,4.26776983380409,NA,NA
1188,0.0559758293051091,0.0890223841397789,0.050089100705219,-0.291599401589272,0.337479636818248,0.241428983447375,0.0362821890199557,0.905674490992213,0.959015828470467,0.185889935140149,0.601007905774051,0.642979320071521,0.626852211748133,0.933034834488179,0.550124552897061,-0.953047335268694,0.369848532090151,NA,NA
1189,1.49366503843242,1.56971630420363,0.0737502808724463,1.58317779911809,0.74717698125074,0.743771689314279,0.316822524162242,0.97041359547968,0.695892153483699,0.776648742903722,0.389185318511562,0.569833766274736,0.736364205447258,0.50797721594444,0.882042670537485,0.118737825789287,3.0476177724469,NA,NA
1190,1.86517570590691,1.94991521177098,0.0504075270672626,1.59738472697912,0.654562420315641,0.993855601347168,0.112315957876272,0.656183659840957,0.673808897145675,0.653566027663183,0.295006891358411,0.0181501620869385,0.48273813689535,0.667780791044468,0.792231907165027,0.314465957527095,2.88030349643115,NA,NA
1191,1.51903588527841,1.53813473520432,0.0502139064435082,1.30041809526124,0.349943821426872,0.0159501720953267,0.0800773333008401,0.79707950259652,0.478236063832883,0.623585510254838,0.832393128917785,0.0333018838653807,0.931276319007389,0.320183233923162,0.251261673000408,0.614540808652259,1.98629538187023,NA,NA
1192,3.67648309226391,3.68360899820981,0.0513428888338225,3.56888972432594,0.7173050379473,0.553397282631369,0.171988786111237,0.166376664338866,0.991581236630445,0.96195395848772,0.828683647614671,0.472547072458663,0.528504211884108,0.627620265645906,0.189707556561101,2.1629976840201,4.97478176463179,NA,NA
1193,-0.908216408825203,-0.916163427193714,0.0591849950093718,-1.71814658615922,0.370193456770757,0.0492744589734357,0.268541232456104,0.498058389622718,0.375561206404236,0.0984495394916739,0.125837572440621,0.589812175316736,0.335706843087683,0.595868605345138,0.289012797749485,-2.44371242874229,-0.992580743576155,NA,NA
1194,1.33807259232518,1.31271249606926,0.0501814294296904,2.56675293202688,0.698684067184775,0.746149557573255,0.0718420246986207,0.246675419124891,0.392357035321649,0.550681012381334,0.703065193354618,0.301440159483463,0.301460783608491,0.825831969945459,0.914989325363538,1.19735732377275,3.936148540281,NA,NA
1195,2.52801411513525,2.58023858953474,0.0728369027783172,2.48642089657186,0.349943821426872,0.201330548246042,0.314812413972104,0.724778747153701,0.338675999822328,0.0168792993937386,0.715875632832642,0.108909944629529,0.311740747135365,0.608337679074029,0.0954469384830445,1.80054360996288,3.17229818318085,NA,NA
1196,-0.858337601635363,-0.274744399865418,0.999248197045984,0.369522904071497,1.32370409105544,0.859597190997447,0.857047565918299,0.257465297865449,0.677644648834481,0.232828469901113,0.970738795424462,0.926151755689178,0.327563960476313,0.221693412098452,0.592669336565887,-2.2248894405855,2.96393524872849,NA,NA
1197,-1.54381199759007,-0.110922353507075,0.999574947523436,0.686496536068922,1.37166271670743,0.550700182015891,0.885577855211217,0.474449325409252,0.158969161521527,0.640348971613101,0.136008729284978,0.797657970757573,0.937924508823664,0.646059039504966,0.196274233334698,-2.001912987614,3.37490605975184,NA,NA
1198,3.01892807651731,3.01148559540197,0.0536790566685805,3.18573651535379,0.681513597911015,0.92783804627764,0.222503730209079,0.0739184669186361,0.422336778784869,0.318902371774777,0.688398820344126,0.525536109097418,0.0291031908041332,0.70844024808635,0.211091957486351,1.84999440847389,4.52147862223369,NA,NA
1199,1.99033435611758,1.9138604696816,0.0649719959658798,1.92758363409893,0.35197066031201,0.651806374752894,0.293280252045952,0.332981657465571,0.485253904066631,0.385675173802301,0.577461129496223,0.695260390028008,0.947809032924823,0.057084717298625,0.20125763335661,1.23773381627261,2.61743345192525,NA,NA
1200,0.577829407046799,-0.112022599210458,0.999259660810175,0.607721922842342,1.14136217796074,0.159224027605378,0.857816460477072,0.409015996179543,0.186308401416289,0.665346549666603,0.377909600938787,0.782277171313763,0.932258557640831,0.933632011589245,0.329789939398062,-1.6293068392769,2.84475068496158,NA,NA
1201,-1.19421726177313,-1.16368035425076,0.99967736091688,0.0390779082061261,1.1852235631601,0.0512695180610754,0.899367163852439,0.148515100419521,0.33673531938938,0.329931070835912,0.310252538333298,0.705615671770298,0.737182709602988,0.230208750234917,0.653949862705427,-2.2839175892159,2.36207340562815,NA,NA
1202,-0.497290225728816,0.268455016695492,0.535948929221769,0.143869963841814,0.588499287288317,0.572574160326505,0.502305446098559,0.313302702864399,0.312685065592872,0.836056507376838,0.628491364422604,0.27374359773437,0.162148795101792,0.419442059108755,0.473776109288097,-1.00956744417078,1.2973073718544,NA,NA
1203,-1.86548828459912,-1.61339144943572,0.712933939660322,-1.82090689403647,1.14136217796074,0.205205546951038,0.541848149101366,0.630893494638964,0.833443867496564,0.488921262369025,0.424947283207905,0.504696320629329,0.520987015680294,0.395798676971695,0.0113171758947428,-4.05793565615571,0.416121868082771,NA,NA
1204,2.69733557054643,2.03165070606411,0.327426920293964,2.53402843591917,0.602141941481761,0.900282563466462,0.455722338696593,0.149649857979268,0.889658877970302,0.922777997046826,0.325418404860888,0.788937412104802,0.0998493366786279,0.122087009213632,0.568976740688551,1.35385191703389,3.71420495480444,NA,NA
1205,1.5184291871025,1.42926597922134,0.0548521038767339,1.43424521721643,0.337479636818248,0.000173341203364544,0.23640354904125,0.918830212089582,0.373321066188393,0.523712623116327,0.236520930280094,0.896619976661983,0.742373531248304,0.805482152138138,0.904294098204118,0.772797283537002,2.09569315089585,NA,NA
1206,-1.13102429031113,-0.60616602212738,0.999841788522895,-0.524692419851916,1.1852235631601,0.149385737266275,0.935005905526807,0.159541584382881,0.717154704891727,0.606046310742269,0.322154347570264,0.594814083977253,0.345735283528804,0.904891176685691,0.305391169257811,-2.84768791727394,1.79830307757011,NA,NA
1207,3.13643632316787,3.13634840766083,0.0511832505447872,2.51608563321139,0.647170019546193,0.931645477858256,0.165652483441401,0.368494974720175,0.351440465876833,0.0844743378974963,0.956911133938353,0.850394208620884,0.643587208212353,0.735824084777618,0.530306713910657,1.24765570302677,3.78451556339602,NA,NA
1208,3.95130212086003,3.60269194518027,0.710788253953878,3.27582531384933,1.08165871606276,0.769818333617877,0.541313717072248,0.404078897085739,0.859496757703833,0.610905347930617,0.54471603614511,0.149260451589944,0.501641700075241,0.709514475128963,0.637540814730339,1.15581318680249,5.39583744089617,NA,NA
1209,-1.46589963918321,-0.550937366995057,0.99929294662587,-0.902148874586442,1.14136217796074,0.431698604447418,0.86011832814489,0.41275685869297,0.417914297863957,0.252806887291488,0.963959676095401,0.775252810169128,0.53601268081076,0.470153717301437,0.937552424112568,-3.13917763670568,1.3348798875328,NA,NA
1210,-1.33967993424802,-1.29451567919259,0.0704914664663108,-0.808618637276348,0.372120256478824,0.381644239350338,0.309267627082299,0.985394238849287,0.233176291560987,0.629267193602631,0.569948457198218,0.361057498526294,0.639745595981134,0.64438821515115,0.163774315141607,-1.53796093789265,-0.0792763366600442,NA,NA
1211,-0.875026954914126,-0.890276343947308,0.0500437550021209,-0.572553159511857,0.660635862405953,0.22810655640834,0.000721736792009324,0.316416785555659,0.304076791076921,0.336148307945114,0.8729520530015,0.986543716382119,0.368296779574128,0.695721429885598,0.116920529001509,-1.86737565672308,0.722269337699369,NA,NA
1212,-0.079589266970661,1.07547831304524,0.481876004778805,0.721381560482894,0.420337242089564,0.687424006229732,0.490896196722053,0.666075130296871,0.776638303779298,0.172431233946583,0.0876941371865105,0.52059720121068,0.843867508316995,0.962265053930692,0.343718247001991,-0.102464295373546,1.54522741633933,NA,NA
1213,2.0533733954024,1.83338591280093,0.69969165474008,1.47820307005422,1.09893285163646,0.563087037424091,0.538584405433387,0.596592331189313,0.86396688610781,0.599988718572306,0.423806959744543,0.0968331174183404,0.839702189396718,0.554925974095939,0.107088800154743,-0.67566574058114,3.63207188068957,NA,NA
1214,0.453444847987773,1.12861066342973,0.986734639212026,1.43660918983035,1.1852235631601,0.118462542325724,0.712862192693516,0.0422547245664755,0.585318486828124,0.88023268869461,0.596639120775741,0.270211352588609,0.129010068969917,0.803659731499385,0.578163345146459,-0.886386307591672,3.75960468725238,NA,NA
1215,-0.0233257609007122,0.431098389560683,0.99993394419066,-0.0130780101657622,1.37661810341601,0.165561739704921,0.978682387397508,0.871254971610033,0.962351207547355,0.654122638927191,0.682542945738533,0.358024270549067,0.780232136979117,0.0867594403029652,0.150956546404632,-2.71119991332697,2.68504389299545,NA,NA
1216,3.20406228532395,3.16158204554791,0.0535077698874639,2.99863741521475,0.58602060674832,0.550138219365035,0.220110885715578,0.735751013011206,0.270272222964209,0.0461316821323708,0.708261312066228,0.544074304532609,0.620489599969005,0.408147473733174,0.888664242692175,1.85005813178973,4.14721669863976,NA,NA
1217,3.4260132580345,3.33163396251163,0.139124561201097,3.52188184626264,0.674067946423035,0.753759580765851,0.386604256586754,0.519597157045035,0.948291997779859,0.986260912156198,0.330951293300837,0.954363211285789,0.0452897534769727,0.941269632972544,0.665058807760361,2.20073294814062,4.84303074438466,NA,NA
1218,0.375749327226099,-0.0570369417109052,0.999930825196281,0.168492167240588,1.13359871943507,0.502433431624901,0.976375387856271,0.0427318955794908,0.895593128941371,0.630335891038529,0.809854149496648,0.416631776627037,0.98269534434122,0.921705731352325,0.0325017231689999,-2.05332049577287,2.39030483025405,NA,NA
1219,2.11157216503853,2.10357577834925,0.869940663986623,2.05693979170862,1.1852235631601,0.390924026389024,0.592062059972668,0.17594523174793,0.260761814715574,0.892494551247451,0.145218312310055,0.354853718921309,0.829091433283989,0.235194629407139,0.998246059174533,-0.266055705713406,4.37993528913064,NA,NA
1220,0.947644400072187,-0.0457327526106016,0.996630321988104,0.0794681490416342,1.37661810341601,0.495434513151529,0.781904572755797,0.766397807488684,0.591820987556595,0.64522873120266,0.344599252344924,0.44007368853793,0.645602331704809,0.69636102777929,0.516781796776806,-2.61865375411958,2.77759005220284,NA,NA
1221,1.71941002543444,1.62545704787385,0.05134408618995,2.13511912458409,0.628739409644682,0.504092909899424,0.17203341071296,0.934020054233842,0.581090680054855,0.782946350362035,0.684562097233371,0.718928470300394,0.438469520063023,0.715720895528328,0.236017178531969,0.90281252601954,3.36742572314864,NA,NA
1222,3.10220731903003,3.80903648131018,0.999845119960188,3.81222834195009,1.13359871943507,0.895161679661484,0.936070166904363,0.0768408103720285,0.536887794210692,0.141990905795945,0.51701276537322,0.590277451840346,0.262756067368202,0.518778832948417,0.748504786011763,1.59041567893663,6.03404100496355,NA,NA
1223,-3.15628567344501,-2.06928793651184,0.877765249280364,-1.34563446247515,1.14136217796074,0.0322660915799206,0.595639310837025,0.417979575518635,0.873916336169234,0.694898664967972,0.571612205068581,0.813597255740082,0.0796277225191006,0.860151416719193,0.807231802245136,-3.5826632245944,0.891394299644088,NA,NA
1224,0.825213645757915,0.743062931998268,0.074974706038597,1.17027765937402,0.372120256478824,0.0799049635711126,0.319402123613865,0.999066533609061,0.480111691269674,0.332510953142308,0.538508862371091,0.844514387930161,0.63900738442177,0.547222225087928,0.682593061914435,0.440935358757716,1.89961995999032,NA,NA
1225,-1.7077317539748,-1.67160416938098,0.123105925409478,-1.85624085197359,0.424573801549117,0.168568475989276,0.375776160944253,0.57828476756881,0.751472149050911,0.267586407208582,0.0370121049584122,0.856719405987416,0.337900442213635,0.392145957922679,0.783271146944957,-2.68839021178912,-1.02409149215807,NA,NA
1226,2.27876948836436,2.25096261981952,0.0578733412823546,2.30128560133565,0.349943821426872,0.240949690371985,0.260767140446929,0.774532881332212,0.981756298726075,0.286796437527519,0.780504889264703,0.479233980480349,0.464424639457953,0.0417222385596251,0.102620758969919,1.61540831472666,2.98716288794463,NA,NA
1227,0.0177317428925606,-0.100054139088377,0.148417084404448,-0.128365016274245,0.561025411740816,0.622116333046113,0.392105876985122,0.00505874833790585,0.818281146591762,0.748796937877662,0.657113146568532,0.537275154571864,0.0604397810449591,0.963600942913676,0.754636007183115,-1.227954617698,0.971224585149508,NA,NA
1228,0.806434369559322,0.765357458382438,0.99937038149251,0.998456872811961,1.31462371948015,0.489653268262162,0.865922009761445,0.0330390869649127,0.354345779704861,0.758324372364557,0.069572758913273,0.0446109415489482,0.340306840446079,0.40879971782444,0.0999402655385202,-1.57815827059122,3.57507201621514,NA,NA
1229,-2.20583711093385,-1.84816149426613,0.998939411738103,-1.72027754747148,1.14136217796074,0.40473355942138,0.839826061700354,0.63596513041039,0.532092257890385,0.591228985310998,0.54540289098979,0.617087290167808,0.13672248082608,0.0112190596549772,0.394731563756708,-3.95730630959072,0.516751214647766,NA,NA
1230,3.6418236268959,3.29179374309247,0.999149551229132,3.06844006815708,1.32370409105544,0.94368730082328,0.850877873875899,0.208442663528607,0.659737296109786,0.711366001094342,0.568857778377016,0.241743384622619,0.928526452240534,0.623220228779712,0.0146206734123407,0.474027723500085,5.66285241281407,NA,NA
1231,0.352259927441626,0.378019695701418,0.0500686548865148,0.757384770381416,0.563518394953792,0.757665733017726,0.0232473658565432,0.428006971361116,0.128177506660111,0.1867088518854,0.508535081341397,0.83318311679503,0.275605016828282,0.49428978609445,0.387757740967558,-0.347090988353834,1.86186052911667,NA,NA
1232,0.912453981837959,0.832913738731422,0.0500561472953329,1.31612863497072,0.680560636330512,0.429774020181503,0.0131910176003585,0.780514844506164,0.0674762294270331,0.190981238150038,0.12435093697696,0.179303305578651,0.543890147785307,0.473737098252284,0.411305090221344,-0.017745701532748,2.65000297147418,NA,NA
1233,-0.742696888174894,-1.09741993028133,0.989822671149875,-1.81823863329407,1.14136217796074,0.106586422094842,0.726276431249804,0.683382685872726,0.723420996938366,0.579770943576936,0.194091617026599,0.156861755829304,0.0563430782009382,0.014594943967415,0.891874054985819,-4.05526739541331,0.418790128825173,NA,NA
1234,1.42581108356671,1.39578061892904,0.055974966282387,1.49032702087713,0.31098147948321,0.305906352311955,0.246871288506198,0.783936902997666,0.367651161633316,0.204901671386906,0.936594538520905,0.183948268827284,0.876972357621999,0.859687632104265,0.78245080916537,0.880814521231058,2.09983952052321,NA,NA
1235,0.554557999552956,0.554291178096664,0.0507105415500536,0.663855850376596,0.517628730679411,0.875010168669629,0.140127919029444,0.787801458712667,0.313959287187085,0.991415737149655,0.516033682164387,0.309901480627246,0.841370618082699,0.513663184680161,0.194320913219242,-0.350677819118231,1.67838951987142,NA,NA
1236,2.74900840957553,1.10470535561989,0.999074342215521,3.53261932105583,1.37170111753581,0.913508654551115,0.846636890440248,0.888076732599991,0.467379648228176,0.447138472658,0.673101254822919,0.929954060341814,0.200873388008913,0.884097551549436,0.296075351776322,0.844134533132306,6.22110410897936,NA,NA
1237,1.93520595904787,1.85632154215615,0.060258159277528,1.59680331477965,0.678397055381807,0.966783841372002,0.274123410799191,0.0411612761524739,0.559970723952982,0.949906186759355,0.0858577669351362,0.22604864466982,0.354695289037889,0.969699692920316,0.656977146420511,0.267169519013289,2.92643711054602,NA,NA
1238,1.06605218780611,1.75879782591879,0.992965951637445,1.09924870245474,1.37166271670743,0.510673132636817,0.744913388299174,0.298593262296752,0.017764510845067,0.583089980092132,0.757051064021303,0.529330622268375,0.936316685182857,0.531083422971074,0.391514169434435,-1.58916082122818,3.78765822613765,NA,NA
1239,0.37460068451994,0.50238859908377,0.173164133861191,0.350656099836311,0.37813898880902,0.334789012143039,0.404795584056526,0.357364536515204,0.865351771206013,0.841033632505103,0.549851440006867,0.982814405987621,0.198053634764045,0.332908137987717,0.223057108693756,-0.390482699379761,1.09179489905238,NA,NA
1240,-0.0699911383147235,-0.10821987793594,0.0533730078604737,-0.496469950574097,0.370193456770757,0.211583791103913,0.218144987729494,0.239873185827513,0.173601196062751,0.273532928580069,0.270897363368655,0.00578291941492353,0.124724766044295,0.164153784788563,0.613192467103479,-1.22203579315717,0.229095892008971,NA,NA
1241,2.15854412330874,1.7429799938232,0.825967065609173,1.69707178395026,1.19064519231828,0.46440878446924,0.574743275932269,0.916895933243213,0.713943318935693,0.304087561071385,0.302591864029062,0.68555539451004,0.81756565881893,0.903396702008555,0.276642389976419,-0.636549911359338,4.03069347925985,NA,NA
1242,1.98084534862109,2.01098147928025,0.0684800408591884,1.70014898725872,0.354552057176445,0.712024895164766,0.30399368302559,0.420474806438782,0.919261562092463,0.116129908982548,0.444652583364863,0.599926946355263,0.830529362804955,0.812061275270069,0.0391784095576731,1.00523972454831,2.39505824996914,NA,NA
1243,1.35564096362672,1.35304825404787,0.586877303167921,1.17090708572875,0.31098147948321,0.227037820910336,0.513101247354061,0.761614686653484,0.759568642613129,0.855247828109539,0.773124232315575,0.126629588141106,0.935663588187424,0.336257200086722,0.613588079216192,0.561394586082674,1.78041958537482,NA,NA
1244,1.9251203485112,1.94769017593399,0.0900440874695744,2.70596353802946,0.592517182906184,0.86126508585515,0.343829244166147,0.335333172464278,0.597066743537551,0.139373288862756,0.30996807459672,0.181604939252604,0.0673671059238259,0.211979299595812,0.538749842366204,1.54465119931221,3.86727587674671,NA,NA
1245,-0.609470931524667,-0.624615355198761,0.0564933605238414,-0.720064337740456,0.370193456770757,0.204726266607293,0.251058839756646,0.362114064081921,0.338460542363115,0.315344676790177,0.893311112996191,0.32224371602945,0.456052951871185,0.799952909584856,0.854937161474605,-1.44563018032352,0.00550150484261269,NA,NA
1246,2.69712046636481,2.09318219652998,0.958488767291611,1.64201082937637,1.1852235631601,0.134020819225581,0.654290923272958,0.1829467373878,0.895357576339622,0.932872989502968,0.196870384804439,0.172453025415307,0.850662116830354,0.314598300681449,0.525785971512785,-0.680984668045653,3.9650063267984,NA,NA
1247,3.77398505409258,3.13858584542395,0.996727033261224,3.45011984836996,1.37166271670743,0.963393456655904,0.78336569874105,0.699648157801712,0.155677338313777,0.129705672309268,0.318113224157016,0.557395512718707,0.563925437168451,0.888206374604837,0.67136443186528,0.761710324687043,6.13852937205288,NA,NA
1248,1.88589051291711,0.926843382399651,0.999916177629747,0.552850134371105,0.962188842369164,0.916069053134415,0.966771455281298,0.599461017170572,0.819350150558981,0.676919863202609,0.137304975245264,0.977107250160421,0.118617355341441,0.227152875194675,0.900940762225073,-1.33300534299874,2.43870561174095,NA,NA
1249,2.87371169696189,3.52682848058242,0.866651615758703,3.42718121685555,0.55953689409913,0.848289106527227,0.590612372556934,0.908764064930612,0.938274571178365,0.441694548530271,0.16302127118397,0.763951753373258,0.548876321784686,0.946141358131776,0.110170514513622,2.33050905639986,4.52385337731125,NA,NA
1250,0.322327430829109,0.272554011903706,0.0504830504206179,0.570969369181709,0.357590811662637,0.81153981079103,0.120820618929225,0.363902813933557,0.492893978158012,0.287532067955472,0.82947009909444,0.651085919733392,0.536647778161685,0.806934765284765,0.0668017426102888,-0.129895742879503,1.27183448124292,NA,NA
1251,-1.57457343798343,-1.04099126773561,0.999534570812738,0.157134630695838,0.962188842369164,0.940232142620254,0.88103836274019,0.758309779391275,0.674589966698084,0.674603769328678,0.811945097211748,0.524277918757754,0.846734457776998,0.976406545808073,0.597284225933021,-1.72872084667401,2.04299010806569,NA,NA
1252,1.09103231185724,1.15308404748936,0.0642175768840996,0.149905338861643,0.743635608731366,0.510136632526643,0.290654800618649,0.264518204344553,0.459020529503119,0.170777818938252,0.0104861087593017,0.590687364287442,0.0777481984295882,0.919690716523794,0.949074716874165,-1.30759367187335,1.60740434959664,NA,NA
1253,2.05825822197199,2.07384322995073,0.0694857697817345,1.96759663840446,0.323132902568914,0.283853224038729,0.306697353766649,0.668393906935933,0.161745099901455,0.675810486796894,0.808882145393523,0.190977827089373,0.119188318353263,0.719130513405427,0.7757190933167,1.3342677871495,2.60092548965942,NA,NA
1254,-0.0423356844485367,-0.0226593742794633,0.0500606913350769,0.504780035354372,0.377342639690333,0.910121047601453,0.0170823780993232,0.497961856228299,0.974645644973265,0.107115788444644,0.626167864583549,0.619165942962864,0.108943383605336,0.488632014951203,0.839282870838302,-0.234797948269956,1.2443580189787,NA,NA
1255,2.11779720246802,2.19164049586381,0.999138126736816,1.55053168020343,1.31462371948015,0.367812121756608,0.850210069169523,0.358547911880305,0.567924230030272,0.285381273128442,0.794203041437082,0.978654557380127,0.155823060005088,0.173390434968052,0.0641417969431495,-1.02608346319975,4.12714682360661,NA,NA
1256,3.42969237955593,3.73660571692654,0.999918570562325,3.50461814710802,1.37170111753581,0.857065125456545,0.968219734743936,0.937034576431732,0.65120867718535,0.626782833935693,0.254641049918369,0.517265150912921,0.357152199236676,0.205608572114841,0.0807570946492488,0.816133359184494,6.19310293503155,NA,NA
1257,-0.619668760515024,-0.572502544589256,0.104367859676589,-0.481418672339712,0.262588959093192,0.247393909620238,0.359912169674761,0.237265595851,0.867732093076454,0.319749783754698,0.720115178664215,0.364039569519227,0.167988796504098,0.184259240178741,0.993218623624649,-0.996083574900229,0.0332462302208061,NA,NA
1258,0.145715214910983,0.110052422027406,0.0537805204099402,-0.140978240656107,0.430783422523582,0.0269119877392659,0.223869356228854,0.376324174079346,0.850122223245446,0.408349985902547,0.0635462715253234,0.869410935049877,0.437360944699729,0.273814288720023,0.468688662428991,-0.985298233939228,0.703341752627014,NA,NA
1259,4.27322899268623,4.19068743793775,0.052506547471672,3.5110079663068,0.603221264451151,0.950033140719985,0.203254313514801,0.203913692060974,0.775489129505586,0.112914841077058,0.0286492704373086,0.283723405532655,0.604929446175694,0.618323891976965,0.533749172287178,2.32871601327383,4.69329991933977,NA,NA
1260,0.547524327497857,0.613631282642598,0.118652089381864,1.45597995201095,0.698518329038375,0.500357299591298,0.372379955741344,0.83038770457299,0.676365049179294,0.584268740474945,0.695053957790253,0.753992882145802,0.384650296034059,0.0681675784488907,0.985950965932687,0.0869091845546386,2.82505071946726,NA,NA
1261,0.819085058064995,1.09027263992015,0.982692578259546,0.400929067448478,1.09893285163646,0.617419262902462,0.699347011829494,0.711568264640984,0.668354762568139,0.198822137803538,0.582423649616772,0.452587932930444,0.0903042954737321,0.958362261996022,0.669419519296964,-1.75293974318688,2.55479787808383,NA,NA
1262,1.76404301006288,1.81872278935491,0.0998516811746258,1.55336859002097,0.558762513963071,0.561589654655894,0.355324633603217,0.198411181345582,0.88257887116645,0.942288082307903,0.746382041190285,0.63805327930802,0.507815415586112,0.41607888282428,0.810844905130565,0.458214186742294,2.64852299329965,NA,NA
1263,-0.6040598371652,0.455913405593639,0.801776689078881,1.08664322803267,1.14136217796074,0.270796366623719,0.566652254786692,0.449987369762268,0.626808664454147,0.24614784684428,0.259842203765875,0.872264372010017,0.963438414996374,0.950447786622099,0.995604005618254,-1.15038553408657,3.32367199015191,NA,NA
1264,2.75991512320711,2.30298614030868,0.995127721803765,3.34080291383191,0.962188842369164,0.501668917914154,0.763387922194903,0.818401839497266,0.821096276271739,0.766467317294213,0.195766411383287,0.908116088028066,0.252287592221051,0.68211394633702,0.429482387775322,1.45494743646206,5.22665839120176,NA,NA
1265,0.0981696444299096,0.798933518515549,0.594807442347478,1.04491656137618,0.31098147948321,0.0707228094809689,0.514803500516457,0.710852369257482,0.364601557331625,0.177058748631505,0.899253577138879,0.458334261555457,0.298095293084276,0.0366698514219606,0.899407447054982,0.435404061730106,1.65442906102225,NA,NA
1266,2.20004614277851,2.25989164441854,0.0506104032408603,1.97816152279654,0.349943821426872,0.0843081072627101,0.132527263101074,0.91958402266365,0.775708673203713,0.466622337094741,0.150289419357898,0.988515958513483,0.411647734434227,0.242116504195612,0.0020130218656268,1.29228423618756,2.66403880940553,NA,NA
1267,2.39674025788781,0.359921695976863,0.996537605981602,0.288857046155487,1.19064519231828,0.43955202576681,0.780542521942174,0.743631846193224,0.905977084425278,0.403538861498004,0.699121515066945,0.425234174918151,0.891266045143479,0.808684247052763,0.272968390150345,-2.04476464915411,2.62247874146508,NA,NA
1268,0.265572457235629,0.481540072489525,0.931142784459754,1.0736247888408,1.19064519231828,0.201884301527869,0.627459233157104,0.788630575216725,0.465902551311068,0.29845571950404,0.30098021386459,0.620188168379711,0.622949251837563,0.734255620246986,0.140740063834237,-1.25999690646879,3.4072464841504,NA,NA
1269,4.29516124389993,3.37369070100324,0.984364770717625,2.10040483116302,1.08165871606276,0.967529248486622,0.704517012665165,0.292915896025719,0.913430850082077,0.646248745789984,0.130826346550602,0.542310387573088,0.471374070175923,0.213496531749843,0.690322404849343,-0.019607295883822,4.22041695820986,NA,NA
1270,-0.088640041795589,0.168379482891969,0.831574188591368,0.0930633568755965,1.08165871606276,0.728518948066514,0.576740735595697,0.527191792516154,0.618071674740058,0.352580213873414,0.7363387760896,0.402443799691391,0.796380206295173,0.462744043957093,0.421598618552089,-2.02694877017124,2.21307548392244,NA,NA
1271,-0.886996225353395,-0.509041879125814,0.999844708278384,-1.18471122849635,1.1852235631601,0.399365643612575,0.935937418113463,0.0993271290448029,0.937814808988245,0.137141851917957,0.966418570206384,0.19371946280275,0.304157701839227,0.0588683814358665,0.720417099510436,-3.50770672591838,1.13828426892567,NA,NA
1272,-1.58804703895705,-0.824665410294036,0.420916216019856,-1.01652515795294,0.370193456770757,0.249904601096176,0.477726451626979,0.158042426726548,0.32758878997073,0.35055947466928,0.287438547391794,0.581247143369866,0.925483026787173,0.025318323108484,0.311450176275452,-1.74209100053601,-0.290959315369868,NA,NA
1273,2.23954523671226,2.00599197937199,0.998253426627911,2.76090632658354,1.1852235631601,0.0900985450014705,0.814848299944191,0.0900588850297499,0.0483135168877197,0.589772992416983,0.92658270541532,0.366743312946986,0.966389619926806,0.190336696887156,0.978286595315207,0.437910829161511,5.08390182400556,NA,NA
1274,3.69238608600315,3.67290721986467,0.0500809364399718,3.78976057471677,0.94325824945369,0.998694267268176,0.0314766045620199,0.0899401282978943,0.15776173342322,0.856548245690879,0.331228701952612,0.404045311743743,0.991810095940018,0.572389852431719,0.869629199476214,1.94100837766724,5.6385127717663,NA,NA
1275,-2.56838248540578,-1.63221976199863,0.986159219754685,-1.52915641190044,1.1852235631601,0.189848146589473,0.71070831219398,0.13692221014353,0.279589777385001,0.385204037542455,0.355941471322789,0.670913438691292,0.481220932718832,0.0151407558582723,0.991600254893419,-3.85215190932246,0.793839085521587,NA,NA
1276,4.26912714587785,4.07866272816077,0.497162794887621,3.81731193589326,1.32370409105544,0.713255617073854,0.494132812643191,0.142011706413003,0.604778427738813,0.0687762189012719,0.0986960624966305,0.382225908469176,0.544300290946732,0.823504185037804,0.771834357344545,1.22289959123626,6.41172428055025,NA,NA
1277,-0.830833217129726,-0.920618475383833,0.0562483110949705,-2.17870105262768,0.372120256478824,0.0263995563496137,0.24912240561482,0.952173116070335,0.570809949341463,0.867908935772604,0.0526000040045474,0.136058498219121,0.634464385596104,0.287636768758879,0.392687941816403,-2.90804335324399,-1.44935875201138,NA,NA
1278,3.05386851360974,3.17242966140243,0.0500484037317575,4.64608288786496,0.39781976142265,0.814544950929238,0.00577053010975942,0.411613396027358,0.518095756077906,0.00389562497206498,0.946649733326514,0.334749037921429,0.439207591207232,0.833094328808365,0.0866922917007469,3.86637048313825,5.42579529259167,NA,NA
1279,-1.67686446632239,-1.85219154573962,0.116993062587347,-1.60467859407002,0.343341185568482,0.233048821507022,0.371062800667249,0.183922829315765,0.608523188670631,0.787774705344811,0.818545061868965,0.624882085849415,0.450707881911192,0.310279068274889,0.594410566498875,-2.27761495219353,-0.931742235946513,NA,NA
1280,1.33574064882811,1.12927135790275,0.9912069551264,1.68070657574387,1.37166271670743,0.734226787263295,0.733660099637345,0.479145100244205,0.178701176881325,0.340541655601002,0.859582019672962,0.928631318827975,0.472605191629613,0.753633620830718,0.365140268690418,-1.00770294793905,4.36911609942679,NA,NA
1281,1.52643756315296,1.58998920992493,0.0502313876792256,1.95932858844809,0.349943821426872,0.482925333924242,0.084006045046146,0.8588403335982,0.765258592617931,0.508896286119358,0.994779465625179,0.197066427836427,0.401029832541826,0.858963219906669,0.0221524043251993,1.2734513018391,2.64520587505707,NA,NA
1282,1.90747987304879,1.92414512900664,0.99954621648644,1.71111525004372,1.1852235631601,0.427105837277137,0.882305962033221,0.126315233067842,0.120212584310095,0.176607515053358,0.0773441895192955,0.196233207394718,0.408992357236682,0.158689248001901,0.863546664353693,-0.611880247378309,4.03411074746574,NA,NA
1283,1.66785053133617,1.51775035635915,0.310786522437802,1.42896653565214,0.31098147948321,0.0240408597483765,0.451407554555684,0.723970523813739,0.217851952051162,0.732707461366081,0.749757459467277,0.943147634120658,0.85456299659505,0.411452662391355,0.530739491701126,0.819454036006069,2.03847903529822,NA,NA
1284,-1.5326227461974,-1.43795031041092,0.2091778173481,-0.840388335822996,0.370193456770757,0.125810247476096,0.419847439181642,0.328013215370593,0.39525509808166,0.0202780969546875,0.939351271572639,0.907019432468805,0.489260211217916,0.815005949734943,0.452851799563854,-1.56595417840606,-0.114822493239927,NA,NA
1285,1.61003574344932,1.69030061052643,0.0502793632103547,1.71382751436955,0.337479636818248,0.441431508881156,0.0934294805305544,0.733411512621678,0.753052625101758,0.0905885367847513,0.223519516953733,0.31528044281702,0.0413667320929235,0.383189315601951,0.596392500320566,1.05237958069013,2.37527544804897,NA,NA
1286,-1.4383936371842,-1.36990611907674,0.61276120948449,-1.41181087005417,0.37813898880902,0.122484992867918,0.518690693310346,0.0892398594917031,0.788708068405977,0.583855280240998,0.268426716133486,0.90069680694805,0.104414174672216,0.153156526895938,0.41261867754499,-2.15294966927025,-0.6706720708381,NA,NA
1287,-3.09873832449588,-1.94644406975128,0.998101721661498,-1.77201545356384,1.14136217796074,0.017634962195647,0.810675723003922,0.667611786967958,0.725253758558771,0.257113128875964,0.321770374276093,0.625700625833939,0.579707158929552,0.490528747295029,0.781499425470829,-4.00904421568308,0.465013308555405,NA,NA
1288,-0.889650179602785,-0.845691754999485,0.0539570637989885,-1.50620386500067,0.343341185568482,0.479210453826818,0.226160716510843,0.523809653762612,0.622699452392408,0.709452336772578,0.82691379468434,0.926752343526226,0.979268025803612,0.0771171646272996,0.614252870286931,-2.17914022312418,-0.833267506877161,NA,NA
1289,-0.107531582457221,-0.15609204715903,0.0503713063239708,-0.727781375366364,0.372120256478824,0.420286115023191,0.107660052729771,0.993013822016306,0.838673694367753,0.229782172866981,0.566714574200334,0.611096913102781,0.522039871944697,0.516844091316802,0.611780733493273,-1.45712367598267,0.00156092524993934,NA,NA
1290,1.20938249854696,1.5507195435992,0.999879613068289,1.10870964851776,1.37661810341601,0.0282178705135593,0.948668977304129,0.911997255305876,0.747519025366753,0.652056019067066,0.913538267579861,0.144127495875815,0.00306351668783464,0.129057783428114,0.457795255861944,-1.58941225464345,3.80683155167897,NA,NA
1291,-1.8253933315572,-1.6252304680678,0.239007279275884,-1.30806093108676,0.44666515429227,0.458976926089963,0.430358086829889,0.436959252748173,0.95984117093333,0.3730013239166,0.937483456588001,0.375433278929559,0.488673438337399,0.602929799869307,0.956745114518562,-2.18350854664863,-0.43261331552488,NA,NA
1292,4.03328216815713,3.83050902963772,0.171484971733416,3.66937471844165,0.545036572557758,0.906018533725524,0.404007779493229,0.739502674686257,0.253122939125984,0.837307797080488,0.113754045610782,0.298015579274157,0.487361135443556,0.669848314276431,0.567561903034686,2.60112266597129,4.737626770912,NA,NA
1293,0.398561992545693,-0.111331652523803,0.998809594680994,-0.291282634143899,1.08165871606276,0.7748784566588,0.83404571436462,0.305975023762323,0.692914346665377,0.572326455423958,0.282300864262506,0.0491002224566182,0.828197828248958,0.11312965986738,0.687917446769076,-2.41129476119074,1.82872949290294,NA,NA
1294,2.44422244219073,2.31228231204721,0.995998157519434,2.41736359892554,1.32370409105544,0.58188988864515,0.773274287309381,0.195246016838122,0.983673110733624,0.905197428107494,0.799754045041278,0.811027658563107,0.4249167309599,0.926117638150114,0.510107683517272,-0.17704874573145,5.01177594358253,NA,NA
1295,2.64787263196882,2.64256294112338,0.0500960763172425,3.17085631619591,0.372627617852121,0.92984666582197,0.0400513360712212,0.390756750775035,0.847524448697688,0.563452750167926,0.682457458674558,0.19039161070867,0.947255505642737,0.804488369518542,0.646623829797725,2.4405196055608,3.90119302683103,NA,NA
1296,-0.823558919889953,-0.925225315369842,0.888326741245079,-1.53350559989568,1.14136217796074,0.423336077674874,0.600791532773408,0.542193043542095,0.524430017557112,0.552736530358437,0.238878898928873,0.758268969525583,0.0239665503620636,0.536393791888026,0.454743213688838,-3.77053436201492,0.703523162223567,NA,NA
1297,3.67839581570338,3.64570724827454,0.0500797380278768,2.69717263015145,0.0849334629424449,0.699249039303046,0.0307306642220356,0.301653473341023,0.236190490184352,0.201014181364095,0.918462977947784,0.329611880631885,0.855434303679038,0.00690537720639259,0.00813369637727737,2.53070610170199,2.86363915860091,NA,NA
1298,-1.64551524333349,-1.53360763705681,0.263086079092733,-1.96044475460801,0.343341185568482,0.324313828226528,0.437961256124894,0.640375928652589,0.446276467233896,0.548989670842188,0.91441226829926,0.157684425162151,0.136131416943274,0.427993054071558,0.169023535200977,-2.63338111273152,-1.28750839648451,NA,NA
1299,1.51375299824102,-0.472301844068372,0.999928363694875,-0.289708377519848,1.19064519231828,0.102103782358696,0.974626992690726,0.949299227223964,0.943855047311867,0.314087524764705,0.871174888931331,0.915203414831194,0.49529601521499,0.834644024088746,0.634078963995911,-2.62333007282944,2.04391331778975,NA,NA
1300,0.894584919284827,1.28233496343219,0.933574858930203,1.79081921100905,1.14136217796074,0.257700707134558,0.629395020137657,0.489697896865197,0.996008790483931,0.920890082196216,0.442292978284415,0.39167102461867,0.526258310090285,0.757823230761336,0.358799087575055,-0.446209551110194,4.02784797312829,NA,NA
1301,-1.30484555918426,-1.30318319427505,0.0503678496477705,-1.55479064193906,0.372120256478824,0.267221150453901,0.107192215520306,0.960670166729018,0.159139086919138,0.830028695010464,0.0956769447077531,0.126273326732451,0.364398459507152,0.538685026231571,0.196509805547423,-2.28413294255536,-0.825448341322756,NA,NA
1302,-0.105894800584794,-0.198591662848446,0.236072892077352,-1.02978736410057,0.31685027382947,0.480003989442135,0.42938330568478,0.500363969231839,0.807926634116098,0.253066493923659,0.188137448114576,0.531447830099147,0.756293495010585,0.0545049142834032,0.855347586049465,-1.65080248929798,-0.408772238903153,NA,NA
1303,3.83838177069589,3.50455589294251,0.895014632537698,3.52190356152718,1.37166271670743,0.576779944256297,0.604276648043771,0.757158423251822,0.27191244128719,0.0770267830082448,0.193116461152327,0.012238986159442,0.229906307908939,0.699434823014075,0.639991704656393,0.833494037844262,6.2103130852101,NA,NA
1304,3.92127795667684,3.85670656473151,0.28634046576948,2.92356732002542,0.94325824945369,0.637987359488383,0.444743370558484,0.102521977939876,0.152779115230427,0.940050801361096,0.422324959213031,0.504017861327389,0.413631067089038,0.739563966186019,0.16969434302696,1.07481512297589,4.77231951707495,NA,NA
1305,-2.45891460831932,-1.99713146369394,0.985048498805186,-1.560765827008,1.14136217796074,0.0583238110337406,0.70678933445795,0.572835066393949,0.426650514741312,0.690871068070061,0.980860713090515,0.966244121855358,0.659637556957197,0.455744978139759,0.838977024743683,-3.79779458912724,0.676262935111242,NA,NA
1306,1.73795024083634,1.78762966584426,0.05007440188212,1.79680067137513,0.323132902568914,0.162779613216058,0.027267114804592,0.116482743094326,0.161491437478806,0.717118071726756,0.506297755846521,0.81159182603145,0.515297469358775,0.637617860880913,0.601251254081959,1.16347182012017,2.43012952263009,NA,NA
1307,2.89624717179119,3.23677125571267,0.35215132772979,3.12015490874586,0.476240077021976,0.827215682285256,0.46186354192195,0.626012944095884,0.110344973288709,0.686736626979429,0.683949552730424,0.726589821292204,0.165162291104323,0.830917146755732,0.09787219727505,2.1867415097882,4.05356830770351,NA,NA
1308,2.37100284550149,2.53777060399594,0.990421701635394,2.10663423763901,1.10072686126702,0.723283320336836,0.729341422047815,0.590744767093915,0.541180717689684,0.974847590113291,0.796316059586243,0.982190769815119,0.980816898585064,0.320928313322132,0.0915768486156594,-0.0507507672601735,4.26401924253819,NA,NA
1309,-0.00668412706939664,0.178314603078713,0.680383076746567,-0.388989866483455,0.617286814242878,0.71198766935966,0.533960226453724,0.627440328774159,0.836454334503156,0.690423555450398,0.159559183924226,0.465369783976581,0.0401317232606234,0.923870521453675,0.39417949141236,-1.59884979053096,0.820870057564053,NA,NA
1310,2.23824493077676,2.32936170241787,0.0533627289784873,2.49121779060184,0.323132902568914,0.0535665828286437,0.21799184250168,0.587736542842933,0.0213472104936372,0.429553192383843,0.943410069233505,0.109586342978524,0.0530098426300101,0.694847247838741,0.671927090546116,1.85788893934688,3.1245466418568,NA,NA
1311,-1.85119608873708,-2.03923008038719,0.162459808361063,-1.92227527116635,0.343341185568482,0.00199761254864279,0.399606332311756,0.2010929012876,0.952729009691626,0.493594801414059,0.944763925021398,0.212012698164093,0.938901086164289,0.259815184577485,0.864402223180281,-2.59521162928986,-1.24933891304284,NA,NA
1312,0.791475961935681,0.178411328929901,0.998698740425412,-0.560448912562673,1.37661810341601,0.249021781357238,0.829587929990026,0.855768583885161,0.783393683407921,0.829653462246526,0.867002736790106,0.477538789320504,0.503636496484978,0.202916880165692,0.463758230539854,-3.25857081572388,2.13767299059854,NA,NA
1313,1.2499130079103,1.28400545743287,0.0597897718964143,1.31899026331414,0.57692607791002,0.813812984666671,0.271761732972111,0.0964631175901741,0.900776093927445,0.870516373049351,0.569394212602056,0.879039874690818,0.237939304114087,0.0804056847422617,0.335062889591558,0.188235928868552,2.44974459775973,NA,NA
1314,1.02359087322463,1.07597158134379,0.982847474391367,1.94222907584907,1.37166271670743,0.823424867769121,0.699804814011208,0.730321249922854,0.225211918055546,0.234658073213417,0.420357187740505,0.469789467612165,0.10019816642045,0.96703522907279,0.99149670963292,-0.746180447833848,4.63063859953199,NA,NA
1315,-0.743410798228456,-0.172760373655962,0.998635389157035,0.894113649122529,0.140392434076655,0.0599410755172139,0.827207761410507,0.205457797989482,0.393266775523662,0.272731606042711,0.520584911343642,0.727519266215502,0.941767984283739,0.702323396228952,0.0857031586098019,0.618949534630372,1.16927776361469,NA,NA
1316,0.593856523719761,0.686553898051984,0.175895343209844,0.227003699006357,0.372120256478824,0.478088705342379,0.406057670992333,0.965375065949862,0.791734181433334,0.677046494637965,0.013937987367739,0.792026673191693,0.565452829685877,0.394879532266292,0.373210225014598,-0.502338601609946,0.95634599962266,NA,NA
1317,3.07060435834257,2.26226037154519,0.8981704460568,3.02927785095397,1.32370409105544,0.523979744720855,0.605989061876782,0.250417982655112,0.7117573099609,0.693658529074164,0.546795415032189,0.582418059707736,0.0980735255370382,0.482196889638086,0.242045110889943,0.434865506296977,5.62369019561096,NA,NA
1318,0.815446352868266,0.0228214770032619,0.999939241318143,1.1451892408017,1.32370409105544,0.524601275535184,0.982862166089471,0.239359688621247,0.7966379512368,0.502246593631338,0.555286539402674,0.119124446003698,0.769448458693572,0.880205399151891,0.601589091315865,-1.44922310385529,3.7396015854587,NA,NA
1319,-0.10957880568509,0.0466447533035504,0.998042818303947,0.582265062451664,1.37166271670743,0.694493070882861,0.809144706997089,0.79108478529891,0.0846081861334387,0.853094863436767,0.347481714096735,0.510427881521755,0.811962794703664,0.0963907650969923,0.019976280884468,-2.10614446123126,3.27067458613458,NA,NA
1320,-2.16798692070181,-0.991459200572629,0.999436469553871,-0.764744008347754,1.1852235631601,0.438603289351915,0.871470126760425,0.0595531582691474,0.787112176582799,0.76567021783744,0.896511496726773,0.373951451672474,0.885503399944399,0.282826373385731,0.798149004550069,-3.08773950576978,1.55825148907427,NA,NA
1321,-2.31437455615957,-1.71690888620836,0.999317256357701,-1.36481925909263,1.37661810341601,0.186757802544511,0.861868943963898,0.857002031226875,0.122381147457287,0.947944067242555,0.499009912927519,0.224794673014549,0.907115678195725,0.358361406472977,0.0837725052838214,-4.06294116225384,1.33330264406858,NA,NA
1322,1.50512431610127,1.48194883192727,0.0638085096892683,2.12626613542818,0.349943821426872,0.0746742784648668,0.289173250352382,0.814609548211796,0.813566598951002,0.483595922603155,0.559842771084048,0.424748972136294,0.480194196838886,0.706900791274384,0.174996932879207,1.4403888488192,2.81214342203717,NA,NA
1323,-2.29657594337091,-1.44932501566193,0.999948951079801,-1.31505713015049,1.1852235631601,0.422896657808218,0.991568956693518,0.0287409745429177,0.854743519064272,0.655282757729758,0.888120467082015,0.0730976195279509,0.617300877658068,0.782020257598953,0.518209946664749,-3.63805262757251,1.00793836727154,NA,NA
1324,-1.93178723530626,-0.888024609923599,0.999787243593546,-1.75100133308943,1.1852235631601,0.426221720620291,0.920192270239582,0.14565421511454,0.894330025081174,0.117156323139323,0.16849324326776,0.0775147814720403,0.183077541773906,0.124843202827498,0.844761133219697,-4.07399683051145,0.571994164332597,NA,NA
1325,-2.09414087141373,-1.85758379657474,0.348392417274912,-1.48906874910181,0.563517724421457,0.340142754027271,0.460948347149184,0.0129310456190724,0.791368075321428,0.244685293713468,0.937904173366143,0.526291975902743,0.241236717354157,0.619096999140922,0.483886582763633,-2.59354319361784,-0.384594304585791,NA,NA
1326,0.705330794903327,0.727987895737515,0.0543171790862426,0.558968315088488,0.37813898880902,0.151120182383573,0.230534748564241,0.460031195312738,0.601242521009175,0.55882820173935,0.352921976585989,0.618212453836459,0.562420778056607,0.371076615896891,0.785955723608145,-0.182170484127585,1.30010711430456,NA,NA
1327,3.03308227966028,2.97752343847227,0.112215551498576,2.73534352534157,0.612086180875053,0.7675933571395,0.367093800861738,0.207957150448696,0.64405064785073,0.701472862360184,0.135245039110305,0.380434384042979,0.97068098354328,0.91449779767578,0.832756321447901,1.53567665539179,3.93501039529134,NA,NA
1328,-1.92474882484102,-2.40389263167382,0.741669429161202,-1.75449380244528,1.37661810341601,0.109849668647279,0.549243404542794,0.991299578690203,0.807446261909674,0.93995424919168,0.857750025566784,0.37903979152278,0.665424868208473,0.935468154425849,0.21443530516699,-4.45261570560649,0.943628100715935,NA,NA
1329,-1.21353457109838,-0.377444709552076,0.886617249144649,-0.0337583766829548,1.14136217796074,0.284006886166986,0.59992987030407,0.427151209539617,0.367128648805432,0.503248989173677,0.48756653018482,0.454504011696205,0.209647997591295,0.0723224955949699,0.478300539651304,-2.2707871388022,2.20327038543629,NA,NA
1330,0.474833808264791,0.413811191881116,0.054546862915948,0.548179950735971,0.685105647432618,0.5477053116553,0.233138660172001,0.260321103429538,0.780663528656005,0.310970944141736,0.249225587863126,0.182240985688753,0.916044548303471,0.163574698810466,0.710498250939068,-0.794602443836956,1.8909623453089,NA,NA
1331,1.76126072025824,1.88253150551022,0.641134219819798,2.32489250203036,0.59258451549253,0.687525657815393,0.524954732534941,0.971996564352186,0.0326258231682004,0.0439360149524873,0.961070773883257,0.61441002456937,0.189265377485543,0.879939321179292,0.531495647642645,1.16344819386889,3.48633681019184,NA,NA
1332,-0.350828205572146,-0.302426982661325,0.288694252930773,-0.0885501827825725,0.75475101926853,0.455985823306721,0.445404054757091,0.138472659224994,0.368989189580316,0.399755684806383,0.781578166908002,0.184691325282911,0.781536722214427,0.782763244580827,0.209318161736126,-1.56783499784379,1.39073463227864,NA,NA
1333,0.466183418469927,0.422980116916039,0.050457726810624,0.547562126814803,0.348750389849436,0.708334887199919,0.11812685965118,0.418661409036489,0.697223766561947,0.235554257031647,0.0314630054396112,0.467073315935093,0.553585210818099,0.441287874291302,0.847233749012463,-0.135976076884394,1.231100330514,NA,NA
1334,4.31572201789497,2.0609886072185,0.999806220225079,1.13025071230541,1.19064519231828,0.0528112909502815,0.924864546531229,0.76483135615068,0.257493885013624,0.570486375610577,0.342743474899325,0.31144187250128,0.841693160351249,0.201234908080078,0.434887524340069,-1.20337098300419,3.463872407615,NA,NA
1335,-1.3964855853729,-1.31438934962927,0.0502599096353883,-0.234486381446691,0.37813898880902,0.306078908239026,0.0898195188675309,0.520127615229343,0.404609034818946,0.53737179760891,0.394409553800942,0.166458524181275,0.842970416796743,0.109542629540549,0.986274634054513,-0.975625180662764,0.506652417769382,NA,NA
1336,1.01848852780499,1.00004386576945,0.0500730336969909,0.76663891526366,0.614580804270818,0.503255888137384,0.0263390277106082,0.112583204873139,0.732055962853017,0.408735792853986,0.289632375166635,0.129911972529255,0.303582726195338,0.177652842496289,0.858221903742291,-0.437917326696804,1.97119515722412,NA,NA
1337,4.04784399588698,4.00729612792437,0.0500520207795023,3.78324961607928,0.571752048327713,0.826226897677639,0.00937403706053738,0.559737294407445,0.00579573162831366,0.2260290480064,0.393721185053699,0.485604795142543,0.944393828021479,0.406853908708319,0.471568535283208,2.66263619326995,4.9038630388886,NA,NA
1338,5.57685881397479,3.82142804900939,0.956558049994633,3.75358023393866,1.08165871606276,0.758778898795834,0.651911475070054,0.414129835262196,0.641972030209028,0.0810952283928636,0.844330330732511,0.47707635442703,0.333384045762359,0.0167171149286441,0.607661389585934,1.63356810689182,5.8735923609855,NA,NA
1339,4.06033944195738,3.99780137331305,0.0504717995459073,3.8500920284303,0.417270739335939,0.846464960626909,0.119641684769536,0.776838737056358,0.165005297382362,0.121122228444554,0.576268364359159,0.57156932434591,0.486130333348527,0.632470640666666,0.559181357669411,3.03225640752946,4.66792764933114,NA,NA
1340,2.18404977956222,2.33992991997407,0.0500705571082459,2.32086503095216,0.646881320776028,0.071859495617915,0.0246139718885534,0.0208158198469318,0.371018635287182,0.851114202283206,0.564417630133568,0.412512777297059,0.511380984201794,0.0922890694923699,0.180015356422635,1.05300093995945,3.58872912194488,NA,NA
1341,-2.78586200127625,-1.82165230237421,0.999812611844372,-1.19072737714002,1.14136217796074,0.15871452582418,0.926541891465662,0.468342623436474,0.782121329838294,0.0808367705014534,0.299365555084427,0.941707885999931,0.107957924391143,0.56264559619152,0.585228470080649,-3.42775613925926,1.04630138497923,NA,NA
1342,-1.03037595509381,-0.261766128531466,0.958239000704321,0.251680662446635,1.10072686126702,0.738014672113932,0.653977234390913,0.568194046263234,0.405699954953045,0.85551172652503,0.0624646473028697,0.844087146656471,0.569581926680286,0.892545835026889,0.943355348593672,-1.90570434245255,2.40906566734582,NA,NA
1343,-1.28627309388529,-1.2544810166736,0.999558281876673,-0.409481333469086,1.14136217796074,0.169063107026741,0.883654012019397,0.524189561965992,0.645314377392642,0.223850126558798,0.362599416665733,0.579754376545898,0.721859078343608,0.916565426097601,0.774922509032884,-2.64651009558833,1.82754742865016,NA,NA
1344,1.75767833098011,1.6429881023699,0.802890202534541,1.57978157027509,1.37166271670743,0.575948580588098,0.56700792413915,0.799964590773569,0.231221815672005,0.896232574433321,0.429750901071588,0.216465635371278,0.0430095083267661,0.458526319966535,0.128462474620435,-1.10862795340783,4.26819109395801,NA,NA
1345,0.98494070380973,1.03817808212851,0.766649058166749,1.25757600851849,0.140392434076655,0.362848200866021,0.556102137681213,0.324929983230424,0.443662220392958,0.912427214107593,0.157642100206343,0.700748520343099,0.976215824805899,0.239998089812696,0.0298493240843527,0.98241189402633,1.53274012301064,NA,NA
1346,3.05794182256459,2.62679643309898,0.868388224863567,2.48606143871406,1.10072686126702,0.902003387886914,0.591374016746413,0.833628801033017,0.390275527738617,0.88279710716242,0.930246051953174,0.805926195901702,0.364823522106861,0.401234582724283,0.195288962213788,0.328676433814874,4.64344644361324,NA,NA
1347,-4.25715290053976,-1.16579992314452,0.942222385066899,-1.24589406166043,1.1852235631601,0.418631389464135,0.636855699817534,0.0814490114444634,0.603554848664324,0.0143043757455889,0.48807459808432,0.473789295286057,0.767061637330917,0.800078066013171,0.341647363262135,-3.56888955908246,1.07710143576159,NA,NA
1348,2.66155183562599,2.51083892217469,0.289133598999421,2.79068193661067,0.6011147648173,0.538451271297876,0.445526893909439,0.0928222903114511,0.473686131683062,0.560637395869475,0.115924980751588,0.245089774085209,0.363582221866818,0.449562995375483,0.403548586102668,1.6125186469935,3.96884522622784,NA,NA
1349,2.77070027722146,0.732916565257431,0.999353070493261,1.50850724803146,1.37166271670743,0.924690134817967,0.864564935932402,0.639295015612617,0.014866742689861,0.854639062825125,0.10869955368957,0.517910443044966,0.00540815871022642,0.977455295062391,0.00705731649626978,-1.17990227565146,4.19691677171438,NA,NA
1350,3.79701808762374,3.77447516369018,0.0503065845788595,3.76764082663678,0.527392176361802,0.949144001384033,0.0980799588514492,0.342775966537767,0.297917618270847,0.556753168182098,0.878492538787308,0.582524734592647,0.629428421064862,0.498721226739348,0.424061507668695,2.73397115523945,4.80131049803411,NA,NA
1351,2.84837042099318,3.93299092102264,0.99944730629901,3.73205735667465,1.13359871943507,0.856045702100149,0.872441567472764,0.0238611046754522,0.320453290639678,0.381531718700891,0.213811391848023,0.229214002143592,0.46053188047884,0.215591875038575,0.982637881709496,1.51024469366119,5.95387001968811,NA,NA
1352,2.65490360984374,1.55155052394475,0.999629806738597,1.88199800045694,1.37170111753581,0.965846452952246,0.892490115656285,0.904297791375313,0.184537481221138,0.657170004067128,0.996215574276866,0.689792089166236,0.229300976267201,0.631754138089716,0.450913595726597,-0.806486787466589,4.57048278838047,NA,NA
1353,2.28435996607903,2.32793478248642,0.052387086759854,2.12255919182405,0.190188486689646,0.244173424336128,0.200806379700545,0.327220411992748,0.436228525441722,0.372959503920749,0.633954637236078,0.122116384916473,0.46791410877672,0.303118169562076,0.480171440183069,1.74979660763817,2.49532177600993,NA,NA
1354,1.95268266645246,2.02992274132593,0.160779822044135,1.73690681191738,0.777607024826668,0.404406096179038,0.398753577257274,0.687761674336041,0.25112912810035,0.762175091551035,0.892888132902211,0.909438354704063,0.388502537029446,0.212627696138923,0.0121590583743528,0.212825049131764,3.26098857470299,NA,NA
1355,-0.932746659522591,-0.838560876963591,0.135899695962849,-0.321059802614336,0.482508761267098,0.0290659616732737,0.38457457174256,0.0139871167127276,0.58803004802682,0.418982441944536,0.619595064974506,0.955138978836127,0.582280892934534,0.28833438946004,0.936156383026158,-1.26675959692288,0.62463999169421,NA,NA
1356,0.508317603637311,0.447924013191854,0.0628303549776505,0.44478243858499,0.323132902568914,0.486296680566273,0.285447476446279,0.292025988674257,0.10827491649508,0.496686159703298,0.625512957972125,0.237232388016302,0.165774242525571,0.667483689067769,0.829115588422399,-0.188546412669971,1.07811128983995,NA,NA
1357,1.35246995919666,1.39280600145933,0.0501123608834173,1.2755161194242,0.337479636818248,0.128757423504954,0.0478808441309957,0.888704376513837,0.215829372229869,0.303545776221436,0.660021277853521,0.361968801663723,0.173912249698536,0.323282091203961,0.962790863695787,0.614068185744775,1.93696405310362,NA,NA
1358,1.09432903647258,1.135623051524,0.0560753527759845,1.25251075038905,0.337479636818248,0.101212260526838,0.247709685877897,0.805543999598129,0.615803678258439,0.153615587768378,0.526203748435597,0.927370400547166,0.851168522335007,0.652412875202717,0.763974119213643,0.591062816709628,1.91395868406847,NA,NA
1359,-0.0741813548101566,-0.157821210546984,0.769878648405166,0.249278720877614,1.19064519231828,0.276522277200129,0.557023793425527,0.78660871782701,0.714461783633567,0.314722197694238,0.400577453051112,0.272629437259282,0.944818035990931,0.758344205521396,0.952417442031438,-2.08434297443198,2.58290041618721,NA,NA
1360,3.17589273575475,3.08952463649456,0.229305868370544,2.77982954320942,0.536833322878728,0.783591922925087,0.42709007654991,0.402047632520436,0.525052925094147,0.699817880536779,0.483101380727021,0.653044641697896,0.571544336355408,0.776301816788502,0.602292964587803,1.72765556466615,3.83200352175269,NA,NA
1361,-1.34435969715103,-1.20750951936704,0.120971106513891,-0.525073791521346,0.233690708282862,0.433406919680885,0.374172753785038,0.290907690940658,0.90289976490289,0.427818583189044,0.650497705390211,0.388327751867124,0.871298851889558,0.0407386336295167,0.982082490708446,-0.983099163277412,-0.0670484197652796,NA,NA
1362,3.51775578285717,3.81053099343077,0.888782578324304,3.59813356267074,1.37170111753581,0.795941447578953,0.601023224488017,0.938335290677147,0.557276852677925,0.0706631169519387,0.522227227058145,0.105590739604551,0.391062647545477,0.889824299076456,0.0896264597869012,0.909648774747211,6.28661835059427,NA,NA
1363,-0.0231422025270117,0.669186141488864,0.60482029361989,1.59655521813271,0.623278981199067,0.807382866548491,0.516965182586573,0.955167855579872,0.949615950954729,0.101650324202492,0.940801346103544,0.790920776729705,0.14935285331856,0.515729509594734,0.871071714376216,0.374950862661725,2.8181595736037,NA,NA
1364,3.59982905320694,3.75656358332209,0.111599356692023,3.53424028974847,0.615568622900434,0.793928134099231,0.366561430551694,0.973003059163224,0.608368216092349,0.664008393935277,0.0923105034990003,0.0977773264554562,0.774285983092617,0.491669762837002,0.0490536886360496,2.3277479588507,4.74073262064624,NA,NA
1365,3.08297847948079,3.10522832642737,0.19607132775196,2.79749986838859,0.0935523727728383,0.6143408694627,0.414729224976036,0.633073433168698,0.441890306035639,0.57598267650581,0.408354557710351,0.743775583739858,0.669633794695605,0.766357236811426,0.12300521349709,2.61414058708556,2.98085914969162,NA,NA
1366,3.65051069160862,3.65768085214392,0.0682880009334039,3.4768315779168,0.628154965408861,0.905216766970698,0.303461070251884,0.075209589258302,0.859958420090959,0.593289286699495,0.805418458236032,0.217942162928055,0.831380703851464,0.329371358293924,0.152755449629738,2.24567046900543,4.70799268682817,NA,NA
1367,2.81008111814604,3.22638694362068,0.999859126439191,3.08228046378494,1.37170111753581,0.602054394909996,0.940810310419882,0.954962762381998,0.909970541121438,0.443520920258015,0.134000229075085,0.656914678479312,0.157424789415323,0.559968227844336,0.969306485818,0.393795675861415,5.77076525170847,NA,NA
1368,1.5546396598143,1.5865092796035,0.0512504895760774,1.6312010676753,0.337479636818248,0.180963646856137,0.168419516140479,0.865274500887957,0.721699725745712,0.252332014845102,0.657952690434875,0.638567150948802,0.873746244848589,0.74362311141158,0.554360028670752,0.969753133995872,2.29264900135472,NA,NA
1369,-0.968266329327018,-0.947682400040354,0.0553322156618779,-1.59719867648566,0.372120256478824,0.31581438370503,0.241146676674602,0.980720980537357,0.921435854481184,0.666091332825948,0.027454940289841,0.482048881487688,0.571340074244654,0.278082457342651,0.0923792419076199,-2.32654097710197,-0.867856375869361,NA,NA
1370,2.61065671565627,2.6130281910325,0.0552723554010894,2.94264588229085,0.666078536363234,0.525289779928979,0.240579026435036,0.0301491512226639,0.858186281787115,0.931337255147635,0.176899057570379,0.932726988701383,0.771530915039009,0.967704733913415,0.515793180065928,1.63715594014376,4.24813582443794,NA,NA
1371,2.43237494014157,2.37496721587538,0.0507487270463564,1.6492316048184,0.721551191530358,0.0368664228359703,0.142747283695266,0.694879479674622,0.101747773889336,0.419125817054301,0.580822789509548,0.39404732673103,0.525958500207518,0.172067612206796,0.841673471729155,0.23501725641694,3.06344595321987,NA,NA
1372,-1.09018643577998,-0.752911809541649,0.971377369446319,0.837247086941684,1.09893285163646,0.685063668111456,0.673583600405836,0.574331563247717,0.999138697876129,0.634635823074263,0.493674775983323,0.287789936662884,0.951634079980897,0.826821697329637,0.947115915001486,-1.31662172369367,2.99111589757704,NA,NA
1373,2.94658900671894,2.29701550328162,0.817013064031826,2.29028773442102,1.1852235631601,0.359937599111465,0.571654453585856,0.125580512480461,0.383374505315209,0.987538949741516,0.709607973327045,0.121794195438386,0.435061061061686,0.01835742050095,0.336986276342184,-0.0327077630010053,4.61328323184305,NA,NA
1374,1.06402313919402,0.963225529130033,0.221269490042715,1.33948189498919,0.349943821426872,0.254605629153433,0.424278661934426,0.745453069555922,0.45364246942848,0.680582233297522,0.576726093818084,0.860587157236529,0.869551060205209,0.338702544273343,0.171924975803704,0.653604608380208,2.02535918159818,NA,NA
1375,0.819589223807003,0.00418530990805488,0.999507482594456,-0.0114816944108564,1.09893285163646,0.568166724670678,0.87820844442863,0.716776100731571,0.635523912662873,0.137601611791179,0.735084920226829,0.336605487351073,0.950253271217807,0.290950950880419,0.85174399493495,-2.16535050504621,2.1423871162245,NA,NA
1376,1.52363204703055,0.889565678159417,0.98017924431674,0.648791404658938,1.14136217796074,0.41817059998773,0.69243238239584,0.654129162468598,0.197753070421983,0.47707426757284,0.472152797396644,0.429373962423531,0.957993586870492,0.0857754269314464,0.90201305008796,-1.5882373574603,2.88582016677818,NA,NA
1377,0.755230672686675,0.975249604984798,0.21479320426893,0.715923797418647,0.73744500244325,0.653351909439429,0.421937213162542,0.604714341220912,0.311722391121439,0.00956263875158038,0.96039020491729,0.00537349882663693,0.219692709734547,0.663584452992538,0.0774714479474351,-0.729441847949174,2.16128944278647,NA,NA
1378,-1.45569565150092,-1.47071405321383,0.0502231717219193,-1.39096977821415,0.370193456770757,0.135305667283479,0.0821979605096858,0.082159787110053,0.311303301709355,0.341798401552718,0.659593038235558,0.324156658791704,0.521722063280293,0.388103259010473,0.878664435737184,-2.11653562079722,-0.665403935631082,NA,NA
1379,0.902352970300058,0.93736354552443,0.062446092231921,0.95140433701501,0.570358854888886,0.592453867558506,0.28390662194381,0.160565064515104,0.573837802174385,0.334466047817026,0.228707866564509,0.141862755205249,0.923764166944195,0.172593524563126,0.753278581587947,-0.166478476830713,2.06928715086073,NA,NA
1380,1.20730039092253,1.03834590805219,0.491039233929394,0.592890828929046,0.563204736134852,0.183203147403314,0.492838145207381,0.126856453354703,0.245670168461511,0.0784674717029557,0.147127294236561,0.698008984665386,0.13827068206307,0.674375443324679,0.0213932302962057,-0.510970169817648,1.69675182767574,NA,NA
1381,0.798794409063804,0.752359671590362,0.05010124609617,0.335707337590256,0.617312507681251,0.853962271802942,0.0426721732919104,0.929826528849313,0.25010446099937,0.926653960240423,0.197846663490403,0.0389471645313315,0.233106132213026,0.162521011600271,0.269897722269176,-0.874202944671101,1.54561761985161,NA,NA
1382,4.75419682587681,2.66116757725871,0.999373650231335,2.57022080377917,1.37166271670743,0.504590559074306,0.866182438981719,0.705694016313995,0.0540955395421479,0.160011090116459,0.401836539108423,0.516023588369484,0.71351024392934,0.324220021301298,0.0365006848584162,-0.118188719903753,5.25863032746209,NA,NA
1383,0.350404462543816,0.662326869995036,0.27801047589327,0.876448153142539,0.69416172024612,0.358538203381002,0.442369047277956,0.392365155366249,0.0960236536603188,0.356473578005447,0.903702052978566,0.766404712389223,0.296797063999227,0.526471680737916,0.207646037830506,-0.484083817986224,2.2369801242713,NA,NA
1384,-1.03517010209754,-1.0784602481097,0.050340173991615,-0.890773852013103,0.37748013559708,0.160057473176857,0.103279905259726,0.351379251632956,0.939400643481873,0.150679988392629,0.530321894952795,0.951405249771546,0.328930328323855,0.0381153767409269,0.158825462986249,-1.63062132266268,-0.15092638136353,NA,NA
1385,2.48601121447037,2.11784838812922,0.913974300079623,0.917417277089534,1.14136217796074,0.0143569623278454,0.615344846759457,0.630321895552799,0.0859709343514405,0.40066557514458,0.533172763513052,0.653738956934772,0.708886736440822,0.204532903526444,0.563765786916483,-1.31961148502971,3.15444603920878,NA,NA
1386,1.47332247788121,1.4705229360067,0.0573972668131575,1.56414090245258,0.343341185568482,0.138348675658577,0.257623283414985,0.100964183717151,0.751976624293486,0.946368840160896,0.694772324790712,0.615009157064836,0.781189444324351,0.90679372943996,0.922497622430208,0.891204544329071,2.23707726057609,NA,NA
1387,0.802538290608326,0.867583049576083,0.0964114837874272,1.11998954036698,0.37813898880902,0.318830912818899,0.351558642422198,0.334052836066927,0.420408991689095,0.545485603859182,0.0808724886012496,0.0200896687329514,0.826600308741326,0.109287918453454,0.766162575185182,0.378850741150905,1.86112833958305,NA,NA
1388,-2.29700846534726,-1.99983971670449,0.99867843226038,-2.13913258249522,1.14136217796074,0.0600409045319539,0.828812558937701,0.461643259085948,0.622159498582943,0.696143255212228,0.294332669298048,0.666470608282252,0.26138347413356,0.758859956531669,0.739113891343004,-4.37616134461446,0.0978961796240188,NA,NA
1389,2.22989194539226,0.616777616427486,0.99865969823913,1.76473735004992,1.37170111753581,0.651067544290912,0.828107768058428,0.966335499142413,0.95300438538217,0.0957107900301926,0.214802005361649,0.923071643293602,0.370685151324607,0.548773231941741,0.147772942414158,-0.923747437873605,4.45322213797345,NA,NA
1390,3.89009993787162,3.92622982094006,0.0505996724370468,3.72018558628366,0.563570745105064,0.800558010758134,0.131639886888093,0.226138734425651,0.928052647723933,0.185482012037653,0.696706184115494,0.175477493237006,0.435854832680547,0.484927641354152,0.0636083317663288,2.61560722313733,4.82476394942999,NA,NA
1391,-0.979117853800321,-0.0658445237483628,0.937123746510932,0.745418456592732,1.19064519231828,0.345369202948408,0.632340795971802,0.770932823496056,0.539156222201069,0.202373462221934,0.051088305280311,0.969402189158951,0.955265850079712,0.749903015634743,0.920415848613135,-1.58820323871686,3.07904015190233,NA,NA
1392,-0.776864611763377,-0.103832104996299,0.999729795309512,0.522231354178223,1.37166271670743,0.735790580046829,0.908237650621682,0.271328900201013,0.116861073504901,0.528904621085385,0.674107527648914,0.241301303659333,0.823988878490753,0.860903142786585,0.835077436656924,-2.1661781695047,3.21064087786114,NA,NA
1393,0.564175422217503,0.276769015700967,0.937403881926598,0.918704758988277,0.94325824945369,0.595759286858607,0.632579847442685,0.192621627931832,0.169190338303102,0.0443047582306899,0.8721051877219,0.849499022253556,0.711508656381513,0.558070468845544,0.838242164623574,-0.930047438061252,2.76745695603781,NA,NA
1394,3.46628120904693,1.79790228360941,0.984152197802469,1.34497709503982,1.1852235631601,0.198115795118618,0.70383042747702,0.264489425480366,0.0891262925805058,0.794013902995852,0.538478046386153,0.875860733957845,0.274853594921529,0.910938057998079,0.677805323454668,-0.978018402382201,3.66797259246185,NA,NA
1395,-1.53140945215154,-1.5961931770824,0.0562328333075318,-1.50023157498345,0.37813898880902,0.380855655544554,0.248997576183057,0.00118282769189682,0.484154303783318,0.535529363920679,0.0995849938988686,0.171643040725729,0.682385639273329,0.863912303689518,0.718765410514665,-2.24137037419952,-0.759092775767375,NA,NA
1396,4.55597329151959,3.37831863656128,0.993185630234696,1.81731768726827,1.37166271670743,0.699676906157751,0.746511476534652,0.741716653837939,0.1547243652693,0.75733816558437,0.865748311468284,0.913624053803971,0.719440118499915,0.0426988655303139,0.219134628600557,-0.871091836414646,4.50572721095119,NA,NA
1397,2.32006272332021,2.30270083212661,0.0518319321922459,2.09989086679151,0.323132902568914,0.434047531482531,0.187541973967105,0.601363781996421,0.09386683170998,0.514134405483957,0.415504895609571,0.409571529699606,0.648907389020664,0.384562285580789,0.317591916604317,1.46656201553655,2.73321971804648,NA,NA
1398,2.72443102624783,2.77986086717963,0.0675830897929034,2.81345150596703,0.667571822476185,0.766792457048432,0.301457879486959,0.622135021264316,0.0669759818485472,0.45503711770277,0.192760094210156,0.853187801998341,0.269934572244529,0.000368141696322709,0.496364876841195,1.50503477681994,4.12186823511412,NA,NA
1399,2.92282196222213,1.68365505860318,0.999954658457276,1.62156748481943,1.19064519231828,0.30805359415873,0.99749729321606,0.723205003291718,0.970232471713563,0.545605499062804,0.141321754353237,0.317386409807135,0.458075282576261,0.504333511263714,0.314376957446337,-0.712054210490161,3.95518918012903,NA,NA
1400,1.23704834144659,1.85237349000507,0.925387267902831,2.14377026119478,1.14136217796074,0.226266002811724,0.623117760807043,0.583062627410982,0.0475100878453813,0.421394500894123,0.306014250455424,0.688677111303201,0.843074425438186,0.68416410146968,0.830045073124464,-0.0932585009244598,4.38079902331402,NA,NA
1401,0.395745125721475,0.540291070894379,0.341319276521971,0.994861372598915,0.701686071606958,0.802119465116761,0.4592090452587,0.221403214374208,0.500221551794559,0.524572448328254,0.255496670725755,0.0816576570121106,0.969241586152464,0.0876802620609524,0.0678146467668703,-0.380418056204115,2.37014080140194,NA,NA
1402,1.6070368400447,1.31730492346016,0.999887289456686,1.69124927060161,1.1852235631601,0.152978512777598,0.951963782258099,0.228375993505353,0.212898196084774,0.0656057005575858,0.256208703028271,0.0987776872476097,0.247947998128249,0.289496587951784,0.390436015295796,-0.631746226820412,4.01424476802364,NA,NA
1403,1.11775995248268,1.18677614440713,0.927046190553719,0.254853161819164,1.19064519231828,0.4839650557969,0.624336658311775,0.839973972953972,0.149868210969726,0.567650296123582,0.579677682923735,0.799164864015533,0.650680590216303,0.831024173168465,0.472151095660869,-2.07876853349043,2.58847485712876,NA,NA
1404,0.123691386804871,-0.0247630754899536,0.983368978248338,-0.197751105632399,1.10072686126702,0.63053561345872,0.701376543308026,0.749747440733248,0.981259876583586,0.9735046021241,0.795607314716908,0.392327323957696,0.103038209072198,0.766701204506215,0.43273022040003,-2.35513611053158,1.95963389926678,NA,NA
1405,2.61530535587198,2.55194837919157,0.0508854580973195,1.57077787002138,0.715972458662001,0.813172677952098,0.151141018369701,0.503125551552977,0.00358759956283029,0.348466931205126,0.672922385177808,0.45707313962013,0.917973512765602,0.668623889440554,0.66344160174916,0.167497637121269,2.9740581029215,NA,NA
1406,-0.940454164619287,-0.985970599140603,0.0522578381974143,-0.844578090543441,0.274553257342776,0.299064025406144,0.198016266082064,0.173607491411502,0.800905815652804,0.199250125174178,0.176177980473847,0.536781520660035,0.821357067654142,0.639935955520603,0.204181776521262,-1.38269258677344,-0.306463594313444,NA,NA
1407,-2.77558545571156,-2.21266426978812,0.28184293667995,-1.31842491402651,0.372120256478824,0.391240842509433,0.443468592453166,0.950060859141173,0.100090731618111,0.569655061773956,0.827299905251246,0.585008225037949,0.707674861120759,0.703407040181803,0.755349644875038,-2.04776721464282,-0.589082613410211,NA,NA
1408,3.90097104158448,3.80130770505734,0.0501409633630468,3.4412461806829,0.94325824945369,0.900882969766972,0.0592215574993752,0.0278293918705313,0.0794296934407903,0.863625483336626,0.158411276047467,0.15923861076904,0.0206034489542944,0.0760725295291049,0.698036062044324,1.59249398363337,5.28999837773243,NA,NA
1409,3.92374367528102,3.628013129173,0.399505431801798,3.12269361192585,0.70305164764528,0.77154156947881,0.472938275358756,0.879518455536803,0.50989413743862,0.0412843607451068,0.679171088657458,0.94435778949433,0.498370576441288,0.676651385150268,0.323957798885764,1.74473770326956,4.50064952058214,NA,NA
1410,1.62574638772262,1.55024494707233,0.103258503941495,1.36407624986561,0.13714935218121,0.894625150751206,0.35881949284859,0.566612438092125,0.964600852041389,0.456311031358433,0.0746900091549614,0.217189453356201,0.381046275016153,0.759871852464741,0.744134493278805,1.09526845908744,1.63288404064378,NA,NA
1411,0.997009382486605,1.25512242200249,0.689052640162958,1.22547676040389,1.08165871606276,0.640467942114919,0.536018159653875,0.371655133100925,0.585949529908714,0.288234413037193,0.70702409824694,0.0219729788140394,0.529157320560422,0.6174943411157,0.57253365643695,-0.894535366642946,3.34548888745074,NA,NA
1412,2.89545060854017,2.85817716052551,0.0512944422512741,3.15881695063533,0.651465590380023,0.751079909988446,0.170149071185966,0.200668598874006,0.945548472344992,0.178586457740865,0.858947823496303,0.512276812379248,0.988233328398433,0.0101506790036801,0.541224147010944,1.88196785632336,4.4356660449473,NA,NA
1413,0.918329671172646,0.830840670878483,0.0504308839634323,1.04199099976531,0.592467043735704,0.773844051239314,0.115103761443053,0.178995029184502,0.672826156918192,0.470374367807875,0.416304550165427,0.586040020579705,0.317004802016541,0.446069703774876,0.271352954305243,-0.119223067983586,2.20320506751421,NA,NA
1414,1.2786559182747,1.24352963053544,0.0501193655002082,0.803989210173519,0.717757144957053,0.54154332987906,0.0509049304219661,0.261367207116215,0.534917466428946,0.518820084718522,0.98810313424177,0.128396892022924,0.686321127269999,0.918728302884265,0.015241842910531,-0.602788943588599,2.21076736393564,NA,NA
1415,3.68944008764826,3.61648909352441,0.050267509499111,4.24395787580661,0.60536487093755,0.898798761040322,0.0912609720712062,0.659094819624908,0.500995451526716,0.262195526829688,0.697920273034018,0.60952622908249,0.237083173454506,0.0214730561561883,0.983559945177985,3.05746453126327,5.43045122034995,NA,NA
1416,0.563945487434074,-1.7092006502493,0.999499072786368,-1.52574765064116,1.37661810341601,0.308688852924621,0.877361451217323,0.982721858172328,0.896954244303051,0.674270922165364,0.992388246099697,0.323866235663299,0.827746360397665,0.59439167842071,0.434228185791406,-4.22386955380237,1.17237425252005,NA,NA
1417,1.05547913817093,1.32144864832255,0.999875777236154,1.32064032057048,1.14136217796074,0.228995022631017,0.947100502886693,0.528676508400356,0.137200678427354,0.666838673116174,0.985187099057948,0.6431988827202,0.926406613216037,0.789302061074995,0.254657652669004,-0.91638844154876,3.55766908268972,NA,NA
1418,0.639350184629402,0.65208818170824,0.10600397547018,-0.178326411403558,0.37813898880902,0.280990499084583,0.361486067521269,0.694026991519961,0.536453649675823,0.705756975539145,0.164761399639421,0.0955672888590489,0.273136114270659,0.351274085152196,0.0512332825490739,-0.919465210619631,0.562812387812515,NA,NA
1419,0.0760868899714361,-0.0717989882226375,0.469925731705798,-0.843462998098286,1.08165871606276,0.722435373483342,0.488353037039167,0.466000814200845,0.544243153162068,0.359672067546635,0.693959468329907,0.198662098210771,0.417195839215652,0.645741532055777,0.909021240090136,-2.96347512514513,1.27654912894856,NA,NA
1420,2.63546201842106,2.5304327543385,0.0509632848574845,1.99529178258735,0.323132902568914,0.170552177016274,0.155357320256764,0.40687475042406,0.0187452051481232,0.419973835199373,0.57552222220134,0.325170928394538,0.17566416212637,0.274398157060379,0.704105992362602,1.36196293133239,2.62862063384231,NA,NA
1421,1.75636706859281,1.43397333212929,0.922655256920875,0.986323297466747,1.14136217796074,0.00835611506807618,0.621163398560486,0.682774097461835,0.555506764237885,0.967275066733477,0.284626674599713,0.329081045764615,0.341122111575212,0.459892633833457,0.75807473523519,-1.25070546465249,3.22335205958599,NA,NA
1422,-1.55131454837504,-1.67159632999838,0.0669326564615508,-1.9873323455495,0.343341185568482,0.187897866473184,0.29953833572811,0.0471733568836935,0.724969852743205,0.600366231612046,0.724746340327896,0.644908597323927,0.132643225693493,0.765164421340567,0.249324260541471,-2.66026870367301,-1.314395987426,NA,NA
1423,0.16682451873402,0.0636433825869385,0.0506646819224512,0.259287643566931,0.611514821899887,0.677355340143666,0.13678956303047,0.0908831261905143,0.433237824509619,0.898014042435796,0.649922397158458,0.427768311027321,0.999031351376325,0.98249328469811,0.715392202323768,-0.939259383369273,1.45783467050314,NA,NA
1424,-0.073677220637854,-0.0835566599089976,0.0648552269508125,0.302588381262284,0.433200530222929,0.849033946214593,0.292882521587424,0.714480708756601,0.316757918442367,0.436724985013367,0.976489866361022,0.0270631269272417,0.988944066276308,0.501206814685371,0.901688422311679,-0.546469056058312,1.15164581858288,NA,NA
1425,-1.09634034881305,-1.09482808863784,0.0501024696781554,-1.16267433345822,0.343341185568482,0.310550923817675,0.0432728768499801,0.68714368494309,0.721351474833326,0.62136334026407,0.776636819923413,0.681237439928693,0.344206001318409,0.251298843357828,0.961661337359343,-1.83561069158173,-0.489737975334716,NA,NA
1426,-1.44446773041761,-1.7823752468189,0.125170445004634,-1.11721603296431,0.56447570561464,0.349185213061399,0.377286453102832,0.379981955938041,0.953552522053942,0.200019605903653,0.978014548053266,0.591409046685207,0.402870324181626,0.194876125009614,0.94754270556639,-2.22356808611684,-0.010863979811786,NA,NA
1427,2.251495901662,1.52882163241879,0.673888784433289,2.25090452469664,1.14136217796074,0.445893781984923,0.53243668235885,0.433108846618445,0.458365900325123,0.976941917836783,0.594271382914623,0.300596934540779,0.915306976608234,0.799201433343347,0.70267675664823,0.0138757625774026,4.48793328681589,NA,NA
1428,2.27109978200536,1.86700538306497,0.999852255927693,1.37197045220731,1.37166271670743,0.81629233526485,0.93842900978378,0.708411904724198,0.290797452667612,0.753928294090671,0.0131082419345621,0.875248780964874,0.542374250967521,0.978345767628634,0.292090059129638,-1.31643907147561,4.06037997589022,NA,NA
1429,-0.373454709663417,-1.0787594128074,0.87346316753075,-0.849241882908882,1.14136217796074,0.0174980360059999,0.593649269516347,0.518537252383423,0.294144011211814,0.648889308522572,0.020760176602751,0.199631358109298,0.86291518798715,0.616564440561691,0.816462848221068,-3.08627064502812,1.38778687921036,NA,NA
1430,2.56673085511038,2.40447024299059,0.114859544078951,2.20831503768246,0.337479636818248,0.0192464352848474,0.369323886593687,0.696628873558366,0.28217294622527,0.746806367226294,0.224764571543434,0.360895619055256,0.41556891085743,0.0978511292275507,0.665872516808333,1.54686710400304,2.86976297136189,NA,NA
1431,-0.633398362460647,-0.603020278628879,0.0501166226308339,-0.908928926558979,0.381364506449322,0.173617211774923,0.0497424424595665,0.19786786362424,0.483910397640779,0.134839675730211,0.784415695274249,0.0526689105519326,0.434904276525602,0.0141001681592315,0.682204787248978,-1.65638962418154,-0.161468228936414,NA,NA
1432,-1.61148562189437,-1.67678796627764,0.0517844439739334,-0.936533942165446,0.370193456770757,0.292657138123526,0.186226250566309,0.547027649027994,0.259237689643167,0.36902629219566,0.849782187613659,0.836114922478679,0.436616722001461,0.648859282825491,0.654414453539532,-1.66209978474851,-0.210968099582377,NA,NA
1433,0.825166791370375,0.826693168388891,0.915254023774479,1.49035703241559,1.14136217796074,0.343498847008683,0.616168243297725,0.683947431538836,0.0150109442395624,0.466303901377483,0.924095557875582,0.491533387278905,0.393122798124445,0.945676903499756,0.865866819344461,-0.746671729703651,3.72738579453483,NA,NA
1434,-0.0813031693653247,0.352090784111884,0.969532896717546,0.501211394544595,1.37166271670743,0.745673231836292,0.670360914976336,0.563114033753867,0.27115741852019,0.752688744258834,0.0842564928751672,0.0114243982626358,0.768564320646459,0.161878902567434,0.210707749762223,-2.18719812913832,3.18962091822751,NA,NA
1435,-1.53170706520484,-0.434818432606258,0.999883241441064,0.266953265019817,1.31462371948015,0.393356349513866,0.950199307423667,0.151752194162342,0.314440494287992,0.101460281469277,0.0422973352626432,0.00378099373483565,0.0930606538812863,0.420986975423177,0.0231127614792204,-2.30966187838337,2.843568408423,NA,NA
1436,-0.781969202950319,-1.38204815198124,0.981797154153921,-0.519260319340313,1.1852235631601,0.301820912748342,0.696776859910577,0.189460123361554,0.835580728579196,0.547214372418704,0.814629929824732,0.204578904116526,0.978881194925285,0.989322619369253,0.215804693188868,-2.84225581676234,1.80373517808171,NA,NA
1437,3.46887222757665,3.50212280880483,0.0535589240423787,3.30862961796507,0.628310322390441,0.594891695540631,0.220837477492518,0.421022778432467,0.0351066294022603,0.104425687414012,0.927545968955732,0.200240368789178,0.92588330035063,0.499160583216697,0.424626255944371,2.07716401496505,4.54009522096508,NA,NA
1438,2.6291739958911,3.5488178486123,0.999916563990739,3.19135289977131,1.10072686126702,0.561071611443185,0.967002472522086,0.721422193336068,0.617386848886381,0.95501804151549,0.00964146462106146,0.287118686881149,0.977921028982499,0.34564527667861,0.492528295936529,1.03396789487213,5.3487379046705,NA,NA
1439,1.32464453556509,1.27123844052158,0.061287265293624,1.61096881317613,0.337479636818248,0.375989717045217,0.278958280973835,0.916085848378483,0.630963576482842,0.082855640900787,0.261589508373872,0.896327313404297,0.078125519425841,0.712688481003046,0.88055583608686,0.949520879496706,2.27241674685555,NA,NA
1440,0.0817736068536002,0.0246433664607384,0.0534106778175265,-0.2688030189085,0.603013732847721,0.569200391156599,0.218702285389067,0.709042851771344,0.821812801615684,0.209540265442803,0.251138683449826,0.752441848006332,0.677853383086505,0.654088084765826,0.615692634985666,-1.45068821747309,0.91308217965609,NA,NA
1441,1.48665212684163,1.48369187396681,0.0507252374166954,1.66727927996456,0.323132902568914,0.170493407373782,0.141152275416302,0.492182737169322,0.127692018537782,0.820383211561246,0.807795775493374,0.685082088839612,0.671042895875988,0.987261020671809,0.941069143322529,1.0339504287096,2.30060813121952,NA,NA
1442,1.30719489487534,1.38725507597304,0.0508539926839336,1.38376012846678,0.372120256478824,0.468820980734192,0.149330235365429,0.980456242490327,0.777265424497426,0.428334467222332,0.436068814638769,0.389913511817693,0.432201027674833,0.795267455102177,0.766900111595867,0.654417827850476,2.11310242908308,NA,NA
1443,2.8233792983159,3.11965638834561,0.360535575423994,3.31366023794256,0.714258457213921,0.831096825908753,0.463883374001714,0.00447955361148342,0.304585544515168,0.45182081111474,0.515276515330304,0.773780333384522,0.594561115156277,0.327000024942681,0.228211099158507,1.91373938615013,4.71358108973499,NA,NA
1444,1.81586292237767,1.85432457265371,0.0631092731423328,1.73823631067432,0.337479636818248,0.00565448114683386,0.286537659901078,0.806995313304942,0.872559517925372,0.0702983809788711,0.208742962765158,0.652391775033553,0.937049821115099,0.151716209683684,0.694927429577452,1.07678837699489,2.39968424435374,NA,NA
1445,-1.81544910957958,-1.78135846148616,0.343300640016231,-1.56426534844524,0.37748013559708,0.138677921759547,0.45969859197503,0.492662207961781,0.81328381063987,0.163049553643563,0.328820370836766,0.912294685044093,0.420412454650388,0.564223604403902,0.259870311035775,-2.30411281909481,-0.824417877795664,NA,NA
1446,-0.0539490433337316,-0.284958076134293,0.143825464409029,-0.111759529456539,0.370193456770757,0.478759043691796,0.389448102133465,0.464463083513197,0.231513754348271,0.482952461347217,0.182562763016438,0.210309831491206,0.75101715579303,0.798407274372876,0.523168220467865,-0.837325372039607,0.61380631312653,NA,NA
1447,0.780672088421038,1.70018806963425,0.999881300085545,1.08411750143311,1.37166271670743,0.815293682230869,0.949374686377822,0.591946101048263,0.0781188920426648,0.922286632184987,0.0112312059079995,0.201607913165353,0.392392057001009,0.399483404246508,0.0431342774613295,-1.60429202224981,3.77252702511603,NA,NA
1448,-0.866471915257661,-1.6785404648576,0.996923260200627,-1.58487631627153,1.14136217796074,0.231719273445313,0.786467376279645,0.537188711490831,0.247790860551526,0.440603486148524,0.804369420084171,0.902547981492942,0.572090562883997,0.0983757007071981,0.57476357433747,-3.82190507839077,0.652152445847714,NA,NA
1449,1.64118905341258,1.55293580880787,0.0542824890946395,1.44527743055713,0.679099589921723,0.534887672104174,0.230129524726304,0.776081858247519,0.970990057115909,0.35689638442744,0.77990830683324,0.66474063258071,0.659351146785426,0.104929331551655,0.357010030760197,0.114266692394635,2.77628816871963,NA,NA
1450,2.0481540689515,1.69754162330161,0.345389292556127,1.66823713071411,0.525532846408084,0.079268247942091,0.460212670150213,0.274230604519951,0.784141018775757,0.405436694033327,0.966505054405774,0.228174318823149,0.41063581175264,0.275367267983384,0.602874628396821,0.638211679061449,2.69826258236678,NA,NA
1451,0.671132356872789,0.513228071454793,0.562396300082027,1.47666480589424,0.94325824945369,0.833873998795636,0.507889232157031,0.219333666473045,0.0564514119580854,0.395544139176724,0.694169885021867,0.0547682673553936,0.217740163551876,0.870278809877811,0.0816929040990071,-0.37208739115529,3.32541700294377,NA,NA
1452,4.80835348203607,2.01263284879629,0.999602600250821,1.02531447958666,1.09893285163646,0.809245577937574,0.888942808078486,0.7153534858044,0.755333514090977,0.378225105124293,0.57902067771263,0.156079633501591,0.0954786680018297,0.00465222507528961,0.659813561962452,-1.1285543310487,3.17918329022201,NA,NA
1453,4.33208683004279,4.40174244159211,0.0518498371070811,3.32609994025813,0.94325824945369,0.969056960197049,0.188029234779999,0.0322007492778357,0.0923459706832655,0.796744376416784,0.88534112351283,0.404840253435308,0.154689111361513,0.397764768436435,0.0189639591141604,1.4773477432086,5.17485213730766,NA,NA
1454,-1.54707233238661,-2.05591800872976,0.998890921382024,-2.34286596828315,1.37661810341601,0.191693063229788,0.837588212734438,0.953592748378986,0.336036448163912,0.92434339761571,0.219200736120692,0.938506741878809,0.330590894208406,0.0643871686552884,0.540404378406354,-5.04098787144436,0.355255934878058,NA,NA
1455,1.99058221947958,1.90085972849157,0.996844400451059,2.03084081469356,1.14136217796074,0.154571678185835,0.785197813126026,0.665258588902885,0.947160468836199,0.00535584889864549,0.405018279429409,0.629491950601921,0.28942610948428,0.92954634120618,0.354690832304303,-0.206187947425683,4.2678695768128,NA,NA
1456,-1.09675317542375,-1.48158583684023,0.999900616152239,-1.43777361381466,1.14136217796074,0.0498267355175922,0.958256152022164,0.581105653206352,0.112904124569613,0.984469669948565,0.926143843853148,0.60870014905266,0.444688834380242,0.421920565472683,0.285266213101451,-3.6748023759339,0.799255148304581,NA,NA
1457,3.28589983458987,1.58074598546385,0.999820199234141,1.42340002034398,1.1852235631601,0.0464471759361913,0.92860893000837,0.349774595309282,0.164274723438779,0.0663638792932034,0.0244538977141492,0.10332877969637,0.673312211881974,0.801478324162425,0.667783864970203,-0.899595477078048,3.746395517766,NA,NA
1458,-0.934516575650791,-0.894218574879163,0.244309164332934,-0.84207013020775,0.37813898880902,0.0229395433532773,0.432090908807819,0.202239377891645,0.710566128617851,0.65774598269863,0.624773125496111,0.522170177518157,0.942696725058835,0.0289256371557713,0.139708000809187,-1.58320892942382,-0.100931330991677,NA,NA
1459,0.156161171545058,1.21176520950592,0.999763962155706,0.822314351513958,1.14136217796074,0.312655762965674,0.914998831123463,0.411014591925661,0.113322062536026,0.87825512682728,0.83998737960367,0.0718847616101848,0.983486452545854,0.765536976906471,0.127090395231731,-1.41471441060528,3.0593431136332,NA,NA
1460,-1.28371470329361,-0.234571621924649,0.999818684135394,1.41642208801673,1.37170111753581,0.872148134133313,0.928189288395108,0.985750020305975,0.227208528047428,0.799877670682385,0.271193312716321,0.302028952588793,0.539989956387901,0.144702051886008,0.900232860320946,-1.2720626999068,4.10490687594026,NA,NA
1461,-1.55230981261988,-1.68893227607975,0.0500453899724196,-1.92603748961793,0.37813898880902,0.259478021406336,0.00255608626594767,0.13961635368201,0.949009331154288,0.498520506104687,0.326341716190684,0.413285619416274,0.581010993667645,0.382061417661607,0.993846838135971,-2.66717628883401,-1.18489869040186,NA,NA
1462,3.7610479738328,3.71457046396752,0.0513161509564779,3.76655955256006,0.401772636365272,0.782002380821854,0.170981796647189,0.753806482016458,0.365681934333988,0.886421409038594,0.614770936750458,0.508852921727928,0.468977468127618,0.431405255867168,0.638296566480305,2.97909965531042,4.5540194498097,NA,NA
1463,-0.440955893304181,-1.79540648662714,0.999886139960488,-1.36345024140266,1.14136217796074,0.111921221052646,0.951456371658714,0.511155647115433,0.444391325357603,0.154957890530466,0.523456150588696,0.632570987887681,0.924024349880521,0.313666031212197,0.0881618605963886,-3.6004790035219,0.873578520716582,NA,NA
1464,2.34886449097419,1.34677774979988,0.694499080494306,1.85045656059829,1.13359871943507,0.515253348837723,0.537326030361815,0.0673261645531747,0.749329660261166,0.927335086551262,0.119961006992264,0.312125409269007,0.691227100108867,0.535876618105685,0.854062682699063,-0.371356102415171,4.07226922361174,NA,NA
1465,-1.96072350359674,0.266024554578775,0.912887956327198,-0.0165017746998208,1.37166271670743,0.649560964623117,0.614654485191335,0.702200885399594,0.348370042506605,0.519348726856522,0.174557450538385,0.983304005586659,0.0938854537436273,0.842561522465781,0.823439234463847,-2.70491129838274,2.6719077489831,NA,NA
1466,0.14944990579906,0.15182802896661,0.0556221241463024,-0.198931587300018,0.372120256478824,0.44297939899331,0.243809158810182,0.949595028782729,0.220176129122381,0.499701681631501,0.053628318139934,0.785210900269914,0.645464490783168,0.527641151806572,0.000744903005193919,-0.928273887916321,0.530410713316285,NA,NA
1467,-0.0126523226318051,0.433470357969672,0.879881328586737,1.94092296615289,1.37166271670743,0.809841037749662,0.596640126520186,0.76517602749134,0.280568803515751,0.280272834614967,0.433540603178204,0.793095046560746,0.896576370352297,0.00889069219154771,0.745689165691962,-0.747486557530033,4.62933248983581,NA,NA
1468,0.234555234577404,0.229179169625962,0.0502172776629151,1.11378648740899,0.732232445967673,0.804705928478623,0.0808593782063108,0.266896130108275,0.394724796191091,0.875835232412792,0.504887014160282,0.814424070663634,0.499863029990694,0.180789993247716,0.0826266790335067,-0.32136273499932,2.5489357098173,NA,NA
1469,0.599453874919635,0.529390118648637,0.0814436292781625,-0.253352693515851,0.770951134850515,0.983280524166883,0.331269656029763,0.232691949205357,0.980815091366414,0.00432784664747305,0.366161380431149,0.0514596129162237,0.0972066690599313,0.322442723722314,0.901241612277343,-1.76438915166314,1.25768376463144,NA,NA
1470,2.92009383315,2.72131789911456,0.92118021664438,2.4332654433324,1.09893285163646,0.964769549338496,0.620134242001339,0.810407593943528,0.407313326610485,0.0749849247701932,0.62989198944706,0.268304665306001,0.361874285953818,0.316042661813437,0.752937004554435,0.279396632697041,4.58713425396775,NA,NA
1471,0.5088603062476,1.15817923698813,0.917569594763484,2.08212999594581,1.37170111753581,0.820797362848069,0.617687068433617,0.927167660820414,0.295726388384006,0.771149733375991,0.522534613085911,0.920460044770385,0.281648877050611,0.78953715847258,0.352433363948483,-0.606354791977715,4.77061478386934,NA,NA
1472,1.38400312770027,1.24664139100102,0.170012881442605,1.82302037127452,0.37813898880902,0.256606583259534,0.403309445075807,0.454419420658494,0.9995825907127,0.942738200158463,0.30763403364073,0.45693824116874,0.920316181452712,0.303760958007304,0.522319273617351,1.08188157205845,2.56415917049059,NA,NA
1473,2.45924306900631,2.8774088330425,0.973770614344222,2.54543883958989,1.13359871943507,0.65889664473373,0.678079170788871,0.08755233715137,0.62945583354542,0.0259198934216984,0.0434388375977287,0.291794724014238,0.0280270825736225,0.774251557394513,0.678159673186019,0.323626176576429,4.76725150260334,NA,NA
1474,-2.12793962353859,-1.88994924514764,0.995480710133637,-1.56618586068018,1.1852235631601,0.146621086799656,0.767166930691921,0.272386251621414,0.243352501218789,0.219021748688421,0.507945792205166,0.721183815745055,0.606883473224705,0.755684165561339,0.687135670894175,-3.8891813581022,0.75680963674185,NA,NA
1475,-0.0879437826629903,1.68954384386302,0.993378522417898,0.353198514108211,1.37166271670743,0.618217106938013,0.74795745298441,0.477333750125603,0.3358112194438,0.721769085217849,0.326972506710212,0.438604969062028,0.632931950101512,0.752755128553952,0.0832169936451828,-2.33521100957471,3.04160803779113,NA,NA
1476,3.94148474109197,2.63617475922713,0.999921177805336,3.08316018867618,1.37166271670743,0.658458097661263,0.969846983701223,0.802342994148727,0.296781062112073,0.146705941383145,0.979373355927644,0.407920831803582,0.302786917505786,0.845435515828081,0.502679381285561,0.394750664993256,5.77156971235909,NA,NA
1477,1.75305849323029,1.52382362046938,0.577465139875236,1.42538914123218,0.31098147948321,0.212674626091728,0.511090541252866,0.84198352264578,0.219340665058699,0.283184197185445,0.967472939982312,0.860396220352501,0.788234885708196,0.36758590471372,0.439615670632105,0.815876641586108,2.03490164087826,NA,NA
1478,2.80084283156239,2.55886829420735,0.979903808609943,1.70771294205151,1.08165871606276,0.855234785578563,0.69172754175833,0.393972719504847,0.58858214216202,0.427152501229895,0.346810166734853,0.0476717895289184,0.349547916223062,0.963265108236461,0.420521761923213,-0.41229918499533,3.82772506909835,NA,NA
1479,-0.566342098297864,-0.878569532618943,0.998993170785441,-0.955834834872088,1.1852235631601,0.174823667479912,0.842429780063103,0.0758791880307253,0.592634713112959,0.596370043196832,0.168957538199145,0.256536215351895,0.554140970905661,0.160726749167079,0.960670026948908,-3.27883033229411,1.36716066254994,NA,NA
1480,3.62606134001269,3.59744154231326,0.0505221281992186,3.41421000228592,0.572388125197477,0.81853226204589,0.124712282312335,0.162112555436906,0.715909892938565,0.146103347507771,0.120488094453467,0.203621356631513,0.532947891127784,0.0173842169245472,0.760835665249964,2.29234989172046,4.53607011285137,NA,NA
1481,-0.143562333740267,0.695556841370139,0.98704013822446,0.117511127825062,1.13359871943507,0.925946690797689,0.714043454643688,0.00152506856480613,0.33971505264088,0.00605312262044754,0.11407139557309,0.847014435770921,0.233994323467137,0.511983362115687,0.00881780787499156,-2.1043015351884,2.33932379083852,NA,NA
1482,2.25743019404316,2.33844866969024,0.0504177195229755,1.96368230012203,0.323132902568914,0.450617033022339,0.113551637376077,0.34392556972953,0.111152633639984,0.824297163075535,0.296809494179674,0.891949441750767,0.284798804745194,0.791340174197452,0.133306918205693,1.33035344886707,2.59701115137699,NA,NA
1483,0.339776444910444,1.42457941960907,0.999863651195542,1.78841228187094,1.14136217796074,0.0606565776154166,0.942442869357532,0.594177654019091,0.553830700734747,0.888044443181483,0.486012255239068,0.863101835826877,0.628417151294765,0.0693640792533988,0.218452407803037,-0.448616480248299,4.02544104399019,NA,NA
1484,5.37245295565008,3.88251731066487,0.999058503570857,3.6508800602502,0.94325824945369,0.690557444337523,0.845787758396589,0.0498505336776143,0.135458293994307,0.821130186140304,0.905081470652949,0.00746464578039013,0.0264893398444401,0.827373557341518,0.322064748534118,1.80212786320067,5.49963225729973,NA,NA
1485,4.14738940942372,4.2316862960817,0.052207330682372,3.60612345840099,0.597314155574789,0.63526430376037,0.196882408719626,0.863974102670443,0.293384028621134,0.208459076043568,0.105895076269866,0.491195632149931,0.299959459460573,0.552640019982587,0.203338578582741,2.43540922601845,4.77683769078353,NA,NA
1486,3.4031677279439,3.93907108391978,0.99917547715225,4.0744328016016,0.94325824945369,0.60794762728177,0.852427205763874,0.250727031550021,0.000283061055117287,0.00310123934829608,0.0651431109316181,0.789124060344067,0.714952237281366,0.627000946663786,0.400063924401649,2.22568060455207,5.92318499865113,NA,NA
1487,2.57327700469752,2.61918489993832,0.0501633188193247,2.41052640200464,0.349943821426872,0.350678312674747,0.0665829451479949,0.718549704004428,0.136466549009201,0.269629260179354,0.505344952643616,0.810360975658987,0.0699763243319467,0.302182613913552,0.0105576037700521,1.72464911539566,3.09640368861363,NA,NA
1488,3.63208961708023,3.51623091103059,0.0501482748411019,3.19096613375242,0.52485143260283,0.808949592876947,0.0617503206732217,0.311788017850835,0.238091487222118,0.557768954249448,0.75696397113218,0.818150958483689,0.552230061686365,0.381268726201612,0.803988302963786,2.16227622861662,4.21965603888821,NA,NA
1489,-0.627301387263691,0.442478413655939,0.946419605038106,1.78132060947571,1.37170111753581,0.877006464126869,0.640861268850742,0.958153308549197,0.249032129628817,0.727910338705406,0.205108289137948,0.692889648351469,0.304951978331315,0.677443809624412,0.556134637477109,-0.907164178447815,4.46980539739924,NA,NA
1490,-0.955181855079698,-1.92330380485915,0.798005710870038,-0.070530210564159,1.14136217796074,0.379315547901555,0.565458559371531,0.459019712787238,0.305818333923235,0.531979506355012,0.616099465097766,0.808259262359119,0.646126732437522,0.251694187341491,0.399741741815466,-2.3075589726834,2.16649855155508,NA,NA
1491,4.48825864005434,4.10788133610433,0.985508437870329,3.47782253498718,0.962188842369164,0.942783788967878,0.708376180367894,0.356094145157491,0.396563490924775,0.696573962563998,0.0337981638450874,0.0427377066228073,0.326801607127651,0.30262738451839,0.946327335847076,1.59196705761734,5.36367801235703,NA,NA
1492,-0.47360009903516,-1.50225506653881,0.99669133358082,-1.81909470873395,1.19064519231828,0.466103155857068,0.782821394252474,0.891536303325556,0.0948312249034643,0.110689762208378,0.679894744142308,0.381249463925953,0.909619755172986,0.657283119452535,0.348710936372168,-4.15271640404354,0.514526986575647,NA,NA
1493,-0.565967756638477,0.515250873473815,0.99852297834179,1.04203916090458,1.32370409105544,0.632109627709957,0.823243917398504,0.218125465004588,0.465253343440359,0.363354404245503,0.606603871335275,0.696650896692532,0.133188727685367,0.654711966059636,0.0262518978824373,-1.55237318375241,3.63645150556157,NA,NA
1494,3.00879124468834,3.05197519237957,0.948807209968773,2.34768679928466,1.32370409105544,0.583553084043204,0.643273492981214,0.242875727930339,0.705423176071956,0.781709910268546,0.700375816178625,0.575635577228502,0.583593873832724,0.851258617067244,0.242601873213775,-0.246725545372335,4.94209914394165,NA,NA
1495,0.823347461746036,0.598892214812073,0.999674171361884,0.522503455860243,1.37166271670743,0.611732454977813,0.898875131701003,0.598844698953792,0.277932950873044,0.587907516210107,0.250817734171753,0.728038927763933,0.793035024796147,0.745175737010431,0.20205119527888,-2.16590606782268,3.21091297954316,NA,NA
1496,3.40381182882215,3.43904209754025,0.0980932465123848,3.87186820852172,0.377184631566671,0.543499476722674,0.353431531244773,0.664987497196649,0.612319089034572,0.963777690507588,0.651107597264694,0.244282392597524,0.0538346731850179,0.76093924618978,0.426854633859708,3.13259991512904,4.61113650191441,NA,NA
1497,-0.0577460552666544,0.0272958912991582,0.0500582193916365,0.258215350905335,0.541066652582626,0.703467075676424,0.0150031255371869,0.571832407077309,0.2637050393963,0.751067138592829,0.268590201381361,0.67822449247085,0.822399722755188,0.956470771550084,0.447682518062997,-0.802255801392257,1.31868650320293,NA,NA
1498,3.21027585714449,1.93890586606011,0.974780698391222,0.958147136206608,1.1852235631601,0.00146634191321209,0.680097349419491,0.321074390784604,0.868152216130984,0.979523785655387,0.22422461195325,0.724502865072107,0.996649900796358,0.197390562905814,0.207432285991497,-1.36484836121542,3.28114263362863,NA,NA
1499,2.24627767721232,2.23005720077152,0.0500754722361782,2.08800237441981,0.620854379237253,0.840868526220904,0.0279813519961899,0.678959523121593,0.914604768109624,0.0224272892550798,0.608545784955961,0.903920713069267,0.0416053487326717,0.355265931859263,0.489307472740067,0.871150151470818,3.30485459736879,NA,NA
1500,2.31770570247898,1.7602582774978,0.997491296445176,1.63858880236969,1.19064519231828,0.386162420452922,0.79670258217107,0.827179200632498,0.329136183060473,0.16083603227709,0.880564054529648,0.250306882072357,0.946516582690063,0.775324787523947,0.312403146389988,-0.695032892939905,3.97221049767928,NA,NA
1501,1.32673491462997,1.30542189158263,0.0634236808685751,1.07880903800124,0.657688832775207,0.511675029829261,0.287739468183951,0.036873486437602,0.898050563518656,0.0214297690133099,0.0176776681781048,0.130101635109051,0.601633343529073,0.115666118075955,0.0623851507016225,-0.210237387272354,2.36785546327483,NA,NA
1502,0.353528752074354,0.428319406393695,0.0637019675753599,0.200092432059513,0.451465935756291,0.634807476846268,0.288780280232779,0.603424271990079,0.166984352704836,0.519695021822467,0.62768637943943,0.613008949083858,0.295573944881442,0.183763281918946,0.00640485921315849,-0.68476454226949,1.08494940638852,NA,NA
1503,-0.188517195738149,-0.314844665587881,0.998294065607206,0.907021476079613,1.10072686126702,0.845831846705871,0.816027582917828,0.491924708217965,0.398572389245033,0.86931195135694,0.630434087565169,0.737171985731693,0.397367651642184,0.468736618731637,0.351953709726455,-1.25036352881957,3.0644064809788,NA,NA
1504,1.76971557567048,0.946339791050353,0.997663221030979,0.0506875556347299,1.37166271670743,0.751691328996443,0.800261285745772,0.49725895546691,0.325239566252567,0.737051304600318,0.758208804078284,0.0911323905916652,0.522500040721497,0.0511098229710478,0.233958705603145,-2.63772196804819,2.73909707931765,NA,NA
1505,3.11857137530775,4.41004375078997,0.846028625500028,3.55903227488045,0.94325824945369,0.747650647360017,0.582143422080786,0.0108528066852596,0.0576199635234661,0.765452397229848,0.615778572852607,0.146279257875285,0.119974720058264,0.173601079450804,0.246750885521178,1.71028007783092,5.40778447192998,NA,NA
1506,2.70950643491637,1.66534920762812,0.996202093752829,2.73644024721052,1.37661810341601,0.0813924677858595,0.775900312434998,0.720504101881059,0.929902995549492,0.676256731075933,0.293853315267945,0.351775440731435,0.657882847966393,0.231808541140403,0.91350778803241,0.0383183440493058,5.43456215037173,NA,NA
1507,-0.804800232293319,-0.725748240302929,0.0502084939499626,-0.422689790490059,0.519640284249937,0.775830387030263,0.0787956125838682,0.685079038236057,0.730714047191315,0.720799214989645,0.563185734543367,0.592581959064235,0.79926141273824,0.970991632176563,0.979651728761382,-1.44116603253609,0.595786451555973,NA,NA
1508,3.43028744621699,3.39931845326407,0.0564517501292449,3.12061308704123,0.709195799925723,0.724199574501137,0.250735196456546,0.933606509196456,0.741038905630005,0.639569848225568,0.958882857521181,0.480522099542199,0.269116388471914,0.835640169512248,0.694319482203224,1.73061486119974,4.51061131288272,NA,NA
1509,-1.91261947616106,-1.72060993305292,0.78553436570975,-2.33265898886483,1.14136217796074,0.421857227667235,0.561622387539945,0.592709568873048,0.748728314222069,0.667120117280167,0.205739170070388,0.938179602372111,0.783844643444056,0.349911244244082,0.144807117266348,-4.56968775098407,-0.0956302267455862,NA,NA
1510,-1.54324278095044,-1.12107303922989,0.985995058461315,-0.112347925108527,1.37170111753581,0.505273918092716,0.710109998132801,0.902109356495435,0.694219060913776,0.988607918667956,0.278110637790174,0.949215110406745,0.490747982609901,0.075920588611858,0.423503089916427,-2.80083271303206,2.576136862815,NA,NA
1511,0.911555631319829,0.957884773621762,0.929667308093405,-0.491861460221961,1.14136217796074,0.129652024352457,0.626315352602513,0.653181909534149,0.681219932475244,0.811244908327586,0.170174891165341,0.821749730980606,0.276569804675179,0.424550586330588,0.760316644165316,-2.7288902223412,1.74516730189728,NA,NA
1512,-0.87241980870407,-1.01675543077485,0.995737459222372,-1.54861278081908,1.1852235631601,0.447484626029734,0.770104979706113,0.064971889690496,0.399933096559369,0.217729030130198,0.0864683692655526,0.0599734173082979,0.600999833003851,0.0593941942924866,0.740875525423675,-3.8716082782411,0.774382716602948,NA,NA
1513,0.448957874678731,0.295937216665258,0.99198001758501,1.457199068886,1.32370409105544,0.519714567017392,0.738302391618257,0.216565117673366,0.795114244223922,0.366609681170085,0.997052342030918,0.830532693217858,0.343206395149231,0.0130453227190301,0.28263035134552,-1.13721327577099,4.05161141354299,NA,NA
1514,0.0947524777656369,0.153892843263442,0.482776275116704,-0.192548947793968,0.337479636818248,0.0103870070055127,0.491087269560434,0.709756824716343,0.742223963344586,0.167249465954141,0.111337904446875,0.0497251605596393,0.493545908386586,0.544062106800266,0.562641368816723,-0.853996881473391,0.468898985885455,NA,NA
1515,0.786781018380727,2.45150027025577,0.999456079179747,2.95327874927085,1.13359871943507,0.716481005244306,0.873242043306003,0.0351129934153287,0.538789497880964,0.514588563630125,0.155321416479535,0.236674345576088,0.696090193993761,0.779372679511551,0.552262356004678,0.731466086257395,5.17509141228431,NA,NA
1516,1.32879482996116,1.37852879213505,0.0724799172281892,1.60150223796148,0.349943821426872,0.269241859310074,0.314005394808366,0.713199395654956,0.951064393226057,0.214034330756287,0.747881627851399,0.858941868395079,0.902134783784277,0.52218932892615,0.146328013846069,0.915624951352491,2.28737952457046,NA,NA
1517,2.11647573528479,0.112708805452724,0.999469212775329,0.944654078836185,1.37170111753581,0.98668952156743,0.874464857496787,0.990814712254098,0.0773237800467759,0.536921914701117,0.295930067616864,0.280291188223171,0.612379439387005,0.0902434149599867,0.322516552643501,-1.74383070908734,3.63313886675971,NA,NA
1518,1.74171436211174,1.46345315775475,0.842893569066669,1.4747069891207,1.37166271670743,0.685518265397637,0.580938275994384,0.424785886234837,0.152450457403669,0.366425792151131,0.146801924096653,0.431675892399391,0.972923400522675,0.444080572078237,0.499435838000849,-1.21370253456222,4.16311651280362,NA,NA
1519,1.4126609163741,1.35873067525971,0.0504282760905518,1.36790307165352,0.621603191454856,0.817972433960298,0.114800085700233,0.298480932015111,0.642110614811303,0.854354842963279,0.881765275966376,0.664488183690351,0.809577993946266,0.348390917582903,0.295269575628918,0.149583203726849,2.5862229395802,NA,NA
1520,4.18579613397302,3.62598642495158,0.762659572815949,3.49422401603902,0.617035148228318,0.786198925880948,0.554975416839821,0.751993822391611,0.05912896563916,0.268858406082611,0.234826652120217,0.40672924887808,0.726509535747464,0.893671386028524,0.847551830412471,2.28485734831619,4.70359068376186,NA,NA
1521,1.67298043983509,1.63805384994849,0.0502880204883574,0.993269771694931,0.94325824945369,0.69161095602531,0.09495587897941,0.168921064123977,0.159906540110824,0.477691602734965,0.49169693319092,0.873557985178078,0.0724359978899592,0.726661298585357,0.343318778968882,-0.855482425354598,2.84202196874446,NA,NA
1522,4.12426450549852,4.10548050820123,0.0526648264266355,3.12773861825679,0.899100589036078,0.992052056557732,0.206324298112188,0.26949771997286,0.963160325801349,0.391077773738885,0.266135668444913,0.647476961532841,0.628931676685344,0.451122219924582,0.154495150690083,1.36553384526733,4.88994339124625,NA,NA
1523,3.32419082578563,3.01717481558524,0.999211658695923,3.31388108521347,1.37170111753581,0.718512480788282,0.854672798151849,0.939413753374247,0.565829456309672,0.140873761263792,0.823702722885995,0.715675002655247,0.875382462117122,0.908233278931934,0.903592222118052,0.625396297289945,6.002365873137,NA,NA
1524,1.95394941458799,1.88942577914849,0.0600978995322222,1.67256413700362,0.475368201065286,0.439005027077743,0.273327585685533,0.189684204705642,0.680541433710954,0.293339142971556,0.0140974886273034,0.973146230968414,0.476749428079114,0.0651578994987067,0.805762823636993,0.740859583520063,2.60426869048717,NA,NA
1525,-0.967600150408116,-0.879400704380528,0.665112159117128,-1.33087404229627,1.1852235631601,0.116226686732145,0.530400447564782,0.310279740800848,0.2082513871548,0.183059228136321,0.847244315252756,0.270503154366394,0.79282871319796,0.509823954571853,0.44944115861156,-3.6538695397183,0.992121455125754,NA,NA
1526,2.38545241276441,3.3509905041419,0.998441753420216,3.31328198931167,1.37166271670743,0.876410229161498,0.820562958827126,0.853041586269275,0.14003359958902,0.386217394346255,0.594537245516083,0.977514760403661,0.388026250268449,0.993104128172272,0.378208891211427,0.624872465628747,6.00169151299458,NA,NA
1527,-1.35331524892776,-1.36194480312707,0.050619818514005,-1.14334579522402,0.596102641493103,0.301249757135287,0.133293105286895,0.487828089503455,0.347046730814269,0.658815771047142,0.189566020869068,0.459881077628466,0.709826446529012,0.427165343974833,0.150465673784609,-2.31168550363969,0.0249939131916508,NA,NA
1528,0.522444551367858,-0.138101485845712,0.999953273271545,-0.0968684747889699,0.94325824945369,0.929174849139294,0.995992586579756,0.21375996895181,0.129808784239343,0.655987596032675,0.729796227920102,0.853883296523592,0.0667054434465244,0.72932883561519,0.210352980109048,-1.9456206718385,1.75188372226056,NA,NA
1529,3.77989757433467,3.77607986720275,0.0500736050865367,3.76097114187713,0.433939038504871,0.719281414616387,0.0267287176181562,0.615224560752627,0.15012639010651,0.834309620237094,0.756054305460071,0.22715025662852,0.430711039251997,0.856775195169961,0.780796051754383,2.91046625492164,4.61147602883261,NA,NA
1530,3.50198465319781,2.38484026547349,0.959449267998739,2.71320147428553,1.14136217796074,0.354007746319985,0.655514269204228,0.416859111810103,0.00478506563534029,0.349042507431353,0.332262849115184,0.00657482942391653,0.627001740641077,0.51765686646942,0.515422332347138,0.476172712166284,4.95023023640477,NA,NA
1531,-1.06795697518253,-0.297108375886497,0.903090531256341,0.161478115199274,1.14136217796074,0.426692836983129,0.608754422192927,0.609665917251026,0.331912842688616,0.16838359594706,0.909638354156865,0.392539495351259,0.211669060395681,0.376103652008693,0.108202750331257,-2.07555064691997,2.39850687731852,NA,NA
1532,3.59381563499066,2.72513878499456,0.995176142382556,1.88453287064157,1.13359871943507,0.994854928938439,0.763889868032304,0.0972350957748713,0.912932683046441,0.585577845551656,0.643293625551276,0.80697978165606,0.0357136891551781,0.813467131124344,0.189273300608038,-0.337279792371887,4.10634553365503,NA,NA
1533,2.59009940685993,2.42108735560087,0.994452906919532,2.41720353426254,1.10072686126702,0.999504323712317,0.75686659020558,0.840633955016732,0.853307196713285,0.847932428497588,0.380241823385819,0.176994047260727,0.47064855808916,0.806389964403468,0.944281704774592,0.259818529363359,4.57458853916173,NA,NA
1534,3.4517506717023,3.39864405241612,0.0501103217870496,2.73116060691937,0.624158346938535,0.946754929860705,0.0469650151749374,0.893285092029371,0.926329883416533,0.128917796263238,0.933243479984929,0.0322245553416433,0.835220392588293,0.570511996846762,0.31386062750523,1.50783272626979,3.95448848756896,NA,NA
1535,0.114672985167837,0.843528097791874,0.966935318112269,0.628326553489922,1.37166271670743,0.667427538584452,0.66612856165471,0.781852663682192,0.320656717927195,0.990674958033371,0.302176670639426,0.379555074049276,0.0770371841503074,0.156092709380318,0.786517336538411,-2.060082970193,3.31673607717284,NA,NA
1536,1.24770155093752,1.20311306160479,0.0561479183622862,1.01342040011529,0.616840887703488,0.589044502904522,0.248307204307872,0.499607976822299,0.0757875288432697,0.608665128924302,0.655981640785583,0.461193326456123,0.908401599221979,0.643412068525096,0.819558536165394,-0.195565523975262,2.22240632420584,NA,NA
1537,-1.13927338354905,-1.78920421945528,0.999761269181652,-0.726990606121547,1.31462371948015,0.401909981112578,0.91443146511307,0.103518321111682,0.74182552403002,0.671604004411492,0.184244750053971,0.936832222934347,0.378555176420487,0.281903601602186,0.0506608836278319,-3.30360574952473,1.84962453728164,NA,NA
1538,2.37333798735035,2.36762863296409,0.197635902937695,2.28010907728549,0.323132902568914,0.0434360628400464,0.415359331810731,0.649902867703116,0.145400863857241,0.23537561395776,0.106552475512959,0.310311407559086,0.760786958781071,0.571282353104907,0.461437814619276,1.64678022603053,2.91343792854045,NA,NA
1539,1.45336549279914,1.07237777970501,0.974390006534546,1.15785550636219,1.1852235631601,0.0488899969223421,0.679307571126381,0.111379656324862,0.665129822694696,0.929941907162429,0.853320112170652,0.952597443025326,0.847403778961161,0.166073096837965,0.701723478986067,-1.16513999105983,3.48085100378422,NA,NA
1540,-0.367886671849325,-2.0098703049004,0.99978121374647,-1.44558135249585,1.14136217796074,0.431379763344419,0.918794584690128,0.60715069141495,0.344264659543289,0.401027908110409,0.850139845356578,0.737940062316484,0.156695310567971,0.601000728436746,0.644385679947562,-3.6826101146151,0.791447409623387,NA,NA
1541,2.19952454441053,1.9063608029919,0.44728221791926,2.58100798868462,0.757959401165073,0.396171340105007,0.483489968653419,0.111712356693461,0.0744212947684573,0.724968115981552,0.363078997796401,0.41625549708365,0.979758225895115,0.79855232361448,0.749145312521956,1.09543486065753,4.06658111671171,NA,NA
1542,3.12509024735049,2.15925726938635,0.405375596250577,1.84729507605691,0.37813898880902,0.312382925998652,0.474262264787918,0.614059208634659,0.542556507085101,0.935730144182104,0.395169209639775,0.162335611687507,0.446935883767321,0.0709617815511301,0.667201664026477,1.10615627684083,2.58843387527298,NA,NA
1543,1.1256866433979,1.22456088635671,0.120647765947475,1.47005575568811,0.323132902568914,0.433842274275492,0.373926047423505,0.320913393523311,0.0882943711902481,0.590695288370713,0.992792585820192,0.696230573918205,0.383369799881009,0.284350982928066,0.570191200348665,0.836726904433148,2.10338460694307,NA,NA
1544,3.51772203860181,3.55068389258491,0.0500924218369898,3.5743921171089,0.364553532552334,0.727862173608039,0.038112165454193,0.463422712429776,0.841891826194711,0.598707340236171,0.946489265694981,0.661191030026181,0.88131995631766,0.226283303347649,0.569860574420425,2.85988032286948,4.28890391134833,NA,NA
1545,-0.711897220151464,1.18653763237046,0.992653847531511,2.1440490361409,0.94325824945369,0.773197527648066,0.742726121848333,0.16428069526935,0.117610830117483,0.709840547846747,0.244111773092649,0.173309558708919,0.653699698637472,0.434851121794665,0.695738557919511,0.29529683909137,3.99280123319043,NA,NA
1546,3.91382423994015,3.93059296635692,0.05009777441041,3.57094261985717,0.640941714940528,0.904502759922063,0.0409274276352953,0.0788650824342621,0.793127601349726,0.157373706099112,0.0326196982865222,0.979461084298673,0.892017686786712,0.85463927407877,0.0663248902310152,2.3147199423844,4.82716529732994,NA,NA
1547,1.82653389538718,1.95547010112581,0.370840042379676,1.9476980968223,1.08165871606276,0.720282367013511,0.466327857978758,0.489472378695849,0.503762131254771,0.00456041115219705,0.290268651421764,0.842129064676701,0.137555016227416,0.501522345141857,0.884315982636297,-0.172314030224541,4.06771022386914,NA,NA
1548,1.84314416299239,1.58967306544313,0.215165479587264,0.950713853990273,0.555953224343843,0.59180200365989,0.422073749218835,0.94351181195979,0.261079114406719,0.05649780160503,0.5129871413816,0.303546330096317,0.170811288757832,0.430647055508918,0.17940226299793,-0.138934442812575,2.04036215079312,NA,NA
1549,-0.56471079140976,-0.429226591970577,0.460891849021864,-0.666686909361974,0.190188486689646,0.145785661472939,0.486420691842795,0.53699673119653,0.486861505562556,0.271757752842153,0.387562830305775,0.167984801585088,0.148948293561814,0.61229419242416,0.364833835650119,-1.03944949354786,-0.293924325176092,NA,NA
1550,3.56494113218877,4.0469570461221,0.999798279149337,3.75371483672236,1.37166271670743,0.920995771858026,0.922856004452333,0.766958356379415,0.224335884908214,0.0769608412620146,0.146107860948076,0.378564850078546,0.742979033251177,0.28001749912533,0.290055057889316,1.06530531303945,6.44212436040528,NA,NA
1551,1.90239675401357,1.85532438680266,0.0539210272566652,1.20130581324361,0.337479636818248,0.166654145570821,0.225701381423743,0.824272613430861,0.618942932978272,0.684393881228403,0.231637736819917,0.935573327338439,0.950934119303012,0.126598815649282,0.398950758040533,0.539857879564185,1.86275374692303,NA,NA
1552,-0.104560651621218,-0.0882810239957711,0.0500546258622351,0.310040638088519,0.736475120895746,0.621594690222759,0.0118173838449875,0.760668240447412,0.396444160861196,0.316793028052314,0.503514154536999,0.940412921059411,0.554895316890324,0.634973854553536,0.711207096872618,-1.13342407437693,1.75350535055396,NA,NA
1553,2.13452989246404,1.45295833448795,0.972193085089635,0.830384956983311,1.31462371948015,0.366052423645626,0.675073494695942,0.157964905680739,0.431869645898114,0.417597534812405,0.378753738833824,0.243161393604707,0.325691774772247,0.119109395655338,0.160159464599332,-1.74623018641987,3.40700010038649,NA,NA
1554,4.12945588525781,3.71897113247296,0.997296297785291,2.81611248281613,1.37166271670743,0.970346339120995,0.79294949501392,0.453684030323988,0.160595197747694,0.897937823901186,0.494355635392014,0.0769582052662736,0.868563619625522,0.134393562586047,0.673848530266434,0.12770295913321,5.50452200649905,NA,NA
1555,2.68963377710763,1.51409726994535,0.997453400791052,0.507361823735564,1.37661810341601,0.474720683887019,0.795950946449884,0.875739710983471,0.856271986025153,0.590046765290666,0.957718530626502,0.578930220362498,0.0804844402214512,0.705639853476779,0.707271430679015,-2.19076007942565,3.20548372689677,NA,NA
1556,-1.08220300243116,-0.768559021527687,0.999871502826524,-0.854560305546548,1.37661810341601,0.336274328780943,0.945408754322212,0.959604311988107,0.790051688110107,0.735894846786861,0.497182540070382,0.180920332593378,0.115522369781858,0.686768923828145,0.857032409477048,-3.55268220870776,1.84356159761466,NA,NA
1557,-3.81768514196915,-2.79528308215657,0.997892177372047,-1.80759040319947,1.14136217796074,0.415265239294968,0.805429263701779,0.488824686678359,0.676724917356973,0.723617064817809,0.989629526993725,0.548887617223663,0.933910944135394,0.991403014483862,0.789549659518641,-4.04461916531871,0.429438358919769,NA,NA
1558,1.58846052646457,0.696939301802922,0.99703434082946,0.766727213589679,1.10072686126702,0.901035187984002,0.788311801516451,0.42231862499367,0.975330461705918,0.844129704974475,0.0752214687623782,0.393104098909185,0.652798767610104,0.986826276538894,0.55796882023511,-1.3906577913095,2.92411221848886,NA,NA
1559,0.115151015505946,0.20568587331869,0.332383028748249,0.78347593148426,0.726301670681254,0.526709623826435,0.456977489728015,0.961496218276676,0.176411480048322,0.85602761919098,0.894969604967395,0.0102150624273345,0.610418770604534,0.162251270891284,0.220952929589432,-0.640049184962267,2.20700104793079,NA,NA
1560,3.97453706435091,3.93141782998961,0.0511927786132152,2.7530103063844,0.639783726299304,0.899240765482769,0.166053995755967,0.247383088838891,0.25069241058419,0.964076074402663,0.179499885384692,0.907738126785727,0.0246621555003803,0.550642106603715,0.274845570208388,1.49905724494293,4.00696336782587,NA,NA
1561,1.09105039745,0.372480048097036,0.982524686085605,1.03472908003634,1.08165871606276,0.981982732392964,0.698855318629765,0.309098260299535,0.513472687472124,0.251632523554726,0.99691547205532,0.0700553989368491,0.111045160676818,0.607204512418481,0.227769578065025,-1.0852830470105,3.15474120708318,NA,NA
1562,-0.0292662608917522,0.0130277356202041,0.114309270173559,0.33309274520174,0.747631005865758,0.990078580493224,0.368866798262345,0.663613707342884,0.391432184441364,0.733327773396741,0.142558788480819,0.00617886152677238,0.952025714845047,0.032216906115762,0.652918428868288,-1.1322371000206,1.79842259042408,NA,NA
1563,0.105939554479317,0.708654332355472,0.620918101707656,0.980737698231615,0.615438147970407,0.668334261632524,0.520474674878293,0.677098212142359,0.286277170670452,0.106383839005255,0.100082357364823,0.574170214526006,0.609749579251511,0.942853150539449,0.10081464191759,-0.225498906502415,2.18697430296564,NA,NA
1564,1.08099731126803,1.36433890157782,0.18917854358759,0.729731726633578,0.54858614157589,0.698895499062375,0.411885485881823,0.310893110724748,0.936075218959944,0.708897472306387,0.898232527493616,0.134758858865243,0.660950824481202,0.0727091276621213,0.818109801991144,-0.345477353272957,1.80494080654011,NA,NA
1565,1.62588219030077,-0.370610603756242,0.997681393009079,-1.23440506766724,1.1852235631601,0.353213034747052,0.800652589602279,0.0546423581055133,0.925780050742789,0.155018862913712,0.215676581957377,0.846973650592263,0.212260626428179,0.167212430182728,0.717395396746579,-3.55740056508926,1.08859042975479,NA,NA
1566,-1.11560149171195,-0.477531261122391,0.881623856545737,-1.16919162963376,1.14136217796074,0.463890996672097,0.597475651602261,0.429617732665385,0.214463516410906,0.138165278704604,0.739279979963205,0.837547388082952,0.838316284018569,0.899449472132605,0.435711067600176,-3.406220391753,1.06783713248549,NA,NA
1567,-1.74882538033961,-1.7697718109059,0.0500458669357338,-1.67604906772448,0.343341185568482,0.176685951755382,0.00307877608388662,0.338504365908797,0.528915273115737,0.815218383592204,0.762027387434267,0.462775138474535,0.472195939940051,0.961650978990248,0.731175902355812,-2.34898542584799,-1.00311270960097,NA,NA
1568,1.22260892235989,2.19576182435465,0.708288821209141,2.9578099565278,0.579455493300672,0.834027771428344,0.540693978699273,0.815921307557612,0.778255443041329,0.725335424165358,0.437049643944716,0.466982112142141,0.958484619346913,0.841091138339601,0.0243282853242708,1.82209805901459,4.09352185404101,NA,NA
1569,1.99652542039066,1.93836337875574,0.989415305485867,1.55095036173749,1.14136217796074,0.239967094629654,0.724292431119131,0.495227275325102,0.287856486411183,0.88744444137637,0.241193825408933,0.45139182474697,0.593753127892385,0.867306378770736,0.383071075073443,-0.686078400381755,3.78797912385673,NA,NA
1570,0.306972042102435,0.692442952040297,0.503585382859399,0.790582658623594,0.62345687464072,0.54603751932655,0.495488601398305,0.0318179757505422,0.887133694612887,0.131346771212178,0.822551398006384,0.262110486036865,0.652497598118382,0.626962645965279,0.713610945264692,-0.43137036158612,2.01253567883331,NA,NA
1571,0.585649024271238,0.605203255977057,0.0594662248386732,1.69783074779929,0.578080020319397,0.678562051865272,0.270064131171093,0.0530261227244046,0.968215387193603,0.0431124122012407,0.999760650479002,0.163432059465325,0.467098910173052,0.3445683697965,0.929563076421269,0.564814727791091,2.83084676780749,NA,NA
1572,3.72449166369467,3.67324256886188,0.164736936742345,3.34327913990299,0.574229998002965,0.683345459802309,0.400744764019153,0.945728294514935,0.567162202517036,0.238247864715522,0.469405404814752,0.112588602904929,0.445088771996088,0.82835924976028,0.397857172596268,2.21780902497467,4.4687492548313,NA,NA
1573,-0.866775255920512,-1.3996936638513,0.999947880759769,-0.178817238652621,1.14136217796074,0.27214891423448,0.990531411243603,0.413724364381284,0.343628366829362,0.524196302464115,0.723586527892272,0.299394687736756,0.818450404234929,0.995047245712951,0.0180027210403932,-2.41584600077186,2.05821152346662,NA,NA
1574,-1.13230376228542,-1.19033333171424,0.0512192722166547,-1.25737829919652,0.370193456770757,0.270171967701172,0.167153821059037,0.138519871594734,0.312159347751644,0.619791856101947,0.411454167922144,0.523950112683,0.146033436632715,0.0863189286295092,0.506725599304424,-1.98294414177959,-0.531812456613456,NA,NA
1575,1.51883073881925,0.904246821580706,0.999865952082625,1.54383742227305,1.08165871606276,0.519272544284351,0.943293941108393,0.549420512423618,0.583430725795683,0.547660111011355,0.916812205114402,0.570847528896411,0.870242080159485,0.146919729015557,0.724271326260641,-0.576174704773792,3.66384954931989,NA,NA
1576,4.29126408653666,4.2600337643326,0.0513620333836446,4.18806952796158,0.55528913391874,0.911153436710243,0.172697574084741,0.352469315117341,0.307067997899372,0.599157911997056,0.465505852754111,0.328747641458176,0.151705975733814,0.374736269288929,0.787190564691788,3.09972282447441,5.27641623144875,NA,NA
1577,1.93412172418634,2.00871748819738,0.0572872848359568,1.88342622774,0.585079935395232,0.906829886588035,0.256868471990922,0.738315653657075,0.252581020870595,0.140040343239787,0.348456260230392,0.888975532699842,0.0487691686773906,0.873100609748857,0.889607530904119,0.73669062628832,3.03016182919167,NA,NA
1578,1.3224499707165,1.38876349182017,0.106863989489803,1.15448237540494,0.37813898880902,0.473416760498774,0.362296169523033,0.0807318138560513,0.825878315062262,0.870497859037947,0.541772415226907,0.183036516610649,0.42347147152375,0.666009679256473,0.265717509131413,0.413343576188872,1.89562117462102,NA,NA
1579,0.870958909195475,0.883757987132324,0.0776306696530989,0.512391484810275,0.460858538416348,0.539679510344053,0.324599032826489,0.365200461628265,0.440017229473684,0.216798355693463,0.545868778164499,0.820162604854326,0.831878406640491,0.697890324773965,0.176844738884596,-0.390874652453535,1.41565762207409,NA,NA
1580,2.82792924249378,2.3909867697024,0.452394411417949,2.11546914279518,0.349943821426872,0.296611831358634,0.484593871580437,0.699113817513222,0.971984931082698,0.706879860278568,0.0633450415781699,0.148548869653489,0.194470987482928,0.18532754589594,0.337719688497018,1.4295918561862,2.80134642940417,NA,NA
1581,-0.49610874521005,-0.796563785613352,0.179313088809729,-1.0880981525612,0.37748013559708,0.0310648555873195,0.407604741136078,0.0957109673251398,0.907007556769415,0.127466857090592,0.0167956453921506,0.970923899954534,0.775879620223422,0.646661221240531,0.415645880572614,-1.82794562321077,-0.348250681911623,NA,NA
1582,0.54116184653042,0.863838529343631,0.992086666606721,0.740628558996114,1.19064519231828,0.1420181226813,0.738977408251143,0.861959998567123,0.188192647298798,0.222629260425572,0.852852900547208,0.700145166341565,0.0225925645289244,0.198233702886617,0.699641521772253,-1.59299313631348,3.07425025430571,NA,NA
1583,-0.956088360814841,-0.302228718383352,0.607655166606867,0.00320181931484886,0.343341185568482,0.0639009838313796,0.517579983011819,0.218783180552884,0.718056714374921,0.59280540839606,0.759504191795364,0.741252647264744,0.827272849163041,0.920238573670504,0.983101550820284,-0.669734538808659,0.676138177438357,NA,NA
1584,-0.372036235259834,0.00805970472943533,0.795364318817039,0.71899211446198,1.32370409105544,0.784926305943867,0.564632094212459,0.139052252324298,0.832520522940671,0.839752057437319,0.139500667849323,0.182920732207363,0.107048263149918,0.990114952881006,0.482926574321114,-1.87542023019501,3.31340445911897,NA,NA
1585,-1.06292553555882,-0.649396777739594,0.999472833212499,-1.51783535258736,1.1852235631601,0.0697662869143533,0.874807260692818,0.0535674901989987,0.241818030546536,0.561304284192272,0.480045923930127,0.925030521141249,0.699672543152701,0.228246175156441,0.282217279455042,-3.84083085000939,0.805160144834665,NA,NA
1586,1.53218219936128,1.60093078849981,0.0509838460525475,1.71505451309719,0.37813898880902,0.199652472689515,0.156414416731452,0.605961934801424,0.419896670422051,0.986666616428178,0.432744666094077,0.247603797834599,0.657055524566676,0.13605153049645,0.951973432256491,0.973915713881118,2.45619331231326,NA,NA
1587,-1.37548779527072,-1.46890533929175,0.957301309453381,-1.39723979185671,1.1852235631601,0.172730654278421,0.652815317300381,0.0179312826344976,0.409158311967156,0.400244981201249,0.812356561729801,0.0947228399232263,0.967439200219465,0.215077539472491,0.403058072956628,-3.72023528927874,0.925755705565316,NA,NA
1588,2.16602739234381,2.59515434024024,0.669498443966819,0.680721496721583,1.08165871606276,0.596305770638981,0.531414941095514,0.436203020214685,0.995013623878127,0.277794598761015,0.0767621719057206,0.15726520189771,0.116417324565933,0.97387291649892,0.505778040123871,-1.43929063032526,2.80073362376842,NA,NA
1589,0.978643623354655,0.986801255291482,0.0506756181242293,0.69083778369196,0.37813898880902,0.242868988699047,0.137606108892011,0.296502314484096,0.804070822368143,0.487055453879293,0.466142328125075,0.229660912666004,0.658990288842702,0.911174523503287,0.0239770313976333,-0.0503010155241127,1.43197658290803,NA,NA
1590,0.476526421436239,0.420250784726382,0.0501948518921876,1.01980866202913,0.358326069513014,0.841487969916197,0.0754113803724758,0.455602797632222,0.74425864105369,0.320095628177398,0.502550331023056,0.218412540614023,0.552694708087365,0.00098782876774203,0.907912767310278,0.317502471061831,1.72211485299644,NA,NA
1591,-0.582491284594144,-0.743105309684987,0.999635065930925,-1.86998565661112,1.14136217796074,0.0640333813483594,0.893205817202688,0.530685906278784,0.756021738105221,0.360528685108642,0.320216276649735,0.425590337774018,0.643387903283117,0.242960049859481,0.686355078684166,-4.10701441873036,0.367043105508123,NA,NA
1592,3.92807813356585,3.89461684330097,0.0597080658700305,3.98359311728943,0.712597536803913,0.962468942613574,0.271338333884953,0.273007651186315,0.363341870493372,0.180976233192603,0.503165533999912,0.98931991530885,0.0612251366745913,0.020633663966204,0.429900539143826,2.58692760968181,5.38025862489705,NA,NA
1593,2.34287814757562,0.0226069000423327,0.994962466455368,0.798426909374433,1.1852235631601,0.224535872646957,0.761711431121686,0.267324178720475,0.308006127721979,0.0284435300658224,0.214203110212227,0.553439635721967,0.188880546645611,0.550292351238313,0.251816565746441,-1.52456858804759,3.12142240679646,NA,NA
1594,2.72606553467,3.03103318383064,0.998552349883006,3.23331058665583,1.37166271670743,0.998157656481955,0.824249767364119,0.816739462595782,0.0527779790209606,0.458397312583285,0.0839962010016898,0.52746430495102,0.668456322840299,0.138795564378728,0.0422468676592689,0.544901062972912,5.92172011033875,NA,NA
1595,0.91224870257184,0.96162000441248,0.0659834563772207,1.24314532491432,0.622768267884363,0.731958027422428,0.296603003008175,0.796708914869348,0.00319873858301435,0.64934878590703,0.396680008261232,0.214808687673882,0.352997053014929,0.956802124221576,0.00680206062586512,0.0225419491465786,2.46374870068206,NA,NA
1596,2.96661657223188,1.73607867975678,0.988177167836699,2.78947752453858,0.962188842369164,0.903930361295701,0.718695310923038,0.726691489200806,0.950481224863674,0.710875966324122,0.491417682178086,0.665830191072891,0.755251202834072,0.912329224004061,0.61113370962441,0.903622047168733,4.67533300190843,NA,NA
1597,3.40189476583937,3.3605702206223,0.125757400149668,3.00414468309398,0.633546007700068,0.957435000358499,0.377708911001217,0.719785451669944,0.864877005081158,0.861839798928471,0.0581087541666348,0.648691772104707,0.0630489326022798,0.751515727313468,0.931111299021402,1.76241732545271,4.24587204073525,NA,NA
1598,2.69891300224809,3.19601099971456,0.843333944258038,3.87738003509927,1.13359871943507,0.976548053949955,0.581106387078064,0.0391322021989617,0.462970641451888,0.337449104259606,0.495832159978454,0.0379055559220724,0.117454085979844,0.257969839803875,0.589769668407273,1.65556737208582,6.09919269811273,NA,NA
1599,-1.74497696724661,-2.06123666001291,0.305595593761096,-1.66635207804469,0.529881087750283,0.0223072739073541,0.450027098741615,0.626509085472324,0.829297798798303,0.413668570383219,0.949518025389873,0.554330370226293,0.193348926456296,0.541032901750761,0.737496935423114,-2.70489992612415,-0.627804229965226,NA,NA
1600,-0.3197304080983,-0.349567277492409,0.0527809974460303,-0.250474935394278,0.869032284471159,0.383685351034626,0.208463966557058,0.855388210087083,0.060500463818782,0.993474369210075,0.211440336421598,0.500241127515794,0.671675158828264,0.179361472977675,0.438633888547542,-1.95374691436032,1.45279704357176,NA,NA
1601,-0.11698929578193,-0.11763995834377,0.0502257603411796,-0.271774059821294,0.337479636818248,0.171444564533536,0.082774720324087,0.839400027202093,0.628138430371531,0.917025696909404,0.414654827310937,0.1288602949247,0.990640005875495,0.802649036814226,0.522665838993387,-0.933221993500717,0.389673873858128,NA,NA
1602,3.18068433762,1.82202342488825,0.999901890692303,1.39324648305771,1.1852235631601,0.293737314217608,0.958901587176602,0.364177895754925,0.700950796355144,0.287453505037469,0.221440895394771,0.924991160912206,0.268961202787817,0.530224993266515,0.511776084606419,-0.929749014364318,3.71624198047973,NA,NA
1603,1.17609909233369,1.15725174422263,0.0505078182250285,0.818890901239794,0.343341185568482,0.462714384808438,0.123322049182025,0.437885679368395,0.69141457438108,0.509515979783144,0.834428140073083,0.764447595336125,0.475807439055759,0.17827384020912,0.231683426464791,0.145954543116286,1.4918272593633,NA,NA
1604,3.53129117116298,3.68949771378801,0.999803009527965,2.23041746855931,1.13359871943507,0.604784404327977,0.924042726070853,0.0720581625704654,0.302904029439087,0.532400866303127,0.78511431075295,0.61271777277824,0.0502976806676015,0.171451198303956,0.566471377792535,0.00860480554585275,4.45223013157277,NA,NA
1605,2.20898040024901,2.23071865350621,0.191281453445311,2.20698832926219,0.323132902568914,0.157503369226004,0.412765153543442,0.227882186967065,0.0271490850520786,0.0530067988415249,0.0449000735467998,0.97046761894424,0.585734117014217,0.0767938013412058,0.817150124353822,1.57365947800722,2.84031718051715,NA,NA
1606,1.4837787998388,1.82381360514788,0.146054093752212,1.61915400756845,0.651371958360337,0.234553205932025,0.390752182960394,0.050506199606345,0.316390315916971,0.94871085755399,0.621283583683195,0.397014316369779,0.948115984877455,0.60495973907772,0.409100856401608,0.342488428642867,2.89581958649404,NA,NA
1607,2.3329076408874,2.22524132405203,0.0504418192030125,2.52088266216553,0.323132902568914,0.392501807920868,0.116357433644356,0.113983027223381,0.0300550832905574,0.594018367342069,0.783200745785376,0.587928052179283,0.450058680626913,0.364490372404223,0.962073483281303,1.88755381091057,3.15421151342049,NA,NA
1608,3.52897236628352,3.50885569229415,0.05459778275243,3.6062947344903,0.644633272097398,0.995425275072106,0.233698185664602,0.962588081423659,0.663339456138783,0.275556995677995,0.690969023274607,0.192858824459836,0.794219625322614,0.959565613463987,0.372033034088206,2.34283673794319,4.86975273103741,NA,NA
1609,-2.23198733797222,-2.08496261075932,0.999623626900259,-2.45756447697906,1.1852235631601,0.221588844006998,0.89166200324602,0.217932671058923,0.563326339167892,0.808624897387577,0.950210307872971,0.657519614804652,0.692949663543608,0.723097126021632,0.240306688196724,-4.78055997440109,-0.134568979557038,NA,NA
1610,-3.03436068997805,-1.71532621744489,0.999754244797816,-0.952142104100566,1.31462371948015,0.145468135898584,0.912981130650849,0.30549762278609,0.866378167054732,0.688353133897996,0.166959703293396,0.0208310356190195,0.590760830111918,0.523121623834595,0.105593083802727,-3.52875724750375,1.62447303930262,NA,NA
1611,3.60907814039798,2.0251959923651,0.810359227650269,0.909155703203964,1.37166271670743,0.902999232594855,0.569432968941401,0.666887803546269,0.351587015617872,0.465494592832983,0.222149987203535,0.541934654028271,0.0853371368040098,0.335196705989423,0.703654199489625,-1.77925382047896,3.59756522688688,NA,NA
1612,1.82138019417617,2.2554140658692,0.896674380927107,1.91679878376765,1.1852235631601,0.0446130688448902,0.605171541537158,0.26893889247044,0.0813569766533328,0.143254164095619,0.222659941280144,0.358868942795321,0.718986165511189,0.170005621393677,0.965456156406435,-0.40619671365438,4.23979428118967,NA,NA
1613,-0.0577441865948639,-0.335204089894545,0.965176793105922,0.321014580055079,0.962188842369164,0.870220331861987,0.663441661691177,0.606314243195811,0.707611325430684,0.791182583891205,0.0601742604689207,0.511537272765068,0.226028382306104,0.846180756150628,0.833769168974599,-1.56484089731477,2.20687005742493,NA,NA
1614,1.61680290958205,1.19954251305369,0.994806029028674,1.55101918302171,1.14136217796074,0.307835882545682,0.760174056089949,0.600517478937865,0.205197423061822,0.673138199060806,0.103753005882376,0.631438046216033,0.90176235227671,0.595159022490028,0.84982199771388,-0.686009579097537,3.78804794514095,NA,NA
1615,0.843593638660507,2.50090728240538,0.99991349081037,2.64376250376885,1.1852235631601,0.144769196305424,0.965193777516717,0.234462655383861,0.467941268215654,0.381098644114682,0.0739613666203804,0.235258936585975,0.0709883947958006,0.176527731942129,0.877069761678926,0.320767006346824,4.96675800119088,NA,NA
1616,1.0399524513778,0.991465614871287,0.131530150956383,1.06841089223605,0.94325824945369,0.507833072810317,0.381712001663283,0.0387119242920307,0.116348367651226,0.980910903423093,0.299658276056289,0.131792961391504,0.461734851784538,0.238308264195453,0.205519030005671,-0.780341304813482,2.91716308928558,NA,NA
1617,1.20811776339899,1.14844001583763,0.0746656647274807,0.45141321004328,0.551335802560311,0.947449817444896,0.318762853440479,0.710432691191905,0.794926886174246,0.323884033218492,0.816247881554766,0.920888929367182,0.0741639303795528,0.895786672252929,0.0739907209960511,-0.629185106362415,1.53201152644898,NA,NA
1618,3.94748626439887,3.92423685609764,0.0542206732667914,3.34285580874826,0.69688469739014,0.858081144099124,0.229399269260699,0.494928560053231,0.244713417929364,0.995740055819741,0.462366565079312,0.289794372819481,0.0545465296802577,0.985227681375807,0.352817772200913,1.97698690048649,4.70872471701003,NA,NA
1619,-1.43907976627246,0.18909334256206,0.999953819143581,0.947642309469077,1.09893285163646,0.657137118016719,0.996580165098538,0.842539738659863,0.531848824920831,0.593801293305354,0.84304153714783,0.558113504078938,0.6130103632682,0.593655093333451,0.350415280238609,-1.20622650116628,3.10151112010443,NA,NA
1620,1.61868123677054,1.62058062068221,0.0526383120128191,1.5124838180831,0.404832570186587,0.367100257410086,0.205822918650811,0.109576144343475,0.579988026730483,0.338344928056002,0.203477789056371,0.720011423323653,0.0287885736851022,0.44308602753852,0.769146926778019,0.719026560748612,2.3059410754176,NA,NA
1621,-0.630856928568555,-0.639163441363915,0.0509684930411893,-0.693885040119192,0.372120256478824,0.38299089981115,0.155627201023512,0.981161679801182,0.447718357078149,0.740063859567163,0.378301321397536,0.680176447093254,0.492606657121796,0.649979770748294,0.143978589173639,-1.4232273407355,0.0354572604971108,NA,NA
1622,-0.353216418195407,0.940528705683076,0.998695924961343,1.83749933321182,1.32370409105544,0.606868664575624,0.829479716208298,0.214610440089134,0.840714169620536,0.353797035102267,0.209915193697787,0.856494414985529,0.861797004791442,0.919273932249169,0.0496599992137635,-0.756913011445175,4.43191167786881,NA,NA
1623,0.0576652486905192,0.139578990070968,0.0501475118790631,-0.37783409810951,0.370193456770757,0.480891338329762,0.0614923366350122,0.0431043033874594,0.230879686776665,0.435120117812417,0.771022801904939,0.391182048287592,0.670143585131154,0.245852019073092,0.455883870074525,-1.10339994069258,0.347731744473559,NA,NA
1624,1.46012194958295,1.49389563509729,0.0500506337327781,1.46399631532101,0.349943821426872,0.0296022464510752,0.00802270231908187,0.807610516723595,0.593462784242118,0.193852324492182,0.280876827886095,0.534294063134003,0.321208461692208,0.821063965579378,0.380503840498975,0.778119028712021,2.14987360192999,NA,NA
1625,1.79040830820492,1.92086300087885,0.180767762073749,1.89783545678134,0.323132902568914,0.297154499730095,0.408252766743535,0.188622818636592,0.0258447322577704,0.536310416841996,0.877083587562433,0.419692437010468,0.95895643754385,0.711766620450187,0.568367486992851,1.26450660552638,2.5311643080363,NA,NA
1626,0.691524780809651,1.14224525408053,0.255952813921727,1.11699972105046,0.502281297508459,0.377894168299623,0.435777131447452,0.39925462214509,0.779679615793168,0.361109590886161,0.14240887131996,0.941203049734235,0.897393193848548,0.128050979172927,0.3087967181165,0.132546467825834,2.10145297427509,NA,NA
1627,-0.466212925027287,-0.478011079315301,0.0520564745317368,-0.6383518267008,0.370193456770757,0.461419187879423,0.193334909807309,0.0147456959284609,0.274589870253578,0.450260451007984,0.719204872521455,0.762298169517773,0.220149098587339,0.0564712200482609,0.535041967100813,-1.36391766928387,0.0872140158822688,NA,NA
1628,-1.96299970703901,-0.298723840887557,0.999711024786827,0.270763038499304,1.32370409105544,0.736520290247514,0.904878605800099,0.201539517644327,0.464618083502748,0.910883745576139,0.438979291162686,0.817129977118806,0.557861254521413,0.658645215547062,0.0726300713211531,-2.32364930615769,2.8651753831563,NA,NA
1629,0.75955719241386,0.894679402293976,0.21834799370025,0.571695390080791,0.31098147948321,0.180419777848059,0.423231179566705,0.780448837497272,0.823127447153907,0.272085782928974,0.876720162282698,0.386017362051061,0.87283349939133,0.352276582806837,0.558387636875035,-0.0378171095652822,1.18120788972686,NA,NA
1630,0.385656558858633,0.818078820892579,0.999527863161227,-0.208891551694082,1.1852235631601,0.437967587307794,0.88032256488339,0.110684439706849,0.479905546818394,0.392324132791138,0.440005000625504,0.908514952065074,0.505101462513791,0.0716267714144196,0.340867830867646,-2.53188704911611,2.11410394572794,NA,NA
1631,1.03569988268269,0.942919629223186,0.717368105363393,1.0282592318317,0.337479636818248,0.210414200091152,0.542959822524455,0.819688297827262,0.552285720883054,0.317922640990117,0.0298116320702247,0.084468671997427,0.595076843031449,0.250738388292957,0.990809935264639,0.366811298152279,1.68970716551112,NA,NA
1632,2.06039181401949,1.4410689679839,0.941718554517567,0.471030954332536,1.19064519231828,0.362485965000349,0.636393338877824,0.79289685966284,0.326734668556717,0.522356184072443,0.257861709602061,0.870325620969757,0.694809258671361,0.235931879878743,0.829533269064035,-1.86259074097706,2.80465264964213,NA,NA
1633,2.22704511703239,2.56116673696336,0.81283321804237,3.01054234686076,1.37166271670743,0.629746086437837,0.570251965939999,0.294622986004455,0.303913026580121,0.393970690788119,0.918554668607889,0.371790761165554,0.844349003680749,0.311948839907302,0.545680077018565,0.322132823177843,5.69895187054368,NA,NA
1634,0.926066069069409,2.10239431806392,0.999840917496379,1.86233599429268,1.37166271670743,0.72054977493966,0.93473134179716,0.277827465962619,0.165953641833155,0.391655891017057,0.534452205919311,0.515296004778706,0.712290592745063,0.926741552783758,0.758547939213342,-0.826073529390236,4.5507455179756,NA,NA
1635,0.471032837134641,1.89714687479452,0.97103714703957,2.60846618780297,1.08165871606276,0.52289499213302,0.672974314616295,0.293940061489586,0.917223881238722,0.537614269335056,0.871952821873128,0.98448279172671,0.254020878914627,0.694401590570225,0.891078119852114,0.488454060756133,4.72847831484981,NA,NA
1636,-2.32122530510752,-2.30711194040794,0.0502912059174431,-2.22985372729521,0.343341185568482,0.139580570687889,0.0955059976482298,0.330440713758348,0.623894841676112,0.773463778688922,0.736561056869919,0.526725124971592,0.64161098108883,0.974573145777918,0.94808474495355,-2.90279008541872,-1.5569173691717,NA,NA
1637,2.0824530051055,1.8805603094468,0.276139207036332,1.81862451818951,0.94325824945369,0.642997450687108,0.441827583549893,0.255794100125786,0.170286140317563,0.286106723175617,0.554534116349183,0.362352809518226,0.922389240514138,0.979973966546007,0.961363891011919,-0.0301276788600224,3.66737671523904,NA,NA
1638,1.59390991970899,3.41667630883609,0.997705579290688,3.02185472837592,1.32370409105544,0.59321539161785,0.80117817431211,0.210761706627207,0.7464799294353,0.730622583086486,0.88969655511016,0.679830985603738,0.463092521364801,0.185613888805383,0.91085182937386,0.427442383718923,5.61626707303291,NA,NA
1639,0.718714991210675,0.794033809678259,0.0551941618772575,1.63931638260776,0.323132902568914,0.298001620086841,0.239827791743912,0.670748091804213,0.0141812879261561,0.142253291365225,0.945800493821735,0.424096150494413,0.574035844368511,0.0453963215642143,0.271636815259466,1.0059875313528,2.27264523386272,NA,NA
1640,-1.24395465884791,-1.31161472151583,0.0505910457687092,-1.17519026622451,0.37813898880902,0.0438406552370871,0.130914927035687,0.551486086119432,0.640575645252131,0.738846640401171,0.39644972052332,0.165754821793991,0.547393751927419,0.229516036206856,0.627090493347379,-1.91632906544058,-0.434051467008435,NA,NA
1641,3.64877328456709,3.64702647197289,0.182147847596789,3.35303087428281,0.563790669948585,0.602578221046948,0.408861988792894,0.452769281632849,0.861318795834668,0.656261432626052,0.154621640772093,0.755934372088173,0.197220270873397,0.549441340551712,0.213595694315038,2.24802146636387,4.45804028220174,NA,NA
1642,3.94069305358523,3.96294120437996,0.0508257832240064,3.62446673196273,0.36168544817459,0.663450260901591,0.147649232917116,0.792012699083658,0.652630684494856,0.880847750672838,0.315498880978324,0.338175342887174,0.386121757330373,0.438196917116758,0.472943808824639,2.9155762798083,4.33335718411715,NA,NA
1643,-1.32450180702198,0.408225663839821,0.994841888607294,1.34658538676016,1.19064519231828,0.332442703736364,0.760522354826098,0.762330983878812,0.979689240498119,0.00202481802611146,0.887262769352761,0.443592515056953,0.695161897326121,0.126136056460207,0.871832009415957,-0.987036308549434,3.68020708206975,NA,NA
1644,-1.10649956038143,-1.13260852586459,0.0757394448225653,-0.923417380876592,0.37813898880902,0.0274172361498931,0.320951530762832,0.485192735484801,0.517886245219968,0.614780037292512,0.56007527616329,0.0898098005371867,0.696968909378396,0.892085554884281,0.779499165373854,-1.66455618009267,-0.18227858166052,NA,NA
1645,-1.77801452071271,-1.61454684496633,0.495857205089868,-2.13581897420417,0.37813898880902,0.044265856780461,0.493856959080906,0.444765871608397,0.511494295632001,0.703202304889681,0.45433050381334,0.300314770732657,0.245479034848511,0.74439765632432,0.374350328556146,-2.87695777342024,-1.3946801749881,NA,NA
1646,-0.230387735686375,-0.406809375123535,0.547178064966013,-0.363375763131219,1.09893285163646,0.860393049994949,0.50467246363638,0.76014909409883,0.90148451003572,0.432860249541816,0.265713766533066,0.971701421087841,0.978318268519477,0.118901805878384,0.770180330871488,-2.51724457376657,1.79049304750414,NA,NA
1647,3.82529337655444,3.82203836581473,0.0505573548886394,3.04849897543934,0.36430110057988,0.849971261772793,0.127978588898317,0.283467793250689,0.868746091907611,0.111027931683115,0.167972818004549,0.636611324497499,0.451087467791978,0.796930389155284,0.318080880215275,2.33448193877447,3.76251601210421,NA,NA
1648,2.55240936456884,2.76132018359072,0.152254628045374,2.54940472685461,0.66630619508416,0.521772400222719,0.394244286708767,0.268334016616689,0.1108404387068,0.796464663848048,0.189284957175143,0.155648354962352,0.807848927121959,0.152396523528034,0.916674002545886,1.24346858181374,3.85534087189548,NA,NA
1649,0.597000170028024,-0.419138662782721,0.999955997091803,0.527758064347227,1.09893285163646,0.980559508567909,0.99899576082651,0.68691374277859,0.880296229880652,0.171866812010296,0.114807131132926,0.254349112516968,0.776891789491521,0.958575787242269,0.469756928444607,-1.62611074628813,2.68162687498258,NA,NA
1650,2.43135056870066,1.71262160374141,0.582318040715124,1.00602713769849,1.09893285163646,0.556857270083623,0.512126042582211,0.617154057563865,0.545597925018286,0.0722200044882484,0.209015656372183,0.639704824570101,0.291893021647003,0.573690084346919,0.0599408214666182,-1.14784167293686,3.15989594833385,NA,NA
1651,-0.28743850569794,-0.244589285357384,0.0502609388619997,-0.0602037973658862,0.372120256478824,0.438090079425485,0.0900171790655004,0.995187611945206,0.431230890787905,0.651942783661652,0.827694154664758,0.939348938575131,0.173070119696786,0.503911297853221,0.482304585279315,-0.78954609798219,0.669138503250417,NA,NA
1652,1.87316748383533,1.18011917777504,0.997171228780797,0.389348068208241,0.94325824945369,0.819335619118763,0.790681873472291,0.0297758115341421,0.0868344642417505,0.511245995532372,0.680674130111351,0.916265198293258,0.057498648676672,0.47943398170697,0.399282999573858,-1.45940412884129,2.23810026525777,NA,NA
1653,4.63399913851561,3.47709874001546,0.991444655006919,3.91228803548464,1.08165871606276,0.956292428751243,0.735042966475245,0.441581796080573,0.391937496137689,0.16471536276082,0.934747693314217,0.510804320097552,0.874615341089666,0.999514765770291,0.244628812744282,1.7922759084378,6.03230016253148,NA,NA
1654,-0.394737736622502,-0.646863773696766,0.402122767685758,-0.4782392969378,0.220240324255816,0.56702752734907,0.473529722544248,0.784687680670526,0.831178411980392,0.440232001448749,0.885920861259568,0.922935406089295,0.973364622803754,0.346602749755373,0.63609742165904,-0.909902400422623,-0.0465761934529765,NA,NA
1655,0.420828055173844,0.494684212449508,0.0503482752703005,0.714473866500931,0.349943821426872,0.356104128217557,0.104457129144575,0.775123667893233,0.643192614455358,0.951533187176567,0.72793398957036,0.848786018921412,0.366128460521577,0.146152727949666,0.14834954042593,0.0285965798919455,1.40035115310992,NA,NA
1656,0.449851171752403,-0.124802352280644,0.999489667159624,1.44172563970219,0.94325824945369,0.774347688522073,0.876430839286768,0.108629153775517,0.0972450102394214,0.370267179284128,0.3697755317064,0.485274298739154,0.70057119308738,0.851697724363301,0.674027167063556,-0.407026557347338,3.29047783675172,NA,NA
1657,-0.903837219898823,-0.772005017280614,0.209622054980564,-0.45701895741795,0.585499412981609,0.801292251072126,0.420014881104697,0.309628929251106,0.601799445990357,0.919821581196622,0.936340559306671,0.849697981755715,0.914756738717202,0.797044182766578,0.564845334022306,-1.60457671983125,0.690538804995347,NA,NA
1658,2.28168457515121,1.94905216523968,0.991648536173071,0.643431934588059,1.37661810341601,0.127136581188417,0.736259763449663,0.890996112377266,0.488972167761531,0.60695687849971,0.40034168035246,0.307678777735331,0.39804649920552,0.367280056081247,0.798839978640666,-2.05468996857315,3.34155383774927,NA,NA
1659,0.754759095479276,0.766220014225786,0.0502064937636992,1.22732242311384,0.578326389523037,0.537777930110693,0.0783135166923748,0.451969508325215,0.933486912560184,0.687532192178653,0.492845869527664,0.642220162021811,0.479601700979052,0.434371886650566,0.899826644722372,0.0938235283396021,2.36082131788807,NA,NA
1660,0.751168610288263,1.35312082550974,0.862601678910277,2.07867302550504,1.32370409105544,0.503796637980384,0.588867844453896,0.23517373077001,0.432128820336307,0.739810723569011,0.540288303270587,0.760959304218064,0.294384989037528,0.409348862983286,0.126157943429309,-0.515739319151949,4.67308537016204,NA,NA
1661,-0.964109058641178,-0.991457329972283,0.0916434632983828,-1.4537985480257,0.323132902568914,0.182345869184472,0.345875372479204,0.0846489070256939,0.0410928311914904,0.970588933472289,0.39183022487245,0.373477930303314,0.309670940394513,0.394018526557367,0.405968456249917,-2.08712739928066,-0.82046969677074,NA,NA
1662,2.08999916492918,3.02422512386524,0.776583569526993,3.00318407925591,0.94325824945369,0.633483691318776,0.558965803772793,0.190869006147841,0.105206484366674,0.0217988207280869,0.232428793038009,0.0367229465743294,0.81087192063441,0.764156883645803,0.571683584376355,1.15443188220638,4.85193627630544,NA,NA
1663,2.97947964049651,1.6072017084143,0.997370732917148,0.732470699895817,1.14136217796074,0.166400178508135,0.794349268318969,0.398729143303353,0.985053249567281,0.00144477305293549,0.612654599707108,0.374658774607,0.970499213442439,0.222526877537719,0.0520171544112964,-1.50455806222342,2.96949946201506,NA,NA
1664,0.565195917306666,0.526126180924246,0.0501000639882903,1.04461392551284,0.342748650400323,0.874674114403082,0.0420848968368955,0.326532726508565,0.703186345354654,0.618840453968965,0.470764485500287,0.0932239022140857,0.790986802908126,0.695413707011845,0.676134602658451,0.3728389149785,1.71638893604718,NA,NA
1665,0.850322695356344,0.809435213661101,0.0538308573886786,0.74349618025711,0.576903731487609,0.951303564894828,0.224533364432864,0.722301007186878,0.812485229234444,0.430550881267642,0.9191796716674,0.768521555639803,0.0174848886565305,0.530911176511319,0.153034501197282,-0.387214356005369,1.87420671651959,NA,NA
1666,2.44447777472907,2.4692019700706,0.0515978356194317,2.35689858886329,0.684127947962603,0.582489007507451,0.180693566964357,0.94202523462777,0.16638186637382,0.380975844805129,0.0640901274937205,0.144854692447698,0.893680746969418,0.720067771671689,0.172630662869546,1.0160324500393,3.69776472768729,NA,NA
1667,2.01104586334046,1.47974584536253,0.967828005807449,1.00743261556824,1.31462371948015,0.462337184259086,0.667545684351469,0.37944757945789,0.767346784959896,0.431682193225482,0.238064240047242,0.719780296869925,0.401768094947794,0.147233861584682,0.167010414305609,-1.56918252783495,3.58404775897142,NA,NA
1668,2.59761624335448,2.63965944052879,0.0988848395269179,2.58325467461904,0.59070914219925,0.66855321286025,0.354291712739039,0.931705867882818,0.609757350685308,0.425131663797656,0.0302387770777568,0.44987366568204,0.267355720959255,0.664921524388599,0.663761819832842,1.42548603056996,3.74102331866812,NA,NA
1669,1.55281857640882,1.59799564546681,0.050213084214505,1.3257055614619,0.370193456770757,0.175355721791042,0.0798847260794137,0.573553462138865,0.294618935815291,0.769283062779694,0.941652225803002,0.598540364935179,0.021870476435055,0.122565281699994,0.381449399972567,0.600139718878835,2.05127140404497,NA,NA
1670,0.925429991340319,1.88507694694728,0.998346456838354,3.22852565952987,1.32370409105544,0.703888579330174,0.817589976999443,0.128370688982308,0.475478172735078,0.0129084482818143,0.835279699964332,0.832908202596591,0.37751723107486,0.645334691649769,0.802233341563842,0.634113314872878,5.82293800418686,NA,NA
1671,2.18030099218705,1.84799023111458,0.998215720244839,2.21652333378463,0.962188842369164,0.66432005080732,0.81377835970372,0.457783347561606,0.579404431325616,0.804621987735969,0.856088760057464,0.514139689705218,0.588508690827875,0.386607133173733,0.746906606066856,0.330667856414781,4.10237881115448,NA,NA
1672,-1.31767121056403,-1.71734494836034,0.999912517229347,0.284815367182844,1.1852235631601,0.18523662316706,0.964634165252675,0.353857112470083,0.249984117071377,0.525583118766663,0.383877518459223,0.112003270766349,0.658310616950854,0.236018406708492,0.738172836401267,-2.03818013023918,2.60781086460487,NA,NA
1673,-0.44918903249026,-1.06911097133585,0.984286425009719,1.94042161765124,1.31462371948015,0.376561945946654,0.704262903414317,0.349104641073151,0.318423550008098,0.508253140652552,0.482258188303327,0.38852862684615,0.588105627183919,0.674512414047727,0.0790574052579468,-0.636193525751942,4.51703676105442,NA,NA
1674,0.914084001569917,0.472162319158216,0.645218974014321,0.543114226947292,0.663393092248894,0.910676236556261,0.525871429522289,0.898251749548945,0.49374113789585,0.952568501111353,0.392804303839686,0.0627412138242507,0.257098355334019,0.803378974407911,0.106579924018588,-0.757112341453198,1.84334079534778,NA,NA
1675,2.33946755537398,1.98669613653753,0.259835506761875,2.15582893906718,0.662726499435673,0.55441584286734,0.436972573649371,0.745743135092547,0.280413269224111,0.153170078635565,0.475552583002718,0.557655588350724,0.113090226776781,0.294885361492052,0.382885199387558,0.85690886857296,3.45474900956141,NA,NA
1676,1.28369936851857,0.543606483840409,0.963360267644997,0.53118500152294,1.14136217796074,0.457148947439273,0.660799858267186,0.429420799422311,0.763115315742092,0.335226069656084,0.0914162113395287,0.13704427327984,0.705242617438198,0.968353680078755,0.952812490078039,-1.7058437605963,2.76821376364218,NA,NA
1677,2.09380711679678,0.484571643845795,0.966627147819829,0.471557410665639,1.37166271670743,0.843133476031362,0.665647901454824,0.401237572413753,0.202567266711965,0.122993194257957,0.0493033947212389,0.588608636180405,0.996221883181017,0.998866195571958,0.055811269533704,-2.21685211301728,3.15996693434856,NA,NA
1678,4.02667443771606,3.40344331785373,0.733437470135968,3.6914284449878,0.65647479626008,0.747349141072948,0.54707631587272,0.907471418270376,0.355428881502128,0.513688870608457,0.677094658579328,0.0785669299683068,0.381949048521346,0.971695572860306,0.467334029845428,2.40476148755977,4.97809540241582,NA,NA
1679,0.584136973025915,0.613123765142443,0.272870175955934,0.39331936902715,0.31098147948321,0.39362234510202,0.440874219735735,0.759641680768225,0.52631321442523,0.635200206462061,0.7950854802588,0.250534934708267,0.223151880109101,0.0291137190728914,0.647489721458405,-0.216193130618924,1.00283186867322,NA,NA
1680,-0.596781408887182,-0.320446254026152,0.991283778311653,0.359785190204714,1.08165871606276,0.97815282859467,0.734102940686047,0.284596128917299,0.519864269535639,0.239700867283973,0.336765786845353,0.816013244012604,0.824923640525085,0.574559186315513,0.835562033785856,-1.76022693684213,2.47979731725155,NA,NA
1681,1.84995220448612,2.54907915871383,0.965341451000635,0.836074539996074,1.08165871606276,0.558792239951435,0.663687637329218,0.482849316358566,0.975803490699502,0.306553438891773,0.409066232823767,0.20825407966529,0.783486145152594,0.383523989863694,0.176351323254406,-1.28393758705077,2.95608666704291,NA,NA
1682,0.272550730013543,0.270740534190413,0.250198938509301,0.87886210459881,0.830021295010128,0.692088154144352,0.433975182235823,0.805045345979044,0.378281820682692,0.437926695404458,0.129025784639642,0.894056098830188,0.740125030203722,0.125651273850119,0.0587420108978404,-0.747949740022335,2.50567394921995,NA,NA
1683,0.325612459541235,0.368696290496695,0.0935295290116185,0.698879035892512,0.323132902568914,0.337048039275338,0.34819405403675,0.0842235778854229,0.155205488494248,0.340345381018124,0.112671238164185,0.28330515551928,0.806518601938733,0.660225295453099,0.846915193868103,0.0655501846375508,1.33220788714747,NA,NA
1684,-1.94013791329724,-1.28655398724151,0.959272229921932,-2.19409266121265,1.14136217796074,0.108150250150473,0.655286718046176,0.416296466952655,0.562492952335859,0.667700241731014,0.931427701951237,0.743439100102871,0.710167222515913,0.515363444517716,0.184125107377651,-4.43112142333189,0.0429361009065894,NA,NA
1685,-0.619709429769771,0.13964881397535,0.998741778077271,0.0356116445180419,1.19064519231828,0.353651112199994,0.831271855536499,0.767759529703762,0.72644129121874,0.289108055445482,0.113345063088695,0.274669858244713,0.230890290819341,0.175341843607253,0.720831523871748,-2.29801005079155,2.36923333982764,NA,NA
1686,-0.98400120563414,-1.46890032478558,0.890976770431721,-0.961019144565057,1.14136217796074,0.00373441888275556,0.602150153169874,0.557146538427449,0.606629199306946,0.213860689534573,0.764666674549691,0.957873367064749,0.848976769760949,0.170668146119802,0.00325836505996995,-3.1980479066843,1.27600961755418,NA,NA
1687,1.40549222945083,1.4069179025894,0.906752640842527,1.12105773754451,1.19064519231828,0.477353332492174,0.610894675252494,0.894142401129473,0.203655612248578,0.355420322752907,0.259043855074327,0.68330772725516,0.861400241710013,0.742159349244204,0.389085139464471,-1.21256395776509,3.4546794328541,NA,NA
1688,1.20002794527034,1.26545256329756,0.258133942850479,1.29212077006808,0.370193456770757,0.323015699683689,0.436450655878056,0.251371530968114,0.193379759011441,0.802121348646702,0.686187937487964,0.931189728425932,0.906381063252105,0.744549751706305,0.62633331873361,0.566554927485007,2.01768661265114,NA,NA
1689,-0.825011801517018,-0.91898266938867,0.0510782816962901,-0.463975767010799,0.337479636818248,0.406452158724307,0.161002122278558,0.74281726829242,0.631285435663653,0.333867663816782,0.127189456852153,0.114302942993934,0.0129093503151089,0.94452780593303,0.824386002112762,-1.12542370069022,0.197472166668624,NA,NA
1690,2.4394829281723,3.8386398744454,0.856813311454147,2.58551247001324,1.37166271670743,0.546617699846742,0.586447150594788,0.648103149668896,0.0249157905991888,0.460257567880908,0.0734799661670113,0.744476735303644,0.283642658003373,0.685841022892622,0.262949642511783,-0.102897053669684,5.27392199369615,NA,NA
1691,1.57330229889593,0.0119487312999908,0.999951892003034,0.0222656871977267,0.962188842369164,0.563679972336511,0.994535910095437,0.70323315485206,0.594098371987115,0.781116927771829,0.465339299779385,0.97523751637293,0.332170994517393,0.111085920613725,0.216191246437607,-1.86358979017212,1.90812116456758,NA,NA
1692,0.405674129077377,0.409079248596354,0.0500602963566671,1.35628849247394,0.83591546552562,0.948684163557016,0.0167558945040219,0.244600024348823,0.581719547557645,0.568250113909249,0.30529568462004,0.044439442937728,0.0566866570851998,0.805506791461026,0.563492068807245,-0.282075714076311,2.99465269902419,NA,NA
1693,0.420752660735471,0.604318085977606,0.910161801661474,-0.191247203587847,1.37661810341601,0.05078694447421,0.612955512845074,0.768704320880584,0.563704830606235,0.636865462239017,0.086537382147857,0.709130154156242,0.383825448472635,0.404817083338159,0.696919238947332,-2.88936910674906,2.50687469957336,NA,NA
1694,2.14693039592672,3.11233547841786,0.380238208823742,2.36501124892472,0.658856446776686,0.57466820730269,0.468523952127201,0.149410722042318,0.713034033578471,0.768801591739291,0.283112550142454,0.22099371726939,0.995959365995252,0.5992965629627,0.113417137285229,1.07367634226039,3.65634615558906,NA,NA
1695,0.927263372095481,0.759293360866813,0.0563899714732523,1.08080229738152,0.607292499213091,0.789719675702159,0.250250841433997,0.532927464704378,0.319617159213871,0.859225698525202,0.0627924852053402,0.596979177067289,0.754551806466188,0.512444117246661,0.957512163655483,-0.109469129157457,2.2710737239205,NA,NA
1696,1.67699285776053,2.67140654817271,0.999889528450125,4.79335812666137,1.37166271670743,0.770344028143096,0.952967147518182,0.433943124552141,0.387114200573065,0.232017517430359,0.489850493452628,0.348615785383736,0.689852855583187,0.661118826170336,0.465033973334706,2.10494860297845,7.48176765034429,NA,NA
1697,2.66101559239265,2.66579977800308,0.0517432351240381,2.57650488220421,0.586527760371018,0.742310114127002,0.185055866950541,0.656573431254365,0.265744384490768,0.795554836934549,0.11870924588351,0.595979261520202,0.384116642475012,0.787041731798789,0.144002947447821,1.42693159594408,3.72607816846435,NA,NA
1698,-0.564662971083326,0.596057845718206,0.860436673141409,0.715856450614922,1.08165871606276,0.667897213710239,0.587952737540822,0.553941397515708,0.837224483957863,0.0622165358826751,0.905545996242203,0.432868016035645,0.405647337280796,0.355666485038004,0.428905880184495,-1.40415567643192,2.83586857766176,NA,NA
1699,2.09364725813078,1.3366280013832,0.942937358764348,0.786768162188135,1.14136217796074,0.0477660365512129,0.637518339899951,0.596024300205754,0.980392005745787,0.118610281513538,0.121169951469637,0.51363321516756,0.773598931554588,0.265551438697148,0.96029779317521,-1.45026059993111,3.02379692430738,NA,NA
1700,-1.79122294617968,-2.14047579773382,0.999942438575092,-1.57608525371909,1.14136217796074,0.162206721407128,0.985565201694146,0.470907521143323,0.823642662658705,0.60370176981925,0.678447550951503,0.884214066282613,0.00769376274640672,0.0442491839729482,0.907033164347406,-3.81311401583833,0.66094350840015,NA,NA
1701,0.0796934933428073,0.0977058267903762,0.0566641408625199,0.439470908281286,0.37813898880902,0.0838390479423106,0.252365933148889,0.300653157372726,0.496047395223635,0.89705942289019,0.550652120221173,0.897259811336757,0.0647766690584831,0.939251035448164,0.81193558092392,-0.301667890934787,1.18060970749736,NA,NA
1702,-0.652543185578108,-0.599698265558597,0.050325663236103,-0.599392227416686,0.323132902568914,0.242359111605678,0.101099471397349,0.633944175179349,0.104563141148188,0.915785468061222,0.934384755580919,0.446748695905204,0.543254093574942,0.0685233605669346,0.120850723006646,-1.23272107867165,0.0339366238382752,NA,NA
1703,3.05492442798596,3.08532160576495,0.0507914357283132,3.22894037122165,0.72736471772816,0.52852560114162,0.145523242375813,0.933351454279968,0.226655577433994,0.44929349060182,0.89751922077674,0.0671156395002035,0.436246673123562,0.670378059478127,0.000247375408536755,1.80333172084931,4.65454902159398,NA,NA
1704,2.4621872292791,2.74347068908138,0.110136291082134,4.24504312545189,0.699119989255381,0.782998341407045,0.365277259465423,0.423916888733045,0.37685061991238,0.234106161010801,0.808107741729007,0.633641082151211,0.82180793658644,0.474852306525921,0.45102791438112,2.87479312563932,5.61529312526447,NA,NA
1705,-1.17247089960495,-1.05818755468427,0.115399003191817,-0.652155808100528,0.37748013559708,0.314161122030229,0.369768516217591,0.313921567041427,0.522783090892946,0.0187126320879906,0.0259902547060046,0.0403048235077877,0.017919195054681,0.306273171006585,0.575926475792425,-1.3920032787501,0.0876916625490454,NA,NA
1706,4.10089787872816,4.06947464560165,0.0501157823063075,3.91781000986412,0.367958288414307,0.937037556612049,0.0493808189077536,0.370392467238009,0.942086294127046,0.486479907600093,0.14005670598126,0.600334242372075,0.463675084733288,0.428736034367699,0.474836593150045,3.19662501675908,4.63899500296916,NA,NA
1707,1.16600625950478,2.25186788854171,0.999926842017778,3.37216134083409,1.08165871606276,0.530729273683857,0.973575950470753,0.43030881111417,0.945405587040586,0.539890554864542,0.3686144493256,0.550722294072039,0.695883149603265,0.282439935986302,0.923829090064741,1.25214921378725,5.49217346788093,NA,NA
1708,-0.953437239481451,-1.02597643743469,0.050122297944139,-0.798563894547642,0.278302624320763,0.0822814173431834,0.0521185855978401,0.0254933399115689,0.943104405622347,0.371662153515033,0.217724695583922,0.375624029246625,0.801241126383306,0.566937690156512,0.617526463552495,-1.34402701501932,-0.253100774075965,NA,NA
1709,-0.365789348300656,-0.378193826886031,0.0589319220250153,-0.202502004034566,0.577323622991111,0.729305526350858,0.267130806035595,0.520546409508912,0.655813036370673,0.86149961309426,0.470132742692484,0.756328778936528,0.574550578111666,0.590672567307367,0.621349591825972,-1.33403551252132,0.929031504452191,NA,NA
1710,3.22620680272471,3.36782574963358,0.157165943529888,2.87521622141505,0.715497906071523,0.54379923086951,0.396880420868751,0.852072793387924,0.266104324795306,0.352148792859516,0.0197523970417678,0.507233448913321,0.621087337724748,0.123679920775932,0.476136162332492,1.47286609450104,4.27756634832906,NA,NA
1711,2.25445658757051,2.22298690552693,0.0510657940416304,2.62234718680917,0.594181278894796,0.856511737823486,0.160419031700469,0.32330483734759,0.145619396655587,0.807372281413642,0.340092506527086,0.513169690194656,0.0884213739949046,0.0263993080010405,0.836684791336767,1.45777327988742,3.78692109373092,NA,NA
1712,2.37170854897157,2.85531785896098,0.986351978512079,1.57111441086987,1.08165871606276,0.639116393235279,0.711419844301185,0.538063791162102,0.627145873795846,0.602688415410346,0.544381916362792,0.453164914548863,0.360643655435997,0.442830016505439,0.787715517434059,-0.548897716176971,3.69112653791671,NA,NA
1713,3.0060891742975,3.01789305190402,0.0505854588317142,3.66538574027327,0.94325824945369,0.50600296226365,0.130439753318788,0.0830679790680297,0.127329025621177,0.780564416109119,0.446003169040661,0.612368858225294,0.212888854784542,0.148195301387692,0.861233569728094,1.81663354322374,5.5141379373228,NA,NA
1714,-1.29769101020762,-1.28571995838871,0.0571492453488187,-1.18096027058,0.756599680506782,0.196186338106752,0.255904940097476,0.302821946937474,0.298744272098294,0.604983805660042,0.539878348190803,0.259413193932269,0.637690641054651,0.0218150577993365,0.137364961485728,-2.6638683950878,0.301947853927804,NA,NA
1715,1.79012249155648,1.72156983554071,0.0803707896131522,1.85844687588207,0.62674164698128,0.319291939504095,0.329475536093931,0.46739447562967,0.185964356805198,0.90916834267613,0.686870992053417,0.332117320450023,0.291324641604209,0.829718315754901,0.453384275438613,0.630055820187445,3.0868379315767,NA,NA
1716,0.416457771792581,-0.326725221089271,0.99841431527962,1.22930700968461,1.37166271670743,0.778309154003509,0.819688756696531,0.641900031720987,0.363664830882801,0.0404030725001358,0.267073601843207,0.687467360799899,0.913304598577553,0.748817838246352,0.749528615282849,-1.45910251399831,3.91771653336753,NA,NA
1717,-0.545066083417665,-0.507656669847318,0.0501678907365749,-0.34694462663107,0.381364506449322,0.402263562130742,0.0679636434708955,0.217312580949627,0.627616772435606,0.109680153244524,0.685998756984249,0.297435840035672,0.132394707230036,0.102359131619334,0.527076125937048,-1.09440532425363,0.400516070991494,NA,NA
1718,2.43205211167667,2.47851199987334,0.0500652173976779,2.55909688398992,0.623177497733874,0.760012430975679,0.0206788828780409,0.661033208314329,0.947770322455559,0.773924954056973,0.802765066578868,0.0118918774385238,0.139370535904658,0.111584967969568,0.444668760108878,1.33769143245574,3.78050233552411,NA,NA
1719,2.42498210783136,2.42348612544424,0.998725657753985,1.95600835225573,0.94325824945369,0.788663315067999,0.830634475559345,0.0469594180182321,0.0321720682955347,0.825866645836271,0.566489441387355,0.855283959852881,0.98902261425613,0.84239124025777,0.476706332222675,0.107256155206203,3.80476054930526,NA,NA
1720,0.855525709039252,0.459047967933394,0.9672277904264,0.201995875630491,1.09893285163646,0.842325808433699,0.666588748128386,0.722948246260406,0.603219943547505,0.148640685958322,0.361464599825093,0.239806469468866,0.931763749676524,0.463768416038947,0.132206105701742,-1.95187293500486,2.35586468626585,NA,NA
1721,0.100571756305191,-0.668043099257532,0.995584848079188,-0.172955777652978,1.14136217796074,0.325749260258162,0.76833806896524,0.474717703078408,0.418351671009674,0.0321603120841319,0.341328410984133,0.0302121093665482,0.548341705774772,0.11469933902123,0.381579622260644,-2.40998453977222,2.06407298446626,NA,NA
1722,4.66246406879674,4.24209592875536,0.979098136763461,3.32216632329715,1.37166271670743,0.591462362595368,0.689718803257681,0.517299969668384,0.0103454763120972,0.108914815032505,0.448352150721243,0.249105680317269,0.409182621503132,0.822858490160084,0.368440922477166,0.633756799614226,6.01057584698006,NA,NA
1723,1.01596186409274,0.99501289922953,0.999234205925566,1.06919906787497,1.32370409105544,0.838843328959774,0.856124876910588,0.140324095053948,0.736508996616933,0.959575191356009,0.0649322470186744,0.669080582550145,0.752155024061445,0.489202549327863,0.460632957159192,-1.52521327678202,3.66361141253196,NA,NA
1724,0.937703538186353,0.9036334617076,0.0530128771891898,0.947544411114827,0.370193456770757,0.218906594262691,0.212480500189587,0.0804559378607664,0.23941388360085,0.707378836268675,0.973534073706251,0.895435041568475,0.222229936840013,0.0610651892460883,0.572047184009221,0.221978568531758,1.6731102536979,NA,NA
1725,-2.32591610361933,-1.3075195181374,0.962390297787906,-0.0805017915791741,1.1852235631601,0.07600758580619,0.659440290098079,0.350843199986732,0.204431700100657,0.55103317607916,0.384879832780454,0.902022535481025,0.624191587350331,0.087069901593728,0.416928369451198,-2.4034972890012,2.24249370584285,NA,NA
1726,1.41535947204477,1.40601901066327,0.0618228403914841,0.87631082537813,0.337479636818248,0.459897080836701,0.281304724313319,0.919473828843562,0.830200699482346,0.102894434102694,0.441612562833121,0.00845054682018235,0.024471074538189,0.0844120717326878,0.643192797242431,0.214862891698707,1.53775875905755,NA,NA
1727,0.418759985674546,0.401749133091169,0.0545277584794508,0.719313558628797,0.654562170384042,0.172250140404212,0.232927123549278,0.751424563203473,0.0355877039771294,0.539401026130887,0.683288770571467,0.0559164779566927,0.865197798297508,0.855061024177936,0.517753929568804,-0.563604720966295,2.00223183822389,NA,NA
1728,-0.209871606881725,-0.167153563843199,0.0501509306450917,-0.239486201671135,0.620322942098128,0.547490576994838,0.0626381025341107,0.191256816548295,0.727321840898017,0.899524122185074,0.787008335556253,0.168274810851784,0.434149683917873,0.783626132289995,0.971631321314373,-1.45529682696739,0.976324423625121,NA,NA
1729,3.19948848282797,1.51972819092016,0.959934717443068,1.5937306335298,1.37661810341601,0.283086767669651,0.656143133509788,0.948742881330894,0.602257388952421,0.585305844351882,0.844660922735115,0.539346400362207,0.372276426568744,0.13973938185873,0.344617716701468,-1.10439126963141,4.29185253669102,NA,NA
1730,1.51391211322353,1.94126997296651,0.981155119417694,1.6711536064913,1.37166271670743,0.5203509662305,0.695009229472605,0.737592454655096,0.173005723554641,0.829066503639799,0.846279954198515,0.916618997792713,0.293127677105134,0.143233971781214,0.887564498470048,-1.01725591719162,4.35956313017422,NA,NA
1731,2.1507454934929,1.58758851087391,0.985905283850326,0.908678599432939,1.1852235631601,0.337655166408164,0.709785714644822,0.335710209836601,0.766681275558192,0.325341223780182,0.0126058476651087,0.0809854930659058,0.315603042530129,0.763869955679285,0.939854443869437,-1.41431689798909,3.23167409685496,NA,NA
1732,2.92633811015082,2.90952372582024,0.0557987533132941,1.62485561185895,0.371843211587836,0.609205210429616,0.245365180999506,0.460593174485373,0.973046679064282,0.275492407280253,0.721178647257504,0.191264102315647,0.308377723839949,0.214641829516855,0.894652214035974,0.896056309251089,2.35365491446682,NA,NA
1733,2.07545540495031,1.99308051491356,0.0517606957776131,1.20116467641991,0.701168983894737,0.627849280699273,0.18555510790518,0.0784603444417007,0.537500814028201,0.969252663857769,0.0164509908069158,0.883956300483784,0.934010396566126,0.245138376433402,0.579478129000636,-0.17310127909032,2.57543063193014,NA,NA
1734,0.89972623026619,0.922088445888109,0.0506388184385017,0.688034169823246,0.651831216843877,0.919875951013877,0.134803784163902,0.167226348097203,0.598254900938831,0.866546881182236,0.364233078248333,0.80101641076291,0.110632068076869,0.0779142893081298,0.366802244064165,-0.589531539189672,1.96559987883616,NA,NA
1735,1.38851927954095,1.3375155199805,0.0559224311892609,1.45999965837789,0.323132902568914,0.0874148427693872,0.246426935266703,0.0589836669748183,0.163651382200187,0.868743218974792,0.874768795033218,0.881457382463152,0.492490193372942,0.88349353156588,0.743121596146026,0.826670807122929,2.09332850963285,NA,NA
1736,1.30065720115442,1.2277840300233,0.0503579072355149,1.35669310944035,0.366682769998947,0.745248579228413,0.105821669300902,0.431603478262085,0.427467404247727,0.526925287016551,0.690467626302154,0.43821477068658,0.088536567860283,0.42614129090705,0.421308258067351,0.638008086491031,2.07537813238967,NA,NA
1737,1.19075504331642,1.08934583027964,0.828950903689158,0.648016052619218,1.37166271670743,0.847919576906366,0.57579986954364,0.340843230112805,0.308754068565089,0.0150772015447728,0.0407036542409332,0.38735443960561,0.309234682595008,0.378473124390119,0.767709958578227,-2.0403934710637,3.33642557630214,NA,NA
1738,2.4235174889885,2.40697142529899,0.0501081246841131,2.64206212777793,0.323132902568914,0.0964446994963801,0.0459590801054146,0.168299516725121,0.0220645638487767,0.434092869627872,0.308666601164732,0.754976883588359,0.500064554568147,0.414634092307067,0.698905210489989,2.00873327652297,3.2753909790329,NA,NA
1739,1.15888646831572,1.13768631492825,0.051992048798034,1.63257319132761,0.366400732366542,0.643832787014428,0.191740038315183,0.329594792173593,0.616587389202206,0.150487022302463,0.74234760848491,0.179868589371094,0.546097119282233,0.734844491968746,0.419145088154823,0.91444095198009,2.35070543067513,NA,NA
1740,1.32527041691831,1.28844092286123,0.0699599878451865,1.57089841000131,0.629871467572246,0.23802476824529,0.307925102644018,0.484822761869291,0.196664752206183,0.932283567275736,0.397831072247587,0.225527526111109,0.664150540124741,0.960542999652796,0.88833967196045,0.336373018670323,2.8054238013323,NA,NA
1741,-0.944804298363024,-1.65024094313083,0.939503959321446,-1.3026346783905,1.1852235631601,0.424982865310158,0.634404301935341,0.196236401552567,0.974275143091916,0.556184218105394,0.535291340314317,0.120035718535888,0.53095297569118,0.341088120147353,0.96868432031828,-3.62563017581253,1.02036081903152,NA,NA
1742,3.59366392269406,3.65433844281105,0.0552139593638265,3.87831564687585,0.589925601313457,0.706670602851431,0.240019051599083,0.942808644701377,0.468186854738975,0.578730224632076,0.959091659433092,0.535384025615407,0.545642267587245,0.493383101046784,0.263251091544982,2.72208271474334,5.03454857900836,NA,NA
1743,1.62734281525839,0.924253440463564,0.994540671277168,1.92760465516315,1.37166271670743,0.858552366577322,0.757668645476224,0.619476268275641,0.16016729884292,0.19763420889189,0.61527346732677,0.447076413298957,0.723578967124107,0.189234549375949,0.0563055294111837,-0.760804868519772,4.61601417884607,NA,NA
1744,1.24149307908788,1.88941269890718,0.89938547301704,1.99345217319609,1.32370409105544,0.718110620447202,0.606660823222133,0.236513759915833,0.874250907778856,0.0519335061439779,0.575488107892103,0.355288470757543,0.0370983047524933,0.692384956541471,0.981736692532315,-0.600960171460901,4.58786451785308,NA,NA
1745,3.59724313851912,2.65078306912249,0.99990589394031,2.72576765121891,1.08165871606276,0.594421168435598,0.960984787942958,0.462181431116653,0.98669236386125,0.487691571446601,0.178473621535697,0.861080111002782,0.00853654621972237,0.0494891978503438,0.430013023839332,0.605755524172073,4.84577977826575,NA,NA
1746,3.42689197589734,3.06725264738044,0.919530085089332,2.05762460841804,1.37166271670743,0.697245293371263,0.619003477344522,0.677761739201495,0.181432552472223,0.88159015290183,0.101497244219296,0.684445044094347,0.277504596228246,0.767198953911313,0.640957036757725,-0.630784915264876,4.74603413210096,NA,NA
1747,1.27432007041344,1.29830804325775,0.0525994316934429,1.37632671865958,0.37813898880902,0.265217231921386,0.205078542567091,0.144332136278972,0.824258748010849,0.889454954792862,0.243261908141896,0.83236108586716,0.549618885247386,0.588267222541501,0.668849511330365,0.635187919443505,2.11746551787565,NA,NA
1748,1.49855547110901,1.75397180668092,0.999831130956145,1.85614124958072,1.1852235631601,0.0866653019424994,0.931745798238902,0.0862013494707644,0.802946574901463,0.891692263039411,0.346346651180182,0.964622099286993,0.027367443742929,0.0927801137944916,0.367236719752313,-0.466854247841303,4.17913674700275,NA,NA
1749,1.62704896302328,1.77788561186427,0.39610858689882,1.79292868387935,0.571723280520236,0.953508109797025,0.47216790793254,0.0695740156705724,0.668998261248227,0.533756888545235,0.20057217411208,0.946176361704129,0.0482388672834495,0.325412452651188,0.967072101392783,0.672371644936599,2.9134857228221,NA,NA
1750,-0.96057362405707,-0.921754404646306,0.0502692134672473,-0.194229003004949,0.343341185568482,0.343584601390292,0.0915785391310928,0.692443074862822,0.881670764648356,0.988461589874467,0.770812319296412,0.439225241621141,0.755521488385159,0.993562568870606,0.742914830376394,-0.867165361128457,0.478707355118558,NA,NA
1751,3.23549549312224,3.2476652267875,0.0588113904873994,3.09510983802593,0.606072777469671,0.690058462355635,0.266445085169165,0.676422358921962,0.0952783603047719,0.513274197468185,0.0757574792102678,0.215484196364996,0.651106796569307,0.512695041390951,0.44833597275184,1.90722902217521,4.28299065387664,NA,NA
1752,2.25350774938312,1.53038830691468,0.999869830411351,2.94764325897803,1.13359871943507,0.981415052391007,0.944762105260044,0.0635602891714079,0.537352492971811,0.305072135040537,0.383469483762048,0.541135093673249,0.152308009452769,0.590284429701045,0.121829125835444,0.725830595964572,5.16945592199149,NA,NA
1753,3.12739366702743,1.91025970356161,0.995789519512719,0.547890485912705,1.37166271670743,0.807868387486087,0.770722163894447,0.275202059717849,0.00769678173924331,0.557087204563199,0.954652904706658,0.568354604554013,0.379189581390819,0.519855295037269,0.329149772945093,-2.14051903777021,3.23630000959562,NA,NA
1754,1.83319390494445,1.53222634801568,0.754801523319646,1.47972958212057,1.1852235631601,0.197762505340273,0.552792412224342,0.0220918909116881,0.740487950870651,0.912988412837265,0.914998047344969,0.690571851296816,0.452676895828219,0.696676716921385,0.62488058406359,-0.843265915301455,3.8027250795426,NA,NA
1755,3.24066455154232,2.27313605326284,0.998846149604946,1.95829923287996,1.37166271670743,0.555222021091147,0.835607107384247,0.652241168875247,0.103566666889703,0.484278463206138,0.138776003587409,0.138016451454721,0.348994391594199,0.451698295453796,0.625139781162143,-0.730110290802954,4.64670875656288,NA,NA
1756,2.58351051893098,2.46988204463777,0.998509259760722,1.5738438058823,1.37170111753581,0.710029746934189,0.822780937519157,0.905335452067084,0.867465288913809,0.744905703836353,0.451341876103892,0.879748220653739,0.389235803786782,0.721589368297253,0.328094024876016,-1.11464098204122,4.26232859380583,NA,NA
1757,1.93623926930472,1.75673730443221,0.999779290389647,1.7754814604306,0.962188842369164,0.961111490848241,0.91835685267474,0.861266534152557,0.55845885726111,0.685177697251551,0.78670833434735,0.681721180101391,0.745406591016101,0.917149939938565,0.0407157564722002,-0.110374016939251,3.66133693780045,NA,NA
1758,2.22457193087006,1.72435837233349,0.900390072990905,1.32145234011397,1.19064519231828,0.0972445570527343,0.607221666261437,0.892586066125892,0.846813567949808,0.256031404881389,0.0458041914321948,0.97437340648449,0.836942327894503,0.0358114107208094,0.590579895900097,-1.01216935519563,3.65507403542356,NA,NA
1759,1.45604540483622,1.4957922481758,0.0546598451256748,1.30252089234712,0.370193456770757,0.0674395627839258,0.234371869888855,0.107540053197066,0.275723968041712,0.0205773633562494,0.450332520081196,0.565704936760711,0.137441993920016,0.996259040468955,0.526399034823175,0.576955049764054,2.02808673493019,NA,NA
1760,0.390016017017622,0.440881246177398,0.999864307709312,0.601323785253773,1.09893285163646,0.945091913340613,0.942684233279666,0.729162626991049,0.993000004157308,0.399134679355659,0.345412214578129,0.185237555081025,0.428207581272,0.901835477901972,0.500541455632076,-1.55254502538158,2.75519259588913,NA,NA
1761,0.619431403704602,1.59293758797045,0.955781132189069,0.821173418225976,1.14136217796074,0.0423897969762329,0.650982306467951,0.45837001574703,0.530319126112852,0.445123885935405,0.638663919931394,0.58094174769125,0.560058309965068,0.633609226409113,0.236666117243818,-1.41585534389327,3.05820218034522,NA,NA
1762,1.99704902100211,0.865790750708756,0.996881153153621,0.821902229094017,1.1852235631601,0.457653130177525,0.785785512703704,0.134595385590568,0.67946150203119,0.274015471441671,0.109636205249815,0.41060955726204,0.0042776964501245,0.614375834110891,0.764897869409062,-1.50109326832801,3.14489772651604,NA,NA
1763,1.95594768351917,2.33948439010003,0.857630557838893,1.70152144105441,1.13359871943507,0.552429388815654,0.586783966958872,0.0584290773224784,0.716773597285268,0.742226274638087,0.549319907795754,0.584097766827559,0.0925430284398608,0.125296930471435,0.412431452184217,-0.520291221959046,3.92333410406787,NA,NA
1764,2.37072666453588,2.32504232335023,0.0590499097642826,1.74938471847396,0.0957216159660557,0.979181866785395,0.267793234387762,0.684905202127993,0.686043484031921,0.58700920584565,0.178855574460467,0.716384436451364,0.502253195955302,0.450707377676619,0.130968206149992,1.56177379863851,1.9369956383094,NA,NA
1765,4.07910045640949,2.55548049439775,0.99956769324892,2.28920455913207,0.962188842369164,0.530278559914906,0.884731334603042,0.357816855472163,0.806356877615559,0.722679991928744,0.755660106932046,0.167343453960842,0.314923310106038,0.638790315004415,0.336137998220162,0.403349081762219,4.17506003650192,NA,NA
1766,0.190944315586807,0.378375727468356,0.338919845743048,0.566934720543009,0.745960730868393,0.753217762268963,0.45861371023301,0.543807481218362,0.327435201373184,0.0670338159988169,0.225037090298836,0.956730033029919,0.111796631689765,0.962821112584905,0.825534741841489,-0.895121445840217,2.02899088692623,NA,NA
1767,0.963790547589254,1.05075492535763,0.0720583999340751,0.691050921829062,0.609580107050305,0.520919968428789,0.313036233944935,0.0373096625905018,0.704155152747408,0.40304677997448,0.854536870379816,0.845420281896833,0.883549605242442,0.5467427327818,0.54324987964693,-0.503704133681607,1.88580597733973,NA,NA
1768,0.153929523958499,0.185628068905343,0.0514931302111573,1.20933122796968,0.721648728814708,0.94788938479498,0.177299284852576,0.978554412730853,0.87323190147616,0.00788245995494071,0.825412616646034,0.399819869798725,0.441543370553059,0.756869710218394,0.173490373191307,-0.205074289996264,2.62373674593562,NA,NA
1769,0.208676327542294,-1.45755149793537,0.665589653864369,-1.0879085093485,1.14136217796074,0.233587149720639,0.530510588755133,0.409911565255141,0.595159398873104,0.794790308985626,0.202214193535852,0.110011438852409,0.504654413244221,0.540775003233342,0.203593304001726,-3.32493727146774,1.14912025277074,NA,NA
1770,-0.493966007919299,0.0856481473318993,0.377229097561101,0.0948360864523142,0.0967146313020445,0.851577424113755,0.467824090571841,0.752460755525157,0.761418189436546,0.504587728825514,0.960736695750733,0.775855517728487,0.642252312727272,0.0507895660495851,0.21337171412725,-0.094721107677763,0.284393280582391,NA,NA
1771,0.331179599071684,0.721150745248537,0.301987307793407,0.388077187837318,0.349943821426872,0.055192506378633,0.449057071703486,0.737309092951007,0.802409688360407,0.237471303694882,0.297865431044949,0.369480786638567,0.28400064540212,0.436277369260089,0.0144504407478962,-0.297800098771668,1.0739544744463,NA,NA
1772,-2.46733419334005,-1.93206252609872,0.999816897245207,-0.940475162278843,1.37661810341601,0.20924804678699,0.927698850419838,0.886039544087835,0.144743991340161,0.7483022765395,0.882838405584684,0.418587803772534,0.775344298872631,0.21241926324158,0.869439075138769,-3.63859706544005,1.75764674088237,NA,NA
1773,2.96390286586178,2.92748055491888,0.0680403333835381,2.69753661254522,0.665409771542463,0.540516774999793,0.302766022855882,0.84363662955258,0.430101552434033,0.732426500420785,0.313898444898892,0.543932795117027,0.729324849792058,0.922791358723189,0.633319876165595,1.39335742536097,4.00171579972947,NA,NA
1774,1.36666635407869,1.49347646794702,0.996107900630155,2.16641268096281,1.37661810341601,0.184764950948418,0.774670396329602,0.748622827888117,0.690523262633476,0.808206075895228,0.693271441273973,0.67562168446905,0.0384888946885476,0.839436830580351,0.523507004712243,-0.531709222198402,4.86453458412402,NA,NA
1775,1.32846238696266,1.34229060021474,0.050071264652009,1.17933968743849,0.554339670836925,0.742785598750925,0.0251129097449593,0.909447288799682,0.915831523948233,0.795166791951633,0.598324887858471,0.254614514226443,0.582897571614129,0.460332129791612,0.21459597587341,0.0928538973963291,2.26582547748065,NA,NA
1776,3.49131469591637,3.4690251715278,0.0501235189152168,3.41109973135878,0.589099914588904,0.798479440042865,0.0526153534388868,0.476135635350598,0.71904113279283,0.741599386492162,0.162872133936267,0.948231364432024,0.754106970831519,0.00337092876876704,0.2225021570588,2.2564851154689,4.56571434724865,NA,NA
1777,1.30461057048157,3.86006919417988,0.97816641459902,3.56518830298689,1.08165871606276,0.669391191200353,0.687488082189811,0.461161241396796,0.845761592050549,0.168503048286424,0.716354002525797,0.21663425001828,0.469855942872353,0.156618431958254,0.790820820982102,1.44517617594005,5.68520043003373,NA,NA
1778,0.660424010545534,0.703897603874344,0.0846607309308865,1.02314841674737,0.559834406099247,0.656048777084565,0.336315629512304,0.316802157275262,0.0382850243340945,0.993996601074585,0.805632411648054,0.536429519276135,0.201462886772235,0.448738879755605,0.69786777208664,-0.0741068565135277,2.12040369000826,NA,NA
1779,0.53621949036739,1.16423220555068,0.982046846740483,1.94387242660023,1.37166271670743,0.564041433386621,0.697480865480262,0.835090499801561,0.0451779036843218,0.546981595434132,0.835676794309053,0.14049809820985,0.954455184779363,0.914820422270801,0.820312046991428,-0.74453709708269,4.63228195028315,NA,NA
1780,0.217919786676306,0.22328243532945,0.0575763146009165,0.551500694114115,0.661067751917315,0.954407303003361,0.258828596768435,0.914619468783145,0.164943102444522,0.890183381971205,0.342379030183423,0.980539241146762,0.20230962193897,0.736021568094846,0.330909017092898,-0.744168290984683,1.84716967921291,NA,NA
1781,4.01495708977466,2.657673246535,0.999714952449586,3.33846049557866,1.32370409105544,0.597869106126134,0.90556305792951,0.227214062099694,0.815811446378008,0.188083592836978,0.51235536290193,0.623520363542368,0.503163829476107,0.922145063036936,0.7307717975548,0.744048150921672,5.93287284023566,NA,NA
1782,3.60545364124869,3.53422232520717,0.0502721843668022,3.91958083032293,0.569794054806694,0.717600159983383,0.0921274471570505,0.67325802562153,0.520976505100261,0.998499634067644,0.667190114385681,0.839916049992666,0.421729560889769,0.819022211556905,0.272399475688231,2.80280500429676,5.03635665634909,NA,NA
1783,0.878940264332209,0.882942814087655,0.0503432123778724,0.725742421874357,0.337479636818248,0.445446466941154,0.103724675545585,0.796273568969802,0.48932000793959,0.527455368170165,0.26122261080693,0.427030665864004,0.0345746487108991,0.577889577438706,0.468035066442215,0.0642944881949341,1.38719035555378,NA,NA
1784,2.14147277548408,2.01812932514652,0.999794845987336,1.88865893975521,1.19064519231828,0.126144637451041,0.922012015515356,0.822577556483797,0.559427024294389,0.018205126738525,0.163961636369349,0.7486693425267,0.290630986208213,0.865653377117356,0.158402493983041,-0.444962755554384,4.2222806350648,NA,NA
1785,2.76517682568707,2.80970148762404,0.0509994634673793,3.59920082808774,0.36575609421824,0.905663951405557,0.157202697970904,0.445612419500831,0.501671540842275,0.158410783705651,0.561069001851836,0.205729528122814,0.0760941320594866,0.942401833699783,0.770701189928921,2.88233205629396,4.31606959988153,NA,NA
1786,-0.475252793964563,-0.503565616277919,0.9994488510717,0.320441071002382,0.962188842369164,0.780505950883613,0.872581593926298,0.705491370383068,0.446882205072092,0.756547998084454,0.77482761677145,0.773302659424604,0.296040020514862,0.93752600909234,0.677480165060377,-1.56541440636747,2.20629654837223,NA,NA
1787,1.43985894988623,1.43610755100172,0.123906905815438,1.05587170307703,0.566466189690848,0.855660580435535,0.376366695725475,0.651556107997312,0.34690776644845,0.561906669827178,0.199562756734202,0.318331376887276,0.457288413743139,0.616319697084604,0.610323361330666,-0.0543816271766704,2.16612503333072,NA,NA
1788,2.23485165236955,2.30557222415248,0.0509118586153775,1.92201070023297,0.370193456770757,0.192133514797781,0.152611399980378,0.0245341216183733,0.214773470672313,0.751872161798528,0.255879666955909,0.441353597187786,0.726238309470704,0.132697039408842,0.784542355890502,1.1964448576499,2.64757654281604,NA,NA
1789,-1.62375346477509,-1.47131496833662,0.356109134757076,-1.00883382321198,0.325033477244116,0.287219244145905,0.462820622003288,0.0703186774555361,0.773301443899632,0.242554364567739,0.644858260178939,0.244962876494508,0.339287046332727,0.738754841857357,0.689282667578897,-1.64588773238027,-0.371779914043698,NA,NA
1790,0.0958336079491864,0.00115993759280826,0.292407675572455,0.0384099614047031,0.597632148857294,0.888006739347125,0.446437640185119,0.205673840240343,0.469433786320384,0.921429113733466,0.0963479989037151,0.447530174511019,0.890337211773847,0.826007667494006,0.0219007717178902,-1.13292752635887,1.20974744916828,NA,NA
1791,1.33133520993775,1.34332788626576,0.0701283890374832,1.32931912150422,0.370193456770757,0.119875097177923,0.308354234230821,0.0629984012073837,0.182984096199973,0.663561188429478,0.356887695022859,0.614537996778614,0.822795789554832,0.524641916131019,0.692335585912108,0.603753278921152,2.05488496408729,NA,NA
1792,1.97310543958002,0.58177821792089,0.992293647322353,0.52290289737717,1.1852235631601,0.322220650208648,0.740313597086584,0.339500521551236,0.0907164049878484,0.484864892234211,0.412593484064797,0.177137745484128,0.770216876210296,0.918237679947983,0.45715105502645,-1.80009260004486,2.8458983947992,NA,NA
1793,0.791581530697777,0.812241305634304,0.99681706998717,0.653674700626177,1.37166271670743,0.971222348307143,0.784765187317855,0.315747662183945,0.176891031852923,0.171039097592584,0.355345957024256,0.995957057182561,0.101402666565962,0.416996757013956,0.996650550226565,-2.03473482305674,3.3420842243091,NA,NA
1794,1.59814007838328,1.55058767864958,0.0506072073995029,1.1069854751297,0.366170444726618,0.761793550186558,0.132264625936863,0.30432895487512,0.480987477318733,0.844636291532544,0.427005974981817,0.19214917742135,0.964202252370305,0.719569908093661,0.0970729828432668,0.389304591262517,1.82466635899689,NA,NA
1795,3.16268500796033,2.22843159361643,0.994324901087627,1.65082951459639,1.14136217796074,0.0768201421586564,0.755719114455162,0.567362171147368,0.168934406534419,0.0742384464298375,0.903444739598781,0.237884479882545,0.792088192750816,0.296772095068824,0.342720771566383,-0.586199247522848,3.88785827671564,NA,NA
1796,2.21169489805143,2.31769903569717,0.999276363317804,3.78704017206033,1.32370409105544,0.861524356840411,0.85895829021174,0.248688545180717,0.358207127578557,0.576948223076761,0.551770252793445,0.364549312075949,0.858450683087227,0.867838055869448,0.937160536826588,1.19262782740334,6.38145251671732,NA,NA
1797,3.53366670263682,3.51291935980888,0.0529406106306086,3.21871563315241,0.411227216757052,0.793096575479722,0.211262772644171,0.74326209437137,0.171809195481357,0.800275426169042,0.700652213305002,0.784244718744187,0.208890704036457,0.412434734783485,0.0730327501223655,2.41272509884594,4.02470616745887,NA,NA
1798,0.37614858755259,0.301231472498358,0.52869274710143,0.245290330358571,0.595981744403602,0.884749984408845,0.500777436104952,0.77189648976305,0.698055746780476,0.388242100390955,0.312684961319668,0.692225145373028,0.999889114329591,0.0582948270979105,0.985303642417421,-0.922812424115845,1.41339308483299,NA,NA
1799,0.796356204664516,0.788175661934319,0.0510250034122634,2.6429229321564,0.412425350129388,0.509626128340838,0.15846567452373,0.290402337325737,0.992178332985612,0.58047997481015,0.959799645320047,0.61565957646491,0.866874743638444,0.0400980530492961,0.604467830730602,1.83458409959148,3.45126176472132,NA,NA
1800,-0.0907810499121962,-0.121533778038272,0.0671951709316425,-0.164990939001262,0.323132902568914,0.102545250022085,0.300321629603393,0.575344174523139,0.0910595426288201,0.893338182629901,0.743338480654056,0.223012260910356,0.663401674333261,0.0815654941524845,0.942685795997037,-0.798319790256223,0.468337912253699,NA,NA
1801,3.10704262196628,3.0988448730262,0.0569168781806062,2.93360361974575,0.545748540334313,0.763413045973051,0.254240505648544,0.809149538288359,0.216869013164542,0.379625080646132,0.0905544461761601,0.275145233602729,0.653266526306164,0.378891453594435,0.616860996806412,1.86395613607519,4.00325110341631,NA,NA
1802,2.24286834689244,2.70550615353257,0.999895271075943,2.01339982565954,1.37166271670743,0.516963156458922,0.955636584014632,0.832978919688263,0.195747063875431,0.475153826750582,0.932786651561269,0.385049682379235,0.380007662280928,0.729703181342338,0.867003022420569,-0.675009698023376,4.70180934934246,NA,NA
1803,-1.51542835675645,-1.32156741575693,0.993582896056377,0.135157363779371,1.1852235631601,0.443763038216392,0.749535865215119,0.373830959192477,0.303073798153666,0.727487076715566,0.610942889433703,0.795362986732041,0.19798429282126,0.764964354227064,0.68072724928183,-2.18783813364265,2.4581528612014,NA,NA
1804,1.50030863382517,1.85463276027447,0.999440853249883,2.54565105672058,1.1852235631601,0.267726254845387,0.871860827674973,0.253769876130624,0.664193501983304,0.299379482915741,0.517528084735852,0.567193275651778,0.88784212630766,0.898975336411968,0.25255532761733,0.222655559298556,4.86864655414261,NA,NA
1805,1.28101027133785,1.70004164345842,0.986891633436769,1.65570461948211,1.14136217796074,0.0911484776325524,0.713465846378705,0.535619485560572,0.194163023134461,0.873694249495165,0.298154466923559,0.656088953163591,0.272583436416695,0.560834026562632,0.858665759437135,-0.581324142637136,3.89273338160135,NA,NA
1806,-0.486525081666983,-0.506261854992679,0.0620168472209979,-0.082930960236421,0.370193456770757,0.419158359255642,0.282128880611039,0.127009062730474,0.194985715543851,0.276768560442957,0.265449787165388,0.195999237446929,0.918935470699216,0.446617919349228,0.940502632702468,-0.80849680281949,0.642634882346648,NA,NA
1807,-0.164618473964666,-0.211959419648924,0.0551151476250761,-0.732377742492103,0.372120256478824,0.128227968317689,0.239057159473188,0.962363346903818,0.985772937059519,0.283565266848891,0.668829697773326,0.210615468799835,0.115109805843327,0.141662411894766,0.433911122577381,-1.46172004310841,-0.00303544187579918,NA,NA
1808,2.30746826504821,2.22481978414999,0.99784034108911,2.15041399777544,1.32370409105544,0.628303444471909,0.80421178869484,0.133905234514154,0.833875040096347,0.414250660327729,0.0889087583284127,0.924276620105957,0.491082019366091,0.520593649397721,0.229055338101578,-0.443998346881553,4.74482634243243,NA,NA
1809,-3.72637776156067,-1.87405849202968,0.996370262980715,-1.16253581066083,1.1852235631601,0.297907103535254,0.77817368459003,0.16788462573837,0.919559315730934,0.424661953105358,0.655446516627446,0.357241210423759,0.385414723702241,0.246595212853979,0.946611986673903,-3.48553130808286,1.1604596867612,NA,NA
1810,2.36520350305509,2.32092628515239,0.0501845630808221,2.43310446419959,0.337479636818248,0.155287613510969,0.072698416937259,0.850282007431495,0.369211323734839,0.292562968553393,0.402941866731388,0.115367897397955,0.91815200596361,0.349398807804217,0.603300613877829,1.77165653052017,3.09455239787902,NA,NA
1811,-1.99601833214995,-1.94525987116491,0.882041414619545,-2.3152766560715,1.14136217796074,0.355959797182004,0.59767743126303,0.432393687334144,0.809081320955185,0.611906357245171,0.0519159824195085,0.809962295747595,0.934552882728865,0.920670911788824,0.297987317058141,-4.55230541819074,-0.0782478939522555,NA,NA
1812,1.21704009093053,1.39525678044691,0.999827001229789,2.081075884152,1.19064519231828,0.372693683262449,0.930537532857852,0.734476807836792,0.254310382336145,0.322586778403725,0.248354671381647,0.537779322001268,0.661442351521458,0.907404193127179,0.0397233662618091,-0.252545811157592,4.4146975794616,NA,NA
1813,4.77717810749551,4.29394906180525,0.777095627678723,4.20531336499923,0.94325824945369,0.960046747627435,0.559115757522523,0.0560949875855586,0.03631691685447,0.103465366042918,0.153630448155687,0.13332943804143,0.359647971510538,0.761962506229524,0.846300589288119,2.3565611679497,6.05406556204876,NA,NA
1814,-0.0910093362284094,0.0133264327875588,0.061508640246643,-0.68309325005048,0.519228249989459,0.729833102616249,0.27994122147595,0.897862630461343,0.768419079169515,0.98144040797581,0.236263679358992,0.470209280178184,0.387015868352959,0.415057408284512,0.0362712797160493,-1.70076191978558,0.33457541968462,NA,NA
1815,3.28296062339578,3.23153898058075,0.137870059866825,2.81749359161573,0.615486873251339,0.637092179592117,0.385822656445089,0.337412489591166,0.716341748779872,0.792539873857866,0.455858062058804,0.608177366585354,0.449082198294811,0.506367654843954,0.0750005712920101,1.61116148708594,4.02382569614553,NA,NA
1816,2.1465134766653,3.3135745508602,0.92506600529067,2.09387434768109,1.08165871606276,0.605214632738149,0.622884583131294,0.329421702800435,0.671695459484588,0.401674378374009,0.775248587953974,0.133779706263333,0.912145985262818,0.288825330014341,0.027130943635595,-0.026137779365746,4.21388647472794,NA,NA
1817,2.40973149916178,1.31809947669236,0.99071580126072,1.26470378461253,1.19064519231828,0.452757181329536,0.730916359067662,0.97845058403397,0.686727323943167,0.270123040882289,0.371579635977279,0.365069606052479,0.550145042536664,0.321880756907165,0.822224566087942,-1.06891791069706,3.59832547992213,NA,NA
1818,3.05920218800662,1.89459872261482,0.976308346473922,1.98656513012536,1.1852235631601,0.164166150892619,0.683304217627621,0.0937728450098075,0.540635176168289,0.975512774969917,0.481871379543678,0.468931499235216,0.373156772947405,0.903699879023363,0.59582618740492,-0.336430367296664,4.30956062754739,NA,NA
1819,0.0484751734423419,1.12340408202476,0.999555210694442,0.694821614305758,1.19064519231828,0.0852994113191962,0.883307412764058,0.873743782356381,0.373914060375886,0.114110209558043,0.732212236647378,0.4993466982065,0.725041685771197,0.85028882381157,0.8521429573528,-1.63880008100384,3.02844330961535,NA,NA
1820,3.26888839629433,2.06314976912529,0.998977330423408,1.38913138337252,1.14136217796074,0.35715752442379,0.841648423510254,0.53196310705191,0.22107726868079,0.82071997418988,0.0156778672088403,0.575485972368973,0.102995923746144,0.681462949874578,0.493224241424235,-0.847897378746726,3.62616014549176,NA,NA
1821,4.1904256639687,4.18727416991285,0.0500911991207954,3.72700667648845,0.68407426218747,0.678067903121701,0.0374461998369079,0.636587369233836,0.59667139304115,0.405910972786602,0.459240916730952,0.0612746428551618,0.255762151805218,0.467396407496417,0.180607565201819,2.3862457598502,5.0677675931267,NA,NA
1822,0.458439910057828,0.537993942411887,0.999919126558114,0.0140838031270514,1.14136217796074,0.286015627888381,0.968562332154135,0.405465967612807,0.571665475122165,0.572672451527091,0.746513579983381,0.80620675186615,0.989742613371811,0.591315160873462,0.543505766425747,-2.22294495899219,2.25111256524629,NA,NA
1823,3.8480794642928,3.93011025400681,0.0820893008500725,3.72550554782426,0.101955321726744,0.795445053306175,0.332321127972566,0.010237355781137,0.68254091005167,0.647028171047801,0.468715735659702,0.0472608376970747,0.631040450008237,0.462168977534631,0.323083009530441,3.52567678920765,3.92533430644088,NA,NA
1824,1.28345623208159,1.47649648786409,0.997759733966898,2.38955530200412,1.37170111753581,0.730149550795439,0.802375320067862,0.96493106949341,0.0765211024172604,0.824689265493187,0.519313795894734,0.512802113280981,0.730741470592096,0.819558415367617,0.26623217651865,-0.298929485919409,5.07804008992765,NA,NA
1825,1.84409920539596,3.66091775786664,0.994195783322703,3.52038860514657,1.09893285163646,0.67991169534775,0.754587443774799,0.653612153286114,0.664765518714092,0.416753606818616,0.85162780658179,0.731094598918455,0.66156752218504,0.136740218767896,0.065866689066519,1.36651979451121,5.67425741578192,NA,NA
1826,0.0818729995622994,0.0491288240445695,0.0500775604938668,0.944441790360659,0.372119806918681,0.787305381688522,0.0293461290140403,0.312313204057631,0.611950133388978,0.19622632778855,0.910481686697691,0.733784448933904,0.547766413766658,0.120141437162645,0.565577630514745,0.215100370866045,1.67378320985527,NA,NA
1827,2.39863720147219,2.45445569850706,0.994683735824944,2.58697296531493,1.37170111753581,0.801735967344721,0.759003968322417,0.940694948390476,0.19804201540153,0.457278387023951,0.751082088690368,0.780738863541046,0.321566491572186,0.593237231735722,0.278065548558254,-0.101511822608598,5.27545775323846,NA,NA
1828,-0.0751468342566421,-0.0638089464092777,0.0521437909003475,0.160634274608458,0.514367328479532,0.764062083159923,0.19541864490218,0.668745893587358,0.548220762387384,0.725583636028343,0.952988810113049,0.622777566907811,0.277163962885737,0.575518006002996,0.92192531040241,-0.847507164035508,1.16877571325242,NA,NA
1829,3.56032924399231,3.82568385205649,0.998012931679453,3.74135380582006,1.08165871606276,0.689576819680049,0.808385389821371,0.391690506723942,0.72849717808445,0.0969002114807954,0.0595359442555346,0.701297363030608,0.621805738982512,0.410526023184531,0.362078959846403,1.62134167877322,5.8613659328669,NA,NA
1830,3.30401507332851,3.42378448599598,0.0527268087478717,3.02769454392636,0.514912263664681,0.553531691020704,0.207477221814799,0.817082293915795,0.324687929306296,0.797276110986364,0.975181491180789,0.995283462207299,0.960841816549189,0.130182390349568,0.374584000596195,2.0184850519456,4.03690403590713,NA,NA
1831,1.2909532461744,1.38116537184469,0.0506828947256265,1.06353321960583,0.343341185568482,0.288628034566645,0.138142127195373,0.61384867163538,0.550527200097567,0.890992420319817,0.886165391986608,0.817804595388123,0.797042401160696,0.810405194913386,0.0115675177939702,0.390596861482318,1.73646957772933,NA,NA
1832,3.04579822832353,2.70884738541197,0.994183823223989,3.26407353677365,1.37166271670743,0.928165839966619,0.754483887031791,0.801742836396559,0.266907831686665,0.224551854043617,0.0853681503593689,0.34968394943967,0.00236644914885983,0.900296764313476,0.165739806692,0.575664013090732,5.95248306045657,NA,NA
1833,1.49542195738289,2.3580893267155,0.990983912095274,1.59268610661161,1.1852235631601,0.193256670341943,0.732395775814308,0.0455426065648207,0.175707286984893,0.797620168856578,0.242698305597994,0.936438363148947,0.147403618140612,0.497142604773864,0.325409467656631,-0.73030939081042,3.91568160403363,NA,NA
1834,0.562444725787007,0.530813686708686,0.0501290355847414,-0.213521571128281,0.709875322643437,0.808290189687978,0.0548003394805128,0.973935010329587,0.0311075680059148,0.643381524090539,0.14957604543725,0.814927900666604,0.905587079355377,0.882778766809264,0.500039278720506,-1.60485163702317,1.17780849476661,NA,NA
1835,1.42585853891204,0.623068632840883,0.999887765597669,0.971359655730613,1.14136217796074,0.36118291320675,0.952175477644429,0.611904531794018,0.245310679715476,0.59674927114544,0.141771192066721,0.0436074712667614,0.11406998570147,0.29320008158742,0.821928380350466,-1.26566910638863,3.20838841784986,NA,NA
1836,2.59316975084569,3.02343318541067,0.998144115237998,3.17098575232443,1.37170111753581,0.532889022868127,0.811807248399826,0.947352335461532,0.815041662105476,0.365851249587722,0.311339817134663,0.619907244889415,0.203849773476832,0.978849043260212,0.850939047263237,0.482500964400902,5.85947054024796,NA,NA
1837,-1.75849498075015,-1.776990697469,0.0542362953039069,-1.98959132501092,0.281532062733163,0.154038784642238,0.229584819199634,0.280825689985882,0.94056043542258,0.329479377162061,0.354273756677634,0.605942252118955,0.748467438580818,0.936409903136781,0.342472275928827,-2.54138402846119,-1.43779862156065,NA,NA
1838,2.50848838254029,2.46775189433234,0.0662881719538742,2.1668603166363,0.599791817399658,0.636901382715325,0.29756356710312,0.704439350947039,0.516160100070643,0.250722962231142,0.979677180057042,0.395830483969068,0.109602913180715,0.209219883544021,0.548067097179592,0.991289956311144,3.34243067696145,NA,NA
1839,-1.98034608717758,-1.27474827517124,0.859344137918863,-1.53418965153466,1.14136217796074,0.188763289799448,0.587495400041807,0.490299534430727,0.434124205049127,0.756438099324005,0.851408322766423,0.433697419297416,0.431914199809777,0.121698010588996,0.356313727237517,-3.7712184136539,0.70283911058458,NA,NA
1840,-2.46908281886057,-2.06844024555589,0.961645420581556,-2.47401288181396,1.19064519231828,0.216882922553224,0.658418859469821,0.932452289585257,0.0566668930304004,0.0815287296124734,0.553477462189388,0.703384346552775,0.376086505971034,0.718776611920795,0.964459112645243,-4.80763457712355,-0.140391186504364,NA,NA
1841,-1.19839580410516,-1.15887104314328,0.0500469936691831,-1.21562908899424,0.370193456770757,0.120250730266096,0.00429225495364517,0.184846312763868,0.352064822623855,0.720466579594184,0.911856908457703,0.13885969448532,0.57528614411992,0.0198423199782846,0.512193120451411,-1.94119493157731,-0.490063246411171,NA,NA
1842,1.1358738355697,0.965092767365851,0.865781140190823,0.739240934268034,1.14136217796074,0.00683303811983205,0.590233717934229,0.595844493440352,0.256949159356998,0.671127221492585,0.938271273214719,0.247426148300641,0.635944594680681,0.179570506385178,0.0484954797719838,-1.49778782785121,2.97626969638728,NA,NA
1843,0.672613952726858,0.612676752808939,0.0530693504700835,1.01150863340108,0.703638392753433,0.214835656391806,0.213412005360005,0.688395765562076,0.356450531796436,0.958445997621166,0.619496772412676,0.739856557741063,0.844988538561156,0.397454134925851,0.225274990387261,-0.367597274535296,2.39061454133746,NA,NA
1844,-0.937309546630609,-0.234000315742667,0.999705596452297,-1.02952739192981,0.962188842369164,0.727227928411681,0.903947793983622,0.59042081352754,0.869817885819706,0.785741444906569,0.0917366551375017,0.601485377185512,0.333518322032061,0.901078450284083,0.224043490304262,-2.91538286929966,0.856328085440035,NA,NA
1845,3.14502729893878,3.03205697721647,0.282133995924928,2.78379357819983,0.635876548602751,0.588712303210399,0.443551592289936,0.163053770926548,0.482446405334864,0.148447225849377,0.764450953227584,0.440622477889061,0.262352014687727,0.741108537047054,0.895107506503351,1.53749844432481,4.03008871207486,NA,NA
1846,0.982338238449113,0.388048915786558,0.651967527745985,1.16896608918587,0.792822806560628,0.565986019863514,0.527395385836833,0.991665449067485,0.412266030051396,0.776040143811144,0.707678350199829,0.56931692735909,0.47723876220372,0.528702078819624,0.652305912532029,-0.38493805779493,2.72287023616666,NA,NA
1847,1.0696712848923,1.3866254976907,0.999950477353228,1.58942002984116,1.14136217796074,0.327379652652075,0.993086752880597,0.635360821816372,0.783599516365444,0.959442719809129,0.0182883752770722,0.882050988556934,0.0338813783398364,0.0731339142969809,0.699138688860694,-0.647608732278087,3.8264487919604,NA,NA
1848,1.51200132916382,1.654919885032,0.21205615888216,1.94579922752722,0.337479636818248,0.157012378179003,0.420925805761246,0.802520981610869,0.890226058140979,0.57439873124822,0.692525609569508,0.699262701077387,0.210616626070347,0.400122852985398,0.860177865502541,1.2843512938478,2.60724716120664,NA,NA
1849,0.355739807006232,-0.116231787534089,0.874361572721076,0.17859773485523,0.581067205564146,0.867629427112872,0.594060053929803,0.381121257363819,0.906137059536413,0.785317915254738,0.751941015729215,0.188864231137093,0.205768771245726,0.738038677351316,0.688676596312434,-0.960273060647828,1.31746853035829,NA,NA
1850,1.24344088106267,1.21518726426698,0.0583470307869897,1.6561954230363,0.337479636818248,0.350315416292404,0.263713453620672,0.909875607324648,0.535004653201439,0.697899188166368,0.639862650823081,0.960903983619181,0.05950676643115,0.475186365641421,0.984621711057611,0.994747489356877,2.31764335671572,NA,NA
1851,2.0287121554684,2.06729123524537,0.0512636234373525,2.73578986977849,0.601476879531879,0.502953261046554,0.16894261843001,0.936259075122536,0.242386737532797,0.540943918638863,0.621700467515737,0.699561155791744,0.301664116065251,0.155657723840908,0.345630047894898,1.55691684836247,3.91466289119451,NA,NA
1852,-0.904041082410086,-0.390328857328552,0.999697276168751,-0.256086605201962,1.14136217796074,0.299754966337932,0.902553880713298,0.600432810479891,0.667184481704491,0.0294728744121967,0.800174237883068,0.0418603185950778,0.174239729901659,0.350120026248507,0.85561168589408,-2.4931153673212,1.98094215691728,NA,NA
1853,3.7680204921812,3.82694089342749,0.0510068067981407,3.84646325854906,0.626132922716894,0.749132537433761,0.157569105524919,0.977534720552503,0.379315307192155,0.349948175452068,0.964847325763549,0.471617615787894,0.214421661992441,0.98070353327482,0.254092345972778,2.61926528048915,5.07366123660898,NA,NA
1854,-2.88690256875928,-1.91559695100807,0.794846269460229,-0.867726561470851,1.1852235631601,0.303493764641462,0.564470912209828,0.0527295156937325,0.639786811216618,0.717721623117104,0.712988380682538,0.942465397597756,0.466117826181813,0.305167964147753,0.40792082468851,-3.19072205889288,1.45526893595117,NA,NA
1855,3.66599772468303,3.40941429234755,0.851116432127308,3.16715557154866,1.13359871943507,0.973834264089353,0.584142085908214,0.0284965990711935,0.688919608942349,0.663198140255641,0.0993090690054232,0.659283563058008,0.87614825330989,0.838216394973686,0.414835839155479,0.945342908535202,5.38896823456212,NA,NA
1856,-0.735654587519103,-1.56974162946501,0.806784541592215,-1.8420703989346,1.37661810341601,0.469793697127723,0.568263633023715,0.93260986970691,0.2558209577417,0.936641482894076,0.480652335070074,0.187008088893723,0.885033706007176,0.0883299990372034,0.502027304603253,-4.54019230209581,0.856051504226606,NA,NA
1857,5.11916112366549,3.85866991196276,0.999952526475639,4.27843972875773,1.37166271670743,0.927230425064568,0.995199755821144,0.822392241484369,0.189507095466601,0.291420595682575,0.450546248310246,0.184482531769201,0.252624075418571,0.399977254703408,0.584909418412717,1.59003020507481,6.96684925244065,NA,NA
1858,1.57231825873696,1.29762993243848,0.0909023674787666,1.77806638714187,0.38452016050006,0.521041079888702,0.344936772550805,0.366724864500342,0.702659157203394,0.840294685530011,0.252403418758768,0.0810308087213198,0.16434040186787,0.150867738516419,0.66092629415798,1.02442072123219,2.53171205305155,NA,NA
1859,1.55489399135312,1.47663301777123,0.992767868997379,1.76433903823333,1.19064519231828,0.429351675970713,0.743514317642665,0.789023064557579,0.517282317179954,0.0927445449023507,0.741448431348428,0.326293964923709,0.623792830251623,0.973216885502101,0.360600591322989,-0.569282657076266,4.09796073354292,NA,NA
1860,-0.682351474706766,-1.66486360807311,0.976853794795622,-1.68984451845355,1.37661810341601,0.479919725046726,0.684498249471071,0.825176344607491,0.0621335724372184,0.885750287315459,0.709025547279045,0.610691639834666,0.486872017557616,0.147881026717601,0.812861301218974,-4.38796642161476,1.00827738470766,NA,NA
1861,0.770561922049648,0.727772021454891,0.0502764245866352,1.78048387556623,0.418328442601936,0.600900010147016,0.0929005896522431,0.453400766781066,0.847219493707991,0.00580614249955397,0.135623360045254,0.222769778804039,0.443969327594503,0.724081289725844,0.90692092705809,0.960575194357707,2.60039255677476,NA,NA
1862,2.56061150223284,2.58084821264218,0.0570276754513018,2.83810688810838,0.583966169771404,0.967295873863041,0.25504095279891,0.0718349408602808,0.483107208776171,0.0429423751967261,0.423055243865703,0.503577931370703,0.613852855658624,0.622587828236981,0.25508322078269,1.69355422716662,3.98265954905013,NA,NA
1863,3.16749096133979,3.4365055962624,0.748167237047472,2.85275160252562,0.378249060046586,0.926911751400796,0.550984672027989,0.837395045451354,0.428153461308102,0.814732803339954,0.990146619401523,0.0276398095787736,0.675989030482597,0.792406007256475,0.368758020219859,2.11139706764819,3.59410613740306,NA,NA
1864,-0.53755082932938,-1.07395867022215,0.781780245438776,-2.40388038032882,1.14136217796074,0.471320779423811,0.560498882712214,0.556822297649924,0.798998841702589,0.544113194682519,0.347622925717384,0.693590256890748,0.724913770323386,0.236911322022206,0.65925000977749,-4.64090914244806,-0.166851618209579,NA,NA
1865,0.486210894401311,0.176261647943435,0.932406299881923,2.28751708189734,1.32370409105544,0.914336108218995,0.628456891110633,0.230857212081086,0.729227209610748,0.574796369317919,0.535593491922133,0.113677121579065,0.616549375628121,0.31280449906236,0.676562342792167,-0.306895262759654,4.88192942655433,NA,NA
1866,-0.377957965614759,-0.632949150554976,0.989926326680841,-0.517958220910003,1.14136217796074,0.472730039101793,0.72679380388197,0.558270649892394,0.582283370636986,0.267051660297671,0.478254968978814,0.398871900584316,0.767846221849555,0.990848789914977,0.641403703930555,-2.75498698302925,1.71907054120924,NA,NA
1867,2.19086064294174,2.78793260101667,0.71880284079422,2.54422527232211,1.13359871943507,0.524303902724991,0.543321662593633,0.0871651480812579,0.799509793510195,0.580954270115704,0.283825146729359,0.777084684183938,0.0108129395605065,0.135553247672389,0.489875733814435,0.322412609308657,4.76603793533557,NA,NA
1868,1.38451128896088,0.781073179391961,0.442488845404362,1.28822361813435,0.372120256478824,0.103390302434564,0.482451280304464,0.986127773527172,0.485528683559154,0.274568570741336,0.915450466966955,0.333440312321647,0.476423746357556,0.94707796020282,0.866033155289246,0.558881317518049,2.01756591875066,NA,NA
1869,-0.138546894533831,-0.117309696864663,0.0504020373883297,0.279189810378975,0.773691441221598,0.617779941760353,0.11163755566685,0.00881134692614432,0.955006298283697,0.642378700929461,0.435898660351755,0.959424726311001,0.462287145000766,0.754163010229589,0.432366569920559,-1.23721754956225,1.79559717032019,NA,NA
1870,-0.331241838910565,-1.61487594858367,0.985668475789765,-1.25363304077043,1.19064519231828,0.422402790722088,0.708939981001778,0.994020615650574,0.0816375592332333,0.282598354953341,0.22152841121587,0.787978855682188,0.0460582862538286,0.238524376174319,0.422367006596061,-3.58725473608002,1.07998865453916,NA,NA
1871,-1.51085732272407,-1.17316286064743,0.994923315516991,0.102782248282089,1.1852235631601,0.0305122962532332,0.761322269445518,0.38509808329388,0.206056549329078,0.501982322882046,0.0290330168355722,0.087621306676534,0.731339074502816,0.0125790205316152,0.529644786172896,-2.22021324913994,2.42577774570411,NA,NA
1872,-0.317962885972486,-1.66230085137457,0.999946435291795,-2.33351068080131,1.1852235631601,0.32658241582464,0.989163522794261,0.0643013231031364,0.0298355578018818,0.95060028850555,0.349818290103343,0.606387424817658,0.998320227058954,0.586614792433218,0.321969790048199,-4.65650617822334,-0.0105151833792889,NA,NA
1873,3.21505430652543,1.85229038839734,0.999502609280272,3.03828257245863,1.37166271670743,0.700131861084839,0.877715884182835,0.38665030478558,0.0409765173692722,0.916587967294501,0.861969378971844,0.725734259339864,0.917207932921476,0.952797295478638,0.377429510985152,0.349873048775711,5.72669209614155,NA,NA
1874,-0.341667743950456,-0.161793278002843,0.849430558357014,0.553561601345569,1.13359871943507,0.920101352000027,0.583473764406168,0.085731988052954,0.918098167007905,0.0692785654494073,0.981717728301533,0.966744527249946,0.355154803744168,0.656573846625281,0.499907816242543,-1.66825106166789,2.77537426435903,NA,NA
1875,-0.00256789230532561,1.86552636163618,0.646523193135002,1.64729564420872,1.1852235631601,0.241616248088889,0.526165012481739,0.146506682926905,0.267287910218351,0.846582304183161,0.656455252025393,0.325627284791786,0.3363929013093,0.828564575141179,0.39652402393287,-0.675699853213304,3.97029114163075,NA,NA
1876,1.06086384851657,1.05088369411585,0.0904324085206762,1.79150273166353,0.622663516707925,0.722707266354817,0.344333117105416,0.187670520135318,0.458575352302752,0.578035360240727,0.0936991316715721,0.857315324897296,0.192919215266127,0.820910456416546,0.660322004562477,0.571104664428943,3.01190079889812,NA,NA
1877,3.47588791601153,3.64916267427578,0.113681773492772,3.39408323907203,0.371117205515833,0.98587561143667,0.368341116648749,0.691974675544072,0.894709374581464,0.896605580244097,0.520465069262893,0.20091174274392,0.551115814338671,0.17179214532976,0.704815043789335,2.66670688221785,4.12145959592622,NA,NA
1878,1.53903049580887,1.50726349769338,0.0507311821682977,1.46311668982235,0.323132902568914,0.346592470496544,0.141560766557464,0.61009481696866,0.142701433667797,0.786520592340734,0.389988669278682,0.835389260907774,0.960050742686726,0.675311835069442,0.458887611799059,0.829787838567394,2.09644554107732,NA,NA
1879,1.92275779124629,1.20494834867635,0.840802093770478,0.663706043324692,1.1852235631601,0.0704631111591589,0.580144980872748,0.124424477151828,0.3420715246615,0.835966643357417,0.368026155385189,0.498631105914013,0.178265144019155,0.706428800431546,0.446367747302866,-1.65928945409733,2.98670154074672,NA,NA
1880,0.155031911753098,-0.34056807138722,0.999911065903072,-0.486562833792429,1.1852235631601,0.0946317310151644,0.963811401643907,0.252235840292531,0.167394240367459,0.619102916824399,0.882128572403802,0.0849064358295873,0.655838205879671,0.487633059622487,0.859898192249821,-2.80955833121445,1.8364326636296,NA,NA
1881,0.310092612056557,-0.05978620118293,0.999604684704142,0.0773502761584375,1.1852235631601,0.468112687981804,0.889205869587604,0.31842088593205,0.230139708915376,0.0974130759029649,0.206036140101613,0.596494045617874,0.589886558187543,0.18997884416976,0.884866291052429,-2.24564522126359,2.40034577358046,NA,NA
1882,1.07623405272783,0.61643055715894,0.974513694457429,-0.0930494217953088,1.09893285163646,0.692735036235768,0.67955632965907,0.652857460508822,0.934102341921418,0.429084430336603,0.406032701060176,0.453677904778975,0.141975820527645,0.1931427137641,0.484810238324339,-2.24691823243066,2.06081938884005,NA,NA
1883,1.96009041806594,2.00021177429126,0.0667911159924719,2.41181686306125,0.54502540174719,0.759634846736095,0.299111043826328,0.681876927476493,0.882436365733854,0.811801194330328,0.710215272145462,0.668512421304709,0.686906212616945,0.174717847561813,0.587298459482845,1.34358670497728,3.48004702114522,NA,NA
1884,3.3561800935691,3.30858099698042,0.45027822407476,2.59943722161757,1.08165871606276,0.562434114757343,0.484137378861196,0.27350319102034,0.862846908812877,0.242184288569377,0.237578311009915,0.403963005844853,0.331094499849365,0.1076538903818,0.379897828665213,0.479425094570729,4.71944934866441,NA,NA
1885,3.39067061897418,3.4026797686057,0.050132104697441,2.39879481064178,0.637742272953443,0.750631357667386,0.055975828715018,0.000293871871894225,0.966115177163738,0.863199859794229,0.157198154663318,0.626702474341961,0.405235934329336,0.72141034789558,0.732920686854632,1.14884292423432,3.64874669704924,NA,NA
1886,0.159605805662892,0.129608511175545,0.0616995551980885,0.0332255017159748,0.37748013559708,0.310166056172922,0.280774031123845,0.660880695737666,0.415034496237291,0.138524085850688,0.341939138662536,0.25628742650908,0.159377120294259,0.802456956036272,0.347826827916899,-0.706621968933598,0.773072972365548,NA,NA
1887,-3.00103410656998,-1.62181262248748,0.99261701283303,-1.69972917368719,1.14136217796074,0.448793591761845,0.742474087063689,0.623748202489107,0.68335632556607,0.285779345470481,0.865322853232617,0.589179605569574,0.139625636443729,0.01878023020213,0.718011916228454,-3.93675793580643,0.537299588432051,NA,NA
1888,1.04043271033641,0.947953445741927,0.0810497420834752,0.7991581116162,0.552271515454237,0.53379314746859,0.330617925363942,0.503833352899062,0.99486562513432,0.0273180773940403,0.0438559224775527,0.5937743882793,0.248947037472273,0.944217705955845,0.811186486100429,-0.28327416836146,1.88159039159386,NA,NA
1889,-1.27609052419084,-1.28936401485193,0.0565954309143684,-1.00341835819072,0.37748013559708,0.271496307282941,0.251844095477019,0.276585257781087,0.395606010725722,0.122181338184164,0.0189584179747617,0.297556458248058,0.426358694402385,0.780651842007996,0.729092218592064,-1.74326582884029,-0.263570887541146,NA,NA
1890,3.48825594776965,3.5338058364037,0.111150644996631,3.2532507406459,0.561800386913733,0.608016305154772,0.366170632157009,0.740071609754465,0.984923498754972,0.731635764335981,0.635643158869003,0.488193272113567,0.128876915350673,0.635588692998863,0.290926063209656,2.15214221579431,4.35435926549748,NA,NA
1891,4.10311613193165,4.17334149458027,0.0501618466063671,3.70279906195031,0.648025020351954,0.646800429589814,0.0661301064086147,0.242138654184528,0.92044676595123,0.165830982541316,0.6375614631176,0.0286531229069224,0.0846983218839159,0.260282188607031,0.223989592358354,2.43269336097964,4.97290476292098,NA,NA
1892,0.743523046303563,0.835899748449925,0.118152723730499,1.21534394651031,0.632429462978299,0.82025253730698,0.371986611959292,0.661988517866121,0.381427337453933,0.813491286600474,0.303883648928371,0.950746457181172,0.519171166526387,0.94933314976492,0.277799065973493,-0.0241950236891642,2.45488291670978,NA,NA
1893,0.598380726627212,0.479534534069631,0.322428824206589,1.41615162164506,0.94325824945369,0.756115283795982,0.45444313903281,0.0932560581970029,0.0989075282751583,0.371066200372763,0.20382045033027,0.0651018537690397,0.82564496738452,0.500596689098515,0.490763950403663,-0.43260057540447,3.26490381869459,NA,NA
1894,0.290500551583555,0.284066256960293,0.0507990783054135,0.265767899416823,0.486434974203461,0.936064584318316,0.146004158533528,0.867173335279105,0.068603704421781,0.866014402922825,0.967626391719677,0.160219873326598,0.986262571512489,0.0623165779627161,0.978533247051179,-0.68762713084263,1.21916292967628,NA,NA
1895,0.783622693526469,0.0900240887380431,0.999397236613988,0.946115735837667,1.09893285163646,0.640548993478762,0.868102892469149,0.812887143654749,0.80821692953445,0.260048457415076,0.671114102050429,0.475076362908701,0.615792958299513,0.821575308803935,0.0711125560095534,-1.20775307479769,3.09998454647302,NA,NA
1896,4.64035806354069,3.86948134066328,0.918130953801746,3.7764681116088,1.09893285163646,0.715876521069324,0.618061079929699,0.625063519131159,0.423831399908406,0.309274138245964,0.870788347224821,0.280754667051835,0.994746940603131,0.261206298255711,0.0170362166289706,1.62259930097344,5.93033692224415,NA,NA
1897,-0.565630373504045,-0.586110043925499,0.999740263620353,0.101285405546902,1.09893285163646,0.958424690227257,0.910213831363246,0.658422336516553,0.983323259606725,0.476400779668707,0.316497462433181,0.898820118697127,0.014160925992066,0.570285563392448,0.75961341817514,-2.05258340508845,2.25515421618226,NA,NA
1898,1.58335307228645,1.18649599162489,0.139883589339897,2.21836142856054,0.77464356000228,0.987137350504519,0.387072382000042,0.543175936869346,0.726790520984912,0.411688039766741,0.916466276736115,0.962986727301031,0.523270686325734,0.401635609142948,0.837868759559118,0.700087950100178,3.7366349070209,NA,NA
1899,3.63441434609462,3.58478244762731,0.0500628262554113,3.13229754204229,0.672452966250663,0.984901405247743,0.0188110968705732,0.915335349841742,0.827697376688593,0.694044628429576,0.161051803009934,0.597261301672901,0.688431068170001,0.0466436833925545,0.551186252206797,1.81431394689386,4.45028113719072,NA,NA
1900,1.77085937369175,1.6403124244798,0.17502728133859,1.77642348760503,0.343341185568482,0.236907306230627,0.405659082334954,0.579129268185585,0.736310149786994,0.919024443437113,0.848250687097432,0.819227469602483,0.651847613858292,0.197585119474796,0.38046277479222,1.10348712948152,2.44935984572854,NA,NA
1901,2.46324633196012,1.13875752834929,0.999630860921235,0.282919330574491,1.19064519231828,0.36056403382658,0.892632757018087,0.7191861988483,0.771583298306447,0.0831638536399696,0.652683648677194,0.645810483575799,0.520366342959343,0.255294339740998,0.279860985508072,-2.0507023647351,2.61654102588408,NA,NA
1902,2.30385927197786,2.26791704471327,0.0503334659187665,2.21991462309084,0.625743401947145,0.996242085525999,0.102283724116511,0.176372915366432,0.456591167343897,0.192018345360295,0.951287767178612,0.751929325097706,0.312213789800531,0.38500009990565,0.33595517447521,0.993480091710863,3.44634915447081,NA,NA
1903,1.98972364387167,1.94789860116564,0.137048429476727,1.88353941302066,0.37813898880902,0.381484361946117,0.385305302625289,0.370609584730235,0.42975815401657,0.947299094628775,0.22810708570003,0.546222587471828,0.293869023647741,0.637052438791026,0.237759258260601,1.14240061380459,2.62467821223674,NA,NA
1904,3.025826291954,3.0169279921222,0.0549330450095932,3.69247332784888,0.403007117591463,0.796285100233741,0.237235033478355,0.412198414777755,0.73498743015714,0.0114526194176869,0.3343050935223,0.27178765566065,0.483453556475928,0.932487518908922,0.154999502825434,2.90259389185632,4.48235276384145,NA,NA
1905,1.40147841213228,0.238023085518551,0.996162296593474,1.27446246242471,1.37166271670743,0.632626596874907,0.77537699993758,0.320458028394496,0.107641467167763,0.173442322996794,0.773925770516624,0.120572983151185,0.873338779323152,0.571554856232251,0.0682864698430058,-1.41394706125821,3.96287198610762,NA,NA
1906,-0.375284646337428,0.417636837145208,0.992531067802819,1.31448994318206,1.19064519231828,0.0202799303408246,0.741890841926448,0.800672203426366,0.71210611857404,0.495164362016716,0.0171888651772169,0.173747544464772,0.480587642326835,0.769082292137435,0.820804887424572,-1.01913175212753,3.64811163849165,NA,NA
1907,2.829653524601,0.919081542740393,0.999893179531609,0.581136347285389,1.37170111753581,0.579244476656895,0.954647762744455,0.997165311176796,0.16810489762947,0.0246688576439628,0.0926257396047004,0.100270834387979,0.198539782315376,0.223910980206798,0.553875319870072,-2.10734844063814,3.26962113520892,NA,NA
1908,-1.10529061923509,-1.56817061936008,0.945430958977188,-1.03219890189445,1.14136217796074,0.246936393552693,0.639891920654452,0.514452365997713,0.554349163905485,0.77910485713149,0.879505589963985,0.264167768088402,0.862090314684785,0.0283184207916493,0.55189641465398,-3.26922766401369,1.20482986022479,NA,NA
1909,-1.98901856009598,-1.83714742512869,0.0554239034159449,-1.15037128792267,0.190188486689646,0.101709877572139,0.24200397459371,0.671191003984772,0.481403034058167,0.35584705520398,0.681260480554774,0.383087792443112,0.795779039880144,0.710578562490875,0.264345583615825,-1.52313387210855,-0.777608703736788,NA,NA
1910,-1.03701271094483,-0.221570771262075,0.999926515921325,0.299986056527901,1.13359871943507,0.95475804571656,0.973353557141731,0.116959235863877,0.834013439114555,0.858703578016139,0.738710859526764,0.233618419150473,0.089673017349327,0.690879928418435,0.376784057397279,-1.92182660648556,2.52179871954136,NA,NA
1911,3.19397936305256,3.18423503859018,0.916359723032885,2.96419835545998,1.37166271670743,0.965051050020498,0.616888751045219,0.270877483108896,0.220722355457488,0.93013445588504,0.237178991448251,0.568558893457171,0.0164151297481731,0.701251908871927,0.994261865525041,0.275788831777058,5.6526078791429,NA,NA
1912,1.02290022409788,1.14367744985894,0.053084602209637,0.445337022453885,0.31098147948321,0.471815812051296,0.213660647676559,0.794402853339445,0.418997555460315,0.892640781697584,0.912571109870449,0.878375037629623,0.224855364209856,0.37969052417262,0.410294800398522,-0.164175477192189,1.05484952209996,NA,NA
1913,3.19651722592066,3.31621460655382,0.0994447441379867,3.35679127642346,0.687587054567444,0.982785816764925,0.354892212099163,0.124663038680679,0.273455176450429,0.927670722109964,0.12971899655601,0.85098616178357,0.206875033934019,0.620550578811439,0.201510735538322,2.0091454132353,4.70443713961163,NA,NA
1914,2.49534238265111,2.49800099809283,0.0664317183250704,2.25402678048705,0.384094650390151,0.680331552687101,0.29800997025019,0.526506448434084,0.733558159921784,0.546264379660599,0.78924391769967,0.903487470285734,0.112778402367607,0.509036607015529,0.488453338351566,1.50121509906785,3.00683846190625,NA,NA
1915,2.060564048266,1.73171187681235,0.773578282422621,1.88209882214075,0.560858654438345,0.892156329818303,0.55809047362057,0.440159847044735,0.112474001125665,0.737963081890717,0.748953319415334,0.498116821513046,0.249326012016973,0.691777012199978,0.330034171009669,0.782836059023994,2.9813615852575,NA,NA
1916,-0.393535807728383,1.13855206955296,0.98235967362884,-0.0640439250842655,1.1852235631601,0.0210422664154321,0.698376555198804,0.0742235569939949,0.133385711171199,0.461802921981201,0.144264192920411,0.555042342234054,0.406636718152906,0.569950335904025,0.324421425367589,-2.38703942250629,2.25895157233776,NA,NA
1917,4.13886465839265,3.86274774235127,0.192931161679415,2.80568353115485,0.681805557281263,0.752222586611868,0.413447708067717,0.144734558467055,0.845282246433897,0.632649567210232,0.506635860006907,0.53474590314331,0.534539923598408,0.0617524641049094,0.712372669559787,1.46936919442432,4.14199786788539,NA,NA
1918,1.54260470340459,-0.611010966171848,0.998615771928066,-0.0615621792495145,1.14136217796074,0.408148333439021,0.826493060217937,0.478092341638636,0.871088822943624,0.0422109591715271,0.890878212314332,0.803495466666878,0.546997586137382,0.200641332378262,0.409508705998422,-2.29859094136876,2.17546658286973,NA,NA
1919,4.2031478857419,3.74989933673579,0.764530705490709,4.11896851884992,1.09893285163646,0.59543169868493,0.555502272526734,0.612772102670395,0.605128560291254,0.322225183262024,0.466966356495162,0.141009948029881,0.41411022797029,0.104484642689233,0.247258973747608,1.96509970821456,6.27283732948527,NA,NA
1920,3.12876100216763,2.18754924044538,0.999904502055834,2.11430444664177,1.19064519231828,0.276440512392437,0.960250600708649,0.803195480303257,0.887770651264349,0.19010111691826,0.0669457391892793,0.67536250961211,0.334859370309161,0.277976521466509,0.112464094029041,-0.21931724866782,4.44792614195137,NA,NA
1921,-1.16937364364198,-0.144506894832048,0.865052274078367,0.396252038956987,0.773421010313673,0.908647811315022,0.589918238155078,0.972468336441205,0.633957558875205,0.928921766871354,0.319496656225994,0.577424024961656,0.265439189253375,0.266373206216493,0.107715133917634,-1.11962528614439,1.91212936405837,NA,NA
1922,0.388832996103168,-1.72009579038993,0.997637588328504,-0.433076675927659,1.1852235631601,0.0729513681262033,0.799714457320515,0.355352949512657,0.486176989221014,0.81991757267667,0.904703424038365,0.0638797514984617,0.868265055277152,0.843261731845792,0.527946277263109,-2.75607217334968,1.88991882149437,NA,NA
1923,0.495538782052603,0.470679098974259,0.0555353849266813,0.0960312574814687,0.372120256478824,0.121946511824965,0.24302714429039,0.946884306407534,0.703811230811872,0.719318984395242,0.604857371372054,0.969906573105254,0.3858448820638,0.0697206811551005,0.431531848811312,-0.633311043134835,0.825373558097772,NA,NA
1924,-1.24630870971751,-1.16709884795662,0.999933528979415,-1.6254227400638,1.1852235631601,0.321823880782235,0.978369060981204,0.237718979528872,0.454829663048149,0.145154897386557,0.513156943235313,0.305625963137369,0.59017211456236,0.679575704274816,0.970084298638278,-3.94841823748583,0.697572757358225,NA,NA
1925,0.885544317722216,0.169577236906619,0.993759644751531,-0.886351730863089,1.1852235631601,0.0252901640353957,0.750941720425501,0.269925995981903,0.199662238276564,0.679772622383898,0.187389129522024,0.344026610607631,0.182889168490772,0.662616644468741,0.53619484889647,-3.20934722828511,1.43664376655894,NA,NA
1926,0.856137742208057,0.848480382883384,0.0500874916567686,1.54140234069247,0.591332447949747,0.633788567508222,0.0353709137373371,0.11898633009044,0.493159091195208,0.522876928635757,0.611869627009844,0.276116399773047,0.678607120805071,0.471311305082752,0.672798376968829,0.382412039821064,2.70039264156388,NA,NA
1927,1.65383305131946,1.63951368379893,0.0593970720031683,1.56785097445647,0.62519209961683,0.650120439281454,0.269693853465957,0.881133402013686,0.67976918190287,0.273215234237257,0.28831123427453,0.351220570353558,0.335075668921927,0.878656626070035,0.164076882302761,0.342496975788501,2.79320497312443,NA,NA
1928,1.50240363141162,2.15859884304084,0.971740980663712,1.98623362289808,1.19064519231828,0.48444158869714,0.674242578843725,0.812222356274258,0.927833829405368,0.327519397002412,0.386057693755953,0.253358074971475,0.201792394216522,0.0225763393488014,0.466263652492897,-0.347388072411511,4.31985531820768,NA,NA
1929,-1.35606100818906,-1.29627096459528,0.05005122980708,-1.97175029035804,0.597509281747367,0.0567691092501627,0.00860790980863385,0.25329935756675,0.978034815988271,0.250041703883908,0.170755089499289,0.870721232246142,0.550825737954699,0.0914559830534272,0.450201262451475,-3.14284696301128,-0.800653617704806,NA,NA
1930,0.13895560445875,0.115269859511614,0.0541075585849657,0.00924085331286117,0.658697837876893,0.533157937414944,0.228034998472896,0.50200351169752,0.91609278885473,0.772840640848386,0.779384718611371,0.115807151024928,0.667555439451477,0.285457654706202,0.20645491211873,-1.28178318562025,1.30026489224598,NA,NA
1931,0.439842644210989,1.59785267429675,0.997524326308305,1.69616583762412,1.19064519231828,0.358360528428457,0.797367002659244,0.82877141735726,0.935159354237257,0.169154829725157,0.0568975587241584,0.961090634628898,0.219489833412459,0.259371723783086,0.865478206289699,-0.63745585768547,4.02978753293372,NA,NA
1932,5.03531697221343,3.1102345345686,0.779914498084187,2.93083608861758,0.459264803182049,0.634346774551435,0.559945564272464,0.816188770192908,0.3222949588052,0.149938994704396,0.602798213500646,0.294143042807118,0.585463720141212,0.226527357839397,0.19830866957095,2.03069361501389,3.83097856222127,NA,NA
1933,0.882330152254747,1.54917589494892,0.957480581490131,0.670610014740131,1.13359871943507,0.872635185867548,0.653035564520396,0.0213073617194314,0.234508946837741,0.0333213455994846,0.369074225822813,0.151073947557947,0.607402997359633,0.540418205674388,0.178266381500405,-1.55120264827333,2.89242267775359,NA,NA
1934,2.04857231483974,2.16389261610565,0.999941143830814,2.31349391553363,1.37170111753581,0.913334896962391,0.984452932529384,0.900803573976271,0.273943648800487,0.760246509328601,0.337626303186058,0.142422885045526,0.193907408690662,0.0449251242608298,0.928988885585917,-0.374990872389902,5.00197870345716,NA,NA
1935,2.23057490085474,1.81149963867547,0.653138825276449,1.32129879264625,1.08165871606276,0.575345404194319,0.527661138375755,0.448558804892469,0.654441525479662,0.195658995198784,0.0679767044612672,0.218735118423472,0.109268411060446,0.101523845111835,0.422669203377329,-0.798713334400586,3.4413109196931,NA,NA
1936,-0.663604117194383,-0.304228077029544,0.804474117367201,0.64526638158736,1.08165871606276,0.79746041744214,0.567516410531127,0.341877104385523,0.754370733310352,0.518447139165713,0.586385059605818,0.278075859482284,0.631913159394055,0.492144170094631,0.711640639353311,-1.47474574545948,2.7652785086342,NA,NA
1937,4.24101471188373,4.38390537038807,0.0713052992016657,3.8452387579908,0.591266724960014,0.794399652177817,0.311258788892999,0.960153084311634,0.387826443195459,0.269143739250023,0.0541579265200999,0.139236496139783,0.0369667162698461,0.703770437252824,0.320713854209171,2.68637727181223,5.00410024416938,NA,NA
1938,1.46576448794089,1.98245778098921,0.997601709958263,1.74293668052829,1.19064519231828,0.217556373344269,0.798958913799492,0.80847548083507,0.192637342070229,0.193041496948455,0.417416426627897,0.252489241009811,0.680792837843765,0.0850866275050212,0.032028111212072,-0.590685014781303,4.07655837583788,NA,NA
1939,-0.306303877440982,-0.298110049091449,0.0500477244775933,-0.0311190537935251,0.630251443489333,0.198911264992552,0.00506386986724101,0.261819721639971,0.237359200277948,0.713163048416143,0.948522781989304,0.989737962767249,0.719961318982067,0.391347263377393,0.181427643402712,-1.266389184237,1.20415107664995,NA,NA
1940,-0.334808580710505,-0.0934416826414793,0.457553017949825,0.222402664316748,1.08165871606276,0.508170273773721,0.485704033895861,0.430656107277027,0.762003397250897,0.336830658576335,0.831292230515741,0.714105021699332,0.63200426745601,0.669407316835714,0.772925012983847,-1.89760946273009,2.34241479136359,NA,NA
1941,1.00893541811335,0.983667933448635,0.0531441087934666,0.305272211294491,0.381364506449322,0.285266381603899,0.214619178494904,0.607702858214499,0.951887778171804,0.152777462442988,0.855178698025411,0.637522979845875,0.021125764016062,0.20043013761472,0.408955591147998,-0.442188486328074,1.05273290891706,NA,NA
1942,-0.445532194143468,-1.54218438670754,0.685044330762073,-2.22624100500888,1.1852235631601,0.330159562564106,0.53506314561679,0.153923223756719,0.666309741542675,0.68850128150743,0.608089312817552,0.749124836427742,0.163933806226822,0.0247294907614123,0.540705599534442,-4.54923650243091,0.0967544924131429,NA,NA
1943,0.261787896512023,1.14082796973933,0.999208705276989,-0.323886062383272,1.37661810341601,0.236085644804058,0.854485674042022,0.891207774093142,0.514456820626278,0.775205485540675,0.251611189975403,0.0224111949058715,0.730370787626016,0.22553506780928,0.293291689261445,-3.02200796554448,2.37423584077794,NA,NA
1944,1.43171222963258,1.32146080424557,0.0822391413628229,1.41090459272935,0.63999554638869,0.0408543056843337,0.332562221525353,0.512277606518124,0.210709699520143,0.938613856777432,0.22066582356696,0.694545569785987,0.940864179775701,0.578178840621375,0.371933997312794,0.156536371541485,2.66527281391722,NA,NA
1945,0.0853585016524756,-1.49804543640701,0.999950253118429,-1.36717607416324,1.14136217796074,0.207242072608904,0.992860855871346,0.678492051412002,0.468932584540453,0.255660002084333,0.391320013941498,0.191691568317125,0.83426351277309,0.502691508813645,0.386531044959673,-3.60420483628248,0.869852687956006,NA,NA
1946,1.60834726756014,1.65547134534305,0.0502835534869548,1.36821624851293,0.349943821426872,0.321007949878345,0.0941741015105508,0.931433241658495,0.855736908557243,0.497030132580898,0.776141652338905,0.464053689496359,0.082607281139004,0.272502670802525,0.00262828755192459,0.682338961903948,2.05409353512192,NA,NA
1947,0.406893720593423,-0.101905064906645,0.217377270205935,0.16910635283044,0.349943821426872,0.273216543172603,0.422879980710335,0.890437489580596,0.132753686759272,0.217297346166219,0.830209609287675,0.326626915156725,0.375833035442862,0.283014433479402,0.124874425130547,-0.516770933778545,0.854983639439426,NA,NA
1948,1.31252953295676,0.22625803645558,0.999246196246459,0.0302656650504598,1.19064519231828,0.485309254918131,0.856914570532972,0.71559642548149,0.972851834798814,0.398429022364318,0.974124507179367,0.831222505759797,0.355593050195253,0.611241643464309,0.873539398862398,-2.30335603025913,2.36388736036005,NA,NA
1949,-1.35803787911699,0.0399100417170497,0.980476772529593,1.63155063270843,1.08165871606276,0.86558578161546,0.693204610218876,0.317235546860495,0.707399346450577,0.22916470125888,0.409794766399194,0.035486283511389,0.470107674125582,0.996857091440004,0.291427031445084,-0.488461494338415,3.75156275975527,NA,NA
1950,1.28100886206086,1.3308406708211,0.0610750489567507,1.12259281409572,0.349943821426872,0.208838994398015,0.277997959236149,0.860752674909076,0.734284934821073,0.783003893521964,0.862396629194496,0.859156439506914,0.0135836538396543,0.223204500811989,0.053002812319668,0.43671552748673,1.8084701007047,NA,NA
1951,1.50896423849395,1.03096488378751,0.827325433209639,-0.200984304711609,1.37661810341601,0.20653290399001,0.57522251947422,0.764271930230316,0.440555121992133,0.906563147258596,0.570222732148715,0.421320425269078,0.685189438166446,0.107129560187692,0.395624524317798,-2.89910620787282,2.4971375984496,NA,NA
1952,-1.81377403677372,-1.81786566606923,0.183904457868217,-1.81411654295743,0.343341185568482,0.230399892359157,0.409629755530274,0.525548560111085,0.753758977665333,0.560402580172638,0.884446095569292,0.708720229976811,0.575501970284269,0.351983716219664,0.804386113621295,-2.48705290108094,-1.14118018483393,NA,NA
1953,4.38434369181779,4.39631799834985,0.0500642928015608,4.11545872012844,0.630744668655665,0.719846343940939,0.0199649044739781,0.186853046305361,0.24827320642909,0.412212532050442,0.234324593580328,0.757593767527374,0.764746888743131,0.114041350239771,0.436483749074978,2.87922188612269,5.3516955541342,NA,NA
1954,3.89288754098476,3.48674610926441,0.926089282395753,2.64476809873739,1.08165871606276,0.548984529107693,0.623630508018658,0.394519163173041,0.69692531024944,0.0451166186964838,0.322787190817762,0.975839991523419,0.559565083335969,0.521453367387643,0.190042642070097,0.524755971690547,4.76478022578423,NA,NA
1955,0.916485403713146,0.847779685667902,0.051911931001337,1.27753862748221,0.125974819391861,0.917134785636445,0.189683316454175,0.834866065034061,0.712619514941121,0.63360413357825,0.758975141697098,0.796432722558384,0.392853894089232,0.407613235276658,0.456341562952497,1.03063251851523,1.52444473644919,NA,NA
1956,-0.446509078184372,-1.42159899674391,0.768090782909924,-0.945363265800005,1.1852235631601,0.0659615956728812,0.556512500510435,0.286173529308406,0.389331329662586,0.658316590954084,0.390578768821666,0.985583565159701,0.64488209316798,0.0312955678473227,0.202527929264237,-3.26835876322203,1.37763223162202,NA,NA
1957,-2.22473459213668,-2.22069796781983,0.0689288131404205,-1.29735843388817,0.381364506449322,0.0877563777437899,0.305217476441292,0.400917835512548,0.573489930646261,0.0509899561158381,0.89369304189377,0.892140952469548,0.867296122706495,0.662332715400145,0.806851988979848,-2.04481913151074,-0.549897736265608,NA,NA
1958,1.2702788250863,1.03164320827856,0.999327804365759,0.619901428565478,1.1852235631601,0.0983044524353463,0.862648000911926,0.295781775868149,0.892425816694391,0.878611517101992,0.388865496267681,0.822873456205707,0.323995102668297,0.522525309271296,0.904864653692232,-1.70309406885655,2.9428969259875,NA,NA
1959,4.05183703838236,3.98311278857136,0.135379207443223,3.42961207601263,0.60026467476966,0.661482567505329,0.384240578894271,0.203394323342713,0.944373207384255,0.544627904801047,0.832601902005961,0.275566698207636,0.117567851376371,0.319610003545997,0.437841554976883,2.25311493227244,4.60610921975281,NA,NA
1960,1.31375616852018,1.65135579320995,0.983850872413836,1.62458157011096,1.37166271670743,0.97194492719823,0.702872536559706,0.665683507002308,0.158370321713388,0.573591341373976,0.52686825601873,0.0530152756153839,0.0768598704756005,0.310983926964225,0.428019448387786,-1.06382795357196,4.31299109379388,NA,NA
1961,1.5684910076854,2.68177339527546,0.998407663835843,1.5142842976279,1.1852235631601,0.0329573060324183,0.819479110572138,0.193970228871214,0.118965333110304,0.0729095318721374,0.18243668691488,0.410455406183959,0.557080982927233,0.0222085033792537,0.288410881689051,-0.808711199794125,3.83727979504993,NA,NA
1962,1.13273512850314,0.0970019323900924,0.997796098049953,-0.348107251843787,1.14136217796074,0.219364249808597,0.803195499482448,0.529255039907992,0.645681296740426,0.409068076827913,0.304282390999491,0.579476825786289,0.697575686264783,0.778844589670654,0.7077757470496,-2.58513601396303,1.88892151027546,NA,NA
1963,-1.4599046648075,-1.49747106482365,0.739790096619809,-0.823262518669179,1.1852235631601,0.213160418283311,0.548744935875642,0.100188493473455,0.878531686249655,0.668318211242906,0.175849774841918,0.497022685404867,0.80901422770787,0.580180294488673,0.57068202814809,-3.1462580160912,1.49973297875285,NA,NA
1964,-1.76220026972099,-1.77587965505339,0.0520642125865698,-1.7211824514584,0.337479636818248,0.329018491559895,0.19352310372598,0.92920707182202,0.217395265052561,0.755049470483675,0.471491058046347,0.810784217910725,0.948551826280658,0.52403081631707,0.616071673985338,-2.38263038513782,-1.05973451777898,NA,NA
1965,-1.52436617647912,-1.62472052727879,0.952092359755375,-1.84440623784214,1.1852235631601,0.416170473761391,0.646772095673368,0.120693019830622,0.809595092297532,0.177883028447744,0.459649886886124,0.160519633672666,0.57756478007033,0.347059744558064,0.706106054885546,-4.16740173526416,0.47858925957989,NA,NA
1966,-1.94946471142246,-1.95421275477935,0.0853869060712218,-2.43279443030514,0.31098147948321,0.266689848709619,0.337392036951845,0.889298962482368,0.614377874182421,0.996357984310249,0.754717136023915,0.635515377622214,0.421393209962989,0.201903396369889,0.436536291090422,-3.04230692995121,-1.82328193065906,NA,NA
1967,0.418023987819356,0.471168561898693,0.975534646764589,1.05873185410216,1.13359871943507,0.939169107057154,0.681655680200202,0.068507083817618,0.824542529608123,0.0303298903042451,0.706406841969467,0.566515956490883,0.0658843246715842,0.297470649935305,0.775053389611305,-1.1630808089113,3.28054451711561,NA,NA
1968,1.57050331595285,1.54946751783449,0.0537520103552822,1.16449200351846,0.61555199146025,0.624399851895636,0.223489355543861,0.586734261576552,0.258695039774524,0.284782630915055,0.329880136845051,0.958530302183237,0.25786968571227,0.795761202258407,0.65766989717586,-0.0419677303555348,2.37095173739246,NA,NA
1969,2.52910661365676,1.16222241775722,0.999515727454287,1.21267125634271,1.37166271670743,0.90447246227623,0.879052975691156,0.70130776190653,0.187494033723953,0.933033690243959,0.305551319760503,0.518723034977447,0.605184087664122,0.857024862048449,0.932991902894573,-1.47573826734021,3.90108078002563,NA,NA
1970,-0.0199822718352319,0.023917202876386,0.0500444591237829,0.454621175846619,0.0853423356666417,0.245530103547033,0.00151998684753198,0.969554024387617,0.484737360181287,0.0459652249534847,0.330420423147734,0.52480992199399,0.0948507325251121,0.493512035561958,0.655920564167085,0.287353271583473,0.621889080109765,NA,NA
1971,2.91243976549624,3.64262155316191,0.999839510776429,3.29031666164989,1.13359871943507,0.997750718014664,0.934291075791116,0.118108577618143,0.276164533898467,0.346991259227507,0.962814694502624,0.946923726460431,0.263704714575666,0.444574239056208,0.851290645751986,1.06850399863643,5.51212932466334,NA,NA
1972,2.8326928885536,1.46833514378579,0.998802492058418,1.44941087999982,1.14136217796074,0.387580454737763,0.833747898634756,0.584059705511085,0.81407300173468,0.965527684158529,0.130261381459539,0.576002472698223,0.34155411768402,0.357354388853884,0.697120468775858,-0.787617882119418,3.68643964211907,NA,NA
1973,-2.09389991086425,-0.941204921425722,0.728930945156277,-1.1772992547399,1.14136217796074,0.219745663883165,0.545907290912233,0.643317630298785,0.289514003031189,0.359079643970239,0.801104211300495,0.645200353632797,0.57650554781931,0.269995455430355,0.879974294875516,-3.41432801685914,1.05972950737934,NA,NA
1974,4.97417168457842,4.21660202678162,0.991869350088668,3.13338139776708,1.37166271670743,0.604199658031459,0.737611285526305,0.728590419822489,0.0511538020236185,0.308188104963046,0.708706778487423,0.345196338776732,0.246507557812729,0.46913775497512,0.0780205650959397,0.444971874084158,5.82179092145,NA,NA
1975,1.56963947892465,1.5948667964005,0.98738897802271,-0.913346357651816,1.37170111753581,0.878850597699988,0.715426356785465,0.945377927152906,0.967573155878345,0.634431375246961,0.759132469643839,0.944573227874818,0.0424415128387045,0.210407285016496,0.0800300335418433,-3.60183114557534,1.77513843027171,NA,NA
1976,1.73280062935018,2.28333339168863,0.999929481946426,1.68299732901454,1.10072686126702,0.645675798377488,0.97541371375951,0.856119407377206,0.857662762772641,0.848043957274407,0.788244711443665,0.0851067357863067,0.126173220466822,0.855648887947085,0.182933600231074,-0.474387675884642,3.84038233391373,NA,NA
1977,0.390043701755971,0.0506220722079951,0.99969002009465,-0.442774782952844,1.37170111753581,0.529833650626591,0.901369172088336,0.947919635243597,0.737547112684697,0.858137716994854,0.46771926708275,0.454000903014443,0.611006331575569,0.894161941998871,0.182095314705861,-3.13125957087637,2.24571000497068,NA,NA
1978,-0.862574167672569,-1.35301188048909,0.988662826103437,-1.12274228374937,1.14136217796074,0.10629232912499,0.720818464266136,0.516776262068306,0.817982942730654,0.108061394635006,0.910657240248634,0.311552243360668,0.202867683666642,0.479785591907334,0.0969149597076466,-3.35977104586861,1.11428647836987,NA,NA
1979,-1.12244801148583,-0.835948161124417,0.999930224104119,-0.417569715526534,1.1852235631601,0.339756583460839,0.97594275968289,0.11944078681001,0.449240460510599,0.810665953424759,0.530604081618018,0.899193742747651,0.675432960633305,0.428321234046016,0.340472211143002,-2.74056521294856,1.90542578189549,NA,NA
1980,2.41790688617706,2.91307358706251,0.999955191123742,2.49067136567739,1.32370409105544,0.802659810737357,0.998088192233816,0.135783912375104,0.816440583318472,0.0897731024373788,0.528069291819003,0.61182153007912,0.762152258531772,0.097469780370011,0.859011464397074,-0.103740978979602,5.08508371033438,NA,NA
1981,4.14199830961586,2.25297126289059,0.905748829852633,2.52388592770244,0.962188842369164,0.978577588469954,0.610300683420384,0.444297936310526,0.501289857781958,0.798580227271305,0.987356618728721,0.288282188366167,0.377281033724779,0.466516749897273,0.250920294785639,0.638030450332594,4.40974140507229,NA,NA
1982,1.6442564447347,1.60576075913718,0.0500723783669455,1.58451061284045,0.94325824945369,0.725859750993317,0.025888319136342,0.0634107039603405,0.0648669253789121,0.949193015871104,0.263805690884939,0.747702102829004,0.100636278392049,0.535327758905944,0.328564289717819,-0.264241584209082,3.43326280988998,NA,NA
1983,0.107304899794985,0.176711022555131,0.089137127530878,0.365798805955847,0.568215728324531,0.724660840304336,0.342633960396168,0.81107220374234,0.0170178929835092,0.0503669359206688,0.256694269353058,0.37244706707506,0.941142579466687,0.28354332444584,0.935051849140902,-0.747883557009429,1.47948116892112,NA,NA
1984,3.36311541691975,3.40168824862148,0.080047330640033,3.50788422806575,0.677711450412861,0.79124350195576,0.328922580202459,0.0257573098182911,0.922376473389915,0.999396767310216,0.859001512756338,0.0551548902337672,0.69823369104811,0.49683451336436,0.15224796763435,2.17959419334614,4.83617426278536,NA,NA
1985,3.43241284982025,3.40646480805258,0.0536304726802253,3.30583993611479,0.459142233491983,0.812092674018582,0.22183648705564,0.747449106259272,0.0368625999060459,0.266857957923436,0.924978964395588,0.354281306387042,0.984876011695131,0.543555109326378,0.630532612574752,2.40593769468922,4.20574217754035,NA,NA
1986,1.88140130261189,0.77610156388006,0.999665050705551,0.862512039093831,1.19064519231828,0.41655946168548,0.897494273134391,0.911298385804752,0.885275564733776,0.376248865620233,0.977868359123357,0.889942704647314,0.752648338021128,0.636762486966327,0.584206813633442,-1.47110965621576,3.19613373440343,NA,NA
1987,1.98451807759451,1.44479664843375,0.965965563659759,1.66958075123047,1.19064519231828,0.411321980252746,0.664630296206335,0.872143041203613,0.605813683551154,0.463970195241505,0.122274675710942,0.799720315798535,0.120852585763554,0.471558032377157,0.841050389101147,-0.664040944079125,4.00320244654006,NA,NA
1988,-0.760674678019149,-1.70458356689958,0.996071819179812,-1.01548447175179,1.37661810341601,0.161203373783268,0.77420710309397,0.881601384112262,0.139498844158021,0.755563900042092,0.561747423598892,0.101907841665321,0.271730839629192,0.814260949453455,0.756339978245902,-3.713606374913,1.68263743140942,NA,NA
1989,1.84126401332912,2.57477392901735,0.999185719047557,2.26077719897631,0.94325824945369,0.676653827185626,0.853052715065307,0.243731706082239,0.115378459575004,0.00732425096444786,0.257368927847943,0.545020849947352,0.994344844428473,0.174498545962037,0.956266091797734,0.412025001926777,4.10952939602584,NA,NA
1990,-0.412038533638837,0.0675352949767783,0.748338271784784,0.568822365575032,0.68241539677607,0.867304565453902,0.551030888901441,0.944763625826803,0.6402607518062,0.918149711731356,0.841335089594359,0.154859287225991,0.271383296108572,0.589029857345624,0.221089976008749,-0.768687234601677,1.90633196575174,NA,NA
1991,-0.313098837327206,-0.026037882112558,0.760114060462517,-0.313137710023633,1.1852235631601,0.247996144874953,0.554263102361234,0.198783654817031,0.589552607749589,0.893924032784416,0.67659285133821,0.980464876794605,0.280445652703405,0.733498217850691,0.302956678971415,-2.63613320744566,2.00985778739839,NA,NA
1992,3.57194306380641,3.58910046451672,0.0504768152212973,3.43761937291508,0.591673009512903,0.571656082187081,0.120170690614264,0.785022284222068,0.291768903300399,0.0786370119587518,0.810381241785129,0.607574229502585,0.568497293849359,0.421160594071145,0.333000112203648,2.27796158364537,4.5972771621848,NA,NA
1993,1.82625674182725,1.87506182694133,0.050085182393607,1.70371595070539,0.594818133400089,0.778997323236428,0.0340333585398039,0.403809742558165,0.107014589998987,0.086764187291963,0.537307164729689,0.0265607263114071,0.739414296129835,0.2918094453105,0.246375914272852,0.537893831889874,2.8695380695209,NA,NA
1994,0.923715815936562,2.38681141079776,0.877458590673757,2.5338217485627,1.32370409105544,0.765604241583613,0.595495502816862,0.161061412135721,0.370571178886574,0.306425067731878,0.04271001992526,0.630699828797602,0.419190929547884,0.393549188547651,0.642617331836256,-0.0605905960942885,5.1282340932197,NA,NA
1995,2.74586843674313,3.47367255327955,0.999878333631699,3.29312916492938,1.37170111753581,0.764987400989281,0.948140328646172,0.964444499130012,0.641012785147293,0.390276327776257,0.816975153594743,0.538546034723404,0.0492960538405459,0.0235531365124043,0.30393071323412,0.604644377005854,5.98161395285291,NA,NA
1996,3.42943211006215,3.01920598470158,0.719665957495644,2.12956772508141,1.13359871943507,0.715240363415913,0.543539855805575,0.026617517206003,0.808587814065744,0.616792791709537,0.875122137973434,0.225255765744252,0.980334657238913,0.642086145269102,0.418279625030351,-0.0922449379320445,4.35138038809487,NA,NA
1997,-2.01544158881379,-1.14913386365166,0.99977057531141,0.161776412628736,1.31462371948015,0.173471795998514,0.916420045669307,0.196993061787914,0.885930632773205,0.715878202214371,0.44949540831882,0.196943944363156,0.674936861105962,0.0137462119741831,0.0411374814440496,-2.41483873077445,2.73839155603192,NA,NA
1998,-2.00326525144994,-1.79165293938754,0.953415142532856,-1.72548627961601,1.19064519231828,0.0815732082928298,0.648245332176331,0.921899283836014,0.0335692703566747,0.506079030550085,0.206915144498809,0.389485994301387,0.606330678777653,0.615744082161342,0.626678133889334,-4.05910797492561,0.608135415693582,NA,NA
1999,-3.86810941499327,-1.88813174654009,0.999418151342672,-1.15960127577214,1.1852235631601,0.0394193087866297,0.8698697114354,0.21034461514873,0.969032498034299,0.542672251424636,0.280172087225248,0.350748695557471,0.290446956705768,0.943942922532791,0.734824331198353,-3.48259677319417,1.16339422164988,NA,NA
2000,0.890251306287067,0.859863680697243,0.0708316602366861,0.39630641425013,0.349943821426872,0.37247219835734,0.310109201423475,0.86845563069405,0.931930623330991,0.119031111968565,0.412180586822447,0.143438229946885,0.890944142931141,0.683747258555726,0.351486837574979,-0.289570872358856,1.08218370085911,NA,NA
