"test_id","observed","truth","noise_sd","mean","sd","x1","x2","x3","x4","x5","x6","x7","x8","x9","x10","x11","x12","x13","x14","x15","x16","x17","x18","x19","x20","lower","upper","latent_lower","latent_upper"
1,1.19837187248978,1.16379333664719,0.0500711023190963,1.56584770633501,0.565891037576538,0.956834500167286,0.024998876871774,0.725010981739382,0.190365118856542,0.352353198074386,0.158675864268793,0.172610221547191,0.419384209392709,0.917506671324256,0.982585301900515,0.7601956385948,0.892225990538369,0.548511940489174,0.837429308311665,0.661492406503414,0.268074485873571,0.249980863465695,0.281644275708008,0.0533530056433519,0.867383801540476,0.456721653510993,2.67497375915903,NA,NA
2,1.67395362076747,1.61311494991574,0.108519317419596,2.55253046190838,0.55571472265377,0.163220887952368,0.363823657170404,0.800281732853036,0.26457899406564,0.181095955947065,0.527051255988306,0.740562336443109,0.93374912443629,0.638879027215065,0.94899854496913,0.913694123167312,0.311974082831992,0.543906232633977,0.124703401624225,0.878679662702489,0.86260520434042,0.406635297894245,0.65368084192893,0.41864342145808,0.689862357142498,1.46334961982833,3.64171130398844,NA,NA
3,-2.84065048089819,-2.11164461168968,0.999324192770167,-1.8184612126338,1.39965674110862,0.294268949512742,0.862379888099502,0.658438047028845,0.538762852335814,0.316289934206405,0.56156636144605,0.265032255009748,0.686569585402613,0.645271015357575,0.159235755413771,0.933305188224767,0.531440627637436,0.97455815736216,0.874291634565918,0.550436853071093,0.550217863903381,0.0186893121639732,0.52995700040122,0.327644487924874,0.156749189734575,-4.5617380159254,0.924815590657807,NA,NA
4,-0.404170108461488,-0.368170722084664,0.050272739417065,-0.531633827528646,0.340525183998835,0.361327100770432,0.0922293347432278,0.362945637479657,0.573824221502175,0.663199596311199,0.352976612621918,0.805146540259011,0.979570669829962,0.81534091257921,0.189370257799863,0.441866757215699,0.382304072430474,0.565755125120166,0.433046523990575,0.38424928551272,0.363353558670729,0.228018464414519,0.801183324867277,0.417597598333145,0.393158668828895,-1.19905092399524,0.135783268937946,NA,NA
5,1.83217273813305,2.09089677521694,0.963695973235532,2.10648129837652,1.23263520377092,0.521190470949048,0.66127846088144,0.599769229004858,0.0996903033682611,0.167262577638379,0.227224826813093,0.79664952774276,0.548554633011692,0.961957826027996,0.616162042885437,0.652546993322205,0.716068695399445,0.678963044104166,0.278763129455969,0.945300444865716,0.609824674359988,0.364940760159981,0.973009178704815,0.566849196557538,0.0929696924574673,-0.309439307090674,4.5224019038437,NA,NA
6,1.21214692619321,1.46596153716975,0.413301182944293,2.03969713870966,0.502646347146875,0.0245270604122197,0.476036029783427,0.84589546510065,0.512519514113898,0.650361920094816,0.213563586410484,0.281417534305481,0.35176651432598,0.816847559147165,0.823029764383333,0.914894630263909,0.425645447868039,0.910649509737384,0.698104254404665,0.869692557377159,0.424325862178928,0.573887241461896,0.978498397326912,0.0128141269916669,0.99197508766281,1.05452840134117,3.02486587607816,NA,NA
7,1.30894502593848,2.13967897630697,0.995431541932467,0.766156910091821,1.23263520377092,0.671530011866475,0.766623286828981,0.470602485735202,0.331158365524723,0.0914532999326475,0.260529732524534,0.0270759740134235,0.959531231356435,0.684861922362819,0.182115708908066,0.0073620021736715,0.483849060004693,0.955689181542839,0.141147826966364,0.601436449380475,0.903102913770708,0.6393067759322,0.620316702310927,0.896774700734066,0.196590068501304,-1.64976369537537,3.18207751555901,NA,NA
8,3.04215289677906,3.10515234768648,0.0506881432842054,2.68023361671017,0.885477679605705,0.865445137904258,0.138525221921387,0.405961198527599,0.700428492806619,0.691105750300223,0.482035758398124,0.381643633639324,0.0585032508879667,0.753748902962194,0.433489960014471,0.127507035253686,0.678761552614742,0.540635362556786,0.904985816502594,0.638433441457222,0.695620474671246,0.832322414352093,0.31090084144182,0.797127901335247,0.819930861722911,0.94472925556889,4.41573797785145,NA,NA
9,-1.33748391751384,-1.15607956017061,0.999768766054774,0.544467286309228,1.39965674110862,0.451949159645359,0.916027194093098,0.403555150773027,0.985270616737776,0.384275143918348,0.392395086936303,0.347478656967869,0.36553651579225,0.477548256865586,0.239008593861363,0.553665101619903,0.997308741525514,0.15773476265592,0.310251779544749,0.306156868724385,0.251392329823459,0.80433942992345,0.353613881310448,0.0863937087759841,0.604482612026739,-2.19880951698238,3.28774408960083,NA,NA
10,-2.69840411968529,-2.00343158830114,0.999919481341564,-1.08275970950202,1.14132310678159,0.0737383959898725,0.968782178205904,0.844787509752088,0.314136158410925,0.999727305951878,0.515480172371492,0.490068871291005,0.17145471865451,0.0619450174627127,0.771180842882604,0.571630000345758,0.063940243092482,0.98973567851109,0.552146284296876,0.534702901343815,0.485844077875605,0.161988511787029,0.379881457398064,0.88712625853729,0.478483608648065,-3.31971189351729,1.15419247451325,NA,NA
11,-0.855422620436239,-1.14684215416238,0.959733762515748,-1.13816603882591,1.39965674110862,0.22797848443687,0.65588193248841,0.268829995392705,0.281264776142547,0.422555005651084,0.445654449048801,0.60732243359834,0.319871955496375,0.867226031399216,0.122785579078714,0.335107274299255,0.0247464481309289,0.537521840939298,0.5105035068664,0.596048531377106,0.526816696353839,0.255339416424744,0.312794298709836,0.462760939858388,0.831361128037795,-3.88144284211752,1.60511076446569,NA,NA
12,0.273480138351468,-0.370367913038534,0.999808665691896,-1.69823105750584,1.39965674110862,0.133135653588106,0.925499681824935,0.253590524787898,0.38247135044483,0.215421888472163,0.922485885744682,0.0425430259371642,0.559608845251845,0.701102812700788,0.539668516474543,0.793732226371299,0.333945064333267,0.371205523583805,0.250509002035251,0.0353991910499753,0.271980936372071,0.0506500460884999,0.232902995800949,0.713819559975178,0.272994538960163,-4.44150786079745,1.04504574578576,NA,NA
13,2.27831860951622,2.32634391262321,0.0757488291833032,1.82373809613375,0.537537455400767,0.60522815736034,0.32097026464378,0.295168589043664,0.163263242866728,0.253465215747943,0.010658491244074,0.299234457786428,0.384669486138038,0.374263900499791,0.174217203822569,0.493968086107518,0.535277481042547,0.446196904671029,0.334143244995037,0.105233711914974,0.121084336094907,0.77738451495918,0.262076674342272,0.54632726280042,0.553348784283386,0.770184043206946,2.87729214906056,NA,NA
14,-0.637859764339997,-0.0929730635624466,0.386506535568991,0.0323133025798263,0.456786674230267,0.0574112874988932,0.469972397996113,0.0341520199454389,0.697883920656168,0.406718897036393,0.776476723829866,0.00431246745795943,0.251624162116321,0.01428201334388,0.250037668700214,0.405090805130429,0.181518451727461,0.0693176072569331,0.021985191235668,0.996569409280317,0.473454512229539,0.800578750061453,0.430133787498227,0.390633801989607,0.471038291219855,-0.862972127529326,0.927598732688979,NA,NA
15,-0.779165740361736,-0.812593720714579,0.0501660441244304,-1.23006285490204,0.474966316662938,0.47949937448441,0.0674105548922671,0.093060475379345,0.84662341797282,0.68771530673455,0.785978006805759,0.713853455767734,0.464857881298405,0.355238764362992,0.529873383830884,0.564750217808876,0.744473422296578,0.813356644178624,0.985058775036829,0.58560493545502,0.0586768801803701,0.914493077139836,0.780768803303014,0.265350292057032,0.46903835967835,-2.16097972943105,-0.299145980373038,NA,NA
16,0.275764780037453,1.85009035097731,0.999566903047301,0.818472250382356,1.25681324922324,0.920161005431786,0.884639982796158,0.709516035197768,0.155405416679336,0.894579267173074,0.354349286814686,0.903247706927475,0.249347013834515,0.597739975575707,0.106839302906999,0.662972161112004,0.778003948513302,0.543006371423835,0.754684172744863,0.0244659789354773,0.651207078420557,0.128652321030619,0.168766506232554,0.643361729989643,0.166322677215794,-1.64483645338797,3.28178095415268,NA,NA
17,2.43180904539332,1.18488735893447,0.948409508842388,-0.167956516024309,1.08749253900383,0.0164415312999627,0.642864430597518,0.00638568841503002,0.784646228908445,0.830331872079289,0.795607763592154,0.25742939997802,0.159115994054475,0.554450613769004,0.208721091492567,0.939024807480513,0.968178348022397,0.697601215124363,0.910328620093409,0.0566797413645545,0.242670939338976,0.365001832401496,0.462133139445796,0.745616518441355,0.415589031609125,-2.29940272592784,1.96348969387922,NA,NA
18,-0.916586464498822,-0.933067533353546,0.0500443372808376,-0.514549320235831,0.449739886193517,0.228157203297131,0.00138276426866651,0.730063186646556,0.484613818054786,0.333394878736697,0.932925779941143,0.776238778964151,0.322030532229692,0.560957997004385,0.775398416593438,0.541784890463692,0.166133991676848,0.590563863388728,0.229527781246928,0.287014724500594,0.267656426496338,0.462313462062972,0.576358153054141,0.458419841741561,0.45378475297906,-1.39602329958627,0.366924659114606,NA,NA
19,-0.0673226384545293,0.912299846197192,0.988856940687247,2.05629880457376,1.14132310678159,0.477640541188768,0.721692314692191,0.173877283666749,0.220313399759587,0.809754126285901,0.532046791070956,0.342657675763359,0.960847132564173,0.731213567067171,0.954748673201771,0.592544771163259,0.820750177222188,0.683317022055155,0.881425704805413,0.321747185598244,0.412207836042158,0.0839665335576283,0.937964952340699,0.0250463948260294,0.930253630572348,-0.180653379441509,4.29325098858903,NA,NA
20,-0.566777354703659,-0.555690320711333,0.0532094309778336,-0.647732841890171,0.502646347146875,0.0920628777140519,0.215650786963175,0.158453666859539,0.8234959374303,0.511483406443265,0.808962951049558,0.260291683498072,0.519080913380254,0.175073970450554,0.119002223527757,0.626880744066788,0.0156974673292134,0.751562680769013,0.405481016739504,0.812809237109614,0.440395602609846,0.773545675091562,0.222078004696406,0.35837685216486,0.57445017056854,-1.63290157925866,0.33743589547832,NA,NA
21,0.55415459785222,0.660632542434309,0.139130705991544,1.06975624347891,0.502646347146875,0.271390890303301,0.386608060665894,0.978584088128991,0.502258558487985,0.604799499001703,0.130389992867014,0.454664785629488,0.158681378175272,0.313331205937662,0.975117227774463,0.281459105028538,0.310565709602786,0.856477372825611,0.91464375838777,0.91755044115684,0.311297241333174,0.245913455510628,0.649674663504353,0.957070883372566,0.919862977700541,0.0845875061104223,2.0549249808474,NA,NA
22,0.509531879248371,2.30994338137801,0.998911943714026,2.83632262957273,1.23263520377092,0.554152630491648,0.83854615626391,0.253408850463224,0.203804212721647,0.264706324773841,0.691025721480139,0.698956165147945,0.00975040775642265,0.908587865227484,0.87461640339985,0.412029132986325,0.734026019961457,0.191060625042184,0.0782782932094997,0.680052584860357,0.674137635581661,0.634855075160507,0.669654665080248,0.705219374588458,0.860507845979882,0.420402024105539,5.25224323503992,NA,NA
23,-0.422699684747841,-0.0885312064203854,0.536025367171868,1.54040628559376,1.22125306711407,0.844722009515972,0.502321546913125,0.0977323960571084,0.99291706425196,0.685429874214809,0.819660650017555,0.0255879232521402,0.718691738183727,0.471113530798,0.608603231772431,0.0104492609471781,0.953203970818082,0.668554607984843,0.12232147894206,0.273985449556145,0.721125341608305,0.913010893573868,0.279891893068911,0.41812315314298,0.0411274337734794,-0.853205741958891,3.93401831314641,NA,NA
24,3.77910462395895,3.86917272955647,0.0634230687412487,3.24155703995992,0.8610237356501,0.959510972245829,0.287737155425129,0.19841184653691,0.934278299144586,0.447765232773265,0.597201080319937,0.261635562719312,0.416867834209581,0.871169838914531,0.159731138881762,0.664518472917727,0.222444667751086,0.717916702773771,0.801631381453713,0.0131233789725229,0.645963178372942,0.306567249163752,0.00870186804549303,0.942777335001039,0.931427873047302,1.55398152825159,4.92913255166826,NA,NA
25,3.12162113010172,3.07830484802778,0.0500762601090627,3.21894370059379,0.72280953814222,0.855973602856393,0.0285006499007577,0.406441001346451,0.900827064213343,0.126791770115378,0.476589753553853,0.646583787763608,0.0514731289648917,0.631627607977949,0.415938344987459,0.0685954143084818,0.368812057552394,0.722691583424225,0.0788633442947175,0.24616867584188,0.901766038626083,0.80313631560537,0.992529352430021,0.671361619263305,0.0201397909470834,1.80226303815301,4.63562436303457,NA,NA
26,0.509295461049562,0.532330650838416,0.193303368777123,0.71889192580794,0.85435310721902,0.669963189775473,0.413600808359217,0.155278037257493,0.564467353491113,0.51217901042616,0.472269067481975,0.789615085315309,0.176775403568638,0.170660569551052,0.148926827186602,0.134587702870718,0.78430830395699,0.396505811665324,0.0928082316521322,0.76858768390934,0.532607448333176,0.0436203278858447,0.432101792833884,0.616334066841868,0.250369065844687,-0.955609394421226,2.39339324603711,NA,NA
27,1.5423333512169,1.67913355113601,0.998984728837191,1.74016014840646,1.08749253900383,0.461171360851498,0.842011848717113,0.71507466805086,0.596702169233817,0.953484382159542,0.143154437190271,0.358514547516592,0.329972353289835,0.710007690492552,0.477896553718601,0.802192424390698,0.313394305301481,0.139018471961725,0.438306434125872,0.783875643924344,0.435981918275356,0.192228894128581,0.66353436108632,0.39495948598464,0.312228647575132,-0.39128606149707,3.87160635830998,NA,NA
28,1.43997311627385,1.987729945542,0.801107663261525,2.39152533168846,1.14132310678159,0.168068097847863,0.566439267222653,0.0468403724464588,0.417029637291562,0.976585724532837,0.480059031948447,0.00467168854852207,0.835223193477956,0.632728419682593,0.795464038129663,0.265766430355958,0.0220749812669819,0.490815125093679,0.747962906097295,0.16347677733982,0.775362429885776,0.710512679834035,0.0503289598368574,0.241695847391617,0.847789612428867,0.154573147673188,4.62847751570373,NA,NA
29,-0.764325584410319,-0.791980997865473,0.999462125791726,-0.3670727841323,1.39965674110862,0.238346165833646,0.873801310032606,0.388198313126806,0.90037476077117,0.0417655824037502,0.800407332270523,0.511883446818916,0.931563356227009,0.0832798271278152,0.778460421277327,0.270362551926053,0.779831165622221,0.568675303097116,0.786760953710764,0.855816661824705,0.388896678367746,0.109426653677365,0.749763287359267,0.433708502448047,0.112109715709579,-3.11034958742391,2.3762040191593,NA,NA
30,1.47862692350192,0.897475194623431,0.999836761105902,0.402429010373081,1.39965674110862,0.18480985263153,0.933441534129088,0.382610115644522,0.784278064794256,0.363307452024659,0.00814707055769395,0.296349429679452,0.851155291727278,0.462188640230335,0.91725619542459,0.32768532652047,0.469293634632835,0.880017214711057,0.583361860058038,0.570563944254536,0.295518383940915,0.620723015109892,0.700957912173821,0.999064600408426,0.11382170036051,-2.34084779291852,3.14570581366469,NA,NA
31,2.69507809601877,2.79310763777252,0.0554024564495284,3.23685049155046,0.932082036971347,0.543983903020853,0.241804739562795,0.231851946281153,0.828586632953025,0.614339568429859,0.0347676036062185,0.980639574900619,0.756123565068236,0.0508555766829522,0.827711806993699,0.17849230631208,0.005366851932602,0.211161617403966,0.749679526351742,0.640352990829386,0.757536286737653,0.991903320317273,0.905702282567392,0.144295891071204,0.530706604003091,1.41000326844989,5.06369771465103,NA,NA
32,-0.298332468814388,0.478670426534323,0.999945549266153,0.746923544754621,1.39965674110862,0.431304676765925,0.988343180931988,0.705000919653685,0.262531272753491,0.420235097722034,0.378691398489289,0.0604578650752082,0.409078579603112,0.485255235712975,0.0245181284772698,0.625738350318163,0.721086309019709,0.988278697037837,0.341246828476433,0.543103854313144,0.990588322934927,0.305881978513324,0.802693992551765,0.655062337766052,0.642376400251873,-1.99635325853698,3.49020034804623,NA,NA
33,1.0458406605146,1.13713777253365,0.0967777759570523,1.12764571315427,0.449739886193517,0.400706597445067,0.351971979949856,0.97644413696113,0.63489068886626,0.116381222582888,0.300988898733398,0.35071710487525,0.0381929681582842,0.107011621392565,0.0795016118440544,0.0897594416266074,0.146409409768297,0.438002640472725,0.0422707969883922,0.936230467197252,0.37038279763842,0.224349188797176,0.495781944852904,0.807782277396647,0.550257183274603,0.246171733803833,2.00911969250471,NA,NA
34,2.33261625600455,2.0838897685757,0.979603072983316,1.40605277227179,1.14132310678159,0.0645125152956462,0.690968671936542,0.71190566287702,0.255437325528706,0.59078085406695,0.0497740492465673,0.109083029958303,0.153675664317561,0.256863034753478,0.430177306305268,0.893542129888432,0.0920743725860957,0.376860581371933,0.0800459334877087,0.133761610166403,0.625999582978664,0.571364234393812,0.744766108711483,0.97651456853922,0.0879493944700807,-0.830899411743479,3.64300495628706,NA,NA
35,1.27736842471775,1.28054604473545,0.0500600230221376,2.1178389019242,0.958110863487764,0.5103055975358,0.0165287055734079,0.12100681617693,0.897556669082842,0.632006528677768,0.742606307437061,0.685899582886021,0.0843785930582089,0.0562808964808937,0.996702133544255,0.245441225836636,0.373632628203486,0.341286868378753,0.953057848066092,0.455465961515321,0.892857983529102,0.632876668493263,0.168090510062641,0.299542679094709,0.909686708620284,0.239976116291608,3.99570168755679,NA,NA
36,-1.51753788132462,-1.52138850138248,0.0643514925361954,-1.0568606363382,0.51700110328822,0.00200340490578674,0.291130703327595,0.520672075789655,0.234834687414463,0.465813335582498,0.855424770665006,0.52055774189462,0.378644188191509,0.894365126024582,0.176074506418197,0.0701291916115442,0.777014133148361,0.563782973884721,0.514766779593308,0.778199244036805,0.711909737282782,0.730338212198229,0.527061703566811,0.709945401545614,0.0127185560883954,-2.07016417875059,-0.0435570939258179,NA,NA
37,-0.583861325134348,-1.72887191209047,0.9990699437728,-0.405707291997835,1.39965674110862,0.0975883781268494,0.846399636690388,0.492672588524059,0.927742795612779,0.305285154826124,0.959706907458836,0.000858068813453428,0.350118581553339,0.309117508013849,0.0558626388929551,0.0300917531510349,0.630048768616398,0.528357814162853,0.534201467129984,0.688736919824034,0.819974875915563,0.215976756369579,0.30422233503242,0.419515372147318,0.589678752044099,-3.14898409528944,2.33756951129377,NA,NA
38,2.65689845299153,2.66016340444285,0.0500900650740707,3.03612938232527,0.423706483519852,0.888354341054801,0.0368205000273883,0.476716247679899,0.357360307326191,0.955270327175385,0.602957101482549,0.654559209419996,0.654952030390617,0.586107593058725,0.431649847860215,0.695200144732604,0.151144347575493,0.469532579130959,0.328338829841348,0.350672379994649,0.571138218976324,0.722001936518122,0.451284482845338,0.258299938053358,0.346564704338787,2.20567993461025,3.8665788300403,NA,NA
39,2.74049874865707,3.46061935503909,0.994746668818202,2.25231425263383,1.22125306711407,0.863376735961181,0.759602721501258,0.105348751049489,0.803960734311375,0.586796920750407,0.479276843474363,0.186193527063937,0.210201109554037,0.0164318516209023,0.991161747524515,0.670834197684191,0.499641142157139,0.800325407902128,0.567679403448361,0.877552858991665,0.183938394643832,0.623319471634342,0.913010171517497,0.11138955464738,0.746933357186615,-0.141297774918819,4.64592628018648,NA,NA
40,-1.33496352944466,-1.74835151070494,0.596045553309398,-1.53734768770494,1.14132310678159,0.246437167011667,0.515070014367346,0.415045889424044,0.311102324289735,0.693709088265081,0.274195923493826,0.209202012176742,0.768142733969609,0.537552759663318,0.353091065305518,0.910332234523026,0.846285118028987,0.928596891443711,0.200768394854502,0.542087730389088,0.716233722251374,0.824946447036928,0.462692507017986,0.0364704093185719,0.914218432844384,-3.77429987172021,0.69960449631033,NA,NA
41,1.39100362011366,1.45906977692887,0.791691713971888,0.467380002664921,1.23263520377092,0.600808497639024,0.563495727511705,0.463762760348269,0.0368664205099922,0.244133551604813,0.474150650178781,0.712652989726514,0.226067980829161,0.60225379156589,0.576545459240442,0.833376443648245,0.770136462029768,0.825403590554255,0.613081637661206,0.932346900337376,0.339664112292929,0.384511158955283,0.352970443351427,0.741691970306565,0.613270102209412,-1.94854060280227,2.88330060813211,NA,NA
42,3.54746661600502,3.55889560865264,0.256090659141767,3.14106088776844,0.585677095453349,0.623667898748303,0.435819849558757,0.762213074490894,0.886966900338186,0.799381385320681,0.796361713142716,0.391897310213884,0.956794713845709,0.783396822852897,0.49158531590749,0.780798563165357,0.122655810598284,0.143228105311864,0.230263767271186,0.9823308868038,0.377867103274679,0.277354407100473,0.448566896698903,0.4359151241621,0.402723340809462,1.99315487410985,4.28896690142703,NA,NA
43,-1.63051202663113,-1.60803460373243,0.0675688131408442,-1.81654979232943,0.502646347146875,0.0187371116296854,0.301416499752668,0.328099930724478,0.507957652545418,0.734536410195404,0.187160189917195,0.823011008344125,0.379577895948663,0.833136390411761,0.404490690910141,0.873721968240687,0.156081053341157,0.678121847735136,0.215379439460463,0.419880543552688,0.580715740874643,0.0682122182659805,0.0967264412045479,0.562770829434157,0.716987275525578,-2.80171852969792,-0.83138105496094,NA,NA
44,2.48657223157337,1.87489098721304,0.999926073892524,2.16742113117263,1.14132310678159,0.121062712972867,0.973053669844405,0.503102879496641,0.095719237043988,0.603841174047673,0.727308786277776,0.35652939633315,0.141703458682634,0.116591517940979,0.744228167551104,0.0356106911472743,0.0561582553436747,0.22549130998028,0.910973711792496,0.565780130023137,0.918456498505431,0.731233717067051,0.896532531092642,0.231090806399472,0.378071111601545,-0.0695310528426387,4.4043733151879,NA,NA
45,-1.18405009458103,-1.14073877852359,0.0500569967140782,-0.819214884669927,0.988374835340434,0.103570193841471,0.0139418176593026,0.753506851266953,0.297777281004237,0.970330308760516,0.0420406103348359,0.220951091973926,0.534552631587139,0.900556027643615,0.797845826317091,0.526689896498108,0.756710054277442,0.321127108971588,0.7301276467063,0.0298302764942637,0.985214915256016,0.78617025088123,0.68293265414075,0.285417074336554,0.854514271254418,-2.75639396516288,1.11796419582303,NA,NA
46,-1.5370647143677,-1.49048332353183,0.0503820829709616,-1.54113571687086,0.456786674230267,0.211871135873138,0.10909113982087,0.0223618956677383,0.920070753248758,0.420525438266457,0.875641328949132,0.346443909834721,0.749870758442557,0.681020545573905,0.967696131841512,0.665969721819507,0.640139121034066,0.201124116892577,0.79378823382128,0.175348436773405,0.256004376999685,0.0626996560975676,0.668042393737007,0.519941763926647,0.146114914105623,-2.43642114698001,-0.645850286761708,NA,NA
47,0.794969086675734,0.68228057991065,0.087245926112805,0.596753254413036,0.473129353069711,0.398750224586809,0.34005380444543,0.803075466192444,0.610578374708537,0.276107177001541,0.46611751363799,0.590675495519536,0.38732856457599,0.428561615853803,0.157111864964128,0.336981787214638,0.213709952372825,0.774484578163829,0.429281824900536,0.394130124809104,0.997744324805215,0.44989816492761,0.478012435419136,0.148929112493759,0.735258147539804,-0.330563237632333,1.52406974645841,NA,NA
48,0.641056847292011,0.652897334362115,0.052590902335089,0.563589664650969,0.456786674230267,0.184406758030294,0.204913760687457,0.0961646833077539,0.489909445926431,0.500077058381285,0.964484655497712,0.364058082566946,0.136642776910332,0.738324246198754,0.19359885133768,0.163850445385673,0.134424903157284,0.740578131852322,0.485661006200244,0.948915148128406,0.0135981439638417,0.258997969030985,0.203436292944592,0.592405487120617,0.128092799946084,-0.331695765458184,1.45887509476012,NA,NA
49,1.25985996937884,1.46574736547012,0.459963853987392,1.14093054419212,0.502646347146875,0.417831843331805,0.486221646021353,0.843966495110886,0.818839704535669,0.55448760918586,0.585399185843649,0.632840028919512,0.116403358179028,0.692350369161461,0.689900415488169,0.564306477778358,0.850877399289049,0.583973484013695,0.244877850377467,0.63366682884784,0.629824946986861,0.508519519833382,0.64680240055325,0.819795753942803,0.0896837137404364,0.155761806823627,2.12609928156061,NA,NA
50,1.66701628604688,1.69679713328867,0.050229321970102,1.89393466651324,0.983255160989148,0.0255397868305445,0.0835575578087009,0.250088241507998,0.428509740990237,0.486568447143305,0.445307560170186,0.432505516063189,0.505461660542642,0.0101455631227,0.720515736735775,0.0871266616028734,0.0846187062850222,0.458412385783042,0.844619273891556,0.117793822782114,0.65952546010213,0.398724868580932,0.980571503623738,0.246738196425606,0.878102029326255,-0.0332100366386261,3.8210793696651,NA,NA
51,2.68660477419541,0.828625616358022,0.97698479445921,-0.0971282683547965,1.39965674110862,0.366570642051636,0.684789102725685,0.122409910304588,0.180792481237557,0.169002050985815,0.676701615895727,0.400411935110344,0.238919139303383,0.277476753388648,0.420500580827123,0.385775771612651,0.117538152836263,0.410000503881718,0.247594973654603,0.476551083482685,0.37924943873717,0.547588843206642,0.66920236737805,0.522070174642024,0.813479378839606,-2.8404050716464,2.64614853493681,NA,NA
52,-1.91782708447389,-1.91751927387782,0.0502565860033108,-2.32636122871942,0.449739886193517,0.276256489368039,0.0891758383702254,0.679959828793304,0.592519295217469,0.403548884914373,0.24227279784542,0.175225798557163,0.0884162861712975,0.285077371400199,0.126840219972655,0.808607459960505,0.678305378019228,0.465435645348043,0.871933885606006,0.99039580545621,0.432331642550649,0.828143727823626,0.914000729912543,0.356248861749656,0.540188391139265,-3.20783520806986,-1.44488724936898,NA,NA
53,-0.506616646192224,-0.0392139807286154,0.998318213265793,0.813989783443622,1.39965674110862,0.46456601424003,0.816741667670081,0.727388193484396,0.374305743778823,0.306376348439837,0.9838001121548,0.697868296240573,0.301876494725817,0.493604059514357,0.281645875116345,0.0297858364123385,0.755901782743633,0.367309461339377,0.746306111554033,0.0543351462059654,0.236228822231875,0.521280286076013,0.73556241515046,0.670590478272992,0.201535801560502,-1.92928701984798,3.55726658673523,NA,NA
54,0.803122285928983,1.49534457025033,0.987006578794898,1.53040165424555,1.23263520377092,0.774157316737925,0.713912356755813,0.398841510358616,0.191648035482038,0.187183468229137,0.195331923781428,0.270281256358372,0.00737867950065993,0.179015585230314,0.7353398216184,0.867415299520828,0.804136237196508,0.901412739274325,0.669082239298616,0.825042330489145,0.213144261432579,0.324734043054748,0.0739122727090726,0.120025861135568,0.138393524843967,-0.885518951221638,3.94632225971274,NA,NA
55,-3.48180788417244,-1.38068175580893,0.86874641296865,-1.46588195317922,1.14132310678159,0.316573041343363,0.591532158748596,0.901737601639703,0.527670815861784,0.949698923320742,0.70161959494825,0.624464693401707,0.41292681685416,0.183500968438806,0.421895565206301,0.67290985724621,0.0670897866676096,0.443090640647686,0.648781511456938,0.415495323853684,0.522497134851175,0.439568250283599,0.051153949354426,0.481876245035208,0.102389939808054,-3.70283413719449,0.771070230836049,NA,NA
56,5.09136160945265,3.89212883571973,0.843210550515931,3.28525723292049,1.25681324922324,0.643293932562927,0.581059243928175,0.491238804607186,0.460404159982107,0.639565007226309,0.00504680427722633,0.991407329292269,0.155445454479777,0.144395785490982,0.444297041609767,0.79016168525652,0.107313543600845,0.369850009317859,0.400073149385978,0.91571699244203,0.474541214511613,0.129146911283024,0.453310250298586,0.837289768362069,0.454410550363245,0.821948529150166,5.74856593669081,NA,NA
57,2.2279852837158,2.24236628367615,0.0554797807556905,2.57187413004935,0.527528676516861,0.735255744483206,0.242519399900455,0.858752012919751,0.184391739876824,0.0742626397880958,0.741295001515537,0.398629321360379,0.863728468854562,0.321726876489469,0.489355409215088,0.169774591243477,0.753394148122403,0.897963150057942,0.0530623559227679,0.854381909760181,0.85459962585161,0.540931758696679,0.990046245338279,0.185007621934987,0.503352183675044,1.53793692326422,3.60581133683448,NA,NA
58,1.04964449788506,1.07858581461394,0.0501944558327768,1.18512385002058,0.585677095453349,0.567746134415967,0.0753096252079122,0.639859492099611,0.915231634030351,0.273487547683762,0.71148320593778,0.719880459657754,0.813293161064852,0.346636996200075,0.547218394582509,0.666190904497518,0.154402190700523,0.435486712570419,0.345438507372397,0.188810086864512,0.591999337304383,0.0416991634009173,0.0846538893670077,0.330233926645946,0.369612569246092,0.0372178363619902,2.33302986367917,NA,NA
59,-2.03282259843548,-1.70805196364313,0.99209519636673,-1.6267380957796,1.14132310678159,0.305304314489476,0.739031784882885,0.867382482700865,0.0441399698044406,0.888639682632405,0.415921695532044,0.93495375287137,0.862057544378564,0.330733577766223,0.391417375362827,0.816636612077127,0.494025154436706,0.872543583153049,0.340589743587188,0.183240951750427,0.408371447146754,0.132502247536439,0.871959099608008,0.113854372035945,0.861836838593823,-3.86369027979487,0.610214088235667,NA,NA
60,3.94240262939396,3.93859991738319,0.0577111827763476,3.95457482702726,0.689507844351315,0.812357515755459,0.259717987814336,0.280552040277631,0.898846210718621,0.207307629598421,0.366714939744095,0.385841522498406,0.684946075552376,0.379958508699434,0.549022001504898,0.640761249407078,0.975960993557004,0.922065040263464,0.489350850476767,0.400913026076392,0.668414701503818,0.334925719968392,0.613263986628619,0.166447384330677,0.363108413908281,2.60316428504083,5.30598536901368,NA,NA
61,2.21368318443437,2.03120233263505,0.111300037498187,1.17374651175224,0.502646347146875,0.266935655261273,0.366301038805395,0.838062250343151,0.823620719132363,0.556092482089181,0.675231945147971,0.680101409382653,0.639415513828513,0.237696487876237,0.417069041683804,0.216291374817491,0.913174792118836,0.748395350869978,0.203574403487146,0.178876404378447,0.577557398825069,0.779432199091185,0.00424546983453911,0.197958143288386,0.254441701059812,0.188577774383746,2.15891524912073,NA,NA
62,0.0289794561762294,-0.985840268574645,0.999659244044504,0.136168190970472,1.39965674110862,0.286919642643421,0.896634598035947,0.245708459677757,0.186315492923837,0.202994797119405,0.533027188767213,0.905465360558825,0.708648068030016,0.38312099951331,0.363105519617791,0.602702900522272,0.778619785200921,0.130471343208221,0.358455823852564,0.342880325848935,0.822012538857875,0.717957233441994,0.842094096724293,0.86444002966932,0.125780261509353,-2.60710861232113,2.87944499426208,NA,NA
63,0.380932490554622,0.410224025271017,0.0777421238184255,1.3328050635798,0.541512622892802,0.502503045096062,0.324806354846107,0.292603116843617,0.506412588818348,0.192541219896055,0.0385023363160435,0.557570364238229,0.755467979964451,0.0190187240185915,0.658271793870954,0.960561282662326,0.941465575203067,0.0343533159568906,0.0278021184275858,0.649650876107626,0.296476089312695,0.72524118361657,0.898370301929535,0.882117668658728,0.619998109669192,0.271459825536084,2.39415030162351,NA,NA
64,1.28636317483225,0.770464111251288,0.994140669078817,1.36827193656636,1.39965674110862,0.424067399959313,0.754111987455049,0.48923886790243,0.131362504234421,0.411875287260627,0.609076314413687,0.971747540844488,0.403966876591207,0.0974162603126606,0.152949591389159,0.758116709538386,0.499295827596798,0.082294977407204,0.625032813436119,0.401000581176602,0.221587236371939,0.418495771823335,0.0303606331754709,0.107768861086108,0.0943154032139573,-1.37500486672524,4.11154873985797,NA,NA
65,2.92208683120067,2.9307831927921,0.0535066183409735,3.75828814644792,0.890935889521803,0.686431059039431,0.220094407963334,0.178475821438595,0.463907033601077,0.00734411557309795,0.601921415059012,0.991950440225541,0.19619404178753,0.474005496501457,0.275707693562028,0.265329025733168,0.152550459683524,0.906813208183274,0.486022991662729,0.623425979480031,0.411403265304281,0.566165629186202,0.967807603767142,0.0261966658876045,0.124038760663127,2.01208589045104,5.50449040244481,NA,NA
66,-1.0524575412727,0.185062474957031,0.436280079523107,0.418554646336976,0.662066357796199,0.648009185354924,0.481100258385646,0.319675206714426,0.0562788932691328,0.259502907328075,0.792912898055394,0.182364327031653,0.399732872223947,0.860767691569636,0.681431944501237,0.738979903648025,0.794985588137643,0.12086000199418,0.565334008468315,0.7447753230331,0.587028504839982,0.651740157403634,0.324295826613903,0.339674081934267,0.95922950659378,-0.879071570319183,1.71618086299313,NA,NA
67,3.70151677649833,3.75980906785513,0.0542653580582304,3.26726612733639,0.807149904483806,0.705368880986585,0.229928205287782,0.729232195567689,0.088730619336362,0.106037362708827,0.624649214104051,0.995604223917238,0.472024424939067,0.145644706862862,0.624324326223927,0.838354733465007,0.742034870489035,0.289783924108488,0.0237659519063309,0.688145700490219,0.85330427870003,0.505701879278058,0.197383790116059,0.363728617469082,0.263904529557331,1.68528138442318,4.84925087024959,NA,NA
68,1.92169185424411,1.88193997104456,0.050237179072663,1.6505706132812,0.449739886193517,0.328294026141404,0.0852423933229875,0.791342956239008,0.849039843099192,0.152681392840808,0.144560855438816,0.925281259937561,0.71559403543279,0.978428858426399,0.788416320252814,0.141468834619969,0.0444360844742041,0.788093605379458,0.182370444250759,0.635670368946623,0.572819857396767,0.208786156566115,0.607808834278258,0.69864252671774,0.437829752020421,0.769096633930766,2.53204459263164,NA,NA
69,1.21778851479666,0.974796620881271,0.999921936912362,0.199242110554654,1.39965674110862,0.395359555110801,0.970330888643977,0.689665570060024,0.615060968959122,0.00533985381445382,0.348732191269286,0.465884051999194,0.427190647730837,0.220555716320989,0.946421489664004,0.211774594096234,0.766777469158755,0.969277159968042,0.210647670653765,0.640776066710008,0.936956686010468,0.906517059224541,0.590370975102182,0.320201375898207,0.60205213797919,-2.54403469273695,2.94251891384626,NA,NA
70,2.36190843872787,2.12508736869136,0.514970235336563,1.64129650589915,0.51700110328822,0.358510233064648,0.497888156700763,0.0926657722343225,0.0945984121534275,0.154180950684822,0.629289042638848,0.689393872334273,0.931148003931157,0.542944147978094,0.0748457160929684,0.0306478637406835,0.966785082214279,0.818852273837314,0.287930942172417,0.378039988129865,0.675187152725295,0.590369383936632,0.0668899574942188,0.600260294588515,0.528997663993272,0.627992963486771,2.65460004831154,NA,NA
71,3.85277337039346,3.03250247119973,0.999943710609745,2.62191726401911,1.29644516461767,0.841415289825294,0.986682597131119,0.646730542410398,0.90588573032117,0.910483202506672,0.996219914991525,0.617315305644181,0.827429494095035,0.911501253264956,0.506879318411462,0.261231734357774,0.647653741829679,0.592932733105961,0.326005843926105,0.617733675554744,0.801703327164869,0.29562797787576,0.778957009316189,0.839829315294395,0.229021135102725,0.080931433437383,5.16290309460083,NA,NA
72,1.32321233861006,1.36174946877149,0.107621085655479,1.35892649157336,0.682255443045021,0.919250121703953,0.362999886843725,0.114306425866089,0.190549669672735,0.43930938122829,0.210851916914806,0.904009626227897,0.541786565489718,0.505132695200038,0.999946450019488,0.948844008550397,0.54056514827197,0.441080299694906,0.948447517545894,0.816297089530388,0.533242202917812,0.669399976808694,0.28362972422759,0.764137139891973,0.825070933804032,0.021730394948698,2.69612258819801,NA,NA
73,0.388350448951913,0.852172083828142,0.983993804320922,0.776751629750442,1.39965674110862,0.467136705650133,0.703324696374475,0.0147253203389701,0.949209945377894,0.116770584910642,0.486969829549198,0.582383088420844,0.493946356289089,0.0500926459907787,0.369287470654934,0.345106828529853,0.686120837108232,0.752800903294235,0.683107192197349,0.730023005082156,0.0193847440751269,0.638647420237306,0.0223738507701783,0.583803292011027,0.246718827669043,-1.96652517354116,3.52002843304205,NA,NA
74,2.52001918437519,1.77028787180975,0.789040795893005,1.86659078735727,1.08749253900383,0.397629678838421,0.562684417714598,0.760568277036655,0.675024607351166,0.762241860814742,0.491907962849131,0.259931205424131,0.526679212113959,0.0651140414448455,0.17169386399677,0.987495353088016,0.524651708272984,0.0612752015943406,0.237655443017371,0.693809475197457,0.696739006436663,0.554690948143834,0.515539721970912,0.780852972112829,0.326024029290187,-0.264855422546261,3.99803699726079,NA,NA
75,2.31680657234212,2.29564583383535,0.0741287636376038,2.31537558642662,0.976121973695988,0.843414310820401,0.31763347346941,0.14121561181068,0.416289586522966,0.015793966934667,0.186674452460138,0.0512026902211364,0.346153811822296,0.990638779338333,0.245579044559854,0.780174069504486,0.55110729200067,0.46023774627049,0.547892550903605,0.0688107030903921,0.0744570915454533,0.30252906472655,0.311736422221758,0.437868695062469,0.91751830596698,0.402211673464328,4.22853949938891,NA,NA
76,0.988043606127006,0.228233462235427,0.919091178226678,-0.537743571386774,1.14132310678159,0.320720016388339,0.618706258969847,0.35701633565221,0.506569030599785,0.627816621022299,0.144047847582842,0.639050288091414,0.841545733441017,0.363738716875436,0.126060144817107,0.300904405610403,0.582805759494077,0.359642380878679,0.00567082397255581,0.30351948829426,0.454383825022611,0.740844747125288,0.406783769202069,0.773677891238709,0.433096193946432,-2.77469575540205,1.6992086126285,NA,NA
77,3.95721713665751,3.93869009842609,0.106231227586141,3.3979273049892,0.791306959321355,0.87512922052911,0.361701257784734,0.569278331273934,0.498323511897819,0.666274204662768,0.759509987451718,0.00935641371761449,0.225216433950933,0.136946395667735,0.518506773608737,0.346010682406486,0.923246065733139,0.466331640058779,0.10195216576301,0.0531132858577184,0.0806505629088497,0.7430529896355,0.731721962990472,0.767847919696476,0.143161730323685,1.84699416400345,4.94886044597496,NA,NA
78,2.15280791475516,2.46384795129005,0.996437574054472,2.17753421491156,1.25681324922324,0.81116087121435,0.779113162790192,0.283579068531632,0.177472519003553,0.869736907850718,0.312851286243182,0.287512781764381,0.882863435845124,0.46669229463581,0.238055328924325,0.650683993776096,0.694951975145028,0.558949690329027,0.958346570928348,0.511654508261592,0.0524225597983459,0.753679009978776,0.967320270545431,0.280160375503125,0.38445389655605,-0.285774488858766,4.64084291868188,NA,NA
79,-1.03425174919898,-0.996209043687235,0.0500804843695768,-0.672985999676124,0.449739886193517,0.067709801005898,0.0311965229612542,0.652691717736772,0.482932331390795,0.123289025386446,0.6717389717201,0.413648534589214,0.812229410588159,0.819239314388018,0.110409681908088,0.532642374950112,0.763712712189066,0.379426824471797,0.511075929749059,0.0759999725578819,0.959455367191229,0.730797250055475,0.939964777312474,0.8825987925753,0.279899349177605,-1.55445997902656,0.208487979674312,NA,NA
80,-0.391700359222655,-0.303649297039473,0.40161840021429,0.256557992689015,0.699289942045377,0.355827354431734,0.473415891004028,0.297043381021242,0.840102502479334,0.330782223197864,0.231350716757122,0.828175597735913,0.640648243842064,0.759068129544379,0.337413083609659,0.417427435541875,0.245341552813654,0.194897739860346,0.890419897738262,0.992616128106834,0.779834619372501,0.358270704249269,0.590966968682478,0.929821403049747,0.921014667418785,-1.11402510847102,1.62714109384905,NA,NA
81,-1.60976629172462,-1.64064470251557,0.0817706199584238,-1.62316121549663,0.473129353069711,0.121761903940933,0.331804736665683,0.63744309209811,0.873987517545582,0.43853377228952,0.888668634982314,0.587113565179403,0.893906426221132,0.387336552407593,0.958499195288168,0.00539547050721012,0.421094444792951,0.571470453976304,0.276251946568256,0.832489178318763,0.525358230999438,0.492919409571099,0.0410863090507919,0.530387437107856,0.927031504320563,-2.550477707542,-0.695844723451265,NA,NA
82,2.773748822469,1.97976256851551,0.999881856284289,2.01765345622039,1.39965674110862,0.062948576077004,0.949609554044786,0.406567834367044,0.0550969542823732,0.215611380189541,0.159866036171559,0.832322342406842,0.72657152664999,0.0181126962623093,0.319844658795279,0.865829140307265,0.369557265618234,0.516847182234749,0.619568274165387,0.474769851499586,0.753826839733752,0.733036228863988,0.28961810711131,0.592577805346926,0.017772599566495,-0.725623347071216,4.760930259512,NA,NA
83,4.05356974284757,3.19943878366744,0.695465293247835,4.19913933205029,0.541941462457139,0.956442577590002,0.537559319073334,0.992231663700542,0.57248595680797,0.136442098460626,0.162744709481369,0.0546268048948841,0.896237211303553,0.627988895818824,0.393096059093019,0.156152374623693,0.299497842420591,0.739137533104629,0.92736128285795,0.0268462778647663,0.416883839259273,0.912195432126871,0.479170100063784,0.627505167510244,0.663625284811482,3.13695358390533,5.26132508019525,NA,NA
84,3.99777734710695,3.89183079916903,0.968227146082957,2.64356037206351,1.29644516461767,0.652058925478254,0.668191626051092,0.931003340063966,0.779999444519635,0.290242713020067,0.205613997768261,0.279286225560703,0.957505853138864,0.090905269352952,0.113988913350506,0.0513598800948821,0.336912782426807,0.255075049503124,0.983890216320637,0.429746355814161,0.67090349196794,0.0831160491952905,0.364995955027989,0.63332005675789,0.488535647332086,0.102574541481786,5.18454620264524,NA,NA
85,-1.45999331257087,-0.414149670094211,0.999582805615246,0.1324592298003,1.39965674110862,0.253106231255806,0.886511287573143,0.498851225888939,0.968833254623343,0.155562095004367,0.213461191893672,0.500858481623116,0.134925271721091,0.88155207612121,0.619588848383981,0.0678634897056036,0.423914195478894,0.743170112241176,0.672644751920831,0.362674364619306,0.741437152081518,0.0698927692217985,0.309449901747284,0.842197235024301,0.80642234222393,-2.61081757349131,2.87573603309191,NA,NA
86,4.94746971641113,3.83854251280633,0.999923266476931,3.20838624031943,1.23263520377092,0.743970037308638,0.971189890395501,0.244277766734711,0.4453296385617,0.100061831879546,0.0161220275013475,0.733841530696489,0.274404073801008,0.408971577553079,0.255503165848437,0.384899258246995,0.827077912282781,0.380886304169195,0.708315034469473,0.540576634661877,0.732387653687154,0.952814809006406,0.173235311442637,0.987062766308081,0.303377570644836,0.792465634852245,5.62430684578662,NA,NA
87,-0.376135345025827,-0.258060881504447,0.0868817972065669,0.399149641401772,0.841958947873837,0.539899032303481,0.339542639505817,0.345191761105321,0.132662749136798,0.171371270412463,0.17034882871178,0.825485744410078,0.0183486049961066,0.85266813147685,0.920764905419433,0.824146040898981,0.361261710795923,0.406643937176326,0.778357152392389,0.873470974453259,0.502186548726517,0.796801057597739,0.751142950587673,0.752821978616528,0.773443216827,-1.25105957289218,2.04935885569573,NA,NA
88,-0.117968629992168,-0.0901855250672816,0.852392941898441,0.106685631521423,1.23263520377092,0.832321262463694,0.584652235511574,0.707490838594735,0.409420552799129,0.172302541750483,0.0542374698144849,0.703312380332965,0.00762418351601809,0.816337741935044,0.507202944091871,0.429541379494709,0.275186957911937,0.588307191108121,0.81425456227886,0.610882193589816,0.649109450712916,0.855512743239757,0.68700390318071,0.629946132919402,0.49207770618645,-2.30923497394577,2.52260623698861,NA,NA
89,3.97197930080135,3.57145810298234,0.677884037095163,2.9814031677569,0.504414225035165,0.815973213503836,0.53337219405768,0.342813211941509,0.277234779727529,0.972357953603845,0.826400194886723,0.343868998380611,0.603434231671621,0.169599961927044,0.634252431534464,0.76968948977266,0.489804231629008,0.234541400254238,0.364270820168778,0.328399810665171,0.600680388001376,0.82111441174394,0.505047132727457,0.0418717665355653,0.0795287437144434,1.9927694533983,3.97003688211551,NA,NA
90,2.13213236795814,2.07819169833766,0.999639427046774,2.08380085065595,1.23263520377092,0.594614363866625,0.893807166900835,0.361351549721905,0.028947902684682,0.199601149200578,0.424889603405143,0.570200161673711,0.639714032016927,0.946676271528355,0.143402266948251,0.492493648150354,0.576904759432073,0.471119810304604,0.0465909522004658,0.200476389416493,0.0496989768156782,0.912929082395742,0.72734391224198,0.077692774483352,0.509291817230522,-0.332119754811235,4.49972145612314,NA,NA
91,0.292966629881886,-0.787087136098461,0.999886222704555,-1.49863778277926,1.08749253900383,0.190456675423309,0.951492725091404,0.537965659914073,0.674187314090901,0.564002268422861,0.142597870109952,0.046712482686271,0.668051013525226,0.566927254857379,0.61669206939463,0.639951374943368,0.131261607284192,0.19628388566873,0.269489756094874,0.171046863253112,0.249474838025053,0.705192781327409,0.306365713884938,0.642460008332389,0.408128212382551,-3.63008399268279,0.632808427124264,NA,NA
92,3.74952177207716,3.85810976589897,0.140635636723215,3.61786725296259,0.423616587202512,0.834340408596792,0.387532723676297,0.724916347148712,0.427016800608835,0.885966621021507,0.33665727617254,0.544684135478805,0.168258217877708,0.417418775853468,0.0134075038314331,0.587156122125569,0.0282853894545697,0.445403983007884,0.00852380718721543,0.526672332530608,0.619550951920217,0.282477420255658,0.822993491709116,0.383990766778472,0.856270288743312,2.78759399879189,4.44814050713328,NA,NA
93,3.01142006439561,3.73957298401412,0.997090570068575,1.50407874865922,1.25681324922324,0.632644539414905,0.789271878270316,0.749275063641951,0.611985180655611,0.90655882135767,0.0434120005018776,0.199849581557326,0.554109412708669,0.123276083551464,0.37746683046245,0.718423614186351,0.391905465380871,0.945300303117605,0.593058747019852,0.602710477358312,0.562826000098372,0.94603617130476,0.0133773805010132,0.40016994711454,0.0937505851483438,-0.9592299551111,3.96738745242954,NA,NA
94,0.256761900725106,1.96752951031136,0.999780264753941,1.4214303750926,1.14132310678159,0.232967693238752,0.918578127095825,0.323974424207583,0.346705267383368,0.990411859124317,0.279044035386178,0.960846841124701,0.237183090970968,0.680368739745929,0.246531519080512,0.856361380751012,0.197595740803634,0.481571710510761,0.581296248991974,0.251944368039723,0.948638622461935,0.470274549391004,0.875056195800425,0.273322173662018,0.304108296950115,-0.815521808922671,3.65838255910787,NA,NA
95,-0.855076157646202,-1.89469401520354,0.999858400357039,-2.32798237911752,1.08749253900383,0.270984758631559,0.940553227020777,0.824752097420977,0.981838758919737,0.911344936791575,0.294128972484963,0.39012379618478,0.999541931887972,0.651969444266753,0.273604562137625,0.606317857771879,0.556885033222381,0.0195925467077177,0.31600160761911,0.719794385337736,0.176708105435129,0.762570959965698,0.130605615294073,0.848621946212254,0.45500387905282,-4.45942858902105,-0.196536169213994,NA,NA
96,1.31218014171859,1.36248590947277,0.999784654601667,1.28586740750514,1.08749253900383,0.405264462363324,0.919587365778047,0.84739463689574,0.701471206333954,0.583476084956666,0.584297341506579,0.225679919635411,0.304603575474117,0.619440800307435,0.677299417507718,0.945194961303496,0.492532298223581,0.957336829565582,0.778981968086562,0.24787826695398,0.437261487678043,0.362616155053023,0.571757483261172,0.186919542113901,0.679666891021654,-0.84557880239839,3.41731361740866,NA,NA
97,2.3208829387825,1.65543079564979,0.997164047623115,1.4630492869716,1.08749253900383,0.0888541414135834,0.790554724537767,0.638935773884528,0.755646771309897,0.874005772604491,0.863931156478589,0.159185942282085,0.842287443842622,0.92188475923927,0.287053496122593,0.195767650379799,0.384773225352052,0.828640332511393,0.48211984275782,0.534352152419975,0.68648523206485,0.227709813030902,0.0498081468803575,0.932291466890136,0.412190583745367,-0.668396922931923,3.59449549687513,NA,NA
98,2.39164583792866,2.16438648955046,0.999078853089403,1.19644947989322,1.23263520377092,0.55460129638901,0.846881381463609,0.78273698994529,0.0541152444990585,0.109808089705301,0.124689112984692,0.690282288903371,0.528701534607215,0.352810821227147,0.659981394140166,0.810389721958549,0.0499366886513308,0.640425113597768,0.146745891580707,0.246821949224337,0.510040234588436,0.214756622503046,0.165272758598556,0.323034609580413,0.333501673978288,-1.21947112557397,3.61237008536041,NA,NA
99,0.472520675934056,0.692145114646826,0.0947135409051973,1.21834904870043,0.749164442126925,0.732191371860914,0.349601248063613,0.249227671522764,0.797885966364876,0.528295857888181,0.377402510926477,0.633201649662689,0.0823320165888872,0.464912864208221,0.0641120654629776,0.269448710840195,0.544978751032148,0.427312218988664,0.651471030948684,0.531403428804595,0.6485324989371,0.274740325927967,0.567419083149987,0.855139076363295,0.705791113957996,-0.249986276366386,2.68668437376724,NA,NA
100,0.405949617306549,1.67335279536126,0.999166862627246,2.87512168135665,1.29644516461767,0.702528953829315,0.851907067512511,0.979247118973406,0.826824387007044,0.621230332399951,0.879317001009826,0.792570944041596,0.592077789484756,0.583851428869995,0.817283499313169,0.882943172052852,0.902688479695236,0.934765326939756,0.807685609181761,0.261377938750549,0.367999943854869,0.902596150293015,0.672237219185918,0.811224099052255,0.984075619700132,0.334135850774925,5.41610751193838,NA,NA
101,-1.25757840805667,0.472641759425225,0.848628384123927,0.409884456776867,1.25681324922324,0.860492244403344,0.583157894531265,0.396512346738484,0.458292976398952,0.944033537672833,0.756529016175773,0.332032136267051,0.492963610354112,0.121200714802719,0.474848911931738,0.38071416955383,0.72974773280113,0.0951336241584504,0.227407054534648,0.594999479039921,0.132335567749804,0.534761872467818,0.729118579730392,0.927193146553356,0.518770751343924,-2.05342424699345,2.87319316054719,NA,NA
102,-0.604383597039019,-0.330234292614434,0.998886051663796,0.201015911554404,1.25681324922324,0.577516232488444,0.837368897789973,0.224561234527268,0.0126762094746809,0.990543162843445,0.248916797838756,0.977013119523879,0.928574697372969,0.930403633211507,0.87980395014328,0.929797420623829,0.654330844189622,0.123673393758829,0.164810109483544,0.985916884136386,0.315422648867476,0.760549176463624,0.486371210063924,0.661875120927696,0.535800241997233,-2.26229279221592,2.66432461532473,NA,NA
103,0.0933787295738899,-0.145153010959214,0.999896613450542,1.24731208534325,1.22125306711407,0.857414460929926,0.956281677935505,0.463296286653494,0.942009528143681,0.774127001504181,0.0722161044159439,0.442853308715276,0.992475641936995,0.716506273963372,0.618290238017798,0.562233000915498,0.940069497030345,0.182546577214845,0.157375908292131,0.641215569207096,0.530260861110408,0.0297531235005008,0.464720537488814,0.130139269833686,0.00581015025579836,-1.1462999422094,3.6409241128959,NA,NA
104,1.88287902522453,0.639186718733042,0.954484945920015,0.846881345058841,1.22125306711407,0.531024808894261,0.649466126551153,0.183003140394576,0.807077986179152,0.339115235606674,0.0801252745079109,0.663204218541621,0.630728227583692,0.215126275763498,0.0612071593623841,0.649622235070798,0.959978716123849,0.846086835751892,0.183750749307103,0.965543158666464,0.128914807948517,0.587946528262226,0.670788594492828,0.12717723265395,0.699101312506245,-1.54673068249381,3.24049337261149,NA,NA
105,0.0895253427033122,-0.268316185698399,0.2988173216516,0.0940790344198452,0.42473022505007,0.67479620739643,0.448197526467731,0.523796662044246,0.369771521899849,0.8298704071393,0.085203093482065,0.0985958250134718,0.263098691336461,0.798815693426644,0.802748606438632,0.308576578844921,0.0373383691838244,0.925203249049489,0.222858519890578,0.751831229948555,0.95075315494847,0.577744801547844,0.950001484224922,0.974188746003667,0.50868511433946,-0.738376909823884,0.926534978663574,NA,NA
106,4.61285651998959,4.05998533749994,0.668938958097377,2.7390157554794,1.29644516461767,0.728379063787172,0.531285193954362,0.606275007148972,0.803337550921482,0.28145653146517,0.0879245628218632,0.504924471744569,0.108892102220445,0.355766869775834,0.602568744758144,0.415392398907337,0.0324932229662081,0.0789737685944419,0.68885374382243,0.0790223973168759,0.64984894878522,0.822125182954012,0.175577656347654,0.969004570716177,0.433956324196304,0.198029924897679,5.28000158606113,NA,NA
107,1.82431787287541,1.83691372201292,0.0500773088492788,1.95783241543184,0.63904173204194,0.234340674659121,0.0291836273092777,0.6113157976988,0.44136936209409,0.874995742949424,0.637291087689693,0.201741480183438,0.350531154704862,0.413240973031498,0.583163214097847,0.671184422497172,0.551897475816892,0.416544014514773,0.58865462372452,0.709070513656596,0.605522923304117,0.857069928595098,0.30168498400331,0.573669692096533,0.106285318338196,0.705333636011539,3.21033119485214,NA,NA
108,-0.917575513782948,-1.58174868061415,0.769833863813868,-0.426665945972525,1.08749253900383,0.314127819187939,0.557010953063495,0.661102242839872,0.571028098434908,0.664227821595734,0.389210005369619,0.217612279422465,0.825327377927373,0.842922585605993,0.2715806747959,0.811690667356364,0.452954565499094,0.932485045404988,0.917521031210665,0.610477018831414,0.902780819475651,0.133023373947595,0.255939165998832,0.949172711980762,0.233734381065238,-2.55811215587605,1.704780263931,NA,NA
109,-0.391835058250151,-0.579147125755888,0.676196035634093,1.37454681773501,1.29644516461767,0.520693014887278,0.532976259680931,0.994404573717969,0.901999620072544,0.777399701185292,0.15149507100333,0.170548183553619,0.973860184400575,0.245445645764237,0.078564771108795,0.0430414268546738,0.15351763754175,0.127590976662701,0.943317335432745,0.011518358491594,0.745499493334792,0.892036156629329,0.617652254985645,0.840067039047484,0.988112843867391,-1.16643901284672,3.91553264831674,NA,NA
110,3.72471078380644,3.38157412033915,0.999955840020443,2.39317054008862,1.25681324922324,0.543349130448769,0.99881759196322,0.776772343759309,0.20525965148001,0.670188780076685,0.296235915545374,0.381183387155063,0.266955515457084,0.665905284545268,0.771536483174423,0.82221586389537,0.852052103546215,0.439597845721524,0.36638972080301,0.265175628076773,0.55837022164138,0.751530641570571,0.71220171448472,0.434750192906009,0.0596177368707722,-0.0701381636816985,4.85647924385894,NA,NA
111,-0.280416563963888,-0.239117464499626,0.0503897043688325,0.856084674530131,0.862732456460147,0.875567584960372,0.110079072937486,0.561293075697031,0.212956433742074,0.157968695415184,0.487921294395928,0.926004216965986,0.300388979076641,0.844917429852765,0.686103291493724,0.896798910026089,0.478299953934154,0.88212253660534,0.447481740539311,0.977880447767209,0.159901018470991,0.838965309874155,0.912087310933042,0.202425283253659,0.144300224993378,-0.834839868425526,2.54700921748579,NA,NA
112,4.3609856112627,4.38801702943296,0.0500675560121652,4.15558169348081,0.703051815144839,0.683259201035369,0.022440545708756,0.422088977632928,0.745875763104763,0.124818176457891,0.0252696849629283,0.0213891237596981,0.529177806085092,0.547504463140969,0.932870525973733,0.105282272393932,0.136445087012136,0.363102194482228,0.549242420544731,0.901719935432658,0.177780789411161,0.313739565594355,0.258633488871506,0.435127952091279,0.107759094746551,2.77762545653142,5.53353793043021,NA,NA
113,0.765465140755717,0.825130032444077,0.0549861307266314,0.770645586548446,0.529423054263515,0.550842222139006,0.23777302998153,0.113434173521004,0.482107867651386,0.293779522588011,0.497068794502062,0.214447007833514,0.120415546730626,0.240545745569281,0.582106676746625,0.986220509306993,0.448597968823276,0.451871358523262,0.952327640966629,0.636953928831848,0.698220947687747,0.753270051493426,0.798642308291746,0.233883642589673,0.481839638744132,-0.267004532393239,1.80829570549013,NA,NA
114,3.67351613230792,3.77951475665434,0.724110424528956,3.52962705969463,0.17577725410099,0.938548271443578,0.544669661765918,0.986037301617558,0.599671403464279,0.487946262920275,0.329512345306575,0.050020845404244,0.482067237737938,0.723734913643217,0.365211416703067,0.575436226301361,0.892835126939463,0.0749018035603222,0.961897620773176,0.880411402682774,0.25181895527977,0.495917509684688,0.0225150634601014,0.379096640584408,0.777837012966978,3.18510997235534,3.87414414703391,NA,NA
115,1.62690742606127,1.69642571857379,0.0580322873672134,1.6936850463636,0.55571472265377,0.0190245535441209,0.261774917072384,0.777949909832329,0.199182564390707,0.0623120004307711,0.204559173743008,0.127231565593509,0.500975568346214,0.288765811819583,0.0565199078156147,0.276587935591,0.287571963141905,0.250434159586555,0.943770787703688,0.655485118404147,0.514593599922257,0.440792010590551,0.0472165029138559,0.774846390722087,0.66203109985101,0.604504204283542,2.78286588844365,NA,NA
116,1.02203728658823,0.373250334452928,0.456247293388102,0.647757401122557,0.972821768333312,0.925802798144519,0.485423375556245,0.447760698508006,0.155660021165852,0.265980730333715,0.934973224716727,0.784419060752727,0.739326355508296,0.320704109597718,0.329388944650185,0.931254325057846,0.926135618360364,0.43193101099052,0.90561954960716,0.0781630591581343,0.730665747333784,0.484644473390537,0.930776810286101,0.235780954146641,0.137244060287485,-1.2589382281873,2.55445303043242,NA,NA
117,-0.443880842520054,1.1447646948311,0.998784681789989,0.790308312073059,1.39965674110862,0.306572304222616,0.833008796977112,0.70211409210728,0.0982873741452349,0.156017698368989,0.326872269995743,0.639951774313464,0.845084647431853,0.891963901112205,0.979440753727802,0.214077149515506,0.343558298680116,0.599755937973037,0.729555965353153,0.879781111001386,0.174171705865068,0.839669644254493,0.374742193554412,0.258731586115086,0.981350906409789,-1.95296849121855,3.53358511536466,NA,NA
118,-1.55921627047914,-0.582772360961972,0.999685054333748,-0.0173110730790811,1.39965674110862,0.478988155246712,0.900574277549982,0.671841151368222,0.90949526771286,0.450270954349544,0.605548192417715,0.909006274780259,0.585801155714784,0.987081616297364,0.0348650143409613,0.496834577698261,0.21640988280857,0.802070832854602,0.832351073540281,0.743625805000658,0.247196998242871,0.229955614222796,0.660982052471023,0.977924140509451,0.138984528015484,-2.76058787637069,2.72596573021252,NA,NA
119,-0.719365480309643,-0.784761166846539,0.0556145571218921,-1.60142185047303,0.51700110328822,0.289793177268351,0.24374141600146,0.160200362812728,0.342435801992891,0.275997594628832,0.448396982055041,0.34453992203332,0.0742345972496551,0.724101627723547,0.269817475490272,0.73076489113993,0.815266571748885,0.0592651557003846,0.39558594050142,0.363133072595694,0.718269461985677,0.278804585934849,0.0277632247607689,0.313882067315164,0.572025553900166,-2.61472539288542,-0.58811830806065,NA,NA
120,-0.300749673199151,0.108070113670052,0.251665520815571,0.607820665971704,0.83637532365485,0.585250112398644,0.434438022236456,0.455502735708258,0.628130952275475,0.297632182051311,0.420740410697181,0.773550547521794,0.456064329763525,0.993738693660824,0.748617519143387,0.756941654250259,0.0118159409544896,0.413853566668811,0.925081583541003,0.355022291758331,0.231166863340302,0.715851609697216,0.0259136715525528,0.427527685855632,0.0100326602661517,-1.03144484594983,2.24708617789324,NA,NA
121,-3.0363376726878,-1.31800843346521,0.999594475001681,-0.987011294281708,1.39965674110862,0.0989793739330489,0.887930389211629,0.847971432507969,0.077347096939804,0.0630078515196219,0.571933577758842,0.753382066448801,0.0379631604925962,0.334864011043915,0.158243874275824,0.71916816184367,0.135772958693909,0.159130118996953,0.408410007494036,0.687970600099536,0.680715029666899,0.488412026951672,0.520815832969965,0.0351437673941255,0.719583926818217,-3.73028809757331,1.7562655090099,NA,NA
122,-1.54351482344333,-1.52649188094537,0.0500541113009022,-1.4208716671013,0.55571472265377,0.21051209415542,0.0113441375241382,0.474851564708864,0.347379759601667,0.469336128685274,0.920088419596897,0.829164243212435,0.402221768379095,0.343030601005536,0.419239221332478,0.522135346311494,0.493646262321039,0.838913056536578,0.805542702997336,0.525761004303931,0.894522418473498,0.239248680865159,0.858753785818815,0.595565802329453,0.0333974986888934,-2.51005250918135,-0.331690825021246,NA,NA
123,3.24890179820356,3.56039963394087,0.873789829566,3.3711903821685,1.29644516461767,0.59952371015551,0.593798344974988,0.899554770457093,0.824489462025929,0.0390562452002196,0.677716528260964,0.308279101027525,0.299427017483627,0.00236039808695205,0.887721023220452,0.687798317395151,0.290380135987303,0.701363074839115,0.430273353481898,0.155366363433306,0.721747187705478,0.690669236525195,0.150855505187646,0.243399632261135,0.367392355898861,0.83020455158677,5.91217621275022,NA,NA
124,2.96956815691504,2.93802490096977,0.0504443427261537,3.41531496991874,0.717227191506143,0.810117365197861,0.116642337272293,0.256309607548756,0.684222700515646,0.780213046574732,0.782516582957585,0.453262659547618,0.821355966547853,0.973362852941616,0.511349972611293,0.971867788772681,0.888086403729394,0.928364598431159,0.682583139286959,0.89408871082624,0.678874480655533,0.177636270557647,0.449136511291843,0.644771242703428,0.379883360562031,2.00957550583388,4.82105443400359,NA,NA
125,-0.111928234400863,0.514954715646172,0.999776015050771,0.970563958284912,1.22125306711407,0.870731941539911,0.917620130174444,0.134420880394056,0.769284095317009,0.812071636347449,0.114590466766385,0.631580588716781,0.536976722490741,0.848276528229122,0.0751003039929783,0.991910483040265,0.231951123492094,0.263679385426803,0.195037320090807,0.521928751435946,0.78401045758801,0.511955674806843,0.830005581991631,0.951158490237198,0.720116153802257,-1.42304806926774,3.36417598583756,NA,NA
126,0.886439814008478,0.538084047528865,0.996671979024326,2.20217715845223,1.22125306711407,0.957119956760434,0.782528741419548,0.0369399830690818,0.976565144436317,0.371019678303506,0.946229870798299,0.929043677956681,0.363605354589643,0.436898377476493,0.358536860320484,0.940980116958963,0.877197887221118,0.742567794854636,0.902758572289138,0.572124867518898,0.957286249627825,0.788564175886801,0.769428174272762,0.163206265432877,0.859615507461014,-0.191434869100419,4.59578918600488,NA,NA
127,-1.69297439288374,0.424765576226406,0.960964413439926,0.520222738832288,1.39965674110862,0.281609812034178,0.657501506366883,0.887910115507897,0.173988791851094,0.492778332873131,0.255162926224992,0.166425198556506,0.591351080622873,0.295497793944785,0.561199338327628,0.176840010814252,0.873562046705163,0.945721177120111,0.982552784084692,0.882246853508521,0.464058897747542,0.321163977382705,0.249529224915663,0.964503694043262,0.287880724259885,-2.22305406445932,3.26349954212389,NA,NA
128,1.17663402264617,2.04099159699577,0.796761491677223,0.849673595618859,1.14132310678159,0.177131587561569,0.565068281934364,0.711297003773507,0.333567964581773,0.74918512371392,0.620177586438833,0.845842911883374,0.256959973442485,0.479402697209618,0.210050046568969,0.705295522601809,0.659698751061922,0.100906897560344,0.318438349523232,0.481446766875335,0.920604082948412,0.397309651446994,0.0563667288087308,0.297482087402954,0.625301688085659,-1.38727858839641,3.08662577963413,NA,NA
129,3.33341919357657,2.31413568924908,0.989638782881641,2.1623633370146,1.08749253900383,0.493301032187534,0.725371290774201,0.0604135475789662,0.955285169507726,0.937356587549322,0.730329031476402,0.30875657751516,0.147068408990744,0.189339657930308,0.866031182930572,0.452137743457337,0.586805061680265,0.249618637279607,0.703132453940925,0.754695646639797,0.83064859315264,0.809409759448958,0.555486081927433,0.0155821998858592,0.00510192695294972,0.0309171271110689,4.29380954691812,NA,NA
130,-1.5712543865714,-1.66531736027281,0.0505363075327108,-1.692075414405,0.816371123959963,0.281339591858094,0.12605275908357,0.396036718694842,0.734865183933172,0.0152325963221956,0.901776226632064,0.258515758650959,0.441764374463353,0.959781799177057,0.902929977598717,0.545359047664562,0.51678183507116,0.513905165480333,0.234549845814472,0.194616601530346,0.724824202816351,0.436315509154811,0.499614147974877,0.752285786037799,0.497769154369365,-3.29213341538501,-0.0920174134249854,NA,NA
131,0.776832143553187,0.620301855668201,0.136579300960819,0.518296853645239,0.443456505364484,0.771421466280124,0.385007935568341,0.100938599774963,0.000339287229115143,0.974012381454231,0.462234032107401,0.283068193600746,0.73980010928202,0.244979470430175,0.427229094333714,0.377763202008442,0.939908247458283,0.0617999201128259,0.2936139270782,0.424496971730492,0.197173679269152,0.200040396338329,0.136422936554882,0.276362705604639,0.756382928566192,-0.350861925579142,1.38745563286962,NA,NA
132,-1.21962472172659,0.996943913891365,0.998625644224053,1.02561170438126,1.22125306711407,0.609885750201182,0.826851457604789,0.236183273506933,0.966880039753742,0.695952038607211,0.603982811750146,0.907208573621465,0.767656359128305,0.0963194671710953,0.562378579046577,0.253576299779466,0.174837136488175,0.161231361301732,0.108630883964594,0.433037066147663,0.677036627866677,0.544639713548822,0.439586792494985,0.569904699813575,0.245737616381375,-1.36800032317139,3.41922373193391,NA,NA
133,1.35470884642968,1.38078326789837,0.0516926057062787,1.93333438548607,0.351197092980186,0.47217632309522,0.18357952371391,0.205906866212259,0.7685852309115,0.952124632587656,0.521656407944392,0.579977474830928,0.910573127455544,0.959279323600931,0.571758744254475,0.0226068084465805,0.470033447111025,0.650842158781481,0.467335950631066,0.0550160965239629,0.00818466788495425,0.942886941212928,0.874217425288749,0.710515566033311,0.375554878868279,1.24500073176974,2.6216680392024,NA,NA
134,1.4384932331128,-0.0724224580085114,0.997687592600556,-1.20711641030384,1.39965674110862,0.304305755713372,0.800786787907709,0.179507613761933,0.817874277093448,0.334895853628055,0.924178801378352,0.415613303822931,0.937269005346228,0.93141073682555,0.684615826931782,0.0779909931324655,0.653534351047594,0.299974937442224,0.319114398164558,0.0538186819443945,0.650590339738061,0.600401384714292,0.243596774789272,0.35744427665195,0.108378784519969,-3.95039321359545,1.53616039298776,NA,NA
135,-2.05692952629325,0.559394078109553,0.985811583303362,1.341618632506,1.23263520377092,0.647173671005643,0.709449412509566,0.0577039416888729,0.208686793308123,0.114932100749458,0.0901004754679743,0.818328780821408,0.320575204316061,0.966968611857854,0.03438802562817,0.873232382188202,0.209097644161549,0.594031454918557,0.170146946951514,0.520912733266014,0.264849618123379,0.0757752430415712,0.0894143075399334,0.739489356970065,0.498594127022428,-1.07430197296118,3.75753923797319,NA,NA
136,2.46238466924246,1.1262319383197,0.999549818948215,0.222183570527298,1.22125306711407,0.516410441902932,0.882704671866144,0.468497123184148,0.759929714160506,0.927176250740536,0.0072005665616598,0.00569528313924093,0.687239023859962,0.350009758580127,0.863253792642383,0.35693326909747,0.18578459066106,0.0481565813764464,0.81151153989695,0.0247224916756386,0.639180589212454,0.260628006381448,0.413659873280674,0.151065147511894,0.948946472900803,-2.17142845702535,2.61579559807995,NA,NA
137,2.17503707838142,1.55632495084787,0.968469066695712,2.3769533611542,1.25681324922324,0.911504253250197,0.668586957619293,0.934315408253577,0.532164075390436,0.825148495586123,0.440713460326195,0.143942588891485,0.982500676087569,0.741599479048513,0.913623733947403,0.711495302025578,0.73555218552053,0.448692033620551,0.878611956974026,0.657705266520847,0.556301082464866,0.151226577163558,0.725952401010436,0.650557711560861,0.717291114299675,-0.086355342616121,4.84026206492452,NA,NA
138,3.11647384455892,3.1130230406973,0.050266594029123,3.27690417864868,0.585677095453349,0.604600615023635,0.0910895206102869,0.987260802526958,0.688935187522788,0.63291388819064,0.0260664070150815,0.179404744088184,0.27568291346007,0.714888275736594,0.855523226366146,0.619885446752538,0.608116829913924,0.932658501555678,0.512089151800144,0.308269312162534,0.782361534750555,0.428528106869315,0.909529921474983,0.583307999071083,0.875412748916191,2.12899816499009,4.42481019230727,NA,NA
139,0.688912351648303,1.08941035649237,0.681142721207898,0.709796075050579,0.456786674230267,0.296622705525486,0.534139420939027,0.149593356888858,0.565513802082511,0.244788711340865,0.919804976671468,0.440815944686416,0.630216481267475,0.202962602841435,0.0221056383461691,0.465568973539164,0.0741448043959681,0.407433018733631,0.379235268919379,0.262586073158891,0.854276645184029,0.00289110327756498,0.959576211609296,0.978963830912369,0.538988965063123,-0.185489355058574,1.60508150515973,NA,NA
140,2.36886879593239,1.80069514298285,0.998944652934123,1.42418207649083,1.23263520377092,0.767750556211919,0.840074039511266,0.499856540668989,0.071188894723542,0.189337388829445,0.419021442521014,0.394162304675556,0.0712153031493071,0.353859689737787,0.269207214028575,0.936072520941147,0.130301467550918,0.898037716418738,0.332940864910372,0.505825630093343,0.0893553928908659,0.951916979789035,0.700454119937378,0.914913400743157,0.106513459029375,-0.99173852897636,3.84010268195802,NA,NA
141,2.877116606777,3.21903202058384,0.760486751345482,2.84429757510897,1.07958489405795,0.685885240612784,0.554367078356212,0.0972538710143417,0.243237630469725,0.473546538368799,0.96470274950075,0.61340183787758,0.0249015820823843,0.118870221303659,0.27953046493663,0.887240580765996,0.578969839844853,0.366838376441505,0.504311112976517,0.344576524539851,0.759559664143482,0.326577693778672,0.563459806730971,0.830536930643138,0.281271216057707,0.72835006450189,4.96024508571604,NA,NA
142,-0.770675941554716,0.0534400200196161,0.768231224686224,0.62175846803875,1.23263520377092,0.800812018567813,0.556552567030769,0.421990573084448,0.137695619576029,0.195913968800218,0.813436357800499,0.979458716884954,0.168674819875858,0.766166536217788,0.464083329326007,0.935603211566107,0.0402424155166373,0.976084411156829,0.206217861479614,0.496254826861899,0.80065731366002,0.169992064988241,0.935814573621959,0.160795860950369,0.0608340422359761,-1.79416213742844,3.03767907350594,NA,NA
143,0.599579329243239,0.631270389116792,0.16878609148167,0.757713979623539,0.686071649017883,0.00907489126909058,0.402721857615048,0.272778822629247,0.685186454112758,0.179917935918085,0.627757866241154,0.517809704424348,0.323020856751362,0.219097280359478,0.160457484589657,0.183759381964803,0.724781200743048,0.474451379070757,0.653994396054186,0.482886969256797,0.787118056461448,0.0239793644621968,0.801562694532564,0.326939298547688,0.852330016250606,-0.586961743265516,2.10238970251259,NA,NA
144,2.11176636688553,2.06513488359612,0.0540363438097737,1.52902690810275,0.502646347146875,0.420836150990101,0.227156756736222,0.860167576379841,0.538474699686514,0.554901662925957,0.307303466135054,0.472652719515958,0.296413219251321,0.337171833821922,0.927409771051724,0.74678568088531,0.35549439799448,0.19218984454975,0.728592063503107,0.0473160435237223,0.739248114390532,0.476436297128443,0.210799893663032,0.106806229408947,0.368892365815002,0.543858170734262,2.51419564547124,NA,NA
145,1.01476088206012,1.04510889752819,0.0522137555036536,1.41299039788009,0.542682743900926,0.00426473340159282,0.197028069994645,0.742330360894091,0.0646109105109936,0.597101003530785,0.0670993598622736,0.300366948878509,0.726055678816862,0.443823780279374,0.296692233912996,0.737247778885998,0.279060609190725,0.557674982921919,0.414815331244143,0.706162944978685,0.186480037841364,0.209150207730941,0.55425588470907,0.737724240856944,0.683129890274955,0.3493517648029,2.47662903095728,NA,NA
146,1.69227181946453,1.25096325239698,0.954726481149573,1.47122147527231,1.39965674110862,0.370592440720764,0.649745518926182,0.941850766395102,0.459646936355391,0.396610743265948,0.958707218025229,0.741635274915956,0.248865412833518,0.65916124486085,0.772496570083662,0.543064428996528,0.448312543519191,0.745007396806031,0.53626701403351,0.305929249321576,0.999833140358911,0.865650402250351,0.969679601631942,0.594599375240388,0.129327032248257,-1.2720553280193,4.21449827856391,NA,NA
147,3.12560738390029,2.54557412466845,0.947736953876876,0.932074349357187,1.39965674110862,0.410399817392114,0.64217937773664,0.727991574765416,0.285427962737856,0.0977819023556076,0.0855698374359636,0.162266784620471,0.40304220172402,0.266953946364112,0.224598621601239,0.150246259612497,0.399674351608614,0.779928822522634,0.100929555964307,0.120869349134271,0.620200213703793,0.904719440326677,0.510533548591658,0.865487057797494,0.212894024436479,-1.81120245393442,3.67535115264879,NA,NA
148,0.698169651347408,0.651565326723803,0.213720659904084,1.38681378628296,0.742628343479046,0.905188576345681,0.421542477924377,0.948102460763068,0.107354085189523,0.515039785877685,0.526926300306572,0.772299824084621,0.269469766602269,0.348696519659832,0.546095986295841,0.0458279551098822,0.605830736742471,0.871153656319482,0.163093509538914,0.453141946596792,0.798001039026771,0.275962612713454,0.876507795670535,0.0735485011459095,0.272251958126668,-0.0687110208346116,2.84233859340053,NA,NA
149,-0.258160664961331,-0.230680008374655,0.0501414105914793,-0.703193110806517,0.51700110328822,0.123137622000533,0.0593799627897097,0.96100899554207,0.341606843517046,0.0812499441235559,0.780315474151284,0.417484368192265,0.179565209518187,0.951001772077638,0.0570365053922869,0.0454541880809702,0.922099804686615,0.387667563320487,0.478750761587638,0.664024447641335,0.16539389496902,0.816979567922535,0.488033562402357,0.182448017444345,0.306438346301205,-1.7164966532189,0.310110431605866,NA,NA
150,2.51931596481769,2.48689958656877,0.0505961342063013,2.76004538191787,0.857312554482199,0.591776254030177,0.131343813157757,0.255817856940906,0.818486660580616,0.595953290353529,0.982201309778844,0.873688217483694,0.83381352404505,0.146073992229067,0.294868893760256,0.959386145604541,0.118194967873744,0.391129876999767,0.847619933938608,0.260947419862496,0.992563619523076,0.563223657512688,0.0730098357530078,0.141138656933792,0.643337631158181,1.07974365163873,4.44034711219701,NA,NA
151,-2.55810914487189,-1.01936262755862,0.981391104995872,-1.55815835675239,1.39965674110862,0.131304102359805,0.695651979396236,0.0103370437535923,0.353741763205733,0.232458040452097,0.0591462202386465,0.408074118139688,0.925894346773508,0.221755086518358,0.169955984085216,0.298792413066723,0.0948878710836871,0.389145349752158,0.274126429508091,0.519077589171939,0.0365407783966511,0.31453701820632,0.608019446320483,0.97574116970913,0.719496447532089,-4.30143516004399,1.18511844653922,NA,NA
152,-1.70592086299318,-1.68888717114541,0.69798353750234,-1.70993910608901,0.456786674230267,0.068165871311212,0.538169188173488,0.0720247252339032,0.939451188679319,0.329190610237769,0.936130322151934,0.890348341302015,0.18884473504778,0.29274026696966,0.349301986133796,0.494385542174103,0.398168706062017,0.990143061049865,0.143338856520131,0.891518922868068,0.487089624353684,0.145186747469124,0.933170420883806,0.413016811964219,0.590465340580558,-2.60522453619817,-0.81465367597986,NA,NA
153,-0.165360167073543,-0.103300535579217,0.0802736697268159,-0.338627685079195,1.06452278953078,0.109106837019091,0.329310109505896,0.335778873406001,0.99084051645454,0.139661747309845,0.73406187821622,0.378964386750944,0.608018916507019,0.0853420848397072,0.313849162444822,0.101123192031635,0.955044376380742,0.209963625256089,0.721973043925827,0.833699384269188,0.223526277629542,0.177359392630518,0.24268648777355,0.452778147998033,0.0195356366173364,-2.42505401328163,1.74779864312324,NA,NA
154,3.92549945597815,3.7830131068898,0.973185908414344,3.12072395695848,1.23263520377092,0.993560495337471,0.676945153851178,0.0298630732708843,0.38363645894127,0.314678256142884,0.796788870684337,0.118611799430102,0.503078331402736,0.976777000063681,0.95926060282439,0.359263214094448,0.663622886991245,0.115321673879051,0.00403302190965042,0.931416013358394,0.645040712541086,0.86697652264603,0.209586580340518,0.404267342937063,0.864685717446264,0.704803351491296,5.53664456242567,NA,NA
155,3.72373650900996,3.23405177931659,0.982189686401317,3.08454299722575,1.23263520377092,0.930457584456657,0.697887930750032,0.0657270971058169,0.617206166379852,0.0465876079503214,0.421305332015734,0.0454221317305928,0.00921840317628812,0.468494378481177,0.96504570107616,0.29750384299783,0.128473163824878,0.292208524968708,0.480248325805529,0.753505876178737,0.481462674969458,0.328209621357033,0.536597870749305,0.563203169886139,0.321506377362646,0.668622391758561,5.50046360269294,NA,NA
156,0.801905866392404,0.704154304103072,0.0727778812432612,0.659809261546681,0.502646347146875,0.428382721378352,0.314679839850287,0.932926436346141,0.349153800093103,0.633997217681259,0.31732980428671,0.483026809949544,0.792980334657477,0.0609294812722364,0.591939361457014,0.813717233654461,0.715423500031582,0.857864221080788,0.82645654248388,0.0592224950897507,0.532085121161304,0.703729194065672,0.164234500527848,0.340319259585347,0.439110351155046,-0.32535947582181,1.64497799891517,NA,NA
157,-1.77954033497225,-1.76708974745769,0.0521111407537828,-1.45086521996299,0.55571472265377,0.248366910707438,0.194649559234851,0.118480420684209,0.370487442692975,0.198767639658763,0.340040454751113,0.923727920863079,0.936320775133674,0.201516264473437,0.704669259933056,0.63004135048599,0.574313715300057,0.156917933893623,0.719849965954665,0.837825850937632,0.836156077591935,0.361144793397631,0.0145517691067653,0.654088205999578,0.404440122190979,-2.54004606204304,-0.361684377882936,NA,NA
158,1.88693025869191,1.969855478524,0.050775830809872,1.93701287131148,0.388045876294379,0.0269827825634275,0.144526710099075,0.54336811092007,0.030242033691844,0.633331709421705,0.967590815234347,0.802560927272774,0.181341052645468,0.303916835345328,0.402585365356645,0.869442342315684,0.351913011936471,0.65259571391379,0.0403898188554449,0.65160225828609,0.982716554578743,0.677425883468008,0.465024143850897,0.348178735947469,0.240596195350401,1.17645692942521,2.69756881319775,NA,NA
159,0.672754419363465,0.0155846129192835,0.994296056134725,1.13701203005199,1.25681324922324,0.631954345577746,0.755464094699593,0.161776765563525,0.41153472217673,0.847963980576256,0.593362126559135,0.564573563663173,0.847776052274043,0.926494094380178,0.144104758138536,0.782834180355654,0.626520431220415,0.18383723120112,0.0861813159952872,0.791681802370935,0.0374665767586557,0.172978645426221,0.435365296673961,0.992698679356836,0.628329621547367,-1.32629667371833,3.60032073382231,NA,NA
160,1.96764687028144,1.93047232675158,0.052660311276198,1.90955207053118,0.388045876294379,0.164908656593529,0.206239270419581,0.758883757758071,0.129405031463946,0.620182149393251,0.673497262245044,0.167960626726504,0.429093529023463,0.298817311845021,0.872400958534563,0.22494373003114,0.0778342265195679,0.718588815819821,0.883409558117506,0.280110408895882,0.070027556822286,0.462898551967577,0.0879543240312487,0.484277087188093,0.124918998986715,1.14899612864492,2.67010801241745,NA,NA
161,-0.219232005311817,0.132862333122628,0.181254953561087,-0.233831532228697,0.85435310721902,0.557344393911422,0.408468445269857,0.837094417000422,0.613014920780668,0.552104512821999,0.135358851331868,0.815656693531782,0.973252957804827,0.888343043906381,0.830178124115337,0.485991743319202,0.601643702532863,0.24213337208482,0.466882533430704,0.373802356905304,0.14940934991464,0.50743136262754,0.160322980393656,0.868847871641396,0.349631172245136,-1.90833285245786,1.44066978800047,NA,NA
162,1.53488154329222,0.944746260123273,0.955943733602639,1.77936470239651,1.07958489405795,0.681870817813091,0.651175480059581,0.170166700627189,0.417815105176065,0.550190974872909,0.769003447951865,0.551468742916826,0.990308665057644,0.929975248917355,0.261014387932257,0.928839431136963,0.364905441978597,0.663723533399287,0.395458508348092,0.735675613368512,0.55350889199134,0.808924590405659,0.890436649238807,0.421329024752951,0.656676662301412,-0.33658280821057,3.89531221300358,NA,NA
163,-0.329859919568686,-0.262535177324516,0.851101999726815,1.31240780790539,1.29644516461767,0.694101788633503,0.584136338492157,0.99845627266285,0.853861142893322,0.000333090164815076,0.278817251492525,0.939179614929366,0.894640838085907,0.922732207503519,0.821563375576166,0.935060374699649,0.171208439429407,0.65498728937644,0.297954290992464,0.232509785194765,0.246323886909406,0.281412027596147,0.612853438934777,0.897274662821554,0.350273946321919,-1.22857802267633,3.85339363848712,NA,NA
164,-0.413974652401633,0.344680985527485,0.891744189180188,1.41665779112308,0.786490261967677,0.119888528516865,0.602548955484293,0.0997516891568666,0.00579946569621097,0.780919521444943,0.0342131014019251,0.244802529636305,0.0476736641143216,0.545912695316714,0.0807724559718044,0.972629328198847,0.834135004918673,0.141545857424033,0.842728777591838,0.972646115431213,0.782846956006717,0.635366980549647,0.722143125803675,0.642682630422642,0.783568213300314,-0.12483479652504,2.9581503787712,NA,NA
165,0.0274050854406444,-0.0220198547487304,0.0608370876872892,0.00184309577977948,0.717660903156212,0.81798318449629,0.276899266834022,0.31900313025061,0.756615807716851,0.320748618149199,0.615037525238935,0.903708572738222,0.729516765797278,0.790429321541451,0.0426188514501555,0.0692218880589353,0.548777242415701,0.0924201715481468,0.592388417646405,0.829622340603033,0.596244263938046,0.706964299792657,0.538155619774712,0.666690936445957,0.0206497179832077,-1.40474642751888,1.40843261907844,NA,NA
166,0.786988430399051,0.688225045370179,0.105083203548402,1.56326196629767,0.49470772714288,0.522215911539737,0.360605704240501,0.0708111316723516,0.60501410400751,0.912985518739326,0.817905993611785,0.441945232010097,0.426997306647711,0.590856187592377,0.102221169954166,0.658603820480523,0.657366791897104,0.891469066814054,0.417929605619982,0.46809033853712,0.423863269205322,0.237319514535135,0.145315776206437,0.269959263772587,0.68124463185505,0.593652638223963,2.53287129437139,NA,NA
167,3.64845144100453,2.07731087217352,0.999861348281504,3.3380444905198,1.23263520377092,0.784862774114939,0.941605306863668,0.634333339556353,0.0659337127144681,0.323438265606761,0.674928423825302,0.548324997165473,0.821896398167824,0.324090573749854,0.98853083090228,0.990281604312127,0.709900933494093,0.448470138845034,0.945738500065054,0.391103793762624,0.941273374698008,0.339925316564506,0.895025730252615,0.871873025991721,0.148380870167864,0.922123885052608,5.75396509598699,NA,NA
168,-1.21210294443768,-1.34735674131904,0.0973051257825139,-1.04365263747954,0.166136453979154,0.0206894233429339,0.352561703155632,0.603190622783615,0.515696028657723,0.704926436289796,0.707872997419443,0.447117442534887,0.325309852198348,0.660751969494158,0.100081749179401,0.327008369833115,0.387219813288422,0.962715261920239,0.0127151559599442,0.927399103118223,0.212703078245977,0.963302351730643,0.0509565629003337,0.63829853194335,0.789646174917812,-1.36927410379788,-0.718031171161202,NA,NA
169,0.645074108226043,0.594703067691075,0.0511062111690387,0.0103836171923142,0.750538412061057,0.991898698730278,0.162282197099179,0.324851264849887,0.0620240465798415,0.47204521352693,0.318848189394805,0.549086851082509,0.119558551712078,0.437004912176169,0.601168709586258,0.188460127617,0.505815877715359,0.820663530377205,0.927757628488587,0.193640065123444,0.181267261332367,0.0407118534853216,0.783636535309837,0.192985568465432,0.360435179231223,-1.46064463946124,1.48141187384587,NA,NA
170,1.81254057120123,1.77512506080554,0.050899600167943,1.55827428629474,0.585677095453349,0.835987053928897,0.151934026968898,0.744107302458724,0.761802265344886,0.00552675502363127,0.531350480988505,0.809820672484231,0.836054245638894,0.0780880954528693,0.559931036231224,0.430172200081288,0.36024108580465,0.941094565572683,0.306971775949118,0.16111234143062,0.98408578612213,0.757434917698032,0.524850928205182,0.726184978876496,0.476651808210998,0.410368272636152,2.70618029995333,NA,NA
171,0.479602111174722,0.936583222905235,0.859072705232528,2.06458532120178,1.29644516461767,0.748847374247038,0.587382233303739,0.689287648445228,0.912626043494442,0.723627090719063,0.653475104032666,0.889223222446861,0.949893798298202,0.0496255359556526,0.570382731143036,0.0951032557794824,0.136670627324609,0.961868766826927,0.402609852820053,0.525002548480406,0.31899864076206,0.692228447750676,0.575646489456529,0.046211159150349,0.635167689619702,-0.476400509379949,4.6055711517835,NA,NA
172,-1.68141864951211,-0.155245140395534,0.998366571215474,0.570050988217052,1.39965674110862,0.255939310021582,0.818202987588244,0.0661466596148675,0.568327333213761,0.488380573693779,0.731600044895662,0.617568511194549,0.180932815162698,0.813352147979545,0.630429674134939,0.998993893019506,0.844024473981,0.889759102517972,0.10462255312549,0.789071788708796,0.0778959869737737,0.623532081649289,0.170868961817585,0.476358816670952,0.0907827345213154,-2.17322581507455,3.31332779150866,NA,NA
173,-0.691236200749702,1.26435165829398,0.986840232599254,0.996100713666311,1.39965674110862,0.125317544789985,0.713267425358761,0.0234837374374038,0.121540491058142,0.445632828302914,0.0694648451367393,0.567306220250437,0.876069339819253,0.26605009949964,0.904251039797091,0.111109300272074,0.732520743190078,0.592115142367082,0.567182964346372,0.700401497417362,0.37172467814968,0.719853474023286,0.862775233095745,0.513423793692142,0.485432616690523,-1.74717608962529,3.73937751695792,NA,NA
174,0.743234034500789,1.01900555192064,0.999464802856753,1.02529575785038,1.13762285108336,0.188323548008688,0.874050928417128,0.743773064532434,0.4886354824265,0.909502453085152,0.259829664832214,0.469309997712146,0.35498568236758,0.948349186658626,0.931740102988551,0.661814648535219,0.23031646502146,0.023825910474523,0.0596248401496559,0.60743519335927,0.531756995321834,0.830034684689948,0.943637954674661,0.736808757946361,0.792853725945926,-1.20440405826278,3.25499557396354,NA,NA
175,2.69267210304355,2.13232628018036,0.356642588206019,1.47602845497163,0.844771598305824,0.377568560064537,0.462949122069171,0.40702820272278,0.509681982796756,0.438205762589816,0.0726714910939336,0.622993399795261,0.499761913400842,0.216803237742279,0.033670068177511,0.190491709629307,0.904825699382112,0.0381803372115828,0.951128414892126,0.741184637591941,0.31296390010789,0.834009583760984,0.75196784558997,0.528894399967859,0.372035506719723,-0.179693452870125,3.13175036281338,NA,NA
176,2.47416036217726,2.82239517476923,0.999633763719062,3.37754806135724,1.29644516461767,0.528846693231724,0.893027648796677,0.936234291848843,0.646108165483805,0.115226414195378,0.651599128675647,0.414545385134174,0.947680556236999,0.601245202717953,0.617875103048864,0.864957947080256,0.0330043505851645,0.949913226159988,0.360624801391736,0.68473636398348,0.519244364766404,0.771645181195927,0.519808778402046,0.325840089235455,0.942615625836188,0.836562230775516,5.91853389193897,NA,NA
177,0.737535894613329,0.777976649019714,0.0504545396768229,0.649344336629593,0.166136453979154,0.311821172214928,0.117777326064417,0.154400544571923,0.653174568887218,0.563412862560479,0.293239770183922,0.703562890647794,0.436400640875683,0.682596726453514,0.966009634645423,0.486622841778793,0.2089489668475,0.924076246557408,0.254429463914596,0.441413650868461,0.2197540935867,0.987106422913144,0.0350336604348849,0.531357847132254,0.601086186781758,0.323722870311255,0.974965802947931,NA,NA
178,-0.970408567731353,-1.02046640514742,0.0560711531690974,-1.28566534101659,0.51700110328822,0.275693133192486,0.247674888813868,0.511508894479135,0.23272667074739,0.479014495169395,0.273277390245581,0.680898991550319,0.111500466445461,0.822223670293693,0.675351310274447,0.0336279644358438,0.657975943916128,0.102755659834598,0.977899313429371,0.00953546628460754,0.512741838700138,0.329503580073477,0.945010518395691,0.223622708331328,0.0919306167656323,-2.29896888342897,-0.272361798604204,NA,NA
179,0.905702203075183,0.905055676837353,0.183918865426504,0.893484613889766,0.51700110328822,0.233694083790411,0.409636017751764,0.905561382854357,0.230733332384611,0.459784811094752,0.197163930284441,0.25631155937328,0.0566080302129267,0.421082941390807,0.856016333242296,0.0122639701538719,0.748199702859507,0.983789839958539,0.867095676580793,0.689846586504718,0.604231649483088,0.588158983342932,0.88209989307553,0.577653148945305,0.00731075385573786,-0.119818928522618,1.90678815630215,NA,NA
180,-0.0831315541506128,-0.134390518645398,0.0556485478505932,0.179620868323316,0.473129353069711,0.467519818147994,0.244045004833257,0.563449920182466,0.997249023784185,0.436741529281368,0.205168635748327,0.612031534664566,0.268458553259261,0.629324934098637,0.407336928871693,0.843739886998315,0.460668529424584,0.0755179139414104,0.417171295974287,0.221648665578919,0.610099841386778,0.674867414057953,0.356512929352815,0.294898017319967,0.746101377301849,-0.747695623722053,1.10693736036869,NA,NA
181,0.235897162702483,0.23572691668029,0.0550429733083995,0.535102915541246,1.04389736601713,0.51141661662329,0.238342819910962,0.824070208588731,0.631864197886549,0.36085570233583,0.262284938121215,0.843048428242328,0.391209834006964,0.851935154393781,0.615887499111704,0.995285926272743,0.31933529379766,0.453685910869623,0.566917726290529,0.255102871589479,0.299340931125334,0.586036305084359,0.242495757341618,0.000548847846221179,0.977003731916076,-1.51089832540856,2.58110415649106,NA,NA
182,1.26511386278825,1.22542382585745,0.0508176381169898,0.368172355809088,0.473129353069711,0.108719565865351,0.14715318088315,0.818253403249197,0.914418174852733,0.0550704540912993,0.989392132058274,0.0975300148413517,0.336970900931046,0.311864989054273,0.188910699538072,0.91844722744578,0.877796980903368,0.746483752758359,0.24953636515385,0.321255767468829,0.313952790989773,0.506204431117862,0.586779602221097,0.809626718705986,0.893763467654353,-0.559144136236281,1.29548884785446,NA,NA
183,-0.509153475925762,0.857235541313669,0.999668282379512,0.604920336728737,1.08749253900383,0.237645997008891,0.897979197992827,0.35794270057953,0.69014066075813,0.934190767655731,0.611359769150033,0.0464543475316605,0.667417980949977,0.748388264111476,0.00782296094880439,0.0200132435031701,0.283777436168748,0.690812117232126,0.437173538815114,0.760865709545556,0.963397520540981,0.786568981763907,0.583259574220166,0.611718281734851,0.176705069346586,-1.52652587317479,2.73636654663226,NA,NA
184,1.50470170573791,1.49394384029859,0.0502940556204803,1.6519604661744,0.474966316662938,0.249398860221147,0.0959930625661509,0.801415745250648,0.588966242890572,0.601908114138525,0.82491141247307,0.13450238511886,0.880532847564318,0.000349384894827381,0.383766624903423,0.299794689970324,0.253605380119057,0.984298290335108,0.0710489937594393,0.177801593679469,0.143821286955732,0.134841669689631,0.876326302281115,0.477808444454567,0.204122391140671,0.721043591645394,2.5828773407034,NA,NA
185,0.11873192987083,0.199824327766445,0.0500527359283569,0.5232314332451,0.809263460229804,0.348801336297765,0.0100567612615414,0.397668687747442,0.547362743842299,0.178173689056304,0.0811170552588301,0.637611594033311,0.837538736297633,0.786041555523872,0.390233489506296,0.588411688017077,0.920308516910998,0.677127029196476,0.495166582058533,0.714839268601616,0.282572362172883,0.26411341427837,0.358513734380365,0.124976807078114,0.72240518948948,-1.06289580280958,2.10935866929978,NA,NA
186,-1.06702395001846,-1.3543345652574,0.999489237032245,-2.46727011822472,1.14132310678159,0.317735101143131,0.876388692537788,0.408558269319823,0.513274513475364,0.655494136141962,0.530706741885049,0.618791937756469,0.955391502185492,0.486208111437503,0.204448562287376,0.718823678891058,0.717854578240309,0.200928533309256,0.968083367418149,0.483504913741024,0.661373320145765,0.325572559486143,0.0234291176074184,0.79444576132053,0.897377324509202,-4.70422230224,-0.230317934209453,NA,NA
187,1.11844314209876,-1.15245074981591,0.999935963455794,-0.295342449221345,1.39965674110862,0.307132422790397,0.980234796540113,0.560845607577357,0.306781406693277,0.149751458118088,0.883037957982742,0.580970145182917,0.556024595094728,0.927982588047627,0.550309403664665,0.80966577927873,0.868752140050638,0.618827362628654,0.333916607678868,0.956667160802987,0.484376507250243,0.879686973058386,0.0432335917809978,0.0577825981549686,0.379150722676655,-3.03861925251295,2.44793435407026,NA,NA
188,-0.0950818562376213,-0.865070710325186,0.99967619163516,-0.176838279418137,1.39965674110862,0.465562239940045,0.899186224014964,0.435231789869722,0.883231699269847,0.0783959106475813,0.30338664941967,0.865062189503806,0.0209412278301315,0.936591473668581,0.0268069710086565,0.123202399806003,0.674953681731131,0.697352141603478,0.949589142075623,0.446251402581227,0.846674989433261,0.0443857384911971,0.699657585934852,0.292294559914153,0.672084749015165,-2.92011508270974,2.56643852387347,NA,NA
189,-1.99851243667342,-1.32747748723958,0.977741829549174,-0.723442705780943,1.39965674110862,0.158047846059315,0.686502217034227,0.380139548458159,0.828132123774616,0.218635860526236,0.331817351081176,0.298122828311054,0.274922936496907,0.782536362060113,0.60346161176404,0.581338197041536,0.124792895487277,0.630857506995904,0.46293205338018,0.732143304814352,0.470294195957598,0.811337255789549,0.997443853573059,0.55955732308852,0.504038921541418,-3.46671950907255,2.01983409751066,NA,NA
190,0.752354412145775,0.796311913271148,0.0568651598827655,0.599778687523202,0.474966316662938,0.081923169435584,0.253862503275392,0.726608315304969,0.664105966281961,0.674443469379563,0.7281765586033,0.103853218242875,0.404473109562881,0.399946758096805,0.969964707612759,0.837305126760271,0.454732412161422,0.0586908026695019,0.0161980872332351,0.684038647434791,0.210791791144875,0.229316281872569,0.22721488599747,0.147815073856618,0.205328729259782,-0.331138187005803,1.53069556205221,NA,NA
191,-1.56066265650569,-1.76975078132375,0.2594302799831,-2.09806656522156,0.263969632868477,0.118110221322626,0.436848555481643,0.950527238744195,0.213775760657503,0.784866515788366,0.918205118549871,0.377410403463757,0.622100657873205,0.904140784975258,0.376250746211153,0.427719565193518,0.688002683495986,0.000286868248600513,0.135430030004703,0.791178767213947,0.0669206549352966,0.013362420859281,0.610084604643169,0.8780263327664,0.00485411944286898,-2.61543753865604,-1.58069559178709,NA,NA
192,1.12823719684396,0.613370543396188,0.533825278566622,1.40308091624724,1.14132310678159,0.416545098033268,0.501858167214668,0.817011269143317,0.250297406907426,0.710051173518645,0.917987299889093,0.106633287609206,0.440183846382075,0.911072108595516,0.729911604262656,0.963868904327275,0.997703878931934,0.800660994557897,0.472354211221682,0.200523126582382,0.703267827452975,0.988542196239578,0.819800158993457,0.344088030664716,0.539485732941888,-0.833871267768034,3.64003310026251,NA,NA
193,-0.678863922021085,1.25682067470171,0.997889643952789,0.466004100310277,1.22125306711407,0.930761936327326,0.805369070507004,0.353398933523218,0.678250007425435,0.488655182289425,0.665724667579751,0.286494054311537,0.0916737891464727,0.802770144197857,0.397231475187698,0.254331948608509,0.522754946798086,0.876100637513213,0.573417017796543,0.1986557587235,0.387082822617958,0.699708150451887,0.288908603957854,0.631999343679054,0.592855071233003,-1.92760792724237,2.85961612786293,NA,NA
194,3.81651558358513,3.93373425240619,0.995944347643959,2.22915312187323,1.07958489405795,0.530333446367527,0.772603609330603,0.725910844505997,0.0920364342164248,0.5690140581663,0.0274620219612261,0.0702796071785269,0.0278537068840815,0.984545885237167,0.325256140798796,0.275119158862857,0.86993550897052,0.281957772121881,0.439901148489211,0.590505920010619,0.3382312416106,0.770995126643451,0.360645206111367,0.0760766298919916,0.220938272489118,0.113205611266153,4.34510063248031,NA,NA
195,3.49362695255393,2.73359279595792,0.613817489836812,3.04912519470974,0.55571472265377,0.422750628811889,0.518921025878633,0.147987427486456,0.0149040095469682,0.260537387964549,0.43353677628655,0.688725331306923,0.00357946166000329,0.655436984526576,0.240279348435346,0.0118047740308102,0.408582741154823,0.0192936213887297,0.744311412819196,0.346691649615765,0.396819511289592,0.709164629450417,0.670482960580965,0.0424283486775821,0.278501452983939,1.95994435262969,4.1383060367898,NA,NA
196,0.393945916429633,0.606595028669906,0.599683326954963,0.456740419776174,1.08749253900383,0.245439201841829,0.51585432133649,0.719698086620076,0.940389091167366,0.870020649776096,0.779777645321912,0.230899397703935,0.728026937941904,0.629938792442786,0.928741819136427,0.310171973799006,0.851225832380704,0.196723085544072,0.954103894934873,0.113139576546149,0.226957294062828,0.800081209569122,0.0931694159280742,0.540218249649624,0.224324395422474,-1.67470579012735,2.5881866296797,NA,NA
197,3.37257052364798,3.58875029757549,0.999286951234954,3.04425184807079,0.85435310721902,0.966504389619338,0.859695829592762,0.614474310471909,0.530493842735537,0.437822694380651,0.711872780892649,0.293605021224474,0.554878221676569,0.128235433983617,0.0280722188110231,0.352503918421688,0.99120419227297,0.0567354195046937,0.406051709690713,0.959350277227,0.34520311187685,0.164586830044398,0.291520308369072,0.749539105762611,0.344446698989836,1.36975052784162,4.71875316829996,NA,NA
198,3.14706819003163,3.32828425964377,0.98483255111196,1.63252932534949,1.07958489405795,0.623266880864394,0.706060790626798,0.555561482770136,0.00383702537068166,0.362931989188306,0.30902144530334,0.329080881744623,0.361439197001979,0.484233615510049,0.413249816658325,0.407532871197793,0.928910133896512,0.666324433190981,0.0828362189093605,0.868829943958204,0.819394359049154,0.444848358188407,0.491487378772115,0.720254462217097,0.0172840061775642,-0.483418185257587,3.74847683595657,NA,NA
199,2.4185305877527,2.1358310133582,0.707003568990987,1.9751575355724,0.636010795008321,0.621366732350783,0.540376451131888,0.545059714639792,0.10758044751361,0.953768810549169,0.94366240655724,0.615072448787512,0.129751004015678,0.812925013044267,0.913032678431831,0.00414452899061143,0.502058759100852,0.527530528755393,0.45420480709523,0.216007471384364,0.620569174219621,0.066793695003842,0.298211141877458,0.429765957393916,0.00043755466316361,0.728599283577407,3.2217157875674,NA,NA
200,3.90908780559195,3.85665577135737,0.057098704363139,3.46501650394928,0.85435310721902,0.715399317231961,0.255547533838078,0.957409487887053,0.526428493799642,0.401917483755853,0.0952775139847072,0.536895379039808,0.255621600354323,0.0922623690996552,0.9958367094188,0.311035937606008,0.974835702622891,0.0988769161619712,0.229311008375138,0.213672944549704,0.00352662689273711,0.152877611022326,0.930034895552206,0.715116664918023,0.690446655816748,1.79051518372012,5.13951782417845,NA,NA
201,-2.71475683432102,-1.14782993193801,0.947338727924304,-0.456821540990632,1.14132310678159,0.421167601474677,0.64177765518555,0.321668132095481,0.356494096025592,0.683154761114973,0.616623524285969,0.616356903488166,0.259171127929934,0.434856555306003,0.283582782443962,0.617670223706518,0.254289682374685,0.0722546350210905,0.0182432186030783,0.166180564927403,0.517182091702009,0.131585769079393,0.0679007654406596,0.636085408810992,0.0842476564022945,-2.6937737250059,1.78013064302464,NA,NA
202,4.01954703919465,3.83225458114184,0.998642901843938,1.5066674851765,1.22125306711407,0.565344120166032,0.827484186376794,0.152033972178586,0.955526611400652,0.399298246600549,0.223387958566775,0.635280179470778,0.313217318325886,0.320025174666313,0.582873999725562,0.317910791470786,0.0758951181306038,0.101842392365332,0.287263334984193,0.266744716348127,0.112552650709753,0.888343490362284,0.575109082557494,0.985359644648968,0.95956223747693,-0.886944542376154,3.90027951272915,NA,NA
203,3.52839589217581,3.16740162620913,0.908739449452589,2.58630847376661,1.22125306711407,0.634277121025138,0.612087347465451,0.0810864524262725,0.77759501025232,0.980316989947576,0.196597655248945,0.0712499809009023,0.0972592268992448,0.828441967866966,0.0375347079961793,0.9116628207186,0.963375818832312,0.917686409442103,0.449280864450033,0.417375499423943,0.545180392439826,0.336777479913551,0.580790505418321,0.271415824111667,0.173113543879008,0.192696446213957,4.97992050131926,NA,NA
204,0.746307129029246,0.850478331124456,0.0510905361603855,0.524782000192754,0.887145018059266,0.535042033653823,0.161567803657497,0.240088645764859,0.811051654048963,0.93270112017612,0.0629185627076076,0.501087269251002,0.938256868168013,0.63417470721202,0.380884055219591,0.027644021972781,0.397437733929954,0.835059281996102,0.531515902130748,0.26223086553812,0.966951065783971,0.187107067440054,0.684945974237053,0.789311656723381,0.110180103975697,-1.21399028426754,2.26355428465305,NA,NA
205,3.61807910630827,2.3843927126225,0.997353305703974,2.3746314170224,1.22125306711407,0.848707781394711,0.794018033832661,0.0225378760948079,0.855617707741098,0.196111906419508,0.0439154209769331,0.793354237806052,0.806374450647389,0.598520935871173,0.0195217948564095,0.428692456036457,0.367561555487453,0.766572907703579,0.855867632356822,0.823197399128345,0.987668962020776,0.421175178945181,0.21187316948059,0.354769861929701,0.650329384626355,-0.0189806105302535,4.76824344457505,NA,NA
206,0.850368485444464,0.939054550645894,0.0516210332755253,1.61463989372109,0.931020144764704,0.60859187708376,0.18141547970078,0.745377599100815,0.69710117575631,0.471055112658069,0.905020970936632,0.972061786337872,0.485487489578663,0.488498310494702,0.539137138697552,0.188727554588229,0.266350109827705,0.554838002422126,0.635298436720856,0.800902563441312,0.303946614145418,0.552444595624227,0.938838489105692,0.854928589508519,0.692236843060353,-0.210126058898994,3.43940584634118,NA,NA
207,1.94154864584202,1.17307693331525,0.902319696408515,1.70505698997274,1.39965674110862,0.0855091422809055,0.608313087457791,0.524286531301914,0.13597779826622,0.34209012151591,0.00473888642725069,0.305834686058341,0.250862840857939,0.105116211752174,0.18518865349493,0.900175840516109,0.587486189584364,0.330299041586695,0.0208030546089867,0.437004071688279,0.482667439320241,0.70554240199097,0.203777068307507,0.365160855895141,0.796425492474693,-1.03821981331887,4.44833379326434,NA,NA
208,1.07195398825861,1.11790118282866,0.0501322335770048,1.50701587353851,0.52672902685115,0.993097358712344,0.0560245910469675,0.0206255970988423,0.456465225303196,0.761535221022205,0.865693891286151,0.913711403157795,0.828083744085743,0.122290095072589,0.445956539498293,0.0150669016271131,0.445555276556639,0.506808766226401,0.388896431669709,0.510041211861419,0.642223554068711,0.307587366233929,0.0715831300765276,0.0712951435889117,0.514297274811077,0.474645951298426,2.53938579577859,NA,NA
209,1.52574633228392,1.28363745138281,0.972796423470686,0.985706281395907,1.22125306711407,0.54438321703556,0.676203009792487,0.235689340351033,0.918227440386894,0.72560875268362,0.419501457204926,0.0215524550401606,0.340404648136231,0.00954598365025595,0.973593454426387,0.252882350451779,0.0481368553581415,0.465625147184473,0.978319540298893,0.692458793153404,0.857905712958542,0.0889058462162502,0.677806009759894,0.840504867546842,0.0166855646027252,-1.40790574615674,3.37931830894856,NA,NA
210,-1.58758206791852,-1.79081816279192,0.964817333469882,-0.372374536314058,1.39965674110862,0.437712198961643,0.66290854382969,0.229391168656643,0.952620602662791,0.456233243712224,0.370638809453696,0.633634421217954,0.0635343594476581,0.680881889924291,0.418209468531073,0.820053674882743,0.617444775507436,0.692078819535207,0.131509345231927,0.625010243357858,0.617207633500802,0.326334681986133,0.317563737283461,0.510074105327018,0.594523164756713,-3.11565133960566,2.37090226697755,NA,NA
211,-1.03590699704317,0.0541167111993479,0.9999157871413,-0.258656498225621,0.85435310721902,0.89605575848138,0.966539049439365,0.177640062848572,0.496035801336402,0.340151373953326,0.0967919236841844,0.461699717379175,0.796114783328609,0.31544197146059,0.605117834556848,0.676449744597659,0.86471577886981,0.812559647752671,0.280772283968399,0.852718317464693,0.813075172825716,0.472092770419782,0.512741376783466,0.160426600988489,0.0578196579208598,-1.93315781845479,1.41584482200355,NA,NA
212,1.33366162527702,1.32922306745253,0.0529948834969407,1.2263262704368,0.449739886193517,0.125569674879313,0.212180041779997,0.892565781210433,0.569563072788995,0.0257558594404254,0.894610056725563,0.166500438597985,0.166963974046754,0.384737908667652,0.928452876195312,0.0714018639941933,0.781307220414164,0.690381919528241,0.464014734319877,0.301814878421836,0.527531155965407,0.686494937391137,0.718464548546122,0.254023130794521,0.442275915344362,0.344852291086362,2.10780024978724,NA,NA
213,1.36298936103638,0.796576085761169,0.999573330200609,0.864918148553129,0.85435310721902,0.684493796328432,0.885387881302158,0.350188836875488,0.488334429319249,0.454901073195739,0.422287159635802,0.50755998507631,0.205456408193801,0.899701837214758,0.683869622245431,0.632210826961557,0.444379741025623,0.577508227643208,0.834104756872752,0.359505204593879,0.989377405276638,0.352223842176958,0.965167086664122,0.673383575588698,0.402292219605763,-0.809583171676037,2.5394194687823,NA,NA
214,3.89239197340156,2.13409419808478,0.996885097718219,1.98860801545065,1.23263520377092,0.89558418335428,0.785848998568254,0.842604614946875,0.529436986575834,0.098733589662239,0.807707011691062,0.800295838987455,0.110798477339675,0.799541687240126,0.158529452760238,0.839269912943128,0.998509606526,0.0813456693724729,0.289410190999741,0.399114636968006,0.647937582253478,0.707006178072304,0.705376503094449,0.260139979470056,0.184810077420785,-0.427312590016541,4.40452862091784,NA,NA
215,-0.761366301745228,-1.42622839077542,0.997433217175932,-0.230334850978537,1.08749253900383,0.432919575455366,0.795555157799157,0.521156057171291,0.896036154255387,0.679228408393566,0.807321159708546,0.696813349210308,0.241033907646663,0.37915783558914,0.93778886281536,0.542999147609109,0.741126525701606,0.249182531790226,0.563801969343913,0.810224559975439,0.495343500344083,0.643807026727474,0.672572149506886,0.117131040406995,0.849826790494844,-2.36178106088206,1.90111135892499,NA,NA
216,0.493631840975,0.488099734903483,0.068083597930786,0.664651856760346,0.707851829085642,0.778612586818286,0.302888111122535,0.425175934107858,0.0799929694368038,0.541417461237172,0.652853629599675,0.652743284792989,0.694750147356419,0.231239896029932,0.432933590093162,0.0371001989690121,0.168512565879966,0.991576918495819,0.252145870103035,0.331405864102417,0.707489620401524,0.702144189739949,0.00025135279528331,0.500083300162922,0.329905445522163,-0.722712234638314,2.05201594815901,NA,NA
217,0.555954109822778,0.524681209630805,0.0554525805528314,0.535149416286951,0.55571472265377,0.260529343444156,0.242269155049464,0.247827084297431,0.22374696438876,0.0892648244989105,0.456100344037754,0.73249689652503,0.751324242472416,0.171858517156215,0.862299353955663,0.053927091629128,0.504950402953429,0.292988501623855,0.572850723916665,0.264364484010963,0.231501599419047,0.562910474812379,0.24032915230433,0.527194051500526,0.030816686547827,-0.554031425793102,1.624330258367,NA,NA
218,2.89530418538525,2.73452371464201,0.0610958543307366,1.92916026596237,0.85435310721902,0.562914154923521,0.278092908106511,0.272118243702571,0.516603454016731,0.410711745647481,0.425251979284105,0.881945458601695,0.735149251662428,0.845144053056254,0.177377353211516,0.748146659778315,0.669295386469457,0.529918372154003,0.303251957768109,0.0818186771757901,0.752889411946991,0.701466374502284,0.296100138550275,0.812028486945666,0.427028316235053,0.254658945733208,3.60366158619154,NA,NA
219,-2.75873085546892,-1.6876632907982,0.585484627444372,-1.33300152153566,0.449739886193517,0.231462810829515,0.512803106084117,0.568672239445965,0.908916596663999,0.467860195225221,0.699908197383629,0.781490585742751,0.0563076656750636,0.458773680749815,0.666276198544307,0.777073250267305,0.105592218592647,0.477800452829222,0.239959451662726,0.445136890716502,0.281871334770229,0.662924134095549,0.865356325639878,0.0431880542162107,0.396098285356653,-2.21447550088609,-0.451527542185222,NA,NA
220,-0.591209621347567,1.3683801915066,0.999727437357127,1.53390256569503,1.23263520377092,0.858609958394431,0.907803092228831,0.330612508812454,0.195403771997895,0.211913710082183,0.633253923075856,0.790329310953035,0.782556684167124,0.839742135833716,0.372979410533677,0.657742516991682,0.54045801548881,0.993213482282241,0.940621927750646,0.471677306913305,0.298450661845156,0.593087330180919,0.535280316721881,0.55125400036131,0.843701868221629,-0.882018039772161,3.94982317116222,NA,NA
221,0.997163604532286,0.476194187861663,0.565413175940508,0.779964137187507,1.29644516461767,0.713067205546657,0.50852865562099,0.602827972681145,0.768135005225777,0.722036822607392,0.386512625065749,0.427479306241497,0.275338586934377,0.57259891816834,0.93129473100137,0.73679111748375,0.919158681354136,0.21545882975834,0.837506334149279,0.862038609223673,0.294803075080155,0.863999820851954,0.809805539307417,0.487239867368946,0.166742089080741,-1.76102169339422,3.32094996776923,NA,NA
222,2.38128434853804,2.71163026475339,0.999910303644214,1.29278155511805,1.29644516461767,0.806885674419696,0.963384635017719,0.636700839054189,0.741554750609561,0.941191878752084,0.467618437892175,0.665684824401978,0.698850872880197,0.531276076209033,0.668589251282276,0.875592457587714,0.294886966963997,0.410620265316567,0.23703063626762,0.834807835477404,0.0877254297476029,0.645864267870318,0.265808862242033,0.940470142216422,0.580085221676505,-1.24820427546368,3.83376738569977,NA,NA
223,-0.490678090033622,-0.82696794714656,0.99393531472186,-0.600768286854672,1.39965674110862,0.276941784934839,0.752378749584663,0.191832929155091,0.166461446737521,0.37884805014939,0.199394445739454,0.236075748130446,0.192617010805407,0.300455130544025,0.957564071675064,0.72516900198895,0.173522657493479,0.172796630334924,0.508021846306161,0.384654390700045,0.49617542742833,0.291283034649328,0.911627710950095,0.869666556917015,0.665050579994102,-3.34404509014628,2.14250851643693,NA,NA
224,1.1347245069063,1.45555963750436,0.723060730739951,1.45374258255605,1.23263520377092,0.651670789861353,0.54440186634066,0.219479346913518,0.0695623745269841,0.15483510178607,0.783264235473471,0.341794094459619,0.811443143206183,0.221136928651133,0.0210250295355218,0.389818983766134,0.447060613149428,0.417691232588491,0.45810813896975,0.669163378706668,0.497812954843859,0.706134572261362,0.260177194042481,0.636809673822485,0.454919811933883,-0.962178022911139,3.86966318802324,NA,NA
225,-0.415048685069197,-0.920328016296845,0.940957686408383,-0.356780028440657,1.08749253900383,0.431725047932705,0.635702128498349,0.372074518239824,0.778521133496193,0.63098651819583,0.838437507486087,0.108480603286298,0.370689626457053,0.422364019424538,0.0549708863152191,0.220867093440494,0.947461323117837,0.524545851024333,0.0669616687312955,0.0921555728464155,0.958388681968674,0.598351901123533,0.238573826852255,0.425448105190531,0.763858546773088,-2.48822623834418,1.77466618146287,NA,NA
226,-0.148345210552112,1.69907781254984,0.999849017332921,2.15534124620204,1.29644516461767,0.545904490179033,0.9373446639576,0.823232532663038,0.888996951412992,0.542542727954104,0.359799110102234,0.25924106072227,0.877761495804298,0.322678732047323,0.717994513815618,0.861472608920536,0.939059590843855,0.205248771536164,0.579018419167493,0.0579329138379544,0.399166210961761,0.135282591510331,0.757689294018783,0.665588263886864,0.380286486615892,-0.385644584379687,4.69632707678376,NA,NA
227,0.345124328808752,0.357652035954564,0.0637425706207635,0.236511597212722,0.438867272607558,0.990779561965726,0.288930394477327,0.825637855570181,0.0427147205562796,0.743136196240201,0.575725536322338,0.0771787762737367,0.557375141766504,0.0862736846397165,0.671851789357024,0.970648171422537,0.277993831892731,0.0424896782767028,0.290736407101504,0.697741829757928,0.0739474559330847,0.040097051181132,0.444655779692112,0.883911738417577,0.692601432218449,-0.623652451091414,1.09667564551686,NA,NA
228,3.36729908816116,3.8611291458626,0.999730198405406,2.59779167134145,1.22125306711407,0.574692544185324,0.908312318376149,0.0435098553431453,0.696750075742719,0.605234096634435,0.0847514306488447,0.523312119098613,0.212407702901168,0.683743295531371,0.861123124818783,0.351479772777064,0.378212696933886,0.433746274605626,0.0746290764756268,0.761815909956116,0.053302251395653,0.156686544927768,0.221028151136241,0.801151775290025,0.833729029215989,0.204179643788803,4.99140369889411,NA,NA
229,2.06266064917915,1.95309217988707,0.984247186423962,0.245418654886004,1.39965674110862,0.155648489675019,0.704136103385361,0.895156943397364,0.470903659353615,0.0854290655869991,0.0772648831297411,0.0542264460427687,0.457732407595962,0.288482510648784,0.320964037374593,0.64464389092091,0.236403372942121,0.218244423004915,0.985550804837258,0.0947228050638223,0.289330751528032,0.374750493457774,0.595924394351779,0.830451409267262,0.501157844323199,-2.4978581484056,2.98869545817761,NA,NA
230,-0.172240494378902,-0.0744132653751523,0.0577637590524443,0.464120874094025,0.760937321907214,0.0950488034124719,0.260060530058807,0.113748560721753,0.501274680690607,0.853607751434669,0.939750664453255,0.53230858898873,0.934699869727017,0.371677906147437,0.660441335517331,0.263834587313118,0.177716619466431,0.600187060296535,0.783720354685793,0.778585380024277,0.105715444104979,0.625248143692268,0.754962169621489,0.682689469799632,0.206462078786339,-1.02728887133647,1.95553061952453,NA,NA
231,-1.32722909738201,-0.751688243518542,0.997024556798403,-1.69897973989773,1.39965674110862,0.0592873268324183,0.788146601038519,0.00354887880454771,0.91700572486117,0.394344465133501,0.683331523904461,0.21640220344672,0.187832113155979,0.109246652003145,0.470801306696143,0.221099057107698,0.53966797187773,0.0316328253624961,0.279535994719365,0.503437968557701,0.632087581536151,0.513820291291806,0.163786534774699,0.20882393270568,0.394794439046644,-4.44225654318934,1.04429706339388,NA,NA
232,2.95158703720271,2.17154660903284,0.999802183982576,1.43149061553616,1.08749253900383,0.069518931705039,0.923833581036073,0.231343710815418,0.597227625489351,0.99202032080444,0.553428341523162,0.470709655598155,0.58935825959011,0.210699097993318,0.0871423851122381,0.311571742277127,0.823293034447706,0.0763970545647899,0.843715824739891,0.92488366622699,0.0377646311364369,0.630760231080814,0.226091395057505,0.254875491764513,0.0547702425876632,-0.699955594367367,3.56293682543969,NA,NA
233,1.27741403425229,1.45679540613451,0.115627018031076,1.56166255102681,0.428657928293003,0.867497369761462,0.369955428621615,0.0956204980141483,0.202391364624375,0.809437833777047,0.277697803459712,0.410104688209714,0.819537640830502,0.991753572606132,0.584365844846587,0.239609745244263,0.800710438188049,0.434292211920023,0.699344992119237,0.173252661248902,0.815384367006016,0.350333673812333,0.528855625327909,0.741154210560373,0.816707393612363,0.72150844988497,2.40181665216865,NA,NA
234,0.0482339625745143,0.00361154918479668,0.0506458063360531,0.287484903343499,0.585677095453349,0.958762327378732,0.135348121658899,0.834920389991719,0.94058698083763,0.962977380384808,0.00853913169971202,0.420622999778367,0.0311735563658876,0.044058173546684,0.205143411425292,0.63628181295353,0.930024423525902,0.276038725857506,0.375500884370995,0.975991218153154,0.499630309401895,0.992189443733077,0.460529262620374,0.17900145363342,0.65062184378074,-0.860421110315092,1.43539091700209,NA,NA
235,0.46478381109442,-0.38324936151866,0.999301343277506,0.564209379449822,1.25681324922324,0.8855302234306,0.860716102064354,0.49661932526133,0.391152383324225,0.84549447832827,0.837990533717093,0.75753972696641,0.121056814698852,0.832147480356623,0.826722030127654,0.991343807868892,0.297961105288938,0.31243862238538,0.568146478274721,0.345200631721062,0.240976986488211,0.475390303727589,0.0997324617002159,0.783070962027996,0.513664886258193,-1.8990993243205,3.02751808322014,NA,NA
236,0.292237038534655,0.330660673905363,0.0575006496113483,0.627038163605133,0.85435310721902,0.714232707502902,0.258322720077937,0.754969843266066,0.453314457762637,0.484052204277599,0.626313920843182,0.846985958664096,0.0115404791857582,0.381861624959391,0.456878088001511,0.649014753138647,0.845704774741898,0.459837099039578,0.494928271679091,0.896661029145587,0.996382203296875,0.725528528241673,0.931657193306833,0.11403289575805,0.0529739398878301,-1.04746315662403,2.3015394838343,NA,NA
237,-0.71436741204196,0.0941555454483513,0.924191554509947,-0.931554334773168,1.14132310678159,0.215228445584886,0.622254490852239,0.836969967660611,0.12023102051788,0.597742330656387,0.987821915917448,0.39631815526844,0.762215229720576,0.257746927367873,0.936334735525656,0.412886389295338,0.572455717579927,0.300145494444412,0.9068930993299,0.326607516903663,0.267353449802962,0.141240469031269,0.52337837317388,0.535906593810185,0.476403169661295,-3.16850651878844,1.3053978492421,NA,NA
238,-1.01402483671894,-1.69162686309447,0.995815635302933,-0.854165435670883,1.39965674110862,0.332761954771588,0.771034638685873,0.495569457392907,0.585334970079828,0.0935081993952626,0.0218454958150396,0.0900395128628006,0.242764992589713,0.877799382016878,0.500365325098857,0.131322042428888,0.931955927087227,0.282035877063405,0.344637171405717,0.480080807510647,0.00906476895778906,0.775383424908738,0.891604374756222,0.729545756546082,0.285306639902876,-3.59744223896249,1.88911136762072,NA,NA
239,1.11484351400874,0.491450036342796,0.999905410314474,1.98784189486718,1.08749253900383,0.0455408323034644,0.960728462645551,0.282544242748525,0.967045210140524,0.999418155056192,0.453256069180672,0.702754379470833,0.82285078087193,0.781363510505995,0.943190254738787,0.800093809300568,0.200530272750999,0.767987719632103,0.144819050180726,0.933783464460867,0.677647874015965,0.857657195254927,0.17901480740367,0.733642948199646,0.0978133040424436,-0.143604315036348,4.11928810477071,NA,NA
240,1.19118535851323,1.00752818832775,0.151299898369795,1.12177341289087,0.804688963801723,0.718707230675151,0.393718976063537,0.0309477814167039,0.695886015207157,0.769529954795958,0.559321469853981,0.727211679320317,0.650976787782623,0.944664085685858,0.713066697789589,0.198345024801558,0.961762595390086,0.238173729648115,0.736186799338437,0.35723374978127,0.206225780626293,0.945303838216118,0.493473054036731,0.121759947530925,0.4326735793259,-0.455387974917362,2.6989348006991,NA,NA
241,0.813973408117015,-0.153922984396542,0.998497745160307,-0.282043412353919,1.39965674110862,0.470221492956975,0.822395610312349,0.572940459278296,0.817481881765882,0.0434227357228519,0.34696804994368,0.882284745060839,0.976206776443403,0.33591506991128,0.25798777442961,0.315138820920372,0.229899102833006,0.850346359004383,0.66034210680332,0.353867083269171,0.685098154297797,0.618745721524814,0.15457097452099,0.51658446294337,0.864409914095071,-3.02532021564552,2.46123339093769,NA,NA
242,3.31215151425159,3.0931039229162,0.604098114430908,2.31805318557949,0.51700110328822,0.134460411535809,0.516808767804294,0.294245522847283,0.0757963887174847,0.0790352197441971,0.234939318018965,0.604903475380619,0.368967411292717,0.0700062980421353,0.49955271613982,0.254917215671274,0.72637272292329,0.695573153986596,0.232319547525491,0.0722264511400135,0.270892458969611,0.039778010033071,0.504901261166553,0.113244282344938,0.0771583429261809,1.30474964316711,3.33135672799188,NA,NA
243,3.25376634586492,3.2951089761093,0.0504824971369043,1.46804965196737,1.10315396346137,0.547423741681385,0.120763287202572,0.938938257108908,0.689963834917056,0.293047763467301,0.855875844120281,0.661204930980573,0.871719581393525,0.333628419274464,0.657064724184456,0.514532086145366,0.234563726386987,0.255885740028811,0.800094222286832,0.0877158692154335,0.0993389987441478,0.624711496066768,0.645446133344201,0.0275201362107182,0.449465438802494,-0.694092385819528,3.63019168975426,NA,NA
244,3.27034946088715,2.85525264829605,0.999577811744323,2.76212041602348,1.07958489405795,0.602331585166045,0.885916071902262,0.0126955936568556,0.29238391113549,0.363952985954587,0.362017037999234,0.375036502037896,0.203045262168627,0.0838123413907597,0.902195789752179,0.567994525415241,0.871105712919263,0.635295879275072,0.462315440381295,0.212112142980797,0.714098289545276,0.500623170031817,0.536327858229401,0.863691121496027,0.555821816565469,0.646172905416404,4.87806792663056,NA,NA
245,2.14198135340322,3.3639065162648,0.928321884959951,3.31331825654198,1.22125306711407,0.906964067228604,0.625291383328731,0.0325786026450805,0.834477752586594,0.240086113973637,0.495115744101349,0.910266916579916,0.825700489241048,0.684463186157984,0.493246394644375,0.844333996252273,0.645348609076231,0.399751868697116,0.0186404553159373,0.78741407400067,0.429080612992751,0.41269270892255,0.376653322751634,0.599587865240057,0.65917953323957,0.919706228989326,5.70693028409463,NA,NA
246,0.601923101885088,0.566807827819372,0.0509131002614818,0.215104687136985,0.85435310721902,0.776835455855238,0.152679502339568,0.829742326101288,0.575167144994251,0.34087796805473,0.504525436159689,0.0204014569467399,0.55239601706923,0.678836460590013,0.0755395090063102,0.600973579054931,0.170796361897141,0.657056689552614,0.434401674346998,0.36741036106192,0.264493669858901,0.0148085375060327,0.424113368494087,0.104747217079159,0.240176698798663,-1.45939663309218,1.88960600736615,NA,NA
247,-1.34618280805501,-1.3885826729152,0.0522469664604428,-1.06946298878511,0.542682743900926,0.0943597494711867,0.197774355577421,0.906935392279644,0.0154211934949271,0.661781758964062,0.0141659157193499,0.586392293575453,0.0808279184836429,0.20462910677155,0.71268322165974,0.161964428364183,0.135427268141764,0.555157205500989,0.150294575899374,0.348222733028117,0.864621144459816,0.590895434523001,0.81190378448274,0.334775841119583,0.228493270967738,-2.1331016218623,-0.00582435570792583,NA,NA
248,2.54670158383917,1.77714085145946,0.991097882475161,1.22216558392034,1.39965674110862,0.0709582915954525,0.733037899061572,0.923127714035567,0.539130040360033,0.405797960085445,0.246873657667078,0.625994138576905,0.277781369060744,0.240323544634273,0.834238317927578,0.226993908020784,0.906650438173208,0.75338242670917,0.701313094306155,0.748519838148844,0.744905597019009,0.390663387398352,0.115577675336041,0.784537079454283,0.472694116191124,-1.52111121937127,3.96544238721194,NA,NA
249,0.196835712614602,0.248290468444571,0.0539649594665953,0.839017447603045,0.502646347146875,0.00727534260367975,0.22626080115675,0.828324904933106,0.834869928838452,0.815080370526179,0.870537168218871,0.745274580141762,0.552791580105899,0.339605052135303,0.631308457054663,0.725553757091053,0.0833305851054611,0.276672192553757,0.889470100319828,0.737789960774593,0.986646888149786,0.836066716691712,0.631035761982668,0.61654937473801,0.584156766700558,-0.146151289765447,1.82418618497154,NA,NA
250,1.96751147577875,0.333945335287824,0.99745852115704,-0.0206268224440722,1.08749253900383,0.12983038263279,0.796051851280616,0.490198464278597,0.624591822774848,0.86437238197017,0.375733916523983,0.229524730234523,0.314096426087548,0.0699190577853005,0.448986076964298,0.470472942872206,0.286086188777117,0.537423213849426,0.0658367336780066,0.707933969341218,0.169531518041855,0.970786378288525,0.648274713835795,0.56580818722921,0.299062909981934,-2.1520730323476,2.11081938745945,NA,NA
251,-1.57424067158551,-1.05529315355149,0.999809524798981,0.093132130594608,0.786490261967677,0.306301531073754,0.925724736777367,0.916138345901971,0.479731575860991,0.869126305625308,0.473320477570873,0.66194163641124,0.0448680738498224,0.68510787704587,0.883148549550213,0.202214478764567,0.642009523655171,0.289141616050154,0.741666971400962,0.215389125213842,0.275803231180646,0.367014609056758,0.799141855117748,0.314763459930313,0.823814285506262,-1.44836045705351,1.63462471824273,NA,NA
252,1.45612569234369,1.41087384429954,0.0506234482637406,1.52432915908543,0.729130465248042,0.89303084174369,0.133585249885218,0.623218588153948,0.145544470301247,0.575920161619317,0.772983197544119,0.457703530961648,0.0722546864636242,0.534670345977531,0.193042539939517,0.50699434284342,0.480540946495603,0.0885461367007811,0.158317685684422,0.91253425271844,0.164254449661355,0.166280475867563,0.434622808432439,0.50132524778822,0.558478551592911,0.0952597071683345,2.95339861100253,NA,NA
253,0.404027347344766,0.379232647329223,0.0523077842457132,0.454532152686027,0.194945978274951,0.450573435478378,0.199112904030131,0.77251428667258,0.626077175818966,0.977047729444341,0.893603353907238,0.49717816431704,0.593562848639209,0.589054801830207,0.731462338402402,0.0747342541014077,0.26324488875526,0.553393594262889,0.0228272580549819,0.420735585742164,0.0526234308176208,0.934819552330882,0.716871823548572,0.0599047148923855,0.275658964374219,0.0724450563361946,0.836619249035859,NA,NA
254,1.87990696305489,1.44031164080611,0.922958756059425,2.36864284020137,1.23263520377092,0.514728250511573,0.621377369838068,0.199104706041864,0.619132474497659,0.136903745355317,0.222154390704818,0.783282275761361,0.158056203044718,0.739341650600778,0.795623931861133,0.27249761971354,0.834556816996541,0.951542636396363,0.420689179859823,0.242408584534656,0.046630756616476,0.12722011254949,0.234012263844954,0.480740526488517,0.567263827143586,-0.0472777652658221,4.78456344566856,NA,NA
255,4.33858356276254,4.35306289512597,0.0602090555468353,3.7236449450119,0.883642080639954,0.830496084457962,0.273880883706384,0.336011813495308,0.570399478093255,0.042454220641288,0.191311432622839,0.349411394944414,0.688632714073872,0.272808710805024,0.134035270367633,0.49329735264089,0.988592448115349,0.203532261644839,0.343773665567394,0.960399422591552,0.117243904560339,0.497369138169102,0.755024843625957,0.688525373704266,0.160772354371729,1.99173829173355,5.45555159829024,NA,NA
256,2.95315128951313,3.87716734933809,0.998806393431858,2.87991854437077,1.22125306711407,0.85257721920975,0.833911265670438,0.217245122947032,0.636403164737625,0.737096917223884,0.0486278390366351,0.496865003022249,0.617455739958677,0.16760309688549,0.066093941249419,0.131873635573545,0.600445106431493,0.896501318852068,0.76400939968531,0.221346686458797,0.684490090727108,0.0943872502433369,0.883089634708478,0.295969586452353,0.699972952652257,0.486306516818114,5.27353057192342,NA,NA
257,-0.407200183720664,-0.155371944972319,0.999417576526476,0.0796551870779761,1.07958489405795,0.5930871299844,0.869820309867151,0.616555362596642,0.189485701385187,0.57203787773475,0.587871882448671,0.691750225859345,0.0176514069422847,0.679656394350692,0.587660306058475,0.941820965900784,0.631323003855068,0.666942010131548,0.00263427361473441,0.349438696094556,0.0539669869887875,0.425550092063029,0.341426453123684,0.881380530102644,0.992364765672479,-2.0362923235291,2.19560269768505,NA,NA
258,1.21378745602623,1.18042801826882,0.0555416843196693,0.74512315741042,0.430457705266996,0.753939326422755,0.243084346557385,0.660450224811095,0.284939355106209,0.732634773231228,0.282343405222171,0.638382323386148,0.263622352172271,0.507463664614363,0.0519690324378898,0.320273288566154,0.803820381027646,0.0407022834188538,0.631361615000176,0.362295836246922,0.295253684457741,0.591752269016346,0.532397810589289,0.679244112599641,0.252305912199779,-0.0985584417806492,1.58880475660149,NA,NA
259,-1.99754425017617,-2.09589679219139,0.997646436516502,-1.42765924879942,1.39965674110862,0.146809471363318,0.799902545992634,0.135639491923386,0.405060351795517,0.153753149318392,0.747598284606822,0.851414406037773,0.243767648213892,0.878019599627703,0.443291429934092,0.775220139546203,0.715535291422857,0.729796702745371,0.616827696197899,0.0145026344419457,0.722806166171329,0.442853732576943,0.593224829129293,0.812551950367866,0.0399732790301787,-4.17093605209103,1.31561755449219,NA,NA
260,3.81902287751511,3.88142823651458,0.0551432922638038,3.91416598651007,0.831857777160675,0.945108369261143,0.239333005435066,0.695815050352132,0.0308685298894998,0.546131000033696,0.951679409823497,0.303533680215594,0.397314518860308,0.687581100437092,0.34766059406579,0.0573536491596606,0.0508684463995742,0.597876642427174,0.98013213497377,0.699646949865622,0.600426013848744,0.606743275025394,0.766022613662877,0.554950158209191,0.0183445447714766,2.2837547030156,5.54457727000453,NA,NA
261,6.03168736524717,3.96751350933257,0.999327431184587,2.83298386593503,1.07958489405795,0.568755574346753,0.862620230584173,0.101772550932947,0.263055611210526,0.426054144570604,0.0999530187104829,0.229065997084836,0.519538373246673,0.0542049923677696,0.469363805315341,0.633094660105417,0.472864484978258,0.441762883919873,0.259474682459375,0.467592269580928,0.847407594164833,0.661878603001707,0.656865336948191,0.205791771838325,0.253562444060924,0.717036355327957,4.94893137654211,NA,NA
262,1.02917320902032,1.06872166955292,0.0501208560325223,1.74667880325214,0.388045876294379,0.232422552153701,0.0515254992366536,0.196647854372277,0.200234541753423,0.955804299988667,0.494975435873959,0.763355116596213,0.86746604167542,0.345386081527686,0.389063187235734,0.0733926475595217,0.988233267207164,0.428836606948287,0.81338718615321,0.920278786507435,0.40986326853279,0.889170151315862,0.409979982831515,0.820173594960012,0.968942544661113,0.986122861365867,2.5072347451384,NA,NA
263,3.51966970204957,3.54851744580412,0.0500490431447904,3.3846052297339,0.45330224567067,0.874686791418935,0.00642673893691972,0.654587979682023,0.0430317783821374,0.466543663095334,0.165102802914917,0.810582480738056,0.0991786962712649,0.402159220760339,0.836567800425459,0.180582620646455,0.836814499522327,0.574947748493403,0.817055361364852,0.764882205898059,0.305740301974118,0.19823370267055,0.94048126712651,0.722828074571444,0.392160086418502,2.49614915410826,4.27306130535954,NA,NA
264,1.83906913163583,1.78420075705031,0.0542734952333049,2.37203364914214,0.388045876294379,0.291570586686139,0.230023931398755,0.291937140526366,0.239005604087026,0.863338515173527,0.842440306706238,0.0637127807366196,0.784236599851865,0.419950483534136,0.759714521114482,0.418851265543606,0.435737793474109,0.663124136277474,0.62800681955379,0.783410058878246,0.193584713150864,0.856400937341969,0.316469707273063,0.809375010124408,0.086263349922956,1.61147770725587,3.13258959102841,NA,NA
265,1.6020454984301,2.11396546703381,0.999891588780963,2.15811170456316,1.29644516461767,0.562101866819896,0.953908577984432,0.835972437827731,0.840743238222436,0.606625259682653,0.184981526533258,0.393584497900214,0.372764890864841,0.432869474964798,0.71677776011941,0.00192588896502275,0.885773068275303,0.801868450860027,0.0922028922302416,0.464522294142866,0.507993242495577,0.835176057034405,0.664362887613592,0.141780355051509,0.385552839186159,-0.38287412601857,4.69909753514488,NA,NA
266,-0.620896178337588,-0.58920498499426,0.998759929690293,-0.973308644848456,1.39965674110862,0.0796912310497137,0.831999385767267,0.148107493785559,0.945748001537635,0.138266645000433,0.784866432562936,0.389841970868758,0.279771371295559,0.513473737407243,0.214986692915088,0.0479533734548604,0.163809994709096,0.322564129302278,0.358581186277792,0.279077844479121,0.246901280613965,0.780730927849188,0.549165639199782,0.925887631118763,0.736735161206685,-3.71658544814006,1.76996815844315,NA,NA
267,0.118431610649088,0.138770935805616,0.0502284086388473,0.138947398007961,0.194945978274951,0.273923405052861,0.0833579747934127,0.682171050847741,0.885808169677737,0.965834425467532,0.718558731259312,0.968947584288078,0.95708435163449,0.653597022362985,0.33168626584101,0.104044904079637,0.930526872361894,0.0260578410488088,0.172963821401936,0.671977777629858,0.328058908505947,0.381933824451058,0.850660407873569,0.430556077209418,0.0793047782330541,-0.243139698341871,0.521034494357794,NA,NA
268,1.24281928380619,3.58928786529527,0.999761105928861,2.59415642184756,1.25681324922324,0.78901161345467,0.914397276391042,0.496065222350298,0.216666140729678,0.902821158518083,0.960977994500543,0.369674832724384,0.408550526049803,0.0474426078154938,0.248601556546404,0.929153389383573,0.119665822697571,0.573008838818641,0.561792827854864,0.733607265482773,0.0627712279607076,0.307025045545539,0.368305495374603,0.313487715124851,0.778574014701648,0.130847718077235,5.05746512561788,NA,NA
269,0.964971222873814,1.92958178938227,0.689561470156897,1.69699197522077,0.456786674230267,0.231672218191787,0.536139841418015,0.204416083277785,0.505237802224001,0.277006456154748,0.182973060596967,0.11533748696046,0.488800769846654,0.397210688600433,0.479216929338989,0.664052920893067,0.533280870304676,0.74770225274784,0.599170060539385,0.803761757069733,0.325024162840215,0.0783156427463982,0.604729507191922,0.203160287953331,0.49690801853803,0.801706545111621,2.59227740532993,NA,NA
270,2.20711689440823,3.47922158974804,0.880001344321227,3.20794572701056,1.23263520377092,0.601317213512724,0.596697339020553,0.723113802783657,0.0379453944906127,0.219775556184817,0.889787723084446,0.946823788974551,0.405549202864408,0.581753462361172,0.2637123622488,0.391924382129684,0.248292341988767,0.720342138794134,0.666203769826796,0.981941052261507,0.111632889532018,0.195647080728086,0.906670346404891,0.935624636489316,0.451760109063121,0.792025121543367,5.62386633247775,NA,NA
271,1.14246408723622,1.36018042433667,0.99456577097609,0.624675275937578,1.22125306711407,0.809345080148079,0.757900383184664,0.320892943062936,0.642112773915054,0.282922547975904,0.266066757565481,0.436253984746872,0.353291134373168,0.888753704727627,0.738920797904837,0.360911682116915,0.881707679500803,0.878605149889598,0.0552413465476129,0.149204826221336,0.789562980454299,0.0864442944643088,0.99219499248988,0.527694369857083,0.47867223887099,-1.76893675161507,3.01828730349023,NA,NA
272,-1.17145710230169,-1.15148949127572,0.0500893694689426,-1.02458232922964,0.456786674230267,0.292501716447994,0.0364327963558026,0.214841160021722,0.860715157005703,0.0512620689042378,0.607875390180503,0.0887458053998416,0.444110213633277,0.84330407156609,0.504594445567578,0.289015057971934,0.0364657481630566,0.987215379729401,0.63579806593596,0.233910150078591,0.414039482761989,0.503658148694783,0.686633697270765,0.895374789414695,0.761449265407049,-1.9198677593388,-0.12929689912049,NA,NA
273,0.894667214147545,0.954186863097226,0.0528095877591428,0.931889429405392,0.449739886193517,0.315245639349101,0.208976881289273,0.881662945883814,0.84106158926792,0.114499952032464,0.931556670708465,0.875256593322963,0.366443825922324,0.574904957168852,0.604505353685236,0.823612749644672,0.567791374926805,0.972131126490305,0.109676983865793,0.893760937845567,0.219058455452789,0.650881516698515,0.795544604792609,0.500596276887576,0.279436144976295,0.0504154500549558,1.81336340875583,NA,NA
274,1.63730752358164,1.58176884810048,0.0500634151055968,0.829828618907475,0.456786674230267,0.0464615217349492,0.0192775791541208,0.0918750186873367,0.558382241129992,0.460428553835838,0.432539339256822,0.0285454407330835,0.706436210227082,0.313683720413945,0.543983839060296,0.716751681568567,0.811014891203842,0.490271318751271,0.361019152480294,0.0623134467415512,0.108039012724767,0.0641940489014378,0.120518610100495,0.396110041033477,0.274063990240567,-0.0654568112016782,1.72511404901663,NA,NA
275,3.38885903043127,3.36537492680739,0.991792114778987,3.40771333338091,0.85435310721902,0.836379411073518,0.737134463036899,0.893325541882892,0.426463682801812,0.599209219035576,0.598104938921053,0.400731517077074,0.767089447016479,0.00552306540764403,0.355039138527121,0.382776744797011,0.867264334866311,0.783125885216403,0.121304283535108,0.422455685696797,0.029173043645802,0.626207897156128,0.134216750527848,0.0617424522965448,0.315700607870822,1.73321201315174,5.08221465361007,NA,NA
276,2.84567244803418,2.99535053930948,0.985952460496944,3.4254870206662,1.29644516461767,0.858233687437023,0.709955871450715,0.579599384912057,0.702964991674526,0.505662346194731,0.704837507936638,0.888929913608474,0.0304973727524048,0.595796374035184,0.248010281133582,0.324508498410578,0.977780214093043,0.0815262740963371,0.409070647898945,0.27777756085305,0.455056344742421,0.999645665794029,0.557044305477059,0.922060487221112,0.201112396237208,0.884501190084471,5.96647285124792,NA,NA
277,1.86888848188028,1.6993817015676,0.995058209533744,1.10102533501601,1.08749253900383,0.226943888021517,0.762675940744579,0.423714183042059,0.815568451563595,0.922684016625746,0.580501438756008,0.538811314491322,0.291164781783475,0.416695372649818,0.440745781803038,0.910699321050197,0.417470354428282,0.272538420031779,0.0104468108920846,0.0291432550257305,0.463137196566444,0.894272635527421,0.712983902489534,0.610720005266834,0.093394929004251,-1.03042087488751,3.23247154491954,NA,NA
278,-2.81767740206448,-2.0273147952928,0.702958262049636,-2.52485599989763,1.08749253900383,0.0521440698758233,0.539382027462823,0.140640141341602,0.792114165668143,0.659740343131591,0.0527558365252335,0.718394069335307,0.385429530097172,0.996543538642814,0.0311867020883365,0.753296472729766,0.580299452044768,0.454712831083103,0.418404936871259,0.723541016104631,0.131245182229672,0.138868078497238,0.620748824622715,0.958444884522702,0.954219239949947,-4.65630220980115,-0.3934097899941,NA,NA
279,3.83875721182224,3.82964826224185,0.212962663315566,3.34010059368748,0.710371343275227,0.722463917051558,0.421262271303916,0.778400010182639,0.0506823338133981,0.309288609009702,0.00355418257892597,0.402895120414789,0.392987477445276,0.805715596105205,0.555422087029321,0.987690302216914,0.204554434988764,0.43326532726211,0.65703737287235,0.0601022796100006,0.527270409523742,0.256058919477742,0.909486211732379,0.159772164317663,0.290197367311222,1.9477983452187,4.73240284215627,NA,NA
280,-0.0496374467748802,-0.76935758217975,0.510548881627186,-0.0240900973389229,0.456786674230267,0.085136255868827,0.496956720121321,0.0742822622327367,0.43998622356425,0.458571975710103,0.172050690131728,0.693612013854901,0.810427208798239,0.972684471952845,0.894676324325032,0.398246488633915,0.26444153987756,0.618124284452642,0.835240338896168,0.403249286966282,0.888919899862725,0.27079973337811,0.749281633732724,0.19981204762694,0.283978648706339,-0.919375527448076,0.87119533277023,NA,NA
281,1.4939421579453,-0.416132506655284,0.987289762448371,1.00446432611463,1.29644516461767,0.549589083275176,0.715029235207243,0.74587574333325,0.668524730579229,0.579430069532478,0.779211955602397,0.51607978481485,0.596356217354769,0.603716690064757,0.41097924904793,0.72628883483028,0.894073517492856,0.495391974061378,0.661657886999194,0.976093324666144,0.862157937595388,0.841187831591349,0.488547084606835,0.460315002218937,0.880055308474344,-1.5365215044671,3.54545015669635,NA,NA
282,-2.03258491780083,-1.98719330953458,0.0507958710783711,-2.38948318411261,0.351197092980186,0.0429982286136365,0.145802902872558,0.773929215527722,0.978114323296817,0.982730854470166,0.517250991916284,0.123245746116387,0.523855311907129,0.516668205275317,0.214204853035626,0.0956530236636754,0.718831510688644,0.646797719161375,0.600705413166317,0.628039895618218,0.632651953620021,0.739375479923561,0.572264017471229,0.971825052360771,0.0705447376027005,-3.07781683782894,-1.70114953039629,NA,NA
283,0.95367274997505,0.891656530146889,0.0500912004488191,0.986561242257493,0.351197092980186,0.359671244746773,0.0374469279916957,0.307524304790189,0.836353879632195,0.892548644758412,0.927285907702986,0.857890106460778,0.929448888343992,0.291407923895167,0.599221309577115,0.883836187316454,0.49791229123727,0.484341238066438,0.99072364052746,0.124945591590833,0.122591195052955,0.627222122919629,0.263658504099119,0.742357629491948,0.107076855623396,0.298227588541164,1.67489489597382,NA,NA
284,-0.561085778307121,-0.193882163256914,0.734673854909052,-0.172133447127084,0.91745446043726,0.110844877892639,0.547399139760761,0.935332422183943,0.810088732528966,0.0931901353083085,0.548365463890019,0.577185370219988,0.675169156433083,0.880812964340788,0.946937962999684,0.535096316789393,0.608692701701424,0.243700623420416,0.724805968220346,0.844222220647265,0.682151373905013,0.239647158110281,0.875516617834452,0.304446916470421,0.676883680202649,-1.97031114703974,1.62604425278557,NA,NA
285,1.14570939631712,1.20652320201298,0.0568984082510037,0.582547650672616,0.526466987899917,0.652971318978351,0.254105834369897,0.137715155487298,0.3368995667001,0.0329421149324626,0.404314261745545,0.187709629191901,0.28404475451028,0.81720671076607,0.842947312824544,0.266888601967483,0.863854122935445,0.513451101200306,0.476500000672764,0.00727278943476267,0.46089217391226,0.291983729459927,0.459499212022987,0.622191526280018,0.713257330895518,-0.449308684660506,1.61440398600574,NA,NA
286,-0.60840911933568,-0.607282578470432,0.0507114416309411,-0.749217300345675,0.388045876294379,0.240629828668665,0.140191264022258,0.1283715748752,0.11928653499682,0.979205768990214,0.640009533786913,0.0669606284422334,0.952816068979213,0.904546441882267,0.578328135763761,0.817645619382383,0.381604239153443,0.989365665038815,0.938238311152672,0.476455827595433,0.518437019282253,0.200773376547382,0.612345767575316,0.602434594189515,0.141178157506511,-1.50977324223194,0.0113386415405931,NA,NA
287,3.44615351508119,2.12066718503714,0.736439557939017,1.37699917090419,1.08749253900383,0.154957172076218,0.547861772711505,0.891485188452294,0.569426493225619,0.622730456226505,0.21841471581324,0.0455547496351646,0.175118121970328,0.231750217046938,0.453018020547694,0.0157391965524293,0.609744116922608,0.65302992227755,0.0582917172089219,0.646257895435672,0.707724470371264,0.668386069441331,0.770870133157587,0.52682061605819,0.608464695477858,-0.754447038999341,3.50844538080771,NA,NA
288,2.0951703003427,1.91861677267513,0.0800687286033285,1.9506739018005,0.449739886193517,0.339563142037368,0.32895933763124,0.933015181735507,0.5871875760369,0.243685409998288,0.952796445942484,0.822357082537375,0.254490632912843,0.524284230473568,0.534191015871707,0.408133397045196,0.689317878249567,0.444159175488283,0.409989855931606,0.361621502232156,0.0224255666378886,0.648567000578973,0.388328506393475,0.792447951576207,0.347771631241194,1.06919992245006,2.83214788115093,NA,NA
289,0.634518429192522,0.0656874989329456,0.870666918031747,-1.17721941105978,0.790428634897102,0.487281726608518,0.592386310848058,0.136989769357024,0.857378519758,0.430890343542793,0.82330514861003,0.079160296650487,0.9670615553112,0.131714205701603,0.609971883713151,0.240672482415452,0.858439027842483,0.548326033303514,0.955774218269158,0.481626026626909,0.326618001597584,0.144903276848025,0.940764239657554,0.215272119731642,0.686735287275398,-2.72643106780726,0.371992245687701,NA,NA
290,2.21026075628493,2.17509519460825,0.0500625130136161,2.35708611674154,0.388045876294379,0.0939279690856347,0.018561164734303,0.675242066529114,0.149019253705046,0.534552647683187,0.195544268898433,0.76802857319219,0.00186838114599232,0.159688387515722,0.187414291206398,0.740650539346505,0.362971054368536,0.497559357618098,0.336698001369252,0.931762074619764,0.841260870812112,0.848759927645442,0.550049590360024,0.619653183168964,0.383848141564405,1.59653017485527,3.11764205862781,NA,NA
291,3.11894043259483,3.03216767814134,0.0500812305696714,2.51280049389665,0.161827777808334,0.832723533705343,0.0316579948023427,0.623625854424085,0.176584868566599,0.752368563681375,0.908453550078324,0.00549179964105133,0.640121078650933,0.976110207724269,0.521828272710205,0.285173990464536,0.265789676308399,0.53103379913629,0.706629972473951,0.325176169777173,0.114707119346713,0.545470886387513,0.300172900547972,0.0205270416488638,0.859392400786048,2.19562387769416,2.82997711009913,NA,NA
292,-1.81041798129615,-0.828587768626718,0.959259141677031,-1.16986079241985,1.14132310678159,0.369118255252484,0.65526993295073,0.154649997100583,0.434147854686598,0.807421470499597,0.112649056094582,0.399279927195632,0.1142941239262,0.414739687961293,0.407821984822513,0.621159498553257,0.901279305280885,0.920028503526119,0.681649825106375,0.660538796922076,0.539889772769646,0.673710758152069,0.389462625276879,0.0414167169913417,0.429767594836885,-3.40681297643512,1.06709139159542,NA,NA
293,3.28534042903745,3.34063965154814,0.0506053965112981,3.17241038225151,0.585677095453349,0.70224392081704,0.132115191648831,0.859964347893372,0.982237978358869,0.327495411312906,0.702789406102616,0.789213533630595,0.00433581221231725,0.526761025984772,0.908240206857794,0.45903375760687,0.790849064909038,0.850620583043434,0.849336844163365,0.773185469495365,0.618572893456905,0.716180438246694,0.275204050585395,0.0114310329791624,0.544499479605234,2.02450436859292,4.3203163959101,NA,NA
294,-2.94011027695892,-1.97193469467939,0.578306605077842,-2.01878604794378,0.777248725085506,0.0810416445379378,0.511269915447687,0.499081441285438,0.878309781765449,0.475391845899052,0.75926234078058,0.93753019132663,0.0481638926469022,0.555543182812049,0.225101088732947,0.349237157511874,0.869227214868995,0.275966642023064,0.650093483886914,0.653044679025887,0.920336142070359,0.640184080566629,0.550651660265867,0.236135654091951,0.0228233966547996,-3.54216555614104,-0.495406539746513,NA,NA
295,3.28008949140142,3.84300471142507,0.317165973616687,3.35958950922813,0.877707036733745,0.988727740421076,0.453080913301208,0.718393421010696,0.0728656185080763,0.602306469241274,0.103437192299403,0.743608318933635,0.40616171873,0.214618913642014,0.34329580086004,0.677571707111434,0.733017497933703,0.300611838108627,0.750384737339686,0.604846088978811,0.681251383693889,0.874255025224062,0.0283083348408109,0.355134780721506,0.704552016205504,1.63931532825262,5.07986369020365,NA,NA
296,3.52454726498254,3.5834953330239,0.050722139285647,3.64083765668554,0.530035633779658,0.674046647522715,0.140938060439657,0.501386266164016,0.27040960277291,0.300513029756257,0.360436953958706,0.228674664643011,0.769452548339614,0.156293407451594,0.360860059001949,0.685689256881131,0.433885536980582,0.525633316017222,0.484178830564022,0.946129667502362,0.9262584018372,0.591306042588665,0.905099762106664,0.690655998392496,0.168402443516185,2.60198690395455,4.67968840941653,NA,NA
297,1.68404314788332,1.82282693452122,0.999718682739182,0.943393573571966,1.08749253900383,0.242431340965675,0.906221901089419,0.282145706374547,0.622355125561939,0.971829628593754,0.161852994111716,0.514002532940824,0.108053941188729,0.193693440610077,0.731698473558528,0.611829762252048,0.459643361619674,0.398954798975028,0.300212763860472,0.556070843311027,0.182992201588699,0.0161673360274872,0.558944386724266,0.808865277103498,0.540798038260778,-1.18805263633156,3.07483978347549,NA,NA
298,1.8156853810109,1.85062070246725,0.0589363652485133,1.73121320956446,0.351197092980186,0.403926071555703,0.267155908642802,0.0890171961365268,0.925223725885386,0.857467259438825,0.102108179020579,0.267338040817762,0.948740075782989,0.35855235017417,0.411634337077267,0.488984020253411,0.969933329670574,0.171111020224285,0.199152808428858,0.932527102034888,0.65918048974697,0.153849369046977,0.513890675359406,0.84801633080747,0.969475762027432,1.04287955584813,2.41954686328079,NA,NA
299,3.67692383621531,2.47245602284067,0.912092380059201,2.18408488056326,1.25681324922324,0.861408144204412,0.614153797234176,0.381202032121248,0.0358331672714558,0.636629056893871,0.210398870405974,0.116035219912068,0.491102615765412,0.259371308983187,0.153919664659421,0.846391232616617,0.0144097582650138,0.696444772133371,0.0571635501766577,0.960639947975171,0.113064905562322,0.347900714112562,0.89306249740487,0.619253186029382,0.363894255808322,-0.279223823207063,4.64739358433358,NA,NA
300,-1.55880895022994,-1.69881373204891,0.235858262829721,-1.84344213144419,0.449739886193517,0.0840065190246096,0.429311553180451,0.63168359699205,0.667203553547151,0.275430593221681,0.333322769924533,0.594652041126275,0.7095026828954,0.508290453115013,0.728699573056889,0.874081184597802,0.296245768119697,0.515195714273374,0.168223621434183,0.0528715250084642,0.947564090123866,0.581327064666082,0.289058179705404,0.0662516963381786,0.239549378869706,-2.72491611079462,-0.961968152093751,NA,NA
301,1.7586910359162,1.79823063290734,0.0535637867858968,1.24482230534894,0.340525183998835,0.357755021105404,0.220906005366473,0.845061293725623,0.962707739006379,0.548362004909082,0.011682202392607,0.283750714644673,0.983399440380046,0.757963429687778,0.472484470866271,0.883346954082372,0.120676298239385,0.436407280048006,0.0111332278711488,0.28675071553234,0.770211548950407,0.654046194649069,0.322438789244043,0.411683799449936,0.310794031143305,0.577405208882347,1.91223940181553,NA,NA
302,5.8284012364992,2.50453372478478,0.996021089863356,1.99934602756767,1.14132310678159,0.391965233064257,0.773562845787266,0.441247955219238,0.283203533918015,0.940381760889431,0.589691525594797,0.21339004097681,0.457267692956957,0.424811115041142,0.161115847686189,0.431274611430243,0.484639116766281,0.154193718170631,0.459321557286195,0.309772680114023,0.207679998162203,0.337821426663431,0.21632473893126,0.726965834513074,0.338955583839677,-0.2376061564476,4.23629821158294,NA,NA
303,0.308938488312503,0.293586906217624,0.0500455513118985,-0.0882737613541471,0.340525183998835,0.206088894089917,0.00273350554483477,0.269228165469482,0.726240466258721,0.598484853978851,0.988345440542558,0.877809005960007,0.968953671117895,0.94943927770725,0.550814067694126,0.714582924484625,0.192465780034428,0.171689343329053,0.852747967977892,0.410768075770815,0.661713921021554,0.430547292625532,0.162528567315079,0.401572641944513,0.0499804802730214,-0.755690857820739,0.579143335112445,NA,NA
304,1.30332373901678,0.0303007986643542,0.907503481579492,0.681654744952222,1.29644516461767,0.902030930878362,0.611342711703503,0.861621458252775,0.865987821438699,0.950830299802939,0.944571100290515,0.172424555871286,0.0472621318516321,0.306049059906509,0.113046587374411,0.744763157225796,0.649908327094628,0.174133446833468,0.344288108006003,0.689153547676979,0.574722960925195,0.469092174928053,0.858462018828839,0.599264030367951,0.388545988213737,-1.8593310856295,3.22264057553395,NA,NA
305,-0.543584129731598,-0.883148117770976,0.282196308027831,-0.503723813505315,0.449739886193517,0.239136376103852,0.44356935235078,0.541261315669166,0.590548259060131,0.269808721499052,0.942223311374662,0.50939895515528,0.611298147690599,0.905275385026121,0.95189250456728,0.0422147642115597,0.62733434762503,0.486133793159504,0.758850418599439,0.52786380004778,0.316268097714754,0.899419702144223,0.835074549061479,0.333686644839938,0.308709820598364,-1.38519779285575,0.377750165845121,NA,NA
306,-0.0391634029141959,0.00147139433415459,0.0536049923162676,0.577435350904083,0.585677095453349,0.961013520758715,0.221482980086701,0.810103182159713,0.669244905993459,0.251724229873857,0.337401495492668,0.621652866418241,0.859885906667681,0.211879759397474,0.0463239908579271,0.574986551778507,0.468619127173326,0.0183198682087241,0.457679635449429,0.565362765033846,0.788068946206476,0.915369864942739,0.452492464176263,0.424660227954737,0.381271097717807,-0.570470662754508,1.72534136456267,NA,NA
307,1.22906342197129,1.27105788484439,0.123289000303697,1.69877272916019,0.425460824727681,0.526797917160555,0.375911656417069,0.673474556394736,0.486199807321769,0.865598243453773,0.489852574933437,0.222800008793711,0.144324902394204,0.948740084773628,0.893419832143001,0.530901244417299,0.931214234512299,0.662204590841313,0.464834483877406,0.318139163002488,0.167270610566949,0.893656204495463,0.686468196841306,0.928679851193097,0.957397573315655,0.864884835861227,2.53266062245916,NA,NA
308,0.883717852390827,1.29219781904026,0.860650144299476,1.43833422049688,1.01691380968371,0.335335500470479,0.58804244272958,0.871176734261215,0.579134872370632,0.465402763078921,0.623786190028884,0.737005099191214,0.487168780044187,0.751898758005118,0.650896839019959,0.202794376909849,0.635270164726069,0.00372276580042671,0.950869219522574,0.329694119852851,0.836884369250038,0.309502653288655,0.0293834190079942,0.678285487859393,0.995085744622513,-0.554780221864618,3.43144866285838,NA,NA
309,0.809419334078139,-1.04896747790085,0.998810458690998,-1.01015493353516,1.39965674110862,0.319487321058172,0.834082063652924,0.0283367315741489,0.531317935296334,0.320452667355537,0.742425856596557,0.434809072552598,0.262542351717711,0.173265663998551,0.9683032662021,0.742247118651285,0.674038866110379,0.466615140720736,0.0769111589743989,0.425181224116124,0.403183554852614,0.938742524420726,0.422201394464588,0.621631907136994,0.906550650653895,-3.75343173682677,1.73312186975644,NA,NA
310,2.35747456055347,2.34168059280226,0.084530477110617,2.14882672751579,0.55571472265377,0.185847980245948,0.336120262757526,0.228136761475005,0.123546110527473,0.0721169083435088,0.0744789039370371,0.0715389612024883,0.863450518517056,0.903444065904478,0.770509300018428,0.00756694561347831,0.395206291240407,0.354084304500255,0.350439828987466,0.348537126656622,0.110635135188699,0.441183562320657,0.951578680550098,0.457610771483858,0.768732527211308,1.05964588543574,3.23800756959585,NA,NA
311,-1.7681797612735,-1.81139218483321,0.0925840940106768,-2.33509120141815,0.51700110328822,0.339403084402671,0.34704399536259,0.997321589170722,0.0651293697367655,0.112707592260209,0.682951451386791,0.0705371346556349,0.79377072412998,0.860288220266346,0.944243297004374,0.419859914750443,0.823778880311991,0.429437842757558,0.520344287210843,0.349817958240048,0.557983694254304,0.650304899116396,0.208941469437559,0.821107600492309,0.709256643059314,-3.34839474383053,-1.32178765900576,NA,NA
312,-1.79064520716944,-1.81401550019826,0.223593542649942,-1.34814354010226,0.55571472265377,0.255055498159374,0.425102021825849,0.0803659747252241,0.330665321165114,0.464883761681267,0.865139915361768,0.674955228162347,0.239678098488832,0.361291687803809,0.717339828321827,0.925368020063965,0.450666754731792,0.405954942509881,0.911618467423716,0.940798421989428,0.249586522855214,0.610004528167541,0.551769991302048,0.0832047011721879,0.247126490580617,-2.43732438218231,-0.258962698022202,NA,NA
313,-1.04911953384579,-0.27905401168632,0.999492926583339,1.20865295434823,1.22125306711407,0.599159018550417,0.876751378021902,0.202897577227908,0.65613252840389,0.555260534323868,0.826773509367253,0.553895891415887,0.412141872015782,0.866772409428726,0.263214490904938,0.432541236321209,0.0237033588789636,0.274850865707267,0.480838367958786,0.679650208251551,0.692779581415118,0.604788516380475,0.569808086214471,0.730711257664952,0.570881568620214,-1.18495907320442,3.60226498190088,NA,NA
314,2.16195675242283,2.14997700835171,0.0796570065222811,2.72169758985413,0.435827847042349,0.525522718746797,0.328247599281603,0.483066727694822,0.545961731752846,0.729421965437243,0.476478212862974,0.495665559464484,0.945836698695202,0.696063497685012,0.211441433904343,0.82501894652308,0.927212962006917,0.839467148737749,0.424924350195215,0.665986238719779,0.938228852979606,0.972059982118895,0.454215566317434,0.21228106665588,0.147442909756675,1.86749070619149,3.57590447351676,NA,NA
315,1.03605872220268,0.96491123722087,0.245060803744881,0.0726225405667328,0.585677095453349,0.684609734304133,0.432333705639583,0.665953441592515,0.875294010055019,0.0451960140813608,0.811018622511649,0.651797308376292,0.359765913858893,0.168685658038827,0.122055037760292,0.258049441004638,0.478969320540549,0.452758039427688,0.788840105523588,0.0942179582440294,0.705349697282421,0.363326962134917,0.0548750710100867,0.393943768723053,0.816173879185459,-1.07528347309186,1.22052855422532,NA,NA
316,0.208223672929405,0.147710865468664,0.057986474764688,0.193532566951078,0.839199562004232,0.586264084947296,0.261486491201213,0.244535294287605,0.808928487840807,0.850389718584716,0.58939621454908,0.472240111129126,0.972053993594018,0.362268523978768,0.339994752356084,0.171235801276169,0.949905030629714,0.56324216149596,0.436055624178727,0.988674335773336,0.424546887921635,0.747310255634133,0.184146245621028,0.206262528177002,0.758241973184864,-1.451268350419,1.83833348432116,NA,NA
317,0.288916891750661,0.0215325703179976,0.998234444012144,1.11243849907874,1.22125306711407,0.877972861137707,0.814306806371314,0.436418431980186,0.861255070555955,0.0129328782903031,0.934034617636702,0.919898818488233,0.676382441542228,0.824755861549173,0.0854431472268188,0.880625803664792,0.446399265404325,0.463620767888613,0.371387482734048,0.913923997589038,0.874095865663257,0.746815538031515,0.0857298895303393,0.120507585048443,0.784270840994897,-1.28117352847391,3.50605052663139,NA,NA
318,2.04199791155865,1.87409474420193,0.229551449970203,1.84288169296432,0.55571472265377,0.371199898011051,0.427174445923534,0.0433389894021675,0.101961692260578,0.388160271032015,0.572009235555539,0.4357500465177,0.743803781302879,0.0425069164846791,0.635753186001093,0.30355928475759,0.11894111778494,0.843159616537858,0.561271040748223,0.94784349582158,0.311927163285669,0.235280273496872,0.145949067696929,0.871141617550398,0.0699023141034413,0.753700850884264,2.93206253504437,NA,NA
319,4.27210195257087,4.37351523438545,0.0658278053009032,3.33576765246821,0.746334219117373,0.772402891940204,0.296105371932499,0.246391693637823,0.958939487136318,0.502944225897198,0.0377750679454766,0.300504831426078,0.0525738865479361,0.945205848709331,0.0636042906048242,0.0557086042220471,0.149439517978579,0.457799915656797,0.782780519966618,0.26916796341876,0.799922563767526,0.247507452373276,0.984837295730947,0.496946423201938,0.00858384022279643,1.87297946256833,4.79855584236808,NA,NA
320,-0.196342461961388,-0.185562695446998,0.0558131221559736,0.321912856979682,0.80613713429813,0.971857955294894,0.245489684620057,0.17078036670736,0.183330867393524,0.675618642967776,0.293696253078175,0.545189472887432,0.884176447809557,0.391304938091896,0.834803107037675,0.554651780924993,0.785296214248636,0.19045994470967,0.557636762452195,0.921976142558386,0.842729244750109,0.147277379286359,0.250248890731251,0.889341601499938,0.745247525588726,-1.25808689284498,1.90191260680434,NA,NA
321,1.14801945117739,1.06882674952472,0.248105138343203,1.34743974783811,0.135779337699774,0.798199612729135,0.433310069447383,0.00309064528683666,0.814042538066977,0.104832357240608,0.876843233436346,0.200906031281338,0.958935044350801,0.958251522591687,0.262441619138815,0.316483745589736,0.699472460230463,0.431002517289249,0.361812069248641,0.444434203594341,0.519812600612408,0.332658289074083,0.495361198574305,0.747819225077052,0.612722060750937,1.08131713610185,1.61356235957437,NA,NA
322,2.11687248313904,2.17598649357139,0.050087154987548,2.08629811293171,0.83745330883102,0.569761078565847,0.0351781241259305,0.444386542496271,0.89711257861054,0.103312622025842,0.515992282254738,0.280581230551936,0.187126598499366,0.340180857765721,0.406205305818468,0.269525278318208,0.555053107236745,0.417242255311226,0.256923395831953,0.779408398925676,0.76723185211292,0.657947240460431,0.87113667196373,0.715770104901399,0.353170801603352,0.444919788889013,3.72767643697441,NA,NA
323,2.32993016614007,2.2794067659092,0.0548502479618093,2.18812388845159,0.730990099001995,0.573794858277775,0.236384322354221,0.0409750896650367,0.935995162023464,0.860200066172169,0.556474133601063,0.897277608661214,0.270168799812673,0.641087676314986,0.915997553442838,0.28623905151966,0.633145851663547,0.762258513409994,0.17738041048008,0.280930078170379,0.939192869268358,0.45264924765809,0.342152304479503,0.740159156366717,0.199623476550099,0.755409621352315,3.62083815555087,NA,NA
324,-1.64458059684252,-1.98575957784712,0.521815915247753,-2.54835426723565,0.473129353069711,0.275237229294376,0.49932965632726,0.630171483739861,0.561449535650085,0.313626816825825,0.760722315719118,0.791771377257188,0.693123789848643,0.88393238721299,0.19552312704525,0.294553421313525,0.21918111541518,0.777481262347195,0.615211749452865,0.445642488267156,0.67496994895651,0.0897910015102243,0.421555686057545,0.572640701772179,0.682854156394606,-3.47567075928102,-1.62103777519028,NA,NA
325,3.12616306127297,2.11746815812463,0.891084821896104,2.29085179185873,0.98633447250859,0.477249939895701,0.602206155825523,0.945268654777668,0.82238841073669,0.333637261405471,0.423878075916087,0.425005123150768,0.100266569591942,0.530741431448958,0.512546567225363,0.424676212111488,0.876548605154152,0.0448896819376387,0.857839397864416,0.813992952681845,0.347921343512251,0.161436772291199,0.0141932745435042,0.549811844905256,0.463269069041358,0.357671749031581,4.22403183468588,NA,NA
326,0.781005305621704,1.59787450183108,0.998208742594866,0.314741025228374,1.39965674110862,0.274073885164689,0.813582841820782,0.72637894832762,0.987656368015334,0.128078570497455,0.808099060715293,0.6878632394257,0.286842842223239,0.988434615527513,0.33477958659525,0.968571586382575,0.916771587748779,0.214060417866684,0.0061411035557976,0.54955239078938,0.0638157465064432,0.595194890651852,0.936891326609184,0.744923869586899,0.463608870737953,-2.42853577806323,3.05801782851998,NA,NA
327,0.926521686585312,2.02676468153776,0.951896946119203,2.04181350379029,1.14132310678159,0.214103867178084,0.646557729888591,0.67028766256664,0.221914594100788,0.802937492097728,0.84276216183661,0.664004011361976,0.783443074140116,0.5992756806463,0.337536717054318,0.24473291879578,0.0171861006934196,0.160749901927775,0.712823886775761,0.0848382966505596,0.130031256899587,0.938362310804659,0.303593645377085,0.409926956976298,0.12396009754925,-0.195138680224977,4.27876568780557,NA,NA
328,2.46952387728915,1.62287785411261,0.969430505744399,1.65386802789065,1.08749253900383,0.410931866282364,0.670187593546347,0.81546188994695,0.586941323922481,0.692411796690663,0.272441429007216,0.704084883757052,0.101167364017689,0.35099691161653,0.498850620561861,0.154404131646268,0.296796756497235,0.868675378896762,0.577268551365589,0.965356525056646,0.696484959093272,0.0171134194016922,0.643717449845397,0.755464275740436,0.503833516028943,-0.477578182012878,3.78531423779418,NA,NA
329,0.282916501680314,0.916506522755251,0.94954543525775,1.29420921967152,1.07958489405795,0.872553306045593,0.644040817028494,0.952315026452183,0.14950955911912,0.447398290169076,0.145297445918317,0.1429922499198,0.870871024272405,0.637480285706348,0.179230389993289,0.91260077180306,0.0242595963102067,0.718194747193134,0.802797420744668,0.762107541827601,0.504060234026518,0.907026100693387,0.522259041458485,0.967183199808234,0.854039829099784,-0.821738290935558,3.4101567302786,NA,NA
330,5.21642193761851,4.29643856267804,0.998674023255593,3.15942886029993,1.23263520377092,0.754035016259993,0.828645794557873,0.37121186968952,0.364227132783853,0.11755802327639,0.563047093603294,0.591353619021946,0.938709334949148,0.254763355617528,0.586106865736074,0.0284118317242246,0.284538019089843,0.124800717963371,0.585769529101904,0.461374135807157,0.0630270994851598,0.331369098459487,0.592421937720268,0.402427764092805,0.497470517765498,0.743508254832739,5.57534946576712,NA,NA
331,2.33878674312689,2.2707198699765,0.0716934554405719,2.29618408604818,0.746158579060926,0.857864430962596,0.312182430801447,0.129610631638905,0.0491817441149615,0.170838289768435,0.785362851292244,0.474769872866105,0.760932944367873,0.639086228988366,0.910771992011112,0.33642753628979,0.666468799269991,0.395306937861722,0.695508379075211,0.268394475523382,0.482009278400335,0.923165256613051,0.273172485269024,0.634064182478353,0.210964285470429,0.833740144333183,3.75862802776318,NA,NA
332,1.55654888957313,1.52454707372729,0.0501185390667103,1.39237897355213,0.713712277695745,0.725282842450193,0.0505575052648783,0.432224918930558,0.176415222474025,0.520595309823868,0.179773903271183,0.714466673058225,0.0336629376511555,0.595228157421574,0.938326907455456,0.113012616564985,0.193292517805705,0.0151600436843,0.819481402338133,0.857699611298391,0.891187196929706,0.758557486708509,0.794742040101439,0.555989833444939,0.36641306133999,-0.00647138605558339,2.79122933315984,NA,NA
333,-2.26036808961855,-0.585568645685579,0.998389357291157,-0.713491747141383,1.14132310678159,0.168925517864409,0.818906591749983,0.317303375590709,0.464875234432518,0.837383495356189,0.361797340478748,0.928334051743732,0.525811226682039,0.463668358340277,0.286540427114349,0.240301408594009,0.570910274760914,0.598167355049518,0.192926296580932,0.0475701892193174,0.720067322127288,0.504853384208516,0.202690619894653,0.0840466472865082,0.244774140306166,-2.95044393115665,1.52346043687389,NA,NA
334,3.52376812304464,3.59973539596216,0.050144233732974,3.22457390288861,0.710618923980455,0.776030113895307,0.0603684851141879,0.31073856368952,0.977599737856071,0.27459027639206,0.0380734551702626,0.491197068314883,0.594124232931645,0.451095799032599,0.626212506123469,0.879130756941391,0.533582847272628,0.49484286473447,0.695410154874204,0.0867896667150781,0.865699504689896,0.376916413241881,0.223822920624865,0.786396427893429,0.39941923296696,1.83178640515431,4.61736140062291,NA,NA
335,2.68026357345794,2.65316551967482,0.0509271349547017,1.37991326255997,0.972584408816207,0.523835139169591,0.153442914082902,0.457365298410878,0.310417640275904,0.62180152822088,0.356177501433413,0.177222470939974,0.859436751993373,0.685925484731211,0.846535482355859,0.749139667990967,0.212321943049435,0.20691372488474,0.162479433798464,0.522679440489039,0.00781178168812767,0.9612652621374,0.0270128855843795,0.791759990917635,0.0248199615856865,-0.526317150644975,3.28614367576492,NA,NA
336,0.684518813034996,1.37770209375324,0.999956295261187,1.23812345651545,1.39965674110862,0.10998962506454,0.999335736082983,0.686437115533045,0.15793767154729,0.461952022027457,0.936697295261547,0.978335453172564,0.624812134618056,0.708766000243486,0.509131513777887,0.646898854615283,0.210713960842695,0.729179382890812,0.0839551546954317,0.415670245564426,0.763325169397635,0.113226280189934,0.805334696732229,0.847628430981422,0.745719767338946,-1.50515334677616,3.98140025980705,NA,NA
337,4.4480398613546,3.72584684163152,0.928898085696476,3.23829369796411,1.25681324922324,0.606307503493736,0.625727734347689,0.911086345372722,0.521727310838061,0.672599039214663,0.972517689880799,0.672433250037371,0.886903700493975,0.728892562429421,0.0202415259891422,0.435463319423376,0.400990958862472,0.0837834515952272,0.0613259235909209,0.0456953003857052,0.935100952094188,0.0989614216225455,0.662230898740818,0.300963059004862,0.439787498953752,0.774984994193792,5.70160240173444,NA,NA
338,-0.692332483081959,-0.639525222877647,0.0509479362178603,-0.556543478122265,0.85435310721902,0.965941547827562,0.154553414071794,0.794833031860762,0.480336671088473,0.439713947324897,0.746027944719768,0.880476838998496,0.523163539381581,0.611560872273287,0.223346824760549,0.571144435013644,0.850329800638603,0.979086103028851,0.0734232891277643,0.566425465877051,0.723623430927983,0.943071280705277,0.872991892108694,0.604200318979099,0.781716225435259,-2.23104479835143,1.1179578421069,NA,NA
339,2.00053341899156,1.64907770328082,0.99095684799564,1.6741230660268,0.078928691850722,0.898897750392673,0.732244474712526,0.648715592579567,0.258037403981201,0.0590330854407512,0.153039037359878,0.956203463398269,0.566547126196558,0.229419038770488,0.200982292839559,0.937225601327373,0.796662575719063,0.296734095938387,0.412905123231583,0.176504654181306,0.29718461291783,0.116013964372571,0.0116842973791063,0.905315306248493,0.352776860990445,1.51942567265252,1.82882045940107,NA,NA
340,-1.67451535534363,-1.74929134899104,0.0505242836541447,-1.56727638870611,0.474966316662938,0.283636971936678,0.124918381442782,0.168744194416446,0.809112506806501,0.722940253392677,0.77303843194095,0.0108903800739208,0.750318593507516,0.735767884221626,0.344482921270654,0.285530999673181,0.819277733191149,0.66162389277562,0.970791094062268,0.0137349457842065,0.237295834104298,0.985483717325726,0.473495444215718,0.284810606364976,0.182483997837291,-2.49819326323512,-0.636359514177106,NA,NA
341,-1.22175427275984,-1.03313607983669,0.802960498122422,-0.351969796082963,0.926680932716709,0.312621580474195,0.567030427065445,0.259954670769977,0.903233084279345,0.0269760960171698,0.866474740808364,0.573585436664871,0.909862597154453,0.706715469768271,0.313212072290946,0.634449834244791,0.403932762680924,0.732141183335916,0.928396869897377,0.603404235459981,0.176250521042268,0.584548925702809,0.857135540346149,0.976188100638334,0.824459428842994,-2.1682310493677,1.46429145720177,NA,NA
342,3.88375219089837,2.4282587715694,0.989290300901662,1.59224704128537,1.25681324922324,0.827988275144133,0.723698740119813,0.505989812577609,0.328260683204979,0.658126834953553,0.993770934953354,0.628911891719792,0.766318147773156,0.0339180971445749,0.0689449567692354,0.436066832846729,0.105414223408792,0.938424705889774,0.791070189636433,0.0521065189426299,0.635324637027457,0.970326411347603,0.541036281107692,0.0428176145748002,0.741935701870709,-0.871061662484947,4.0555557450557,NA,NA
343,1.81473277889488,1.76112889585815,0.0638664309347443,1.64265658801934,0.51700110328822,0.124051675115013,0.289385635513347,0.527948457170511,0.126920660564909,0.139235619523679,0.621729312050389,0.654178709770902,0.877323285117047,0.912175996132661,0.471017568451702,0.541098619080149,0.746935510546202,0.890215895889094,0.0380762198594166,0.0976547850832576,0.164761090679211,0.864061887963093,0.915978031741222,0.700192547309212,0.247563939015381,0.629353045606956,2.65596013043172,NA,NA
344,0.510948389783044,-1.15363234863301,0.925727712214278,-1.99926396621499,1.14132310678159,0.368638694741298,0.623365865348722,0.884761461540358,0.0672256538409274,0.648501360280905,0.603220908552292,0.662064480348839,0.155561170549714,0.131096328706481,0.566684194527566,0.129593146706349,0.259750669100322,0.372530988344573,0.911439840060775,0.351620276745409,0.555567638828186,0.117948856966104,0.396538212917978,0.248387838789378,0.0463198099028086,-4.23621615023026,0.23768821780028,NA,NA
345,0.925109967286505,0.802105216471448,0.101932157907205,0.829645613242268,0.340525183998835,0.0980173072580947,0.357484629885526,0.971741552531603,0.566160129283788,0.643215638030204,0.163293144738185,0.830291561571532,0.871342970074387,0.116218227693345,0.83968353181018,0.23072397765005,0.413143024611985,0.660387597623747,0.300656850543804,0.0239109033942223,0.493704571190872,0.68078111709014,0.844095246301033,0.298342314373236,0.707062564819702,0.162228516775676,1.49706270970886,NA,NA
346,1.11272347390165,1.53239858517994,0.99286343444005,1.92128986469984,1.25681324922324,0.641692962967791,0.744184490260668,0.905284620824852,0.4684709720104,0.877951712979819,0.735277338659158,0.487744076127536,0.697795818652259,0.164456739845918,0.923707392489188,0.596066700368887,0.884987066587317,0.939969920684118,0.349232733687735,0.549059461271623,0.650474471413763,0.0921434333558427,0.366872065776843,0.03065474401752,0.215680830147467,-0.542018839070478,4.38459856847017,NA,NA
347,1.49059606713192,0.863715903112192,0.996011560469507,0.877750757228637,1.29644516461767,0.632341370134382,0.773442736502853,0.703683111195685,0.819395822370774,0.478653229190852,0.841346775859944,0.911446639343747,0.508814704424702,0.571851011278341,0.412729611978051,0.0261675782761304,0.668766343392199,0.48054875744076,0.241711892223451,0.929361300968565,0.445073564276216,0.121118204236147,0.898735624079127,0.795852867710288,0.146813999750535,-1.66323507335309,3.41873658781036,NA,NA
348,1.17938802421392,0.834253615224692,0.268315566078471,1.0051250003413,0.388045876294379,0.114041497787461,0.439529612355283,0.517500073413248,0.0214008402336622,0.74227469275624,0.860373901201645,0.234156609538244,0.775047826427501,0.162172632633243,0.0981236285989871,0.899592297366471,0.862553027460701,0.806368899223744,0.967858927957946,0.785058158091153,0.545912060278468,0.487713746692054,0.484912952698185,0.405725960363867,0.462776659210445,0.244569058455037,1.76568094222757,NA,NA
349,-2.10197391285537,-2.01702994004852,0.0745219485613667,-1.57379918006898,0.502646347146875,0.0894214306636714,0.318462907988927,0.210464910346898,0.480754748061998,0.763387093698257,0.101277367982548,0.423112237772788,0.440681335671572,0.327773654651479,0.740390043244814,0.338075075732544,0.875536435898626,0.990786977197044,0.793097734499723,0.285805251175771,0.526217493272037,0.844881422153441,0.750003608902683,0.677749521038728,0.370045515028411,-2.55896791743747,-0.588630442700492,NA,NA
350,-1.46092278722046,-0.938926145871386,0.971617324379139,-0.170875848112919,1.39965674110862,0.462916847599088,0.674017557111802,0.91947732870921,0.274974524768069,0.0100809554128209,0.536451914142817,0.00674430391995702,0.435564781700727,0.398269029615796,0.482772092037019,0.708111556737917,0.111731998766656,0.484540190092986,0.40479276393808,0.968311911458964,0.812816259394516,0.655578884086222,0.516413703576429,0.984744845554698,0.413123319166247,-2.91415265140452,2.57240095517869,NA,NA
351,0.674905787393842,0.318190035349175,0.358024225820327,0.519489273251821,0.437463296420085,0.53674967220379,0.463281393354293,0.314654595953762,0.422038222510018,0.889775316693354,0.42192492202064,0.767752627778798,0.201833846432273,0.376160742082866,0.565804015471251,0.0671956675632391,0.804933415623847,0.230898824688629,0.441389217058662,0.97532430684194,0.0765054643850308,0.482559239571099,0.934115134548862,0.203758644449874,0.251619255950092,-0.337923032289715,1.37690157879336,NA,NA
352,1.78526613749409,2.08605875293665,0.148323931943642,0.547501875793835,0.831183239027121,0.700035931026097,0.392053060151287,0.405295306968386,0.449987127856934,0.609660532266484,0.93092065789632,0.953036775266286,0.472794900191016,0.251980578190531,0.61734178831277,0.200517432634719,0.2607912521197,0.483098109845072,0.0260469664478442,0.47446986547939,0.671264601207338,0.0359122104492271,0.601616408196278,0.251349523455137,0.641846774636069,-1.08158733725267,2.17659108884034,NA,NA
353,0.637635704014245,0.690252523974564,0.0605014928331448,1.20090115392067,0.585677095453349,0.560207879575901,0.275308559587807,0.706771799268317,0.838334549093735,0.298140714316047,0.825098567134584,0.158655936047551,0.521801420561853,0.676485277778353,0.509796151087154,0.650212540260749,0.428279535266571,0.116753278517514,0.787247682981309,0.446745088213822,0.580447882258333,0.313270247262786,0.420578904095455,0.561931822614046,0.354800710333162,0.0529951402620836,2.34880716757927,NA,NA
354,0.704878197235113,0.746469821211124,0.059934990458069,1.05103438486823,0.423626498268846,0.88145594088838,0.272505694180378,0.126062086565304,0.460939777767053,0.823162077401299,0.417019471872365,0.207427570852451,0.0243640229924349,0.704312939141761,0.0653954942494165,0.687033002043143,0.57740420966805,0.756007315312861,0.528777515130583,0.593604876582627,0.163697172331973,0.602207660185173,0.681861818593578,0.768468377540703,0.988688219160074,0.220741705364477,1.88132706437199,NA,NA
355,2.1676154432457,1.7301380405506,0.344841259696685,2.06546077695715,0.456786674230267,0.407102671855828,0.460077977545327,0.241296534525929,0.478504460812663,0.451045817732695,0.8737001336338,0.363900599454995,0.670952635561116,0.830021087972913,0.704370856901747,0.884511220330605,0.355509027403896,0.8679863547032,0.326622676196042,0.479597316864645,0.145235546450131,0.521734519308899,0.854914997586864,0.787738888327614,0.0146575592217268,1.170175346848,2.9607462070663,NA,NA
356,0.96064046908898,0.648295398873378,0.997926101195276,0.524527341176969,1.39965674110862,0.494852592081064,0.806242311529815,0.112495604662807,0.550247229130939,0.421726419915445,0.0790337874498218,0.435312927733292,0.807885499310796,0.481279500633129,0.118304993724334,0.135623433945002,0.350843080902006,0.705565716673736,0.448060384705546,0.815056363009731,0.624874295924325,0.345352524598595,0.639382697883062,0.87459979177569,0.987137069014483,-2.21874946211464,3.26780414446857,NA,NA
357,3.99034592293305,3.38178805918101,0.998968530627427,3.32276922861383,1.23263520377092,0.588989556101267,0.841219563826802,0.968286474398919,0.335683087094571,0.177598583890125,0.411544097817037,0.550130083233584,0.0317991176382639,0.534177638080786,0.170924767505261,0.414820148042636,0.64805941450363,0.493881907692179,0.370662882302771,0.569656157698366,0.273827785327798,0.0176277370143216,0.566035932721221,0.263735043284367,0.342013030113303,0.906848623146637,5.73868983408101,NA,NA
358,-0.814752755404575,-0.880345840098263,0.129080341942986,-1.00117400992035,0.166136453979154,0.203869510449702,0.380045729537262,0.401761545626796,0.403289032395114,0.634090828638524,0.66995007871557,0.0315398828493198,0.0902347193246242,0.280835455234977,0.00934132256382145,0.409313224222045,0.159650435238611,0.565081312284339,0.516360287935357,0.52228775606025,0.218034237269312,0.895667651283205,0.0837133555627661,0.317288482819218,0.626785669406876,-1.32679547623869,-0.675552543602015,NA,NA
359,-0.479643290932847,-0.261767417776034,0.998935859740434,-0.130045411759862,1.39965674110862,0.408571325126686,0.839658700199332,0.769517770709121,0.704869905110914,0.256356756582274,0.933869921655976,0.539307224903954,0.530487167160143,0.702610106620472,0.762487431715243,0.0681338853527559,0.814235784324701,0.789546637582593,0.773579752158606,0.523883408623398,0.293657245625043,0.19340971390903,0.288006300363224,0.209811868099612,0.633495281333337,-2.87332221505147,2.61323139153174,NA,NA
360,1.33457729972016,1.40718407142708,0.947051565865957,0.519687856083443,1.23263520377092,0.69764627169969,0.641489742418285,0.393318762307055,0.542714629436377,0.311748798993998,0.13108577556489,0.124193731688196,0.438195422101766,0.892958183679613,0.0494995586600853,0.297128883525846,0.272012169640977,0.307489563617157,0.43195779423567,0.607599309363635,0.594560578906792,0.28469598041533,0.222842944461503,0.756644072737661,0.658137614509324,-1.89623274938375,2.93560846155063,NA,NA
361,-1.58422172915458,-1.51599149211667,0.0501201857050341,-0.959076192565688,0.194945978274951,0.412971654817811,0.051247367210919,0.916687142518233,0.913424555520643,0.855763476726715,0.235732203175081,0.542651228194358,0.0693814728551079,0.21648869369051,0.869067017040099,0.219033236193703,0.587750980170793,0.29595527174673,0.11248312976677,0.854537145627663,0.592620789992972,0.202195268634241,0.833419216723647,0.138363081270945,0.651108094205148,-1.34116328891552,-0.576989096215855,NA,NA
362,0.977185853213172,1.73454320865829,0.896712379080125,1.06313674194078,1.39965674110862,0.0250626298881834,0.605192176409415,0.368935277663753,0.203407634686329,0.0138492475159001,0.26447450109839,0.75461679064529,0.401765516374493,0.607230375410756,0.328878401749884,0.844874377602828,0.564502209146041,0.388910138398525,0.335129368227674,0.726835075904382,0.83005180599296,0.614595972165349,0.18909834655188,0.066606638125726,0.285622102125431,-1.68014006135083,3.80641354523239,NA,NA
363,4.07484744232303,4.09649740290984,0.168021449374335,3.68901741347154,0.530608615489028,0.691511348220869,0.402352986115729,0.130140462986426,0.269055887768627,0.267370239489363,0.139722193100839,0.218828894791892,0.710249617824797,0.828650672664167,0.527466337489546,0.378540112251299,0.747087307217414,0.11782693063945,0.596802515754825,0.622735626903595,0.428158780758968,0.434032021300402,0.477316558597959,0.301492077284609,0.217605794950854,2.64904363722638,4.72899118971669,NA,NA
364,1.82212385324294,1.86799707335692,0.050047545568344,2.10022989316026,0.423094167479676,0.926383359755622,0.00487606851872988,0.548484600413358,0.144210112849949,0.713582148822956,0.37281810756796,0.59036770377832,0.908510990886949,0.147447038703715,0.0520521653831238,0.954723504133872,0.443612720552832,0.542974118588143,0.245262266020291,0.224174162397278,0.00868668400403112,0.427214584376547,0.684389179281774,0.916761523055378,0.567657948731794,1.27098056283113,2.92947922348938,NA,NA
365,3.15679812005565,3.9682374997148,0.999872815468746,2.90862555070115,1.25681324922324,0.605631321112392,0.945922217114479,0.746081725055235,0.19608066572086,0.679803304764675,0.10594504666212,0.290470848750439,0.960418305202504,0.0746133360507665,0.369551787712146,0.965877313032048,0.116453246148187,0.111807321267086,0.612233454892761,0.608136412149295,0.224423393937293,0.37266863773053,0.139555862730485,0.576221912612324,0.0582164160332177,0.445316846930832,5.37193425447148,NA,NA
366,2.07772240006767,2.19201793440054,0.0509704023511332,2.13345856187492,0.474966316662938,0.342738255850854,0.155725775756058,0.833276804640074,0.698413091038005,0.648384327757056,0.694421694707824,0.0571911666815868,0.201336590069695,0.246657059750985,0.789917130509973,0.719608929176931,0.175316732546664,0.793894477995927,0.0653716971769463,0.202192151824129,0.116924298050581,0.774043021186953,0.605879698510747,0.130725247103372,0.405975914738257,1.20254168734591,3.06437543640392,NA,NA
367,-0.957838645134594,-0.124447946805436,0.975179378931254,1.64475206294298,1.29644516461767,0.54148849036661,0.680915641975123,0.797431217681384,0.651395775810117,0.38786580141203,0.020451488169143,0.996637561268755,0.115473842039355,0.600365590221016,0.993891186858411,0.314287591212895,0.685754596638144,0.262416365209967,0.879763159881812,0.720873367972323,0.20862260999321,0.0546058557840297,0.993137062980561,0.76004639172426,0.794307338080602,-0.896233767638746,4.18573789352471,NA,NA
368,-1.66850751593331,-1.66287477247768,0.0534925613647145,-1.23006644678078,0.875298410024416,0.466425687662675,0.219892827635282,0.991028248511138,0.49133357790811,0.93196857975726,0.744927507295506,0.0343442921028473,0.405386620482663,0.201091510210186,0.791440495921182,0.716132097840193,0.212836858849856,0.479662379245856,0.253339394801995,0.716551338306861,0.14217220895295,0.316211453133379,0.827353236460127,0.350439665033598,0.793505754654296,-2.9456198061538,0.485486912592251,NA,NA
369,1.52204873381708,3.80738987930301,0.999428565469534,1.74855514165248,1.29644516461767,0.853331223904621,0.870773282662849,0.651172148389858,0.748454916414223,0.327938956158352,0.999086234516115,0.237568047411623,0.00120328838541172,0.726511354511371,0.419980569413747,0.0863417576309294,0.868047546135029,0.266123694026261,0.164013588736649,0.784184245327604,0.640780329974368,0.036112487475737,0.353140789313475,0.668099815268884,0.10118660608551,-0.792430688929246,4.28954097223421,NA,NA
370,2.62437546058119,2.29003764235048,0.775257269251613,1.76209458754127,1.08749253900383,0.399908035706962,0.558578505847137,0.245275185805513,0.926341505688149,0.926354325289489,0.22989017594757,0.674229804197559,0.489822525343741,0.110147049154621,0.416059708563029,0.0489129983447492,0.876256430028938,0.234098967735888,0.347670101922122,0.619778558040503,0.517963830308407,0.263154017935391,0.50802822936594,0.294028766877251,0.456969273365103,-0.369351622362256,3.8935407974448,NA,NA
371,-0.399131987133603,0.26857658200029,0.999664815898141,0.819824261763389,1.14132310678159,0.346047287831083,0.897459221864352,0.810651449941099,0.265131266138516,0.78296219991229,0.614500580021529,0.952527734035859,0.786538295706036,0.789155332646915,0.973066022163606,0.69986930095905,0.227822162650526,0.0779929682580987,0.275651725006523,0.56140404383617,0.403817173597403,0.369087234538514,0.847120243050158,0.225146299031097,0.833265441495343,-1.41712792225188,3.05677644577866,NA,NA
372,2.53614341582016,2.31725513521268,0.99989849540404,2.64535040376079,1.22125306711407,0.847601843616227,0.95720031665347,0.353571401898167,0.771038084564847,0.166225004600827,0.756193473458989,0.858052236719523,0.681513985993573,0.0716902328262804,0.191158896001056,0.763360595462378,0.360797016283148,0.96769116955786,0.455023565552779,0.652559480363969,0.260083012807416,0.329118360867957,0.5644831969199,0.706566284308676,0.0259080682493513,0.251738376208143,5.03896243131345,NA,NA
373,0.0331059699640059,0.905344417673405,0.728816038446744,0.701189400308599,0.786490261967677,0.169756690195994,0.545877637261292,0.873869786244701,0.358187769355485,0.759671458386933,0.577981859806343,0.679645917788846,0.0455601313726511,0.0565825141244568,0.490436246272177,0.729691503991839,0.132279931157478,0.463392096651602,0.600154905479983,0.293489965844084,0.744131407435867,0.446843911486445,0.855707551146974,0.338528998593567,0.153415792158572,-0.84030318733952,2.24268198795672,NA,NA
374,1.14577413098606,1.19941109616052,0.22892556202175,-0.00295177346538233,0.929108812496567,0.86552290465578,0.426959247425315,0.932160846080398,0.00280790194345172,0.107843290538643,0.771531960681547,0.378331665324396,0.109748864125228,0.521283851499204,0.0580189235153375,0.523566941503086,0.0423297945832601,0.670422143348027,0.197026607224136,0.984771821818897,0.521422704217839,0.111721133700106,0.517864920672728,0.588384605716565,0.572899989064783,-1.82397158367743,1.81806803674667,NA,NA
375,3.6368258224547,2.39408347219245,0.999793588870406,2.27355332562206,0.128492926455895,0.503164363315911,0.921706500524539,0.530670764500741,0.215821267239633,0.96342831607454,0.44786841854977,0.978925791974412,0.934098932607216,0.192897604233935,0.168176503380877,0.627139410018222,0.0472866547056474,0.757416850332054,0.641086374955135,0.892975480903988,0.0954803707122337,0.470902775444207,0.39819096153928,0.15253663302015,0.28494889874279,2.02171181750035,2.52539483374377,NA,NA
376,5.08446809532422,3.50398254120669,0.99637317183199,2.57684717336279,1.25681324922324,0.840468201877666,0.778213924063719,0.215037433354533,0.22555038243637,0.945318491680664,0.240376683520502,0.936669995893608,0.668694292745786,0.110568561112275,0.712196690931683,0.950136219492648,0.285850696371752,0.202439329754561,0.909859043443459,0.530485538865207,0.657304660186754,0.38510579434922,0.262501639108988,0.118354045545799,0.978109198467573,0.113538469592472,5.04015587713311,NA,NA
377,-0.535301964401591,-0.487679151151464,0.199798786399013,-0.608960927192384,0.474966316662938,0.0862888034834759,0.416221487826551,0.354021956215729,0.450826012089383,0.639176997916424,0.131670466203941,0.786759445056669,0.307049191547208,0.493290329783689,0.593373126456398,0.903136656141141,0.273604659330915,0.393903589074966,0.753455548154772,0.21995136845659,0.0957835663508158,0.916392452995759,0.214948069529608,0.32160023110616,0.352030298182624,-1.53987780172139,0.321955947336621,NA,NA
378,4.16354119712302,4.19753849778703,0.0500465214796224,3.66795865208814,0.806255672716287,0.588326664557215,0.00378729204507545,0.201965199299622,0.223431761310436,0.38690883158776,0.328953954046126,0.609246468112455,0.235189925244078,0.0159598316896008,0.435025403480628,0.438113897330011,0.0451981224671472,0.954286515067099,0.42707878058136,0.438091258329689,0.615537695648614,0.911927709127078,0.183459426040761,0.704305742740631,0.453338200217346,2.0877265712331,5.24819073294317,NA,NA
379,0.898057366284,0.0631101735708717,0.812344973351238,0.0254700851738339,1.25681324922324,0.768003155073733,0.570089693079353,0.239796192367212,0.53561167375755,0.919768548994791,0.310420343831647,0.53414282226772,0.31632128247479,0.248457193049719,0.564768982541398,0.177890277338098,0.497020662287483,0.823012388015748,0.474585243539303,0.282157561536529,0.504726612537168,0.172119907634216,0.790138027501176,0.315624979022658,0.933213549892185,-2.43783861859649,2.48877878894416,NA,NA
380,0.860085148196202,0.163837582388309,0.999930431924358,1.76265478196425,0.786490261967677,0.458379932695534,0.976091912626405,0.798032594102086,0.580502698368626,0.629291992093087,0.500151961562573,0.854273916181992,0.0122650831548963,0.562061037453357,0.557766375513514,0.812806603612611,0.318570882712957,0.965979170325212,0.840657994914567,0.937223090046202,0.643314399727737,0.821540346828639,0.629399105999153,0.282897044236073,0.968048332222621,0.221162194316135,3.30414736961237,NA,NA
381,1.94740755798917,2.23997511866931,0.232107381634466,2.50713907398028,0.423704833947066,0.590471088560182,0.428047330926755,0.949034649069188,0.558563155383104,0.830829037660966,0.0225133131019538,0.630777825988364,0.126085147008649,0.336161386435968,0.631600211193785,0.692701457522577,0.235072544426541,0.369375889680698,0.526980427573784,0.251424967020517,0.738095080623054,0.279227105885046,0.0804385786512867,0.0502515437650727,0.588042773568537,1.6766928593685,3.33758528859205,NA,NA
382,1.77039713575295,1.82420535353041,0.0839137930428025,1.39251751577615,0.502646347146875,0.140227394351503,0.335185566670494,0.83252791581105,0.791023739304859,0.75938724371104,0.237095502622775,0.398177377622807,0.24816576047882,0.473825982429902,0.942072829186567,0.16682237281173,0.704808362842188,0.647542278205394,0.0252098937188275,0.242889412348857,0.959520097808912,0.00845099370973185,0.58490998772392,0.847048049499281,0.0748376919818111,0.407348778407656,2.37768625314464,NA,NA
383,-0.224192570631057,-0.20585957737274,0.0501128446205863,0.522127235956202,0.765550751051932,0.750345649010153,0.0480956680354429,0.12564287005621,0.679999180709594,0.466284940917627,0.557130971620674,0.938944072231185,0.88826432326145,0.337791677044472,0.686565480824909,0.804223898651311,0.415965691096731,0.0652389149983646,0.226818460538401,0.884983642674051,0.715900749486755,0.943998959170305,0.0956582871065475,0.178875253192498,0.987958648388507,-0.978324664443173,2.02257913635558,NA,NA
384,2.55954370413346,2.51308167118187,0.0733262509954079,1.47571721633245,0.441010595243512,0.602847856537555,0.315898890887038,0.759697814616957,0.610413429455017,0.823756144517101,0.262953631384065,0.427726207195898,0.154466459449846,0.106281573575456,0.893861189512769,0.279853073339909,0.9542370395381,0.216218848376884,0.0695743827929255,0.469259177460102,0.880856184337754,0.061147618703777,0.431908893251442,0.555329093068256,0.940957387082162,0.611352332854596,2.34008209981031,NA,NA
385,-1.1304410374153,-1.1438099758216,0.0530647161129936,-0.79674879927816,0.502646347146875,0.130418157976121,0.213336209504399,0.332032463512267,0.880142496743123,0.532737858958659,0.50062755469291,0.671511828317307,0.1922617352776,0.506470957623678,0.588838208507397,0.453683920064825,0.562545949711115,0.482859339211485,0.258032371574664,0.618421993554104,0.551699357668986,0.260189485074603,0.331969948605634,0.285523015028099,0.842848310053931,-1.78191753664665,0.188419938090331,NA,NA
386,4.40947087677341,4.38030199061773,0.133063741910307,3.23744699247879,0.900681674718984,0.57301959508413,0.382732141694054,0.404463880034746,0.961337443446741,0.395473201002344,0.0986239492945606,0.888445982114994,0.52722854596586,0.0661912178234197,0.0164154105572961,0.974858727842686,0.759226361742709,0.0107035370189697,0.548296664429014,0.159118034581072,0.24898801497533,0.165702383171418,0.0105256835819455,0.223081316675874,0.423005523705622,1.47214334849436,5.00275063646322,NA,NA
387,1.92949587566522,1.89381121693191,0.0503250369583626,1.62037440206593,0.502646347146875,0.307733426447492,0.101003191651893,0.812076532653417,0.887520031827153,0.574237111948081,0.41869237860851,0.883406038220157,0.544264796098694,0.663150124517502,0.0140276703491108,0.487037368796067,0.675506708886358,0.386717091373168,0.0194140677738469,0.206814251622185,0.725861677905661,0.5728621756176,0.928162342725438,0.0402650490333326,0.764136749755708,0.635205664697439,2.60554313943442,NA,NA
388,-1.768088182536,-0.243304691703038,0.999246360369899,-0.0267461851575217,1.25681324922324,0.660719513683231,0.856925466713845,0.0338705385797657,0.222751471431809,0.669269628358423,0.107886316749267,0.622499868129729,0.636491587662254,0.484990751061356,0.994660859093186,0.0206222385521978,0.30359099318157,0.874443672184716,0.0724116106725996,0.95226530063746,0.892365115516353,0.75522579416493,0.0672152228280902,0.893493435958866,0.600701500244555,-2.49005488892784,2.4365625186128,NA,NA
389,4.53883831169075,4.38565902794826,0.127650452948388,3.24137066973503,0.585677095453349,0.871351103092427,0.379051359124249,0.637903576769517,0.659921448901063,0.299616049689357,0.0297415616096696,0.264635537959985,0.10496350920957,0.879841349639813,0.335166045817314,0.192923598425463,0.846504435695824,0.373565713684773,0.0601084386404837,0.184060470736469,0.368330325868563,0.675755691224011,0.226945045518805,0.849145974253421,0.382915600812063,2.09346465607644,4.38927668339362,NA,NA
390,2.35097108177043,2.34467285049381,0.0511192128779603,2.3764077273772,0.55571472265377,0.290376836071489,0.162867123972625,0.284933644482982,0.093039354716544,0.073161836888874,0.465350818772335,0.61104758620332,0.614262431608164,0.2080008092426,0.285525357708801,0.0346618987019174,0.490073693740182,0.706232658117311,0.858917166201863,0.568255257929675,0.188775049649877,0.575529161627754,0.418955272002728,0.606967352501815,0.905681481436477,1.28722688529714,3.46558856945725,NA,NA
391,2.38458065557689,2.26899946346315,0.0501422263550923,2.05852482862185,0.425683930329672,0.657726711154915,0.0596676148991101,0.32048253048514,0.376436617870349,0.775529533945723,0.469586909195059,0.628266011968022,0.460674754154286,0.431101013749139,0.0191901074147318,0.225584433364798,0.879748401265941,0.582983259073575,0.383007840383681,0.408356189411599,0.43022530938522,0.953002243972383,0.545716889483039,0.779595317081083,0.92584232153534,1.22419965637823,2.89285000086546,NA,NA
392,-1.37777661787457,-1.361130507196,0.0500451369050225,-0.417305167259969,0.51700110328822,0.00649182068463415,0.00227652275771834,0.27118573725794,0.387266003676224,0.0386012891646242,0.991959584081196,0.359656221464276,0.446688410799252,0.760077432792983,0.0433647205694579,0.204889988963376,0.947973474125029,0.661297498517786,0.529524106367026,0.555899970208062,0.824924343371764,0.416301736227819,0.331276354590664,0.00440940796630457,0.888750398862408,-1.43060870967235,0.595998375152414,NA,NA
393,2.04770881234046,2.02616670977847,0.050050808968101,2.01881187204509,0.474966316662938,0.347136179026333,0.00819545487011783,0.747385220516706,0.962233548931312,0.714825021027355,0.932444698739331,0.758519358853111,0.610885093554738,0.0437118295547552,0.448451698119985,0.361042857336113,0.0351051309511531,0.527456857621437,0.982140615305281,0.225598574711941,0.114324144571205,0.0905521358924452,0.682127453734283,0.536967221387313,0.0236420799012994,1.08789499751609,2.9497287465741,NA,NA
394,2.66314103271824,2.62015900441683,0.0510275048886963,2.65965537648278,0.85435310721902,0.973239711334114,0.15858768050326,0.910935174743528,0.436199006765848,0.498800589776598,0.231977074805764,0.959845244929194,0.924792262928328,0.193230832225061,0.71520505736745,0.540406688718009,0.714417390014161,0.284791867956868,0.604921855291352,0.721630697636749,0.0820783493904164,0.755949026384391,0.701866512994748,0.743138309788541,0.056351223335485,0.985154056253614,4.33415669671195,NA,NA
395,-1.02156159878419,-0.313927084135567,0.999790594293154,0.417469486457269,1.22125306711407,0.975718646339257,0.920986163041554,0.390820703677135,0.724067858414026,0.286981985304388,0.829195161184063,0.709718396825599,0.433614126539556,0.800119402501965,0.197810212589218,0.239491448979126,0.469957657087129,0.0670501048059668,0.81089729641634,0.557445022661821,0.520725267837872,0.734498494025669,0.863785003041034,0.168427042937139,0.506250341863371,-1.97614254109538,2.81108151400992,NA,NA
396,1.83451760073417,1.80061413953351,0.0502228308290227,2.45455537173451,0.870653308693802,0.509318474898697,0.0821215096011292,0.386420255242381,0.293293102955446,0.63714420282864,0.722348505737144,0.160474255823414,0.566168736058404,0.0362169685115805,0.569411346924608,0.410349349582219,0.171921219925629,0.387389005657285,0.139011899001314,0.981012703164364,0.905630252118805,0.0607268912080908,0.568945724537713,0.547519808715442,0.646604518857785,0.748106243674028,4.161004499795,NA,NA
397,1.72851333282002,1.14367479992917,0.606659544978809,0.837606013255329,1.22125306711407,0.693035559164127,0.517363914429792,0.229945764027187,0.945400286526768,0.711291698019835,0.206616604289738,0.610431474898709,0.520103993271943,0.511914576363284,0.141892358194338,0.977293920197175,0.463267656333977,0.958809464524616,0.257855060119648,0.48478959345608,0.343330014881212,0.290271190044703,0.83472522038687,0.0273670814228244,0.473774660022231,-1.55600601429732,3.23121804080798,NA,NA
398,-1.17984331444734,-1.63363816920262,0.999909463827689,-0.865208041006636,1.39965674110862,0.102400673022028,0.962918624645448,0.590822977903532,0.575858633136959,0.498037880126154,0.48900246187998,0.279747512252652,0.209312106678961,0.43937878144253,0.537038848046213,0.85438409762003,0.789014055527281,0.580395308740786,0.493142967717373,0.395437745139818,0.63365361144999,0.570141644511721,0.949295525037684,0.675142403088743,0.492508490556153,-3.60848484429824,1.87806876228497,NA,NA
399,1.45017978130442,0.509260137934511,0.999925965999117,0.0955734808597652,1.08749253900383,0.104219581747195,0.972980743546854,0.301170501600369,0.665440663311398,0.615839747023885,0.803832669636817,0.473241207858315,0.593471944662044,0.384278917140444,0.507727051268448,0.237634153231513,0.944135295326938,0.561389191965107,0.113426905233646,0.0645257436390966,0.672794380935608,0.983769789228682,0.707211477585603,0.463404709100607,0.260501745716901,-2.03587272904376,2.22701969076329,NA,NA
400,4.04532243067004,4.11533092924708,0.0601320111149199,3.63846744981212,0.85435310721902,0.911196731523494,0.273498020055238,0.949570364208194,0.481481182263466,0.517609842243488,0.216171054546838,0.336109017483075,0.421932983725797,0.363042880824883,0.642137230515247,0.747573904918274,0.698095245818607,0.655143679148168,0.565821937723667,0.272387496965006,0.0980335029454436,0.0672415182633558,0.350887218782329,0.00803116967203096,0.147925424539484,1.96396612958295,5.31296877004128,NA,NA
401,-2.14323831130156,-1.7531657524304,0.999946831223313,-2.41325779355041,1.14132310678159,0.253750864518224,0.989534498759895,0.477682423318271,0.52072858653008,0.719168534181546,0.171743609170313,0.0660032602534629,0.254543154703802,0.696609147232492,0.307036282089655,0.0251748157894472,0.357341618997627,0.754003192200325,0.261325661549577,0.828940530524589,0.502635514364694,0.441991056432715,0.846372973399237,0.526463920387905,0.163023324085283,-4.65020997756568,-0.176305609535138,NA,NA
402,-0.594170774242289,0.13076792936085,0.656811975812567,0.171471880935801,1.14132310678159,0.123800363664865,0.52849702554231,0.430131595655577,0.157296904659364,0.577800000952673,0.895605732998811,0.831421661945991,0.127550762250205,0.905529015384731,0.0697893708206248,0.0652994951122673,0.802988410744932,0.702851789713372,0.94237898849987,0.151622688551433,0.074679113198421,0.898981977259042,0.435871158495429,0.10305037823529,0.114284408727777,-2.06548030307947,2.40842406495107,NA,NA
403,2.20040458273086,2.19612210266039,0.0500562362772473,2.28205633563671,0.55571472265377,0.32382764643291,0.0132701992765069,0.0447133562358795,0.0741766063473187,0.45338401836541,0.628650958029204,0.822995613668463,0.147618895757827,0.316007408260368,0.0792084791607922,0.421017442727461,0.0713772247619927,0.69680493936094,0.734569131717202,0.631429434640333,0.474217633437016,0.527032005697954,0.763649056248134,0.371338964380091,0.583760874108411,1.19287549355666,3.37123717771676,NA,NA
404,2.39431321520871,2.33884635107342,0.0521503733916898,2.18975978280865,0.473129353069711,0.0907479932371061,0.195572281483095,0.874490897935815,0.533219698887086,0.129447112023481,0.297767738651484,0.140821946075885,0.690416949089267,0.0736032943613827,0.196780630027759,0.921495412992314,0.00178195988200605,0.443561231455067,0.27246158222307,0.298433525263099,0.85178977494163,0.273769702125574,0.936100515143829,0.610496811499354,0.967032117995084,1.26244329076328,3.11707627485402,NA,NA
405,4.73046022828694,3.89250523131877,0.999518374880253,3.63442098830338,1.22125306711407,0.926652877903427,0.879327205481706,0.410294434399344,0.749498820407083,0.0537925185230561,0.169204191965866,0.868427653743536,0.0487115680065472,0.344788384534302,0.180910246425075,0.0178036432516528,0.52406175482925,0.071878853299655,0.512957055118633,0.556930970113492,0.774531232309761,0.582013661439996,0.759137235158705,0.545464095474454,0.000571917398599908,1.24080896075073,6.02803301585603,NA,NA
406,-2.25837231852076,-1.83230562622346,0.991954860344136,-1.41200819602424,1.08749253900383,0.384656873991364,0.738144460742129,0.35079569966963,0.999156127398135,0.558229090513662,0.765960472131497,0.799495124259614,0.935607036936679,0.615317263933131,0.514858978961362,0.138691001992789,0.922812679576804,0.596923250322347,0.131364222749835,0.396195080666104,0.625005420372705,0.276413216595422,0.378149239070946,0.50503473700711,0.693305731480475,-3.54345440592776,0.719438013879291,NA,NA
407,0.392708294807314,0.584235184091767,0.276269042216104,0.305744445894699,0.388045876294379,0.272215670345002,0.441865251273848,0.46527836727188,0.0987331729152938,0.930678058063728,0.58021900074475,0.669390954101924,0.258542313262122,0.668250651892042,0.0632953994425479,0.613642602494336,0.178393802386941,0.430431251654751,0.161529869859223,0.0852328421387356,0.986259616242489,0.395926136908936,0.019955430576345,0.483652475191047,0.284215020369622,-0.454811495991569,1.06630038778097,NA,NA
408,2.59868989662298,2.67461461997734,0.0501088241531092,1.77958662411277,0.907882792979564,0.791849837415852,0.0462815299999202,0.456728432588628,0.970291349150357,0.89809106590657,0.505730451144744,0.850477346069645,0.390848487870302,0.401573856614297,0.556338238881784,0.0978813446570421,2.14507060591131e-05,0.700494564066757,0.999407237762003,0.705452836893266,0.346066909958026,0.403842692885082,0.166759952230845,0.895908545340644,0.876721879142337,0.00016904768918713,3.55900420053634,NA,NA
409,0.321314529766026,0.303045903655031,0.0506991362423258,-0.523894516577948,0.807730568445246,0.661354799955618,0.139318228691001,0.20866970615508,0.748555969968205,0.895902606913703,0.202116570445243,0.0383248590520816,0.669531366271083,0.763611351750907,0.107911364599131,0.788224317000713,0.0268845735121286,0.564584809326101,0.51177442139748,0.0926396424977575,0.766554985987023,0.611256544930744,0.212897886055172,0.491873233880964,0.120830873070401,-2.1070173399427,1.0592283067868,NA,NA
410,2.07109873031619,0.926772212694102,0.746648541815895,0.42956772495951,1.08749253900383,0.321615586947068,0.550575167595176,0.812633187597385,0.921308355607092,0.655833999498864,0.233164610810927,0.0581930103244958,0.839904114766279,0.421890405587154,0.900997760996572,0.924221176475869,0.805740990443272,0.348208301185747,0.792434641444241,0.890133078933228,0.868569178243168,0.682290504134609,0.765258317412459,0.876212736235466,0.576234913445194,-1.70187848494402,2.56101393486304,NA,NA
411,2.87431845648919,2.7214734368727,0.20250230395038,2.44632530127618,0.585677095453349,0.977766105547547,0.417285037905793,0.88708275844669,0.820763351805857,0.613320371999405,0.251123557444196,0.288569361633388,0.822456747452263,0.928786102515878,0.255266175855766,0.314799170222832,0.758832700089784,0.91252642261947,0.506210933449911,0.693163810907048,0.506492375372327,0.994642131857574,0.824989609227632,0.701166515150107,0.874082710847724,1.29841928761759,3.59423131493477,NA,NA
412,2.15618582434931,2.31058616032228,0.999891836302628,1.96507570038868,1.39965674110862,0.0351331207425101,0.954022880229051,0.459795030049048,0.0594414652807172,0.232616721256869,0.4588437961241,0.124716404710081,0.53891574032139,0.238275026141549,0.454358967778506,0.796290898927837,0.330690261305426,0.531564559551072,0.451731824588613,0.0437946475676727,0.091485193016706,0.568127040332998,0.826175194618525,0.358626549698529,0.518365373519133,-0.778201102902926,4.70835250368029,NA,NA
413,0.669200496207898,1.37661903577319,0.997590666964162,1.7564605428575,1.29644516461767,0.592248859146726,0.798728633126011,0.740572095085517,0.910719970633276,0.113898331951234,0.689325572448666,0.3737933968734,0.39589797499124,0.40788981699117,0.156121765684453,0.908311670846189,0.710498751207837,0.876635773071903,0.425407307398506,0.226176181478892,0.834962760314695,0.361740916812676,0.668997712678392,0.694109155468177,0.902915509619517,-0.784525287724228,4.29744637343922,NA,NA
414,1.19604546213354,1.16843999913743,0.0500915391627447,1.14084971674118,0.502646347146875,0.44340732731577,0.0376322993465001,0.853095506258193,0.752737133526825,0.797069855235284,0.104635957330349,0.756770700536785,0.609781999802683,0.482133299766225,0.496110859586275,0.911115417872672,0.458090073415078,0.833313102223212,0.255063838950591,0.439726878643967,0.835236436255276,0.921064758863067,0.271842449973687,0.171720895934734,0.304959149436094,0.155680979372688,2.12601845410967,NA,NA
415,1.578172396303,1.2334038714568,0.776817848403037,1.37837934075488,1.08749253900383,0.3437662406991,0.559034381619538,0.692317375351675,0.716663938109763,0.954210111022927,0.818532639707555,0.421837001143256,0.582362520774477,0.601881644950598,0.680806395659805,0.898568817430874,0.106629855382489,0.0359124641709495,0.955301739650546,0.457763997713686,0.274106169281295,0.102657045206754,0.742424233893864,0.423743969910196,0.112743411349365,-0.753066869148645,3.50982555065841,NA,NA
416,1.53207094121488,1.54683252623893,0.052557833458371,0.986385987049273,0.533342984842403,0.958087784427567,0.204269734885311,0.851588277406991,0.432032253175625,0.239451614392339,0.762187366753002,0.202064910798217,0.402537494758144,0.602793893323978,0.256221158626489,0.478709981375607,0.532152084709494,0.340593195384834,0.474035748690367,0.143622371653677,0.6238528040729,0.62187018318905,0.0156499044778757,0.688333640172845,0.773822396131582,-0.0589470546489282,2.03171902874747,NA,NA
417,1.25169355250652,1.27433342624011,0.0510178032758131,1.11847458815255,0.473129353069711,0.252840626524063,0.15811283076473,0.868458197225351,0.971436854721047,0.225019430281012,0.179156382355606,0.238427020877716,0.267066694276058,0.77854098503245,0.252278358073905,0.334795204053051,0.945968876542058,0.981696220109006,0.304075837243232,0.450890376221738,0.5570117147977,0.432537800350226,0.415187248472357,0.519197488354635,0.934226504849968,0.191158096107182,2.04579108019792,NA,NA
418,3.66368406277178,3.16172823017403,0.997557345089019,1.66403435365954,1.25681324922324,0.696550749335089,0.798040096579934,0.748712398477714,0.598216822345741,0.871302029820159,0.185802744908957,0.00817097307275981,0.285671662581502,0.0137768576412927,0.513224682184518,0.651875983943348,0.254703920181957,0.835690894119442,0.880406802485348,0.726128652198589,0.747966965793283,0.056114554175525,0.40942222954554,0.241233894448029,0.600100900626276,-0.799274350110778,4.12734305742987,NA,NA
419,0.891904950640411,0.106652758827096,0.825672681464084,-0.569030206545477,1.14132310678159,0.297935502695735,0.574639797793352,0.991587636591634,0.45489096780424,0.610695937971817,0.37455728036887,0.992005366024911,0.46683728528989,0.639910223377403,0.892222944685491,0.757785759780672,0.523152547198348,0.118881566232303,0.400656811720575,0.447589503149269,0.109901785726543,0.438894369103131,0.92313280977204,0.495624550018925,0.477987203030149,-2.80598239056075,1.66792197746979,NA,NA
420,-1.18751131002165,-1.58914108799694,0.709372237535849,-2.11183064652197,1.14132310678159,0.194472968593822,0.540962247279356,0.882949341318687,0.271850263574393,0.923191100128926,0.685693447431433,0.441222066584043,0.123898008423625,0.770476939590764,0.463538712260895,0.103223549609887,0.265109483680339,0.26840831613529,0.276575854236609,0.346338911605882,0.843840655972017,0.36426607477467,0.971890965761966,0.0670253993018996,0.343003094318789,-4.34878283053724,0.125121537493301,NA,NA
421,-0.489020574366922,0.137062433003371,0.954014881659976,-1.36528139467061,1.22125306711407,0.846097935691942,0.64892639962351,0.230461465433589,0.985589391475543,0.782206649039639,0.378267445764504,0.45296100214147,0.478185756690335,0.454769349086331,0.060196683792281,0.728891159860417,0.309039106991957,0.684890071200556,0.97468834303983,0.2374364937793,0.400517190554761,0.613658287688857,0.376028161241207,0.205007590314024,0.242333162550582,-3.75889342222327,1.02833063288204,NA,NA
422,-0.423913853569953,1.25840518766842,0.75636106787184,1.07033566124812,1.14132310678159,0.23595930321794,0.55322195956856,0.14733863686421,0.0460080312880455,0.772996210255427,0.700301953223185,0.911574865372502,0.637583937369753,0.307849014386302,0.46634604950936,0.862779327612021,0.46285014786094,0.296288523978321,0.32567095975054,0.697466682088329,0.784576730262837,0.649979544877773,0.159227998085669,0.748172559635947,0.829916384817218,-1.16661652276716,3.30728784526339,NA,NA
423,1.9783608165456,2.06193513006445,0.127035155515734,1.51025097748725,0.473129353069711,0.469711451302632,0.378618329877383,0.915231607283698,0.645171531884232,0.119573938492918,0.630475159566733,0.310041511464515,0.34839558184729,0.535886664050166,0.640643697142135,0.505306820626603,0.509667637226405,0.714659315602505,0.497046696472331,0.102933199660038,0.147748984493664,0.549728907061042,0.253610825571814,0.930425244703423,0.560485859304783,0.582934485441884,2.43756746953262,NA,NA
424,-0.712648468841689,-1.7686894442917,0.999208682825811,-0.987200876852153,1.08749253900383,0.00988252069184091,0.8544842542439,0.273807385928812,0.950260790273896,0.553556268756161,0.912160148267867,0.452071840154007,0.702466217548004,0.877446933116298,0.529327624511556,0.166391001016484,0.722668086601421,0.128839181362302,0.100416074715788,0.267587933317991,0.74379365255835,0.288427310578292,0.352305850315141,0.225968613652978,0.137928800379392,-3.11864708675568,1.14424533305137,NA,NA
425,1.98442029725355,1.81661503025467,0.0578473565644623,1.41436810809118,0.55571472265377,0.39926472803473,0.260600471419515,0.802964428890962,0.302600400763215,0.0188486242968356,0.857613560915925,0.0913328304062598,0.124529038921813,0.886003032114473,0.372254718709504,0.536161454283632,0.405651698038564,0.145517720305128,0.111139388221083,0.502014065435855,0.148392764673801,0.883816404394456,0.652433104568161,0.0538989181198413,0.348064247366507,0.325187266011123,2.50354895017123,NA,NA
426,-0.256363118669137,-0.246875377451449,0.050051986792545,0.471670894096732,0.423970491677469,0.963599274624838,0.00934135788306594,0.897533489784691,0.352884076888557,0.972904127132148,0.0956574425697327,0.655690232357243,0.718054920886178,0.551468068596441,0.0883944811034016,0.287032148424885,0.636886749924626,0.973110160275945,0.475325926932972,0.756443234714214,0.0683339637558674,0.333210277307662,0.707568834001315,0.556250310461968,0.71551599954546,-0.359296000098846,1.30263778829231,NA,NA
427,1.1214831789188,1.08831213580029,0.0502342333675717,0.864207774648314,0.53225414651444,0.723325639896444,0.0846173621983035,0.144547673577676,0.222442566702142,0.0121298014791682,0.392842602819437,0.153771930483403,0.39631522209628,0.582523915095255,0.62844090003043,0.568086736792349,0.347601489133667,0.181783158798236,0.51760996042192,0.151137149198563,0.156827930000494,0.891334533199901,0.471035509498091,0.0767499408132862,0.627072882696171,-0.178991183142094,1.90740673243872,NA,NA
428,0.0445951083834658,0.156739139052112,0.0606785653990033,-0.544097443787373,0.502646347146875,0.161345452888752,0.276154038103647,0.322119112060522,0.425326499342103,0.836804300136864,0.512576504164259,0.116875936960918,0.0602580961756175,0.0352591673339484,0.167670825364301,0.236379186167498,0.0313365347905783,0.314634800523287,0.614661001548637,0.667072914912016,0.69433502882102,0.19294910698582,0.0573715808971319,0.127855806016829,0.889457894850406,-1.52926618115586,0.441071293581118,NA,NA
429,-0.750538079612162,1.67103409787804,0.99228256089873,1.33312642352352,1.14132310678159,0.363645031242631,0.740241130085895,0.241604265874601,0.5005776512468,0.555743238691124,0.729458971940097,0.273181241640472,0.840852780874353,0.0812383869048208,0.395908926640404,0.770269660858321,0.341381126572844,0.248249905406032,0.821921784686507,0.015053746851976,0.161408837407711,0.274349645195645,0.5857086281589,0.447402975636302,0.275443180886796,-0.90382576049175,3.57007860753879,NA,NA
430,-1.58679190859508,-1.09245073768639,0.293621644235176,-1.03386728403375,0.456786674230267,0.114881225230871,0.446773268740275,0.0940988338224124,0.820102907273686,0.412116777045303,0.836271998969256,0.212654220481403,0.82994406350702,0.47062999746541,0.273010851763305,0.586276751567377,0.082595063441433,0.754616084764479,0.590736373614403,0.307816353548318,0.81571776329854,0.375675809519831,0.630832530711661,0.0557767432554392,0.722730614805012,-1.9291527141429,-0.138581853924599,NA,NA
431,2.80831181871936,2.84857362450306,0.0501624696943788,1.92417132466485,0.530007518696381,0.948495236283517,0.0663222630013479,0.903503369174083,0.372102293973905,0.348650964568835,0.738184089472517,0.43325339553284,0.644981413844973,0.936300604217919,0.892504322452587,0.00497248360852245,0.891087483315263,0.104350294573698,0.339662384837866,0.857291316494811,0.998850792796118,0.267948454505182,0.970724585687858,0.571855237826239,0.110689937177929,0.885375676484506,2.9629669728452,NA,NA
432,1.03027766340263,0.935904771494434,0.132551519269732,2.26595665669651,0.585677095453349,0.744166605684208,0.382393322629156,0.787589362320374,0.731164678463247,0.10719347727811,0.618893965655705,0.692302161770174,0.857991494662594,0.695734192131553,0.987021632637596,0.0937565164193511,0.495272964947973,0.273759211138589,0.513530375466216,0.108392057613586,0.541978208416724,0.00418404547183309,0.817524310984183,0.0446614583494375,0.227220218474395,1.11805064303792,3.4138626703551,NA,NA
433,-0.541276496422891,-0.156624121284588,0.951011970973263,0.53540554018465,1.29644516461767,0.640829822243075,0.645597129057627,0.579463637172827,0.682096582550323,0.832578716141055,0.439227558045066,0.451183365360601,0.637263043181505,0.546646066312096,0.00143732052471023,0.477438572941581,0.274831521867192,0.534243624019669,0.499373653027229,0.00157236249092966,0.879373090162757,0.266970777059905,0.734170199558837,0.366531417304883,0.969509875926888,-2.00558029039708,3.07639137076638,NA,NA
434,0.343182623536429,0.557883686456689,0.999791573960773,1.57947738607476,1.08749253900383,0.230896301464993,0.921220679664752,0.763952870169305,0.593395268017077,0.89943133843923,0.287387506579631,0.728235282342182,0.253337675842457,0.587168397962116,0.896670063523576,0.933575686825672,0.979361530713504,0.950654110364034,0.831849479164928,0.836453420844162,0.39988784456451,0.243747242114274,0.789894318745588,0.78272333822283,0.68775605163211,-0.551968823828769,3.71092359597829,NA,NA
435,3.26636015524294,3.24514457165299,0.558506941452912,2.62118656740307,1.22125306711407,0.56171797382494,0.507065828437335,0.383167185910745,0.994110240370617,0.315669495901675,0.579468058711849,0.103031333294697,0.539603031508974,0.45562871348334,0.0608880454569589,4.18308936059475e-05,0.740743770541856,0.19413531394524,0.716072893950506,0.666829300099751,0.447355941346381,0.130798208521446,0.476682514128857,0.910966372110997,0.355460466168355,0.227574539850422,5.01479859495572,NA,NA
436,-0.773342110221404,-0.788873344610697,0.0610427518874612,1.0670292593777,0.585677095453349,0.735730955427513,0.277850216297549,0.544981043521082,0.709473275714903,0.868705590584315,0.846592626905418,0.787750012768782,0.751581301025231,0.289929807271925,0.522641454498516,0.558079756068997,0.677415695769247,0.861803369021858,0.605360804623924,0.406177662202739,0.786107884095167,0.89087671864091,0.696950076107401,0.432158862624317,0.523556178718456,-0.0808767542808893,2.21493527303629,NA,NA
437,-0.849683909196261,-0.840200785076624,0.0505104382678169,-0.938770744698797,0.474966316662938,0.379916648887563,0.123579494480626,0.0355912416713545,0.891786369036999,0.635608090579277,0.939335186061682,0.985965858359006,0.843514307836071,0.172432255164371,0.36701258623146,0.30102931717271,0.810227921339683,0.0530386235726764,0.301944666280993,0.59561417253688,0.0836930262360256,0.345522859733901,0.542970973695395,0.328271707051899,0.860370563635253,-1.8696876192278,-0.00785387016979133,NA,NA
438,2.25511720951337,1.4748335264889,0.973660325714243,0.927144065319634,1.29644516461767,0.759120966962073,0.67786340303591,0.730995384983835,0.694117203729344,0.32594493745116,0.771305214566644,0.857340675030602,0.977516295765294,0.500691390628112,0.808400343525689,0.557778237833758,0.809672237356077,0.298049720677547,0.230537820436875,0.938900817492744,0.00205252210993785,0.304883283267263,0.314197696712217,0.694862048050505,0.507490609819419,-1.61384176526209,3.46812989590136,NA,NA
439,1.15301150151251,1.06045305569111,0.0502078592253811,1.59190794261977,0.585677095453349,0.793650156122283,0.078643130453187,0.74014553356322,0.745187724515446,0.457075471365126,0.724429665106931,0.18860912722128,0.59967666624696,0.297721104445751,0.238838917936198,0.0920300601409981,0.816480028995895,0.0968354925008025,0.847250757205533,0.365656788518769,0.274699034194346,0.944008901533904,0.885027329724748,0.632674905793625,0.827290856796433,0.444001928961174,2.73981395627836,NA,NA
440,-0.293275699773596,-0.974254872719558,0.999936906907295,0.751638098755185,1.23263520377092,0.682433528618538,0.980976977494312,0.734751130993827,0.351387522011064,0.30396077347477,0.983332239287556,0.946330749008921,0.585208360606804,0.640233963957522,0.77252081187733,0.610982268855325,0.628701548023499,0.231614794595633,0.974483366557513,0.771557065789355,0.974538746482809,0.89723742546048,0.714073765509296,0.777690642894828,0.605235715093906,-1.664282506712,3.16755870422237,NA,NA
441,0.704475618985689,0.640563919949931,0.0501565940926248,0.898892823913534,0.502646347146875,0.0829303859645734,0.064480232301983,0.792407503224793,0.661351708475617,0.557087001826498,0.537295161363436,0.729263139906456,0.0999648292528,0.452516333336476,0.901951717878925,0.119974990183138,0.0804454763890244,0.491594171814155,0.733868852414424,0.685288338478422,0.772691609311965,0.3011357229891,0.960375267771538,0.105230688437936,0.188113250229973,-0.0862759134549572,1.88406156128203,NA,NA
442,0.610820817312292,0.598976762385019,0.0503015862590391,1.78283710600188,0.830731431221727,0.725831096946262,0.0972578160462435,0.349301297575468,0.996737001500558,0.665893285593134,0.709974004114978,0.999436711630318,0.0819224524945021,0.951663797436282,0.827146520022186,0.923197234272724,0.911686238713213,0.211661074872245,0.739027101570275,0.558502003928414,0.442047814849881,0.0468026494811056,0.0476043836058816,0.245586839111056,0.400089763895608,0.154633419981882,3.41104079202188,NA,NA
443,3.90794077411952,3.79646715477275,0.926736188407924,2.15039536777264,1.23263520377092,0.758778065387742,0.624106967572239,0.135052302610828,0.466101125912741,0.0690868077186169,0.250596138814348,0.131786284918315,0.337958395847701,0.968013379156939,0.733441036624135,0.301833438430098,0.510772383061005,0.634327636024216,0.497736309504719,0.483380031702109,0.736423671936616,0.320374063172843,0.384206131750485,0.456236313303816,0.944495680463384,-0.265525237694546,4.56631597323983,NA,NA
444,-1.01745184008665,-1.6626829684746,0.998731554311456,-1.4367391256445,1.39965674110862,0.371851504123304,0.830866680138977,0.565033170833252,0.574658605333068,0.191234982943861,0.917054961390561,0.640871164576034,0.477881005105446,0.258515626131906,0.522470062379842,0.658397987964097,0.773923246864462,0.492739267603494,0.116228436410311,0.103673848826787,0.299971946800593,0.562265341264778,0.671491004755371,0.335227774592582,0.197525959346909,-4.1800159289361,1.30653767764711,NA,NA
445,0.42221751233745,0.367296439339241,0.0503443032215892,0.723893657169769,0.585677095453349,0.906275464839186,0.103883397689206,0.82122593542363,0.743533416379592,0.365407353041577,0.661239621260436,0.372823358220397,0.229828259169473,0.40915673047665,0.298966552968253,0.0869426570081851,0.691560563928564,0.233022395611275,0.69467387197481,0.557584672942525,0.0963464763410157,0.0654650086122565,0.0383762983364286,0.696839420053759,0.580689761914196,-0.424012356488822,1.87179967082836,NA,NA
446,-3.45919751978356,-1.72161391068679,0.999763286992557,-1.88716906792937,1.14132310678159,0.203070153574925,0.914855979632237,0.0734404382408829,0.384324969795183,0.567353132689605,0.532957457740093,0.237147220254177,0.448226199098513,0.382394439260592,0.619127154963557,0.232301107833278,0.278322789889411,0.903560872286209,0.460052069345722,0.0750454581575468,0.0621325435725739,0.618066996144596,0.972047619832214,0.884151855233125,0.516085152118467,-4.12412125194464,0.3497831160859,NA,NA
447,-3.33203169820744,-0.529301481768086,0.999932540013712,1.39164106766367,1.25681324922324,0.505244842174696,0.977630581208272,0.816734526896034,0.161154948596493,0.993436450862326,0.7150202034252,0.861502689767629,0.12673596523318,0.729225401498727,0.222158978096326,0.0530864186718827,0.0328832923575537,0.119807895020698,0.609017656336771,0.718724604014773,0.139835242673056,0.153168507867842,0.443999957788037,0.900511687592836,0.57932381551154,-1.07166763610665,3.85494977143399,NA,NA
448,0.795447713310933,0.535015297111392,0.588772435734117,0.415989757422187,0.456786674230267,0.17122740547813,0.513507326949504,0.0510529352456797,0.653606508315541,0.409073779565981,0.442522021163371,0.561222279427457,0.476072989618173,0.340598763271351,0.384828570702812,0.624734066148289,0.18903292510251,0.0464523606068688,0.128856478198315,0.15734432956262,0.638983727563638,0.402486071337946,0.725133952098549,0.525559023062815,0.0859954434657702,-0.479295672686965,1.31127518753134,NA,NA
449,3.56075085324483,3.63150469525211,0.501014178913947,3.35056139496492,0.816282906395165,0.912037530568312,0.494946054857573,0.843073411625461,0.247389898969792,0.681821921780705,0.871628211844829,0.18480647578917,0.0546122182104737,0.913092357896385,0.828916947364691,0.957517088358174,0.671647433651378,0.148363310199231,0.029105935433181,0.706701053768862,0.250316370465094,0.608315130326315,0.131875996236806,0.925322712083464,0.683887332801823,1.75067629723471,4.95044649269512,NA,NA
450,3.8949600412346,3.10771477115161,0.999788252375626,2.52388631519245,0.85435310721902,0.941202299797558,0.920429961601971,0.325762410737341,0.540297992697917,0.387259726123884,0.943053011731128,0.26689709561097,0.609187392391264,0.0896903776419349,0.899205500508891,0.798855957834516,0.793298880774644,0.665391525791259,0.643115049344371,0.124439102862612,0.0150820987290936,0.687678016466671,0.129335564345471,0.876625349396025,0.9707238091951,0.849384994963282,4.19838763542161,NA,NA
451,1.26312362593998,1.25094498797667,0.0501354413798411,1.02381648444345,0.42395389980016,0.545092717836495,0.0572232121037086,0.838671792384354,0.42349569360516,0.956246235748404,0.264902322347742,0.552732077660505,0.021361374913482,0.768746535768383,0.348226788267028,0.135422836911283,0.86409091547376,0.725317067746073,0.413830443012528,0.849594030134263,0.22103725216852,0.00354897412518039,0.884550367194926,0.184386430402985,0.766216916911188,0.192882109729833,1.85475085915706,NA,NA
452,-0.753667463854552,-0.44798750557726,0.999521964096268,0.788630156595876,1.22125306711407,0.67907333371928,0.879701404958149,0.340626842772006,0.758579542509746,0.8923045188447,0.400494718889357,0.418627391969436,0.505862857790315,0.6252545101,0.38042994855321,0.149873441194533,0.935712347157532,0.633955109148752,0.216390286464011,0.898119501813198,0.541115152090089,0.72149730050459,0.125365836979705,0.926760158080258,0.799992677057628,-1.60498187095678,3.18224218414853,NA,NA
453,-0.371077528089124,0.156248575070208,0.998291706514211,1.17878954841836,1.22125306711407,0.745288428160478,0.815958362576202,0.352134891011287,0.821231259841355,0.381088647002936,0.656695471994113,0.170163439878845,0.663041358476155,0.359785365858581,0.932427658130764,0.558647287999978,0.338561407339643,0.152608229698148,0.0259953391113086,0.632540966211702,0.667809709781781,0.890456551106297,0.646294773959671,0.329343679448939,0.428845432264963,-1.21482247913429,3.57240157597101,NA,NA
454,-2.7625010739641,-1.88266905777211,0.882678380252033,-1.36067605190934,1.08749253900383,0.354399260146893,0.597986420961097,0.366067914490122,0.936854982315563,0.514693310772069,0.00107631367293652,0.735365421860828,0.481089775671135,0.411502291963785,0.36583885876846,0.0715905251783552,0.0540569414524361,0.916138465561788,0.983038632155862,0.0312654936996987,0.102983952220529,0.742296168712201,0.698621076770592,0.865745251900167,0.358890077543329,-3.49212226181287,0.770770157994184,NA,NA
455,3.1028433604479,3.16082398978435,0.155652779298778,2.84922111693399,0.585677095453349,0.679608899606857,0.396079712072387,0.839947870858363,0.622872252151486,0.76509385447111,0.0171390243479982,0.918041590689216,0.979072653876618,0.0554797068876214,0.737858641210245,0.159644307770301,0.161712247380405,0.903096576424316,0.0372494718388189,0.675699643832515,0.462217607829487,0.919888193445862,0.158866664349567,0.302183824622654,0.67255870596983,1.7013151032754,3.99712713059259,NA,NA
456,3.56927314823687,3.55498241236261,0.0502139068277683,2.91998866221575,0.529914835754101,0.880655054125236,0.0800774231406394,0.526905797165819,0.543459894560743,0.0619931827120017,0.491479953199509,0.14924403091229,0.415662151030148,0.295841820529895,0.0465039120491128,0.122332846470061,0.244620701649343,0.723792002422502,0.662871448923601,0.548447138895164,0.826032823277521,0.0977860117285745,0.457078273286694,0.717613505038549,0.811718749859836,1.88137466926426,3.95860265516725,NA,NA
457,2.6915972176077,2.63371757230596,0.0661564908833352,2.66962478299257,0.754141218033512,0.56683556278178,0.297150650306954,0.293974461964564,0.868756576451357,0.547927658326575,0.737825693633058,0.33701484037179,0.744497634627158,0.218274639472249,0.379697040459374,0.952283502028556,0.379861053893575,0.362655137746828,0.687694262450677,0.979693790411809,0.77066278589447,0.561775321529247,0.95333668818872,0.133353212805232,0.0601314684298122,1.19153515638972,4.14771440959542,NA,NA
458,-0.254672547801183,-0.531181725689994,0.338071879780172,0.0222107325618992,0.457204554041279,0.990008479823591,0.4584026530626,0.885356744041899,0.173120284905424,0.907178573953104,0.664638062145445,0.743123735721223,0.965556286543724,0.782127429625369,0.651079946607002,0.308254356087768,0.981747053710162,0.241226145305205,0.185422386947903,0.677327773589524,0.292360711424146,0.927179744618712,0.785381571551319,0.84319646204263,0.276597599730361,-0.873893726926703,0.918315192050502,NA,NA
459,-0.765256707686408,-0.519626526276882,0.556064248763954,-0.20628164091372,0.456786674230267,0.0722585692190332,0.506549189376528,0.207463341420866,0.90430667665787,0.0809597157108365,0.190258653996862,0.29254185615608,0.00502648139395751,0.36668802903418,0.532378963151248,0.234487305002869,0.964600262569264,0.0328706593489042,0.0519513044337509,0.490172417858033,0.516001954376232,0.981773036360508,0.297381766811013,0.328701460779877,0.682250029625953,-1.10156707102287,0.689003789195433,NA,NA
460,-1.25042025132639,-1.20498159304448,0.100541197627101,-1.00209321176995,0.263969632868477,0.139883517606533,0.356049777327105,0.892442154781427,0.154690493004979,0.968986640343675,0.610672827869887,0.409245433787466,0.113305564547889,0.235791427854099,0.326731515904539,0.182103636505897,0.281898537773523,0.909530183038325,0.189666595278657,0.586154682175489,0.191967536281678,0.896204936249414,0.870334079555701,0.961342286421335,0.143925984321628,-1.51946418520442,-0.48472223833547,NA,NA
461,0.0180776129957307,0.436900702062511,0.453817884906723,0.831879776267978,0.92870380817879,0.482065629063873,0.484900576606859,0.316173154590535,0.401173679330153,0.452289686770178,0.197960885776789,0.974067639565445,0.451584870861261,0.762742265591165,0.960682472742046,0.201792217432521,0.702283148325281,0.0103801814588951,0.256031480845297,0.916334799087839,0.761170071681379,0.502532887393725,0.972515032341471,0.799411586858681,0.687087849356001,-0.988346240067644,2.6521057926036,NA,NA
462,2.2342549741307,2.60193355610188,0.822527123311687,2.60270005391185,1.22125306711407,0.909747500505066,0.573542466469458,0.302205351052573,0.914600194419385,0.663957544160658,0.995954946981859,0.769510482166544,0.831216860290617,0.51552057698369,0.166104220671928,0.565204965818906,0.647453233787441,0.963363233424374,0.84971282068186,0.0916522516609402,0.814830516480957,0.00677450464188587,0.357600272511132,0.854406795200892,0.558874492703355,0.209088026359196,4.9963120814645,NA,NA
463,3.45877100811871,3.53114553173324,0.0697230836500167,2.98681631308477,0.815458003280706,0.595899715674925,0.307315370365628,0.448778133999906,0.362266214816482,0.542002380367136,0.690839644966763,0.44442224400898,0.32359771959763,0.103716718113516,0.223933233335381,0.521747884480632,0.507467263110448,0.388344981497619,0.134601016402361,0.508243869333994,0.0934978992540855,0.63649339407892,0.315996305771288,0.93497506529314,0.663450811512186,1.38854799574965,4.5850846304199,NA,NA
464,-2.20634642817564,-1.49756841814178,0.99812917821576,-1.45493106252298,1.39965674110862,0.132588781837956,0.811405648288317,0.554212453535409,0.684535564687918,0.194221991277183,0.226947952991119,0.245367678937269,0.297749916064087,0.192470182253746,0.304692138005397,0.900561995723401,0.85731127301848,0.178840327313752,0.687017425066559,0.979122107916512,0.072045451674494,0.0778039171959972,0.687959271418396,0.860040897934348,0.0191227492840262,-4.19820786581458,1.28834574076863,NA,NA
465,0.0121739872668142,-0.0200951933967075,0.0544345647256753,0.685149507948569,0.585677095453349,0.892224712497904,0.231882318645017,0.959944295566296,0.926596509226481,0.913485543049173,0.477626487603644,0.109546823545359,0.501749315288267,0.656009644402075,0.242293217131868,0.667979358137935,0.476554438957362,0.564478952471167,0.387344727759482,0.20476613678725,0.0310698585914215,0.803799607546884,0.970123059188481,0.924088048707927,0.707554163709516,-0.462756505710022,1.83305552160716,NA,NA
466,-0.764888306112053,0.150163481387153,0.842108570492655,0.721872624311108,0.55571472265377,0.355469333576737,0.580639541228185,0.737420046398882,0.345706682816148,0.493874977663392,0.590403109984356,0.159502227217308,0.418626834771829,0.52816382682859,0.841649453171529,0.179743017825182,0.337147022371064,0.317306924054166,0.898888757306617,0.576145410282188,0.97028640093701,0.835893804112333,0.717557341458392,0.00868425615818705,0.952418369356659,-0.367308217768945,1.81105346639116,NA,NA
467,-2.251157557876,-2.175099645779,0.050271003818967,-1.60210571407205,0.449739886193517,0.419225938904681,0.0919100478603505,0.589211155285477,0.4722170509469,0.210548323929892,0.789907918448094,0.605875626924564,0.989615237134276,0.861080616509076,0.140925869781524,0.810665747113526,0.776795826082467,0.796951546626631,0.765687475768966,0.121787217891542,0.362448805369437,0.701620155564859,0.434256263635121,0.8586022629051,0.183450729079777,-2.48357969342248,-0.720631734721609,NA,NA
468,1.28271216777007,2.17406190114638,0.951524311357091,2.17789255725381,1.25681324922324,0.913694440422114,0.646151230138959,0.627348875500029,0.267653017539764,0.817198120972142,0.562095570602687,0.566140080951387,0.352312867265195,0.282047296857345,0.436822878473788,0.793451395393582,0.562487399372272,0.254642631658469,0.552840000693919,0.950196837325464,0.466172151542269,0.840344614357687,0.287942133409437,0.807275244844495,0.048082377574523,-0.285416146516509,4.64120126102413,NA,NA
469,-1.89243634032346,-1.95791168759472,0.0500511774658651,-1.05302068993176,0.502646347146875,0.116213198578916,0.0085567962116329,0.497454428800615,0.969929320849711,0.508388099257136,0.65882032615901,0.818767943803919,0.749299338857993,0.522561518371105,0.327521712048445,0.916918103554403,0.851531254125177,0.966745247015264,0.63396877063741,0.147838470872957,0.419135737126344,0.254256821469055,0.697120999933802,0.740782885927008,0.815656069563003,-2.03818942730026,-0.0678519525632731,NA,NA
470,1.20720024543743,2.15328443120026,0.916919136408238,1.62926008401999,1.25681324922324,0.998943278941908,0.617256565525196,0.777072102999548,0.10532352349034,0.74700271057256,0.56901733690605,0.592075656783069,0.333586578084505,0.18071649394813,0.426020185195724,0.445053419731557,0.220760157378623,0.63868617994315,0.0683002751396271,0.868415102831204,0.612177571809269,0.966198565231985,0.927718686142005,0.173643506946741,0.640887848078157,-0.834048619750336,4.09256878779031,NA,NA
471,2.22993020226872,1.18463270824611,0.83340461352942,0.462346388362037,1.08749253900383,0.294804880545824,0.577404063661466,0.70828301171097,0.934745466289693,0.568620497584576,0.0808632335307775,0.132011043637292,0.9228507438245,0.957360615026788,0.783594439385342,0.447992428787635,0.630836908884347,0.664579596507247,0.312079023440834,0.739600175200496,0.916700220692786,0.292926800528192,0.167500615158235,0.0560262757849414,0.0388085525868228,-1.66909982154149,2.59379259826556,NA,NA
472,1.62561910763416,1.63224292945579,0.0504121855289598,1.63239034151789,0.828879271177191,0.199996340246522,0.11288451355393,0.616041321624653,0.383165694309864,0.857528477323358,0.880391723382403,0.750543562571518,0.503641111977049,0.931628208441543,0.505178135149647,0.959676431844709,0.904224980522529,0.442621770660742,0.352092721604859,0.40406003165408,0.405406548110535,0.710026723832241,0.110202076732647,0.0936805193874752,0.890013186624623,0.00781682247878268,3.25696386055699,NA,NA
473,-1.13681495765323,-0.0740568632625763,0.861943395057106,-1.09441117281965,0.848210445702858,0.489849645597395,0.588588342270465,0.390115984225762,0.244739435824333,0.336769215679844,0.594601540473755,0.334290570355719,0.978175579196075,0.746954320334829,0.218353935541702,0.0520007769425865,0.849918848763919,0.815181362974457,0.0817825873934198,0.852164439822314,0.701291409642901,0.69117591302644,0.894063143433654,0.704641142004868,0.526537818201235,-2.75687309770792,0.568050752068614,NA,NA
474,-0.358530587712239,-1.37999890489354,0.999846308718685,-0.240255775371153,1.39965674110862,0.0298446605085628,0.936455477329786,0.114546329439152,0.206269234054722,0.489233035272686,0.795403529489064,0.280339163874043,0.0419037800478982,0.749461780200596,0.701355749977636,0.38922033233766,0.720227673821384,0.313098250815994,0.502465714505408,0.391543169962242,0.829478118853178,0.863452458302258,0.706762818195159,0.376194092491874,0.754355057996931,-2.98353257866276,2.50302102792045,NA,NA
475,2.87156776542833,2.67991250631536,0.15187537005455,2.37391804007948,0.778719370276356,0.814268499929574,0.394036130486173,0.456347036062973,0.309175712807104,0.659201861555805,0.00302225694677327,0.882870598398149,0.428615168773802,0.705423364128219,0.597018701956957,0.909926006929134,0.948495233328897,0.0801112414369127,0.789705781038734,0.24453469021176,0.67933630957792,0.948525365189882,0.809105453503202,0.0884216348250629,0.276448144232854,0.847656120274114,3.90017995988485,NA,NA
476,1.62601355739275,1.36302124737179,0.999263043793078,1.41924260057007,1.39965674110862,0.0318864202856785,0.858045637473115,0.598682685973705,0.158456017939141,0.402237047003699,0.54107234285702,0.0566387158667203,0.764197476260713,0.378110792081454,0.150160956886131,0.257580447069253,0.0971709603094496,0.24889654095273,0.586383951902739,0.736492084339494,0.101142113763024,0.213053731313092,0.622831437821849,0.674813370951568,0.378871624564403,-1.32403420272154,4.16251940386167,NA,NA
477,-0.668538865681563,-0.190103626509641,0.274111321583111,-0.386902326352031,0.474966316662938,0.475371956316638,0.441237311610254,0.365480172665324,0.510348643694655,0.821380637741066,0.196392268873751,0.339024277477176,0.660968198361923,0.810167278056033,0.484085239493405,0.109282380936202,0.424394268210512,0.290879743002588,0.157524234205717,0.604403402752592,0.0183657751618885,0.0813114052831661,0.752473270735354,0.91700940043584,0.0988690510219894,-1.31781920088104,0.544014548176974,NA,NA
478,0.683240080852663,0.608206646106965,0.0553098906221356,0.48850518787929,0.473129353069711,0.284411511728191,0.240935714472202,0.523285024976823,0.612820080772159,0.429059381854488,0.93507758815703,0.963953304473544,0.100890147462254,0.718705526909325,0.839075551365386,0.203925947072101,0.479774213076103,0.88464564001048,0.81452859841485,0.677875120492186,0.100469614025555,0.400472427260131,0.0971918776605744,0.0374384577465244,0.619443701678538,-0.438811304166079,1.41582167992466,NA,NA
479,-1.34378128851591,-1.38472801093689,0.0625881498935477,-2.19250599197236,0.51700110328822,0.372820702180616,0.284481657995726,0.219644602056243,0.391668622533907,0.135662584819831,0.234182915973011,0.178707323173061,0.357296755766845,0.551796373310732,0.40499376757117,0.918785610142164,0.741649861622136,0.421012608398451,0.397842076284694,0.776179033781518,0.439456059809658,0.427865055998438,0.453614697906072,0.375280381826917,0.508344659308554,-3.20580953438475,-1.17920244955998,NA,NA
480,1.85389320000382,1.85755231731515,0.0502528139302974,1.34071381974966,0.473129353069711,0.198817183663486,0.0884351328272605,0.918710904681124,0.84514330726047,0.294431720850756,0.634992393137305,0.836984689745586,0.0515776307662018,0.21716989785817,0.481388338617515,0.966927361537004,0.351118199910503,0.315527320338646,0.513301814427134,0.894625137237133,0.119697964561754,0.303820700034616,0.412945925051346,0.0734287755042314,0.817848176846746,0.413397327704287,2.26803031179503,NA,NA
481,-2.8635159734641,-2.70187046404466,0.548340314285443,-2.11052019043112,1.08749253900383,0.296396054383833,0.50491771085572,0.940895898105926,0.83102145800204,0.98641257128783,0.780725649634725,0.756325734387152,0.11761028261343,0.898714212334133,0.418771668661851,0.68003500259039,0.957285251430818,0.933726332669728,0.207721423393697,0.47583931443945,0.593945541916299,0.491721478385851,0.770329056272982,0.529247729715658,0.8034555722269,-4.24196640033465,0.0209260194724035,NA,NA
482,3.28565746883873,3.35036533584204,0.0509887391013367,2.80324895172483,0.585677095453349,0.849929678092944,0.156662727638148,0.927974132436211,0.822822558857733,0.744386360135861,0.01027602113178,0.462214478429058,0.506284256190527,0.268273543255636,0.700578113067313,0.186207819877542,0.149634426255361,0.16454916593607,0.407144912357675,0.162061228964827,0.363875701284851,0.289742809402524,0.309924282758846,0.82077708202682,0.753342289595399,1.65534293806624,3.95115496538342,NA,NA
483,-2.35031912233403,-1.59098338416083,0.997546259699002,-1.40579962961768,1.39965674110862,0.265133402676089,0.797813112239586,0.183592576591531,0.423898360844352,0.0997022816125536,0.0079386623086175,0.362839894539327,0.900249391085468,0.687157086625462,0.21744738854398,0.382202346881735,0.538048073691083,0.392101175118703,0.99966037659999,0.203131139664096,0.711465044782497,0.138314289525384,0.296667059011408,0.420305598672829,0.675781100903288,-4.14907643290929,1.33747717367392,NA,NA
484,4.14732125177542,4.34323332424333,0.160117793026775,3.30312928697086,0.85435310721902,0.687957495353417,0.398414449316682,0.590371260702726,0.556593599816086,0.588856028194306,0.0634157608435489,0.908554429368116,0.0285682579906424,0.17463521449361,0.207475932691828,0.702184029441094,0.206865071880631,0.599054472813383,0.205922192320111,0.197981775130378,0.529367201712565,0.536632514262688,0.417108505925396,0.49256721597712,0.344537728134543,1.6286279667417,4.97763060720003,NA,NA
485,1.43852138720309,1.351919461316,0.0585545178280535,1.46237092113318,0.449739886193517,0.156863191397861,0.264952155160136,0.969966973362956,0.739572491217521,0.430271728471271,0.93043856775586,0.502818498823326,0.514856056954945,0.777515130248037,0.752858783280128,0.000870347923715599,0.714716527115786,0.772113277751836,0.4589447669785,0.840979212992359,0.607570330950315,0.464161654699245,0.042134587097913,0.109422680106945,0.152205974306911,0.580896941782744,2.34384490048362,NA,NA
486,-0.102575284248044,0.470252276823453,0.956983012911932,1.07414600388131,1.29644516461767,0.514439007896581,0.652426431741216,0.608236407139222,0.686387623875868,0.00632770799752325,0.118388109259307,0.128146943234606,0.318165117116063,0.966059337832383,0.357991791246808,0.273431447569514,0.433460840142099,0.643064363279846,0.599963245396852,0.617228091203957,0.241835016955272,0.0706545141191455,0.307597182253143,0.703429075446446,0.599127910589683,-1.46683982670042,3.61513183446303,NA,NA
487,0.900448453929225,0.468655495390497,0.231546096017059,0.870624920781523,0.916793906594338,0.9327853213622,0.427856450731517,0.286614618191146,0.673596279416117,0.245017768041813,0.0465179587649181,0.377547195690917,0.0153498365735868,0.94410129885457,0.740975405178848,0.457611197051941,0.439909773714724,0.364619183645234,0.587547335118288,0.533056186157162,0.035380359251285,0.48676115289412,0.0827334076645784,0.686379048553295,0.597942851027125,-0.926258117389158,2.6675079589522,NA,NA
488,-0.139771478706376,0.106808201238137,0.991505559193768,1.12786280796759,0.779287261764085,0.59270506543119,0.735403416297981,0.14898631139996,0.605699781415402,0.543152698119055,0.861101107214228,0.340990344345337,0.873958161712624,0.204017243761802,0.74694481487677,0.851050248106709,0.444682132415473,0.288712665550527,0.0308827438520966,0.431575259487843,0.835782991426298,0.176535599754658,0.0748114290819503,0.2619737663829,0.661014443332911,-0.399512158700851,2.65523777463604,NA,NA
489,0.112411515752129,-1.12328359502371,0.998157880349109,-1.3267970602468,1.14132310678159,0.0895446515365038,0.812180206803256,0.766220004204079,0.178756681136088,0.879893477513106,0.0208038113133516,0.914872248081025,0.550198879691656,0.917135185569059,0.829206001552404,0.590166253440315,0.655142548292992,0.0941171440704493,0.258514238124946,0.465599509036401,0.0711627834342653,0.906464405481936,0.378597380247549,0.364521227645455,0.654568774013664,-3.56374924426207,0.910155123768469,NA,NA
490,2.60554766087391,1.73038190993417,0.998181454782149,1.19012695927077,1.25681324922324,0.728800469673937,0.812825452066725,0.561874113398837,0.508267276307219,0.93835043417837,0.573904235049384,0.319516437639482,0.611881792618777,0.430892202386283,0.439199455130845,0.797612821657211,0.301584943780326,0.177878033267101,0.369371935657575,0.0881266460824991,0.561562357511488,0.789669828495826,0.0490513442760566,0.617715460586012,0.0973979545991169,-1.27318174449955,3.65343566304109,NA,NA
491,-2.04259044216096,-1.24034211364926,0.976019315661557,-0.932358787042549,1.23207854813481,0.292464930152404,0.682682320329943,0.81320900557714,0.0141411043010885,0.948144179255818,0.225261293169111,0.663640150838066,0.431661800118862,0.626220572500722,0.878128266232205,0.495406361854984,0.276355465612491,0.329415194525151,0.615797362790443,0.723270355267217,0.183276420544367,0.321517542605405,0.998824189608102,0.517077086538542,0.474602074232302,-3.34718836751118,1.48247079342608,NA,NA
492,0.380506367013665,-1.22625078720124,0.997220082936455,-0.383254672931874,1.08749253900383,0.452710565624409,0.791555518616457,0.236979656730546,0.654632224668167,0.697642915487289,0.538613615514478,0.017345273407409,0.633974326253985,0.263589277751395,0.992608170551248,0.513250301667373,0.103443040916813,0.755442241421202,0.390614408376394,0.320427120564389,0.397422875356977,0.909740105428151,0.779752533565043,0.550046803650446,0.868837913214462,-2.5147008828354,1.74819153697165,NA,NA
493,2.1711836656222,2.22085424953098,0.0647357931412426,2.55629458086242,0.754489078206657,0.839396945965709,0.29247251891077,0.886243606147007,0.224760946075665,0.702339485535398,0.775648963362793,0.772997738798964,0.603651153864106,0.37518286219507,0.586701599421562,0.0549651338158874,0.479461427968345,0.695357848021202,0.642653688397026,0.879224515623064,0.897728032198036,0.398067651146906,0.778060527470894,0.928350176233333,0.0648357720040949,1.07752316084855,4.0350660008763,NA,NA
494,2.83481894308257,2.81333056168816,0.986235869165152,2.98606430838072,1.23263520377092,0.860842134100618,0.710990072411485,0.34848314561916,0.57309450109629,0.101575037187897,0.321771430834895,0.82557204573846,0.643440055440762,0.224408665765543,0.109940167552792,0.125586056684377,0.700246337685268,0.048860906953807,0.928727692179731,0.699189384134486,0.568691563070868,0.949574423670885,0.237556436517159,0.268688786419691,0.842022198562277,0.570143702913533,5.40198491384791,NA,NA
495,4.30992151821264,3.65710565802158,0.568117095273477,3.24918007749544,1.22125306711407,0.862853316617315,0.509102338586818,0.470403072424,0.79613990283804,0.094762331580976,0.57889832641487,0.0345515571444994,0.604499051831895,0.752967456875136,0.741251690848963,0.194354671819368,0.0814932360285893,0.47249081584462,0.473072819069959,0.407477045599604,0.226170125072356,0.565734185056062,0.459707068604766,0.87032661898993,0.193866528282291,0.855568049942784,5.64279210504809,NA,NA
496,2.71626060085511,2.67766997318353,0.0524458793977738,3.39258046330844,0.734112743996132,0.794474814118119,0.202026033772854,0.199689133008127,0.82753696939582,0.604378377860296,0.905774072719505,0.855589690599008,0.626592165546142,0.616498454963323,0.770220564141171,0.107747802480939,0.335273704287712,0.89259289935627,0.860027606082498,0.595088472136762,0.864452395797474,0.865413897773484,0.602837501162314,0.999532365390798,0.0503655020458391,1.95374592448415,4.83141500213273,NA,NA
497,2.05471826779195,2.08101303643659,0.0501509161791763,1.97367484478752,0.388045876294379,0.175266703226022,0.0626333093036665,0.464968008711236,0.118128432094003,0.778128850225243,0.28821847191744,0.227054200029583,0.794974835450645,0.485752971417969,0.723342583970283,0.300064701123629,0.762377191914013,0.623054850753979,0.846847342579975,0.659096459755441,0.755377558329608,0.2808821849589,0.657793316974072,0.32068930410326,0.261398768959334,1.21311890290125,2.73423078667379,NA,NA
498,-0.965395567010731,0.0179294763248761,0.906621752915232,-0.209341677733435,1.39965674110862,0.254807205322431,0.610816902091261,0.762690557887079,0.0826712523478782,0.110534312245436,0.984876729375916,0.543539099220303,0.386617608091678,0.195826618663268,0.34080423325242,0.484055639072554,0.0609818596735131,0.390967491301242,0.919944227162632,0.402608373482828,0.886491599505767,0.886886695414432,0.00164350724965334,0.584276737609645,0.958383165971027,-2.95261848102504,2.53393512555817,NA,NA
499,0.894957224648125,0.75192597246556,0.371181989507612,1.54852385552092,0.537192233546697,0.540049390494707,0.466408301231917,0.479688568362151,0.181876014480484,0.23113162990578,0.141192286991631,0.836073081978597,0.188046814248664,0.542073108778684,0.124317980054417,0.136884301537415,0.0908261514145415,0.452170680881711,0.415032466878998,0.991833969887812,0.82841480159515,0.939196903696866,0.881549963824451,0.0160145103286486,0.961153079622192,0.495646424994768,2.60140128604708,NA,NA
500,2.76005344139566,2.09438193342344,0.693482715951883,3.36137622648859,1.29644516461767,0.671490071679116,0.53708105108887,0.690252945368527,0.979879531937535,0.715843226989848,0.773991233703447,0.658229059140314,0.67837854576332,0.980321505622356,0.662916631698376,0.762647150619538,0.84142991562339,0.271644193708897,0.123995431901771,0.00442176345118787,0.50380073935946,0.382450227431953,0.343451241329778,0.822745060505345,0.264052030469524,0.820390395906867,5.90236205707032,NA,NA
501,3.82561293517171,3.51128301281743,0.999089695933639,3.71294309026624,1.25681324922324,0.886139765037573,0.84747399534157,0.500838652892504,0.581209183031693,0.658661166834878,0.463613212477183,0.266004267171724,0.352929289798369,0.736971599310753,0.297033463936066,0.446516265953775,0.371290736873751,0.0117879012401681,0.738016881407937,0.786341491884435,0.413235798052512,0.824083681804594,0.251516637430526,0.395466004572576,0.3776996961236,1.24963438649592,6.17625179403657,NA,NA
502,0.963405136872893,1.48007527009775,0.755503145275259,0.622285892801766,0.078928691850722,0.864877545038122,0.552985439239186,0.832424395204987,0.367536740137846,0.22342145559506,0.677084291037056,0.816707162178704,0.474854275265709,0.827034112714813,0.14729267945583,0.622662816675729,0.884429141568253,0.173633072573692,0.932521406181157,0.270046676356927,0.448519273941638,0.634088311326574,0.00706636773538776,0.335594313456444,0.893116987994639,0.467588499427491,0.776983286176041,NA,NA
503,0.187156806515411,0.0689340637417073,0.163821839237007,0.116078789021497,0.456786674230267,0.157185286661726,0.400289635543828,0.099128173758043,0.696256341759581,0.285552285397775,0.74718203543534,0.072893900605035,0.089543087783386,0.0882183516998775,0.671090139893116,0.857321018340532,0.75238456608227,0.502598125151591,0.285721693407511,0.827760230608168,0.915299441921641,0.195056949553313,0.825001260416233,0.557130894434988,0.53965162485349,-0.779206641087655,1.01136421913065,NA,NA
504,3.6455925750746,3.14074131105425,0.375225951200479,2.36326322552793,0.855938730149405,0.620064027457614,0.46735650563892,0.285649866412743,0.911502503232565,0.380086837629788,0.358159174541128,0.859092792928219,0.892520943161566,0.258321565966238,0.545085952766705,0.0379656573905377,0.10158788926946,0.621707015070715,0.884428421395016,0.082150144670275,0.149535433628829,0.807819416535785,0.338924301347462,0.887987006784533,0.502124838721822,0.685654141462148,4.04087230959371,NA,NA
505,1.20967557011311,2.4210285945004,0.997396369042622,2.1848801607862,1.29644516461767,0.65835095047811,0.794840528253349,0.882236759088817,0.852228183278115,0.791487709135981,0.325002450197819,0.530324488871614,0.608660390347824,0.706341384222731,0.923439963825047,0.892648433208233,0.152060098304297,0.415027017690241,0.820812174965628,0.953113983401679,0.393202565532061,0.315100555101642,0.754154549456318,0.520052021333948,0.56523426370509,-0.356105669795529,4.72586599136792,NA,NA
506,2.63845115102535,2.03277779333939,0.999654714804267,2.62038205298008,1.25681324922324,0.9471352760148,0.895974150478491,0.980259755114675,0.436895652700798,0.719827803935739,0.317557572439662,0.431382478710148,0.476623563359492,0.86214925532951,0.553514066088479,0.114879180761403,0.102207207983593,0.558201974464464,0.951691692367895,0.738880932155415,0.608513430940569,0.0925658966782503,0.613780191458296,0.534265974877868,0.500884931928013,0.15707334920976,5.0836907567504,NA,NA
507,3.16263354357266,2.90135771528908,0.999940451094523,1.5594061625144,1.22125306711407,0.823503897747956,0.983867833141005,0.438886306850705,0.988156440231251,0.887682017900283,0.187621737705311,0.241316585356602,0.14606243564107,0.396843707942404,0.436274266591761,0.992587674697395,0.801913043222856,0.213113167340285,0.493966530246311,0.511316569708986,0.961071524581755,0.487108164055389,0.0768990916782059,0.219345119967009,0.189009928031592,-0.834205865038249,3.95301819006705,NA,NA
508,1.39354276041485,1.45628249787042,0.938353007310241,1.91165617157943,1.23263520377092,0.542242741365451,0.633397237335448,0.139369080783916,0.150920916498522,0.0640337745359866,0.542095525776036,0.546994709287421,0.711556142219575,0.0105761302148458,0.130909275688115,0.54492158481048,0.649465900317999,0.0963686224698322,0.989598956234753,0.863576229446917,0.498715539962752,0.454479658331024,0.180890150345163,0.341627424456296,0.190358439353295,-0.504264433887758,4.32757677704662,NA,NA
509,3.53723161771422,2.50604220660743,0.999710622851822,1.61253074964666,1.29644516461767,0.715986536613898,0.904809088066453,0.966239083921653,0.974826712451293,0.281901654266752,0.24307318881969,0.647140603595413,0.257995851708343,0.609627751258318,0.355610307345283,0.196997628993122,0.169305820662645,0.0579274553010473,0.0317153466793243,0.579928966098814,0.499330999610596,0.652785255164607,0.695973629164044,0.218139595209388,0.0612877243747935,-0.928455080935068,4.15351658022838,NA,NA
510,-0.99423449982502,-1.61096873097918,0.999049788944083,-0.0116115733172391,1.39965674110862,0.443588877198519,0.8453266208407,0.30582232298248,0.941465436305967,0.26869106476102,0.803302136858809,0.659189852315816,0.0557157936398871,0.947535525694257,0.492338115355233,0.14545415187499,0.421834160267841,0.382706708372454,0.73968079319864,0.460693791571772,0.321171445663786,0.526417446219828,0.789367305369349,0.334496952061774,0.0621399000608362,-2.75488837660884,2.73166522997437,NA,NA
511,3.52590637286042,3.50107777636062,0.051062255691074,4.22666876922068,0.531502598717352,0.784261243597371,0.160252573123318,0.369216469069943,0.300185303287813,0.295848318994627,0.343448216377874,0.976098780672881,0.62833416417113,0.196595312533318,0.930666614537011,0.343003710058518,0.8398198863375,0.65195019311225,0.725255813299329,0.541067216304364,0.732980741375941,0.27152985339181,0.121591214301996,0.441845859873923,0.486426529429737,3.18494281804523,5.26839472039614,NA,NA
512,0.822250332797014,-0.192144932599874,0.999915162731275,-0.944405556923613,1.39965674110862,0.17649456217268,0.966169651063392,0.354699928388116,0.718794150640839,0.159974499747506,0.0669095572544029,0.815298534783768,0.119350156174623,0.938033200060017,0.744549272928853,0.362221220767824,0.164990901838173,0.808568507213029,0.593981628116453,0.121264292836888,0.137565785668208,0.31159631380986,0.0103842866406776,0.126780886022956,0.920362505417783,-3.68768236021522,1.79887124636799,NA,NA
513,1.69873810819943,1.86589546807637,0.310610895309546,1.67458465779707,0.473129353069711,0.381615419163252,0.451361131123034,0.979942718650796,0.657046918685897,0.407404650749988,0.608556347182952,0.182581288767396,0.0908667191417189,0.289198887038976,0.622652887947275,0.642834602656309,0.160690244083758,0.0232183027998544,0.411330356728402,0.69092960353673,0.88783314041479,0.0539847143985098,0.177482274090289,0.0903733599813422,0.821086204412859,0.747268165751696,2.60190114984243,NA,NA
514,2.00088357530773,1.28800731641133,0.987059683879788,-0.737369691793323,1.39965674110862,0.142793973323423,0.714119962926023,0.0949969019320561,0.6162706190889,0.310009397516143,0.507315181465121,0.95399514158885,0.270866369014955,0.0750930665748892,0.435683431420592,0.203274799133884,0.475936584220617,0.845726766791893,0.0376393247314263,0.258882717336761,0.272378884856706,0.232738180233398,0.180484163308865,0.635541590501671,0.462399985246593,-3.48064649508493,2.00590711149828,NA,NA
515,2.61734199605721,3.24929663413744,0.999692368592288,3.23056896754917,1.07958489405795,0.709524960787967,0.901749552524299,0.783980575466645,0.208193306311616,0.613576444942039,0.19302362648712,0.964022017912008,0.926790931631229,0.443461304089404,0.194556046088343,0.104928862823755,0.572788174447836,0.853925804663333,0.241043467725627,0.963139610639191,0.33562395689066,0.621372231908841,0.468503281452693,0.271603991852491,0.689277817986091,1.1146214569421,5.34651647815625,NA,NA
516,-0.861986250658923,-0.878712243913711,0.050405810295319,-0.061586819710358,0.456786674230267,0.0120516804087674,0.112104789695702,0.00579951207991689,0.552436194592854,0.381515046346001,0.687075593341026,0.862882872279966,0.712500253411825,0.304592724171351,0.485536742387805,0.390319904668489,0.906330698298872,0.450797630394925,0.537092879481032,0.91546356249589,0.926801798608853,0.28896197196003,0.206445876814425,0.0346056793609168,0.185684867392178,-0.956872249819511,0.833698610398795,NA,NA
517,1.93444951286879,2.04062164012496,0.0500581315580508,1.45655424466026,0.194945978274951,0.221626004741178,0.014927630681661,0.489830199236749,0.848563220112468,0.91354795911198,0.354815481726313,0.168465800987091,0.659245337387663,0.803981134184869,0.807712002933724,0.0991861620631535,0.423358380581136,0.200195098331082,0.267965765176574,0.807486659125891,0.717684430023422,0.819702085448313,0.127466733583831,0.227914418950444,0.506726337867323,1.07446714831043,1.8386413410101,NA,NA
518,2.81384069548884,2.97144806357512,0.998696521532277,2.17797693500577,1.29644516461767,0.894239933720906,0.829502626219532,0.552036283681868,0.809819190515904,0.200191500365268,0.69772772767162,0.722214242915972,0.646470893334132,0.60508880276035,0.685312244638684,0.960103988105198,0.911087441557786,0.240477765036514,0.676613216746366,0.528620990615222,0.690640948773245,0.751241292116814,0.540402589289006,0.421902474884992,0.618799839749467,-0.36300889557596,4.71896276558749,NA,NA
519,2.87426273260131,3.75019578552741,0.914172453277625,2.62157826468606,1.25681324922324,0.85478034322185,0.615471616762574,0.582967078061658,0.230107091861893,0.931239989470225,0.688404699209146,0.428380069874111,0.708069141569198,0.895102492128499,0.405239420290454,0.0527855557089206,0.455644567812793,0.167630313112284,0.327290311336168,0.594201832163962,0.537633094496327,0.548447942900471,0.428809090847732,0.697191470419639,0.563996193519211,0.158269560915735,5.08488696845638,NA,NA
520,0.926694725279117,0.657767210568021,0.99995552631614,0.273201978224099,1.08749253900383,0.219613791515119,0.998463640388101,0.127237228673417,0.982618295448483,0.698586431803298,0.449616954193101,0.736150763191516,0.545694174724747,0.811626883817138,0.00747735716972966,0.212488069773535,0.311026798967971,0.118242666372447,0.661073395611602,0.513483082278632,0.025588193785632,0.299541944061988,0.771251638968941,0.101353404587018,0.388349992534146,-1.85824423167943,2.40464818812763,NA,NA
521,1.97184239164981,1.98732787053688,0.0564240921078441,2.28809712770544,0.789915584088091,0.729019614000223,0.250518924976815,0.35817322925746,0.631250180351781,0.127522991726873,0.139376564331818,0.813140544869588,0.338519641303224,0.451562958217342,0.458665534144267,0.615405331244343,0.490743623762741,0.632894193377695,0.777332791576162,0.0681639283051481,0.438428060067236,0.841986438605119,0.657291144711897,0.641801974773407,0.457787048567669,0.739891032065864,3.83630322334502,NA,NA
522,2.08297833800909,1.64272934771053,0.999723798646251,0.38242334491061,1.39965674110862,0.176660547896521,0.907139817036805,0.712078743882943,0.516052631363156,0.0164066121727228,0.457550573592656,0.715426196528017,0.236550882962882,0.919810637701652,0.0418321113492129,0.241111889259424,0.233751458206563,0.34218089661561,0.930169098266051,0.238995576410322,0.393720505488222,0.684809332727804,0.609549684338388,0.55384083560796,0.644276662222575,-2.360853458381,3.12570014820222,NA,NA
523,2.34485461130348,2.94433618573376,0.929298815973931,2.68219141899278,1.25681324922324,0.676866790765664,0.62603312349401,0.096581383056473,0.141142599698738,0.800070530923666,0.383748007689253,0.184061985863256,0.985317644962925,0.0315859611345222,0.403847102518543,0.243515275822487,0.70550947688194,0.712662300875061,0.700812972501852,0.0334076136788353,0.412567917634966,0.941649610079592,0.883978924433468,0.963228120134212,0.34121304003906,0.218882715222458,5.1455001227631,NA,NA
524,0.766162153437166,0.645759492320884,0.221954772128,-1.27330205462177,0.55571472265377,0.497065453377669,0.424522341674543,0.373581598693272,0.237542478003539,0.399538356854115,0.963295354387374,0.705289372009109,0.947021887858748,0.570390049613314,0.368016582257114,0.413589150740998,0.461799331877846,0.401769729184452,0.808563641085406,0.752728668149677,0.350648209421313,0.781560880424455,0.386024920709315,0.3182213855132,0.5537674260895,-2.36248289670183,-0.184121212541719,NA,NA
525,-1.23375637537348,-1.07169226126904,0.983390388013152,-2.41473952394541,1.14132310678159,0.0535295279258862,0.701442098625121,0.973971712942352,0.083014833745081,0.816746473250678,0.105402512397384,0.282728358315653,0.175841193862609,0.177027546544909,0.673957756530959,0.862268470169161,0.275842668247409,0.208096233172459,0.496517604727647,0.0737796718874015,0.827993161375867,0.75677436867787,0.437946974458057,0.478602877434343,0.831897509398987,-4.65169170796068,-0.177787339930141,NA,NA
526,1.09935150061369,1.13041252222774,0.0519524784034388,1.11822507931224,0.194945978274951,0.208124715821235,0.190734745621332,0.467291677929228,0.734130083353841,0.903322021961561,0.663639022833086,0.812346127351047,0.9121186387419,0.148961478327634,0.523596292619477,0.595278696607798,0.356167695166077,0.826840431125136,0.0177331788230222,0.386879279677407,0.729736880788696,0.60057832138217,0.304580403360887,0.330988802296808,0.226197713854373,0.736137982962411,1.50031217566208,NA,NA
527,-0.219793935709277,0.376008449231366,0.999668615080899,0.331743361663524,1.22125306711407,0.642554363447824,0.898029388958472,0.0346329620478209,0.975334020601469,0.198445923192427,0.149805905864458,0.0952990320826648,0.539408959157649,0.76800225829694,0.767464769463171,0.130272179533844,0.954758996053599,0.760225781026762,0.6027731974856,0.532540438113152,0.358460916051408,0.372057289312012,0.0527046408104943,0.594432314059464,0.132474195754272,-2.06186866588913,2.72535538921618,NA,NA
528,3.17239330940748,4.17871277414014,0.477589661345843,3.55881884664723,0.667631014215906,0.901039921570919,0.489985531603801,0.133579105719924,0.938999135720544,0.352544304654817,0.352486036212649,0.40401187956729,0.365227499895846,0.393189354066388,0.776421158440528,0.593245167552377,0.503379926306661,0.269157800777815,0.463593723896192,0.0710100845897105,0.979473176133935,0.0662384706822922,0.14924169047887,0.923404496417614,0.0701612683376297,2.2502861038221,4.86735158947235,NA,NA
529,2.66918586717328,2.7192712861441,0.0515089614621353,1.79435288623173,0.585677095453349,0.799353854418383,0.177827464974369,0.729660255439696,0.88452492069779,0.0358090730203548,0.646281159432605,0.524729569247342,0.0930108300546417,0.7743740351944,0.176652715432923,0.495535267396481,0.175803856445942,0.212454569441848,0.887672715847031,0.426388690618798,0.0408789145529736,0.546370344128925,0.934537332387292,0.958736412318307,0.155399840185535,0.646446872573134,2.94225889989032,NA,NA
530,1.19443546060311,1.07938116263726,0.0502748155780566,1.17577704745093,0.725514292923767,0.169043814361561,0.0926086152638309,0.302552445799927,0.812939269397641,0.382003503606189,0.0323954228310613,0.387247286760015,0.455690230658744,0.478836406346178,0.940293572260183,0.411688532379805,0.412564206533483,0.867317004007986,0.764828556088498,0.0465426890491508,0.581734981719521,0.737692441291525,0.182000094954972,0.760843979929225,0.4283107444091,-0.246204836948698,2.59775893185055,NA,NA
531,-0.434170154985915,0.224784875274147,0.999623600548058,1.6417579374346,1.07958489405795,0.626682225398487,0.891658501172904,0.586914342705975,0.219012418161146,0.3677468279124,0.393063956927159,0.402429179011844,0.383960938509204,0.668815633282647,0.950299223169917,0.703908933111583,0.736167714095442,0.556661268583382,0.979000726721366,0.71556123453693,0.731321445715614,0.91938370636187,0.0759047668166459,0.92932834605081,0.604947917578858,-0.474189573172479,3.75770544804167,NA,NA
532,4.38819818943786,4.27798322601151,0.0630099330632192,3.80453165530471,0.85435310721902,0.69913990845182,0.286152023311239,0.634861921263509,0.536529854805674,0.356464655735414,0.61250064710388,0.57924949960399,0.558666260074824,0.414210848418414,0.0175667221164331,0.443736184749287,0.0934651319428813,0.510345598029904,0.669565338727552,0.0732066423546057,0.227129864127841,0.904470949795446,0.0176737796337111,0.269374717565835,0.408534953130642,2.13003033507555,5.47903297553388,NA,NA
533,0.275630492464638,-1.11234961188605,0.943155458746173,-0.324916732293505,1.08749253900383,0.454859631723841,0.637722022812115,0.355114288700162,0.854009299932513,0.560248823863105,0.461140717505594,0.656755437580636,0.704287159587606,0.0212371733004693,0.703153773350175,0.996089039998129,0.622561686847825,0.550903893617098,0.517077043775003,0.449265274816426,0.882455956183374,0.679635937234038,0.0201708790422417,0.26747373364307,0.268799683037098,-2.45636294219703,1.80652947761002,NA,NA
534,-0.692880510686309,-1.1607193122635,0.329276489556304,-1.20998502868882,0.0774040452167304,0.030249068974168,0.456192264850717,0.926702332718996,0.496843213178916,0.89064183783019,0.558491703558131,0.258096877921023,0.941126217547921,0.164522406837204,0.00354790426092222,0.0740231613593642,0.493175655928906,0.444582531504449,0.72117591978726,0.148352743127267,0.73959097235417,0.270415640187915,0.642923157546902,0.496337720432901,0.989051384362043,-1.36169416957132,-1.05827588780632,NA,NA
535,1.83894414432533,1.81106721149928,0.0501467345265694,1.32436990967793,0.166136453979154,0.106404733186122,0.0612281109072501,0.789483023300301,0.859873689478962,0.801873647787492,0.478723171397694,0.151143224565778,0.684194159801118,0.953307301751222,0.215575718710315,0.348869576625875,0.062349106680369,0.577333037268138,0.998985592056997,0.737190615624189,0.162124266156228,0.346834605596843,0.132510165960528,0.249237298682914,0.0349471317544812,0.998748443359596,1.64999137599627,NA,NA
536,-0.558290278608224,-0.507988735210978,0.942351300165087,1.09487859306339,1.29644516461767,0.546436731114285,0.63697460977931,0.691502698813682,0.936008458275581,0.504209392120712,0.873064272221294,0.215140553056728,0.961344159841537,0.450963329724502,0.660528519230429,0.695932468832703,0.180013846901711,0.00780076508910861,0.965961972097284,0.741640832377365,0.573644001661916,0.00854436898848508,0.710284150343039,0.59830673442129,0.908844350810279,-1.44610723751834,3.63586442364511,NA,NA
537,3.33159478042862,3.32341659279907,0.112993457109633,2.53974010508536,0.433256633920953,0.743235608855728,0.367758925344329,0.866474280746072,0.604883923543035,0.851357361682924,0.549798857108341,0.360735844778363,0.137654874703032,0.748787464152905,0.82114514928055,0.192258125485503,0.582189923470025,0.308810250750044,0.337574122853926,0.705901121736853,0.773090674428386,0.764246538218809,0.863248353260802,0.683248162582051,0.00759753690077923,1.69057270653724,3.38890750363348,NA,NA
538,-1.31226918883374,-1.26684782075235,0.0501045566081315,-1.48772469403536,0.55571472265377,0.376655640199548,0.0442810715705855,0.104668362574885,0.325063012038125,0.382973665780271,0.668432835091837,0.574385952156386,0.2995370443539,0.0479202657417627,0.331209465235355,0.869758056662628,0.191218157807947,0.42153908987809,0.941549065608298,0.209202766287257,0.984957526260288,0.33510110044654,0.704317433764227,0.460982835229021,0.00172638938168529,-2.57690553611542,-0.39854385195531,NA,NA
539,-0.472486210912982,0.815115800387261,0.999894073207932,0.751255406001315,1.39965674110862,0.269438343342161,0.955067877041642,0.658885694563156,0.018969080739771,0.120686913031968,0.0651455895279068,0.56431270949496,0.664969207977993,0.18599092966516,0.678887246897793,0.42691275177768,0.419095900669694,0.151060390884173,0.00397249719547108,0.409242537079612,0.284390036720433,0.677703471037093,0.552275795903173,0.134397218987928,0.718091554282582,-1.99202139729029,3.49453220929292,NA,NA
540,1.01039899785392,1.05459949116888,0.102528659142007,1.11725116729262,0.852813454922665,0.769159857864957,0.358088886070647,0.722213693198049,0.429918501036707,0.538762248551124,0.446913269420736,0.00250484858115669,0.0698188776986208,0.970345363077009,0.89408669620927,0.946262056088657,0.618725234558107,0.169555940061691,0.82257688096317,0.199779504596023,0.597620821199962,0.117205298132729,0.56023598644149,0.308322211821098,0.0136402663482586,-0.554232489886974,2.78873482447222,NA,NA
541,0.112401221789047,0.469424682432114,0.998719146295514,1.00014925393605,1.23263520377092,0.996823863764061,0.830379299778142,0.225630837707315,0.0336510214940645,0.304464685167652,0.673659912714851,0.0188151175942039,0.879166609729174,0.92207248672971,0.824906156047131,0.752925096916151,0.950047050817986,0.304946741589694,0.387620299992734,0.588140002727509,0.71490646632656,0.960032717886497,0.125920815663296,0.46610592625849,0.30393356853025,-1.41577135153114,3.41606985940324,NA,NA
542,0.0827778317574015,0.843684860283231,0.997825243353944,1.18935718101635,1.29644516461767,0.898004238857538,0.803862668569898,0.807061201121309,0.774456272717682,0.984301125570317,0.0563298792941496,0.578552271485445,0.0675488856356824,0.381366943751229,0.90856975583965,0.751482026788872,0.92568231100135,0.478645717793261,0.558240390054882,0.487231759495451,0.81681522249477,0.178470726025989,0.404955154447816,0.98924718641839,0.629424242244218,-1.35162864956538,3.73034301159807,NA,NA
543,1.48001675883453,1.42433037137054,0.360299501411566,1.84684376693457,0.85435310721902,0.724443977932911,0.463826893439633,0.102451650367933,0.543973185152514,0.583894429510227,0.809136713549378,0.640401881618775,0.0628075351144653,0.67015155864181,0.373869345690124,0.673394703111262,0.829413063133368,0.748746933977818,0.543563268586411,0.792322732126806,0.641189697707654,0.457995830551605,0.995073519629543,0.00373586272168905,0.467305197996204,0.172342446705402,3.52134508716374,NA,NA
544,0.389573857110073,0.326479641747103,0.0807406204271363,0.30204695610469,0.91414670566954,0.953779504641192,0.330100829866366,0.198650940437336,0.953898239459144,0.728821720820735,0.442141785597661,0.843941170342499,0.328513151097577,0.269235902928398,0.0118329655482667,0.444230311439722,0.162533746681525,0.829350957387011,0.656520221515791,0.544854641396669,0.647385295541142,0.833926412377623,0.758421566147707,0.303748828550684,0.318014642053284,-1.48964766359354,2.09374157580292,NA,NA
545,-1.56767664948364,-1.64541340482105,0.0508861917240254,-1.00560179233143,0.474966316662938,0.118517531050718,0.151182466258877,0.51888164411101,0.694765080828685,0.755793686406338,0.733501888980158,0.744723713203915,0.861875712580746,0.365795977236587,0.903684000872658,0.149046867030091,0.76014279959281,0.154669796363683,0.938582048356417,0.552202717022621,0.0590555266827578,0.380889585396857,0.857921423437074,0.0283382007165346,0.401073447884759,-1.93651866686044,-0.0746849178024266,NA,NA
546,-1.75242347573392,-1.57677448536343,0.665018998994408,-2.06279876315371,0.51700110328822,0.300358318610117,0.530378967160126,0.285301656889729,0.284401864997693,0.233976065783645,0.955868187234155,0.298750225191936,0.770149824680411,0.538114968297537,0.663968809523969,0.367448836609256,0.81596939099126,0.771232373544015,0.36880949087441,0.0453431090819649,0.122429762536893,0.406358935254626,0.0626255323264049,0.77246896610281,0.0982075460491469,-3.0761023055661,-1.04949522074133,NA,NA
547,-0.628321900536821,-0.529758639500206,0.0608776156997099,-0.0377148626328887,0.55571472265377,0.101296718588681,0.27708806333656,0.206969323074794,0.313221722723916,0.0629246897473931,0.217443689076579,0.482987043199246,0.447389798589167,0.556641980871325,0.366509644063422,0.321769640324521,0.53732915872545,0.470620118202525,0.802007052134024,0.799917932385113,0.534300965121132,0.659849559269962,0.160570626885514,0.476874588384177,0.0729931709549855,-1.12689570471294,1.05146597944716,NA,NA
548,2.15099174935562,2.20127112168656,0.0506685630818425,0.931833827082181,0.585677095453349,0.662509486924857,0.137080874506966,0.672537576974602,0.9071032601099,0.00171201689227019,0.717236586043262,0.932257066856953,0.903661787541001,0.0621827445169911,0.0909752055520657,0.168940338945482,0.665948778335121,0.52280638733739,0.75583057456743,0.608930916266749,0.662827235686593,0.542666375192231,0.810613702220726,0.263090404851595,0.527444105523522,-0.21607218657641,2.07973984074077,NA,NA
549,-2.20846238134026,-1.77197083114636,0.999702656899834,-0.83094325311031,1.39965674110862,0.0312018715870799,0.903450876519084,0.626382433556835,0.524241134719225,0.209540661895298,0.650041032194742,0.90093684830342,0.645485997118871,0.412026900696917,0.22177931475942,0.17894325213111,0.921305741492193,0.000645169186289422,0.539913360905484,0.9340986525591,0.0759882901824312,0.194886639523669,0.420442683692905,0.648920717675821,0.0831867051344598,-3.57422005640192,1.9123335501813,NA,NA
550,1.41268209453907,1.58133652936567,0.192457732574074,1.01446890949857,0.55571472265377,0.405782862117514,0.413252497245325,0.955966550125275,0.365777912983089,0.210125750559266,0.335505413379753,0.254867383859702,0.509700457198895,0.203151721659699,0.813738116584485,0.116713288136758,0.112833458633046,0.0385295040090568,0.0974452353108209,0.712714655673364,0.870629361054627,0.115307806339115,0.187567409105133,0.202690183297382,0.0758738632467575,-0.074711932581484,2.10364975157862,NA,NA
551,-0.325119519450791,-0.176245212559338,0.324810500707444,-0.101803027729195,0.595160768011026,0.713782790948404,0.455054419031716,0.365683988892357,0.776986689287936,0.324449487769976,0.657584288489073,0.745829807476606,0.368452705259784,0.172652017305023,0.27286301512958,0.80094727988902,0.708808382782852,0.642380155779654,0.339451877036598,0.436822407932836,0.621141995269805,0.760278880049591,0.692041731184232,0.455306472816737,0.307820710700238,-1.268296698042,1.06469064258361,NA,NA
552,3.44948595368065,3.48456444140776,0.0506626081662539,3.05517208787998,0.424319328881465,0.979991935401573,0.136633213820402,0.296826136717107,0.404197962092934,0.75530381392187,0.577035488613183,0.519324580786517,0.571535801963066,0.0800701624087524,0.699959292020765,0.554223743521608,0.559418913963018,0.733572775207576,0.367503377611283,0.759820745165111,0.0330851138670696,0.115782425505109,0.577355953748804,0.297555223757634,0.547104052607436,2.22352148532811,3.88682269043186,NA,NA
553,-1.60232886655668,-0.901942350452677,0.933819845628254,-0.863863273082631,1.08749253900383,0.392555024318863,0.62959363061178,0.84241106506018,0.837152614394552,0.905801561223809,0.709028710257029,0.736753998198663,0.670406156337936,0.0612116946047172,0.156643252416048,0.339081391367828,0.366860820647911,0.842597905090544,0.293144019514672,0.25322809470701,0.038327675094828,0.819211943273549,0.507448480888736,0.776525488069863,0.452326279876987,-2.99530948298616,1.2675829368209,NA,NA
554,0.32249859659078,0.243410690393886,0.0500558740324108,0.41517169929501,0.55571472265377,0.341243809275213,0.0129470644337125,0.813596504065907,0.061052748602815,0.323707057452411,0.788621469298145,0.800519476661924,0.95111925768829,0.764300044283387,0.0693092454713769,0.139968814135296,0.604753595245536,0.609529356431682,0.618172411434935,0.119047913597315,0.726485203719349,0.0385822825995274,0.0455478901424212,0.270532033047872,0.797336834000424,-0.674009142785043,1.50435254137506,NA,NA
555,0.477513222152474,0.439343012481018,0.0618004268652523,0.369178053422397,0.82912353161218,0.336116929800948,0.281208650746383,0.488741357811843,0.723216813980718,0.48359580071317,0.296614069732837,0.104730264887097,0.860811625523958,0.77545986225293,0.250653360421886,0.561642416850431,0.730716764035402,0.327542020666297,0.071781053300132,0.363687220484833,0.300006678122911,0.108069662131369,0.823556518320693,0.794698863618774,0.598501278484589,-1.25587420727213,1.99423031411693,NA,NA
556,2.04094079240621,0.88664405093322,0.999869167569038,-0.319691561344331,1.39965674110862,0.495380723374081,0.944508109216113,0.00268348734837491,0.578932296894724,0.228223734848201,0.463493739960133,0.644601719110855,0.045214226852986,0.466456780800247,0.0298835305409739,0.808101185064181,0.866112772725755,0.438641768439673,0.825217808751506,0.0270018913715612,0.234923571126186,0.103009026754647,0.816091719300952,0.188648074020166,0.757532313470962,-3.06296836463594,2.42358524194727,NA,NA
557,2.28667322318295,2.17793255881466,0.050560557586211,2.60732237080773,1.02092256736521,0.51907162799919,0.128265247460804,0.423242272268399,0.485670505522518,0.0280004878307227,0.40391908899101,0.945978078745305,0.433291094245156,0.444654456491582,0.599510295729386,0.341544339843444,0.959487343543093,0.147434708399465,0.35338374821702,0.824720163288992,0.169145290685818,0.779808297450654,0.607371748161037,0.415507685069926,0.0570681966354605,0.606350907767749,4.60829383384772,NA,NA
558,0.0683165987509164,-1.72724223261997,0.999524980404041,-1.73862869606502,1.08749253900383,0.221215614931425,0.880018053003121,0.228941981337848,0.666705218571704,0.768958881828468,0.318202865156694,0.657144607787021,0.584239530792925,0.550802705115639,0.150646803423529,0.350428876286722,0.399020257793949,0.715866655746242,0.354126829414745,0.207597025567316,0.0104888984004501,0.509276289145579,0.468091660226928,0.0331175286946818,0.889671905464726,-3.87007490596855,0.392817513838509,NA,NA
559,3.23265463721524,3.38286778572245,0.11478739839042,3.22570512161566,0.541028929878074,0.55346283329837,0.369264163559885,0.945710684333579,0.487020937032881,0.0231549549057381,0.069964949023095,0.0312431419898057,0.197954188946518,0.91038452072686,0.963930761305965,0.0343370973722776,0.295796865643351,0.308125439934083,0.0890892370782094,0.848863689964171,0.232730044775642,0.320605798696051,0.218661339427461,0.487820213110535,0.195664107746794,2.16530790446039,4.28610233877093,NA,NA
560,1.15190382775096,1.20681727860014,0.0504765512283567,0.127421235940705,0.449739886193517,0.0808145888383733,0.120142986106919,0.907032728541293,0.87229354767676,0.141393392415252,0.11229607512604,0.160576173252543,0.96442922567029,0.576984258902841,0.0775462170757819,0.437557717002346,0.984509318433818,0.066540560936206,0.0884117050251225,0.994742526244954,0.238403356552473,0.744495162772597,0.421348199601751,0.796237594209146,0.179837960724253,-0.754052743409731,1.00889521529114,NA,NA
561,1.27456312884703,1.33596484609368,0.050442856092287,1.60294876707706,0.838525871160185,0.721199961952516,0.116474693928962,0.338641354900785,0.893601966137183,0.928638207785552,0.832159215315594,0.809327928809565,0.15240119936096,0.0431422746006865,0.92651407081529,0.952913704539649,0.504171017397661,0.684078931251075,0.215882978309412,0.468654243409401,0.97397899460292,0.413924721876858,0.678646530362195,0.196582638032967,0.60156195634685,-0.0405317405019716,3.2464292746561,NA,NA
562,-1.5130036969364,-0.859206464403493,0.999614623587559,-1.41420916679665,1.39965674110862,0.00560902518220246,0.890479548529256,0.0612527942210436,0.993347174946568,0.416282289494062,0.668788670023205,0.134457427835441,0.20489490408008,0.45201183949504,0.676043911119807,0.846792299192282,0.641476286573568,0.997033383843722,0.434871429558611,0.00486330621188972,0.547151308687404,0.380186312746606,0.900866841739393,0.0932493935752427,0.292648751977948,-4.15748597008826,1.32906763649496,NA,NA
563,1.1409916073383,0.156939558951779,0.999810602300869,-0.289466448464088,1.14132310678159,0.490097530811094,0.92600844226114,0.128813693353208,0.372649642313016,0.582329114069231,0.657259205139475,0.600276769842138,0.696482971897465,0.138454739287146,0.488990404553013,0.804885321304901,0.23687023350317,0.757905649311258,0.751526845087763,0.926519446666003,0.302448950394872,0.871870198145625,0.411923218338983,0.0507475023780717,0.353779719436425,-2.52641863247936,1.94748573555118,NA,NA
564,3.455362741153,3.26941223281206,0.0586296935919858,2.75914780067701,0.84493530186285,0.900981423111167,0.265393620648072,0.615417401564424,0.040379809240927,0.78877352847287,0.960372038833681,0.632135995933902,0.760206332366332,0.279178449177416,0.0655150046596536,0.782184651822434,0.148174160105176,0.340085563284578,0.112586368693504,0.45462371262582,0.391865402374882,0.0240332059210632,0.424980380827328,0.750300986978225,0.390299594618264,1.10310503975934,4.41519056159467,NA,NA
565,0.48573363462693,0.839941232625284,0.742026651723462,1.51023530652633,1.07958489405795,0.516922295564436,0.549338409529766,0.193577855888288,0.123438101256965,0.611501775957644,0.534607049859129,0.312242540497915,0.130545633129776,0.747625695480267,0.553197658800869,0.221595249443897,0.308501314971829,0.766375845243805,0.0367655821521767,0.452541232320014,0.173041862675571,0.579787728365278,0.0832915992360795,0.227160360477748,0.617343167035608,-0.605712204080743,3.62618281713341,NA,NA
566,1.00759274188043,0.9642701016262,0.0507870325832562,0.896025126515091,0.0774040452167304,0.404863260353566,0.145244059227174,0.411880644311313,0.37115413456189,0.872723402603413,0.858035878258524,0.526401215071906,0.512658462383668,0.90040225446783,0.0286941138432594,0.783594841821236,0.29525805048889,0.181164095481858,0.0344743939302862,0.766445105343359,0.618226623052149,0.0317924746421631,0.962304784547887,0.486807170107728,0.46198128204199,0.744315985632589,1.04773426739759,NA,NA
567,-0.542663916849309,-0.478652417581185,0.120772915669729,-0.303954581753229,0.449739886193517,0.0280145949567668,0.374021658610203,0.587927353092935,0.607405604964006,0.00930841248878278,0.437720082472661,0.104371952626156,0.61026125086064,0.961237179413554,0.798921582990442,0.141967385466909,0.521099145341781,0.343832882770919,0.961287845999119,0.593178497140645,0.998086177239777,0.59438003111328,0.489034736770089,0.996522442509653,0.355545556166326,-1.18542856110367,0.577519397597207,NA,NA
568,1.6293294629364,1.2452457256728,0.981217724251847,1.22207572162684,1.25681324922324,0.827273230620078,0.695178973239264,0.336971406877739,0.396329565558932,0.81186370476021,0.874746056217584,0.492541565082269,0.0599987926982576,0.533241107259179,0.727566936067771,0.436920591217931,0.946520135723986,0.147654426935711,0.105652434659423,0.532313366103568,0.565074299207074,0.468349019424408,0.357227218189393,0.692806778884376,0.730436844870215,-1.24123298214348,3.68538442539717,NA,NA
569,2.05698843605684,2.08229530300717,0.0505701093209965,0.0719035828354141,1.01470858838569,0.994680464264704,0.129110558265005,0.994735958112753,0.0349246877789265,0.151440830262145,0.212799493160914,0.235057928221882,0.567044150126749,0.482882295113406,0.00499296157446224,0.294088353114901,0.563869795600302,0.129409390533576,0.65455224674975,0.752088039810071,0.0580268721239409,0.488882514092722,0.263064873598982,0.231712331875344,0.207416400738293,-1.91688870520401,2.06069587087484,NA,NA
570,0.656728413740342,0.569298075582722,0.0511646810727505,0.623403219494326,0.502646347146875,0.382052092692466,0.164860601992696,0.716003057705704,0.446533273834386,0.689809626369854,0.438800949476426,0.779264114604215,0.6474672067801,0.876711747485097,0.877021846205112,0.499211879026261,0.143894810900209,0.00268424322956707,0.901992464638315,0.36131143084052,0.785934750489541,0.557902349304175,0.266822900536121,0.695258498150972,0.229577929563471,-0.361765517874166,1.60857195686282,NA,NA
571,0.565118363381817,0.520587120112031,0.0500790503473884,0.388754840421844,0.388045876294379,0.0882069470649585,0.0302975454481784,0.761468453632435,0.25411095308105,0.824265707695391,0.717727729931241,0.760508885935065,0.282513012039592,0.836743315284024,0.268378719546134,0.628595451675705,0.971282093940768,0.628773633797071,0.298858731789631,0.329404511800967,0.960592236054013,0.823290034772595,0.0584996537084226,0.805578326515621,0.681773155729286,-0.371801101464424,1.14931078230811,NA,NA
572,4.0563005194376,3.66577247874415,0.998420416784548,2.02232413547008,1.22125306711407,0.622301032599993,0.819881842850824,0.186672023928026,0.716116530502681,0.127488633815665,0.314510848797159,0.619496732533677,0.606450343756005,0.496347333092708,0.0243434113032417,0.16567830212391,0.611158632087056,0.944202181562316,0.535607961833361,0.376659519098699,0.146755167529103,0.216220868628123,0.50195567147492,0.281216504650074,0.271915314957267,-0.37128789208257,4.41593616302273,NA,NA
573,-1.55518119958788,-1.57731217585148,0.0545252098185184,-1.24050792481359,0.900403600912546,0.223255650745938,0.232898836000822,0.385374571980326,0.996250349562499,0.278161775992718,0.866707646860392,0.284746187347802,0.091353979786858,0.671069871438667,0.82094819225138,0.0327988265168387,0.65919025940157,0.798419765504659,0.576649776762817,0.260354077408439,0.917293372101267,0.110287272532936,0.368637982027838,0.902474292253959,0.436274333145702,-3.00526655415236,0.524250704525177,NA,NA
574,0.282128187969398,1.0584824300638,0.999907393467504,1.32921413182828,1.07958489405795,0.762732573477435,0.961788004689501,0.839412811674178,0.373307017480955,0.38629879852524,0.978953007732984,0.985174030647497,0.802762160208309,0.0721365797785111,0.56538906650641,0.00623346237523947,0.803055018078419,0.125555711673805,0.274919541648007,0.290494758157409,0.0888840177954407,0.0894755839077989,0.842633659195155,0.277654090828146,0.318745833854424,-0.786733378778801,3.44516164243535,NA,NA
575,3.19620008000388,3.13010540176855,0.0501785888641434,3.3514062135115,0.519011442578567,0.86915261379513,0.0710528529025614,0.176823727874202,0.356655910419882,0.594897495532758,0.42044895439141,0.771659265010734,0.975327389347251,0.758117192308768,0.12024534456362,0.887599510387401,0.914185866156942,0.973642340493388,0.968891469009686,0.707110333738266,0.0322756028588628,0.949156487688422,0.958653003744897,0.128569688729593,0.654331230013166,2.33416247849333,4.36864994852967,NA,NA
576,-0.300694702113571,-0.446659022346569,0.12585521072712,-1.48131597581358,0.502646347146875,0.0871010523377918,0.377779018825153,0.981268894220702,0.877234890638269,0.573071112244623,0.802508662077831,0.232638561199768,0.56840268229018,0.689207917068852,0.828097881793743,0.521035029932391,0.795170497766696,0.819681221528794,0.0978404004499316,0.182861721950001,0.822860244167154,0.910814997533918,0.208443040786427,0.394172450404731,0.373573467753013,-2.46648471318207,-0.49614723844509,NA,NA
577,2.65833792177737,2.67548851638401,0.0565626791736609,1.44886791701153,0.473129353069711,0.490866803993704,0.251593450010638,0.933559084882261,0.474112287756172,0.101094344966579,0.0981308926710626,0.993195692227571,0.380060239852639,0.119295321629266,0.16061305895308,0.397560187963303,0.0941377820505295,0.155506471898989,0.45258777327952,0.358596240268322,0.518884648224106,0.464937157270964,0.730505839032354,0.0961499643871793,0.759426858873223,0.521551424966161,2.3761844090569,NA,NA
578,0.250685401446073,-0.33949222913352,0.999113021135173,0.255175541199443,1.39965674110862,0.433199123674887,0.848773100557853,0.776176747305435,0.702295934827183,0.419937407020596,0.0873753600866767,0.982359152470133,0.674814559705439,0.191639731028001,0.960461547084851,0.432151851077564,0.204008036430692,0.251251418942935,0.174868328619632,0.211170941843884,0.559195423784433,0.118273085380439,0.794471071643755,0.603877280601999,0.94141623129684,-2.48810126209216,2.99845234449105,NA,NA
579,2.86994167891009,3.63590220876132,0.991918314401942,3.44880552582774,0.179934767314323,0.594135439781239,0.737915904567344,0.981756915781298,0.553500793529325,0.416585054058814,0.501644545604824,0.193720588402473,0.16425753251696,0.123717642636504,0.244469270953676,0.489797876022989,0.477983788807178,0.984952952927095,0.539127994548762,0.464446073086467,0.955476659009699,0.917313677797676,0.39428697916586,0.655646411213325,0.884337148913764,3.09613986232507,3.8014711893304,NA,NA
580,0.382355542875278,0.463550089364183,0.178201251517382,0.711871784706541,0.992867603270898,0.964445309889852,0.40710528865573,0.395912380481022,0.0677340461561689,0.250408433581935,0.0739407320312457,0.380013594775693,0.214442478558165,0.618757949436316,0.977243618948618,0.227909809572739,0.974131073586177,0.971209894960281,0.490591200235533,0.788639128159382,0.0548998404676095,0.0565753574101254,0.95236334559985,0.788999851494562,0.103546325220959,-1.23411295912102,2.6578565285341,NA,NA
581,0.999588931447555,0.97611005468798,0.0508684311270193,1.3285806772644,0.857034832860808,0.469407302891836,0.150169278699788,0.493308903884958,0.121022239874583,0.894292994732037,0.901208387725055,0.935757575006806,0.968109090219601,0.0581060504959896,0.323668718668399,0.750686469661421,0.69143375165388,0.347070108500659,0.868150033468613,0.997815209082328,0.373697567689233,0.264771321401233,0.622085671923705,0.950046931726509,0.588932838121313,-0.35117672863909,3.00833808316789,NA,NA
582,2.472343950984,2.44337471395827,0.083574514163707,1.9808825548008,0.804913619463034,0.489115767939016,0.334664325555554,0.533107753254939,0.00606391067395452,0.153126828162349,0.685395717758569,0.264444188152323,0.734052736492245,0.504160988633172,0.0922345961929532,0.69800520876341,0.812885733802454,0.337518653735751,0.798209675586666,0.616197752370615,0.0179383898297092,0.703148885129136,0.738227038840414,0.24871168084559,0.660416282110033,0.403280849987478,3.55848425961413,NA,NA
583,1.59300827610576,1.20772171744968,0.461287177217634,1.7329764997797,0.449739886193517,0.460363468161435,0.486505453296122,0.90488322166109,0.974399208095856,0.328681500081904,0.484300435881363,0.788253093613777,0.326023101607454,0.764859933866886,0.646687082156539,0.386501292707399,0.952697898959392,0.39833289365191,0.392912663472933,0.86743982531596,0.378354436178575,0.271026328019332,0.215327746064519,0.061495774726849,0.261762073989376,0.851502520429262,2.61445047913013,NA,NA
584,-0.976621615124032,-1.05635509368565,0.0500743752192297,-1.16166329845336,0.340525183998835,0.418896997264121,0.0272491920340108,0.194429713589372,0.521276641590172,0.825730791722774,0.718130042799748,0.778736598394113,0.885742303811945,0.37732026879245,0.491387070770492,0.0846523135772441,0.345505304465187,0.311074899962172,0.690276548980153,0.295130320758908,0.772345437955111,0.203006503541954,0.411181130521232,0.892206654084963,0.245045676986803,-1.82908039491996,-0.494246201986772,NA,NA
585,-0.933231344949717,-0.973724910784141,0.0525270854923741,-1.07085780315981,0.51700110328822,0.439225208444754,0.203663415456307,0.2308979125974,0.185803732254659,0.288402896891581,0.258017338369391,0.565763689724612,0.0392932588498807,0.735154478117125,0.314995954187703,0.365690549425664,0.886304904897464,0.59546396080358,0.986699241456692,0.578334705120418,0.178120209122193,0.455140030545299,0.942187923435471,0.734047863187618,0.0467551588010974,-2.0841613455722,-0.0575542607474298,NA,NA
586,3.28701311329411,3.29908376811784,0.128854603378089,3.17167266998596,0.532244162460605,0.675336639272631,0.37988983997819,0.0191972166958731,0.493541680668597,0.125412201583735,0.358676595891593,0.511318331737188,0.689362560659181,0.762180204705917,0.52300880368927,0.965007079846459,0.238805567482254,0.933168296575313,0.743808160846238,0.172427971405792,0.222136792455218,0.226994038300705,0.565860980637372,0.856177110047778,0.785624948153272,2.12849328058149,4.21485205939044,NA,NA
587,-0.282323064346034,-0.289501671204355,0.0520114762941244,0.0894916224966326,0.585677095453349,0.867847981570521,0.192226326538948,0.701400666812086,0.951062939983793,0.418673260636395,0.592004130721209,0.576430259596789,0.423026869079214,0.522379446149804,0.644707710363436,0.487844728306518,0.329181533298222,0.877815817285911,0.646800266622682,0.500543570712558,0.533967128123855,0.0526640625748551,0.820743397243205,0.0809329449411016,0.70096259068558,-1.05841439116196,1.23739763615522,NA,NA
588,4.43746837649586,3.2257942251132,0.446328819657209,1.50498254962757,0.933809503660538,0.547968026269809,0.483283662306261,0.674844414286083,0.0409916985550662,0.487345576263033,0.926902528010891,0.987374412377714,0.413746201886097,0.527887848689803,0.935460215216735,0.334411326677073,0.690139884588891,0.97056532678823,0.523418396780151,0.41898355557688,0.929613492890494,0.119600651090499,0.509588624314521,0.574487882499467,0.70336958672863,-0.325250445968304,3.33521554522345,NA,NA
589,0.386142119653419,0.620425776933862,0.845891099289997,0.364566193820266,0.927577067502789,0.330731214960688,0.582090143328882,0.786985641249339,0.639152547793579,0.24287712297705,0.245422548901872,0.343204636988812,0.700652119345497,0.605888137537637,0.787141881831572,0.482922251775512,0.380666275212308,0.054080275361659,0.959761491691112,0.347827091776417,0.341527593140025,0.099313851093757,0.0950771274903091,0.615170282197301,0.35686154563888,-1.45345145137048,2.18258383901101,NA,NA
590,-1.5743010500315,-1.65266807163634,0.989430910615862,-1.61282730778392,1.39965674110862,0.06940019413142,0.72436703162489,0.60977805911866,0.689216614670819,0.199430207314086,0.78716286989348,0.098388374695438,0.223643351057079,0.664414690813748,0.461846784450114,0.0492032646535663,0.167602358728531,0.845319617041969,0.367357783776475,0.489391955835861,0.0270086325971642,0.0353331587045686,0.961110637907637,0.16659811960347,0.95881733443297,-4.35610411107552,1.13044949550769,NA,NA
591,-1.95499730364269,-1.42572186220005,0.998581208084838,-0.675605579465038,1.39965674110862,0.441508930241107,0.825258082877612,0.420085718831397,0.29152962379111,0.390673212836729,0.914095281023765,0.119945605687564,0.145111768626841,0.174055014088284,0.356063351273071,0.827980338841211,0.150870701561566,0.879385225178674,0.309113479685504,0.316840516310767,0.935654160217964,0.89660969394166,0.908608549400349,0.0285038783774944,0.894475030119414,-3.41888238275664,2.06767122382657,NA,NA
592,2.41888127252519,1.96547945530417,0.671689443130863,1.95060464118555,0.449739886193517,0.257352492209757,0.531924035016331,0.896381558478228,0.539915766423685,0.423525845450116,0.965687594073941,0.215990195498103,0.462091229576385,0.620264953413513,0.137869997392292,0.897992433470325,0.432434953706688,0.324396139975404,0.288936693975236,0.209961379828979,0.278939712673542,0.97120910809515,0.807692969747586,0.504024238475715,0.376350060258992,1.06913066183511,2.83207862053598,NA,NA
593,1.14911306694262,1.18868359419082,0.0664443581144751,1.2889143762444,0.798268423319694,0.058830675557605,0.29804909398756,0.453058721098234,0.466681483553723,0.446022164499504,0.729654086755589,0.851710212114267,0.171828614807222,0.514285019542673,0.0843437913281377,0.312361540006241,0.500322879997664,0.0937491723847343,0.61920142554061,0.881299729052233,0.838125258474844,0.787595834630891,0.0704476723098196,0.850925818947144,0.210439410494291,-0.27566298345777,2.85349173594658,NA,NA
594,1.64054812413,1.37313285865318,0.999673659755253,1.55422113279912,1.23263520377092,0.584177404740476,0.898796657793806,0.610975625620689,0.247917654681834,0.0279937029923312,0.391360096550779,0.0833900612064172,0.465894696469768,0.0179121163097443,0.947160554093774,0.57583047870209,0.34612432376272,0.958193016358768,0.559355039798073,0.865446882500895,0.852206541117514,0.0033244317881763,0.866072404726525,0.774483297533123,0.055517652191571,-0.861699472668068,3.97014173826631,NA,NA
595,0.355781847509651,0.401495849626649,0.105607989949623,0.673357436206989,0.961745577331298,0.48789844983886,0.361109136300394,0.0673617845387198,0.139915213854169,0.349486601320445,0.534455239450559,0.76696247806761,0.883715478498139,0.444203643186018,0.394515258280793,0.309259331798414,0.898816948084277,0.931876567283762,0.224357073926833,0.298906415233272,0.602588503149687,0.332410765581299,0.112180708148284,0.935346081894706,0.80713623091334,-1.21162925765303,2.55834413006701,NA,NA
596,-0.0868595245299504,-0.557385733999096,0.958116860584719,-0.83112815756821,1.14132310678159,0.421549250311335,0.653824486302561,0.61778946879087,0.381337154900189,0.700382282514009,0.198294281902839,0.144721496486454,0.559018370723585,0.958671911305515,0.644349211193621,0.673559100228711,0.775124614386354,0.670827262575272,0.436575564880623,0.817300447155721,0.322600639024633,0.575280482178205,0.572592105992371,0.691334945562179,0.0434602589989081,-3.06808034158348,1.40582402644706,NA,NA
597,1.79927028898737,2.30560523066917,0.441215802221652,2.12179515398673,0.890067271156502,0.873340537460288,0.482174799171975,0.144286641256651,0.0733599513608497,0.694726790831541,0.326252926715417,0.887594737315318,0.572207613305189,0.971814746316639,0.517485080866725,0.934788569281925,0.549035688208882,0.277384092399734,0.195528994807042,0.167735612112097,0.743458328152308,0.611799778860644,0.80327092546178,0.0791303626798326,0.351655931369285,0.377295358702141,3.86629494927132,NA,NA
598,2.56507296716317,2.0245254331107,0.995304016786572,1.15175960000625,1.25681324922324,0.643671665006783,0.765239953938755,0.0460281342760427,0.178070777361863,0.766978338784538,0.788405363124562,0.411289505247958,0.217990125781042,0.333228328564321,0.810929430292803,0.450857223214582,0.855072324069333,0.481017193705542,0.90218975344405,0.122553376173018,0.507005594151793,0.337444444007706,0.295824764260557,0.448577813585522,0.607685219537118,-1.31154910376407,3.61506830377657,NA,NA
599,3.2786009862221,3.25865173957416,0.0503178264848434,3.55744192223971,0.585677095453349,0.668973573912517,0.0998811467654305,0.972117670936394,0.794470640216372,0.616814610034227,0.763489190077758,0.808364193401183,0.399396705466555,0.0111616299104644,0.27517476613645,0.552764183715684,0.588963938193978,0.366069250633009,0.524205570080318,0.933153800837114,0.287788956248318,0.558015305425622,0.527526538706501,0.444713984052651,0.843372775951517,2.40953590858112,4.7053479358983,NA,NA
600,1.7504216002992,0.740444407687201,0.365898167333926,0.637057375482721,0.76471281618175,0.921345458402298,0.465160517274635,0.266238722912967,0.64083172524895,0.525620068612858,0.380329735494452,0.895841146767023,0.634208419095841,0.937390233097132,0.724034717733506,0.508975722592557,0.590855099467211,0.796009914546856,0.43294205079705,0.14594106717268,0.556825823242078,0.550813510377542,0.71317841173138,0.305990412225481,0.541683746807277,-0.861752202749708,2.13586695371515,NA,NA
601,2.90563867401511,2.90056066195677,0.0518593773322936,3.13668783711826,0.585677095453349,0.99928276146471,0.188286941834609,0.567568745532539,0.728203480003052,0.243000567482086,0.269436587047647,0.878279090197058,0.516119537666673,0.691149394588545,0.379075086441007,0.75601830087509,0.872177525435342,0.99929221566557,0.935150645761285,0.14099599180324,0.575730083798175,0.801140874662204,0.853545633196249,0.908362637702608,0.917104754781583,1.98878182345967,4.28459385077685,NA,NA
602,2.39227253374662,3.24700683996651,0.901127932702293,2.31365782355111,1.23263520377092,0.666981400351389,0.607636784226634,0.550864367248374,0.294360724951839,0.283684246241814,0.995380486307433,0.999907371282345,0.470884807619615,0.731651585532818,0.227206286124187,0.638809615012375,0.274118096453603,0.784914471061784,0.525769909054274,0.00524730400100816,0.173596140915761,0.106028493359336,0.849033124401583,0.617046740825055,0.130176397100906,-0.102262781916084,4.72957842901829,NA,NA
603,0.978379204898528,1.12351635480381,0.0909511904227485,0.900315411386229,0.474966316662938,0.424546954857884,0.344999104569433,0.92516675033432,0.525674661482684,0.706766956088832,0.726332773090224,0.782936114989687,0.0322442761905259,0.975569424060639,0.66175070999749,0.167778791206889,0.140013481343165,0.0169059231037972,0.649988928920357,0.305423198988196,0.121833954224712,0.396601614209707,0.953960709006642,0.681092429312295,0.749873851817567,-0.0306014631427766,1.83123228591523,NA,NA
604,0.191174040544276,0.272151059275928,0.0533473408299897,0.784864182590105,0.856605662777997,0.998429087987053,0.217761700140312,0.564545274645556,0.16381538698799,0.512546391261159,0.0614727090165252,0.660914435873157,0.369058166959556,0.469739398470731,0.888440147948218,0.249784636566183,0.218251513639349,0.108760735333432,0.327982362532057,0.853551208898192,0.160242175761145,0.787090972691425,0.503121557940496,0.63959706524096,0.474245788973989,-0.894052065407832,2.46378043058804,NA,NA
605,-2.4154820434262,-0.381920132202098,0.996237066747762,0.324743958034211,1.25681324922324,0.826390092440299,0.776364718160708,0.668138601429993,0.472944279864198,0.771029833490145,0.669165144318598,0.847487484592013,0.139945894612116,0.795067352816928,0.0259527517292881,0.185593417807249,0.960832205238054,0.772920728302095,0.697274831630639,0.016758200200391,0.56398041352455,0.382957023312571,0.739198044915101,0.181335197344073,0.610847660045489,-2.13856474573611,2.78805266180453,NA,NA
606,1.61097260015273,1.6655123411552,0.0500471460411203,1.90305364912912,0.733140633406364,0.943417496254318,0.00445412035530899,0.403367912310292,0.86737056340673,0.944981800229056,0.305098896042211,0.934295419604401,0.997976228272659,0.143016531683272,0.81842314610444,0.257072109348956,0.446623676621472,0.770227323721047,0.795615901590325,0.936678140918724,0.733441121895215,0.137019127285923,0.461861936525907,0.473446903199889,0.354340260889498,0.466124412049763,3.33998288620848,NA,NA
607,-1.15111674745027,0.541919938887135,0.916512998374454,1.24008011094886,1.22125306711407,0.754795372155379,0.616989307973417,0.182435548778391,0.700558216450154,0.358852521383436,0.34795882828848,0.599631820561713,0.414006689910777,0.548404042514158,0.28622165105259,0.151349003195064,0.186970046167145,0.523744868392241,0.284646078471909,0.563765825517592,0.820156019295915,0.414419421584113,0.391266549555585,0.845593686182052,0.764669243157026,-1.15353191660379,3.63369213850151,NA,NA
608,1.17574032708107,0.176175318680119,0.657149430488841,0.836553272355618,0.786490261967677,0.0438925742367283,0.528574012232711,0.507620362072252,0.671726726980414,0.864729382949416,0.923544200032949,0.342244122061064,0.0761497445357963,0.792278973946348,0.0276774953659624,0.556991078377818,0.334755018876283,0.364391540101729,0.585010746131535,0.170262046319549,0.922145359250135,0.852237935943762,0.443116355175385,0.608796884813113,0.974452112647938,-0.704939315292501,2.37804586000374,NA,NA
609,-2.03390853744701,-1.86453176295232,0.494462691601983,-2.09353310564932,0.776129216794922,0.267288651923765,0.493562213867437,0.388862314408529,0.907832731871051,0.201195683234022,0.739836369130178,0.455384745657211,0.907861084071687,0.725470927414834,0.580504375370801,0.0657794798638206,0.341751766963513,0.0228311161978636,0.221564791044453,0.212761971620494,0.995651128903148,0.387096297948156,0.753107452733559,0.167338282990619,0.781376647209283,-3.61471841791665,-0.572347793381993,NA,NA
610,1.22346035372658,1.18353844632993,0.0500550528897218,0.922818535951771,0.55571472265377,0.318962468212121,0.0122067521489225,0.752017136254464,0.125263168405741,0.13512954994326,0.913999563048361,0.666261081740726,0.00618227842147462,0.510211918036803,0.538166249215137,0.93160689103324,0.431784255887964,0.485589717122028,0.569177736567799,0.194453993614996,0.00574681434826925,0.453612092820229,0.679822550364886,0.659495921914116,0.737947187644313,-0.166362306128283,2.01199937803182,NA,NA
611,0.0916453144157632,-0.584520134102039,0.957350812624351,-0.132508888356537,1.14132310678159,0.317174067814602,0.652876046919613,0.0806210823095171,0.231103740699473,0.600069356949884,0.343986662740237,0.126694863420795,0.869923819118761,0.688785242422135,0.984625726158149,0.505572543540155,0.0292186023272807,0.704833075055038,0.771988386968034,0.605709302968928,0.309312994933222,0.250692889538011,0.574511658470728,0.164850949052023,0.998151407386526,-2.36946107237181,2.10444329565873,NA,NA
612,-1.65947451646354,-1.73488903260757,0.989526040609603,-1.66157301973769,1.08749253900383,0.30334218190005,0.72482417086605,0.560235329761868,0.721335959423683,0.552759614674956,0.481300233361893,0.668404213081463,0.542875812917133,0.985470078529324,0.401320717343129,0.455883976866957,0.344262709142989,0.502035090677906,0.034854773757048,0.319380536646931,0.999113113167696,0.0872424535441678,0.813663004950504,0.824153373235604,0.135760049267905,-3.79301922964121,0.46987319016584,NA,NA
613,1.80574196678482,1.77761443517931,0.0500478552474961,1.5222710683581,0.194945978274951,0.107488847832778,0.00520069445320405,0.140259799643885,0.894979722542455,0.844766269499087,0.91143630767602,0.488849847524427,0.663642517027096,0.907455871590297,0.191859194210148,0.0855819563823752,0.0147288525244221,0.0866614889652701,0.856800163579523,0.505371581106097,0.390281082103844,0.0766861674626125,0.637771522106836,0.201196263306076,0.0805596470226301,1.14018397200826,1.90435816470793,NA,NA
614,-0.626311368134427,-0.568995946580843,0.0754779445774589,-0.301800009095551,0.456786674230267,0.353364482282894,0.32042681261187,0.0620573010753142,0.57291244957177,0.240915577252163,0.811511348315165,0.850980786555912,0.410434451206471,0.197845966991736,0.282339951455593,0.606749796362594,0.199953823116026,0.063543865798274,0.341672485972987,0.884137586369994,0.454521800731192,0.716751096594497,0.963101551645552,0.455609554605326,0.149132176121115,-1.1970854392047,0.593485421013602,NA,NA
615,1.62478764147586,1.81116312702955,0.142399671086592,1.99726971488379,0.55571472265377,0.107835833902471,0.388599262256408,0.449822744615492,0.0631749244983075,0.272642127536354,0.674084663782502,0.842557995880605,0.260724726012908,0.27851522805437,0.560221315715462,0.182998759001028,0.474776383999153,0.896457624102477,0.666526389467297,0.770265726663871,0.939997085694224,0.38915335063613,0.407185005807551,0.25900770040683,0.400682232708321,0.90808887280374,3.08645055696385,NA,NA
616,0.303384224948959,0.349486919956034,0.0972087831890337,0.107895536613845,0.585677095453349,0.619673412973527,0.352454432186438,0.700778017756064,0.725138476294233,0.758077097789617,0.0893605167715577,0.676711066440679,0.216543665692792,0.0955602083898848,0.304062571430346,0.694494191181962,0.0337638531003613,0.180492065117462,0.11974482706422,0.449997460641083,0.546080049109412,0.535902466938365,0.454746315384516,0.647450383650605,0.990346957094269,-1.04001047704475,1.25580155027244,NA,NA
617,1.58634332472615,1.59593390633707,0.465688445377839,1.70409796305312,0.432438474832115,0.704639202568214,0.487447847292176,0.0820897967094788,0.526606370049296,0.799534992528032,0.632174090302782,0.742335635616328,0.125010350173339,0.0910358987558866,0.0761169736570446,0.754387829212588,0.0896384262067731,0.841982824529754,0.930935562604456,0.969279040231253,0.364439971792046,0.00623109082167502,0.674657007496571,0.0243219238732709,0.331749566845479,0.856534126852747,2.5516617992535,NA,NA
618,-1.19212517809512,-1.25455795694538,0.1191646974429,-0.959272270041197,0.55571472265377,0.464159339304315,0.372780995759065,0.33164683515334,0.279642418560805,0.476685082910233,0.499099413387594,0.746343781579169,0.81636450634338,0.0981167739833472,0.600086286790436,0.523060668032383,0.314686975894147,0.927172698846436,0.428076382407104,0.254437779588392,0.927110875221784,0.978744947514613,0.806507209495641,0.889892596379621,0.609788960190024,-2.04845311212125,0.129908572038857,NA,NA
619,-1.24268805676148,-1.24075159788296,0.0531168931018499,-1.54153308940291,0.55571472265377,0.254351434124634,0.214183052729582,0.517215303192148,0.363625458814669,0.322667408471811,0.749630544510903,0.295709493338829,0.30428816740925,0.345837128866347,0.629998797696433,0.603029945419985,0.164281463582534,0.905338507964159,0.213501826973166,0.609381740173791,0.00666118516563438,0.0233413515484426,0.903391708252369,0.150166195596452,0.824677031403291,-2.63071393148296,-0.452352247322858,NA,NA
620,1.90758710895166,1.92881748848569,0.0519269384347212,1.48103812435055,0.660426021321836,0.426002665172098,0.190075043585268,0.381590956435888,0.763712572177988,0.410066000486026,0.0532549895595293,0.175966010262258,0.372033148335409,0.105968906245311,0.265091409478569,0.385400352027849,0.546377382635721,0.381520675753476,0.175668636699906,0.971901351674926,0.978564025541884,0.181362152920105,0.65458498240367,0.950698373118881,0.287369601871236,0.186626908106666,2.77544934059443,NA,NA
621,0.0255530060196734,-0.188294421609225,0.647737642735384,-0.725867759481416,1.08749253900383,0.124629931345233,0.526438785102335,0.0495838091998594,0.609066318801488,0.852733960732585,0.838978598787682,0.505997320883442,0.273138548472663,0.771216950602946,0.476824107632623,0.713147059492185,0.575347004860058,0.115899796985555,0.685754093422787,0.967333096747985,0.856263194722473,0.829964885896072,0.986763906551292,0.572060635971138,0.797600578716723,-2.85731396938494,1.40557845042211,NA,NA
622,3.26535087382203,2.51561369241274,0.999924820054398,1.86187661570606,1.14132310678159,0.485315582984127,0.972212680454599,0.767196310140658,0.246790435312432,0.684085813203012,0.0796517329965718,0.405487045690767,0.901930125900661,0.276498082064558,0.942984063713229,0.909354297286249,0.155742377513321,0.103319909114391,0.27385136448429,0.615814570941846,0.00331412297091447,0.206313611810678,0.108813316433923,0.574526967163431,0.71392692283541,-0.375075568309207,4.09882879972134,NA,NA
623,2.71411512197927,2.91224894372369,0.150059601751916,2.70703079060989,0.717987567385217,0.688439872601535,0.393029989932082,0.877920813388773,0.238313077494386,0.740348933112575,0.997325570097542,0.326758734330419,0.987345086812857,0.332723484429298,0.178394507986028,0.235043709992897,0.0122671106347116,0.688621233496,0.188587324218708,0.427170663898694,0.49062762513815,0.687271992338356,0.23828161943669,0.494145314093097,0.145019960242789,1.29980101718734,4.11426056403244,NA,NA
624,0.743382861717955,0.698608290037124,0.423175611987288,0.76723381983582,0.751239485760081,0.504305385759217,0.47822556259064,0.192334435181343,0.111605913714156,0.143096405735123,0.555656436146819,0.878680576517712,0.713013795041479,0.739843953971751,0.909086095004575,0.232517510208068,0.566086675851606,0.920821783232153,0.533565778412623,0.459190058191423,0.0500313336792169,0.0180285407023039,0.804695030525443,0.579640231120284,0.950442836144008,-0.70516851601833,2.23963615568997,NA,NA
625,3.54221394413257,3.61387132001276,0.999948836103832,2.99643643779757,1.25681324922324,0.72072630878794,0.991456463752897,0.221904706481961,0.0352281849208521,0.785559945700108,0.226447470439016,0.569940358972643,0.236470828940393,0.75327604468877,0.00601648513821419,0.90103189633484,0.841873834219179,0.560705598767148,0.106040209854487,0.906143919801107,0.565509091591579,0.825236254457617,0.24748204950802,0.901114309629542,0.788382671358297,0.533127734027247,5.45974514156789,NA,NA
626,-1.31534919366908,-1.38254337437174,0.0780027621326644,-0.955799854139249,0.456786674230267,0.270444564517587,0.32528804625792,0.00879317825497128,0.74325666588021,0.355620562119875,0.0177619506801711,0.750411579260603,0.583060723710456,0.157772792123491,0.852103711512871,0.511529872761108,0.835913523222436,0.0322213034492452,0.742830043837777,0.76727077866043,0.134503067185869,0.160460763660027,0.526844695061794,0.136944482147577,0.78240801529435,-1.8510852842484,-0.060514424030096,NA,NA
627,0.966315378539982,0.996323491022135,0.0517333066616541,1.46830724010719,0.585677095453349,0.647533046437893,0.184769758225768,0.799209075496416,0.891367601215839,0.356760553081869,0.437122224771301,0.0147538773791166,0.2042433860522,0.351504313555895,0.0684443626073189,0.518868043238763,0.103987488103798,0.305903470086167,0.0450560815957142,0.605339836245519,0.70679013860703,0.976724375789287,0.556259743600851,0.543738736227155,0.986654865173739,0.320401226448595,2.61621325376578,NA,NA
628,0.242383602066056,0.22645350956466,0.0500781154275416,0.372931224513748,0.435184310094008,0.792402070148149,0.0297026269825874,0.288435688371654,0.330464245835552,0.827602239390952,0.699448126257281,0.638788577439031,0.310355975892977,0.957768051295774,0.446518409072072,0.113917867088458,0.143121193848317,0.747406429523137,0.763588207032299,0.137505127940211,0.0597912044681143,0.676764709860319,0.740446268227883,0.939433371209772,0.187555836185697,-0.480014349907419,1.22587679893491,NA,NA
629,-0.864773551208431,-0.856040767019192,0.0684273812576645,-0.773805990203379,0.456786674230267,0.245669773734407,0.303848176218569,0.129455173665425,0.438028866611188,0.0488545227923896,0.209743348798947,0.913127661688602,0.590182180850883,0.0262944566042861,0.1258246745863,0.0816503966257442,0.537615556357196,0.659736312808003,0.196922497540945,0.0679063643878326,0.528780102421413,0.658339210625505,0.781154933940619,0.114698305933853,0.332316675246693,-1.66909142031253,0.121479439905773,NA,NA
630,2.4441596379942,1.13077747553047,0.999172803843063,0.672540751932227,1.07958489405795,0.70794508762029,0.852265214679879,0.822413565388997,0.349772353883251,0.380576383967302,0.0331090555434348,0.588408031242434,0.849308040395961,0.45399318441411,0.374894401824917,0.277989952662145,0.693809061650187,0.350742206715629,0.351502497868263,0.0769419845020166,0.266354744948447,0.483854077471653,0.0530932978261262,0.484699542478425,0.366962662456091,-1.44340675867485,2.7884882625393,NA,NA
631,1.21690218875632,2.36275133801993,0.993998799230255,-0.202671137239708,1.39965674110862,0.244991272042738,0.752908265832346,0.732382098013419,0.915578195548034,0.193484647121746,0.518221851636772,0.100388302373467,0.577964363883249,0.512053808216238,0.1950004940324,0.0893200948263984,0.0806401291664224,0.0147418029735563,0.0325626768453512,0.882623032165808,0.271167313517071,0.15853531950654,0.112539281234262,0.274366225797799,0.472385790683795,-2.94594794053131,2.5406056660519,NA,NA
632,2.5126305975446,3.46965926480092,0.995467591855967,4.41922645890373,0.739961603850375,0.859735990474001,0.767021310697193,0.678661802326795,0.0412825668893056,0.177193808099953,0.454297983154655,0.642579541901592,0.864955220545176,0.897294647527626,0.612503367318423,0.270639471308561,0.541964458500384,0.0259460671971319,0.328971276295022,0.97711227078212,0.286300787858432,0.997985748860752,0.948636869536713,0.89178035583673,0.511382946120808,2.9689283654145,5.86952455239296,NA,NA
633,0.626914739501034,0.552751341051146,0.0509955289037497,0.102753707244805,0.55571472265377,0.326134037251002,0.157005268426496,0.513325212273514,0.317497194180498,0.0130722163966857,0.652350573050091,0.0367642534776824,0.305864295996958,0.115735719509772,0.757801362382015,0.767272057360155,0.365194149385788,0.603803001241991,0.701888310148963,0.33756559941126,0.652747760679107,0.955720845625037,0.660000379870646,0.972174461884657,0.953751150529948,-0.986427134835248,1.19193454932486,NA,NA
634,-2.10238522798911,-0.729537142003753,0.904351758152103,-0.702868895779466,1.39965674110862,0.266434399270103,0.60948328445782,0.42085411674343,0.385288902122877,0.501540088926442,0.0328909575629514,0.731263989305007,0.744956745896488,0.387808517696452,0.766814876293764,0.163113160596811,0.977382901296136,0.482013805201161,0.781884116480709,0.537646753603476,0.896367336379946,0.781096646477585,0.0881046654791571,0.593922892046045,0.97462264223909,-3.44614569907107,2.04040790751214,NA,NA
635,1.6269455965407,-0.33610776235862,0.976196974178756,1.03079337516226,1.29644516461767,0.996407156175817,0.68306371095893,0.987590053858352,0.847187873024144,0.828561111031333,0.624411695176037,0.0818587694613962,0.160505059556104,0.699152463070815,0.736699989694171,0.784394251116202,0.902013304271386,0.4124858168395,0.845341726552229,0.372224023322924,0.859289260948892,0.1520066542977,0.16164267009194,0.322088487103814,0.211440223119571,-1.51019245541947,3.57177920574398,NA,NA
636,-0.58257681805069,-0.00491283360773101,0.99974523352554,1.30112044623143,1.23263520377092,0.585913409291068,0.911180085661821,0.307014768622699,0.614374897437869,0.214586727688089,0.20926216325257,0.105729147743084,0.736946269271779,0.648626572906971,0.6875329488063,0.520617791038123,0.765113435919397,0.34982997291605,0.76707501500845,0.371581902493723,0.0186589929196052,0.447107867416344,0.960700708163087,0.825533813586924,0.0724653465268202,-1.11480015923576,3.71704105169862,NA,NA
637,-2.06430761786117,-2.07523834607016,0.0503100862932984,-1.87297507411015,0.473129353069711,0.340585959314369,0.0986479910275666,0.604741786438623,0.413467363820528,0.437108330993331,0.286438564250362,0.650002353855642,0.969766297266237,0.943809911703574,0.128044352898723,0.359964520751615,0.0763827150593279,0.110310589530505,0.762166533503565,0.942708724303404,0.49687525360228,0.926371676238254,0.529232809531502,0.687571753306314,0.762019706966355,-2.80029156615552,-0.945658582064777,NA,NA
638,-0.201472876035852,-0.200636696194952,0.156623052526594,-0.012541277925147,0.875021219311415,0.589190939803957,0.396594286642969,0.995542777101975,0.133911387184286,0.156646008033305,0.520805655715871,0.275369638601551,0.42974569648155,0.594360273195431,0.446313318607979,0.821943865873502,0.98902650190494,0.769404387054034,0.401926955184899,0.904580030836863,0.599874692921527,0.42305439158855,0.390241755045601,0.905771173970075,0.289262738550431,-1.72755135348384,1.70246879763355,NA,NA
639,0.0144093909400945,-0.241409882241994,0.994934479757696,-0.27553796167887,1.39965674110862,0.0270026300952304,0.761432937294245,0.38063884272601,0.800456105756224,0.263744248760282,0.648002548470162,0.653734908788581,0.782054954546969,0.591358947827015,0.40596878505568,0.445666255100863,0.340030058533652,0.204815412816242,0.551429484459921,0.171939337957301,0.983149361967575,0.898340521760401,0.0519627659053076,0.676692219321383,0.635875728831044,-3.01881476497048,2.46773884161273,NA,NA
640,0.823949416593213,0.709142493840484,0.0501730400575717,0.997695758670489,0.51700110328822,0.309649375309702,0.0694744007397676,0.536951744496357,0.148841009365395,0.241426904304652,0.945578962200787,0.954322061516927,0.966646497089067,0.949632931053755,0.747998031836003,0.608811188053922,0.623788012135657,0.435731687775231,0.191787421056069,0.9853719848498,0.586434271891834,0.60538667487097,0.354178106396692,0.213442520263372,0.267857953406987,-0.0156077837418944,2.01099930108287,NA,NA
641,2.21359470935956,2.20028690191685,0.0631507127381418,2.54744293317353,0.805721567734305,0.520200720623368,0.286697676725569,0.735849274827749,0.80209417496773,0.836171283610049,0.255717435984174,0.0854672687996645,0.733632915932103,0.968531883061747,0.819129914445337,0.686928328256123,0.560259001328726,0.830854668207117,0.794005249076057,0.843184508190607,0.478174015281373,0.905114392906544,0.349644441119279,0.649271094759228,0.238149413461913,0.968257678847138,4.12662818749991,NA,NA
642,2.07780889513557,2.26524755875403,0.41129751715089,3.41199543521306,1.29644516461767,0.765615593378432,0.475589041630272,0.818529579371912,0.70792236696172,0.0772433040909236,0.976838666691212,0.707521225442761,0.581344312821282,0.181651919859811,0.0968448818299221,0.616061649264302,0.643833665497019,0.418950096930726,0.235937039635726,0.365125682264217,0.928328260074602,0.140639799248194,0.922409926451161,0.189302531419904,0.0949853914760752,0.871009604631334,5.95298126579478,NA,NA
643,2.87065025399043,2.80220214323987,0.0501570177133776,2.40659475728982,0.536952415149907,0.597631633857032,0.0646153327466454,0.0521267748668324,0.280633131474489,0.226859641381307,0.189063273279346,0.602056482327869,0.936920776709332,0.273333724332973,0.0232390790951904,0.217509879061952,0.569391207495355,0.507876861375524,0.757255216053105,0.211742830332834,0.279902797872783,0.0193365463485243,0.553336147612077,0.596974826536607,0.966313016387285,1.3541873621842,3.45900215239543,NA,NA
644,3.77048507171239,3.00478870877844,0.820176797430362,2.03846320702669,1.23263520377092,0.629965974569088,0.572732296764152,0.770477055215277,0.0474065819228999,0.212287767363945,0.502838316238718,0.874582776096067,0.82634438251995,0.652771023580106,0.259140780779067,0.832466217507259,0.261163437005482,0.464411333865835,0.220687316541211,0.419238183699315,0.096874431661563,0.731580623793416,0.830932138487464,0.107010929625365,0.855700495368917,-0.377457398440501,4.45438381249388,NA,NA
645,0.699545913286715,1.02887310950547,0.999759024606069,1.38298683056057,1.22125306711407,0.845560446236748,0.913963437234284,0.177055614637909,0.921918356100214,0.686657797520398,0.732217590640532,0.758474670089316,0.324985720991855,0.982438949555624,0.458386850731913,0.972252129360102,0.683456657630624,0.952244021427003,0.971096978623536,0.860519212510786,0.771950095467735,0.887306817880715,0.207025811003405,0.131011156777502,0.361688249311759,-1.01062519699208,3.77659885811322,NA,NA
646,2.34554617867764,3.93480919419247,0.999935225652839,3.47283306268676,1.07958489405795,0.922252340823761,0.979661971495138,0.347112412001821,0.20418436433305,0.475930747103994,0.895252742140088,0.864400946634356,0.0777696292946348,0.50949968587351,0.784179682481452,0.309820120005053,0.190812973011634,0.384140174168861,0.0455668344832957,0.457101500586025,0.355016627233825,0.139993503867299,0.131358322372078,0.0643889468419366,0.0425160622063559,1.35688555207968,5.58878057329384,NA,NA
647,-0.171682663644459,0.0902243929174965,0.999817360278469,0.525271451965121,1.23263520377092,0.755873006834532,0.927825475761201,0.993419471660862,0.105926756912959,0.0980639392039739,0.969914667751407,0.755645134717342,0.898625356497359,0.0492586085572839,0.0136931059171911,0.997894098939141,0.41124383511662,0.556288685496664,0.758465061353403,0.630677374324529,0.0414645414043916,0.413328525985591,0.514406858866685,0.98980688476318,0.748964813937899,-1.89064915350207,2.94119205743231,NA,NA
648,1.61722503231033,2.02387848005783,0.745184823481189,2.22937814462359,0.55571472265377,0.341695918634301,0.550181962943869,0.0506927508739755,0.0808668273239164,0.0166128099623602,0.154700130050769,0.364709375797189,0.891965277683339,0.217746989974752,0.0998855698216939,0.422579245633446,0.320494911944959,0.240644821376773,0.937940115474397,0.373185066877049,0.352284501743154,0.643415693652001,0.856063658011612,0.154398970889626,0.534633744867169,1.14019730254354,3.31855898670364,NA,NA
649,-0.560897607238953,-0.702788248644482,0.145282592790519,-1.07108486524901,0.166136453979154,0.102980679939385,0.390303812029189,0.428077355609741,0.418456668761093,0.609133692286443,0.0789186786832288,0.401216406295076,0.690895609591156,0.666488776484272,0.674249394711456,0.689392503201729,0.437476815264788,0.0826344377289061,0.378958733333973,0.100792558724759,0.000946492451708764,0.475630499361781,0.119459196052165,0.773283839363954,0.178175200129277,-1.39670633156735,-0.745463398930671,NA,NA
650,3.24218997256776,3.33216424636503,0.050163353051275,4.26143569253312,0.863701398046939,0.786369372493587,0.0665934259515489,0.0393996216749074,0.785213221686194,0.986530068877502,0.490895353002241,0.840550335557433,0.0593724789367989,0.822980820680736,0.918448289132095,0.477755244754138,0.574644464550074,0.357119587015361,0.621436439243727,0.411090540884063,0.0285620745439082,0.930588614482665,0.433505791526521,0.672873709185631,0.948344580822741,2.56861205896423,5.95425932610201,NA,NA
651,1.30565592658312,1.67591543116532,0.96714953655293,1.81701960685086,1.07958489405795,0.909028001545812,0.666465233881958,0.0287284807065735,0.0607282592735719,0.35724667766632,0.986940639973734,0.0199204249089817,0.281735206232988,0.142444988447125,0.91116414969007,0.0503729544675443,0.882259983994998,0.994817296264227,0.01207376533153,0.848039985932061,0.544220600074041,0.744775131923147,0.467237678867183,0.0827928253058344,0.953484458738705,-0.298927903756218,3.93296711745794,NA,NA
652,0.409211440176002,0.505296533813795,0.0558568645596417,0.522955094088749,0.532785401905166,0.667420117106754,0.245866831056774,0.65653770848678,0.374565730765462,0.117182629401097,0.16596767899394,0.694238291642745,0.0867601172449067,0.609045662696706,0.613004917566897,0.0759663427128689,0.467658815009403,0.914458050272078,0.137425499053206,0.836551549470169,0.776400722906925,0.202670039174263,0.109100836582133,0.736102189263911,0.170384343893034,-0.521285105134075,1.56719529331157,NA,NA
653,1.73901247920123,0.340684840842268,0.99814602578453,1.2730435695186,1.25681324922324,0.540810428112629,0.81185884832486,0.606940752294729,0.342545444152434,0.79606222818722,0.693469487709342,0.679178618173697,0.474295626464649,0.647748706457205,0.467678092493094,0.465066389517509,0.402434315836872,0.219755657200236,0.35110488912405,0.951137575834524,0.495825894738547,0.955458524618763,0.0618179202027386,0.137903565558605,0.490847531815991,-1.19026513425172,3.73635227328892,NA,NA
654,2.53388747763617,1.40936915883599,0.998252898444564,1.15626802765799,1.14132310678159,0.243281535568298,0.814833153819782,0.0989821043238044,0.338241787772044,0.84574806467141,0.174939755274332,0.202990248427843,0.500120545130805,0.30128359722218,0.459083745558048,0.524455364019028,0.757545659526368,0.186964239812456,0.939320877414546,0.771434634951525,0.949330401864136,0.616030215242296,0.581720238792244,0.0154005503787193,0.225034032790456,-1.08068415635728,3.39322021167327,NA,NA
655,2.47682057199714,1.60318223580419,0.912905049440333,-0.0529452135712647,1.14132310678159,0.335752450810629,0.614665287596872,0.755325088973157,0.424948442233028,0.703918286302942,0.574073339039809,0.481756092158146,0.858465757003287,0.290175873249304,0.381203014991479,0.527923708260176,0.980782694045221,0.0632501495565521,0.892895272855414,0.910506504055927,0.186827251764247,0.231320189003367,0.197928071012604,0.117592329227249,0.620912421890185,-2.28989739758654,2.18400697044401,NA,NA
656,4.78144365150186,3.60298851076093,0.970970253896258,2.99802542718359,1.23263520377092,0.559967008409672,0.672855335305794,0.618347730710171,0.0122640605403576,0.179455752904993,0.766661237133783,0.271438180690631,0.659708726135432,0.995787419677363,0.732888751332066,0.879506367678521,0.0918255239407299,0.608704506980139,0.140271250608144,0.536471492444514,0.885451787729864,0.417128064181074,0.405090755263227,0.944973318430595,0.445803264734685,0.582104821716403,5.41394603265078,NA,NA
657,-0.324471631655652,-0.201802255690678,0.0890816640292546,0.233271666317736,0.502646347146875,0.455475159855676,0.342560007764143,0.581974419276463,0.735363297301345,0.8133519410179,0.679553365841974,0.585977813605336,0.417335615212331,0.902055144667043,0.9903832048357,0.855201569065917,0.0193173770616995,0.434651336968527,0.26484533092659,0.691834620313719,0.575264107022667,0.802709802206606,0.466546754467534,0.707986330993008,0.772128228946007,-0.751897071050756,1.21844040368623,NA,NA
658,2.11265139075361,1.67516682294826,0.808010525549564,0.957037084022914,1.14132310678159,0.313708107632701,0.568662836077041,0.0182803054426331,0.353261446454679,0.954517546262359,0.797641617448884,0.677806201340049,0.804487646456226,0.0766025232664542,0.758292823374504,0.481226590363542,0.245788021040848,0.840450015571434,0.67900195815356,0.352685172731872,0.415472349421587,0.473491446436732,0.414575358464383,0.428684532114887,0.421704540612875,-1.27991509999236,3.19398926803819,NA,NA
659,-0.181263442285351,-0.178778638611997,0.0501393865189226,-0.641342327683668,0.502646347146875,0.159745424152468,0.058659012780874,0.451752467772691,0.447275487228064,0.578615823202999,0.925748459569411,0.36020046764845,0.537799244664959,0.227113837499521,0.115344999647932,0.266391950953635,0.16591910621,0.773851806164603,0.101198574507376,0.490959013651591,0.767722345921444,0.691801076873788,0.416885171508649,0.251871051595546,0.306743438482983,-1.62651106505216,0.343826409684823,NA,NA
660,4.52564062144797,4.56847859343191,0.0501117229328745,3.96739969540799,0.424478411725332,0.569029001624906,0.0475961169584189,0.0752896476554452,0.131717368584592,0.876569362856448,0.0317564971096581,0.833253878509975,0.217324094744632,0.374820238752989,0.801910779113648,0.764692293114844,0.0664488493183162,0.360658520480269,0.0510743786520325,0.0908628896570299,0.157504871362238,0.385810159578454,0.474313554451917,0.943684796902002,0.115129681664752,3.13543729621157,4.7993620946044,NA,NA
661,0.197030341354476,0.236654984203632,0.447961876434077,0.103716106669495,0.456786674230267,0.213142911217525,0.483636955225957,0.00754817213292699,0.585898285507108,0.0261967430841178,0.405522240247927,0.173292165803839,0.08707619814598,0.82545600564708,0.0100065240045078,0.139235211281688,0.255235180115211,0.427523290298181,0.881902734648669,0.0407600311645074,0.407080512254266,0.565070781325106,0.190120744603453,0.0592520350771956,0.872282987598795,-0.791569323439657,0.999001536778648,NA,NA
662,1.41130613780624,1.57156941969456,0.198225087491681,1.19435401289807,0.473129353069711,0.34910072318255,0.415595203455072,0.875922336215503,0.771825599701027,0.0699535576275084,0.299558216277393,0.869275237102993,0.790033447199385,0.152634717683657,0.228802294142894,0.66242430625332,0.301134038582444,0.585716376872268,0.119229101479286,0.632373967317864,0.336948243863299,0.739910985896713,0.26829337261396,0.509635941237793,0.573039237564197,0.267037520852702,2.12167050494344,NA,NA
663,-0.0365511265779238,0.130755632313414,0.99760432740521,0.606239849985458,1.25681324922324,0.919608051900635,0.799013650731998,0.92634472789045,0.367071021317737,0.859630786388181,0.740826577526634,0.384295192375314,0.497722047499032,0.989400010846322,0.983135553293396,0.993236255737022,0.491575044012046,0.231484142618021,0.418645919931587,0.602025351821096,0.297988498233841,0.813389505934319,0.985422652249108,0.497251240739482,0.443676422801916,-1.85706885378486,3.06954855375578,NA,NA
664,-0.00139458507700402,0.00555397616218412,0.0656196825389984,0.501383124611209,0.695868792744495,0.607092722965637,0.29543241363531,0.795462721725577,0.408385676426231,0.556741383145447,0.909745745838736,0.575224024512921,0.730734021968674,0.575465276427916,0.249696486554807,0.915097100690706,0.543365148792043,0.357791099907248,0.471826864371775,0.22999997735559,0.55452149650862,0.286201839300687,0.954199087636196,0.108279405274778,0.666434090126422,-0.862494647133367,1.86526089635579,NA,NA
665,-1.07491382410816,-1.11683245358867,0.0500482857367944,-0.09349126428955,0.55571472265377,0.015441274661338,0.00564848886954132,0.529788743234123,0.289520003196551,0.134178314778721,0.631630933704902,0.941291609676555,0.0752868630824378,0.995406427419861,0.581429691558937,0.819933655777364,0.291356268920121,0.860450343784178,0.541639907706995,0.858106634234544,0.196191315756878,0.965695546933217,0.962721685180557,0.815315986841917,0.774391792140319,-1.1826721063696,0.995689577790503,NA,NA
666,-0.070540970849006,-0.0400202798363279,0.0500700726590892,0.217886158541762,0.51700110328822,0.43569565770647,0.0242694595269859,0.878805255585816,0.147819440201041,0.268487385023502,0.618276217673789,0.970166096127825,0.0201475958809024,0.757455593798077,0.231857289911481,0.88833448615286,0.837098043143633,0.891851218865369,0.440251903644763,0.89993277925998,0.833701495919726,0.628589725413011,0.465754931381671,0.410347206619917,0.28968332889094,-0.795417383870621,1.23118970095415,NA,NA
667,4.05270624528186,3.14452877302152,0.999741514210225,2.53005591455335,1.25681324922324,0.527911336691468,0.910455220783362,0.310317822934827,0.116930773450644,0.858007952217362,0.0370423944706563,0.748126439581974,0.343015462929616,0.454406020802562,0.756531109621865,0.27450381774758,0.661411194194225,0.83245071767678,0.595235542370239,0.369105070980382,0.278334622275201,0.457135804190999,0.843875851768069,0.359622626775643,0.743369619541452,0.0667472107830331,4.99336461832368,NA,NA
668,1.40560949892596,1.12784468918087,0.996139654392886,1.14742624798003,0.85435310721902,0.823458064969745,0.775081673468696,0.107243832736975,0.617882213635836,0.592796870300081,0.488679050543811,0.321990151120233,0.536389725060086,0.404458167302073,0.552111168682808,0.864043413519161,0.184738328828127,0.198907508241828,0.638141512530507,0.672491950511467,0.904062400839524,0.977066283443128,0.800800069652963,0.969946753737982,0.762965695650899,-0.527075072249142,2.82192756820919,NA,NA
669,4.93772522960642,3.96669845695139,0.903214261568934,3.10115140222398,1.22125306711407,0.921682637013961,0.608825552433729,0.0293847888766322,0.851506258940208,0.497631341562024,0.0976223855713615,0.345168031873298,0.497038140879944,0.546005017427262,0.663383050936391,0.654867924994905,0.333235518150381,0.685735631725402,0.145027357335668,0.274364862988004,0.437766283078468,0.95696033369028,0.117683084651711,0.947328332828125,0.00449424901313614,0.70753937467133,5.49476342977663,NA,NA
670,0.0163191398712057,-0.0150091188266504,0.0591297930688725,0.256570700731328,0.351197092980186,0.0770720469860826,0.268236891515553,0.494306279089535,0.628852070764988,0.862062643805402,0.389542653057724,0.846411639780039,0.935497532340349,0.412785386510077,0.558680098522105,0.683646472992259,0.0377439627622953,0.631362990994938,0.58027219263278,0.681379102701554,0.45613407875807,0.15922066809528,0.0608733135038056,0.488474243846373,0.79939436666423,-0.431762952985001,0.944904354447656,NA,NA
671,1.81515022943755,0.686695437601584,0.997755678291664,0.650429264920148,1.25681324922324,0.506782875818782,0.802284670227324,0.524633179207682,0.156898014340783,0.638148985454347,0.798998841176275,0.51964553787082,0.0575314548788592,0.97937029318104,0.146509548949893,0.124160762196756,0.633835538217332,0.622395159693086,0.693482073351741,0.311265513408696,0.509618354094448,0.263619812932564,0.290051193346037,0.122672167474404,0.908092109634425,-1.81287943885017,3.11373796869047,NA,NA
672,-0.17632932759733,-0.128109976814075,0.0500609410587335,1.14639286523389,1.18031620938167,0.920982924523996,0.0172877016873099,0.46286012829328,0.650277112513781,0.925696638948284,0.715933778329752,0.50014404132287,0.36400477076252,0.149772622943972,0.503601875234628,0.79443625076802,0.43526058100618,0.613013161060051,0.694280636615586,0.0834473327056039,0.40855186553055,0.647706359243603,0.896083143413416,0.590602858667262,0.548355718700099,-1.16698439552302,3.45977012599079,NA,NA
673,2.81813354868051,2.76840412800481,0.0589980356498692,2.68425438291794,0.723917675090337,0.550232879545074,0.267503053264576,0.0848985688267276,0.253458313001669,0.36582530018338,0.284275474410621,0.468620956945117,0.57586401196674,0.901153709490201,0.290163869379205,0.550635122831445,0.576026579013211,0.967111752534052,0.632262895699823,0.713139671835699,0.610880084785051,0.903544389673858,0.11511033219134,0.731723182848538,0.720547377035604,1.26540181196892,4.10310695386697,NA,NA
674,2.63077291540836,2.6477242016296,0.101452571849873,3.88209083348527,0.874324770811752,0.71224637144804,0.356994047882152,0.477116800999967,0.57164260323043,0.646894466640777,0.376086461156025,0.769253943638178,0.467801147203427,0.803366085673682,0.398938506436651,0.366340215905569,0.337829225871479,0.45407145827252,0.811418029071181,0.473979278977844,0.628539305686369,0.817610956040909,0.740521863927948,0.373230704603484,0.334398515195586,2.168445771903,5.59573589506754,NA,NA
675,3.79736559635133,4.01609854339876,0.998652760502685,2.49422105660226,1.29644516461767,0.912919458781602,0.827849257453927,0.667947284953552,0.652716719319462,0.368392864546855,0.120142778982874,0.645106450316147,0.0363453218089417,0.4678646132719,0.889291298359167,0.802974524533609,0.261550230576773,0.755679788228939,0.277832471448346,0.70080010977143,0.47520176841598,0.377094057228067,0.270569617844769,0.0406541781981941,0.17060948012583,-0.0467647739794672,5.03520688718398,NA,NA
676,4.23643294440809,4.26564997966764,0.050423633273227,3.80561821303488,0.533571117245104,0.687454579623998,0.114254846248892,0.59812294266501,0.388444828901207,0.30700471177313,0.11374027347716,0.867314439446432,0.334597332005622,0.954575433273683,0.288012122688699,0.302354893470882,0.139058628554805,0.813508215558715,0.226345866291434,0.203682543981005,0.472385589160374,0.989077282773564,0.903672442557523,0.048623528590193,0.336668897276279,2.75983804004368,4.85139838602609,NA,NA
677,1.98243858709506,1.53492141949653,0.260071614693222,1.21394980426848,0.542682743900926,0.128684277617838,0.437044754501432,0.610187157646986,0.212149888776825,0.879034106195439,0.0368803876928287,0.362402740004589,0.312980364114745,0.247468095895834,0.914568395832903,0.17390454254928,0.68696581673075,0.165576476887334,0.708856912233401,0.920942665644921,0.626712505013333,0.733534883209737,0.278548061995651,0.873214743867982,0.15367096711765,0.15031117119129,2.27758843734567,NA,NA
678,-0.531001759686697,1.15514332235504,0.863772455130607,4.47670190417599,1.25681324922324,0.732664170594304,0.589367708805483,0.391859491523937,0.607584571720334,0.643611320492928,0.844034601901891,0.706996506140334,0.293576687647146,0.00618391397164669,0.919278609698405,0.836914436521009,0.24029473449022,0.0545528525782283,0.357199167739949,0.275866808219696,0.18750789256522,0.644706981856609,0.783450841079932,0.711829342308571,0.409204145625699,2.01339320040567,6.94001060794632,NA,NA
679,-3.58860788820412,-2.38430246201064,0.982525409513127,-0.346097682673742,0.786490261967677,0.171544049012125,0.698857427316834,0.676552643898292,0.630390864651534,0.514269245765172,0.907891715300037,0.323937435113359,0.0230638541765511,0.901603940917994,0.885488365949481,0.568959612513427,0.936017744355602,0.60712417993194,0.0158594452292891,0.586628716884996,0.683032347858883,0.713279586118297,0.501261529213283,0.444287342585041,0.55475854406564,-1.88759027032186,1.19539490497438,NA,NA
680,2.83695832691787,1.99739316831195,0.999721066944382,1.57955166015347,1.22125306711407,0.833568202256341,0.90664758988563,0.247071199545055,0.869221182020963,0.756784913317184,0.809973620679928,0.0720755482212408,0.173431247303379,0.151858710936038,0.131970401584753,0.208530127292266,0.0867753513104981,0.620763609522837,0.242968640890205,0.107227454645326,0.614020128272474,0.848002324020723,0.743506399097038,0.804289161961642,0.265163444778183,-0.814060367399182,3.97316368770612,NA,NA
681,2.72137769917375,2.90245182041585,0.999681322285014,2.90847744668565,1.22125306711407,0.950373457287438,0.899985073141637,0.185503475060919,0.846238473607693,0.265384192669299,0.207725696938578,0.595451218730654,0.993968830841011,0.256266376638319,0.72808034696267,0.530324120159494,0.563012807854568,0.0750567216052441,0.970158668422606,0.110616572894971,0.252382531133597,0.305143755464465,0.41647581481724,0.0025829228881048,0.776611482389155,0.514865419132997,5.3020894742383,NA,NA
682,1.27663271721504,0.899279180929578,0.835750858048764,0.569867323651459,1.08749253900383,0.210262615167303,0.578262766718981,0.724088083424605,0.951895330970176,0.518549786437769,0.890159099396784,0.560833236474893,0.661169415458688,0.40742210377322,0.863591354605393,0.355875426175422,0.667129213901935,0.538825585358427,0.712450161101995,0.62352811579674,0.980065443251515,0.0902876215054421,0.284651190793025,0.965165824761265,0.441243861104827,-1.56157888625207,2.70131353355499,NA,NA
683,2.57822982895639,2.61592824172724,0.994385052776825,1.94638358096208,1.07958489405795,0.533105476845638,0.756255089448998,0.909907750793966,0.184570207037381,0.536286612288561,0.584587821861613,0.4795330917096,0.495674428889179,0.720984543386032,0.206942567964783,0.0695889349594945,0.695543256678735,0.955179767948925,0.183141397177358,0.833466729676933,0.195384987000958,0.414873271804419,0.108309877241962,0.775266956428182,0.190590529623209,-0.169563929644999,4.06233109156916,NA,NA
684,1.4987047631116,0.806629920316955,0.993135457646617,0.580682385863645,1.23263520377092,0.690549951876514,0.746142027225113,0.66181415360386,0.355888646371197,0.100719575198134,0.0573493374171667,0.407227929765941,0.210557086040615,0.106610935828998,0.399414490061114,0.072603316431283,0.440420257685124,0.310372758683981,0.245927156175254,0.218835389308748,0.983815624179435,0.243360584251233,0.205960511173122,0.245404114283156,0.561559756401461,-1.83523821960354,2.99660299133083,NA,NA
685,1.20537742052319,1.01068109207788,0.999773140045035,1.16174722626574,1.39965674110862,0.394482180106803,0.91698227732454,0.814945811743615,0.765884258633829,0.375190000328002,0.483761931048939,0.148350984632154,0.332691614391399,0.411217006072169,0.110703789375024,0.475945286383387,0.807025411118637,0.498149659615476,0.114257485611015,0.433931880066288,0.576096093296306,0.736132445285562,0.404262893074192,0.624344056412461,0.523471196693834,-1.58152957702586,3.90502402955735,NA,NA
686,1.31134814777526,1.33601539559474,0.0501666883234766,1.41700617334542,0.129291950243024,0.92302338924678,0.067604197769193,0.47333300591982,0.182806325455778,0.523550231420435,0.0392540585971437,0.0395962922516046,0.998519153973204,0.348052232193178,0.527973952702945,0.824563313795836,0.606535968139418,0.837779468866647,0.729436806814279,0.0125520367054269,0.534916001261212,0.114101683482877,0.829542224191478,0.614751453680103,0.0733187774480321,1.16359860737815,1.67041373931269,NA,NA
687,-2.1066934904469,-0.980129588214703,0.970366303927268,-1.5047939861867,1.14132310678159,0.196438301579445,0.671792982627056,0.126927568861982,0.487510124804568,0.610492927176179,0.559933609704836,0.101728879976668,0.731567194770323,0.640920307006454,0.0986863872337854,0.242117327936343,0.37034496446338,0.47272281112161,0.843159230948891,0.671144562320318,0.874979510501958,0.0807228125411784,0.233355869295076,0.681760493555455,0.80592132809537,-3.74174617020197,0.732158197828574,NA,NA
688,0.599639032410246,1.39050457934421,0.998271447498255,1.17569122302544,1.39965674110862,0.264592110576574,0.815367822210421,0.57357261615945,0.165975071939873,0.225654863089556,0.240775323874317,0.540545727719669,0.453728721135412,0.0484481104747392,0.127279686902068,0.937783273424022,0.172707915243227,0.60648389127641,0.884699206358637,0.389591188668623,0.505733180028037,0.144223556817742,0.452871068426291,0.93169334940135,0.310098904672777,-1.56758558026617,3.91896802631705,NA,NA
689,0.894169988234241,0.90897003988832,0.0541725622927704,0.478715135575434,0.502646347146875,0.220785236285301,0.228823508298257,0.648359686805517,0.730496789630153,0.766014326216886,0.142303901634878,0.527286798770074,0.23096964336175,0.797269655688899,0.486049141726689,0.396429756604251,0.181051360766171,0.652133510378422,0.710586536196177,0.609509586138651,0.31042813570099,0.379499347810051,0.101682146078441,0.125465018724208,0.419816479462897,-0.506453601793057,1.46388387294393,NA,NA
690,3.73378367597782,3.58005640406352,0.540296835998971,4.40576861603286,0.810223587454244,0.894775469315587,0.5032215004951,0.984358819350135,0.390162969868165,0.495333652540809,0.617887928124866,0.0921883882054826,0.815792477245675,0.137856245662901,0.75098041958781,0.49025136234262,0.651211219617166,0.721842156988918,0.121773181066732,0.905015092921676,0.637481046431931,0.0117540501535404,0.337959046199103,0.301801157342386,0.742069901581621,2.81775956519771,5.99377766686802,NA,NA
691,-1.37356240316092,-1.42081761246515,0.0713497474379383,-1.21697260507236,0.449739886193517,0.352172819343745,0.311365385969984,0.512579096511938,0.83208444203902,0.47955034690001,0.628371208951343,0.657869761514594,0.0736484848455293,0.676863203820772,0.95311734697537,0.162761711731553,0.961213154324563,0.578761100836913,0.291419565185439,0.993607065823977,0.0790113973655971,0.028293390247738,0.120258019930101,0.558587643397041,0.0717833258284954,-2.0984465844228,-0.335498625721926,NA,NA
692,-2.00677688932271,-2.04372668097676,0.0510370627712505,-1.15692256749891,0.842987244869507,0.0234542310721008,0.159051135785179,0.266917742357007,0.953096653074142,0.251267100012628,0.947393045560573,0.952215423370712,0.674221259378246,0.536106251474004,0.80651838269271,0.733887573075481,0.138880317325238,0.776279620789224,0.770976268245955,0.128393504679785,0.551496350915171,0.223537948060082,0.362956695997622,0.0785902033891762,0.934945101481397,-2.8091472068698,0.495302071871966,NA,NA
693,-0.383313162169794,1.29205660524124,0.993607401539127,1.61440595146986,1.23263520377092,0.509952547180699,0.749728468040703,0.84066834784532,0.0240189641295001,0.319577302082325,0.511788180374075,0.705563004422584,0.665052738491446,0.128958261393243,0.236249814455281,0.0887036201219307,0.556004609517404,0.133297119469149,0.550674216610612,0.00350428175355773,0.481559844659176,0.045953774021822,0.152477692933171,0.0553196079703048,0.105734793408657,-0.801514653997328,4.03032655693705,NA,NA
694,3.68181764703082,3.21685905782616,0.991051916012384,2.87090862168071,0.85435310721902,0.829322756354231,0.732777943969937,0.677552202898543,0.456943616352277,0.343676865144633,0.288720869188546,0.961096996662207,0.747541000840836,0.624666430530255,0.680423865354736,0.0793354390837485,0.667979362713406,0.00146488391316961,0.473775204268168,0.220158801186131,0.45875619108323,0.711565741597675,0.627086642849492,0.556575076989364,0.0301989662343403,1.19640730145154,4.54540994190987,NA,NA
695,0.717442970736595,0.831374234051483,0.0524749170007336,0.778144885921253,0.85435310721902,0.531751091732876,0.202617672548629,0.71878210390883,0.490634887055843,0.577181399538065,0.267195657310542,0.697171111139702,0.961639584281482,0.495988328207051,0.84555151706899,0.732932799835689,0.888702967674122,0.580887646047282,0.307548943676753,0.35128278351191,0.554338699796237,0.238083082339959,0.268532103546197,0.454898442656035,0.187447211863357,-0.896356434307914,2.45264620615042,NA,NA
696,-0.992399645824656,-2.1145304977375,0.984699182262214,-2.15731108975238,1.14132310678159,0.320160858144634,0.705615923671867,0.947670013269992,0.120514887109515,0.792515135743539,0.313619012598763,0.567741191211622,0.720575771987438,0.941886419504764,0.551032901158091,0.770927476472803,0.247104704968398,0.751034741516574,0.536861301294412,0.314513804881834,0.171852420345414,0.584329288250185,0.137919360947679,0.92086491939961,0.343877339703962,-4.39426327376766,0.0796410942628869,NA,NA
697,-1.44868583365076,-0.980911832801945,0.999738168791734,-0.504044817778821,1.39965674110862,0.229038729324238,0.909812078045215,0.287810840085498,0.885433125917683,0.33152272941405,0.0195954176053638,0.0498939073904185,0.244214513933752,0.663615914029418,0.282730060782982,0.391285280380282,0.32732217035105,0.457222059050458,0.916641333000851,0.850374297948438,0.76250766332238,0.479879010231583,0.652858016981627,0.242146861573798,0.91328582578362,-3.24732162107043,2.23923198551278,NA,NA
698,1.77719885876547,1.30516417628768,0.985202493802841,0.587661454976689,1.39965674110862,0.128304064049153,0.70731522051862,0.792733318701386,0.392165514775319,0.408204235466546,0.00224537001200952,0.269261115986272,0.0385499896332622,0.223828119545942,0.175061710119247,0.815360634659999,0.654897128148121,0.402672153519583,0.338699517933303,0.961177382474416,0.0473532397029921,0.0320175691246986,0.683521986679523,0.982259246732225,0.227789155922481,-2.15561534831492,3.33093825826829,NA,NA
699,1.52960551745301,1.51692850025024,0.0517809654505106,0.985733143504203,0.434817820216928,0.931005360642332,0.186128504026099,0.889122885341523,0.127500053716474,0.937572017490747,0.250366192253423,0.621482938171481,0.276894141680328,0.366144542362308,0.916986280918121,0.331648156146635,0.751582034116029,0.0311416631923057,0.757779176634154,0.153111088140868,0.769626831458765,0.0294602778301341,0.213889353496488,0.497614623596543,0.0531453076283215,0.133505876042811,1.83796041096559,NA,NA
700,1.21427646332516,1.41017306409835,0.993106825102717,2.55134386136687,1.07958489405795,0.507931966114789,0.745932389082503,0.328697158487048,0.286199545725714,0.600985779798357,0.93551639067533,0.0906440538120223,0.757949212447973,0.178646960183862,0.70651217068627,0.537480984456022,0.225738543675747,0.60178167190263,0.168834109381307,0.946601645531948,0.298880199900828,0.793647731234552,0.47494487779832,0.826481391800102,0.566900502617122,0.435396350759795,4.66729137197395,NA,NA
701,4.88357654896525,3.60827505914569,0.888314416890519,3.4489316625846,1.25681324922324,0.884338557490148,0.600785279973759,0.152843268172699,0.144633963891771,0.871880406822893,0.391848941321368,0.114965162403532,0.488356026968337,0.672536055914825,0.813319126088754,0.791309576316737,0.965809694164433,0.598827041322715,0.067752998812357,0.414182891106466,0.1332164670981,0.553806665080483,0.387830021507456,0.659725179640227,0.863971464188071,0.985622958814282,5.91224036635493,NA,NA
702,1.17580091270304,1.95396851626153,0.999904013996333,1.46765600254298,1.14132310678159,0.0277651680747513,0.959995691743447,0.359013239310123,0.375020303660305,0.971269868170493,0.560882491558092,0.0679046811972512,0.308838829121785,0.78568581705878,0.906953462310368,0.734084992965916,0.255705490578432,0.561712525076466,0.151760574087966,0.581654479981517,0.034796047513606,0.519446364631993,0.178848547851667,0.97496791891777,0.975860137820942,-0.769296181472287,3.70460818655826,NA,NA
703,-1.12792376462138,-1.1437000265088,0.0500721815630257,-0.871089757281357,0.449739886193517,0.249697746759746,0.0257521686718101,0.934542175460258,0.95750462258968,0.0413932091251481,0.401912703956827,0.407683699497022,0.105402965138899,0.572226619100547,0.424728924473166,0.610234640352544,0.0167444339834619,0.667938694065553,0.19996628982143,0.383727721338626,0.574353305698256,0.975564461816568,0.403476708491682,0.884947036173078,0.301501219468308,-1.75256373663179,0.0103842220690792,NA,NA
704,-1.68987909435111,-0.0749138550163487,0.801356145518194,0.951732349998239,1.07958489405795,0.942168944212026,0.566518311118474,0.709432791481493,0.371695292290649,0.617340552159119,0.948101089313277,0.839656892507104,0.71965742499847,0.719172871181276,0.184213139295462,0.127372219881392,0.00603204824938439,0.41976977869065,0.92956487758446,0.186086480017635,0.0269765238569817,0.992696997125633,0.34429136012448,0.374878032053704,0.519713915615575,-1.16421516060884,3.06767986060532,NA,NA
705,0.606574774858881,0.637781515896692,0.134297190180693,0.589012492217293,0.263969632868477,0.0961325499898521,0.383540342966327,0.94453794075083,0.0191703271241859,0.929362281031557,0.849363896167837,0.439836564503494,0.856743168167071,0.359019013766898,0.371056853213464,0.858003570839646,0.147020342328469,0.528991054147831,0.421216704292339,0.694633657208178,0.469097616975778,0.454846401335788,0.0650315815182403,0.204073181190179,0.152649686682387,0.0716415187828178,1.10638346565177,NA,NA
706,1.4948636548508,1.60931103840307,0.050339486030481,1.65023801042883,0.351197092980186,0.143622785544256,0.103178647641325,0.491629286458832,0.615596345331287,0.946596573495772,0.90033849589841,0.325937379679061,0.211726681967848,0.190040001613554,0.544338694833335,0.919862727679894,0.56519158233609,0.265034889268805,0.774521513603046,0.587195354651194,0.0442860144185834,0.40843183030386,0.752678284325171,0.582339525509276,0.961967310526758,0.961904356712501,2.33857166414516,NA,NA
707,0.80851584916991,0.765818018317054,0.0500496189330879,0.34983319873265,0.585677095453349,0.783810898700496,0.00701037223101594,0.642969130195095,0.795837273938581,0.80123767009459,0.000779570888960734,0.0141842003797647,0.601122212298447,0.0630817703902721,0.475803783068201,0.388579100513947,0.0938015688331798,0.539525396055076,0.381178047182038,0.435225410411018,0.761686116988538,0.811504283026792,0.299206598817254,0.0473744561173953,0.159792834901018,-0.798072814925941,1.49773921239124,NA,NA
708,0.455970074865961,0.552967934929906,0.0501706496405017,0.717556753622225,0.449739886193517,0.2092372105713,0.0687787476234371,0.902536372452276,0.780569158603204,0.0190087609475013,0.483498723944649,0.80785025620705,0.0961239708452486,0.585534333146759,0.96101228919148,0.980782663892373,0.183518788555753,0.79252890493325,0.0410460130786523,0.507395828292472,0.172102339787409,0.596966650880524,0.662871849390096,0.21126095356734,0.179092988796649,-0.163917225728211,1.59903073297266,NA,NA
709,0.0604412104552781,0.100065199447392,0.0521914792028161,0.696401613339477,0.351197092980186,0.310511149411439,0.196521212566411,0.554847625302966,0.770183416059706,0.839064613772556,0.961616290317616,0.725617166513577,0.724959051759914,0.65112548312603,0.63452705989778,0.777513874402386,0.910397056871676,0.88179946036241,0.319666815324803,0.886788944375934,0.844673814951093,0.0348543271661038,0.673388690988184,0.725620320579386,0.151163061450818,0.0080679596231491,1.38473526705581,NA,NA
710,2.4716074123933,2.17465262382389,0.999911885095768,2.2173325883756,1.39965674110862,0.446016784059699,0.964274140703958,0.872342969028396,0.801687392744818,0.428858587300754,0.696137312809238,0.386136662833276,0.141211571450462,0.0876807514007669,0.667508138380363,0.062511119150673,0.0386622574848589,0.153583549099043,0.403072939691367,0.883979731167085,0.204611043074401,0.498578542549629,0.370411811564816,0.169299686133279,0.962494361772784,-0.525944214916003,4.96060939166721,NA,NA
711,-2.52424934419292,-1.39798257892313,0.9954033666828,-1.09582674910607,1.39965674110862,0.00771619073709007,0.766314376575174,0.62447325653967,0.519572336214362,0.454276403656462,0.941741839798866,0.7626087902406,0.0215277942402754,0.250858603145811,0.440093861458474,0.22007053431985,0.358820004795212,0.329644124998711,0.00494222055969294,0.653635439155856,0.467910239894874,0.165452466510353,0.367106516094762,0.983994862146443,0.203767471953295,-3.83910355239768,1.64745005418553,NA,NA
712,0.747842135985241,2.18534777858876,0.99953167806694,1.88501902645809,1.14132310678159,0.34661906775611,0.880728411049349,0.631466543135117,0.139080267051817,0.630134881698876,0.613906648726901,0.0745301761206938,0.237714235137333,0.58773910072993,0.414061979797902,0.693939088183804,0.615687261994928,0.0581357261707308,0.134262778236996,0.572935733942315,0.126975066808634,0.121594681498013,0.84807263985544,0.578997083869879,0.694061723618303,-0.351933157557181,4.12197121047336,NA,NA
713,-0.716647525633167,-1.24577379985254,0.265942288330541,-0.932206075180226,0.55571472265377,0.282436917866929,0.438821176827652,0.306544670905452,0.296251289568143,0.431555724238162,0.910186165276449,0.493391724341083,0.526330309323734,0.989886640866287,0.62866884834622,0.755486160787987,0.124043203816167,0.552361041164259,0.283521497987909,0.432667631890159,0.958978348770412,0.0726114582853625,0.595141488883412,0.911694864370394,0.109335038767662,-2.02138691726028,0.156974766899828,NA,NA
714,-2.73101290821218,-0.443842702225349,0.993687646660288,-0.669319055198114,1.39965674110862,0.478467598733259,0.750364333379897,0.51826158510684,0.688378581947996,0.0143210757727502,0.974986271557282,0.0265562944210833,0.741102731973981,0.859435736481333,0.49464762592921,0.434991397604346,0.367109464134206,0.0628480929369107,0.443095720912912,0.390803553890553,0.309975995662389,0.159958475415944,0.844949111550115,0.628805644003209,0.89099766214483,-3.41259585848972,2.07395774809349,NA,NA
715,1.96131953353323,1.41917711972558,0.99974193201517,1.72707773151113,1.23263520377092,0.910232378605753,0.910536125942948,0.755705361675238,0.219880754877697,0.330320014987839,0.268278495899518,0.0873194506586296,0.292519736660761,0.00392920099524781,0.30143462717894,0.373871570711024,0.380157422455028,0.783758336368715,0.848165104583604,0.401909543932998,0.636473133809399,0.460617180466419,0.998332960473723,0.399209333094885,0.752473045003251,-0.688842873956054,4.14299833697832,NA,NA
716,2.87364892220632,3.45972510783789,0.587808116405112,3.58360366517042,0.828434169159946,0.665577747369069,0.513300642888877,0.262642598174862,0.316602424483164,0.68625139714242,0.441832571491832,0.110417469179956,0.271516385505791,0.448874077687738,0.696417976793367,0.829835184150608,0.306861733385362,0.474672615629272,0.921952342182281,0.458489806633326,0.779021722843987,0.106735874234233,0.685193581376225,0.0255430044896202,0.807637206795393,1.95990253005457,5.20730480028628,NA,NA
717,0.662673812663675,1.51937286739345,0.719644981552464,1.94071316163405,1.07958489405795,0.959228905456955,0.543534548530472,0.696951804223121,0.160458925126703,0.52463722710812,0.90733188870654,0.925636842011241,0.490142589997035,0.0306763213028898,0.116818682021112,0.635252135073068,0.130589886967093,0.936466841407586,0.647779921356006,0.297278745231335,0.797798334377818,0.357211344069336,0.629906803132151,0.389569379050634,0.450559572283761,-0.175234348973027,4.05666067224113,NA,NA
718,0.504618235764854,-0.0173084141758653,0.397179320276601,-0.0495724939870017,0.502646347146875,0.309309534087079,0.472411082366132,0.145517226638505,0.632069799660239,0.596824523781543,0.750392132017994,0.29517121401825,0.491775595251354,0.274502664223663,0.868179143324145,0.717956607099972,0.925205062034307,0.162501676971209,0.401166737149004,0.754208646356361,0.741769843175774,0.0588318398835836,0.636682292032288,0.0480823684745701,0.458434039570275,-1.03474123135549,0.93559624338149,NA,NA
719,2.38986260626349,3.66703300184951,0.999799814857901,2.79899141679571,1.23263520377092,0.650010581882903,0.923238193566678,0.400110646720161,0.448329254768323,0.0889291254365817,0.804193716619862,0.752486483915243,0.556666910605971,0.351073569051572,0.751855603520875,0.245677987644798,0.889198142495588,0.617855512262089,0.688014524893253,0.989831616668031,0.410859371409286,0.184489704023232,0.0796367603985127,0.8218567096974,0.514566423859564,0.383070811328517,5.2149120222629,NA,NA
720,-2.05650214041625,-2.06885587533436,0.0501821702638592,-0.863547744058011,0.473129353069711,0.324818613282638,0.0720458139224211,0.542913566972362,0.9509885619774,0.434657566657988,0.708779296618886,0.819142940436956,0.389673071092111,0.855370396535494,0.861728147523128,0.799995099700522,0.769973792279721,0.356745902218274,0.125050605997094,0.973779925291776,0.0211454753170256,0.972991860248032,0.884272902407101,0.156087729085935,0.850854789894307,-1.79086423610338,0.0637687479873583,NA,NA
721,2.14858619462063,2.0986565382511,0.116953542764861,2.0679769476914,0.777584872157142,0.575809634063276,0.371031058757217,0.481247260511038,0.200966265398078,0.460728597591864,0.50671853980585,0.928704616559087,0.567738890539389,0.863512766562286,0.10312786525616,0.774342697343556,0.00055545843928121,0.855682132665883,0.66438930876262,0.4417991430033,0.0196876126971329,0.908830085554509,0.0440173732823459,0.727912181613618,0.263037053932319,0.543938603340223,3.59201529204259,NA,NA
722,1.79810247792326,1.93815832892724,0.987757020023928,1.53383435901564,1.39965674110862,0.287131411842885,0.716926908270689,0.612086804254563,0.141571109587443,0.236776811021962,0.26961768117547,0.676283730378374,0.315112081513973,0.857186121276813,0.17270740680641,0.77878226522787,0.476167516538757,0.105015525433002,0.0755078224623576,0.634716996796662,0.441386671093409,0.761290551451151,0.270318314001081,0.29940151638689,0.927511963034282,-1.20944244427596,4.27711116230725,NA,NA
723,0.948397444271184,1.07002779263752,0.264727122132023,1.27827303938211,0.530158728139157,0.954363864233135,0.438456316495431,0.404793462298112,0.245492564164684,0.140464722735574,0.345171140669845,0.422489536718582,0.839091807389632,0.650627353775548,0.944924990191008,0.866598003793508,0.600623294322635,0.529350313552888,0.992116972258198,0.962254033875768,0.885527904601186,0.585098730704398,0.999616790657863,0.919969647843274,0.422037526670261,0.239181026139801,2.31736505262442,NA,NA
724,2.52691584236334,2.52138130338421,0.050110472673051,2.17003305357896,0.85435310721902,0.629033379690023,0.0470333608938381,0.564309015065082,0.471431395706139,0.463431044129538,0.23065885080467,0.603018342533847,0.363446670243982,0.750102214083308,0.988320509592653,0.971366108367103,0.352933029001113,0.63226191063202,0.664657454050728,0.398558486563503,0.668969984356197,0.783899403176969,0.0370614823625656,0.416350812639343,0.691113456428051,0.495531733349797,3.84453437380813,NA,NA
725,3.18401849630422,3.29398468988331,0.99988417063424,3.37368974475115,1.23263520377092,0.83302537116548,0.950598860358703,0.394102492178208,0.461635998969548,0.123801996544003,0.845358637372614,0.232069063335308,0.11459046415484,0.218554436096805,0.637174201482208,0.617145015027956,0.40653023296094,0.898973097721348,0.692367437901325,0.883356385797029,0.233763972456683,0.982498647952918,0.477501753038494,0.319242453969666,0.438965534223476,0.957769139283959,5.78961035021834,NA,NA
726,-0.343561098182339,-0.759806618156316,0.378102137877922,-1.13012519256129,0.55571472265377,0.303724347848445,0.468027454271563,0.257017708092811,0.384770253182738,0.0376614582847105,0.0602323036794551,0.0763949623535154,0.466027351103956,0.177634504487156,0.127750370244845,0.656322555422317,0.589380422314745,0.0283314884373685,0.187154232351109,0.217482299134601,0.291245783666032,0.608796122915344,0.73494865318283,0.766919850365259,0.297437090535997,-2.21930603464135,-0.0409443504812397,NA,NA
727,0.203536612421884,0.575046643418072,0.331215116702249,0.914506937734964,0.736976772372535,0.130637863478856,0.456682872876641,0.210644820896327,0.477835106682498,0.897020623974269,0.000175385900074616,0.168969443755574,0.818074938665843,0.549868580203503,0.361347144829575,0.369829115210799,0.754680489055579,0.161591867652372,0.973735782616655,0.861312160559697,0.266572589647025,0.776460509976372,0.81503559629852,0.384790123593179,0.345644123381586,-0.529940993557778,2.35895486902771,NA,NA
728,3.09759788006628,3.12836984375872,0.0534370533114419,3.27370587511811,0.526248988369723,0.889262290509301,0.219088851782959,0.975266095403698,0.407380974052125,0.289902994156582,0.791735041579814,0.176400680961669,0.653914997413172,0.916332798018935,0.614459514664486,0.84287521800329,0.837781952240272,0.590131310811848,0.617460790546029,0.954242877238663,0.905335794883897,0.987888456292334,0.00365984955942258,0.758086366839008,0.543955775483395,2.24227681101281,4.3051349392234,NA,NA
729,3.20720807781308,3.22430795665416,0.052967097741184,2.29693967330588,0.82371526546821,0.597150613548351,0.211712522363756,0.25125827053492,0.541723578288686,0.359507025062339,0.188972389076604,0.92415524402645,0.798452554540592,0.829303925431101,0.172269157137955,0.472821844752296,0.705475098990253,0.88422978865169,0.00322337287513074,0.000848178139538504,0.135188760028104,0.809606751865591,0.0447757412489736,0.860896844358649,0.135011084289406,0.682487419472345,3.91139192713942,NA,NA
730,1.7351266275377,1.69841268552885,0.0868203265934768,1.57232497246924,0.423303646117551,0.931836112069199,0.339455869500176,0.171417166916304,0.394041409437661,0.941902296734741,0.168334856325993,0.521897600080119,0.329479875190998,0.406532151575433,0.222889111480908,0.0551985985928914,0.344991056390805,0.849097705554683,0.620434216912254,0.0307834235994378,0.37635899976478,0.0153833198891953,0.0485216884727124,0.798840883975034,0.952648691568291,0.742665071554355,2.40198487338413,NA,NA
731,1.49076747645474,1.43504504739775,0.051481838647201,1.46923849774973,0.474966316662938,0.403052375727217,0.176919135463773,0.731800516687101,0.7101761953854,0.741980424641631,0.3099810069378,0.782424386717146,0.28830776657653,0.558310397818335,0.955653021321399,0.547134361551143,0.74918071907328,0.907113115910208,0.553707379944273,0.575647040552809,0.13735035168007,0.0577080835057423,0.225045771304751,0.319863813682343,0.0297019869404612,0.538321623220722,2.40015537227873,NA,NA
732,3.79946282750421,3.97762292428785,0.28477095930828,3.59039048853848,0.7614740178104,0.624728976353304,0.444300378480111,0.232579335818649,0.942910953388782,0.226359517444391,0.342303455895744,0.734408995283069,0.374029430679977,0.790649219736457,0.00839854707219638,0.248436334094615,0.996726749492926,0.921521400339436,0.0791586359445937,0.430283254737849,0.00173276169213932,0.518403015690506,0.753769430680899,0.150893152696546,0.385131068547722,2.09792883846709,5.08285213860988,NA,NA
733,0.926257225904814,0.970728775168154,0.0507999731488982,0.910179030774327,0.55571472265377,0.0714299391701352,0.146060166569776,0.121521018696949,0.235017795328866,0.0749886231548153,0.118704893916263,0.701848910342786,0.747406777383643,0.498162406608113,0.528128870954504,0.874764911438571,0.328612798248767,0.310895646261983,0.384580279853893,0.44054700879904,0.509208838764462,0.458867727031582,0.97684973444615,0.693593946108827,0.154711518794997,-0.179001811305727,1.99935987285438,NA,NA
734,-2.13467867277276,-1.587772796515,0.993432769374199,-0.705549833340373,1.39965674110862,0.265634276659228,0.748371644007741,0.574067545858445,0.547599762339145,0.077966053311131,0.41488924506784,0.371139894977561,0.327305421986268,0.494738998430432,0.817851006296813,0.0931714027171256,0.305196661331225,0.470285360438633,0.479556730943848,0.849202434656909,0.913249444055371,0.735712217012071,0.758569677779917,0.397581115992623,0.347079732521088,-3.44882663663198,2.03772696995123,NA,NA
735,3.81828393300498,3.84422650924164,0.0502404040085789,3.84843689559038,0.585677095453349,0.64136237604334,0.0859178351220908,0.947063217236544,0.84480484032305,0.51187992034317,0.330288075077231,0.223483522597933,0.730400527860504,0.964632500664797,0.921750731482171,0.745589650739101,0.407378317581024,0.0143609874815447,0.698923806487583,0.0549110724048223,0.406674297258025,0.251673709800234,0.737772578835604,0.108632659698371,0.81814019540383,2.70053088193179,4.99634290924897,NA,NA
736,0.207202784111494,0.168263021536108,0.0537195584450212,0.810129415074129,0.782347510438995,0.586627590029035,0.223053299434949,0.220797140175942,0.14531118883146,0.185771135520889,0.00905437669740058,0.916764456466306,0.771247308757505,0.0372063916762127,0.803906080386485,0.813136217578431,0.174395063914824,0.687124056761037,0.766228042680537,0.847425316909445,0.91782372348546,0.859201669555507,0.0212258128463291,0.315460269229836,0.471576071946183,-0.723243528780874,2.34350235892913,NA,NA
737,-0.200883987996458,-0.0539408616373735,0.980505401670018,-1.14025502104301,1.39965674110862,0.278127831918769,0.693279523135745,0.848203789165011,0.0845687212704215,0.285147865026142,0.739103616791428,0.145268891550368,0.985683754655765,0.970633502909099,0.00273813590360805,0.114313437052304,0.496119162210496,0.768052876677248,0.216714966427186,0.495919567207922,0.0762979596473742,0.021214706087485,0.784808765555499,0.464157353222719,0.5856419846809,-3.88353182433462,1.6030217822486,NA,NA
738,0.523930420563712,0.62457227847413,0.108084630671729,0.409587431530641,0.825636901774235,0.820726256863214,0.363426492294529,0.0629199667051435,0.207246331906761,0.614591045672889,0.0946952188594732,0.111092624561279,0.676961564417812,0.56977869538893,0.417629261620459,0.24313763472531,0.682805155235459,0.49867321036756,0.596445411276072,0.0809691427708603,0.6154412842202,0.0127753599379212,0.0620788830993697,0.612234573744354,0.755319357345114,-1.20863116025409,2.02780602331537,NA,NA
739,0.303512813727424,0.320835886506566,0.0504711092145168,0.129607413715996,0.678616935064528,0.701762482901337,0.11956843544764,0.515142039766884,0.117178035978111,0.506607967199641,0.34601838554407,0.662731987022562,0.189826764918747,0.7939165829306,0.310878539647441,0.577463849927415,0.400282940271427,0.0053075283820508,0.583570283137378,0.650410226717941,0.22755485414993,0.450618758445838,0.538672708409373,0.382997822833946,0.726433031942579,-1.20045733830943,1.45967216574143,NA,NA
740,3.02012327712051,2.51061057511919,0.999642936910369,2.48588156487732,1.25681324922324,0.923678775511449,0.894296442460967,0.750044582133531,0.207855514754308,0.660485132775735,0.857237594532198,0.484588773416006,0.300892502601375,0.0523154356958112,0.667004338351893,0.752352940911427,0.465173080023727,0.809743629013654,0.714157737005153,0.918167863670853,0.576571967925993,0.86705466490821,0.786176375295152,0.971380352315959,0.0993536559571512,0.0225728611070011,4.94919026864764,NA,NA
741,-0.442572776891124,0.882464545943625,0.958836014457443,0.999350988128575,1.25681324922324,0.733798209796543,0.654730046950397,0.620385360790766,0.11561683615495,0.982351164442836,0.569992924266844,0.926716919022845,0.17489372921898,0.523954433523468,0.0535504696978023,0.106798764665611,0.0349005524065578,0.208673177199671,0.0725219800126506,0.986575514053227,0.402194785384578,0.378495278037502,0.255242079560994,0.982684260046575,0.257141801408958,-1.46395771564175,3.4626596918989,NA,NA
742,1.59432762951528,2.74581946896245,0.965918765321555,2.04030216598804,1.22125306711407,0.54299516548391,0.66455903732311,0.460075877899537,0.969211951111094,0.47406886613497,0.182221777900239,0.997679226560867,0.246095672357013,0.0741399847001303,0.300907688204898,0.354605329998652,0.598505508638918,0.87249978851201,0.677541458027903,0.890588311739615,0.356978588871774,0.493253224125598,0.0065609565632185,0.345055135850795,0.703711134026758,-0.353309861564607,4.4339141935407,NA,NA
743,-0.26834697686948,-0.132189368402506,0.999359190794975,0.174081195406968,1.22125306711407,0.992229223407456,0.865040536971181,0.424948781807558,0.633984278138028,0.921679091043072,0.0778526098657167,0.0339076459708158,0.377633437895332,0.097743296451983,0.900469895113842,0.409988712921855,0.0604929829837056,0.55151050444413,0.0750687164323172,0.714068355079624,0.796297429852188,0.582576092525036,0.355069030090002,0.683852584289736,0.869968622759683,-2.21953083214568,2.56769322295962,NA,NA
744,3.2970683636928,3.29346319837779,0.0739165959656462,3.91077273631855,0.75372594908962,0.799732997644343,0.317180415504263,0.743492705752957,0.00919682484818623,0.260204166274634,0.277028839124599,0.0972444267488318,0.373914592312183,0.818420498382882,0.0865036365145352,0.566772291744943,0.6253828910382,0.554462263111491,0.82126225688355,0.128701288121054,0.569265181829222,0.451735189515864,0.336080898207845,0.755748054485186,0.30145377070317,2.43349702188962,5.38804845074747,NA,NA
745,1.51690935596106,0.454996207311962,0.701175154455158,0.250303142125691,0.55571472265377,0.498333730488899,0.538946052979678,0.275030894988682,0.251794361168984,0.0456241827413905,0.307695191599079,0.871304182270076,0.555875119412434,0.368924706733786,0.886038554000668,0.144614086567191,0.584725922169164,0.461987882871879,0.953568707092782,0.437907642772305,0.263264090828248,0.453347175069503,0.00260351550183259,0.537257064040052,0.515938741902821,-0.838877699954362,1.33948398420574,NA,NA
746,-1.36668515575091,-2.41211859247073,0.999942178360767,-1.60984361035712,1.08749253900383,0.322486050722888,0.985339665501262,0.45368548963801,0.597852089704829,0.764486838488374,0.814786487900303,0.0650299395594047,0.928019281331566,0.237250782697229,0.42301146412408,0.833501014536363,0.831812424828298,0.672031788722961,0.0362943342970684,0.0120858632915188,0.868348330772598,0.908430525481235,0.39273767255852,0.596309662761749,0.923751662327326,-3.74128982026065,0.521602599546403,NA,NA
747,1.89995127670144,2.10201153802636,0.160817150325932,1.70392017054113,0.55571472265377,0.0973869708016282,0.398772646415746,0.635367069114465,0.111463092821767,0.0474788865076844,0.180424353881739,0.20834671406704,0.431103349918616,0.490160438843304,0.385512032190687,0.889195267504081,0.0426180909462273,0.279684835562599,0.608177771761082,0.867854716407252,0.014089595726924,0.558994683326106,0.277590096422471,0.512652088532923,0.295870683347573,0.614739328461079,2.79310101262119,NA,NA
748,-1.5847079694843,-1.49274463097744,0.0701463783004796,-1.84363718795531,0.263969632868477,0.225619399871794,0.308399867877597,0.901227332764771,0.162690811913693,0.736798483021208,0.40131840175495,0.0528720913901925,0.215652194582508,0.738901568218134,0.651518858130672,0.981994853973272,0.628369917888078,0.98602016736439,0.389852794495993,0.0213256835030625,0.181555026671733,0.574245507493615,0.676108634883654,0.800766775492812,0.452570683876635,-2.36100816138979,-1.32626621452084,NA,NA
749,1.70319531249934,1.18934451912021,0.999947587083785,-0.945064022604833,1.39965674110862,0.0582794241950614,0.990250451847678,0.1677052141967,0.440256004874129,0.318183714780258,0.141882472279365,0.297106046959525,0.0892816840527812,0.565018544173101,0.880704653987195,0.579408953841659,0.123124600874609,0.533317955301958,0.957554797702935,0.804406715764315,0.713614228227525,0.19099445587548,0.155501472474309,0.0214852497210959,0.123251448378782,-3.68834082589644,1.79821278068677,NA,NA
750,-0.153332397483826,-0.160961525677276,0.0500883375956667,0.038299306875418,0.743651020422417,0.282986567527289,0.0358520758337108,0.899132823439664,0.518737050973461,0.849377552469727,0.691888751307037,0.44648649036116,0.430470489624888,0.918274393992499,0.629141442157561,0.307264456903911,0.211051883592503,0.831375754185603,0.0132285544151673,0.910069499175413,0.790121683499427,0.341863954827772,0.988996214708895,0.135580617550295,0.0230640670972643,-1.41922991021898,1.49582852396982,NA,NA
751,0.708790055470681,1.03715482560671,0.488855356887243,2.42190642858909,0.89353266624447,0.51321382049541,0.492375863326597,0.0983365336454008,0.421771717504715,0.544869795652921,0.192381486221449,0.927663198218797,0.713962140440592,0.806896086476278,0.711878049482824,0.553034879596322,0.743003784202156,0.316530093156733,0.546474054957624,0.717901956435177,0.915514782677987,0.613080494475318,0.791717829651316,0.329606828181306,0.552409884368884,0.670614583739878,4.1731982734383,NA,NA
752,0.182181118565157,1.68018359821914,0.957843314786305,0.831528832623792,1.29644516461767,0.6369946732854,0.653483926286222,0.553971266629524,0.922997507543187,0.593245341107599,0.301067905679578,0.739568858295563,0.199760882258881,0.275618638508138,0.1735067085349,0.16005424557731,0.860449041351443,0.639172731239465,0.841013008902199,0.283773300947505,0.505131089356961,0.833072405667976,0.246715765223023,0.597120319229201,0.192251798445242,-1.70945699795793,3.37251466320552,NA,NA
753,1.28833515745084,1.30169361956085,0.0671333916591834,1.14657256070075,0.436219023068999,0.695640009495546,0.300138353404473,0.379832744348794,0.293568401918397,0.758694652931648,0.510625136055984,0.466553502782015,0.190492849027854,0.66697418677574,0.939895613852772,0.207993610392208,0.833988527034642,0.175774125141674,0.184589379059616,0.717278865535976,0.334586544783204,0.528585088189109,0.00600260618911125,0.176487199052121,0.172351624775329,0.291598986114262,2.00154613528723,NA,NA
754,0.133179948609349,-0.279453775803778,0.980742458290652,0.788120548282487,1.07958489405795,0.883370045731543,0.693903992438572,0.419139308321173,0.0792842893586494,0.350011933480855,0.810133501997683,0.0931717386929086,0.851526488141157,0.733751263451995,0.910367942572106,0.102760720081977,0.394653439993388,0.682031306416728,0.852083154032938,0.247490703056566,0.911208994395449,0.556321130419965,0.546752819172572,0.560216040632687,0.324564377187286,-1.32782696232459,2.90406805888956,NA,NA
755,3.72971741860924,2.78963284828138,0.999923754370384,2.80440268287621,1.23263520377092,0.822272182133514,0.971508845223463,0.680219114447245,0.199502577839768,0.0408407010443043,0.634096080559655,0.203339497178327,0.679511270544608,0.565992325129686,0.737008769940934,0.96113124140643,0.464702658669092,0.852022825379972,0.960748736026115,0.456459049364668,0.464526734401239,0.83099310224643,0.880122461993131,0.946616302010254,0.327948796638288,0.388482077409019,5.2203232883434,NA,NA
756,-0.891457272295364,-1.92823371532196,0.989969540394684,0.0584017933859402,1.39965674110862,0.350024699994596,0.727011052345857,0.414942820012337,0.933237320962246,0.174392013799632,0.550952979246969,0.544194608371821,0.885144771151594,0.692587821912253,0.575105574747198,0.369065255964408,0.710672476069303,0.735061836965964,0.503139629265061,0.746942953200196,0.385845584080089,0.397503133593127,0.0864351610788144,0.195170995850582,0.767273761022603,-2.68487500990567,2.80167859667755,NA,NA
757,-0.32827935429384,-0.327500278999257,0.0569896954514157,-0.146904482791712,0.502646347146875,0.398446221379796,0.254767988806474,0.914174731416162,0.810711963561364,0.80557534030301,0.465636725836783,0.591748051512055,0.0465801010078285,0.376542033263016,0.600586937303888,0.106356335986988,0.552741653512348,0.045602005685796,0.0761626877223607,0.83059835925966,0.749050273405621,0.604468879466294,0.869282919590245,0.0015638274771627,0.44487596603483,-1.1320732201602,0.838264254576779,NA,NA
758,3.03789467437917,3.05979889268356,0.050417648817012,3.07899669753427,0.763924070037561,0.634637217486743,0.11354316960671,0.276492092977976,0.932458466857555,0.133256104946602,0.249300486944965,0.458369307101471,0.600001868746011,0.260870171649032,0.650327067659586,0.0245453699508216,0.995506322176661,0.00348149682767689,0.559946919821552,0.383213675203035,0.666796129391761,0.0604019119828008,0.72323127014481,0.643722380489693,0.33837242088886,1.5817330333374,4.57626036173114,NA,NA
759,2.13648005405751,2.00589025935657,0.088662400458337,1.94890160175311,0.473129353069711,0.28885004158318,0.341997707674513,0.900799906314118,0.559997933311039,0.302376832104637,0.108206700743525,0.908463536115829,0.156507040965604,0.308285431297496,0.702277676745667,0.0437716678353027,0.312274234375567,0.170197181151365,0.948774102189694,0.994459024621872,0.655547422550153,0.633608697855729,0.733216745840735,0.287141114821774,0.665698874522583,1.02158510970774,2.87621809379848,NA,NA
760,0.0386447403792234,0.0243366926567982,0.0506038433924845,0.548605356174126,0.458143016916624,0.986824307606323,0.131986672174535,0.870289569335291,0.280281947810203,0.891688995094155,0.762518369636149,0.841904394272948,0.763101513333037,0.999185419459827,0.0112294252836145,0.856991241153562,0.173421149537782,0.129828624972142,0.674043712880579,0.341117392170476,0.900631528919679,0.907514099487918,0.658526317699812,0.806711910659564,0.483767454249435,-0.34933845675098,1.44654916909923,NA,NA
761,0.212355677002727,0.22497302191433,0.0930041286627433,0.77009079283236,0.535658479792931,0.965329945754958,0.347557911419543,0.640772039306816,0.186899989800877,0.30760596335819,0.886234063708573,0.272811367964838,0.703613562250975,0.869493376165628,0.383021777900634,0.404786667079781,0.29817039877444,0.50174011459446,0.156094306868035,0.948426786562311,0.0509166948472848,0.574774593203096,0.0161821615021909,0.209117397934082,0.828772945611272,-0.279780535575261,1.81996212123998,NA,NA
762,2.49774119645804,2.39980570016072,0.997662763971435,1.90058648155586,1.29644516461767,0.515451560314861,0.800251482895575,0.77163198199193,0.731689801268862,0.849520327865495,0.544213584863115,0.740381885306211,0.355750439939555,0.808722790710628,0.785790671036579,0.938635356703191,0.267627826662152,0.495931165192509,0.243235922084074,0.675117726526456,0.377257428977871,0.748249983205576,0.254727745888522,0.517956350362394,0.812997981234919,-0.640399349025865,4.44157231213759,NA,NA
763,1.57382643122198,1.52170295950497,0.0676534672035023,1.57076696089001,0.715532672825019,0.973723252911586,0.301661382216378,0.894018918151502,0.151875362752471,0.644766260063276,0.678205464945175,0.962663491080632,0.18317607981863,0.758856591640273,0.0445342080404516,0.712066492744256,0.434959731066017,0.596361987194163,0.483710230066325,0.762563737592311,0.165902207310428,0.878556003283942,0.0349308153671445,0.87441837723495,0.680840394871309,0.168348692391292,2.97318522938873,NA,NA
764,0.311129859867183,1.47226955771602,0.969795925896635,1.91666106156834,1.22125306711407,0.727715975076193,0.670808750319644,0.277232077379245,0.826416379170376,0.237303021790343,0.485437484059716,0.823878009174252,0.941704345984384,0.795712192640989,0.388860475561698,0.961548694167519,0.0205725077977404,0.287275816798443,0.620824701563804,0.88161366452463,0.256530491253012,0.712647527492489,0.688587711747154,0.86117053675116,0.360894324405468,-0.476950965984314,4.31027308912099,NA,NA
765,0.168212450743891,0.16530228923351,0.0693385410497482,0.530998042900519,0.701305071043599,0.746371396274422,0.306310223536682,0.389625640861341,0.12586939218943,0.51829408391472,0.0569970790185034,0.345977263145498,0.169925155423465,0.759518290404929,0.340434599656379,0.949227180280723,0.527733236814383,0.571647486712551,0.488411245214869,0.921143680223613,0.879847050686018,0.876654206206324,0.0888625776495319,0.960565194992465,0.949935835949262,-0.843534638520237,1.90553072432128,NA,NA
766,-0.0815908973659166,-0.0367969664226099,0.0503339298951774,-0.0875011114723183,0.426888120577982,0.970565616693115,0.102353268981795,0.28870044964971,0.228963843371719,0.789379201215575,0.428521081620944,0.321157737138215,0.830689247060916,0.293290200435789,0.560991936641512,0.25228384665621,0.389106377252494,0.947299456283334,0.80670479461574,0.889507450470468,0.980877541553811,0.208107129077194,0.367543442587368,0.155230430770782,0.763132031494868,-0.924186453233155,0.749184230288518,NA,NA
767,0.450451763656153,0.429633504169894,0.0793497588991726,0.581582917285217,0.535038765362686,0.532259491274715,0.327710206368356,0.191011061488534,0.25593623230909,0.0212362904200563,0.0863825639025308,0.525671259368653,0.629209909248515,0.109876882410026,0.573518140353961,0.438829521528562,0.67082591861859,0.960219701547641,0.838011159930145,0.0462257913530339,0.778380585780018,0.0965138119978365,0.873479693722213,0.0724084788633045,0.603143999007298,-0.467073793158424,1.63023962772886,NA,NA
768,-1.28546875332211,-0.549698726085081,0.996095211360697,-1.00525191354846,1.39965674110862,0.280370632153703,0.774506977703888,0.267342616770649,0.31372067585052,0.427947610977222,0.22791034101462,0.101033990540076,0.970613745617564,0.659590855202172,0.451922072236659,0.343659637084231,0.596246798410313,0.708876975569176,0.598675388870877,0.227679858018528,0.932631427603657,0.103944315341418,0.116032413932146,0.352791803013883,0.319886476156185,-3.74852871684007,1.73802488974314,NA,NA
769,0.0359955306982227,0.216401988635005,0.241507599578986,1.03697633168227,0.55571472265377,0.264065989787574,0.431179735640064,0.710629056056612,0.26568754954834,0.400876771299052,0.906276483561844,0.863095677364268,0.535980933274375,0.913508360692183,0.940683144041919,0.730217020944925,0.242011711228057,0.0918527085768292,0.92015397423564,0.669740831357427,0.981646333067794,0.466245106028626,0.489704632890178,0.933249826178886,0.362656830984633,-0.0522045103977828,2.12615717376232,NA,NA
770,2.32319341734935,2.31979132659743,0.0515314671066756,1.60360181012692,0.585677095453349,0.708417460687575,0.178568877801998,0.492384547882015,0.937613178052241,0.575269491823507,0.3539874797886,0.600842204434681,0.785263839745778,0.63045069848781,0.190176422056393,0.548927753747324,0.935131142087164,0.832901797362487,0.912208993440145,0.187361604396603,0.851428322840016,0.426116797060124,0.545469392799656,0.27696337488736,0.65551497502462,0.455695796468329,2.75150782378551,NA,NA
771,2.93921696619371,2.89563837760103,0.246823654433038,2.6879220789408,0.723733621565366,0.580989499720512,0.432900439082179,0.289014079650049,0.699249898374314,0.803315035598818,0.886744912776863,0.00740162389876787,0.00477198322839104,0.671957891233149,0.274649052893627,0.659950825580396,0.247856531491387,0.613781082325615,0.665258022022434,0.484023021849571,0.0431413647506852,0.920779579789145,0.502930434661685,0.531817450149683,0.906100426391116,1.26943024627194,4.10641391160966,NA,NA
772,0.451154773877237,-0.266603431028368,0.993496068068106,0.831371226781023,1.07958489405795,0.55784070884739,0.748859264539788,0.681044410656905,0.25753784591076,0.446713161346735,0.543383590639802,0.596574187937193,0.55509460490779,0.604276648435742,0.670059201287804,0.158810403623618,0.611880153499311,0.187039890821674,0.526268798844423,0.77573176734522,0.751881819160422,0.18893815985648,0.901126533285482,0.515100712249754,0.88777605520573,-1.28457628382605,2.9473187373881,NA,NA
773,-1.89196127529692,-1.84358561266623,0.0500660286060608,-0.290960719949996,0.456786674230267,0.442159377267933,0.0212970157961827,0.220115804293542,0.666051166944439,0.00389849859429523,0.556924629270099,0.531119320953265,0.635490017171949,0.162701638675993,0.952099103456945,0.866099546476849,0.601453534420114,0.230496732908417,0.455616124883876,0.813324959699996,0.886558751053177,0.877405998198199,0.877756021867739,0.957574623897206,0.273281633759383,-1.18624615005915,0.604324710159156,NA,NA
774,2.21576006878057,2.26370849380038,0.0517537049379775,1.64761213974554,0.850298686655614,0.350941692583496,0.185355819200398,0.362321894267923,0.594497190958937,0.503512731306604,0.381361219408107,0.530990297676413,0.705818351003458,0.937735607229057,0.169397991457954,0.759692532996763,0.061523062211927,0.245132558493293,0.449510376344435,0.131114942065324,0.79061415639543,0.132305875441991,0.759911550246412,0.215946484819171,0.7861427414231,-0.0189426622011724,3.31416694169225,NA,NA
775,-0.320121473484736,-0.507269887096752,0.118315415907705,-0.00867475383874128,0.585677095453349,0.603453199950978,0.372115053610993,0.639126664623036,0.789881543493015,0.0380897253426956,0.57260696756281,0.57053178795171,0.386039370789193,0.304316979355412,0.725441592223942,0.694768611012958,0.668425176165532,0.0437096808700589,0.171093977783923,0.916632790586329,0.906399411901482,0.639513347432017,0.739698802307714,0.985585104566184,0.994452149242396,-1.15658076749733,1.13923125981985,NA,NA
776,5.34264670153031,3.58544050120211,0.841406601655496,1.33700296338204,1.25681324922324,0.67051950040285,0.580373409344349,0.662949470757041,0.078601972424658,0.641185871226364,0.538164642152609,0.852837689213688,0.207994508253643,0.469283306522644,0.141230381867499,0.681656632079394,0.978189469657023,0.326577514717705,0.702186315158033,0.360010088049807,0.829846746124793,0.873771715042531,0.926554961411515,0.331189389796695,0.286965410968987,-1.12630574038829,3.80031166715236,NA,NA
777,2.96140739796303,2.93396997667208,0.0557386559393172,2.51474525186049,0.526062467970708,0.578673815948539,0.244841102532344,0.856134350611363,0.192124686620198,0.0798512484837556,0.407084141582018,0.755275380627951,0.499132039112388,0.625675926294993,0.349767580120591,0.512521219054586,0.427978321764385,0.583430904569454,0.382314151550527,0.0391554076079046,0.914910653849249,0.409451710149995,0.0992859421917237,0.229987733523827,0.99266768648685,1.48368176101965,3.54580874270133,NA,NA
778,0.314918059497235,-0.118750920736274,0.997303607359812,0.147854627551659,1.23263520377092,0.887494839162333,0.793085241021006,0.181946842149249,0.517730251005502,0.276748360659811,0.0642744655564893,0.784643435450853,0.665786209663842,0.0195093723805621,0.219696130383993,0.618888574610581,0.520990940147429,0.737612717200769,0.743272110448335,0.750895620991942,0.973344844241161,0.199549206256634,0.543097012726008,0.692222800133633,0.0390813670313219,-2.26806597791553,2.56377523301885,NA,NA
779,0.10295695608903,0.191900395313663,0.051296017578532,0.543757028607704,0.931494111510574,0.0915382605834166,0.170209966868162,0.439111563630635,0.426598490019329,0.838911762832664,0.363420220035245,0.627048531457665,0.445034330584342,0.241546517183771,0.457433873583213,0.636528894053074,0.241699593584635,0.768793633796042,0.126054994354607,0.554467102564988,0.979693303035339,0.252927117997897,0.849784459880553,0.00604371359886136,0.0852149862826336,-1.28193788176416,2.36945193897957,NA,NA
780,2.52488876771976,4.08737149212389,0.950242568868087,3.05501442803523,0.85435310721902,0.916740746098105,0.644775221301941,0.297651749924291,0.548056721112109,0.397975783484173,0.254127384847263,0.292137756174547,0.677787650337443,0.349726444238448,0.420014699099236,0.773466022155946,0.0877990114623681,0.576131573964842,0.166281918592518,0.35689252463961,0.245593092284282,0.704897749020718,0.187376022638986,0.863179205051856,0.460475259143626,1.38051310780606,4.72951574826439,NA,NA
781,2.72481390491261,1.30007092245441,0.941473358409807,1.89008954024464,1.39965674110862,0.112146199137089,0.636169674524222,0.482352508350858,0.0991796512953006,0.270186118931626,0.0595424985275604,0.643907209011726,0.717475237066741,0.955487272784463,0.184787947843433,0.375437291477225,0.983196121240617,0.380127069802256,0.587036415670649,0.366541200332344,0.490320491299964,0.693366478827549,0.636097272121231,0.429296472868416,0.41267560747778,-0.853187263046964,4.63336634353625,NA,NA
782,1.63317064832664,1.72253849809141,0.0903940066906038,1.50859206732559,0.423904790554062,0.766323856903473,0.344283494667732,0.914624705509166,0.38282201915374,0.84055908317049,0.146305521665374,0.403301477345987,0.198529916525818,0.398514452465926,0.768658394497936,0.153513519515865,0.880891549514374,0.824010226446087,0.597792193494854,0.782510308039258,0.0112064079489792,0.244169192281319,0.410038290191907,0.728224439078826,0.326878816395532,0.677753944965632,2.33943018968554,NA,NA
783,-1.2590286456471,0.00198316039908913,0.991284935224183,1.30050300827711,1.25681324922324,0.822527900178917,0.734109639128786,0.052589530446101,0.608680461584125,0.829114905267023,0.129102475852822,0.512586669266457,0.612515116327326,0.270333185606403,0.895722390406416,0.680641261802171,0.709339150627027,0.408865037805983,0.262736698491033,0.991324144515325,0.712243030015612,0.764913344596862,0.49173587471107,0.459896891607321,0.4475735696099,-1.16280569549321,3.76381171204744,NA,NA
784,-0.250287353725634,-0.311697086032636,0.0500994540199464,-0.00631064178688234,0.502646347146875,0.259626553074806,0.0417791428306373,0.828850293029798,0.970831618324155,0.790767724459409,0.290748559416388,0.128679318593116,0.276477819499327,0.336943737443187,0.441994646705687,0.665132806010777,0.905914311319008,0.765719956029439,0.507139872484724,0.376219905677717,0.913522636354784,0.425103393433848,0.974322746590828,0.581050436668331,0.418304314641166,-0.991479379155374,0.978858095581609,NA,NA
785,4.29357677542811,3.15119967364755,0.819046113870143,1.54716218457364,1.07958489405795,0.593905068211025,0.572345435384312,0.516238623512094,0.294787563962396,0.504891790085589,0.574817124188412,0.778453195495764,0.573018464829074,0.874448923458578,0.67928258153121,0.49287361650879,0.890605316950707,0.778301965076243,0.0575674869250506,0.767994852875359,0.735595470206696,0.349584080162575,0.954767281367443,0.180011724398937,0.754520234271884,-0.568785326033433,3.66310969518072,NA,NA
786,3.99186174431292,3.57665628588655,0.98718705086564,3.29450217027213,1.07958489405795,0.676441869198345,0.714621328951675,0.827449618336977,0.104040577833541,0.533139868427068,0.347338935870328,0.930201232322957,0.163664231092553,0.380049807001837,0.346676394542912,0.663764486829168,0.28530772689241,0.740475581417442,0.394860395826166,0.00785969745740294,0.397513823797111,0.631741285827477,0.5851404838491,0.640589189162943,0.167374049821752,1.17855465966506,5.41044968087921,NA,NA
787,2.24998133938883,1.84591503295897,0.990124156239738,2.48998652702315,1.25681324922324,0.563161494319676,0.727796009821701,0.0502418943449156,0.401930217982852,0.920854335494223,0.0409052484633867,0.551664607889135,0.865970635483391,0.205204066138715,0.409713265189202,0.993655047406443,0.394354163918761,0.47564314298355,0.888164072283776,0.372573740679887,0.469704960994422,0.66697660179378,0.147495686780312,0.288146580448141,0.814009800887783,0.0266778232528271,4.95329523079347,NA,NA
788,-3.52990351030319,-1.83707343752637,0.999607542202505,-1.1963887514833,1.39965674110862,0.334721414825763,0.88956875278079,0.457784050516319,0.490162358966772,0.158090872150729,0.355622109601973,0.960418463710928,0.13108495436213,0.940454179457156,0.556846108826809,0.603977983395918,0.745533598545939,0.700779936290579,0.090273026810959,0.696290568205528,0.90494046032452,0.815135999083519,0.319408129067393,0.746549439311144,0.938351343750604,-3.9396655547749,1.54688805180831,NA,NA
789,4.64637794778347,3.50356528713335,0.999822468048854,3.49550086004522,1.22125306711407,0.949358017837745,0.929243988560163,0.234851838664268,0.954010554159875,0.287596721297479,0.300090015483322,0.636945642243372,0.750708466317854,0.140518664695439,0.997794195492868,0.852793532033917,0.461320596958278,0.638018177657854,0.423712504949071,0.955669909180724,0.768430068800109,0.112411954891519,0.273582570992177,0.83574361960392,0.391526210178854,1.10188883249256,5.88911288759787,NA,NA
790,1.92373765208698,1.21555344634804,0.999832337115919,-0.187091698615495,1.07958489405795,0.672753594857757,0.932104271986638,0.510175640984206,0.0451741175460629,0.449014991801232,0.289265124712023,0.563196275703958,0.381992081438191,0.760628152450663,0.733640266791685,0.791728432601551,0.503670414190972,0.302494794932078,0.217092565843486,0.0362262688705232,0.697324456844828,0.597266644966556,0.72664906228031,0.219529173593852,0.772937096678186,-2.30303920922257,1.92885581199158,NA,NA
791,0.288017349325278,0.20622903812677,0.945947210885552,-0.232296944385804,1.29644516461767,0.837503229006892,0.640396017478779,0.814173311257502,0.659322525625117,0.56666579631879,0.499950192016317,0.0968434374500066,0.0684581348376814,0.809638696346316,0.132173055105144,0.616517293137382,0.528400221340708,0.860540662746294,0.099903154555941,0.332303958540433,0.211210908047738,0.415040631278534,0.199652474332717,0.781007925284677,0.155921327031334,-2.77328277496753,2.30868888619592,NA,NA
792,-1.55825570847903,-1.98345112459578,0.980234404374678,-0.824157666982801,1.39965674110862,0.075026693943073,0.692574688522611,0.855902428294532,0.00778825977491215,0.0441266743257875,0.321157094208756,0.947377669703448,0.581788353482145,0.539782274528174,0.962301266712951,0.85467756921507,0.099526883040322,0.780385720362305,0.262292894316954,0.185360626648064,0.817291070896783,0.499874795119395,0.365608253767132,0.244997718641767,0.796503314020229,-3.56743447027441,1.9191191363088,NA,NA
793,0.96137699674189,1.96111840977562,0.999797953408407,2.73162082190111,1.25681324922324,0.570298120778054,0.922775311903912,0.38685131901328,0.136605245196028,0.802004359978484,0.606394100216683,0.514945070377435,0.306546915791463,0.457616152907605,0.0209833102123812,0.624327821407118,0.662336290409323,0.297997778337216,0.614357622930896,0.745877886723378,0.780400376566453,0.727858645179193,0.665212838192354,0.613569981123204,0.244304281397606,0.26831211813079,5.19492952567143,NA,NA
794,1.38392477745857,1.74180276042459,0.990746464568864,1.31885493433091,1.25681324922324,0.826872505433857,0.73108339920477,0.704073674437473,0.000865094125387259,0.65129063302977,0.69493925126153,0.647506618519546,0.271382786977571,0.784775300613837,0.329932288657408,0.915991744270432,0.614274311873829,0.746800490015885,0.89507372315391,0.574199678069446,0.925333621428814,0.681427350435988,0.348096949268831,0.470855331955012,0.960429828118067,-1.14445376943941,3.78216363810124,NA,NA
795,2.51214891305372,2.6420620822968,0.381699871386004,2.85058327334371,0.526655429006117,0.788707727824221,0.468862828681711,0.48171545104438,0.406879888007534,0.273829605961568,0.471650191125227,0.131369752080063,0.312099856406334,0.649616586481105,0.067901144609903,0.807808102230192,0.372965085619362,0.121052625017357,0.719443520514527,0.227147025984479,0.232018900244031,0.500325550511829,0.805715493472177,0.792588323146221,0.82836158460076,1.81835760022923,3.88280894645819,NA,NA
796,1.6664966060607,1.63935982540783,0.0502062321462176,1.44719506869339,0.803432503958048,0.75687714320235,0.078250115206698,0.251768265302759,0.257143834119081,0.709545731942519,0.506219311591587,0.474187218549894,0.486197955733631,0.0131124308330473,0.166926895265002,0.814130500349798,0.66986458592175,0.00949028462788556,0.914098238075152,0.345543290563044,0.0419370182877174,0.683192968600313,0.364476128227427,0.844163401272963,0.359762460822705,-0.127503703073215,3.02189384046,NA,NA
797,1.09129819025151,0.36244165904577,0.884537549489943,-0.415091324217331,1.14132310678159,0.216070518620196,0.598896618259372,0.209084481580649,0.535334408242255,0.645493925897521,0.115123772447812,0.317584182673483,0.235721224274253,0.134736777414335,0.189529475239338,0.759052561941557,0.45121999095811,0.541105184457148,0.385244532582466,0.929837221024325,0.171046126381028,0.0196028581651626,0.14187442474626,0.13212672454922,0.295383876617765,-2.6520435082326,1.82186085979794,NA,NA
798,1.12575487768675,1.16368427602563,0.0629329409455787,1.66859136829765,0.585677095453349,0.664594374886598,0.285851138536818,0.869991995592602,0.749636556216748,0.4076044090949,0.32801198828849,0.460153070348315,0.682037517369725,0.526466256777407,0.0733594438170549,0.00977984800096601,0.324918645621976,0.810472715004231,0.130008234189008,0.190016530535999,0.140621680529555,0.846298739177291,0.589130158230779,0.689292312937672,0.943399850969901,0.520685354639056,2.81649738195624,NA,NA
799,1.74384862229612,1.74647381529919,0.0502780003217203,1.62638621228719,0.55571472265377,0.334303398735006,0.0931848841061583,0.576105804823106,0.12801414159569,0.296368104327354,0.546220698619145,0.238648983645835,0.22591675333411,0.889545311349095,0.576478578011738,0.42205923886993,0.112186596782529,0.344566658195574,0.80743770757271,0.673104114956921,0.598417615138111,0.68040623557358,0.0772164441230707,0.625713840533746,0.0224655528977746,0.53720537020714,2.71556705436725,NA,NA
800,0.216913856727815,0.304637556928786,0.0502878678724207,1.10388117037993,0.585677095453349,0.70612300977204,0.0949293699852424,0.735138022168423,0.895152749771369,0.202050001149881,0.834783814238384,0.906676174928201,0.133362917771912,0.117678241519025,0.638677222132916,0.282310332599678,0.215155477916705,0.91716167058819,0.8638016946516,0.250934479782823,0.764983580362867,0.374077801955747,0.879385196558549,0.174515284408932,0.249823709737393,-0.0440248432786636,2.25178718403852,NA,NA
801,0.771860375636535,0.233148221603445,0.737758404611467,0.252879641779919,1.25681324922324,0.782121071033296,0.548208571075113,0.760009268791415,0.537731833483209,0.681095284379786,0.344176954713766,0.894302532481379,0.814703056826722,0.0517475604094798,0.0595902804587968,0.515948283058242,0.413709676141618,0.397460183622315,0.251393299244344,0.0589732904569246,0.70805422280624,0.736601078871172,0.220408798646065,0.302971850710572,0.0838060127487406,-2.2104290619904,2.71618834555024,NA,NA
802,0.341522773494734,0.286872544781026,0.0500985239747249,1.14478006053928,0.780064750083296,0.864137812802685,0.0413093184016179,0.106698028305313,0.646623412515619,0.847409064944601,0.812382008269196,0.94542322140676,0.764587850714335,0.814166613450158,0.421167734190007,0.747087655341253,0.752874114736915,0.113491523584351,0.222041780798696,0.431274842481478,0.566642896886682,0.569469471033895,0.539207430958981,0.105928542462061,0.465015445888159,-0.384118755233223,2.67367887631177,NA,NA
803,0.373749801501179,0.273361403335702,0.0504513462487403,-0.857348530000122,0.456786674230267,0.49223249737767,0.117424636557233,0.0857270648017293,0.827222383915214,0.415353579430142,0.899375539163128,0.721822461308679,0.953582907321048,0.151309319136082,0.895105536084273,0.0735288478842704,0.294321874844958,0.637328620661283,0.271315819262643,0.990615924993181,0.608113902524346,0.0370691229661461,0.640631535993423,0.5622492873054,0.870239783777157,-1.75263396010927,0.0379369001090309,NA,NA
804,-1.99356861274947,-0.95707105344572,0.999953346202573,-1.18936900527336,1.39965674110862,0.0642667881184025,0.996070691330941,0.265393233052804,0.742138089204091,0.146032665240462,0.712048483524239,0.438612243990996,0.00021530449797865,0.614387972480152,0.164226215547184,0.724655350011773,0.895962297945982,0.52245891995565,0.329609122738708,0.049232618082664,0.664053606211906,0.201597676916164,0.561039809807902,0.934119790011086,0.586248462124146,-3.93264580856497,1.55390779801824,NA,NA
805,1.6945376855602,2.19950264401696,0.998908625312705,0.844086134729343,1.39965674110862,0.459664705324103,0.838393721305765,0.720548810948385,0.0682296169498004,0.36910409856739,0.0247304680078523,0.443750233889441,0.0652170512375888,0.404846182875801,0.774720978632919,0.228135980995023,0.416456687611295,0.96965596838994,0.286122975851293,0.620741017961758,0.585470748181571,0.842527843643911,0.079475475029205,0.0899468563713599,0.321320511001861,-1.89919066856226,3.58736293802095,NA,NA
806,1.10000857022925,1.64617626968398,0.999948257055254,1.76599844335837,1.14132310678159,0.000601344675873406,0.990893735320075,0.602042651418713,0.100419778166339,0.510108099588659,0.889234659383306,0.480590244630119,0.814359593079193,0.207829578048899,0.434264625830692,0.347781535004848,0.510034865773981,0.908080200927332,0.993390887118876,0.635252123302896,0.52279150311905,0.137621116837021,0.0575075270829257,0.953304663999472,0.708895195062505,-0.470953740656906,4.00295062737364,NA,NA
807,1.85607524267847,1.73442181291637,0.125078564086155,2.00440501852329,0.921715051948233,0.922726558609051,0.377220049580908,0.261774108971236,0.197900279467576,0.623528281080071,0.251814465049771,0.069427766681416,0.780847073101904,0.252686745523359,0.129209378484171,0.138302427601768,0.414873302080669,0.319853413215606,0.398437281504855,0.261733911011717,0.967890412574983,0.947740768851829,0.996335998446913,0.793659308975213,0.316822937728604,0.197876712696291,3.81093332435029,NA,NA
808,0.348731787639636,-0.176538887523496,0.61502462070233,-0.771453359390649,0.473129353069711,0.312220677826204,0.51918449621473,0.536415270925383,0.492681490876363,0.329969529728871,0.776700001690886,0.0362740519716172,0.243106460713432,0.331712876590667,0.155480099906214,0.661446129255812,0.704347012425424,0.810765591450268,0.312558886397863,0.334278835779754,0.214063353087869,0.408588251192588,0.664520293387701,0.280548691110453,0.921676135520684,-1.69876985143602,0.15586313265472,NA,NA
809,2.45025856867878,2.88884837838675,0.420243474047895,1.71483322345451,1.11227904490171,0.883654089753167,0.477577629731386,0.459430909601739,0.0226304676848231,0.624907035612385,0.732975163671537,0.467134431039449,0.838839512565639,0.247788861895911,0.986336574109038,0.137046219320735,0.123751749627758,0.692953271148726,0.29029038856749,0.822107791135088,0.282143040447147,0.681759837946389,0.138169894452672,0.913306939479429,0.417730432491167,-0.46519364531146,3.89486009222048,NA,NA
810,3.04692195026303,3.02741748864585,0.0505263432032005,2.72958440265609,0.529921781956176,0.649369326905115,0.125114520648727,0.774562458425644,0.20939871142304,0.221179603661294,0.860865218921797,0.914275426955195,0.428079486150877,0.0993202771566575,0.327226183240185,0.357840254149633,0.838824518637382,0.416328774268273,0.71564667658601,0.380427435778547,0.366536663001287,0.964426985066268,0.174757514602155,0.278559727261425,0.883981768971542,1.6909567953987,3.76821200991348,NA,NA
811,1.47996037626113,0.170494845308019,0.932898769248718,0.658635131825466,1.14132310678159,0.274527402944281,0.628850408203201,0.719402665302623,0.312503156156046,0.508763260476175,0.915871403069701,0.848935883566388,0.622755591491587,0.254264427114511,0.621859401132562,0.280726751621813,0.771163641129155,0.74434832493437,0.43936014691391,0.127137998267426,0.193134823154542,0.796035990550532,0.702055231941747,0.505571490271366,0.836298335643019,-1.57831705218981,2.89558731584074,NA,NA
812,-0.615308955278626,-0.577945953434099,0.0573563527833465,-1.1521358967824,0.473129353069711,0.256839161945507,0.257343797281384,0.541634014674579,0.44071013743931,0.406199347827001,0.858706749589299,0.650920999804046,0.177116861081915,0.641797752293874,0.589498343718005,0.181329373807879,0.6222667798599,0.346859308490995,0.535171287239878,0.353416507178685,0.431781357439002,0.169308157164021,0.408787978249486,0.00651087340374943,0.786869354826864,-2.07945238882777,-0.224819404737032,NA,NA
813,-0.423050962407719,-1.0828382467424,0.999408883635956,-2.06397886721317,1.39965674110862,0.466873381401878,0.869079097533016,0.329508897946682,0.402033807108877,0.14534647176892,0.285447591740172,0.255648193470901,0.91371774179046,0.55793668550835,0.682271011549281,0.642250383318984,0.764858479727642,0.849958511856501,0.653220514208311,0.885649001101963,0.754848320856807,0.354436718307203,0.377474444701686,0.135253080107854,0.747607683054637,-4.80725567050478,0.679297936078432,NA,NA
814,2.46895283772218,2.54166483614864,0.0504991236095382,2.52060300101938,0.585677095453349,0.731686131865252,0.122458102367236,0.656295659144525,0.762133030268946,0.917663511671824,0.15655970030895,0.00154632256529294,0.279208535094862,0.89900694211002,0.962898712800001,0.732309165107901,0.887284481886425,0.633078074700665,0.86941433351743,0.153731761825737,0.349602971095708,0.88526485887426,0.654051100318204,0.955052866782993,0.865708057848387,1.37269698736079,3.66850901467797,NA,NA
815,2.03685373792162,2.00295371005163,0.0533204270898423,2.68832680997249,0.501306634575425,0.976381255085929,0.217356637021177,0.445123212807579,0.332561198150506,0.951878952045925,0.847839047066867,0.601291338780196,0.328137406314607,0.593190618695808,0.423707838841248,0.907843140781159,0.772648208263214,0.610723538076621,0.691745337625267,0.478700215643039,0.0301556327259168,0.918737834234722,0.659954277904471,0.667655088480562,0.742650196204428,1.70578386099368,3.67086975895131,NA,NA
816,1.94449287351357,1.9760601397307,0.0526471747203943,1.78045504588924,0.843593558904763,0.0336974492267473,0.20599106663221,0.249797183775343,0.541237560373382,0.341873470043764,0.414467523292522,0.808566402781173,0.344662422213121,0.39425181953772,0.747159432437853,0.411348195577972,0.754103797261021,0.811039873594302,0.346099988758913,0.118961781502934,0.558584458599216,0.704023334397352,0.719614023725037,0.298769204829121,0.78313519686379,0.127042052845933,3.43386803893254,NA,NA
817,2.67590418959976,3.36386280834894,0.999920353903872,3.20312198464536,1.22125306711407,0.969021188368089,0.969327019987279,0.259060196024133,0.847699564440176,0.185292330388213,0.159391378600965,0.801868271393818,0.522129026970011,0.029265292494907,0.443570437885588,0.483256680853083,0.512152140388731,0.82703289604478,0.8399885957113,0.645925847596955,0.430587916433928,0.944959019606235,0.918718431919115,0.0623336873481749,0.195086455667857,0.809509957092704,5.59673401219801,NA,NA
818,0.991082237717755,1.37310746152137,0.626518346105779,1.06301213722055,0.536080198852412,0.741591779925511,0.521706913925824,0.0423119990946725,0.576854679029901,0.328345316845109,0.576629141575308,0.912826797188609,0.0113657915862277,0.83820388003788,0.654110225247568,0.857793712791987,0.0983262563307071,0.567862561117741,0.678942628927878,0.620161486473633,0.571540152707836,0.794488045477076,0.483164738642983,0.0955126567337429,0.35066583245853,0.0123142546447561,2.11371001979635,NA,NA
819,0.516241013040468,0.460630091866571,0.0542043085190515,0.221229244186378,0.423561647869159,0.716285189972143,0.22920416312851,0.31377102047985,0.229508848795551,0.736091991587426,0.364248136061942,0.442083747096942,0.856217254121555,0.124864623801317,0.111637078638538,0.207291083231335,0.972746687202831,0.81194739452668,0.582667088520015,0.945586764879525,0.382863150334451,0.59574699499493,0.731467925685924,0.0908746930913767,0.0846586979740532,-0.608936330869609,1.05139481924237,NA,NA
820,3.27906779793578,3.39265218980022,0.857144651864902,2.40737195140222,1.22125306711407,0.953473971304833,0.586583516591927,0.109101500796154,0.693277628818643,0.742814753027982,0.621410590451793,0.297962251950288,0.0434584538326599,0.311031113700941,0.775546953639831,0.822672537145554,0.246111343800905,0.870449261249392,0.854903454298968,0.310033434230369,0.500510422090068,0.171796830492094,0.640279066831805,0.265980550928973,0.434961805798346,0.0137599238495638,4.80098397895487,NA,NA
821,0.741861884525997,0.682405195444263,0.0515938463876578,1.26440765345065,0.52904121958002,0.637167535072775,0.180568368202075,0.127853807865176,0.58322183154989,0.238889827300911,0.3796398710137,0.637130627877079,0.195628959133755,0.838623175787041,0.949319033206208,0.291297572390758,0.635635676877457,0.656556456126156,0.740750602593529,0.856518350453,0.0843631299347617,0.359545987588819,0.214413806403638,0.498973382596392,0.386740274633514,0.227505916736665,2.30130939016464,NA,NA
822,0.958091157641804,0.679214985709138,0.999317905852823,0.960820482603325,1.22125306711407,0.747351881798706,0.861916565891355,0.0130019970554858,0.983634055045201,0.358466481865267,0.13712242959626,0.223543771740282,0.334236254057381,0.475629539146787,0.759382540283841,0.455394188623526,0.249322276160587,0.0201361531008733,0.800621613573749,0.271971358117182,0.811409853875521,0.592319844668731,0.808425898522954,0.657081205671653,0.769769656904857,-1.43279154494933,3.35443251015598,NA,NA
823,2.48462149323841,2.50021392236315,0.0500936434939389,2.0437989081532,0.55571472265377,0.483904546403559,0.0387688133884221,0.486234160106862,0.0395043431633385,0.0663581177289598,0.951372606809484,0.81460969583143,0.446155359936296,0.987989899167442,0.934132709647645,0.500149824911961,0.217611196738319,0.315061202582787,0.000206667884835042,0.252859452101518,0.911835590341943,0.232192732874886,0.195951616741833,0.724894366682856,0.645521420273115,0.954618066073144,3.13297975023325,NA,NA
824,1.71736690492104,0.569254378815838,0.999022214760237,0.134845171858945,1.08749253900383,0.378685704976786,0.843894871562021,0.584026111255749,0.714077418817091,0.843456713199033,0.457483186193393,0.352042035488761,0.763858818433946,0.938874815468211,0.909776152128354,0.236734914561734,0.445320967580308,0.846944887762074,0.797449359012418,0.0903383596381173,0.954946476069628,0.35489887617901,0.349415735589806,0.437116511040949,0.194635937153478,-1.99660103804458,2.26629138176247,NA,NA
825,-1.39887746194038,-1.52167682944955,0.628002366594889,-1.80035147765917,0.51700110328822,0.338718245022232,0.522034523534006,0.0372137644614559,0.281500897033722,0.421268747809343,0.00687891598045826,0.706047351046465,0.807213887108956,0.714120808631531,0.287769872462493,0.860149822224514,0.692691742395516,0.306079196187668,0.668312924220227,0.1581117035856,0.596824152680812,0.174971576534212,0.570147716691019,0.448173803340178,0.373183592370246,-2.81365502007155,-0.787047935246785,NA,NA
826,-1.26745526122087,-1.29155944340901,0.051549185747263,-1.13820179639723,0.388045876294379,0.153258806240396,0.179144976843614,0.783366244422272,0.108249969309662,0.805399937819107,0.545077620081953,0.312662994528422,0.510667574580526,0.83475539518171,0.826181197849568,0.439390085572144,0.553333836672944,0.711363945236662,0.422269165525446,0.656031509613385,0.486042259081616,0.840850383782177,0.129703739559511,0.139951537603978,0.91182739574986,-1.8987577382835,-0.377645854510963,NA,NA
827,0.696705876291053,0.722524844781372,0.0502846419661742,0.697544345263227,0.340525183998835,0.261196834369679,0.0943657267958624,0.836005774141988,0.939771706843865,0.704478813072783,0.315493867182173,0.132931250666501,0.952055798781686,0.525589641844737,0.381917134687887,0.803514212798094,0.790410570647684,0.888087291688425,0.918466579219792,0.983829593138653,0.361620721179061,0.555498853053665,0.0600675982441753,0.0130334588205442,0.963259964264813,0.0301272487966345,1.36496144172982,NA,NA
828,4.31238658920109,3.20213837778863,0.99634100011172,2.2958026101185,1.23263520377092,0.571047301029903,0.777770655691507,0.131431193350698,0.443235015899991,0.194805837264983,0.768864180661156,0.0519349069483578,0.00284186791966204,0.632147077767877,0.54315371065482,0.705975886499509,0.49227653906378,0.163434272557148,0.181148154042661,0.196478735311306,0.964719886219944,0.678790443281527,0.230252159848227,0.981155756169348,0.00946558356587775,-0.120117995348685,4.71172321558569,NA,NA
829,-1.26822076986695,-1.31934034162263,0.394859076158928,-0.711940611153246,0.474966316662938,0.408275807545288,0.471883724790299,0.172835688757477,0.681576948466478,0.812887301959563,0.0909377832459286,0.338960205211537,0.564981865352136,0.360145920345676,0.415048666623421,0.416187976707355,0.929913796875044,0.164494378142292,0.804131980342208,0.843864570879494,0.0553437481981236,0.0655640882711159,0.928578081705491,0.919470931702061,0.529162413950777,-1.64285748568225,0.218976263375759,NA,NA
830,3.19998046816983,3.40973058356026,0.544763011878923,3.5168202111485,0.844076673355118,0.925328240396222,0.504163037383813,0.88395669715025,0.354987463593949,0.611236489264062,0.7203972829493,0.0226267070042668,0.881870345613337,0.261520927085541,0.602452030522982,0.250719957941212,0.938067782511353,0.0873452845291467,0.640283838450327,0.132687844681554,0.560120159361511,0.922517589143128,0.015231107957894,0.732482375470456,0.875746637976379,1.86246033118209,5.17118009111491,NA,NA
831,-0.890385656134536,-0.926778522436496,0.0612668726696324,-0.499671151437358,0.340525183998835,0.425670921056299,0.278866778428666,0.88419894209702,0.898276723881368,0.824874021604657,0.635614001818933,0.430562628661981,0.983909530433128,0.00943620440794621,0.0943136346171377,0.533178312033066,0.0985662702834234,0.0289447987263557,0.322032274194993,0.725052218629513,0.876656052297796,0.957865408156998,0.938018227840192,0.0928278437121771,0.723724225725746,-1.16708824790395,0.167745945029235,NA,NA
832,2.10595044497703,2.04590833566884,0.0853902990562395,1.73249917178297,0.51700110328822,0.0235231573329074,0.337397016334813,0.110339294373174,0.0278964591750409,0.0677976062559756,0.110632927430677,0.284351658713538,0.981127348799957,0.120266328934114,0.994026374158217,0.640217790298862,0.761056077877758,0.148730645611882,0.829509166618576,0.288918868974084,0.538445319743128,0.341494083790225,0.194577236788813,0.282471752213896,0.642787199507002,0.719195629370584,2.74580271419535,NA,NA
833,-0.238359662003401,-0.349827875371801,0.999889919478278,0.222886914253656,1.23263520377092,0.913177531849826,0.953144463448669,0.287159039240214,0.531511576896533,0.212923538002069,0.642182633973775,0.933448077971349,0.889754040998174,0.817659180641989,0.206426082064863,0.838766914072563,0.349463302647462,0.560175053751213,0.824581810221542,0.451017697422882,0.150901756195351,0.410997007810045,0.446040072263102,0.378492564926273,0.671251727456111,-2.19303369121353,2.63880751972085,NA,NA
834,1.11250549449611,1.18742411921105,0.0626036159796244,1.3284058473357,0.492024240272494,0.841940897927969,0.284543876363547,0.0470009300071979,0.395945522348979,0.729739953877754,0.902615457265289,0.367184415452764,0.754091383000603,0.672435133889085,0.170495715425815,0.527317258516094,0.750270596246817,0.430625359443831,0.926694532681955,0.0404534552086843,0.590910579042858,0.541255234008771,0.705998656137846,0.047590959681198,0.810576639529551,0.364056056880929,2.29275563779047,NA,NA
835,2.10883485514001,1.9879553784486,0.112269469860928,1.37625535971605,0.351197092980186,0.374263461478404,0.367140150770196,0.000379306278889999,0.893137287000427,0.935699322290486,0.284718255371787,0.0357628548656357,0.852213457468431,0.096561926952214,0.345626791236224,0.148336580701172,0.42007885312743,0.199745845990139,0.874577201626729,0.799355735675432,0.515997849281412,0.26222941121296,0.156629401998944,0.748657819645596,0.102713887307327,0.68792170599972,2.06458901343238,NA,NA
836,2.32397888244384,1.88125739639219,0.87879762851679,2.3223040032987,1.29644516461767,0.622912336077425,0.596125718500931,0.758121682942496,0.841888318145764,0.0566250013496028,0.0816131579348585,0.5212731727137,0.0850922952183755,0.645503463140223,0.706137537229108,0.806915190926171,0.900628363381606,0.821664909265586,0.97576585256774,0.846494769966812,0.910094421377755,0.548938470249181,0.0310840329683851,0.365584493221133,0.0753257016881835,-0.218681827283026,4.86328983388043,NA,NA
837,-1.62665822082948,-1.08030615884203,0.998106764823947,-0.656647003991246,1.14132310678159,0.369903330700123,0.810809000897454,0.633570434086956,0.346068816390238,0.576601542597287,0.511362368253409,0.881114161321544,0.233492889321526,0.171283312038402,0.229430726548424,0.967873235939886,0.178688222861732,0.47848710718262,0.338091370490496,0.461947067647241,0.314295986519777,0.246010480867932,0.792722287993762,0.834349541086238,0.993406272973749,-2.89359918800652,1.58030518002403,NA,NA
838,0.87148904092444,1.36402094322085,0.994862258712149,2.48502949300027,1.22125306711407,0.939685823468841,0.760721280708443,0.433016593816457,0.890100901008118,0.928106894706725,0.369316866207868,0.820428285953938,0.451049121177872,0.675470147022046,0.292171588051133,0.531830499618314,0.853614071184886,0.897489668135298,0.228943120458978,0.927947852858924,0.84093146538327,0.00792764256731607,0.401122594410786,0.662847424674663,0.95129409664264,0.0914174654476159,4.87864152055292,NA,NA
839,0.465271680393425,0.0807259608258578,0.57983356622915,-0.198907494876601,1.08749253900383,0.502094032613328,0.511595601379056,0.072559223739896,0.739197068830952,0.795627974526142,0.5146060274716,0.777694830538123,0.28908325821755,0.532196484650485,0.414834290731116,0.456281453277566,0.808000754724839,0.142774086227757,0.128288126715808,0.239602753233048,0.748167917227955,0.768967709688935,0.267259138183319,0.775716359103564,0.900665779327392,-2.33035370478013,1.93253871502693,NA,NA
840,3.28045748747611,2.06621423755669,0.794739623708164,1.99425424274961,1.14132310678159,0.30832813213428,0.564437767872587,0.504979030346149,0.198786942767445,0.903778371977038,0.962623321013991,0.994754212070722,0.36231277858268,0.242094908081694,0.121780764367548,0.10853794347262,0.429819857671508,0.144869346108986,0.79071561022161,0.880600225047092,0.0464497712145094,0.0616772828188259,0.212223689300939,0.471337757191621,0.273626067047939,-0.242697941265666,4.23120642676488,NA,NA
841,-0.0455814573321728,-0.0285022299268807,0.0635478070154351,0.418754017886582,1.08078332196981,0.535693082003272,0.288206310918438,0.734400017853477,0.86501084083505,0.471966619553743,0.514449620997999,0.761965205637389,0.252948780408944,0.150962568346178,0.989506807203754,0.176080783145269,0.875292046634015,0.313783372732112,0.825685225739842,0.158742265262175,0.660061230883934,0.343302453900338,0.54214092135441,0.388020223287866,0.903315253973473,-1.6995423682658,2.53705040403896,NA,NA
842,1.48197893329548,1.34434423180591,0.29568388034556,1.59590895475627,0.55571472265377,0.0219790495911147,0.447340919067152,0.264014466694905,0.242122018279275,0.0253960207586642,0.243986738704261,0.206894981127582,0.0772035967698321,0.415475901288213,0.764344372059451,0.894199774616631,0.441630127364304,0.787216949141235,0.0504537259648787,0.550821836290415,0.102481985990191,0.0802303918779362,0.140607745076064,0.835190270471037,0.128772461036919,0.506728112676216,2.68508979683632,NA,NA
843,1.49906154831106,1.51649270744847,0.0516465739659816,1.70074276444855,0.55571472265377,0.149562842222163,0.182198474996723,0.645822131360183,0.129921405999921,0.0607499198607402,0.56774177306646,0.671289384519565,0.982057378012803,0.561537176958052,0.698871395422495,0.675535966390395,0.290690115224686,0.392561086642905,0.684305671917857,0.294785148036201,0.445534203267191,0.68404218196054,0.594771649453207,0.961662253188668,0.632854989239364,0.611561922368501,2.78992360652861,NA,NA
844,3.52720274920864,3.25350620959789,0.792777712777285,3.3265020438071,1.22125306711407,0.96288742310286,0.563830237813643,0.0666257716359105,0.824532415280351,0.440223646818777,0.647396373785101,0.0251327135274187,0.772761974699679,0.908320573758567,0.0615411702940473,0.559632660139469,0.660890146651305,0.904505642370321,0.61134241434501,0.228067106437869,0.389399599547265,0.173891757716774,0.771537785087246,0.370912485487759,0.984634705000091,0.93289001625445,5.72011407135975,NA,NA
845,2.02772778147254,2.0128704056917,0.0500740025799994,2.7146836234847,0.585677095453349,0.870122520192526,0.0269980297181755,0.506271244711708,0.765241248980048,0.959227515534731,0.199957078247098,0.667265156115871,0.875980335041066,0.991078718009056,0.83750720605813,0.452807652398013,0.24879541394976,0.682618432187824,0.426270868111285,0.0826799668926979,0.100667243293021,0.514617377096089,0.484313190973131,0.0570103838981595,0.810404721349361,1.56677760982611,3.86258963714329,NA,NA
846,1.31341998822398,1.42104254978653,0.0821731804804133,1.57386002523114,0.502646347146875,0.241756088029011,0.332456223904737,0.931955001137801,0.458937436452135,0.561512572507258,0.877649178181426,0.547215924691525,0.184768511726055,0.674335148708778,0.251661594475736,0.545623059306061,0.687772625613376,0.866658151682233,0.829151015333249,0.106229597499943,0.740709865769604,0.340388073254842,0.828084293144755,0.641471027074265,0.440911155922338,0.588691287862647,2.55902876259963,NA,NA
847,-0.569871191227955,-0.621334801781829,0.0500582496953877,-0.129625765136754,0.55571472265377,0.21726581426058,0.015029145840439,0.959282300170162,0.268528963786201,0.147382219164516,0.686667321052519,0.370902300995076,0.638981698888703,0.787368182310951,0.540286999563803,0.904793697630637,0.0494932933172677,0.534604603288113,0.0336489372124197,0.949943782263086,0.631991532687913,0.455938695259742,0.74635590489232,0.019401406202116,0.434058923654258,-1.21880660721681,0.959555076943299,NA,NA
848,1.35380584912723,1.35445662484028,0.103682858410402,1.78956742003372,1.09922422110132,0.989603739827406,0.359239971865318,0.549739361825283,0.389164996295003,0.07257331577281,0.643726370783988,0.569132602876634,0.920771143932827,0.144976844393183,0.462113500221632,0.52018176278891,0.943232454285142,0.86630430529872,0.611933618530165,0.558406131818076,0.493332636542502,0.882595780454809,0.0919434500508942,0.14637440168974,0.0158394287838601,-0.364872464258956,3.94400730432639,NA,NA
849,0.233428544157756,2.76483431467459,0.988582613584643,0.718083823437043,1.14132310678159,0.479930138791678,0.720461678083986,0.216019642129424,0.0261688822793076,0.753373108694446,0.525291925202589,0.169717661027331,0.506571188418428,0.724544509600964,0.693103286751779,0.225102172851563,0.0651609636016656,0.09257735835528,0.904391943517141,0.702727256262791,0.312080040001427,0.0953618529144442,0.00817344853829127,0.100250712627661,0.300920099254698,-1.51886836057823,2.95503600745231,NA,NA
850,-0.112298192819889,-0.0990101836227623,0.0848446794372103,0.546273404510835,0.473129353069711,0.178512701651198,0.336590332752559,0.739212000495521,0.728892691797228,0.132531307624537,0.95820456555672,0.325119388817926,0.475372022576164,0.618042211836786,0.838772504187422,0.87500061669026,0.742923615639913,0.391591782234958,0.756899299557204,0.887451514709275,0.586507397445617,0.856620069369092,0.902458453980042,0.777429374387837,0.904903987352853,-0.381043087534534,1.4735898965562,NA,NA
851,3.39189915935981,3.41567478887303,0.166883764421608,3.47399298036089,0.853420670638119,0.812791663192678,0.401800340177957,0.215932758911396,0.995171180543955,0.419203224869212,0.121523564200616,0.0291615873110713,0.112954792320845,0.00890147472079843,0.846166872104281,0.51681123139814,0.363729239316191,0.98852966010361,0.775872451711562,0.797594516940997,0.383432191691129,0.974842411057674,0.196740630554035,0.916193152575055,0.390557348370552,1.80131920224816,5.14666675847362,NA,NA
852,-0.371954987562619,0.3962605211814,0.915725192312478,1.17443374719538,1.23263520377092,0.932016344500356,0.616474227457773,0.100251062281779,0.512490538057289,0.308244361943915,0.790318773155333,0.456710030588554,0.0708715600254946,0.600709945089184,0.897193512137397,0.932890322684892,0.0873628429510863,0.711556828973815,0.0269285680307075,0.971154055278283,0.405941206084797,0.67617386184691,0.231659436826711,0.75902601194859,0.362107475041179,-1.24148685827181,3.59035435266257,NA,NA
853,0.607350346350919,0.600147877363226,0.438909132405866,0.435594441835682,0.733006434965435,0.534900340132182,0.481673142840853,0.312218597312341,0.6786942260582,0.943714442368364,0.635025355766527,0.517229227412376,0.60663541660679,0.390645244428422,0.310106293336721,0.709987485790625,0.547042051981436,0.159682912513381,0.461826831791084,0.0261913689411012,0.301278373900917,0.157149016894284,0.266284509680583,0.691701984112384,0.115957059153821,-1.00107177113267,1.87226065480404,NA,NA
854,0.387140615396112,0.785745918296652,0.999876501947137,1.37184240885187,1.39965674110862,0.377315092620789,0.947393093376188,0.965653003475163,0.899199539306574,0.44984916476754,0.357313726941473,0.301786991162109,0.816641224382329,0.212083198262379,0.00521020998514723,0.295340017487411,0.203932628671057,0.674901577825774,0.1691223045066,0.924148694280419,0.132510377477505,0.298297731179511,0.14483454166376,0.735323836960946,0.214985438232659,-1.37143439443974,4.11511921214347,NA,NA
855,1.95371981712235,3.34358199789804,0.999823466985866,3.04143522951467,1.22125306711407,0.613594149282319,0.929526175714331,0.108423308852827,0.977051525613875,0.906279330064193,0.117561974542914,0.990451892898534,0.605746839353698,0.873523982632207,0.66137469663634,0.193419800378266,0.480013237155857,0.30190266450122,0.419758405583445,0.444779111285112,0.338668373155058,0.707672395649482,0.274064849331393,0.119951591053745,0.793268356927205,0.647823201962017,5.43504725706732,NA,NA
856,-3.69162765718388,-1.8846172360224,0.997862540202604,-2.3139558432608,1.08749253900383,0.146306991404737,0.804729568926967,0.519984336412046,0.730547139364295,0.703277910344652,0.582376507374574,0.294791466739727,0.339014367298456,0.563733115267591,0.0185090510282898,0.722488211684162,0.474295035339543,0.379808455550461,0.992602623937535,0.537377392254886,0.0517834183913656,0.610993049850687,0.305590310728992,0.576956565680681,0.398489671343239,-4.44540205316433,-0.182509633357271,NA,NA
857,1.44223287651035,1.3937100595725,0.999838457867361,2.12469268398421,1.07958489405795,0.829690086303861,0.933964060645667,0.61348403518612,0.143264009410632,0.636075374814798,0.56605841438903,0.0233934833030216,0.840418068672996,0.0636831401265226,0.986690792544745,0.110530187023105,0.250742310389993,0.250566340449499,0.677190813391469,0.585218410095549,0.573069860265008,0.183570207318058,0.715321044474375,0.937188771750196,0.613951755676651,0.00874517337713421,4.24064019459129,NA,NA
858,3.98259910793746,3.97242803874777,0.0502097576388058,2.43193621633154,0.863177055763611,0.580481064215652,0.0790978160811355,0.326292299383436,0.211232531018904,0.929924099124037,0.338301674101269,0.335984976846143,0.0847545095355017,0.179712190072052,0.115641768666217,0.6142727273606,0.99800608458952,0.385195048859576,0.827559654680896,0.0968105902570533,0.540213290667394,0.272981038255617,0.200460270141601,0.346382965326775,0.985090264290222,0.740140274753542,4.12373215790954,NA,NA
859,2.0131086854406,2.15550089772842,0.498064024391429,1.8027763026153,1.08749253900383,0.418305065299617,0.494323178043123,0.846098632422043,0.590018481787411,0.751308238980477,0.0554998805210926,0.0119072607222479,0.530731367926113,0.166037867840729,0.288777998638921,0.501420755048282,0.536113115405198,0.275103708662791,0.142069160109852,0.105501542909304,0.796853530437569,0.927623985961778,0.671719284149352,0.81046301258693,0.0110622006694321,-0.328669907288226,3.93422251251883,NA,NA
860,1.39233992534505,1.69855297594011,0.999954449455917,2.24957991986053,1.39965674110862,0.17918229864107,0.997267337305122,0.258966526907519,0.758238421293208,0.481073097312823,0.37021724272368,0.107611013949383,0.574065074971062,0.662747584033175,0.548320966923726,0.273810291507049,0.583882335233036,0.680181935829925,0.989106953345821,0.115976665964001,0.458318336098222,0.0140002555790124,0.552890832427656,0.148398608752643,0.568611323439865,-0.493696883431075,4.99285672315214,NA,NA
861,3.02797059402321,3.16683372344687,0.085945980474222,2.79510207708562,0.471057046291291,0.845480149168638,0.338206379854935,0.681597683657426,0.250753177155857,0.915990048303152,0.854077352491091,0.143440939270775,0.54719832800678,0.432269613475306,0.237641405621311,0.983984465891263,0.528620591109851,0.847191059303586,0.500167923830915,0.410136509159929,0.190028200914618,0.504443911066046,0.922945096973097,0.973633121142746,0.753793264394393,1.87184723169087,3.71835692248036,NA,NA
862,-2.6685225061525,-0.821188354825228,0.999617186240427,-1.14662043328147,1.14132310678159,0.291172924855142,0.89081328085158,0.917881549849291,0.408837604642962,0.854639588841819,0.155808232310344,0.154869076190866,0.140703896581777,0.621435734844417,0.753860197615926,0.392864768674481,0.610032391817193,0.311864139632788,0.32014688031422,0.37785209720477,0.0305196753196651,0.35302231997496,0.24581450036529,0.921024429053883,0.879089973203605,-3.38357261729674,1.0903317507338,NA,NA
863,1.19022532808163,1.11357709379713,0.996394600983878,2.12426869319204,1.25681324922324,0.764226928267628,0.778511357957963,0.418423414894845,0.0864801605095854,0.671219207991846,0.298744804171263,0.603909930433263,0.623284337983001,0.70573169429088,0.201540372768766,0.932103180938982,0.426342652190244,0.553809395727934,0.44176999212231,0.393599241287913,0.367441897451645,0.883136404657154,0.0727590155147482,0.306088502267259,0.912113969590631,-0.339040010578283,4.58757739696236,NA,NA
864,1.45494066938373,1.40323265307757,0.051267984957237,1.62296510559094,0.585677095453349,0.98512162647082,0.169115131025668,0.717394666504231,0.948247266288265,0.969144911919488,0.311408561015269,0.388137990504387,0.77842249824747,0.592736644799937,0.581661941507598,0.560585149209248,0.813971611199318,0.138864014503779,0.424173908244353,0.507522774393903,0.198254493749235,0.80484516655968,0.544844388159341,0.585448238863959,0.367603723463835,0.475059091932351,2.77087111924953,NA,NA
865,0.415863235487752,0.379555993937072,0.999831351421907,1.73845912375414,1.25681324922324,0.624026472114841,0.93181112963194,0.0541221033460461,0.606526743849972,0.84828330779518,0.147094672499341,0.209669727325439,0.109424562032218,0.559196911319857,0.773204120757175,0.198673808044754,0.207372784798266,0.786098050593166,0.0691936671802541,0.806659011242911,0.23969356987311,0.820891457114834,0.150382446269039,0.631397887314903,0.198036486655939,-0.724849580016183,4.20176782752446,NA,NA
866,-0.225818355212434,-0.161925651631932,0.0622406179744792,-0.683856884699791,0.388045876294379,0.150830286357668,0.283063318509143,0.774330382136046,0.204672586786095,0.856377310750773,0.18351654857432,0.100882665584562,0.625972169930232,0.150374201929546,0.854596174782258,0.393512936128071,0.322759083634592,0.728721228101989,0.428969336415525,0.00129971552197821,0.88911158567504,0.101545211640187,0.580485909266281,0.709035998297273,0.532203703958192,-1.44441282658606,0.0766990571864766,NA,NA
867,-0.534844235208614,-0.0575723654464989,0.99153563527039,-0.534874710843931,1.39965674110862,0.134520512860152,0.735582361539244,0.00968066225829534,0.602688023251598,0.00303493928653188,0.190843506970443,0.584379557703389,0.725852184646996,0.67331735882489,0.69803510556824,0.171726166891982,0.363317635099986,0.270676343617262,0.808250720025389,0.32458975625399,0.0329865954102715,0.979315646473551,0.476001624619588,0.678572930657421,0.697536563766422,-3.27815151413554,2.20840209244767,NA,NA
868,2.48839756151317,2.50010574877586,0.996181241524129,2.8489992979295,1.29644516461767,0.796525141025661,0.775625438723015,0.751015061972663,0.889584855081746,0.790263662974699,0.90680617419607,0.88740277491149,0.787162968556164,0.897746537633357,0.637574579192209,0.576017983098165,0.833003517684527,0.4585391703106,0.486659825355164,0.61344267281238,0.366479972271714,0.82581175169826,0.250528799135238,0.438072416375042,0.983121473171632,0.308013467347777,5.38998512851123,NA,NA
869,1.52482710766408,1.59250511993565,0.403870884463867,1.65096127074593,0.773867186401179,0.530789044730016,0.473923741652048,0.274769685777603,0.420099841638701,0.628104985432583,0.0700524952195119,0.780691649088287,0.896669594837702,0.791565771124093,0.519956051810295,0.268976921922876,0.483499560514465,0.18566608417721,0.693808524513035,0.393334496516385,0.943094774529221,0.529168313463801,0.878158774626441,0.813094195336685,0.291626766651054,0.134209456582272,3.16771308490958,NA,NA
870,3.44143876659167,4.73084224311204,0.990536462949156,2.27082890391927,1.23263520377092,0.61727039733855,0.729950210455921,0.107577003316139,0.410925758047611,0.15044828069536,0.0522934959663544,0.240093132589362,0.586481164596975,0.286263029136928,0.299979959596531,0.118494409063831,0.188481624656124,0.346196516560973,0.826982206033426,0.546291430642479,0.344439126831945,0.482236138554756,0.322737561605405,0.475963442400447,0.280414121406153,-0.145091701547923,4.68674950938646,NA,NA
871,2.19373442937115,3.1168774592024,0.994806273503447,1.92125139303632,0.85435310721902,0.57447584789095,0.760176422530785,0.281366998061421,0.560824164506281,0.464468890594202,0.384402493028087,0.556399370739469,0.742837285023299,0.867501868226449,0.108572159811389,0.365396964240819,0.289878211020725,0.702475260770065,0.897121181475348,0.282826039562933,0.12375433099072,0.805597169441171,0.441069588195416,0.591844767332775,0.533879461568198,0.246750072807149,3.59575271326548,NA,NA
872,2.94681387026268,2.99551168004421,0.0528199599517489,3.21789515437543,0.532611757192583,0.761130468089948,0.209161674600909,0.265983568178723,0.182333542035776,0.312231015281053,0.897864745124476,0.403824276646832,0.561253173291334,0.408344152920647,0.258078411162249,0.191235052690841,0.849433932163869,0.741113860783284,0.218367882627528,0.491293692791485,0.703984294718597,0.390255168730277,0.643498815673869,0.382281173714553,0.243076847232762,2.17399529253537,4.26179501621548,NA,NA
873,-1.39929814233622,-0.903920304166528,0.955079368011525,-1.12489391944374,1.39965674110862,0.367756680651917,0.650156272017164,0.399817579774302,0.358720888540265,0.266112460770411,0.066394278030959,0.233416502353735,0.642772770712618,0.0455706888730638,0.708350676430156,0.818213275222224,0.719311152428505,0.426348666920792,0.579777517549694,0.0449909748947248,0.421724485190003,0.0867635529880645,0.797070039332961,0.853325040803291,0.835489138751756,-3.86817072273534,1.61838288384787,NA,NA
874,1.42636062485166,-0.198544899990475,0.982844654700302,0.48672247341421,1.25681324922324,0.655459170154179,0.699796444089734,0.988112951520365,0.215316451389575,0.683612436301773,0.751991720977356,0.196475220314693,0.359023888114956,0.978650438181707,0.607036273997976,0.453293278702069,0.393993251136388,0.350407506550779,0.115887829378364,0.841174992181826,0.818702695863787,0.975003300059238,0.625880280337878,0.0203547331159934,0.941788501247764,-1.97658623035611,2.95003117718453,NA,NA
875,0.0184474159179631,1.38869787853125,0.975236838870464,1.47576608159784,1.29644516461767,0.943769589604693,0.681034631813644,0.664752666069777,0.633141779525089,0.904221152204671,0.676218370675924,0.522706082328106,0.6936144811298,0.835509958012146,0.270967310717213,0.639449153286056,0.855541336775408,0.516168740929919,0.71326932441839,0.0483522509381874,0.450714079857455,0.847709189523011,0.661391847920022,0.754074622935383,0.942402786702616,-1.06521974898389,4.01675191217956,NA,NA
876,-1.26787819716047,-1.53226708595583,0.243313858926246,-1.14633716866703,0.263969632868477,0.197811858748202,0.431768326076446,0.924456537953461,0.0918202898794552,0.529097445849562,0.950686442350387,0.304619881159859,0.298941394596361,0.189889571135514,0.478079819153529,0.016381797650014,0.848538765570382,0.935917884689639,0.967184459051816,0.668937059668591,0.53502805247088,0.743601785080507,0.0648341009113938,0.699049975725706,0.442831921735196,-1.66370814210151,-0.628966195232556,NA,NA
877,3.53534316815995,3.46516705672879,0.0512167656927843,3.14113984604515,0.585677095453349,0.844170848275535,0.167050795463729,0.652246535984217,0.929934925563866,0.865197116051684,0.0659006254426204,0.576673122603795,0.181906678334228,0.865441302921041,0.246080870664679,0.45989856010431,0.914540957795456,0.913456628363463,0.176323691571597,0.600429345476325,0.914367362494813,0.0558261785247596,0.651979834380909,0.00799763194937259,0.855084914434701,1.99323383238656,4.28904585970374,NA,NA
878,-2.31812588579693,-1.67011672352796,0.98293687603608,-0.251650693369078,1.39965674110862,0.428578300156165,0.700070894999313,0.0688593939074781,0.272231339938007,0.477856186454417,0.74678465948347,0.855134793538484,0.19549401222053,0.461017767235637,0.80510209230578,0.758573566994048,0.663083327896893,0.291905431021005,0.0992491220693337,0.863431052953121,0.55518094864802,0.27228297270718,0.24114814643003,0.311350529987598,0.888379014812177,-2.99492749666068,2.49162610992253,NA,NA
879,0.736116774270841,0.656500345316356,0.0502186289471077,1.50929202451937,0.55571472265377,0.401384372747969,0.0811694443027954,0.466614173846086,0.102332293195883,0.345726164989523,0.684321970428689,0.751255805957248,0.638121367088519,0.767332636229345,0.907471217884216,0.157107016094495,0.217331945859594,0.715158970608725,0.564105285326368,0.438503573580529,0.0238463947990676,0.763156931260601,0.574160869475803,0.409278717022389,0.867884763547336,0.420111182439318,2.59847286659942,NA,NA
880,-2.75742003765797,-1.44653898289806,0.999564011288154,-0.981919971954859,1.39965674110862,0.384320255398634,0.884307093499694,0.473605002195924,0.567731862279237,0.112158757861704,0.0963334927926771,0.235737219999195,0.946461203754647,0.0117368191896239,0.277615928954794,0.852152690843446,0.568598454071209,0.659412313644658,0.0429183381763287,0.368304778332473,0.808949837118736,0.497524113854161,0.346029375628685,0.457422508940333,0.25263906106283,-3.72519677524646,1.76135683133675,NA,NA
881,1.93649222403736,1.94972841925861,0.638802169872833,1.8344296853117,0.784075732910735,0.409780693520443,0.524433221926447,0.338032642598497,0.537115032099537,0.455355376620544,0.558827354221721,0.410588087573531,0.0617481798159424,0.159212659628945,0.00337201209552586,0.774937694376917,0.409326249690843,0.992653802270535,0.488514232783695,0.0500141037845751,0.172826801753021,0.672943951701513,0.923941644489765,0.83268566306401,0.765471745956107,0.297669487654814,3.37118988296859,NA,NA
882,0.307560966732277,1.80335244244805,0.881372325102823,1.6951656723579,1.08749253900383,0.00670256337779574,0.597354396665003,0.190992018698482,0.903709516006755,0.952774827996502,0.770543201258406,0.207549521927838,0.758308727149619,0.18617728676449,0.241195928508183,0.776634042448946,0.68865193273325,0.75209573742596,0.918830941736465,0.3826615320571,0.697623348127003,0.247469763205736,0.176450690423604,0.948318670891807,0.230606144095655,-0.436280537545625,3.82661188226143,NA,NA
883,3.098774285326,3.09207919435468,0.0502121983306146,3.29447567676653,0.851869716613215,0.53626665704383,0.0796763743574265,0.967087968940032,0.377097395876655,0.58425392084429,0.273943995562615,0.0420219933184562,0.318775018129149,0.932857469289913,0.725973814982921,0.985913206259138,0.672048006367171,0.959784535996849,0.448762571333675,0.567056261242134,0.265321398773231,0.0844836953332415,0.720179494718905,0.413999652914237,0.721838366939337,1.62484171268429,4.96410964084877,NA,NA
884,3.76699876665997,2.17584113319401,0.9992557773038,3.19292444414705,1.29644516461767,0.737276669240207,0.857554662567913,0.738116839609458,0.913913321494707,0.72836167749553,0.820375451912056,0.256876900988631,0.226632871916401,0.634686372989207,0.570721052380046,0.11576533096272,0.0593757716018008,0.426785292558721,0.877842399759335,0.521030955470516,0.447758338108659,0.309309045469388,0.831988135876483,0.861516896756482,0.638858712411602,0.651938613565324,5.73391027472877,NA,NA
885,3.33665474405861,3.55137029495999,0.644623406092595,2.95498605826485,0.53707854733559,0.90362637144106,0.525737510956009,0.378696833117283,0.308989655717392,0.0961806021748343,0.194232345698285,0.351032963377307,0.0258797323902836,0.134431056017173,0.10745696644159,0.626409543978283,0.260367581397411,0.163815521826386,0.446947227498982,0.0158844451891491,0.460379749318701,0.501220768329455,0.264032961323042,0.8673468589189,0.358422342008213,1.902331448618,4.0076406679117,NA,NA
886,0.866551884536726,0.737722428128524,0.272182193345168,-0.109575709181727,0.502646347146875,0.50183002784336,0.440672349237138,0.317885690420284,0.712729640165926,0.678049384218291,0.53779445318575,0.920777802880388,0.783988366576261,0.027118747812463,0.0955777099167462,0.689833066223655,0.486430550408666,0.411374543970684,0.931788791337167,0.634012782295235,0.549385911688092,0.386151627899962,0.254485498594702,0.714168023190228,0.323741923065856,-1.09474444655022,0.875593028186765,NA,NA
887,-0.91498862325436,0.756039958129399,0.938604804279965,0.523348262500704,1.23263520377092,0.838807107847882,0.633616050528479,0.111252850099932,0.0935870374428341,0.256949378412217,0.68145908299461,0.956567917146138,0.57681333977147,0.342568270897493,0.364789650133345,0.25986676104553,0.0738131963250926,0.265670169442543,0.259980751890922,0.0371884827283211,0.0421648650226416,0.620176648619468,0.927493274365435,0.590031680403277,0.370808207457303,-1.89257234296649,2.93926886796789,NA,NA
888,-0.354213479779399,-0.027828159895727,0.61039512152959,-1.25655803053348,0.908190918678691,0.48699716579786,0.518175450782874,0.472873798637069,0.786666210267926,0.175720282524708,0.681959231831483,0.194139746761415,0.721588211833732,0.965788964837557,0.432452291404945,0.552245632088627,0.501189433137537,0.995208187471493,0.0848863558807643,0.213341266777716,0.756410269976128,0.885587822376285,0.374409319723723,0.679591306323186,0.111917595444364,-3.03657952223006,0.523463461163102,NA,NA
889,-0.623693249034595,-0.683055164705962,0.0512636883276498,-0.642636842742007,0.879333266950431,0.209520376900211,0.168945189411868,0.43786810800794,0.662033313912689,0.168177018550574,0.0578825153374346,0.922227370047709,0.0164412934703287,0.952575376715395,0.578619442097843,0.801249365399941,0.894972429223591,0.908934645672212,0.220481597444508,0.486422842270578,0.438553858073545,0.957278647081344,0.314590192500036,0.909403600418707,0.139832063919865,-2.3660983763728,1.08082469088878,NA,NA
890,0.452978338189701,1.73589332053268,0.988451417443128,1.29666119815378,1.08749253900383,0.153998155323672,0.719883419071091,0.213760905727511,0.658778286926448,0.549887921893853,0.692935647999053,0.392637489155168,0.452034259453765,0.804021433068439,0.280761187707307,0.213490119021502,0.631653659555246,0.146654371895012,0.834819487113156,0.0106631699517602,0.883011979615898,0.409514759253361,0.618193703546538,0.13273731168895,0.255338292204775,-0.834785011749743,3.42810740805731,NA,NA
891,1.31570351722046,0.648652524819132,0.729997897131377,0.815836955698446,1.08749253900383,0.427869445561431,0.546182997917058,0.90208762909309,0.640186689215829,0.80413746039453,0.0758003661683761,0.331002811763552,0.400112067158218,0.730057592091733,0.755508854437154,0.226283581634751,0.716811318561668,0.224870296850102,0.166660883539822,0.902595927414135,0.0109225735798245,0.756449723281781,0.446646063235938,0.0340676222116454,0.757397434911807,-1.31560925420508,2.94728316560197,NA,NA
892,0.144699288756806,0.1503680038215,0.0543175465618161,0.851931408686405,0.747167106897435,0.633182870776276,0.230539023780846,0.737733206577366,0.399226825478254,0.52410790075059,0.648779255412053,0.49184168677323,0.801303827719763,0.356988004999468,0.734299326380133,0.6531240459322,0.213215957240551,0.333200270834262,0.673883625592687,0.913482500214595,0.957806387810735,0.210473525066627,0.786829045255436,0.332663903121953,0.241438515806221,-0.612489211265556,2.31635202863837,NA,NA
893,-1.15358144233391,-1.11904179213119,0.998541029105712,-0.471293427215998,1.08749253900383,0.0174786320161074,0.823859686250682,0.56391494732874,0.84308836376667,0.710872508366476,0.667893259662902,0.681684610843193,0.508472762708436,0.935424287176342,0.933139445176115,0.386131997530116,0.799933239475358,0.575550231890636,0.940378502162755,0.387110579349217,0.220380393176456,0.525617054941016,0.372379218276241,0.218615689318976,0.622501396144391,-2.60273963711953,1.66015278268753,NA,NA
894,-0.0685048783043474,0.274252066999997,0.189161219917787,0.377337806662553,0.340525183998835,0.433576716528158,0.411878193685086,0.732760755852214,0.862048550748732,0.533957953307196,0.757157467395067,0.057651155459811,0.989121554890648,0.697939894449199,0.0889939530580305,0.982100540375221,0.202023530582665,0.949329742013244,0.718238288992783,0.181369032615563,0.817602900250815,0.168735124686849,0.0539958850695984,0.521732835563133,0.902102274818113,-0.29007928980404,1.04475490312914,NA,NA
895,0.187309253102049,0.212097269712125,0.12617831053504,0.473643812470172,0.449739886193517,0.429663818221306,0.378010022265837,0.794492015562137,0.505820496629458,0.392460772144608,0.0827341625153786,0.383308445076807,0.37828248876147,0.956472736026277,0.643417106388835,0.604340883463156,0.237874906184152,0.295441668101004,0.120916441343958,0.842289996329579,0.072515325171873,0.564871779247769,0.760834978400031,0.82212409795518,0.35145650088042,-0.407830166880264,1.35511779182061,NA,NA
896,3.98185670853315,4.00873718564826,0.131414973716367,3.35155797993408,0.774043558803716,0.697072358897305,0.381634686366888,0.142626602333272,0.0565625720074167,0.0483073173856828,0.529208995845285,0.065984994179802,0.666704823804437,0.977876541531179,0.0157011554931523,0.140521738066804,0.0704107069015736,0.870551056557684,0.24743087249028,0.553391001493437,0.793827953186119,0.92586314450053,0.132047614073264,0.524206860592938,0.710601512544206,1.83446048221359,4.86865547765458,NA,NA
897,0.559375434325398,1.5604358342828,0.904990125396628,2.14455273893478,1.08749253900383,0.129065588435275,0.609855454511708,0.780273085040739,0.713740148606012,0.787626718970481,0.239556237344863,0.798901683174656,0.43967294622981,0.71777457581542,0.793450879163691,0.260016262382152,0.801411694917944,0.615474486774532,0.492286268789438,0.654439375326503,0.528428389794542,0.861013804468093,0.0368938386114314,0.939684420956182,0.142312110145227,0.013106529031254,4.27599894883831,NA,NA
898,2.56267903434067,2.54973079449859,0.0500654528603646,1.92979191072822,0.473129353069711,0.49383991703717,0.0208590915497625,0.976543740819092,0.638390279108542,0.373776754936203,0.844603365748888,0.971445082951104,0.869060350409127,0.532661440967815,0.137084966034978,0.197175410430063,0.280555585522554,0.33417434348003,0.348799322113045,0.138001551945577,0.156130110215978,0.61772307798441,0.958483371578739,0.443917715302901,0.9493449649096,1.00247541868285,2.85710840277359,NA,NA
899,-2.3343582545418,-1.48054096501721,0.994958879641093,-1.76111950579788,1.08749253900383,0.3025967090138,0.7616756531063,0.900338477058336,0.856585343372426,0.89342978994851,0.0283780896004755,0.930804965013871,0.469595056221238,0.923842555776238,0.849741768940003,0.826693416075432,0.243740276389639,0.207075039745192,0.386051352673327,0.142826243437012,0.382340853284462,0.508482111276127,0.0853758900576504,0.0692010001471499,0.200009615960531,-3.89256571570141,0.370326704105648,NA,NA
900,-0.921406817967113,-0.946699042596952,0.0515191502188591,-0.750791844441178,0.456786674230267,0.0530716227480443,0.178164475640748,0.0842584515684284,0.644280344224651,0.057221059907577,0.586947284047143,0.173895775127108,0.167206872693845,0.286651387997321,0.606396730924956,0.938279153225594,0.031726633141865,0.455644979180885,0.357684796203044,0.00640741731913295,0.379876833004411,0.102455075503443,0.363890407547704,0.317854715004214,0.955318136448856,-1.64607727455033,0.144493585667975,NA,NA
901,3.6545538734294,2.32234720406377,0.995879105513601,0.479306704382298,1.08749253900383,0.222068438071874,0.771802225864958,0.364783188477973,0.57622242239886,0.559910178792546,0.0617668405770091,0.234993868785677,0.408454509250703,0.649331607528264,0.25298701569892,0.16840795999649,0.488024999724235,0.237213328095037,0.618679431401892,0.347335926207248,0.0122797690839507,0.179531990377582,0.381936378610902,0.0304765497408807,0.981907908016467,-1.65213950552123,2.61075291428582,NA,NA
902,2.71416137580372,2.19603882214553,0.998204585129058,1.08286945302888,1.39965674110862,0.333677733637742,0.813466708248132,0.890369917504024,0.437946413170313,0.165169605137547,0.115761490671779,0.253475321988692,0.779178332771291,0.0399765587972943,0.525399879637756,0.0267875919718062,0.982300370910787,0.84478523445467,0.160732951741898,0.154283193086856,0.461585229080054,0.492394156632712,0.279180371890543,0.968660411597462,0.184016844642465,-1.66040735026273,3.82614625632049,NA,NA
903,-1.06672219226886,0.710752612806278,0.945102886219074,0.74289722005001,1.29644516461767,0.897920995005057,0.639573894675006,0.665412085337099,0.887422378700459,0.425057740165386,0.458259306014865,0.119413548919023,0.578032341179671,0.196435468583368,0.362643636666355,0.451214310194016,0.239772760022082,0.645206562615582,0.867996283860644,0.911391772407456,0.79878788488172,0.723303280953783,0.546471505772555,0.881631234293804,0.849241081267479,-1.79808861053172,3.28388305063174,NA,NA
904,0.22277579770036,0.326737466000252,0.0597357831571065,0.40314825391334,0.85435310721902,0.749927544424194,0.271482358282199,0.826626825616462,0.527425529794535,0.405027512763278,0.206402232349967,0.376606360688922,0.513927984229988,0.357631682650768,0.393709961252869,0.47119000846229,0.908799845740432,0.604619601024082,0.147937190756667,0.750273249043617,0.0918333142736228,0.709981626323773,0.0631641203403706,0.133807638427708,0.337757745658164,-1.27135306631583,2.07764957414251,NA,NA
905,5.76259246653312,3.21509034347867,0.995229233176303,2.74710528404202,1.29644516461767,0.528228709593066,0.76444602106011,0.699618218732299,0.949968851087266,0.877448882606346,0.371633551183622,0.413030380903394,0.228148834177991,0.0068966922723921,0.710818415998714,0.24716338982142,0.232097490420798,0.671215457194019,0.79775202707178,0.39683314810833,0.25093705689034,0.333664378228365,0.239350522255874,0.948790145098697,0.727357570874388,0.206119453460294,5.28809111462374,NA,NA
906,3.07752554829925,3.04580461596592,0.0501529074883584,2.95390410661925,0.442488341424527,0.866694287524442,0.0632888395946938,0.713354957720381,0.305254242180148,0.817704711928847,0.766365677634021,0.524201423432212,0.924014984223992,0.725732215347467,0.665307541323826,0.228783191004419,0.224708733215113,0.109043686175719,0.862107981858775,0.901026269488502,0.314727371378918,0.692723944702535,0.51105368691613,0.702760640776949,0.49544993879681,2.08664289384831,3.82116531939018,NA,NA
907,-0.0952242936430563,-0.356606366206447,0.999603356675671,-0.60360028428259,1.39965674110862,0.4801996933216,0.889038110381342,0.0644183999038069,0.220736281731748,0.298581731260871,0.291441595472512,0.941648190904409,0.335844330724445,0.77821334462706,0.20972329264984,0.199278491643956,0.865759597318596,0.210932515256689,0.863196696446161,0.611616866483469,0.867594047663733,0.962684794428758,0.881149880692596,0.264571614235174,0.266838636976667,-3.3468770875742,2.13967651900902,NA,NA
908,-0.862912546201993,-0.755039681533213,0.418270718800068,-0.814770811500732,0.340525183998835,0.173981654492673,0.477140656484407,0.0140910385763273,0.707009536862839,0.751720422571176,0.820966345026623,0.276531726215151,0.939565643385053,0.227530759801855,0.473403932422982,0.850771628092392,0.489468138026539,0.0766818053323077,0.540994194747531,0.439120002129348,0.968943111467059,0.328973608421627,0.334975565741654,0.761350123298587,0.029193605647306,-1.48218790796732,-0.14735371503414,NA,NA
909,1.94616643199409,1.83251330926928,0.196385145422207,1.75757728201639,0.835179440525,0.914564632581547,0.414856050643721,0.416593994110008,0.453609251873801,0.80775696336315,0.891372763782274,0.0120305309977848,0.996949562516529,0.74216488456761,0.831604989303392,0.704122718980536,0.230984396025422,0.840575600519543,0.185734857362229,0.276075326697086,0.530855532038957,0.31922995677928,0.0407004104249645,0.36995872817724,0.465836430688156,0.120655657959074,3.3944989060737,NA,NA
910,0.842487263644985,0.723150318365064,0.0503948000497949,0.583541408198091,0.774936339125033,0.0579076663595624,0.110728891774314,0.447286095004296,0.679165155384922,0.262242659367505,0.772132936405367,0.969046409047907,0.680423917333246,0.925972603472997,0.860409568737261,0.337251298635616,0.511207659575739,0.651473964964505,0.674647894388414,0.303472930839052,0.524835963684367,0.156375576106017,0.744442457817728,0.122292917648912,0.490396476981114,-0.93530590679829,2.10238872319447,NA,NA
911,1.99406199722165,0.675725887199516,0.990395728090509,1.13706489719662,1.25681324922324,0.638530561954947,0.729204639196862,0.759008897262858,0.491632928822306,0.733448576143943,0.868207386823138,0.372020379979513,0.765215792329865,0.435498793911771,0.645769928661641,0.209173822207376,0.323282762640738,0.440858312984114,0.784133951352094,0.30727383048425,0.00503600782901049,0.373360318568884,0.628504376630997,0.341113422325812,0.307327569326852,-1.3262438065737,3.60037360096695,NA,NA
912,0.755377924957194,0.204504268617166,0.885776395109741,-0.190036609814856,1.22125306711407,0.942557004400529,0.599510156683391,0.387889418662409,0.704391627600533,0.257798219195218,0.316392604655237,0.721267722787918,0.303088037607726,0.15364828351594,0.188430190964253,0.2051448890022,0.150097709910944,0.735788318465347,0.680307599512395,0.0666349358255975,0.613116355809267,0.847333449818427,0.172268554011593,0.885115616249153,0.389235683692619,-2.58364863736751,2.2035754177378,NA,NA
913,2.62983028406231,2.58300183469183,0.387087971943027,1.70904901303666,1.29644516461767,0.861831706345314,0.47010612627503,0.938350762331043,0.658439971958753,0.354765222141054,0.508668654575478,0.699966137974523,0.844812735164654,0.0795806747120805,0.648959177906392,0.262613222542568,0.593665070206975,0.424259481332148,0.208556661835406,0.405482759228093,0.684560335294926,0.653595534476684,0.566535741165047,0.829263014792232,0.858329011874855,-0.831936817545062,4.25003484361839,NA,NA
914,2.14178767675252,2.12755563778174,0.0500752051881768,1.66971012370978,0.55571472265377,0.237347170298919,0.027804106160067,0.373385976890102,0.158584459230304,0.0685205510243541,0.521252338490565,0.498094300031196,0.510333520924207,0.334326168280328,0.622431973433471,0.0369635361995315,0.0396792661922518,0.47675395767088,0.225178562950925,0.239016911015147,0.673088076454238,0.171061751220608,0.910482520902413,0.682365063713165,0.13291691152635,0.580529281629729,2.75889096578984,NA,NA
915,-0.721063262230251,0.638458064169665,0.99982995045536,0.42937179302801,1.07958489405795,0.730517067605513,0.931397420719266,0.308425093040918,0.400404109145049,0.397370882295305,0.611891536924988,0.250273570645018,0.212606226583826,0.370882867665612,0.532583827097667,0.307894863800961,0.812194518632838,0.0045939149208134,0.313857427745825,0.423983603792964,0.293476552106906,0.237656640891801,0.122726733091869,0.37020232836518,0.330692035985296,-1.68657571757907,2.54531930363509,NA,NA
916,3.80491537886303,3.32355930289332,0.990830115348979,2.51511579933643,1.23263520377092,0.99956432602834,0.7315418939878,0.79791916864377,0.389935562735074,0.0704920922033489,0.334579679380869,0.181514317462104,0.607444983799942,0.170154269401683,0.293285818150267,0.268088615994551,0.733982814333984,0.44012294191774,0.996014636767446,0.231215772437514,0.0511028499755776,0.00743926961033139,0.396118128927075,0.0729359315880574,0.116277579675312,0.0991951938692388,4.93103640480362,NA,NA
917,-2.17085232166798,-1.85687444963519,0.999601931821606,-1.86791699148198,1.08749253900383,0.298379455312621,0.888858743175864,0.102938135309727,0.574097433857154,0.705089290334959,0.0447877449285006,0.17982142844121,0.449593721678015,0.316681005119812,0.54892894820997,0.906173573205713,0.29168667689804,0.288234479709296,0.969672351251589,0.174016063540126,0.785426701331744,0.112791888889275,0.32551228812593,0.864547592928284,0.886249207085697,-3.99936320138551,0.263529218421548,NA,NA
918,1.97005405003015,2.26524338261072,0.175859072591629,1.73155444684162,0.502646347146875,0.397087206451572,0.406041063290322,0.816294734888244,0.301673451739829,0.570001967830234,0.200584939897875,0.00962595279724337,0.367097461406025,0.0885911097747739,0.442317728913506,0.729225186130847,0.418878139039152,0.451413081669481,0.124002451612963,0.829484135108069,0.578378072951105,0.689420146652614,0.910854961032164,0.0102852474289248,0.544812247605762,0.746385709473132,2.71672318421011,NA,NA
919,5.73077156825634,3.82345292281355,0.996093196246579,3.7525321623818,1.23263520377092,0.767299988886458,0.774481074749259,0.407500228646328,0.511405564560671,0.057837103321217,0.651029210835695,0.0670991123606218,0.549698171289288,0.28465407727717,0.669291420048918,0.98340890218108,0.915437233727193,0.253060908767162,0.977152269169455,0.00308559505874291,0.765456021732651,0.0798282927215332,0.699103219420998,0.145903576026321,0.915603463840904,1.33661155691461,6.16845276784899,NA,NA
920,-1.83518600901615,-1.20305167509727,0.999868954314492,-1.25649925368794,1.08749253900383,0.383441198732122,0.944426665224833,0.48697099041543,0.794903607001062,0.54708279832534,0.843102682402357,0.311728626105003,0.0987353579845512,0.209854111692868,0.720006001282949,0.280497132931836,0.106388473560684,0.33187904349633,0.496101088425959,0.485507177663967,0.333597423569066,0.093237979761092,0.955424394623842,0.955937705530436,0.469777886793017,-3.38794546359147,0.874946956215585,NA,NA
921,-0.0455434595028537,-0.0413238926473061,0.0501760314230177,0.362319535845864,0.742034127304244,0.426779227430001,0.0703315284401178,0.125122256301576,0.240689069877728,0.698152470976114,0.408885028854129,0.518748912518262,0.380977764908806,0.23955969760532,0.694660823250771,0.699429992583464,0.707162034182809,0.938621563880239,0.368366983507527,0.923216168461018,0.202649838346639,0.442293072871631,0.332863985276315,0.866839035585057,0.938561236513429,-1.09204062897006,1.81667970066179,NA,NA
922,1.86462788050128,1.91262295336,0.0690261736305225,1.65546891301877,0.698302776211744,0.658510787520325,0.305479221364018,0.263886438515852,0.103740664812271,0.0493828461002558,0.390576580989989,0.471553014775389,0.170852550013922,0.568088727914728,0.799576976114884,0.737706665386911,0.302971434837556,0.899576332254102,0.263787134062033,0.0998629240846494,0.728024901896715,0.897990361319389,0.837941280242405,0.226821191760246,0.901758870816324,0.286820621339416,3.02411720469812,NA,NA
923,1.66105758001215,1.6164249034558,0.0515855303048123,2.05379917262627,0.423508839297278,0.589744706715457,0.180306365875527,0.653848314710893,0.171395470563904,0.956884383294964,0.436221299613244,0.730237638355,0.285217894554953,0.761051780159003,0.901306283404818,0.34592839079781,0.689794115427183,0.374550629890407,0.815376595240319,0.763356798485736,0.61657060827571,0.0208708023738582,0.599725601013866,0.11625498063094,0.29817906250339,1.22373710046925,2.8838612447833,NA,NA
924,1.63764609042327,1.40324216305791,0.256803291945402,1.17444330094493,0.810216283066342,0.77372295048798,0.436040365146822,0.0714331985273166,0.686733267259086,0.315207000789698,0.0585463433361147,0.268267558786902,0.341451832169201,0.806103817482246,0.627208589426707,0.136351042922353,0.958473741444876,0.084510826440528,0.770440238061012,0.0936824595441576,0.239468702496728,0.675369293231866,0.985718004173017,0.331595120132202,0.633526839151396,-0.413551433553013,2.76243803544287,NA,NA
925,0.306968395315027,0.377340560458918,0.170901849921355,0.478334161769151,0.585677095453349,0.849019761041389,0.403732025743811,0.636423332082923,0.708868363381829,0.75299899927259,0.61936971418187,0.0614272959389491,0.262113898364245,0.898180550731835,0.12300794802059,0.215704501919099,0.100611663103336,0.946084714293131,0.637214692868525,0.302144177973038,0.211726813381421,0.914542266830453,0.408143131053308,0.29029338394443,0.530250213002204,-0.66957185188944,1.62624017542774,NA,NA
926,-1.5252000868435,-2.12483460195034,0.999777732512862,-1.28246408067196,1.39965674110862,0.187663503874675,0.918005085841985,0.549069599257084,0.859281379188295,0.29275458980992,0.75243292417936,0.482342144083348,0.660356811545556,0.855824716647505,0.0891084746179404,0.881185524445376,0.353026752977632,0.223333971600747,0.270146839322755,0.392950333523448,0.965962227874436,0.389607599589159,0.480714173809858,0.814975871185656,0.249176866689697,-4.02574088396356,1.46081272261965,NA,NA
927,-1.52711303851001,-1.57555998550176,0.409533052612939,-0.440943186554612,0.473129353069711,0.430631225761725,0.47519462266576,0.585651590579655,0.937162847286672,0.390186350658769,0.249750465205172,0.867897450576304,0.883383506747894,0.707617126658675,0.982083140481263,0.525033417236875,0.578078225976671,0.142305172254797,0.145682342376444,0.591784807143849,0.498463271649205,0.665472910076729,0.24480753284879,0.766383265968179,0.6475674668547,-1.36825967859998,0.486373305490757,NA,NA
928,-1.48275285005788,0.132274179105828,0.999646948107469,0.24253680235294,1.07958489405795,0.95167785954359,0.89486152552336,0.972771722134901,0.0661339483542834,0.578080929166987,0.0357896919923369,0.195706618208089,0.0977929499521852,0.149258917571511,0.289022880462231,0.867979593033437,0.32215471626271,0.259854128165985,0.995125989477034,0.587906712216092,0.375662223864347,0.910227230707416,0.1071050205098,0.791279193600873,0.521839324926725,-1.87341070825414,2.35848431296002,NA,NA
929,1.25751643102412,1.57256892268077,0.182307526080812,1.59516846321928,0.456786674230267,0.25862226768909,0.408932131940848,0.124050047529279,0.667705453022616,0.379435393296531,0.596722546162317,0.508780265555717,0.779982095312909,0.553996404444217,0.183808608969324,0.543709429747192,0.577573513985728,0.629083418647642,0.897987624792498,0.504835899012629,0.209723191449535,0.283781356393825,0.745865951924934,0.332107363659423,0.109951903563575,0.699883033110124,2.49045389332843,NA,NA
930,2.91024601333871,3.27531700542669,0.999943503005347,3.95113024705781,1.23263520377092,0.640361532826792,0.986498517326661,0.339716862054309,0.618987804215634,0.0236864430976566,0.83719392722426,0.278330186959589,0.219673222028534,0.870086589869345,0.85081538723188,0.858799534036312,0.917504763908335,0.834187796442304,0.68639709375205,0.382302626425866,0.263896786734578,0.242603530521039,0.906019390795846,0.99431837609387,0.717825154504506,1.53520964159063,6.367050852525,NA,NA
931,-0.935875042921185,-0.92943786228857,0.0593707913054076,-1.09751880012579,0.388045876294379,0.240250802530441,0.269552426067414,0.364055259078275,0.287150159408571,0.662054229774629,0.42563248454954,0.0476941823981469,0.677423731356044,0.0380704116825946,0.358372420132859,0.10560712751653,0.625699320998276,0.0218494404101511,0.647056964545394,0.163970609155251,0.655289427021751,0.0785677379849367,0.820354047540925,0.110421554035507,0.11762880666065,-1.85807474201206,-0.336962858239524,NA,NA
932,3.16548576213901,3.34266762954205,0.369349812520272,1.9879343750837,1.29644516461767,0.967202272254392,0.465976788106374,0.662045749157784,0.74256277358823,0.417537215394783,0.753792612106306,0.65239391785115,0.954179625540506,0.468956294525997,0.198869540823856,0.00594434420205653,0.734667765697581,0.709368377949693,0.374127714340691,0.501732929990045,0.0315557937736157,0.84335952246387,0.447779737454839,0.718417617994477,0.653865239290986,-0.55305145549803,4.52892020566542,NA,NA
933,2.21614392335479,2.17394803733728,0.0512305532491347,1.91120153543302,0.456786674230267,0.17234808387456,0.167614901928348,0.15194693112548,0.687739047129406,0.350826997725409,0.466800294551766,0.563525091544376,0.579403939260985,0.397887422527303,0.812180200709263,0.193569841254153,0.091278053355054,0.24727192251524,0.899966643968015,0.0421992654973874,0.119345549096004,0.331614387973212,0.655463944797288,0.668653009123052,0.161266656351043,1.01591610532387,2.80648696554217,NA,NA
934,-1.53251709371413,-1.93078575398275,0.894432817989251,0.0427948667817366,0.786490261967677,0.39057907146262,0.60396588170575,0.698314617137075,0.682652773350594,0.562503961424925,0.229063660875778,0.307205817374168,0.0186384911529021,0.873326397875906,0.778887029375299,0.897256301358691,0.336441305239918,0.464976939268294,0.228116145931184,0.546844119909569,0.98211650694639,0.817493162529077,0.742956791077158,0.936830224875594,0.874806687312317,-1.49869772086638,1.58428745442986,NA,NA
935,-0.758126833016805,0.0042555596421272,0.814980699487564,0.484369275350107,0.55571472265377,0.145770632716594,0.570969522867468,0.913343850372708,0.260857722581364,0.16767242155259,0.58839716625656,0.430134613071219,0.971772059245384,0.5129936780188,0.371593791882973,0.690119358135154,0.579599765508669,0.559313111503492,0.211061797937378,0.808386653868365,0.821858761600801,0.535213471721509,0.867460801537614,0.913590181992622,0.234739432956325,-0.604811566729946,1.57355011743016,NA,NA
936,0.93210160697572,2.57744890118448,0.998776297857662,2.91750897780001,1.07958489405795,0.978595670097275,0.832664612001972,0.0898473553258227,0.275140842611552,0.58296749392082,0.748435226675239,0.153299191509257,0.481516483105719,0.11487369952118,0.425822498710128,0.629714210557402,0.81186091528018,0.0477113708700053,0.225859290865017,0.724914946805104,0.566395903267083,0.73517587372777,0.500596999764326,0.607292661908781,0.724193936880212,0.801561467192934,5.03345648840709,NA,NA
937,0.949467484255729,0.995223314210476,0.0507530862471614,1.83007526407459,0.785696429331362,0.689588287110673,0.143037776623154,0.02143072432396,0.801118486922118,0.888332068111398,0.602024441616493,0.558546335803811,0.588490302338265,0.456753053156077,0.346414689939003,0.573186710353591,0.642758980919723,0.95698492956988,0.169748268685769,0.582383678323822,0.852536893500714,0.717150525474339,0.018948528545443,0.612940409689676,0.980408744754968,0.290138559803402,3.37001196834578,NA,NA
938,2.20487963695388,2.00157571372223,0.172232810568314,1.36650498692669,0.51700110328822,0.387780196764739,0.404359778347774,0.677097406767658,0.269623976563453,0.111150465378305,0.281957219606382,0.598464292172925,0.391934805167257,0.677551835477352,0.830945357615128,0.966379912441364,0.919657828940311,0.602431408465956,0.594046359914355,0.0444422099384246,0.105037930825027,0.140244017150486,0.272320222416194,0.100514746132307,0.45639459329925,0.353201444514305,2.37980852933907,NA,NA
939,-1.79229547910345,-1.69515504268732,0.0620298799465661,-1.87935584180058,0.715438739745694,0.180472372411168,0.282183772844379,0.417978516666451,0.783208002826199,0.118046092719072,0.54352802920714,0.228151780150481,0.913392635060707,0.10850162505894,0.324044605559437,0.140368881649221,0.613881855256739,0.323807257662178,0.260552051690756,0.152538845453062,0.994378229679074,0.936234251979389,0.897313351594261,0.343916459281696,0.913542611390236,-3.28159000484686,-0.477121678754295,NA,NA
940,0.697907310548701,0.716585783807171,0.0657503385088479,1.92104794726797,0.55571472265377,0.344895142490161,0.29585590758163,0.960067088932148,0.351841820054571,0.492117842933512,0.966191931387642,0.979676888761925,0.748013502476388,0.61131234698568,0.0937694253124064,0.825597025998519,0.251976384515758,0.979975622278522,0.824041695694672,0.535883844280499,0.372276381605421,0.344843898793799,0.598107014538255,0.116577886716579,0.446732905542129,0.831867105187915,3.01022878934802,NA,NA
941,0.602552587471871,0.616020932981452,0.072659496362267,0.360369510495573,0.502646347146875,0.148129166190512,0.314412910677143,0.653168090471649,0.96805370158283,0.52535020282364,0.200452583097038,0.554273427195847,0.768610263617127,0.918834392219898,0.463498334529111,0.906572652666015,0.45312814765668,0.283479761584662,0.0850779609860619,0.245388246482005,0.423308301685145,0.951301143713412,0.167257483309833,0.402897924294812,0.885141849902691,-0.624799226872919,1.34553824786406,NA,NA
942,2.27071447192483,1.97619430871347,0.99254999713189,1.65170402818838,1.39965674110862,0.329295082620229,0.742018727394869,0.9413590961023,0.577902207414387,0.402573414721293,0.720707890556194,0.311017934885924,0.319059074106743,0.229821392333135,0.695624602367287,0.97987057098106,0.0780644144174876,0.222383410116658,0.610023911723751,0.418019271757686,0.630731039933627,0.635674001505482,0.839255947225378,0.232956314179697,0.11100177838665,-1.09157277510323,4.39498083147998,NA,NA
943,0.663800367667808,0.732156129180325,0.0505449051130412,0.686111904080095,0.585677095453349,0.904578276175773,0.126848408015445,0.779124605590361,0.93111920061172,0.335382524971734,0.745717361533665,0.868768253972288,0.62534654300916,0.19850225844339,0.00207917502091732,0.413244393371744,0.133004676126177,0.943168020200799,0.0483956833946286,0.82563896358991,0.194935550672584,0.72274568547355,0.832792262140079,0.690490362988669,0.515041651057662,-0.461794109578496,1.83401791773869,NA,NA
944,0.108886957092408,-0.380231667879646,0.997207717028349,-0.133626405698936,1.14132310678159,0.0102217037719674,0.791332944032736,0.596845332189696,0.549150975912693,0.772147024335572,0.12687889894261,0.282356602695305,0.745341592371464,0.230776630545384,0.162988723347546,0.569235424899147,0.883248141839169,0.701834107964882,0.261660978305736,0.0218563674442703,0.592270533156581,0.561048976426013,0.0243492115972331,0.541033264152473,0.660745412498363,-2.37057858971421,2.10332577831634,NA,NA
945,4.07200399060805,2.58685433176947,0.999346541066575,3.25727614054807,1.22125306711407,0.733054435695638,0.864062474263599,0.0476278644640697,0.738124249261571,0.318905577020021,0.508038576337742,0.336840778743615,0.561954483642476,0.18432175156998,0.889847307876218,0.224385850172606,0.839219125496806,0.727832768256892,0.139684690629714,0.589469909727224,0.341212192445528,0.0394443775871769,0.433156279823394,0.877496624901891,0.899419530414161,0.863664112995416,5.65088816810072,NA,NA
946,3.36351884578661,2.99517805302609,0.994668305572587,2.67495229109981,1.29644516461767,0.889913089870359,0.758858238749905,0.612526865960564,0.776051143277204,0.596213084504474,0.119212352246977,0.604168726089876,0.241870850931038,0.841634303921252,0.701510659351479,0.290882690835046,0.595569763633306,0.54223029298021,0.945415756545728,0.480771748917177,0.749953808587394,0.24878715354309,0.624003650482278,0.346905108531122,0.00329982562828809,0.133966460518083,5.21593812168153,NA,NA
947,1.01353183185452,0.984527835216257,0.0695926511013608,1.10017460084313,0.55571472265377,0.295485081920982,0.30697660261509,0.291403074120055,0.134950064115459,0.184510142886196,0.664105268867454,0.669793220532476,0.692265722796321,0.296944280555239,0.0530945304329507,0.669386251728633,0.235657088288805,0.73338384532358,0.204334798391908,0.43621797462937,0.700002386890934,0.472531123387627,0.0461393896687077,0.237982789161615,0.271035793667193,0.0109937587630722,2.18935544292318,NA,NA
948,3.01256746595199,2.79359324816157,0.999732372789153,2.48224541284957,1.23263520377092,0.698787251751288,0.908717025158461,0.922015796919586,0.534125309652067,0.248778439568356,0.154339387498098,0.429896688267123,0.797408328930615,0.779201320751919,0.967471947086276,0.769306881355122,0.10869466048968,0.349206312340684,0.00922507325699553,0.577785687097232,0.804420297990786,0.235593962181825,0.156458487937925,0.623969818857149,0.866012658353429,0.0663248073823803,4.89816601831676,NA,NA
949,2.34866404843559,2.47210477988635,0.998601694458634,2.39842920668971,1.25681324922324,0.954532278393744,0.825986391186365,0.379216394413612,0.544540110502276,0.821903717276407,0.4109780242251,0.28964632666856,0.321310610060114,0.833605191560579,0.790840705681127,0.218732415812672,0.361961782294326,0.611602375744842,0.248196919765556,0.781069648619974,0.0868636014983058,0.0533905946864979,0.726112130430061,0.180680780865252,0.750860864370712,-0.0648794970806081,4.86173791046004,NA,NA
950,1.108391057971,1.02702542716088,0.221074794103922,0.487205459240505,0.85435310721902,0.748106193501502,0.424209291250212,0.166077501145308,0.598716823213734,0.440927619165974,0.761928914553835,0.533807629845687,0.703353800083743,0.761774861102109,0.470338098733453,0.177156877140049,0.992065970313037,0.221152037009946,0.670068750635488,0.104749785632943,0.529535754838376,0.35120339381136,0.252137704102905,0.914047848066315,0.337293000485282,-1.18729586098866,2.16170677946967,NA,NA
951,4.42361762746749,4.40246993113432,0.0502028066395774,3.43873206049899,0.934153638023562,0.56830766360194,0.0774124625300756,0.238049881323939,0.625359542121645,0.760737781307776,0.107284132146626,0.584877088758163,0.221116545444005,0.135148611510289,0.309210245055845,0.797178394570132,0.145072464857833,0.114641913600382,0.5805930853592,0.694064698545029,0.942478061176371,0.234391884692712,0.436259812257602,0.14711686860281,0.0652423381316476,1.60782457394574,5.26963954705224,NA,NA
952,2.8540539801992,2.90931686621471,0.0511937049960616,2.58077226989084,0.444047422749698,0.987341529797879,0.166092862477293,0.601605756781297,0.175530909085181,0.735764495180687,0.0677146232986124,0.804268150180927,0.20984606563847,0.30666791859956,0.0359846344763646,0.277024410024402,0.0821523654398043,0.051037076933193,0.465540495960042,0.658609895919915,0.512440212015063,0.367630481932429,0.0326511645923601,0.62672831031552,0.26220908399683,1.7104553138736,3.45108922590808,NA,NA
953,-0.568978791453947,-0.730686928630487,0.206688282521354,-0.450566537864639,0.474966316662938,0.148750775459222,0.418902106965426,0.08718533250771,0.677123953246395,0.808112719669356,0.0896640904686647,0.880688542905031,0.655340877977898,0.5743415668573,0.974654953221558,0.0441444520837395,0.110466559691005,0.236273299996858,0.440709511548397,0.872445267767762,0.276068745052442,0.567733357266989,0.603924528226373,0.41253167026618,0.733749592447886,-1.38148341239364,0.480350336664366,NA,NA
954,2.22292875283065,2.26567008626117,0.0994068692123487,2.13083129745428,0.423552775645153,0.664030196276843,0.354851794347167,0.811571754365228,0.140131427398184,0.745232489927905,0.592760911947,0.352712162106996,0.356633122521685,0.520161712358007,0.378952699657413,0.305569348120945,0.0894565098981839,0.673414198094513,0.303624613585765,0.928073790609138,0.420980059409514,0.774681768324808,0.880835845893947,0.771639086598647,0.444209350323072,1.30068311163781,2.96097948327075,NA,NA
955,0.428978687061997,0.440070073984893,0.06160829032751,0.576681954923064,0.585677095453349,0.663932084699394,0.28037760317442,0.822845817386522,0.647231068061432,0.660637106456561,0.954626309218234,0.36829261168174,0.996361921540694,0.357267941612983,0.534993024643278,0.423307750084554,0.0150925758205121,0.551067295734538,0.633218612553435,0.959708207946504,0.693962136936025,0.689916602086043,0.602339665595442,0.50705265333713,0.630762337088701,-0.571224058735527,1.72458796858166,NA,NA
956,0.999897447412973,1.47993487004479,0.990616049720135,1.2548746668412,1.39965674110862,0.293911547947559,0.730376710985089,0.960503468621289,0.390839037079015,0.264493550273241,0.39904047787434,0.529476108690491,0.358199287937838,0.225469231386553,0.466906365921139,0.510081716546323,0.920793777288054,0.0689902097542072,0.212691973169334,0.837294845115161,0.425013804508839,0.4711044296826,0.126070378122269,0.238862196511822,0.335519244194031,-1.4884021364504,3.99815147013281,NA,NA
957,-0.165089404768521,-0.324781155748289,0.999619788496433,1.39592095233746,1.29644516461767,0.900465589722968,0.891154463730636,0.520064254350145,0.82954812065931,0.000502255896572024,0.0716796181215905,0.331791976439068,0.722568921395694,0.76662421113404,0.341775283946888,0.48230019980215,0.452468492782209,0.41320234370348,0.900649827197194,0.661537093628081,0.229378135573934,0.746271464527817,0.648638272007694,0.702183617397444,0.870792287935969,-1.14506487824427,3.93690678291918,NA,NA
958,2.39804120742875,2.1451425969697,0.831365319496567,1.48666116983202,1.22125306711407,0.726617138259462,0.576665403888095,0.223051775793312,0.751551059685065,0.818542557869223,0.0582620590833249,0.969765702592558,0.33950404769904,0.740928268792224,0.332583072530339,0.577575331134372,0.0462421924319351,0.0307172616975149,0.170532556461985,0.420433299257886,0.213899721618858,0.0960704916090472,0.885895267890184,0.324584702456719,0.458702043945086,-0.906950857720634,3.88027319738467,NA,NA
959,1.45644714478684,1.45752055408094,0.0500681423839927,1.51629530618817,0.55571472265377,0.0131159786675125,0.0228726933063008,0.556348453556071,0.122356281171553,0.347987436587922,0.806663848907687,0.900039440746536,0.163052998987143,0.631418392282911,0.521096592361457,0.87292592765193,0.271092078894726,0.655523359024082,0.00728110413230024,0.0389939340532292,0.708613498483552,0.693513466480072,0.217816921984428,0.446538821217837,0.265791642962606,0.427114464108119,2.60547614826823,NA,NA
960,-0.532635217614544,-0.621682250235077,0.0751902379439503,-0.85434248030153,0.388045876294379,0.198368748991867,0.319843424128485,0.644176592379576,0.057379289617762,0.808520383027266,0.368545363749261,0.117455751557834,0.853868120698957,0.721693722748547,0.938572329903604,0.39481195238186,0.464199224087643,0.683718224602286,0.886031736054225,0.914155730629573,0.860278793213191,0.667100215743645,0.782289358383859,0.353310009669978,0.168724438109552,-1.6148984221878,-0.0937865384152617,NA,NA
961,2.20507803567826,1.44259205233581,0.999942569403458,0.668244376811072,1.07958489405795,0.62887940466369,0.985678980318829,0.970006043484085,0.216484275935451,0.608588109232718,0.201581448123674,0.447790105151478,0.806540585274459,0.2199599448964,0.675841485162731,0.619286227973993,0.599110119346646,0.91916302879632,0.0271743433547672,0.122330783904996,0.0903036840293789,0.41880728338554,0.291240688783466,0.48041072262486,0.18692255574814,-1.447703133796,2.78419188741815,NA,NA
962,3.12021833845878,3.21761997142762,0.0501381529713402,2.9927777624155,0.534537150084798,0.962238741512061,0.0582144865194568,0.930336367120617,0.419817383416113,0.0297349996239645,0.953295508253854,0.366147326840553,0.0523620330371195,0.712686750985566,0.0394483790544327,0.859866786812665,0.373145867715473,0.83672710107069,0.575654876701767,0.458825628765626,0.203402376828715,0.160679456801037,0.0335966446642997,0.175458389278734,0.990532354865689,1.94510419985061,4.04045132498038,NA,NA
963,2.42938492108867,2.44018171853643,0.06143574446107,1.87436670658579,0.585677095453349,0.642166061428259,0.27961963045923,0.514413796543842,0.978539510605624,0.473422171882237,0.350827816596837,0.716464272725396,0.107650130995433,0.736154516855022,0.148461440235842,0.172033160422579,0.907196751230396,0.18621150347346,0.658397772433702,0.629837016982143,0.194449743579957,0.616633967129164,0.599310896620736,0.184614677932928,0.103171182211488,0.726460692927198,3.02227272024438,NA,NA
964,-0.786426611393639,-0.801620469110804,0.0501005482048893,-0.645941839860397,0.449739886193517,0.393743729230715,0.0423262922691647,0.515542670946685,0.638984186945134,0.206271979504963,0.452166419666843,0.130224044581642,0.627822184342425,0.856067317645065,0.0508947115540504,0.728320280452725,0.0748544435683871,0.863644644774846,0.562549284899375,0.650541936354362,0.277130163083901,0.667739453142509,0.556588121916633,0.568264283148921,0.174615224429755,-1.52741581921083,0.235532139490039,NA,NA
965,1.96919907236814,1.02607651109794,0.55578881590306,1.09255623792673,0.55571472265377,0.0325234217790421,0.50649095665419,0.862646700718673,0.217864903107868,0.173635534959729,0.327206530266325,0.185989381289226,0.923806476088008,0.588222556425491,0.0627877374365926,0.425694642877206,0.0929875716620591,0.791617986503523,0.713727437140187,0.425507513370365,0.689115183802554,0.49405525526125,0.400282200074056,0.6549864434466,0.548640733926324,0.00337539584667979,2.18173708000679,NA,NA
966,-0.752878782304275,-1.42891564471096,0.995034534190582,-1.3220286098315,1.14132310678159,0.385058884275146,0.762435717961635,0.0351861091160681,0.373597230945015,0.587701770900516,0.708063474798808,0.696073396275286,0.189341666038497,0.103333308169385,0.625771973895258,0.651194816849777,0.269499200168648,0.345868253201246,0.270682330848183,0.627440771185327,0.175057472230634,0.694846360030002,0.123337604013504,0.165082184940693,0.369443515316118,-3.55898079384677,0.914923574183776,NA,NA
967,-0.0754339646874824,-0.0888241214733952,0.0878287144880304,0.561392743681619,0.811171371083708,0.910901586673455,0.340862033564132,0.339424249980366,0.981360981840175,0.715133156554657,0.549345546591794,0.0404518730374984,0.267623101600562,0.523053927398985,0.357035984460847,0.526298352584825,0.950798993964912,0.99571747978963,0.899374505603919,0.488365690181032,0.660586586822406,0.468905288773705,0.593699182820506,0.730139950605459,0.585492339980556,-1.02847392893242,2.15125941629566,NA,NA
968,1.76082317766897,1.13848472288216,0.998687124009165,0.563329436835389,1.08749253900383,0.152024516571197,0.829142945519649,0.0151492852487136,0.938277811870095,0.709333383208956,0.723338524888619,0.623404148316244,0.240137318031513,0.352467096089735,0.303054680993431,0.831435370091,0.189667207486811,0.539326642557047,0.391949482582277,0.580552228849381,0.612841551704449,0.0202185804467881,0.159637195715215,0.0441054441209417,0.939698645474389,-1.56811677306814,2.69477564673892,NA,NA
969,-0.0585199860183445,0.116610241078691,0.485524656838203,0.558519925158912,0.730146968151448,0.80333919300884,0.491670189087861,0.197118481747573,0.135329182979534,0.690057553308667,0.653517338232486,0.225408680095687,0.434636186868418,0.998857313929242,0.765254900334519,0.570834988525021,0.682458918080316,0.591798495111754,0.991170485644951,0.802162667208817,0.0128696640854469,0.204684435845818,0.429095304766437,0.417019580394262,0.431593401903287,-0.87254183583904,1.98958168615686,NA,NA
970,1.9126297086644,2.08465394982904,0.124385828954809,1.83649666592076,0.473129353069711,0.100584261857206,0.376716995137976,0.75193916753761,0.931572067294386,0.148912487608148,0.987107854034635,0.389011313966243,0.01551659057918,0.472824383343454,0.0479430254853796,0.437360352016171,0.357780007379362,0.624093133951537,0.659142116263392,0.888304448690964,0.953685055576148,0.531266397782834,0.334208388590487,0.0639780233665369,0.578729962957441,0.909180173875394,2.76381315796613,NA,NA
971,0.720574772573301,1.28965533658908,0.249830660364125,1.08364538934202,0.845972814024042,0.458597987330169,0.433858567124582,0.773467098828172,0.233019370339112,0.776796186649706,0.973065214053378,0.762422226018622,0.595296281233197,0.946385378498468,0.989457164161257,0.329868468734436,0.342238530823379,0.165313308021403,0.0949285432056058,0.528008748201653,0.434604133907706,0.0256960499235429,0.316696398672881,0.930705285831355,0.341975341979298,-0.574430858045103,2.74172163672914,NA,NA
972,2.10193988434408,2.52046787011991,0.537371521300801,1.43795511856402,0.907815531328393,0.563802856079303,0.502605119974818,0.472435794448596,0.0198224741136655,0.5367206702478,0.0308952059405856,0.397366528927814,0.641728359408909,0.893680562795023,0.961639651854872,0.755906863173819,0.115447466642479,0.411843320529209,0.816766539071919,0.369743207604159,0.508045400479808,0.11872043929249,0.458877385646338,0.262147865339997,0.0883403054680675,-0.34133062744572,3.21724086457376,NA,NA
973,0.428326101754808,-0.387851778260715,0.994726855000586,-0.261917590944557,1.07958489405795,0.61941837097879,0.759413444237434,0.48727530319686,0.166618492458714,0.598727841544896,0.731318608243601,0.766337926788954,0.841218817768269,0.282529976806254,0.123733132795896,0.849038307976094,0.934701148311608,0.895696949083707,0.0320905963998521,0.964762931711855,0.727293974783272,0.773420268571586,0.219552095600171,0.769027853557607,0.122994982815813,-2.37786510155163,1.85402991966252,NA,NA
974,3.66342233511325,3.76901112189737,0.0501455179943463,3.04918889517506,0.846980402519774,0.738601174296695,0.0608117838220205,0.568135466868291,0.787475024205516,0.208352146697347,0.748644127239706,0.996269064319553,0.5629385921621,0.747117270817049,0.218726822223398,0.0824716084732208,0.310280105692102,0.232814404993784,0.645717951680999,0.25017854584055,0.794169049490127,0.738441771276644,0.836681232611067,0.626388870676747,0.282998455105349,1.38913781062506,4.70923997972505,NA,NA
975,4.0284283463701,2.99870657705152,0.955607496966109,4.56284913355664,1.25681324922324,0.821328144787112,0.650776769063668,0.268428497453104,0.515218801465817,0.702533570223721,0.232453573540086,0.940049359404598,0.854163905372145,0.243687379576149,0.672260223455378,0.667099212955451,0.0859284246427705,0.829571771257557,0.827039774535224,0.722518458700622,0.189393208372057,0.325060768866446,0.689512190698762,0.438721022690879,0.0870552433816483,2.09954042978631,7.02615783732696,NA,NA
976,0.0645666171826531,1.63006214469004,0.999405348911771,0.945213078972928,1.39965674110862,0.476206753651029,0.868780814593541,0.12353447476204,0.124397797667072,0.082032911355258,0.921632345253485,0.418322756462498,0.317478969290038,0.709263185532298,0.392065574039007,0.123565371799283,0.650070573040517,0.986774110026076,0.862541417352855,0.287560019883909,0.833354203962255,0.128403822244145,0.800253801340004,0.795346939269453,0.688810871374211,-1.79806372431868,3.68848988226453,NA,NA
977,0.752879425645746,0.717094883553803,0.0617492684593813,0.61171383300472,0.669333424879588,0.804919673207682,0.280988688108744,0.333077494344674,0.833788065172732,0.444430573109887,0.0910583037676988,0.219761037052609,0.540503558002645,0.19735072325659,0.363844314865535,0.599891732647782,0.596663122357219,0.0945838999164989,0.875884852523683,0.796844854570227,0.898948672223254,0.510946084650233,0.690982340039802,0.0456353725357912,0.416853310563485,-0.700155573408118,1.92358323941756,NA,NA
978,1.76964153138063,1.71552321729998,0.0546229724686828,3.56075886759593,0.966888629553656,0.917018163367757,0.233972703541862,0.83393434413278,0.0292573148353258,0.283251729359268,0.33613377167366,0.824076843753806,0.905940471913549,0.734288085453212,0.451424211752019,0.581777373058139,0.616501438922947,0.425205157327466,0.437919255801593,0.00272620416223072,0.0174602581758518,0.83485074624687,0.300518261943944,0.637280357314041,0.0667600129727507,1.66569197660947,5.45582575858238,NA,NA
979,4.18514876040666,4.17715522361385,0.0547287408121153,3.51451383340464,0.729235655924415,0.781273340571788,0.235109351045801,0.445531369605917,0.256125740831369,0.448043406479759,0.467196654086583,0.145766278492403,0.77604483068129,0.846054802588304,0.454905595793622,0.377219982922543,0.637473594703944,0.414096638174262,0.998414130303194,0.0701647528442554,0.280121658536838,0.435531799965887,0.193669940982363,0.234669642179622,0.931537644777447,2.08523821155034,4.94378945525893,NA,NA
980,1.27642551670487,1.37004399884998,0.155459293577001,1.86103158109032,0.55571472265377,0.409256127397995,0.395976604934898,0.412816661858466,0.0882298012492247,0.128604091563262,0.94437262688519,0.885809087780304,0.465446108845528,0.673699546381715,0.705404232382891,0.52298585692537,0.0459676661879057,0.611087586989044,0.893488028761349,0.983237374109682,0.113602184967371,0.772986259679077,0.703201641220832,0.898834530787077,0.925077846206259,0.771850739010268,2.95021242317037,NA,NA
981,0.672312997429994,0.964559393850381,0.15891073099443,0.706057985688242,0.841820209132797,0.164399660718511,0.397791538218851,0.267882343216683,0.943430517728557,0.00785049807454925,0.018678373923176,0.126436008032295,0.972768052716972,0.566254846655997,0.203469509392511,0.62940047783975,0.831272667959798,0.951161637589801,0.17988772974431,0.190509791729157,0.513543719973182,0.437944335166831,0.106089839000721,0.288592715789797,0.814942951706587,-0.943879305670015,2.3559952770465,NA,NA
982,-0.317704448689704,0.784457574170229,0.99712172339366,0.446895498286354,1.07958489405795,0.51064730501757,0.789811795312911,0.728891895423527,0.35081410250999,0.618213741605519,0.173337580911932,0.354528061826248,0.548056182412664,0.926518300728174,0.0714864736993331,0.23718985679606,0.139606284088572,0.0375115869500441,0.675820311705698,0.206407296250109,0.487968784668599,0.167918169687502,0.0454579405791592,0.903038781701238,0.556632425422547,-1.66905201232072,2.56284300889343,NA,NA
983,3.20427728758836,3.58102001528926,0.999382551689923,1.92850884759551,0.936236707899158,0.983463927089702,0.866898587503005,0.0719779146243818,0.376904086078866,0.147758668140043,0.25294790454593,0.151869790363591,0.404759663737379,0.93469831128174,0.920015302900341,0.0020423965707887,0.522362789325882,0.00444113632303197,0.92309783915407,0.0413216266537784,0.682705847043777,0.933270406428492,0.335894148586318,0.279838264973601,0.499626614227542,0.093518619108812,3.76349907608221,NA,NA
984,1.18356169621933,1.73107274075807,0.999827186344585,0.946317853622534,1.29644516461767,0.856141632031999,0.930591073013842,0.559481608975097,0.816336308740661,0.105170180681045,0.520390027430956,0.146849732783157,0.151228378712782,0.636790848845383,0.347163429245818,0.191833191408194,0.544220485704951,0.337122187554021,0.949245346641284,0.808761418435839,0.244501346288016,0.424305716617615,0.761819482450956,0.713488285646192,0.743884999270434,-1.59466797695919,3.48730368420426,NA,NA
985,-1.0212918406582,-0.99874637665473,0.0603823677875843,-0.388213918357285,0.388045876294379,0.0790649506367044,0.274731797200744,0.519330455835676,0.259180119855213,0.561163256719708,0.298174975317554,0.164278354568523,0.115711661806563,0.973532466674573,0.212421380390879,0.39681718806643,0.68094068664615,0.880936039731139,0.0297349131363444,0.819445601236424,0.595227192603052,0.180556261720485,0.450187623436097,0.0823799340537516,0.946352193929139,-1.14876986024355,0.372342023528983,NA,NA
986,1.07332537857772,1.09893387483459,0.999005762699895,0.91149815311382,0.85435310721902,0.526398581229383,0.843059711965034,0.20971923842642,0.485097077154205,0.448632522908272,0.0275286154984497,0.379486682086252,0.842753268049797,0.36153113937506,0.300144016401609,0.399691422517411,0.438369245729642,0.86985549394472,0.102081080013071,0.772651835887111,0.991941033465788,0.213882173807127,0.997734863997437,0.0846090877294773,0.161900621941313,-0.763003167115346,2.58599947334299,NA,NA
987,0.0942216245277472,0.197060003351818,0.0562255804325211,0.929741712590692,0.534443306024751,0.977035078931483,0.248938975245459,0.540207695464836,0.172027090584859,0.137437796711456,0.904206437594607,0.475103147683665,0.39386164300167,0.592381771437125,0.611400390111958,0.271382341551245,0.391499712739373,0.587126296314993,0.681327810061979,0.995882104835007,0.0205558829135261,0.401665385498549,0.426756759681273,0.786888986704988,0.664867722716299,-0.117747918996338,1.97723134417772,NA,NA
988,2.28482151715539,2.1829597294825,0.0502426078469283,2.30083221502266,0.55571472265377,0.0443816181062721,0.0863742243417073,0.803791450408637,0.276771483355202,0.443969681974617,0.13235281349346,0.526789359150804,0.0132482542737853,0.653173878803849,0.833425735580269,0.826403934078873,0.00678962741105352,0.512300237585325,0.790182029460208,0.520208707707701,0.475747475266573,0.761815700899228,0.130278334208648,0.0180103790326975,0.656000834817882,1.21165137294261,3.39001305710271,NA,NA
989,-2.33940132081869,-2.20257278258239,0.123802785565438,-2.03852457790471,0.351197092980186,0.135637780522811,0.376290263972594,0.951870687993476,0.757603872282431,0.926937623821083,0.102992260927567,0.0998619805040071,0.919636946928455,0.956712489458965,0.194121702565113,0.70167936813843,0.751481680182507,0.782608297064202,0.46061323890381,0.0275912339586066,0.704168904718244,0.0597454350547632,0.402890865085414,0.727020424654125,0.882260183585342,-2.72685823162104,-1.35019092418838,NA,NA
990,1.1477480680476,0.217545452237774,0.953181680243848,0.344800220206854,1.22125306711407,0.838083597910241,0.647982457767706,0.0837898148185341,0.866430921957479,0.810788544676499,0.0747081900169142,0.451774669134058,0.654157786253258,0.0378476820406504,0.515866015041247,0.328146100810962,0.385893116386142,0.756695661725244,0.266866634772392,0.603648624231224,0.579535948476405,0.420216379409423,0.0392619785493007,0.0248705682936124,0.537427298898227,-2.0488118073458,2.7384122477595,NA,NA
991,-0.0363098046067265,1.31425577914099,0.999101126718355,1.77275425166419,1.39965674110862,0.0112967615197413,0.848106428175699,0.409513197533786,0.0642999066155171,0.425594675105298,0.818113212132244,0.635993238250958,0.31121120439854,0.796934009201243,0.342022804833134,0.450017960670055,0.810857008231338,0.358761422506766,0.850268837219453,0.841883963472559,0.130506874797284,0.0496552175105317,0.157227527775802,0.693256635196973,0.108693710753461,-0.97052255162742,4.51603105495579,NA,NA
992,1.41258807904675,0.946797618965504,0.94436474201559,1.62571764177303,1.23263520377092,0.936070968862157,0.63886482720566,0.0416624637719942,0.170234389870078,0.155458560927771,0.475211860641837,0.742561702898354,0.124112177785952,0.0513172080011573,0.0673227718024282,0.303011707101599,0.298634990388062,0.0729004643616499,0.329371690774919,0.504026887312299,0.178873535473715,0.958466862224159,0.781655773467384,0.408337007848895,0.339508624121663,-0.790202963694164,4.04163824724021,NA,NA
993,-1.38743509301925,-1.40043320081824,0.0567587740881931,-1.10216105259914,0.194945978274951,0.340327121095033,0.253075973444153,0.806512887746561,0.775968500109972,0.970538471715292,0.552350122337812,0.891470036554849,0.0347417561735492,0.562817323341966,0.796199360035593,0.713687086655409,0.706941885874723,0.66735078651621,0.382706283338717,0.299785885351361,0.938553877784172,0.668827669372316,0.787014004833065,0.179865530673065,0.712110574841849,-1.48424814894897,-0.72007395624931,NA,NA
994,0.415477769113621,0.39809154009929,0.0507744686961396,0.472006908452454,0.449739886193517,0.0116137912370032,0.144438776999828,0.944101043846225,0.432813104671543,0.090104654851486,0.650932109353947,0.483592560516088,0.531220028125215,0.446195067825611,0.362391230230918,0.731791210033582,0.679429183484986,0.649806889489759,0.406797377859359,0.17498515539756,0.261074899196159,0.935181681009708,0.812887340858462,0.739552644294337,0.448815381137421,-0.409467070897982,1.35348088780289,NA,NA
995,-3.13640357623852,-1.89225166262855,0.984652830931699,-1.82323316000175,1.14132310678159,0.165245320608839,0.705462206250755,0.896724148796406,0.017807578137028,0.573556808694499,0.0510694311080733,0.973767478221213,0.85322169438994,0.418247370671597,0.428679266735096,0.54932555695693,0.1797920761063,0.352108643330168,0.714994281897671,0.109736593017005,0.40486892923445,0.456124486240908,0.425521363778505,0.909835052134353,0.7145855042435,-4.06018534401702,0.41371902401352,NA,NA
996,0.665600569207279,0.104189117629228,0.99915678036063,-0.314058857565746,1.22125306711407,0.809721196406288,0.8513050900409,0.344377180218697,0.959737946261768,0.789738518247264,0.816574988938752,0.0776929603822064,0.360808160973946,0.0786388958347961,0.657934731509187,0.480966761832824,0.125651498588501,0.0559409540910274,0.749001774879289,0.263466012926423,0.365268483521533,0.188402403892018,0.199106891531381,0.564032368865912,0.848140529705561,-2.7076708851184,2.07955316998691,NA,NA
997,1.9816666366731,1.94760836788316,0.0507641671325374,1.7845307944468,0.473129353069711,0.279329418842914,0.143768698583939,0.784533780554193,0.58405374677584,0.0401071381760994,0.725488994199317,0.691311494656722,0.390074318216648,0.841446160232066,0.592755221651285,0.736239863021765,0.398799871995579,0.184964202014613,0.817833985924139,0.506723121653195,0.0644250795192784,0.0981966978660785,0.983760386329959,0.0566217173492769,0.801608736785129,0.857214302401431,2.71184728649217,NA,NA
998,-3.27373332220845,-1.89896713393694,0.999856731221619,-1.82534169188394,1.14132310678159,0.00481931264558807,0.939967200389132,0.356426434277208,0.334459397894563,0.695210874523153,0.553992100565112,0.0836990562438732,0.791996999653755,0.779893850726774,0.260110038301675,0.815824394796859,0.449212821126101,0.760845826792996,0.404480389165459,0.142099076925311,0.944988836785778,0.569514035876957,0.280120349904522,0.536336769410758,0.31398932179471,-4.06229387589921,0.411610492131335,NA,NA
999,1.85044814137681,1.89197909636145,0.0706803679777384,2.5811357543019,0.998451765457117,0.645305908057606,0.309736605171696,0.207758589587989,0.519268946507247,0.64254166038055,0.261759467094904,0.409641708916286,0.631602126659476,0.0602550381094916,0.0125310182012618,0.447323222891078,0.825800131784054,0.394692324344418,0.130712754839682,0.732797809566837,0.750924823338166,0.319584131081123,0.162466033613076,0.904057555723586,0.739609604559955,0.624206253705521,4.53806525489828,NA,NA
1000,-1.1531222223892,-0.595593173459414,0.920749597612645,-1.17344414043482,1.14132310678159,0.460863052442204,0.619837097847136,0.984634312752984,0.245913395763375,0.631996747253579,0.274555709794164,0.732710833628313,0.994640157320187,0.194928225458018,0.536474289951031,0.16493248903635,0.154734077345813,0.854907531057135,0.135870103132329,0.0957289398107678,0.35971780435252,0.969925439941348,0.100363000996527,0.252537643274176,0.162706670305459,-3.41039632445009,1.06350804358045,NA,NA
1001,3.00460721873354,2.7682599926578,0.983833120714038,3.23792950485811,1.25681324922324,0.839561982910498,0.702816654487746,0.688431759291212,0.301218374909251,0.976186095991638,0.396440707754111,0.834485085840803,0.306231829753495,0.772782696679351,0.0499983956660144,0.871165451437351,0.473224612112506,0.162438281986979,0.126658510441892,0.761163847613498,0.396163216146873,0.0571675051552011,0.60342153960804,0.268285434365505,0.706744502913905,0.774620801087791,5.70123820862843,NA,NA
1002,4.39421310945286,3.85441960829497,0.981824557322923,2.96249104039349,1.22125306711407,0.738275016619824,0.696853658712702,0.327289000372402,0.946100458720932,0.3834809484781,0.0404194586251397,0.150628031126223,0.347538844747935,0.224547188347206,0.954338534269598,0.497569945340627,0.967328353714664,0.384567482618149,0.388411809784477,0.909607683956507,0.097480273645604,0.348530132688,0.99373608316225,0.978227065917803,0.294201148103806,0.56887901284084,5.35610306794614,NA,NA
1003,5.11595430309143,4.59415873018507,0.692839516054822,3.74015314565013,0.787075870178914,0.815103676795843,0.536926237342414,0.785602716395166,0.261937382199918,0.0600754319520202,0.194916006320273,0.630400872901548,0.0460046023556497,0.805259823101689,0.664945350736729,0.143830619520508,0.385336451381212,0.0467415811488172,0.445185300818877,0.0895090276525589,0.322352318072226,0.82779130189179,0.0296899040781427,0.129194849484717,0.0097866982484702,2.19751278699893,5.28279350430132,NA,NA
1004,1.06307873533266,1.38715360761335,0.782181740979328,2.02429570158184,1.22125306711407,0.974866780862329,0.560618386114948,0.340136816699058,0.772263879933395,0.618889986661961,0.986320007088594,0.0329416193197248,0.710560563921812,0.858085247831303,0.577729983425117,0.841103692981764,0.208160722205648,0.902602041926351,0.939552274130634,0.493662482661079,0.780702339118114,0.0412442432844546,0.659380515319062,0.97297237570677,0.0671865976188565,-0.369316325970814,4.41790772913449,NA,NA
1005,1.0519459470133,1.03848984131112,0.0511534782242524,1.03213946694511,0.166136453979154,0.497758664560039,0.16437674306042,0.171506210033549,0.551896383801126,0.544258575108717,0.369750613669981,0.785386593157542,0.0423022396704182,0.152318581631058,0.636944022325915,0.403318429344101,0.324393212579074,0.644445240933215,0.451343740083976,0.103399972074898,0.216357355988934,0.995152740724501,0.148400778983836,0.738540270224796,0.611982144745765,0.70651800062677,1.35776093326345,NA,NA
1006,1.30314868703231,0.85501170003958,0.649281145785841,0.751165172217304,1.14132310678159,0.401970438911114,0.526787296460709,0.50015124126384,0.261053704934078,0.745655260256957,0.980082010520389,0.24355773102364,0.180222024153802,0.437920336803654,0.202141376173706,0.9941032592759,0.0752484573805705,0.654356461697607,0.9729899242213,0.0992437810620759,0.449267914962955,0.0730311051282333,0.321530009682407,0.397140315131284,0.800271883058362,-1.48578701179797,2.98811735623258,NA,NA
1007,0.811446359516907,0.684866685929747,0.301345315100367,0.853624499677467,0.263969632868477,0.0486344817563659,0.448883557193331,0.956763650870766,0.0418979795260821,0.981720885104151,0.408168494503247,0.200078567269491,0.67142492580309,0.915253350522486,0.690232342312811,0.880073993671453,0.673464822719223,0.595503984266776,0.039497278099414,0.379474363997579,0.952705705168424,0.212113304393017,0.932865410967031,0.170784581940621,0.905445596570498,0.336253526242991,1.37099547311194,NA,NA
1008,3.2768896925419,3.12211248235203,0.466556382689239,2.57044588286835,0.83935987904437,0.981936578288209,0.487633422220359,0.30454069281742,0.773033429910312,0.770367375554168,0.218581647507381,0.244111434458871,0.752968466877704,0.969425338620204,0.0648189418948023,0.107000420710654,0.725592543888488,0.759018615008914,0.612681847400963,0.330519424811704,0.953014597460162,0.24190022328787,0.956954992647399,0.462078375009005,0.207879134225659,0.925330749873489,4.21556101586321,NA,NA
1009,1.79661310253582,2.42403736947068,0.999853867705494,3.06389247247573,1.07958489405795,0.802317451598588,0.938977554504992,0.864753758772393,0.332482865868718,0.612165819450049,0.516004256661283,0.826170398757677,0.576248499034671,0.891205156381126,0.666518551603309,0.555235460303957,0.908124362747883,0.893968101060367,0.509166228038375,0.951985637291684,0.730420435841544,0.601869069291046,0.63355815424968,0.262701291029109,0.945697005675873,0.947944961868652,5.17983998308281,NA,NA
1010,0.697988682933687,0.679063390721251,0.0548083896133707,0.442380327731196,0.51700110328822,0.439879293751554,0.235948727954528,0.912305753660738,0.290642078744131,0.142745371970464,0.088752060119994,0.950566285319044,0.160469593707356,0.132433176144725,0.870358350881026,0.33384589837899,0.719665698698838,0.355756411422277,0.91933182971715,0.937753084862139,0.306075169870863,0.854867248794646,0.62527924636472,0.375508531554486,0.31711584854871,-0.570923214681188,1.45568387014358,NA,NA
1011,-0.102596200635257,1.89005624603948,0.905790677406322,0.283085537110213,1.39965674110862,0.0495285604048986,0.61032533339248,0.831521857328829,0.872627005484537,0.137709599571186,0.27181721875642,0.0533406295034802,0.662562749470468,0.856897208851064,0.85793064013822,0.133593841417925,0.679715054472676,0.199292798839975,0.410969963653246,0.101023122269893,0.0606122100513894,0.799695133223548,0.96443765297858,0.970335306135355,0.387824013892794,-2.46019126618139,3.02636234040182,NA,NA
1012,0.244647100165359,0.627600385078706,0.772739129457496,0.332133357291876,0.828150593716837,0.040320694714319,0.557847488658503,0.883151787122944,0.863449105288717,0.0710687389135128,0.350397453233018,0.794339191372157,0.238261810206575,0.34408609736443,0.425290631375276,0.790611576460069,0.606124428698327,0.825944494845113,0.556399600339821,0.743278393934481,0.285431882013567,0.686751556630363,0.964980796835967,0.266306453450699,0.0594802074610489,-1.29101198016859,1.95527869475234,NA,NA
1013,3.41218998935059,3.8456961522887,0.312372990592899,3.9102021671032,0.52936986016891,0.874441842839471,0.451826028307318,0.731223475072533,0.258528378536808,0.0495751782364678,0.453645771874697,0.49223382015992,0.367582408108166,0.338374208098743,0.333539937002468,0.142916069460218,0.176058959827875,0.660654850938241,0.756235060216044,0.0709764775518561,0.308972809168627,0.222725883389125,0.824261578532285,0.146699482341181,0.524872709007585,2.87265630667113,4.94774802753527,NA,NA
1014,1.3773628639937,0.837841867933991,0.999952134869617,0.628943252761198,1.08749253900383,0.285828441047459,0.994788980279001,0.184517433519592,0.596016204473446,0.569535130570177,0.636415899157058,0.436674257139559,0.268830210751621,0.643226808661129,0.138674749733997,0.592075884243008,0.392240646978491,0.814838539071265,0.629854693617788,0.777308643614408,0.217375719943899,0.771076405540574,0.588088633802254,0.746103545709397,0.507721264775493,-1.50250295714233,2.76038946266473,NA,NA
1015,-2.11492088021619,-2.08400862346061,0.0678765354523875,-1.39179852228975,0.474966316662938,0.106682221176219,0.302301185286138,0.074822036285419,0.635816456653993,0.67151173556759,0.557666133767227,0.477254444380524,0.917498167475103,0.875254740999313,0.738476622157963,0.98971427318349,0.146614645260503,0.750795193308499,0.330683310715714,0.989222870622296,0.107264060569345,0.193625996735762,0.815557208587532,0.368908795285621,0.581438628730713,-2.32271539681876,-0.460881647760747,NA,NA
1016,4.66110262549547,3.68023384627588,0.651826812849746,1.95248980798863,1.29644516461767,0.680204561324324,0.527363484870875,0.939738687030505,0.736134920512093,0.324755226315931,0.649735756998998,0.847897032637033,0.138694958288688,0.529698293402558,0.312674785416108,0.653601194053539,0.214823528726934,0.12607736770215,0.318884388811304,0.639799076066236,0.444469983656192,0.0229960934696719,0.259434996410972,0.684259627491236,0.238538657587953,-0.5884960225931,4.49347563857035,NA,NA
1017,0.70838867312101,0.613622675201455,0.058767744338122,0.66003776724818,0.166136453979154,0.459498215879779,0.266194482210674,0.141869087675121,0.753116541899159,0.546687261772808,0.364892101587844,0.395958399864729,0.00331420214090031,0.0402408088624943,0.132556990186102,0.0623490461653564,0.168149291559355,0.616502271677135,0.28546157993027,0.757306274020113,0.307242852310534,0.997392121968209,0.0923389003650518,0.403361069775536,0.440145579596399,0.334416300929842,0.985659233566518,NA,NA
1018,-0.80584684167777,-1.46148925325638,0.948945632711619,-1.70334081442462,1.39965674110862,0.155391668351949,0.643416573358234,0.593873757427558,0.634310316928313,0.414719749735203,0.360868190152803,0.538332321949187,0.884511159050162,0.115390199365327,0.111281766391592,0.0983831961242249,0.758498690498411,0.993771995928837,0.641873686940526,0.968615931539214,0.619485609514639,0.759320570859709,0.323831563061685,0.83100904982572,0.841407920670579,-4.44661761771623,1.03993598886699,NA,NA
1019,0.762349566498754,1.14878271999357,0.850458293485841,1.48472857546232,1.14132310678159,0.472602643783553,0.583880455161794,0.728184366183472,0.15626377990772,0.724049407402403,0.831583281734143,0.921808767707436,0.838030159978662,0.079076450180728,0.774319828808308,0.442598979586153,0.917226827190956,0.858073301690631,0.936962650549132,0.5925504641796,0.301508936167811,0.519661800700123,0.440575370692997,0.546746528074145,0.615850238856277,-0.752223608552952,3.72168075947759,NA,NA
1020,-0.683637686890888,-1.18195897879242,0.531569514187039,-1.15185976598488,0.55571472265377,0.345058141157846,0.501383143814048,0.130768113017199,0.232430881627952,0.39148004196235,0.658452984781703,0.0156260396217694,0.8546482785712,0.513650026866002,0.133474305919954,0.160552594393143,0.517152683523833,0.4021865588316,0.21916517011309,0.226897625381243,0.698525613854057,0.402950717521948,0.251060356641421,0.866330327326199,0.104434271038976,-2.24104060806494,-0.0626789239048287,NA,NA
1021,0.598776731854842,0.560529118745538,0.164452549592776,0.8182901696033,0.822223417221189,0.757470919464715,0.400603659190703,0.0650839896034449,0.972550256415852,0.166536365464912,0.351586599928094,0.48539490137028,0.959495451870025,0.834029061677284,0.621246489083627,0.284006087078829,0.943738979315036,0.500326942936401,0.202941050856258,0.460200251939241,0.0897891448457958,0.141839240364148,0.455625638368889,0.142310827156296,0.589138069364009,-0.79323811539568,2.42981845460228,NA,NA
1022,1.61875632019033,1.66034248746948,0.0501275105257797,2.73913545330156,0.531941526927487,0.746813210675144,0.0542057941681705,0.996138976334245,0.476668912443682,0.0646590952422703,0.897357756019454,0.897568879998638,0.0270586143819382,0.854429477468133,0.921401555548888,0.473630932027707,0.0304088685315801,0.78676451302215,0.731958209509146,0.797161323202075,0.244067994674901,0.732945696078474,0.631769087218214,0.208361696328502,0.167587034512311,1.69654921864244,3.78172168796068,NA,NA
1023,4.49516349729891,3.53172845234213,0.996769849771469,3.33079674079609,1.29644516461767,0.680691434710985,0.784026369312545,0.580848973039887,0.72784220472828,0.545744441375835,0.30399495641212,0.00854468337364961,0.649520834588097,0.369319409975898,0.980322224334697,0.223266476646881,0.616190975648933,0.742005940685864,0.375274316165713,0.116977689143969,0.937491329684388,0.831957444164902,0.0167670841825893,0.954476292658364,0.491705564672709,0.789810910214361,5.87178257137781,NA,NA
1024,2.42696954840091,1.15396139014529,0.992233283167097,1.53817109584076,1.08749253900383,0.138301219405374,0.73992026797682,0.531578081051121,0.864981856675004,0.966935755695566,0.270820037043188,0.415145753782475,0.873158390484867,0.620958968239022,0.594896848664735,0.632774041527533,0.554713591649313,0.7988302364056,0.697942073801416,0.199067427273607,0.934600104856072,0.985603892180487,0.929475312189781,0.318703226344194,0.133402099431609,-0.593275114062764,3.66961730574429,NA,NA
1025,0.855974605425605,0.998806805937451,0.0685394997288252,0.523001548913501,0.664832673847818,0.83063658714178,0.304157489586039,0.187511848667054,0.785635321504553,0.280262135989731,0.0364747726450441,0.531689545899397,0.672395344580873,0.388786650127848,0.232265943961567,0.87836556512001,0.723603686632239,0.396159974017064,0.243664232608513,0.297819536455674,0.37271916132397,0.0450768025970319,0.673517110821791,0.669532914362382,0.939296667564893,-0.780046547573687,1.82604964540069,NA,NA
1026,3.26700436255238,3.32778706290417,0.0514375225663353,2.87600729864653,0.529957186124389,0.546862750359229,0.175398676747805,0.58451257788064,0.522334534159047,0.132469211206539,0.593931540744728,0.80657660843851,0.172906780048856,0.543575438185246,0.845374340810697,0.467756519342191,0.226040166359628,0.260825931626488,0.2963816977893,0.814924623726984,0.220892486922909,0.423643235982745,0.762890711380285,0.361474668916082,0.512483657606295,1.83731030049453,3.91470429679852,NA,NA
1027,0.726654240182479,0.702138208085714,0.0951205388868289,0.857575320752759,0.723322520798866,0.757512824955513,0.350076790392166,0.462148665898945,0.138189610875444,0.693242165986216,0.957943080600468,0.922760136646801,0.281470220542513,0.710690718852915,0.495120479461737,0.100699490713771,0.536907821212895,0.041793686228455,0.238004219617578,0.974986203431268,0.940786678379518,0.0377960804596078,0.0309055720192846,0.511315699469764,0.30535340918717,-0.560110769219743,2.27526141072526,NA,NA
1028,2.44180836651447,2.38974360916183,0.993823423374901,0.589226764589636,1.08749253900383,0.383827093212283,0.751458746165619,0.0250124647136545,0.735826909779455,0.908730734968442,0.146913554469007,0.412965737279039,0.142931998853106,0.364894828400575,0.0701515066040447,0.476988699257956,0.0262255711617181,0.0125297249251744,0.0594747622933937,0.339799805856077,0.434390971683781,0.967924507604912,0.0355626892276341,0.906242079241667,0.632380039462936,-1.54221944531389,2.72067297449316,NA,NA
1029,-1.68126871275078,-1.13040537720654,0.561281246451023,-1.66482481549529,0.786490261967677,0.393439256104524,0.507653063399019,0.194825313720969,0.497285779414116,0.814758789152722,0.434088722619694,0.981971871584305,0.0580648582052672,0.249025396741461,0.692594173935126,0.828080221774522,0.141538799186936,0.122102998291259,0.548858304352849,0.845083319480065,0.937815121645224,0.0634914692044258,0.539858494380023,0.316824193395674,0.045142115982133,-3.2063174031434,-0.123332227847167,NA,NA
1030,0.0702457614440464,-0.516874420603124,0.999841790030066,-1.33215654670473,1.39965674110862,0.136473077767412,0.935006381923798,0.00110613220080268,0.708084770206828,0.0897473991566803,0.0194415685855784,0.416430603539688,0.335301179551636,0.722567427201429,0.639687890349654,0.259318290715571,0.194649073585868,0.0171013643129263,0.624481804199866,0.465103523221682,0.0929180277977139,0.524711121550994,0.138518091933685,0.393419491380802,0.290758597551496,-4.07543334999633,1.41112025658688,NA,NA
1031,-0.0808228580501226,-0.0740968800496153,0.999839299324837,-0.455367594725671,1.39965674110862,0.24292849066027,0.93422523082688,0.507130901592085,0.345021654588636,0.05055399971921,0.134991844282835,0.380725533500896,0.605339576351922,0.10475985492731,0.305638677512296,0.373216037278529,0.994430278166896,0.13698830431141,0.766649793868652,0.742621069974266,0.417744729135535,0.365514867930324,0.341739616858424,0.321186198347248,0.60284004762792,-3.19864439801728,2.28790920856593,NA,NA
1032,-0.280210631706405,-0.28073678186703,0.0503875698364661,0.0526460005524241,0.502646347146875,0.422058546378743,0.109804342180374,0.753291485252907,0.691793481276138,0.530369981063413,0.539079741617665,0.582751540765865,0.154504185572383,0.33888922664884,0.530397526167566,0.392388907826971,0.482201617073617,0.602628381294082,0.117892727836268,0.300710466641234,0.932217264916399,0.72489774146711,0.571175327779842,0.447707782954094,0.0494660306993173,-0.932522736816067,1.03781473792092,NA,NA
1033,0.45778629834708,1.03454809667068,0.336307568879369,1.08303640477416,0.449739886193517,0.225024639274925,0.457962390630855,0.952921971196309,0.404822704910534,0.144987453554524,0.461759147885605,0.0249196632591775,0.14320757558092,0.156590957755456,0.240819209222682,0.321484724828508,0.0796425792452646,0.375328348560026,0.651533010078943,0.953561014257255,0.803969318858231,0.732428158362978,0.456729835410602,0.538372674686718,0.294995191662922,0.201562425423719,1.96451038412459,NA,NA
1034,2.36958140448295,2.39501489627153,0.0517210998117513,2.57821116954084,0.43189665957593,0.524537246419583,0.184415742720943,0.485934024903341,0.0252141511454247,0.873592439939617,0.295471869574278,0.957509037034586,0.527838193430332,0.111982531812158,0.0860272436506348,0.170070856693084,0.627509525082307,0.629606110672932,0.435861617820337,0.15020542873675,0.968038532745093,0.525116497133742,0.0483804280433105,0.0391410562859382,0.185490509222378,1.73170927172886,3.42471306735282,NA,NA
1035,4.72325806788284,3.41850921147456,0.749116610109494,2.17195280710155,1.29644516461767,0.855151413044543,0.551241465172032,0.885589490039274,0.793467975908774,0.74392142657924,0.88088743476395,0.140012184535735,0.122146563897724,0.339175079156179,0.897732534872834,0.829203505394515,0.832115514334175,0.467194848043844,0.469538488638704,0.0910336573491804,0.706143275175709,0.741946244800114,0.419834647501819,0.24426090823533,0.97137841407652,-0.369033023480171,4.71293863768328,NA,NA
1036,2.14582827430627,2.00754161635503,0.174378110339451,2.23769739506751,0.423682874555994,0.807546785135521,0.40535946474527,0.051989778182935,0.0704634166412288,0.93876594668685,0.175171114578377,0.0134466393298935,0.310898744542967,0.319896395832067,0.796699827699224,0.765759277514997,0.364189280543127,0.480080705810571,0.491862332048011,0.62162897370744,0.562413270779187,0.353606291329372,0.20464536339615,0.0232946068858728,0.0782119755060412,1.40729422007136,3.06810057006366,NA,NA
1037,-0.82698504206453,-0.575874730236352,0.270096095257339,-0.624042281094741,0.542682743900926,0.222617523655645,0.440057567973505,0.761947429076652,0.0894014884816716,0.788296418002574,0.0157008032408776,0.121060130924103,0.844018761067069,0.0232236056864494,0.498106607037713,0.0139815618061693,0.300853209102643,0.519956557232887,0.72202524659643,0.0515471119580325,0.758828303394606,0.797064766860683,0.00325479547225405,0.707271349756047,0.371720744654071,-1.68768091417193,0.439596351982447,NA,NA
1038,0.335815466081145,0.32986389104258,0.0524974884758738,0.461602645751463,0.456786674230267,0.474517610304989,0.20307280148135,0.242441923180246,0.858465143436217,0.369947418144089,0.0490723768679891,0.70038926433085,0.15057653059205,0.886898237604764,0.318307348540518,0.901508046167786,0.793945132826571,0.403415930723189,0.362833753594779,0.266083313993062,0.0394658475596225,0.185970476419665,0.656081760198576,0.221412434925791,0.812459071567748,-0.433682784357689,1.35688807586062,NA,NA
1039,-0.34180527448912,-0.326797991274995,0.0502897496560584,0.192450922727502,0.51700110328822,0.0340671617926564,0.0952552538886666,0.34659993441659,0.357940687082824,0.00420494581002276,0.15639564474253,0.169474330611876,0.939008514838759,0.158614010463818,0.719253579228767,0.425024576837313,0.626218024897622,0.885973742913804,0.888724570019054,0.727270499541191,0.284936842652387,0.749372084092582,0.114047165001626,0.0179037647626828,0.364837903456646,-0.820852619684882,1.20575446513989,NA,NA
1040,1.95683994213605,2.33009729012237,0.999941235806536,1.80501719138654,1.23263520377092,0.937777308744378,0.984531134495279,0.461766000932083,0.239953964253422,0.186635064028669,0.714996065591928,0.274513209683006,0.179454300281941,0.0313282169911545,0.574846730519086,0.021536512930179,0.597752272948972,0.378235589105519,0.423376165771391,0.79006320797943,0.198612668625195,0.422650323895621,0.706405681588571,0.422553145893733,0.00104464428697247,-0.610903414080644,4.22093779685373,NA,NA
1041,-1.24473063924749,-1.25596724945311,0.0502251058049842,-1.02598987455674,0.55571472265377,0.0670098183342488,0.0826295127014164,0.799831974267378,0.0232783685774775,0.108583980062744,0.870105444699177,0.877314727586112,0.277467844567727,0.765735372112948,0.239726031423197,0.584193887682864,0.159125426778221,0.267379735193099,0.748608495439054,0.835834345296258,0.332389629639802,0.275292486890685,0.767023003259907,0.842824308626936,0.013130176425213,-2.11517071663679,0.0631909675233122,NA,NA
1042,3.36587738563377,3.27963591657226,0.0507238280173982,2.37235215929439,0.810700557706229,0.555252999436227,0.14105493851006,0.848793553941883,0.832624673204264,0.717359069138416,0.740476226414903,0.486409633206204,0.105624505336629,0.54885694479791,0.972445714971633,0.773891859817086,0.535760824503144,0.399184241101611,0.753601247911574,0.871598106685444,0.72942362722673,0.287462939821649,0.363120476313867,0.278325658150134,0.536643685492803,0.783408263943642,3.96129605464513,NA,NA
1043,2.63035221873184,2.6332687353012,0.0501862381682493,1.98475934225123,0.585677095453349,0.960480901357951,0.0731502562441165,0.669990973280277,0.676880418426706,0.193757772380137,0.0244133595459862,0.147185552852461,0.0342797562831547,0.942330535404384,0.69403426830133,0.582356200196897,0.680472892619553,0.00620548629853874,0.613842313636676,0.891388847436057,0.136001066219178,0.370799138313741,0.282936715756659,0.767228540462325,0.956893182876054,0.836853328592644,3.13266535590983,NA,NA
1044,-1.20293246420195,-1.28932563248615,0.186078279358713,-1.03649269716503,0.456786674230267,0.158701039260253,0.410568305429071,0.0938912259194767,0.600493999658269,0.141503768424038,0.848274143268238,0.636313583126524,0.253911860151682,0.819942581201205,0.352685227988055,0.421810488779331,0.0625789701133035,0.98008999190107,0.442272779014078,0.0633909671007423,0.180187261061626,0.593922085752944,0.438353609650861,0.272042684421525,0.820766404706403,-1.93177812727418,-0.141207267055878,NA,NA
1045,-1.98907574506737,-0.589029942477348,0.993282393151998,-0.265593605002156,1.14132310678159,0.0836016534743831,0.747231686651008,0.775070964593673,0.0804736041938886,0.737777297273278,0.40084857015498,0.221323651431943,0.252176429863903,0.969864886339055,0.890036133827874,0.563392751231557,0.584156468450441,0.205875586078619,0.118676776747685,0.388298953501508,0.411793669376639,0.74013370736409,0.919602173012216,0.0395698631154373,0.283130361216026,-2.50254578901743,1.97135857901311,NA,NA
1046,-1.65576983113859,-1.59007765355441,0.0536388304694592,-1.71800689184796,0.730342207686051,0.0726048761400161,0.221951902412926,0.434795629943139,0.912178093856201,0.391961826526443,0.737342397690285,0.206402377668302,0.132806481378386,0.394783242995851,0.86506725155632,0.973498671401991,0.0990897776588099,0.461247253229609,0.707756858545821,0.721099885332631,0.486688624177477,0.304023690120084,0.422687092501437,0.0292868963356595,0.655468277166714,-3.14945131530209,-0.286562468393827,NA,NA
1047,1.20398391615436,0.333915053503794,0.43063933938384,0.225342810872078,0.429434356442577,0.635340288637439,0.479866911387187,0.451244945767801,0.201856106698164,0.744890790220117,0.444389567661681,0.794530597850564,0.802497593298089,0.643631327287061,0.444781989445211,0.157613493352896,0.266654138414538,0.225925566531369,0.217918640894582,0.180128441074048,0.869522106137592,0.0859356636625016,0.766997292027809,0.5026068081134,0.314014598910697,-0.616333061479508,1.06701868322366,NA,NA
1048,1.92816812040931,1.97864865532441,0.0667937166890931,1.51392040365251,0.473129353069711,0.411050435592886,0.29911892683222,0.923749033732689,0.568984871714958,0.336003776768455,0.680989391861367,0.852018694653641,0.524371380385361,0.66490218781482,0.515492019039928,0.0167711843954166,0.842081190110417,0.0441371355880983,0.676489987825509,0.195486382048926,0.00434522570937406,0.670733323283144,0.509265246168361,0.474259505978203,0.59535991207941,0.586603911607144,2.44123689569788,NA,NA
1049,0.898751635557424,0.717437910288107,0.99988770982979,1.05944891060002,1.39965674110862,0.136562563460669,0.952150636501145,0.917460059622419,0.328765570329153,0.188882728516706,0.786365412541316,0.892310911916778,0.681475586778251,0.85122205755976,0.256868014598149,0.840639318925794,0.279762183965417,0.699486326489598,0.514009574997937,0.545196124350885,0.588071992596844,0.284049427366699,0.834067559693824,0.222999978136155,0.473262622611364,-1.68382789269159,3.80272571389162,NA,NA
1050,1.53907049930437,1.53596759967974,0.0588583554674213,2.23994957356266,0.449739886193517,0.24147785535804,0.266713374021696,0.849561141853104,0.528688578626257,0.165825152845937,0.931320165260695,0.738204438475426,0.728659761218005,0.689644886292866,0.886735918406863,0.306499094157247,0.200151742840302,0.0433296066240873,0.77961639906012,0.680932862960617,0.769198561836034,0.810822246703436,0.709027519345749,0.653580550968996,0.236040503228782,1.35847559421223,3.1214235529131,NA,NA
1051,3.21282988378208,3.90419231737513,0.983173733376132,3.15406856940994,0.180010513908043,0.851515004658839,0.700782511898549,0.974764765061089,0.609812698641908,0.526158784828498,0.874190437248326,0.795182767798426,0.601622101246961,0.20611652122275,0.230713290042826,0.97751276249974,0.147911164089455,0.0601427055076929,0.31783254574961,0.243016353747691,0.543369456144399,0.0503187315542018,0.755683362787124,0.0378534911492607,0.627514064225717,2.80125444531163,3.50688269350825,NA,NA
1052,3.1127033782499,3.31822039410531,0.999944837992743,2.85355539163675,1.29644516461767,0.997218092775904,0.987694237731863,0.567183118977351,0.64310077405849,0.213133246918325,0.492733179616043,0.93712104035099,0.302211993039469,0.853805869207368,0.844111697012442,0.0632139349094359,0.637928055855911,0.0677585190439131,0.882458132704138,0.809377733028843,0.601520438504638,0.189648668362526,0.450877817157889,0.112784529433469,0.426371450212551,0.312569561055029,5.39454122221848,NA,NA
1053,0.627637405671055,1.86002571859543,0.99993234602834,1.24614842335477,1.22125306711407,0.783409419143223,0.977486999225221,0.475500539766508,0.830098616339732,0.441389780037222,0.357682735795621,0.614807927642367,0.793301251622615,0.952034561151173,0.187626399752568,0.710894594573998,0.967760451842449,0.8526373006535,0.110954940217664,0.907564735221444,0.0997411549333483,0.642837643233826,0.359356144723599,0.431508370464086,0.73212925333262,-1.14746360419788,3.63976045090742,NA,NA
1054,-1.87185040227256,-0.863986445836648,0.996289651607668,-0.357550287455214,1.39965674110862,0.0227655259480234,0.777071146465954,0.314061882942216,0.583628100548172,0.0830416779640364,0.675570042784442,0.827368287357385,0.0535408187425928,0.510555843655369,0.610791513623553,0.519819677571417,0.142782445785939,0.485096215275582,0.0417489754649578,0.107963637330919,0.253789512323565,0.207500647268374,0.139438240181538,0.886561411818024,0.246320035597309,-3.10082709074682,2.38572651583639,NA,NA
1055,1.35006149638503,1.46925782166392,0.170219235993692,1.98016425667193,0.78644303070191,0.138633900217246,0.40340777581872,0.316830428608693,0.467930274289334,0.372832786715357,0.819473612655187,0.263888880123151,0.761528304133797,0.445806428860407,0.580045689367573,0.930314622983336,0.736847975941375,0.885017433062894,0.577582592693623,0.739077757241903,0.616238684196374,0.801914296466159,0.47561647690041,0.98792753170745,0.575442752959905,0.438764240603662,3.5215642727402,NA,NA
1056,1.4884897067612,1.52617005749274,0.0509031052402379,1.28310793378362,0.474966316662938,0.404323427616502,0.15212864587002,0.93575340658694,0.442571703300928,0.637972103478271,0.211001584901125,0.559540493160719,0.232202181784087,0.993322682729224,0.905732130534132,0.62396287792048,0.343476492877118,0.126864103996195,0.786243786747684,0.564234892038745,0.0616306782247266,0.0792208565161563,0.887923106700182,0.075933168719057,0.0266360927999485,0.352191059254615,2.21402480831263,NA,NA
1057,3.89292245516602,3.92761315160399,0.999933693950541,3.00387353700916,1.23263520377092,0.587713332365616,0.978493316427455,0.807954532913747,0.26841166861332,0.0767493322782684,0.176022779930267,0.205076373483753,0.357689126089099,0.912626717109117,0.279045459662797,0.292209974993137,0.359521830133279,0.978619255511207,0.601620750156348,0.870295687778969,0.524425955865765,0.573208278680802,0.966261247727787,0.450098564909887,0.0903890882297419,0.587952931541967,5.41979414247634,NA,NA
1058,-0.270847342994646,0.989121699030705,0.975807281357795,1.49236612362563,1.22125306711407,0.628268761052052,0.68223071940837,0.243517765714088,0.839880476206192,0.472959966541617,0.900574612452998,0.981284679395612,0.0442602665008744,0.427419426113716,0.429994897320634,0.547630294197355,0.561777573536499,0.251748268540716,0.447729873647681,0.265629614815,0.699487367412541,0.993299460550421,0.308261825155118,0.901747245763196,0.164297214769991,-0.901245903927021,3.88597815117828,NA,NA
1059,1.64531433130883,1.30410530307031,0.994085927083897,1.37048917105907,1.13896705187174,0.112959069155506,0.753644121784833,0.73695844404283,0.248279810112552,0.800669884779956,0.426976369071868,0.478627301084227,0.584639651563251,0.954049345467822,0.192423865696066,0.805278203536058,0.0114226067886921,0.0347031494840048,0.313403770243167,0.818858036092715,0.452096172777587,0.362460593168275,0.445445472244523,0.765378395549604,0.84621114403673,-0.861845230187291,3.60282357230544,NA,NA
1060,2.44227827165618,2.42693224050751,0.0503088478854279,2.23128947101027,0.828518616027433,0.777822131780093,0.0984478383918758,0.327969316689647,0.782132104526157,0.622050843268633,0.451561342954403,0.744311092513963,0.46716325383645,0.00269233623344917,0.564358347859117,0.229946535489056,0.986341711938498,0.235135541616706,0.113715976047097,0.300407408217783,0.611183735245722,0.888798862466821,0.13503696523828,0.74270107631071,0.443155476719374,0.607422823075534,3.85515611894501,NA,NA
1061,-1.87647041381411,-1.67308356474593,0.377983224988207,-1.45369297919099,0.820132010151056,0.343290337731247,0.46799977009499,0.748049497388769,0.152131812513457,0.939108323505265,0.686186006851727,0.473821023451979,0.53363382220082,0.622417452514055,0.338116975816432,0.706469143432681,0.195287847882253,0.858963311665342,0.0541197882181732,0.628808292858768,0.238547064000508,0.240520122794434,0.610986517265206,0.407682644608547,0.586501261771773,-3.06112218165549,0.153736223273521,NA,NA
1062,-1.20388311114808,-1.14427096473357,0.104570870472931,-0.751772864769148,0.456786674230267,0.468542587925564,0.360109857743373,0.095036340080318,0.892488887374988,0.191915098202298,0.189909741226933,0.990970237402129,0.893407463749056,0.997408365486423,0.922570669197827,0.80643892529083,0.579486093144747,0.123083925495041,0.374755410526297,0.652128464994836,0.643894873722456,0.625820679099881,0.600437324307859,0.466978348341654,0.0713637894311687,-1.6470582948783,0.143512565340004,NA,NA
1063,3.11960249707198,3.30445132030165,0.0938124825047436,4.09592243464862,0.74072323172312,0.750742412616382,0.348533625394688,0.478744503792841,0.510874279781594,0.640849482807796,0.121268460559309,0.596343841060181,0.701994683112367,0.018824957086239,0.350783741454128,0.132342774574179,0.198400410552858,0.874594158485881,0.18785571808042,0.816832367371768,0.701780169766163,0.973844239955535,0.385882796507678,0.465350056458497,0.180160115450271,2.64413157795919,5.54771329133805,NA,NA
1064,-1.44335752464963,-1.35789447631773,0.0500445932809511,-1.58546308056376,0.351197092980186,0.0932289519053884,0.00167064370890148,0.950151056642993,0.67344335150742,0.973425718876766,0.564439513089368,0.278592810673057,0.568772529378184,0.0822167460863711,0.351039746383787,0.0241062658545561,0.887628549055196,0.445611015435657,0.0820911264199531,0.20588471801253,0.329134212526726,0.265869179420988,0.246496978402254,0.544696957225096,0.171209988492774,-2.27379673428008,-0.897129426847427,NA,NA
1065,3.48090847648145,2.92983030437434,0.996913584113843,2.88363003827037,1.22125306711407,0.854392549077049,0.786309866323136,0.168312571608694,0.976421680195257,0.302547908913344,0.503336607872625,0.503924585514236,0.321653098682757,0.0252559360904852,0.985803352180286,0.458766181416926,0.93415502407914,0.569397638687748,0.42577376918192,0.630227573514218,0.277721361940377,0.60282238739531,0.302440314870328,0.975133426144021,0.926708842363325,0.490018010717717,5.27724206582302,NA,NA
1066,1.69573783623915,1.58803524692563,0.0552293234867594,0.657078785139653,0.442772194684069,0.654317396890139,0.240166984479292,0.854620742573636,0.595722980407416,0.963544661857421,0.241640669668093,0.886834363879403,0.283322741348995,0.765279724647873,0.163424593121395,0.233203108792659,0.856652757245698,0.264940792937879,0.208174529789248,0.516155107669882,0.317753734669182,0.960943536504172,0.345131542628631,0.762463518686476,0.274628681411268,-0.210738769796879,1.52489634007618,NA,NA
1067,0.291105332206125,-0.146548711648471,0.963861850947089,-0.325714615025246,0.786490261967677,0.050735369232134,0.661516517222044,0.888352100439486,0.28200711193704,0.740853635620791,0.576222293882398,0.313316206771415,0.0299182177259354,0.688370394914062,0.807111545469612,0.497357726216549,0.886707972596167,0.00870377139444463,0.105064585386892,0.851479050038732,0.656984742094181,0.0138704250566661,0.977189028033987,0.920132422452443,0.248941157698981,-1.86720720267336,1.21577797262287,NA,NA
1068,-0.642773710635196,-0.62459286278346,0.0500942633005897,-0.80860553570795,0.585677095453349,0.8148461905031,0.039098695127992,0.951434501860407,0.744288693709066,0.992655755315675,0.791459786694148,0.496124288604013,0.455010323662776,0.698052159116254,0.457945054547396,0.559416226930567,0.0677155783372,0.820262882451178,0.987937448894954,0.967991249337443,0.85694113739254,0.0272059092782438,0.811469466976239,0.776406658188789,0.991322705325321,-1.95651154936654,0.339300477950641,NA,NA
1069,0.942622394846406,0.920826297845222,0.0642373513369666,1.574210905175,0.449739886193517,0.338477232135134,0.290725351161673,0.963163030811585,0.523127010022057,0.2520688304262,0.805948874024674,0.499751900762203,0.855638991538901,0.755901718690409,0.373411571562407,0.097338406464085,0.808746967334999,0.649024809049326,0.740403555297409,0.451635527102393,0.912991167793167,0.982636911203619,0.987714344524662,0.770266214918578,0.150316584094544,0.692736925824567,2.45568488452544,NA,NA
1070,4.52385466238014,4.68914618704596,0.234277202171995,3.47044594798188,0.763603185729198,0.96150816126063,0.428781046797754,0.115576426871703,0.927133899356006,0.36635406565899,0.120777040619403,0.177623056338984,0.166234613412409,0.410679118152591,0.350136435009306,0.0038969315495342,0.907814295050339,0.291265388697851,0.156604612592026,0.233494051431189,0.386685690980405,0.222287189154071,0.577635531826643,0.310314212563913,0.483467434841441,1.9738112054726,4.96708069049116,NA,NA
1071,1.16069776613025,1.67723201629036,0.999934871155739,1.29909454938787,1.14132310678159,0.304926891566021,0.979389058863162,0.0831343167726882,0.260294251063839,0.940794313281192,0.662807824256597,0.915827872053138,0.266034492199426,0.102109497264493,0.0857569489502348,0.383762097231112,0.937487480001408,0.801028660878073,0.7947299178096,0.758179618149064,0.353994200039655,0.0957267067511566,0.297830899841152,0.273961057398003,0.705223859798862,-0.937857634627405,3.53604673340314,NA,NA
1072,3.66121913384944,4.09617067869992,0.999939691601729,2.77672237098411,1.23263520377092,0.755007313993294,0.983234120509937,0.0635320566763403,0.395222305228701,0.18839286720613,0.245795913284761,0.592973490586388,0.773020507338224,0.802358970433124,0.186423770209542,0.779024729078868,0.0547946132707875,0.627376278212061,0.981247125818394,0.342085479436908,0.603711426164722,0.670024107104866,0.0585223072977969,0.0385640800764086,0.125188469974673,0.360801765516925,5.1926429764513,NA,NA
1073,3.81774638299803,3.8486072682195,0.0506106888368361,3.3396963238368,0.585677095453349,0.878746349588269,0.132550666712574,0.586289789855946,0.74752739786671,0.516759285521461,0.822172670201515,0.586988250413095,0.645641764869215,0.500379445114173,0.703933149555349,0.109786391148111,0.681278006362263,0.122932915778132,0.115274663833203,0.892368550099083,0.0167567451426294,0.42912011271005,0.66717329083418,0.161885018521687,0.397347547363257,2.19179031017821,4.48760233749539,NA,NA
1074,1.27531684203249,1.12867748435578,0.0769958478286264,1.11921238977586,0.449739886193517,0.0349061966459267,0.323402466850006,0.804176115430309,0.495963017763104,0.241558190873591,0.507595128021785,0.535018679354573,0.0803052785902983,0.502311024946161,0.763178890742362,0.677090131700737,0.207563444375293,0.483928163364879,0.907487319418229,0.543744489501463,0.330726027084282,0.962480774082011,0.359738822322455,0.482372647997341,0.0262878271226073,0.237738410425428,2.0006863691263,NA,NA
1075,0.48453273159504,-1.76978987031974,0.964987306207149,0.376538104830591,1.39965674110862,0.165625421908451,0.663159975832445,0.996580643017543,0.966068206118769,0.160458590845577,0.783863204660476,0.664648011305369,0.316514021602459,0.0938569779947866,0.75707195597142,0.0614455505781807,0.780995874346234,0.270103284841054,0.310637776282267,0.853012146118796,0.861202933229506,0.969487539725029,0.369172777664266,0.658214444056153,0.0381285256496631,-2.36673869846102,3.1198149081222,NA,NA
1076,1.3295588685976,1.31066706605746,0.0572971961855499,1.57564629408798,0.449739886193517,0.413269446868449,0.256936955878395,0.641353741055471,0.975714789549471,0.063924357131822,0.883716570888762,0.948655390047352,0.578565995601588,0.584521918735816,0.797450351710315,0.885921461854829,0.958542664782261,0.8412810764116,0.819988402904943,0.908851364912814,0.385148849042016,0.672498986407532,0.0979287862636847,0.542152425293229,0.150676571030286,0.694172314737544,2.45712027343842,NA,NA
1077,-1.77555259058052,-1.85700023317205,0.0501244343841175,0.171456754007407,0.456786674230267,0.411924338682205,0.0529846135168336,0.237269473720458,0.999714356616721,0.501151651118416,0.063508952427539,0.28728280733875,0.922452545335167,0.540155207401025,0.792754378756741,0.868998040508712,0.458925591685111,0.889323476602091,0.0906055512938183,0.713555830885307,0.210180306066526,0.678253863508347,0.840409514694358,0.843890459309914,0.329058357489412,-0.723828676101745,1.06674218411656,NA,NA
1078,3.3387955604318,2.73580627006213,0.933118426919388,2.07741886286106,1.23263520377092,0.630068713369547,0.629026791049517,0.204874975000275,0.113669159673038,0.00808669584023301,0.305760692399228,0.726643524314393,0.333140305649838,0.372193455165951,0.811464117875206,0.96463388455403,0.299935353169916,0.202769707315951,0.850910854906891,0.982837788070203,0.0696528608748922,0.762195216730237,0.531840186953894,0.837893344535143,0.159375545629999,-0.338501742606126,4.49333946832825,NA,NA
1079,1.41708786908531,1.45065937502468,0.050280658169306,1.68413197043641,0.55571472265377,0.0145177008844912,0.0936607829603599,0.96232205530582,0.379371143405093,0.368844977837987,0.0151094075186411,0.572844646659098,0.234435036920127,0.658514035772532,0.858524404355674,0.589778779320302,0.425471777339349,0.704469962501084,0.760395104803261,0.494964789416059,0.356112853430095,0.000724282979499549,0.362168575734831,0.893655085821985,0.191182953038835,0.594951128356353,2.77331281251646,NA,NA
1080,0.477152546441124,-0.13623836175306,0.383963273475279,0.594601823040638,1.29644516461767,0.614341795005021,0.469386222226894,0.56981196715543,0.830804910100764,0.0271499805996427,0.884494754873565,0.989125973327551,0.619694760057493,0.718398418874363,0.114136494485545,0.196405078436597,0.730322075477219,0.953999253508053,0.38047671276296,0.33310499818332,0.167702516930643,0.70817605984793,0.0551371063934639,0.587352740593487,0.72144380669517,-1.94638400754109,3.13558765362236,NA,NA
1081,-0.457576634206647,0.648636940433767,0.978376517504594,0.66358250040506,1.22125306711407,0.808865275991266,0.687982875191839,0.309091339159291,0.788255242089159,0.84606035650149,0.256205906162271,0.408767682599951,0.78646152126661,0.120520346765057,0.520319983193884,0.975170992376283,0.753720396578079,0.15200306293508,0.155141937657958,0.646721459573484,0.304613192889141,0.205550880357856,0.45615454622882,0.216612754615257,0.964895755450241,-1.73002952714759,3.05719452795771,NA,NA
1082,0.86363404357537,1.41527699431951,0.998433086387846,0.641747560166896,1.39965674110862,0.35471498792991,0.820285170385498,0.876220572999562,0.484194940104266,0.0856735829701647,0.853529100321233,0.602593013937818,0.313843958048383,0.544957278905553,0.31752780253638,0.986875509795849,0.82680327124754,0.0412000299695646,0.858207557970425,0.0287905918078031,0.72866910343268,0.697388955966569,0.933784368508612,0.154753750655218,0.559048911127727,-2.10152924312471,3.3850243634585,NA,NA
1083,1.60119991307184,1.68333630859094,0.0501375582788448,0.946963892238779,0.449739886193517,0.0550259946096921,0.0579987609274685,0.863802306472906,0.87867343334388,0.134925765868626,0.403247569101746,0.8378562822612,0.64227928059618,0.50342492385034,0.112484271222726,0.210563626541174,0.272628822841449,0.607583248635288,0.389116967272595,0.633094470336568,0.200668374862988,0.798960005558911,0.818635676833102,0.533810079419753,0.305857088011107,0.0654899128883424,1.82843787158922,NA,NA
1084,1.27537189532945,1.30632737532305,0.999684216365859,2.08360711772751,1.25681324922324,0.882469165135757,0.900441376375384,0.696087112159119,0.326271159256925,0.776074305944145,0.00970651973015629,0.980196594529902,0.88640557547973,0.537242851344054,0.802284791837446,0.669572034441517,0.585935280717211,0.520983360763057,0.330492399899173,0.21809950008383,0.86534274428559,0.259378495658864,0.986260261561372,0.158137008534395,0.809797882678336,-0.379701586042816,4.54691582149783,NA,NA
1085,-0.923278834955919,-0.614964583282697,0.871023252553061,-0.0899174720018903,0.786490261967677,0.224247103497502,0.592545964775956,0.284236123980256,0.772857492321404,0.626951957779238,0.523962080260855,0.507384351857356,0.076559645491885,0.0390600160880713,0.80143343294668,0.94351804416778,0.34731251205795,0.210365343023674,0.876918125707191,0.145432824432035,0.376988433404244,0.15417577784427,0.375877195111476,0.622669943003566,0.581613394646672,-1.63141005965001,1.45157511564623,NA,NA
1086,-0.565344751979064,-0.539132187391468,0.0522797146133703,-0.173008715770018,0.695224899256906,0.449184152049711,0.198499543222482,0.482960507503594,0.984804594508838,0.344232642527088,0.208110906584305,0.388797234092141,0.424576564157032,0.111087102221674,0.531768172984011,0.37268043635902,0.706390643524937,0.0658794104865519,0.235014847426792,0.292222171838162,0.44848982142529,0.356683019136777,0.380546428250265,0.595040567309828,0.214341278769076,-1.53562447946904,1.189607047929,NA,NA
1087,2.80228579738746,4.23624525132993,0.99573122262351,1.52057940369413,1.22125306711407,0.631180769408238,0.770031547564198,0.226919715408469,0.672997335002059,0.00993318117514718,0.712712121305871,0.17151278697513,0.0700636370320572,0.166607767583453,0.0319961505187675,0.296559581146692,0.0706490851267008,0.0499280942819314,0.221487352627795,0.728247916726279,0.669639469153248,0.0112463385552401,0.113549237942672,0.712960315377917,0.381725903660641,-0.873032623858519,3.91419143124678,NA,NA
1088,1.27547606754945,2.42237518882868,0.998980258313225,3.01314456205325,1.23263520377092,0.567213081678376,0.841791932440479,0.819692662738613,0.2639930899092,0.296796276611858,0.1062357304662,0.923252514388529,0.471217363570118,0.541351414862671,0.642653218892869,0.888843571322621,0.485588307120488,0.784083194080275,0.984353377543739,0.416779092403012,0.478738346037688,0.280088714072364,0.292945275452919,0.0466197762435768,0.291015383001766,0.597223956586059,5.42906516752044,NA,NA
1089,0.4214523038722,0.551980859717938,0.994320214289713,0.180753351607109,1.39965674110862,0.0701583780394867,0.755677590686013,0.752758787719998,0.0783217650005827,0.15059193313506,0.382201005626237,0.860853239353397,0.602289048115024,0.767615472744103,0.888862733107875,0.706741396956029,0.683505280351965,0.104920375259942,0.236619979321142,0.0619826345090987,0.140220433366834,0.295154393504257,0.676508793386398,0.805382049407694,0.126741911085439,-2.5625234516845,2.92403015489871,NA,NA
1090,4.25469935762887,4.37835924085696,0.0510832132187485,3.22578752787928,0.83146518014069,0.963476377245039,0.161230535846087,0.119996266711969,0.396601851438754,0.619577827267698,0.813985114823678,0.424315553681459,0.439328844476026,0.674561016924796,0.354358896838501,0.332862000298104,0.427244703357224,0.42360726313747,0.986377832787577,0.364260556543712,0.170583560667234,0.0422426579629537,0.37781681982975,0.386054528696928,0.202643443102366,1.59614572040442,4.85542933535414,NA,NA
1091,4.22842992991428,4.27018996961787,0.0527359601573952,4.24395956218958,0.466780388058056,0.74929863399372,0.207645228291163,0.196257491033175,0.24049445313646,0.467454364410718,0.407737121513113,0.479219271781156,0.290073850987712,0.503885012321523,0.0543210542836459,0.78987543287396,0.91372360536037,0.401445711351116,0.091472195952083,0.310848331352579,0.652240902138292,0.995884989402257,0.00572462005750276,0.507775372765493,0.491360501769464,3.32908681290616,5.158832311473,NA,NA
1092,1.96550274141012,1.98287632431935,0.147754665694872,1.27343371515846,0.851186190235174,0.615180383050581,0.391729324608925,0.452788842128008,0.781158713925397,0.280840037082206,0.254711148113129,0.135483927011606,0.423770499649108,0.00465760622802191,0.330469350992935,0.0720844615075039,0.475126893224893,0.127207888870966,0.887166558044613,0.62401986668061,0.324954470634344,0.269941984721459,0.481461488731671,0.272836365414434,0.983887357168598,-0.394860561840336,2.94172799215726,NA,NA
1093,0.724310042426013,0.180529976900258,0.999904342611332,1.01099598919811,1.08749253900383,0.183079129714519,0.960167181334458,0.700200154712657,0.729820819834713,0.668238152485923,0.688610007228446,0.770649568287306,0.118259298769175,0.0342124369526282,0.296327538853977,0.91713039700035,0.328039856080781,0.232208372661262,0.0664718528604135,0.751495227326173,0.523119299127022,0.417838920428767,0.30699343137932,0.419431514119729,0.0690978563691024,-1.12045022070542,3.14244219910163,NA,NA
1094,-1.52636592917965,-1.69399391823531,0.141559227977465,-0.913505995768767,0.340525183998835,0.442649407205987,0.388093418764416,0.552725462749484,0.632692494253861,0.712777998714126,0.147722356910934,0.445522133489838,0.879652783581987,0.495369847647496,0.768473876983626,0.371945080153178,0.151798560086056,0.931493596384302,0.282735141512007,0.0220196671037702,0.972693316666875,0.994131975057186,0.792397629926214,0.342126341033378,0.259268780037179,-1.58092309223536,-0.246088899302174,NA,NA
1095,0.112644770474815,0.218717692337161,0.0598107060853018,0.17452851711415,0.585677095453349,0.719636059874087,0.271869650778361,0.684909248527023,0.839051074218936,0.197362167040119,0.333555735781323,0.840060114725144,0.425173436653335,0.585246606538654,0.301834076923435,0.573738156489562,0.523812872802489,0.150650233524386,0.219624994927435,0.500135271345149,0.818223293527379,0.485054997234722,0.644294275672408,0.81752895709523,0.64814311564283,-0.973377496544441,1.32243453077274,NA,NA
1096,1.65884205336841,1.70917163676685,0.0540938995431231,1.78686910932263,0.870921008139629,0.960637515054666,0.227867732239305,0.628082967103808,0.340328458164586,0.854271992132301,0.949211584803066,0.0441329650816042,0.6235552371128,0.720481913745636,0.608213308111881,0.16414413922769,0.0554523749557557,0.758867669975269,0.922799201453454,0.702063963518362,0.823153574200929,0.559524764428032,0.412492501510773,0.966542549486156,0.277663198840106,0.0798952999896405,3.49384291865562,NA,NA
1097,0.875444316981273,0.860869442595394,0.0507314222241553,0.907096625975558,0.55571472265377,0.197082347058575,0.141577192106051,0.966606967757107,0.322720506277401,0.292456660268945,0.341475746845943,0.251180668676272,0.897122408234631,0.267701784605393,0.131142932682647,0.0587456770712743,0.0186836423160275,0.57541196433187,0.271580614289385,0.331641429274227,0.988041773188277,0.400661485890858,0.982663187086931,0.890613358188421,0.752675586952362,-0.182084216104495,1.99627746805561,NA,NA
1098,3.03413354769664,3.00319511959773,0.0504687647588232,2.56446443049151,0.533122837040717,0.984313561970252,0.119318867853493,0.921912583717261,0.236633857479901,0.173151766066672,0.724769284031121,0.486567899417016,0.633475617077085,0.0932009842321277,0.106140692278277,0.0182891760641942,0.0586557437789161,0.233841946643195,0.732315118328785,0.2029235994966,0.941855419657775,0.953823599253781,0.485594845484244,0.880306068605394,0.716454996183282,1.51956287055589,3.60936599042713,NA,NA
1099,-1.50632271751614,-1.75880521398678,0.286911597224152,-1.20446823909025,0.449739886193517,0.189414779964951,0.444904083213303,0.532976134299301,0.44494305756886,0.119408738416969,0.542784432005603,0.0810425397660583,0.846933204491972,0.871528963567456,0.781876813978655,0.37961696979648,0.786098707939731,0.246950107796234,0.265950278348057,0.820689353505266,0.472806555924821,0.660540143934661,0.375434712259681,0.177494246776798,0.399721965516801,-2.08594221844069,-0.322994259739816,NA,NA
1100,-0.169926179498392,-1.19208449885356,0.999149823556438,-1.33315698361557,1.14132310678159,0.0411569270361215,0.85089390158595,0.498363628793974,0.323219226242509,0.69934366908134,0.339346029858221,0.252121487151249,0.788743620818248,0.302515620088205,0.19832564926811,0.920806298245559,0.0485456617648015,0.689527379773557,0.675117455273867,0.681977433322812,0.876153096211841,0.839484464986599,0.147739407279994,0.552080636529485,0.479571390290628,-3.57010916763084,0.903795200399705,NA,NA
1101,0.272176536742743,0.377802634246729,0.997420275399434,0.984662420615229,1.22125306711407,0.924049824928166,0.795303007104434,0.476281753080431,0.879837974670343,0.0339751151343808,0.443147868610919,0.224601006167126,0.792303168689832,0.34364700040454,0.754174964634236,0.885408955145162,0.777646544935415,0.244480274407659,0.0142022118152818,0.919993003122043,0.453594376452384,0.0252460434461245,0.261527371821459,0.360905123073258,0.614572316693259,-1.40894960693742,3.37827444816788,NA,NA
1102,-1.96065984954084,-1.18720031232376,0.999908042872595,-0.419656877769542,1.39965674110862,0.139000465782243,0.96213989999739,0.227433263277751,0.415804590361426,0.0147622853374342,0.595289519778453,0.1157278742817,0.483186048056115,0.382720530964318,0.351806452868506,0.380410302626202,0.797036557494896,0.447634103980963,0.622261593050556,0.940268639847985,0.127293526520953,0.0815318317639176,0.381161431796849,0.716134579442674,0.755953626698698,-3.16293368106115,2.32361992552206,NA,NA
1103,1.94630493734823,1.95641547332427,0.0528846032808011,1.61058033961369,0.474966316662938,0.0559115641776007,0.21029832193593,0.644989710187074,0.876713529301807,0.818004760924145,0.228092807995272,0.74974349924305,0.892220392627176,0.0808038091162453,0.964616537899012,0.590690605073585,0.976742348446394,0.929122327923542,0.314809931651689,0.0197530694099842,0.038733112958027,0.314163593448582,0.188351719294325,0.845351007993566,0.309870023183874,0.679663465084686,2.5414972141427,NA,NA
1104,-0.0099829366523719,0.0589236520413242,0.0998462463751202,0.135062057760062,0.645207728569987,0.952726021582144,0.355318880454288,0.414154902909184,0.91888046533044,0.779760641082539,0.275333446028992,0.419075756699196,0.393146730981185,0.555217766287504,0.520985819301102,0.204221222349326,0.472082771845162,0.473737207356258,0.558679793805699,0.248877436040901,0.31557022202271,0.533536259632558,0.748650422866223,0.577485300597269,0.840229484449257,-1.12952185278401,1.39964596830413,NA,NA
1105,0.163080015953763,0.143926599285246,0.0500956720914058,0.18963867765788,0.542682743900926,0.361673771288595,0.039840503951651,0.857491181466961,0.14384888527717,0.634814819386578,0.111949668336776,0.35559774527722,0.0950878722222988,0.294077212716918,0.525947048016707,0.234618175350712,0.316958102217875,0.859125520394416,0.257165943227359,0.524507594791241,0.644550558464951,0.936841943524894,0.219010916457395,0.618653214106686,0.832415251978906,-0.873999955419309,1.25327731073507,NA,NA
1106,2.19735915517397,1.98719902835251,0.985397959621593,2.66899829888153,0.786490261967677,0.207946083927993,0.707990539655206,0.0774191714649787,0.159465156373917,0.71652413131611,0.519570309230825,0.695317678879597,0.0351559633283177,0.580536640864564,0.154294082592474,0.551534747247584,0.62184710663429,0.303140149697196,0.592818464852171,0.74946801811445,0.563446474449127,0.375225952034816,0.461252351891133,0.695561823574477,0.216189905571635,1.12750571123341,4.21049088652965,NA,NA
1107,2.46742958755156,2.48523322876307,0.0500521557226563,2.46882642810911,0.456786674230267,0.191603196998942,0.00950357743294444,0.195848852138966,0.59102690856636,0.377483222565264,0.758183627455495,0.291189070680644,0.932767146406695,0.0644112944897497,0.39091736720968,0.795507996518398,0.256691232721554,0.610281097554835,0.118302442555665,0.53372227298806,0.228570551794488,0.381445555579732,0.373504431991256,0.833859813314979,0.18975422362471,1.57354099799995,3.36411185821826,NA,NA
1108,3.98706620772633,4.01202579506429,0.0831633551435157,3.49654232348235,0.779214179886907,0.850031788807595,0.33402580950188,0.471425276428578,0.770778193602804,0.151714959634701,0.00199366218026262,0.731699525851524,0.914580538733397,0.226745366546558,0.815962611229974,0.304961463102722,0.54502048355795,0.0130694506969303,0.28241255127464,0.701462846630486,0.975580800457392,0.370197257261607,0.727765017295256,0.123403207653086,0.233072509184363,1.9693105946611,5.0237740523036,NA,NA
1109,0.597735980675913,0.70999900003451,0.817067645627533,0.757638028810692,1.29644516461767,0.769906370062963,0.571672927814652,0.861474956842139,0.910402042122325,0.881191574710887,0.340840342476149,0.62697336495365,0.56238392321975,0.686180615086807,0.281075186753646,0.0635707533535315,0.526456697291229,0.189332984837703,0.907999116569292,0.703908478624886,0.693302182662534,0.217631971862866,0.981937174647348,0.303032403630088,0.70126696397597,-1.78334780177103,3.29862385939242,NA,NA
1110,2.86813481931832,3.37841964795684,0.99984365202634,2.21844120632143,1.07958489405795,0.66228730567079,0.935598427484045,0.0310652233718429,0.00734099230612628,0.362120135477628,0.743642367480556,0.0807089714604663,0.43744912360562,0.563473884744104,0.497846597204683,0.401733817182248,0.438896715995623,0.94894415689481,0.748127724027378,0.636214958755299,0.679909793194267,0.977557342123357,0.00907544117281213,0.159082856391324,0.314991020445246,0.102493695714353,4.33438871692851,NA,NA
1111,1.92418673104837,1.97434885286436,0.0521456428153678,1.22882244501114,0.502646347146875,0.141625643122941,0.195461916475906,0.687591304044356,0.989898147309432,0.653685518587008,0.641818774596672,0.412155237976694,0.060547745626769,0.801088794977288,0.890907788181561,0.291716138460208,0.37750387461402,0.32572476860031,0.359061956196791,0.379924257530482,0.944290640331921,0.166761662486708,0.730069306229358,0.769965903497534,0.223178278543754,0.24365370764265,2.21399118237963,NA,NA
1112,1.73147714456673,1.91087656906769,0.999782687203855,1.97834821272153,1.39965674110862,0.065771446477389,0.91913253572851,0.601375024909619,0.110763990377076,0.49686374807125,0.295696499252226,0.203620439927443,0.520906574235647,0.751027463866165,0.0577973986914149,0.609322350776172,0.549712408517837,0.420278616197524,0.444129732860136,0.176418900992023,0.0935142592951888,0.979529300534632,0.487077182066743,0.620165970534435,0.993951460753917,-0.764928590570076,4.72162501601314,NA,NA
1113,-2.90559143253326,-2.60977525167716,0.936064326259939,-2.33089349783295,1.08749253900383,0.0685611011929577,0.63144560354366,0.920658443380031,0.947438014764921,0.917244535028236,0.65907983642153,0.319292570314486,0.902134324453422,0.5389269317172,0.879395835012314,0.332340617543785,0.325928236466483,0.871537325663609,0.298261133873253,0.770641790885362,0.792716712195775,0.516862093753531,0.859931086907978,0.0217995038147783,0.62361595893139,-4.46233970773648,-0.199447287929422,NA,NA
1114,-0.756437774707149,1.07299066471659,0.986533549192496,1.06881554036888,1.39965674110862,0.370313015763415,0.712099193911767,0.303544246854377,0.577022579190787,0.367086084847571,0.338919052136363,0.764359489654424,0.516719709711266,0.225722769675893,0.136163534610067,0.604602792225895,0.0225561509907711,0.412512986585149,0.737428471758729,0.958883024184965,0.401056853307644,0.162927818701952,0.675535072724684,0.646960963906604,0.662914713836042,-1.67446126292272,3.81209234366049,NA,NA
1115,0.84786551486522,1.3787280382548,0.99970650748184,1.09065560524599,1.08749253900383,0.374658046726487,0.90410280645988,0.844237896903651,0.853007640956435,0.676045260216808,0.990897776898462,0.78640631622856,0.613368771445006,0.199124692599056,0.261597813800909,0.75036520091712,0.157640544710448,0.681992519011023,0.64063438177749,0.428073289767723,0.177004964590888,0.346264427920221,0.313844198025414,0.941515495690401,0.712995358257671,-1.04079060465753,3.22210181514952,NA,NA
1116,1.95976644633203,2.39621758543863,0.288799921991765,2.12785684443318,0.923929975061825,0.549017442918965,0.445433613048284,0.233263171047438,0.635292823337601,0.822601188559784,0.636784878810402,0.0644749028714141,0.208362459578551,0.507859978492372,0.389776429741876,0.174329473039135,0.768370742111118,0.793112441735109,0.871097699110396,0.491909872982185,0.6176291914467,0.340874772239826,0.768490299671772,0.0976608401797712,0.218653157461667,0.316987369075016,3.93872631979135,NA,NA
1117,0.114791330446608,1.09459566860353,0.822096855300357,0.888334914394428,1.23263520377092,0.92499257015367,0.573393536554533,0.722795496441657,0.469030095732305,0.221569849499385,0.502449121683836,0.06965909103991,0.430676832274301,0.669570691084024,0.487464650043286,0.112579705304001,0.0531355076923501,0.722315832624794,0.129499978786916,0.181777025097515,0.72219526168867,0.958640727967024,0.342887324955082,0.968336745433742,0.105422879586462,-1.52758569107276,3.30425551986162,NA,NA
1118,0.259273234900207,0.135660046985691,0.0764250507425256,0.736688097871541,0.85435310721902,0.741395761749707,0.322303024891182,0.305445267160074,0.443950138836051,0.422064880272723,0.758595520953764,0.533286883602966,0.437930409887107,0.246358657689649,0.315850319117424,0.637380000442499,0.818394050265197,0.521290403244086,0.889915416921838,0.404895677717635,0.924637752539827,0.795680619729799,0.677068047101726,0.385593731948989,0.996851468079723,-0.937813222357625,2.41118941810071,NA,NA
1119,1.92143187309194,1.15183555176944,0.443159761815632,1.32869511722449,0.340525183998835,0.344427189600654,0.48259688373073,0.875241998346988,0.701538245600415,0.767570361839142,0.916342829743633,0.56288473129773,0.834522056285176,0.481971494206926,0.0235312535273843,0.0919095389896538,0.153180231461301,0.566031290519051,0.798925508432207,0.156945129277767,0.96375964057527,0.221583993199863,0.827948438917752,0.296567304707598,0.644950386298238,0.661278020757893,1.99611221369108,NA,NA
1120,-2.55084688421252,-1.57241195006586,0.999927937642365,0.064902337076155,1.39965674110862,0.336871142964577,0.974330479156575,0.30852468806121,0.894259477996035,0.496030755746993,0.94272605698125,0.317258010111633,0.682709818303585,0.749610704734805,0.635464009782532,0.367971947662183,0.41243514844228,0.614793619187549,0.279269861463807,0.941985179290059,0.289606863391818,0.388936408386566,0.48190463816782,0.509105254309834,0.45932918051281,-2.67837446621545,2.80817914036776,NA,NA
1121,-1.9566851370801,-2.14736331909128,0.999649477169154,-1.81681817820205,1.08749253900383,0.00504860092001036,0.8952211190901,0.94605567080318,0.883748876437079,0.855370222207974,0.801677941214177,0.0302774194949307,0.458190478257486,0.113273668701295,0.29591715324251,0.785464838131098,0.696334221567609,0.175179790248396,0.522885207494255,0.757790792911779,0.989877915618475,0.0381592676988803,0.351332439582446,0.699617281966726,0.737246910383808,-3.94826438810557,0.314628031701479,NA,NA
1122,2.93835166405674,3.23361659171178,0.997726161136383,3.09389514219238,0.85435310721902,0.71059907837538,0.80162980342377,0.943862676348072,0.465177035831613,0.432976974340272,0.100006978490972,0.446756847532466,0.296861874026712,0.657833763316739,0.927696037354763,0.951134024412604,0.586135993197444,0.70761912298447,0.568649459575536,0.340023070733761,0.549501717428793,0.30876746782288,0.218400073975441,0.188394606903545,0.940030025068903,1.41939382196322,4.76839646242155,NA,NA
1123,-0.323352381651413,0.0384966959600429,0.99451854212329,1.01391773220672,1.07958489405795,0.79499188037822,0.757465210847789,0.0776183394740801,0.0960774500445696,0.355015789275756,0.430683886957821,0.464306111933547,0.0224687504152535,0.967648381334962,0.82426672058017,0.370698160752538,0.507560169298435,0.614479205342126,0.842330286338809,0.327873938751291,0.933654227961903,0.734597021667054,0.320472136638244,0.841910494734999,0.205866810023668,-1.10202977840035,3.1298652428138,NA,NA
1124,1.83462202299475,1.51115684765755,0.834220071911119,1.81668488381742,0.85435310721902,0.901548116936116,0.57770142552699,0.334930298926542,0.494661424689228,0.338037956778659,0.475980099185486,0.608326493945438,0.030597443060833,0.00719414688891266,0.384005919420277,0.855619861337938,0.529089000104112,0.626109856126714,0.45232158947736,0.385822054215707,0.969081552418415,0.116591019796324,0.72351753115328,0.243768905836507,0.862809039082611,0.142183563588252,3.49118620404658,NA,NA
1125,-1.97950501334216,-1.99662142614859,0.0506750086237551,-1.52318765086746,0.340525183998835,0.0210942553895293,0.13756094955455,0.0442453315423336,0.791626269459026,0.616444750698749,0.38510590275412,0.38266719680652,0.948324089370202,0.253908980736509,0.0934761209808057,0.683092098988709,0.259356774342596,0.621155090174987,0.345772783735651,0.831839393385104,0.602357178832055,0.726401661961223,0.689036242450937,0.906627464447753,0.549248255398008,-2.19060474733405,-0.85577055440087,NA,NA
1126,0.838836655448712,1.87476935831321,0.542005811580111,1.25892383578422,1.14132310678159,0.054471346057253,0.503581701679155,0.369706248266972,0.318232961367932,0.918751769277733,0.473748092735652,0.916107371184509,0.0814768481157953,0.715469462742214,0.508703490800923,0.668394244400901,0.80537521204073,0.992241070579388,0.294777167484048,0.243939365543425,0.638179359484697,0.648272388487938,0.229062188888434,0.257461722968495,0.423953014657833,-0.978028348231054,3.49587601979949,NA,NA
1127,2.90712298258328,3.00682821119523,0.783597261780801,2.69003921095544,1.07958489405795,0.64877528644586,0.561040949397837,0.485444998138701,0.343015283861663,0.353549101383076,0.655831394613022,0.339950809606118,0.971125892622978,0.28572384145821,0.996480797759956,0.595878942445503,0.530085435522255,0.637689284140943,0.594562772688223,0.745233976898366,0.92856463681825,0.0675580914281309,0.308515194280888,0.801889819535543,0.543274009406101,0.574091700348359,4.80598672156251,NA,NA
1128,2.17724178166849,1.34149624493362,0.799588733687686,1.64662185335669,0.978729206128573,0.212615509246476,0.565957655714592,0.881285232343245,0.733953644808382,0.433348791478435,0.204003105108044,0.315904976035003,0.373260250385618,0.818744763922063,0.8223659034468,0.913302901990828,0.761680732718902,0.144054230513633,0.295826469550258,0.430755824834108,0.812191305155051,0.791726315329317,0.73394356936973,0.952806915040594,0.791593184401281,-0.271652141272789,3.56489584798617,NA,NA
1129,1.85435803238557,1.8144657484969,0.106844738594466,1.12456519878128,0.751885287713324,0.656563107234077,0.362278161814203,0.337907526470604,0.681148717222852,0.321065466814442,0.518836320941104,0.833925131878001,0.00683982066053431,0.552955878311768,0.422269620957319,0.485043402315117,0.287154688586597,0.99834923031833,0.709236781059881,0.398323642681818,0.110437684027478,0.199085930222995,0.464270219696686,0.828347427049303,0.734562786742812,-0.349102885642371,2.59823328320493,NA,NA
1130,1.04776422226708,1.93767504853692,0.996637774362654,1.23798423275331,1.14132310678159,0.454263944872073,0.782015668761218,0.341689379108371,0.0467752780108713,0.764535693608341,0.616418272613431,0.196995990168885,0.817009173703031,0.385965490409522,0.607732187190908,0.442032940948149,0.593465355392429,0.576712940822705,0.393975322960177,0.596504553355742,0.918563282599556,0.241208213478443,0.616772212436423,0.187694832049194,0.384659639427788,-0.998967951261963,3.47493641676858,NA,NA
1131,1.94607078882425,1.96252330041389,0.051051522297016,2.6796923121639,0.456786674230267,0.243747137928149,0.159744220745284,0.221038253524923,0.724912395031424,0.452533736749436,0.613277142219711,0.547946254572948,0.872902064031106,0.133016792875016,0.251435950349085,0.723171528315987,0.374076781433891,0.160389240933117,0.654233356852434,0.141321985437768,0.514141872864566,0.877940506753861,0.817201456112089,0.539478963639005,0.533190832434571,1.78440688205474,3.57497774227305,NA,NA
1132,1.92469298673423,1.9467561100127,0.050633171478983,2.01870151962961,0.194945978274951,0.382787386858487,0.134359536962467,0.425917099401238,0.737003099194611,0.983521725029685,0.0841226619628724,0.346894984022481,0.73595217458671,0.0995405159835936,0.809713206339278,0.374349470614456,0.786625926826033,0.545215268273256,0.639486002156045,0.874226154670818,0.978149293571827,0.0741252560416469,0.0248539051540429,0.158692820069729,0.872991258737049,1.63661442327978,2.40078861597944,NA,NA
1133,-0.915323344366748,-1.03576521617904,0.995642785447463,-1.23672686864723,1.08749253900383,0.248723336831201,0.769001595170121,0.161330073395395,0.963895802166779,0.62300117648649,0.114022087628255,0.326065454270109,0.265022968539386,0.893379921293585,0.41357281325222,0.749795471099322,0.521783704811009,0.086099798744428,0.194613654826884,0.755663929397007,0.880255819872487,0.194187837666017,0.776087757903268,0.136288250664715,0.425237486319384,-3.36817307855076,0.894719341256295,NA,NA
1134,-0.174087175092833,-0.638816627410627,0.624195156783123,-0.911175040698882,1.08749253900383,0.500017589949886,0.52119496791414,0.939213573479559,0.754441906526685,0.933041261561098,0.872823550440371,0.212102785511524,0.149214187101577,0.250095750880078,0.234577342921169,0.0564487729062093,0.74003900092945,0.209469954562141,0.0586035016684327,0.135615089163999,0.255884825506946,0.537320914016105,0.832303508025943,0.51864981623285,0.468443040671991,-3.04262125060241,1.22027116920465,NA,NA
1135,0.214569664953432,-0.63563475892835,0.969951816273522,-0.733411001212812,1.39965674110862,0.170184969868977,0.671075953880791,0.663608664190862,0.833439596056356,0.143744358511176,0.769502020857763,0.984805466305697,0.984258504172089,0.017481920187478,0.632609607190942,0.25630421819794,0.926748006276903,0.117066511445213,0.934692750297952,0.980235625642119,0.848322913202224,0.983085687779705,0.89907264794095,0.21392847465456,0.695111662887852,-3.47668780450442,2.00986580207879,NA,NA
1136,-0.61465136428714,-2.3604604143123,0.998997573940436,-0.690561891867699,1.39965674110862,0.200181459833984,0.842649156036787,0.531132377288886,0.339357273816713,0.348149259855389,0.704471527259797,0.739456179872621,0.560283567133825,0.00428824159607757,0.410305336266872,0.930545619441196,0.575951376915211,0.489413041034713,0.741197810772923,0.541619167775731,0.629399800944259,0.583589607429691,0.841307040701038,0.944494517579558,0.505997942425427,-3.4338386951593,2.05271491142391,NA,NA
1137,-1.05507639167913,-1.05418990245023,0.0512491740544744,-1.37723903268723,0.388045876294379,0.0617828557363246,0.168366818861337,0.349676990685519,0.233774321031757,0.607666828105692,0.402620490450063,0.649443237301544,0.583936255310196,0.160013698335388,0.987588758215774,0.671916104887729,0.308068774750573,0.549553187563899,0.165876613597386,0.33714394439233,0.283795783099718,0.478012375717284,0.0778993409029208,0.557999917184352,0.413745273256325,-2.1377949745735,-0.616683090800962,NA,NA
1138,1.91882039608013,1.83596658677656,0.219019910458418,1.37180076796479,0.55571472265377,0.290919807748287,0.423473343268852,0.7079974013709,0.183679351478815,0.441969861673308,0.831484008761472,0.165530112534994,0.233733467570273,0.577277857793961,0.574028531909338,0.663098395281704,0.383474867350655,0.449233216283144,0.700330417984747,0.978984109814395,0.133792924709036,0.50968803793448,0.366174118669471,0.949699008856202,0.322376338434406,0.282619925884741,2.46098161004485,NA,NA
1139,0.475793843226495,0.3954570004081,0.0514016046728793,1.14113018729786,0.868958626292695,0.744822736611241,0.174131612666766,0.469928730862099,0.960561239757924,0.12555858004326,0.570092305138474,0.48740788871306,0.186880116084474,0.772287510262569,0.722396131290239,0.754643097577733,0.828914793184144,0.68755822607642,0.0809138412439497,0.941260559263872,0.27693075975636,0.606447246397263,0.641756284880219,0.157858463221579,0.873480390081066,-0.56199742429122,2.84425779888694,NA,NA
1140,3.21725447836106,3.20617837745662,0.0501025243738577,3.50657172655187,0.70721785693893,0.781779863192351,0.0432995613341918,0.233602739341673,0.815318367295433,0.183455824816832,0.797461725468398,0.313928407483851,0.375479231085978,0.596488348136423,0.898852476360858,0.655881000971305,0.0538669031060999,0.883464003855363,0.772414202302811,0.947363864743267,0.0563777298404602,0.0262867561149178,0.206647286020918,0.377621261921013,0.58265366565052,2.12045019772797,4.89269325537578,NA,NA
1141,3.87479896260668,3.88092502298177,0.0747431550877456,3.98129838671288,0.531369986521555,0.613242365273298,0.318923875975423,0.974130090087652,0.36516708776413,0.304736039634096,0.207012996839709,0.454265667534783,0.496611677456531,0.941147218442406,0.416945336386212,0.727376568981214,0.618345357566373,0.277681520423503,0.103958734324435,0.663200731472578,0.611906832739594,0.688724519714364,0.399741444433457,0.428411313630757,0.293712089315173,2.9398323506651,5.02276442276066,NA,NA
1142,3.20759012087475,2.05293292246715,0.999952999774791,4.20007918939459,1.25681324922324,0.618264996423852,0.995700769752264,0.377089284014772,0.478092562472099,0.654092340741307,0.152543729506317,0.594196602909127,0.848336998506915,0.598425352555932,0.0424094499062048,0.09076440520084,0.632575481261592,0.378590167677263,0.494070542487549,0.984172008927446,0.810339910475537,0.458104167881305,0.685561464068247,0.723003396913875,0.661917191760149,1.73677048562427,6.66338789316491,NA,NA
1143,1.47593570709542,2.86018647850762,0.999688489870472,2.8221963141761,1.22125306711407,0.968703908895957,0.901122872407897,0.41319656989933,0.854631295352592,0.520479768791585,0.929961742484476,0.246024675338296,0.00806413488916587,0.811337646596367,0.229769062529202,0.679291443316732,0.417561136322096,0.132989426807268,0.399261076291441,0.775310262714163,0.00976613835687749,0.506629829298123,0.47394150719326,0.449950719741988,0.270193481620983,0.428584286623448,5.21580834172875,NA,NA
1144,3.0427651441461,3.00203452470005,0.705259227654565,2.81434743154938,1.07958489405795,0.578454524780624,0.53994673462701,0.143315856679576,0.229115689270664,0.444960117933806,0.890574003830552,0.98254796521645,0.627008663354092,0.91666333193751,0.714301346837776,0.881890409021988,0.40110878461285,0.901681468093651,0.0858662519488717,0.639034485919867,0.285560929382686,0.552955984966713,0.895555548579432,0.440281812042696,0.0329842492684256,0.698399920942306,4.93029494215646,NA,NA
1145,1.40082935008203,0.863502608116736,0.988659797200754,0.727913554613704,1.39965674110862,0.329718464221689,0.720804946429445,0.804672384404694,0.415175918766996,0.401405811485834,0.614034969413071,0.720933311948087,0.186427057198598,0.812498596481979,0.51913062441221,0.200052037950838,0.334406451620045,0.101427533288952,0.578340688973898,0.0989972599397879,0.889696578422212,0.940561638581217,0.886838790392154,0.234182470445754,0.43725985455804,-2.0153632486779,3.47119035790531,NA,NA
1146,1.32498608876565,1.31542206883521,0.050882229521721,1.38620237079668,0.474966316662938,0.380318852247787,0.150958204070688,0.958820522470633,0.424472486919956,0.586101933892583,0.181950423788512,0.089853798585129,0.202016672536847,0.61655849169346,0.13384139894275,0.481742510193842,0.991898415072705,0.712192675061873,0.477452508470044,0.952718109418754,0.135978172475705,0.765498802061775,0.666236587955733,0.058615499352105,0.158549285835004,0.455285496267671,2.31711924532568,NA,NA
1147,1.45440004418825,1.39643430313889,0.998894324699102,1.26629573027912,1.14132310678159,0.236052389005665,0.83774205788481,0.375913538602879,0.546604733033339,0.541723948901752,0.172782613868359,0.510490075545618,0.54116055643966,0.847112842708826,0.764896348342532,0.798003043507226,0.390867700761883,0.456893490409013,0.263086762174382,0.90302322343539,0.590378925731638,0.609249031678075,0.46760382255516,0.550515135881142,0.643865378043149,-0.97065645373615,3.50324791429439,NA,NA
1148,1.8853137655191,2.12496059754233,0.631122369258037,1.76126935944395,1.14132310678159,0.144382175061153,0.522724819399184,0.532204576480901,0.400857076699729,0.939897457266809,0.173870912495884,0.440202888678177,0.900901113224565,0.980993931785109,0.149924804877024,0.734841715402086,0.406065317608765,0.362143183848704,0.893735036893049,0.0101104127955623,0.175629123802064,0.792148733076174,0.394821951337741,0.226380149805569,0.538006657939055,-0.475682824571326,3.99822154345922,NA,NA
1149,0.294752846778119,0.36618142318618,0.998050768878147,0.887392532033146,1.23263520377092,0.802972776503419,0.809348652807763,0.0817775425440632,0.0904888246749761,0.277716630235431,0.937864981444785,0.90283283944591,0.117395496407989,0.427676093765069,0.800401421846705,0.877019872729317,0.297171839837683,0.155313837946393,0.209590683455463,0.902194386967225,0.539245253994712,0.89259796019597,0.0567043130425736,0.605456393206958,0.596102830978809,-1.52852807343404,3.30331313750034,NA,NA
1150,-0.557887453753152,-0.429394662258481,0.10976131268779,-0.523817410170243,0.456786674230267,0.324086493839859,0.364943444590783,0.0410948969959281,0.986644103219383,0.284576979025849,0.501332717368263,0.83290115793189,0.590543253081734,0.449770580883604,0.912310354961432,0.325079931333312,0.431070375109906,0.926754701313796,0.792772914065979,0.201149907164159,0.788835706196493,0.281884658971103,0.192307667058543,0.344941645001178,0.429297565799556,-1.4191028402794,0.37146801993891,NA,NA
1151,0.919975589477365,0.952124017928669,0.0505658468438624,0.971031730958522,0.530888833867648,0.897011825983645,0.128735099492013,0.591052237218944,0.28699665323121,0.206820134205977,0.863184050430427,0.113137705067638,0.49850682694884,0.362787170601543,0.595013448488549,0.572805462774937,0.798046534215449,0.499640075331088,0.691063568237936,0.70302132503863,0.875435897329589,0.696149989067926,0.382476338856504,0.714575502645341,0.311403269974049,-0.0694912632165369,2.01155472513358,NA,NA
1152,-0.509893232636096,-0.551871665254052,0.0502476897767752,-0.308639294857128,0.473129353069711,0.0390439961783122,0.0874110279767774,0.691207034850726,0.595416541599901,0.104161653923336,0.575345864503761,0.780259706776822,0.795680971176247,0.547384058601689,0.370291469121585,0.720434924789821,0.222841487146565,0.455467921611853,0.706300461198436,0.847566146870377,0.903567288427497,0.052262112210854,0.994644373602816,0.724386494175415,0.647158625717158,-1.2359557869025,0.618677197188241,NA,NA
1153,0.17319422374158,0.0836480638640458,0.0587263309074088,0.908848917620899,0.55571472265377,0.0288375683121849,0.265955553537118,0.942611740975291,0.218735478206887,0.301823809754569,0.385578310831916,0.754343595956685,0.0947198678266723,0.610736098070047,0.460555816786364,0.700927760920604,0.487886961390148,0.983269318928709,0.854105889943312,0.519940529609099,0.124117668784689,0.826922428847756,0.20915559225867,0.233026611531153,0.482384865637752,-0.180331924459154,1.99802975970095,NA,NA
1154,0.369951887489536,0.502238490533221,0.0523524318262902,0.675522922478037,0.388045876294379,0.268713129872573,0.200073347159661,0.692887058205204,0.0775959402102744,0.707015595155186,0.5240123724523,0.136945203720941,0.899462386847707,0.846710287389113,0.871377455160604,0.786043053431087,0.52667743111914,0.326492728076526,0.711722188724205,0.899248278168612,0.333173369678785,0.0303614053435158,0.698192410837277,0.312825869759894,0.680126483983127,-0.0850330194082312,1.4360788643643,NA,NA
1155,0.400714161618429,-0.822531850061816,0.963496857500699,-0.580833694913401,1.08749253900383,0.448455252455664,0.660994079149677,0.0797599867270328,0.719988980604219,0.792284248667536,0.140643176677404,0.73317867167131,0.835681418552413,0.203905045844265,0.0945126137899933,0.598107741822023,0.882671809107065,0.182477592321928,0.812396507856669,0.467310354262707,0.0448288685249863,0.920375896983547,0.791422835253994,0.703900444089086,0.11466618785297,-2.71227990481693,1.55061251499013,NA,NA
1156,-1.22923371467451,-0.621980031507312,0.999951176065044,-0.994114688588512,1.14132310678159,0.0510544509773608,0.993797260280582,0.68305162002088,0.454136288729263,0.656231614367454,0.735911788967205,0.711921323122922,0.448898236331297,0.516448621112038,0.98387345443794,0.8898924814458,0.3465797887441,0.120270231671748,0.540216173174209,0.498528892889852,0.103257428222685,0.430355214384734,0.0521291012341389,0.877852277504047,0.611237227946869,-3.23106687260378,1.24283749542676,NA,NA
1157,-1.40829523508422,-1.22083326747464,0.987920265307734,-2.17331997426434,1.39965674110862,0.457176079047262,0.717606785534299,0.289749858520692,0.410011843979475,0.140947149072657,0.626964969305554,0.335204598097131,0.930756421893369,0.628167520149029,0.929889747422305,0.33114403094654,0.728339443767909,0.460529239107622,0.534589888962218,0.909267186914338,0.215487858771929,0.450363348452956,0.957150846633478,0.102958570703631,0.652397264859756,-4.91659677755595,0.569956829027263,NA,NA
1158,1.27687625580856,2.24524468821684,0.999472480708676,0.632555057216335,1.14132310678159,0.494048927182564,0.874773819498718,0.802191650680034,0.343860685676686,0.720308871461544,0.344832339652814,0.893972391886287,0.704630297508906,0.129799145459663,0.816235413379618,0.12474346093554,0.91566193911829,0.559700967671233,0.860560912996414,0.0717653475230327,0.139208887457033,0.714125135854119,0.0867984199492494,0.859336580431554,0.259837931698654,-1.60439712679894,2.86950724123161,NA,NA
1159,-0.149705337813822,0.198518916578028,0.838642371842215,1.22502711917653,1.23263520377092,0.995001930275816,0.579334487799788,0.0165744844864821,0.140769081024802,0.220168556586839,0.678738411778817,0.323007706006523,0.634866053489619,0.635644216202898,0.561575529792928,0.324112374266377,0.148711482302169,0.736482881802018,0.933395720725879,0.869295510835713,0.233345450795488,0.750618172398885,0.795230589542887,0.573494147172081,0.980608707397827,-1.19089348629066,3.64094772464372,NA,NA
1160,-0.854797106736466,-0.882202474190053,0.0508496521527415,-0.458079493709686,0.340525183998835,0.104545619326644,0.149075227047782,0.533796180302044,0.899721845990978,0.717812947098049,0.892168113462976,0.735935873750714,0.843426381086232,0.823532397543313,0.713766957308864,0.112393126680516,0.985121894771699,0.0299595427612076,0.908588873730972,0.779568088591797,0.899240112791769,0.989549973638146,0.615390668218606,0.0603459710841998,0.88597005662322,-1.12549659017628,0.209337602756906,NA,NA
1161,2.27586125947627,2.34350964028281,0.0651235736317493,3.04095407502061,0.436942560779198,0.893615848393412,0.29379201689444,0.591957793952781,0.221207676545833,0.834893538327189,0.645305819471949,0.906128631634871,0.89030264996097,0.709727014953503,0.980980416692793,0.100127649419126,0.338184248248814,0.55564869670209,0.809686059128493,0.676493460864993,0.786810356999398,0.917904774774448,0.81418666550389,0.0119172142670723,0.894672453253763,2.18456239258068,3.89734575746054,NA,NA
1162,2.30622553540997,1.95498636878328,0.306883928040082,2.38199468107622,0.585677095453349,0.572675098179257,0.45037134319183,0.989852891632821,0.782909342342406,0.724682695634896,0.272597012459883,0.267716239363654,0.120798538938281,0.722470413249917,0.138494522177614,0.955648080477375,0.107850393174333,0.749728698582854,0.356819395195111,0.000473568848683499,0.51133607949724,0.225343008374562,0.803828308424097,0.533330773642752,0.0442450317384209,1.23408866741763,3.52990069473481,NA,NA
1163,1.49319740512554,1.36021555391308,0.996940235583362,2.04282686524624,1.22125306711407,0.71905323373503,0.786744902850827,0.443523147970089,0.864343764419085,0.738878990730736,0.974021727508865,0.0864792419539299,0.292007070292253,0.655948841338046,0.477179935426102,0.956109421943431,0.916056714109145,0.228453630814212,0.964980199502315,0.638533144411747,0.0780897802708205,0.708644428276573,0.178481683220831,0.366350439919741,0.494885359264445,-0.350785162306408,4.4364388927989,NA,NA
1164,0.432671154276835,1.75139223472868,0.99385863631097,1.66471919610026,1.25681324922324,0.843741462672828,0.751746479428606,0.232207294100896,0.0818244818121893,0.987124046635465,0.36364688412752,0.443209271785687,0.707312283174833,0.442741094356985,0.13951805128972,0.831962301810621,0.798827864760417,0.262882337185438,0.944785241752281,0.564885731889051,0.907274568824214,0.28259801036329,0.317471887759515,0.0697533377998043,0.332624005274498,-0.798589507670063,4.12802789987058,NA,NA
1165,-0.236619360814963,-0.212454306915912,0.0505177882006519,-0.11051358960577,0.806103454675941,0.416282098300057,0.124294710240909,0.779922895434545,0.198394005405949,0.822362633558689,0.707480052656843,0.466094987494987,0.434038738296251,0.325054813652299,0.857304223009502,0.313501160621643,0.817592785783694,0.397540199500974,0.804947629930335,0.195686145002022,0.924380496156751,0.303144877413171,0.847973829896306,0.403881436067866,0.480140520977322,-1.69044732858393,1.46942014937239,NA,NA
1166,1.58190478418731,1.17287742698887,0.996820444026202,2.42160483883258,0.786490261967677,0.363208504095091,0.784818395700306,0.109771465276368,0.114783610007726,0.607294142221333,0.966706958442694,0.82795774518128,0.0657468848904828,0.713155908034183,0.939167010110919,0.778207326347125,0.233144918943522,0.61992745397496,0.954736790037365,0.189098068187945,0.248430279590189,0.550210688170278,0.328558489677263,0.711460464360309,0.664284349668189,0.880112251184458,3.9630974264807,NA,NA
1167,2.72529269230366,2.722212109604,0.053689436984324,2.63500705121446,0.423835535334794,0.678573160395841,0.222645153087331,0.671169119701954,0.350032547219424,0.853293734941049,0.215823300935794,0.201269899594947,0.878771142451325,0.475130181971123,0.215108920863597,0.647075569271576,0.852985237890505,0.648281043056748,0.273063228589366,0.414911319544073,0.850828119589365,0.587384539346094,0.932089874330326,0.277376612342894,0.364468436429743,1.80430466659001,3.46570943583891,NA,NA
1168,-3.08591389063302,-1.13736270063877,0.930077056051273,-0.457977253619396,1.39965674110862,0.364099854119355,0.626630781617132,0.103643981543486,0.360719313576119,0.0707507824631175,0.949636347125517,0.704846019503428,0.846441933038179,0.0672404089270858,0.264835733459913,0.721645970036858,0.429280328754918,0.514212668313645,0.923921865937533,0.273146623437991,0.726644103393192,0.293114089627517,0.621934844713542,0.379537425235962,0.77084057257825,-3.201254056911,2.28529954967221,NA,NA
1169,0.0426565377688207,0.16884185773448,0.205199013137246,0.973361349384719,0.745940709094067,0.711006195043447,0.418330824837554,0.547159808522207,0.146303668129141,0.322268064839183,0.612036246431293,0.866640260638087,0.286224697277648,0.727374341555987,0.754776181382011,0.460474871677696,0.0418663031659089,0.579950082648196,0.692563573549851,0.125734897236223,0.390810075506568,0.723803489923594,0.0591903299660189,0.19233046332479,0.599707725741202,-0.488655575041921,2.43537827381136,NA,NA
1170,5.77901274865085,3.4494224741627,0.989757175963652,3.47101717644055,1.25681324922324,0.638089640380698,0.725952207603026,0.160889025074313,0.55286115908972,0.749988828009111,0.257937731087906,0.834835853192955,0.949066197467619,0.763373134066467,0.568244572689058,0.678030191568658,0.0103894294148777,0.642536636363831,0.828108366792439,0.90357938077685,0.0691309579150984,0.395171235401882,0.301484337018221,0.501891819563578,0.947720460437704,1.00770847267023,5.93432588021087,NA,NA
1171,1.4716725072694,0.440785822886944,0.997291673461786,0.064351736275551,0.85435310721902,0.508955407470232,0.792863805625355,0.105855245697428,0.532838025229285,0.376972708020709,0.695463919567992,0.376490720536211,0.427530436239787,0.698596324821003,0.465490533435135,0.745387184958789,0.731666311832843,0.767084200729267,0.506717715071863,0.077301307223388,0.820999055426219,0.173018304656376,0.148685364595964,0.657980812036316,0.118474858194008,-1.61014958395362,1.73885305650472,NA,NA
1172,0.849626381010563,1.42000624328473,0.999927101643706,3.37576335759368,1.25681324922324,0.887620969087817,0.973753721708432,0.787464397021802,0.439305554389721,0.985316492418759,0.308131213075249,0.957200344546232,0.509194306812598,0.864476229192107,0.0803411472125445,0.761779760007514,0.652323605006561,0.617485315295751,0.13691443710099,0.313454577055643,0.9623524835438,0.923628697630717,0.678068075253861,0.575608390607871,0.0967498544870177,0.912454653823356,5.839072061364,NA,NA
1173,2.87514454850289,2.93902599502547,0.0595744170031429,2.47911271567502,0.94084821678643,0.532944940883899,0.270638106256956,0.293167846550699,0.972257534922683,0.291414256432792,0.367103802591795,0.821635711834067,0.777012810890563,0.296456230160431,0.649408682668,0.657164019490592,0.126653441184084,0.0164025592230028,0.0472515146274818,0.795150442485115,0.678276202193811,0.147655457726214,0.979695665155887,0.0966130039958516,0.963501819703844,0.635084095854882,4.32314133549515,NA,NA
1174,1.77007938810606,1.76620406651198,0.05006493264641,2.37318666901264,0.55571472265377,0.228628350032144,0.0204600806247909,0.77557021994621,0.305673449242022,0.233131314110127,0.680050696634105,0.148853695511119,0.164637935036793,0.907734522504499,0.998098158076173,0.0773286186554469,0.415305334097822,0.156255057117902,0.498391064257943,0.698019034886384,0.965275213753106,0.750382857193472,0.217309763689293,0.892588386781048,0.923353617214947,1.28400582693258,3.46236751109269,NA,NA
1175,2.23164752392828,0.654006370174798,0.995117783923707,0.757636350123974,1.23263520377092,0.803533334184089,0.763285516400938,0.763449253018829,0.43729341873806,0.0966130249623675,0.968866713310243,0.992747266789083,0.140259454105515,0.928284018865204,0.220570578742423,0.229294343749993,0.158626959160785,0.759654945265036,0.702524817958358,0.950806395300315,0.331983026177506,0.19657129864092,0.103272047907463,0.639434165126411,0.319372729048249,-1.65828425534322,3.17355695559116,NA,NA
1176,-1.36929171062996,-1.28956131922165,0.0504851063126975,-1.81326138348429,0.340525183998835,0.26359551245987,0.121033078671084,0.176050624955562,0.412350942625199,0.626473857511301,0.0917266198635334,0.007634345578379,0.988025737547432,0.774615016214666,0.805816449139034,0.286984693500563,0.0234346959969262,0.42584821659734,0.865855466278968,0.976767335303244,0.930360079251812,0.220369631765876,0.569421719402657,0.525413178654155,0.0760425259514013,-2.48067847995088,-1.1458442870177,NA,NA
1177,1.36269780554072,1.00659156229636,0.997519594508859,0.354749968635702,1.14132310678159,0.342147816276178,0.797271278282977,0.0549329470177181,0.304124199984828,0.798486540588783,0.955157182117458,0.353568490126985,0.753712141338969,0.476209628512384,0.406964977217489,0.974125616924954,0.85623091481172,0.367582568451646,0.146471612482332,0.678974246012163,0.0476656601713039,0.900522469136398,0.61182207834709,0.50842386594147,0.565847955230041,-1.88220221537957,2.59170215265097,NA,NA
1178,4.37040113277609,4.26072534301525,0.0766884857760515,4.03751960060298,0.815307432464745,0.763949808886158,0.322813277431065,0.32281683798309,0.530759344184073,0.774911131893401,0.938743064896087,0.0295037201617379,0.597517629260197,0.24879580463469,0.0824661591448821,0.448717078050948,0.0298603330592159,0.58867076271819,0.372115447534248,0.011205415773089,0.120128289081622,0.96664972629922,0.393942066495423,0.00141174714337103,0.976188204578706,2.43954639664425,5.6354928045617,NA,NA
1179,4.19500290042448,2.73936373168863,0.999657707833713,2.33592633930955,1.23263520377092,0.661562973828754,0.896409611567622,0.659074554589344,0.392894753701519,0.321642395367264,0.58377528767311,0.879917977017933,0.407464289288502,0.505849752607406,0.012348822557833,0.0314741401657229,0.658704976935289,0.795969793971162,0.201151550058974,0.339399198786356,0.883835385954939,0.932067281732801,0.386976802782854,0.0651290105029475,0.920751520304941,-0.0799942661576383,4.75184694477674,NA,NA
1180,0.139197860487564,0.321865629436839,0.63925338384667,0.00732479983033096,0.811653311687414,0.166141237047384,0.524534023342771,0.454030655494891,0.798926422009943,0.428131220673677,0.829641640336951,0.384861103534931,0.354164197963546,0.133588580176933,0.568750478647999,0.32877968544804,0.0251563032799168,0.188016122755595,0.323656443175976,0.0855819420164917,0.808021700973506,0.366739045249997,0.818278211569646,0.894601871002931,0.0683480324629927,-1.58348645900966,1.59813605867032,NA,NA
1181,0.174831870659366,0.087803589507666,0.0551735142964592,1.36273079662622,0.585677095453349,0.669149536306155,0.239627545391908,0.806042681722203,0.855345568381134,0.34966204121965,0.180698636065354,0.771441965262173,0.889404901423142,0.621689027684508,0.859193065875326,0.498590420815162,0.18637895132089,0.552570104254293,0.373003361594398,0.323951521525276,0.470556985606207,0.594789698891342,0.587876209485228,0.763061421008781,0.965182251681574,0.214824782967629,2.51063681028481,NA,NA
1182,0.599092512599478,0.679944647864581,0.0503224879986149,0.79725565751273,0.43584275087858,0.553760881428025,0.100609408852528,0.433615050297347,0.276280222640489,0.73963340016047,0.0399105007885955,0.93384844769584,0.438570012420765,0.119946960354107,0.734785967438133,0.767740616212599,0.0274595023582224,0.116488084012875,0.532695197799592,0.230205108437454,0.777222685004817,0.0425813575147185,0.87226898217178,0.645607553827926,0.883159954964416,-0.0569804371321501,1.65149175215761,NA,NA
1183,-2.17304637304045,-0.926516684745601,0.971474532771543,0.611854367035805,1.39965674110862,0.0086708391061984,0.673758893239545,0.908132651262102,0.980803293649806,0.159183581581339,0.513594606818049,0.565463371662423,0.927557121990714,0.604720848662429,0.838374878815957,0.903541531145922,0.57342468942597,0.409867705984623,0.508775473826332,0.729932499483577,0.991030909660738,0.599375856179395,0.691250437514274,0.998885171727394,0.237973790216027,-2.1314224362558,3.35513117032741,NA,NA
1184,1.99636684377889,1.96872826864415,0.0522911972027438,1.85301388845303,0.788942403489876,0.936962948545115,0.19875135959452,0.138606844018912,0.0439959257878363,0.22387618075253,0.856672995771165,0.983079762621666,0.36282777292619,0.39033686771465,0.762551465777564,0.0988376105161151,0.306026135145454,0.365502510640421,0.456113707610173,0.278520784807624,0.605024569233065,0.109960940068937,0.924672767471871,0.363258063772926,0.808833380634431,0.30671519173641,3.39931258516966,NA,NA
1185,-0.369447975815354,0.668239498519736,0.983493351436054,1.80741294501807,1.22125306711407,0.91775426369207,0.701758529887535,0.0200203126734123,0.848470640768297,0.678657498165499,0.0992977669466054,0.423688609985169,0.692789689918049,0.425904547341517,0.732084702238091,0.876791114824126,0.743611131312326,0.694810519016115,0.861976058214088,0.148513734825654,0.733939028944122,0.664151603388833,0.516932623292436,0.228329365543439,0.895541835196782,-0.586199082534577,4.20102497257073,NA,NA
1186,4.71625742038706,3.90351161563096,0.996564992845121,2.71019454497058,0.917613698850111,0.646820064468309,0.780941031309427,0.497993527394952,0.475648895382183,0.14919693790446,0.30470190230431,0.449861623356002,0.239099827650934,0.153101839320618,0.531480692668702,0.779915326726739,0.368242415727931,0.0189688693990465,0.244443218093365,0.134003577084397,0.734241454005474,0.790294433159986,0.893560413491563,0.857685226191883,0.646311081742984,0.911704743503783,4.50868434643739,NA,NA
1187,0.59864745905055,1.10422259721161,0.998834240871324,-0.634412169285339,1.39965674110862,0.501483481657226,0.835093081439612,0.721914702712675,0.62140901501698,0.398328554123524,0.177240141919465,0.358246617845027,0.980969163118745,0.447341153298155,0.334473431000602,0.116456957994378,0.0527917770175263,0.731737959840102,0.231466343084001,0.695355705646216,0.268951337597566,0.228692862709868,0.561861579668592,0.0912342583519639,0.288167563460185,-3.37768897257694,2.10886463400627,NA,NA
1188,0.224670534430361,0.270612543591624,0.0529461049703746,0.452272514846657,1.10612000718426,0.525200617742026,0.211356397300027,0.704844231392606,0.908415568965371,0.606276502398076,0.979612709806883,0.354345971254515,0.207395958519424,0.257446873773006,0.55191962015396,0.223989569193916,0.534720962985186,0.741893071188242,0.962291597116855,0.67435180342861,0.535567920876783,0.921576574516017,0.294648855323903,0.11220339404582,0.224941274522571,-1.71568286181367,2.62022789150698,NA,NA
1189,3.32489503068934,3.22576744884395,0.108773150652962,3.82712683941382,0.750170166704527,0.734737067010254,0.364054306658451,0.120316709605395,0.56180232618947,0.689389446716406,0.833620699010207,0.799569109848817,0.549292909436277,0.626554455645615,0.615238882878795,0.199976741543971,0.956175022642477,0.86412574911688,0.704530508310534,0.765574625980924,0.342976619944442,0.642272948238184,0.554538264358765,0.368113813468604,0.770146602163091,2.35682033039654,5.2974333484311,NA,NA
1190,2.23466705497233,2.26485204058566,0.0922359106195182,2.12864327302104,0.751069298171426,0.699530161503819,0.346614314517006,0.399236069441889,0.973189526208211,0.220543799605337,0.570557982700993,0.334990953695844,0.656727110521868,0.815743631281191,0.185920120865572,0.451603087124182,0.973123220016016,0.873130791066098,0.988672372341854,0.987587321985513,0.569870674009086,0.52281981642358,0.59693194804329,0.917871362923761,0.0364168210751377,0.656574498711275,3.60071204733081,NA,NA
1191,-0.13958589072706,-0.0734030803432965,0.0519696981558834,0.170842574041842,1.00638398142705,0.326783475041739,0.191174692246597,0.0276493307541823,0.243930194692104,0.531803170526284,0.446371557782288,0.241588305219193,0.535427082553506,0.0166645273710601,0.134845210970612,0.18347998678626,0.424945320386672,0.625920715592685,0.202071621585288,0.776914289715467,0.837784347065375,0.843578078796854,0.0657116423815023,0.29323108488461,0.40788493890909,-1.8016337841732,2.14331893225689,NA,NA
1192,0.560449721466971,0.130053708969108,0.997490074206303,0.741553109932771,1.29644516461767,0.61026275546453,0.79667816363438,0.87653813415952,0.989462643637438,0.839706689627375,0.725818693897221,0.121701774246176,0.899995585336001,0.0328071327167563,0.395114371422445,0.238357710372889,0.525716256749118,0.446513063654304,0.830245595691609,0.839626984869596,0.827216169962892,0.167125475698034,0.0785905295461416,0.333033472408191,0.997532807448297,-1.79943272064895,3.2825389405145,NA,NA
1193,-0.153924024177977,-0.267120492212038,0.0987348909321167,0.577265447664024,0.55571472265377,0.182641286857193,0.354129788339022,0.698845798531431,0.361266465027817,0.272053431580542,0.898173318028217,0.39469397799857,0.442935810934752,0.571109277415089,0.822666825093096,0.648015808773576,0.352384726942051,0.252443698231247,0.159004583011032,0.606872929595527,0.331490730211604,0.335789237109595,0.124610812762869,0.960080507980776,0.819262788535911,-0.511915394416029,1.66644628974408,NA,NA
1194,0.926193889777775,0.605847770967368,0.362366337643102,0.880778020880578,0.539280194524474,0.787435156435007,0.464320636831922,0.0137788242136594,0.270667409646907,0.0668816558778053,0.585566723407479,0.0371807092936942,0.799236204307876,0.529078919105465,0.0551024546696572,0.652100135784596,0.840029292036779,0.301180893857731,0.335977333058137,0.192079989746795,0.224646572677302,0.576433944969787,0.344767276932253,0.51374718371185,0.48996693257126,-0.176191737963145,1.9377477797243,NA,NA
1195,-2.14952713390212,-1.94497020350626,0.165867899992198,-1.57624761403727,0.502646347146875,0.316251371350954,0.401302948295372,0.375122224982595,0.557654537345981,0.753501556626172,0.35138412620232,0.967591910176212,0.477021648316528,0.0486285785937216,0.0215260618973989,0.670209770072484,0.773096439441666,0.814158765626955,0.468004188550171,0.581094944118173,0.867210471060593,0.223239359032479,0.562879144493723,0.152239124168293,0.445249314356828,-2.56141635140576,-0.59107887666878,NA,NA
1196,-1.28508130092078,-1.55749781116449,0.391534278899729,-0.76703777244672,0.502646347146875,0.279817866233992,0.471125373701332,0.965430206982768,0.315570243025664,0.762792196958559,0.509380044502206,0.181054563858779,0.575367113297107,0.70166926742089,0.800967761854408,0.34684340913326,0.0184748644772917,0.930247319428134,0.725833982083481,0.00660955589520745,0.849437548507121,0.074530074945651,0.854354288695846,0.926124686761876,0.34542008621362,-1.75220650981521,0.218130964921771,NA,NA
1197,2.12086181559432,1.58735364458116,0.999544356490395,1.17736569284119,1.14132310678159,0.351448287523119,0.882101339859422,0.360035165101872,0.14664936360612,0.796693782750401,0.383405029003276,0.805785262105754,0.991624642867711,0.998405539526604,0.719767936178134,0.120767510702834,0.450236372616724,0.486620195398107,0.662280224138987,0.733465364512056,0.115215350601356,0.543761648751097,0.959329878143035,0.750828723429935,0.178994976275833,-1.05958649117408,3.41431787685646,NA,NA
1198,-1.37991786024147,-1.77630192705332,0.968721543717174,-1.79093437140199,1.14132310678159,0.301422606378677,0.669002675716765,0.831023293336155,0.0107094834571471,0.730864818841335,0.260499418334104,0.966329693392734,0.370004118834506,0.994565382427769,0.78787593628827,0.517233950647642,0.318287860695273,0.848230906867655,0.04605809447926,0.742013784722541,0.081468246281147,0.207207483908278,0.176548401232343,0.314201894448837,0.23143391133938,-4.02788655541726,0.446017812613285,NA,NA
1199,2.90663684430543,2.8783479898769,0.998029770904336,1.97569309662511,1.14132310678159,0.29554417369538,0.808811803873279,0.545745458835503,0.0330286799720488,0.513811077453895,0.615778182241949,0.369046857137,0.173970469974563,0.545022803973989,0.233598043671227,0.426276247605099,0.785858361361199,0.22295298640267,0.14906487471424,0.062526478906977,0.0133661846041214,0.0464006932316115,0.0125216886143899,0.570884025268839,0.113124899683986,-0.26125908739016,4.21264528064038,NA,NA
1200,1.83736491621098,0.803641069749593,0.836925716594987,1.02121154109076,1.25681324922324,0.946777296552551,0.578696401624707,0.576737528544385,0.211542195238173,0.674674538262305,0.387788292190991,0.328551875415957,0.161275805598707,0.32993906276545,0.181750454748981,0.276490784449968,0.109281255953247,0.921067753267824,0.306199892615085,0.113534885168425,0.887299117832445,0.512073805303779,0.084075009445427,0.0980869736456079,0.0785567433600081,-1.44209716267957,3.48452024486108,NA,NA
1201,5.97448720025112,3.84213682394772,0.999920669566693,2.06451363573041,1.25681324922324,0.780010198656935,0.969525596249499,0.0176396465644939,0.0753598332658876,0.727708740901784,0.055745946479612,0.819989703904255,0.182039880235679,0.541951182997786,0.157715107030817,0.625103236249648,0.989509479885688,0.848770401952672,0.925786837103427,0.377099510696949,0.800484637685004,0.126294707823894,0.618570962284342,0.250977939391159,0.282225341409561,-0.398795068039908,4.52782233950074,NA,NA
1202,1.22179977863732,1.21342698553294,0.0523324603146412,0.730079493481829,0.340525183998835,0.435496100340737,0.199645994764753,0.00427932476263959,0.347785587156657,0.78423623585992,0.0508488338130992,0.51650094693515,0.903330914134625,0.654974819098366,0.492877539517242,0.227189374764799,0.697350261492655,0.508283982629539,0.363516898037982,0.288283106256276,0.690439860586775,0.700329604551895,0.767508099499391,0.515782702876138,0.169888000593521,0.0626623970152367,1.39749658994842,NA,NA
1203,1.34454926837474,1.72871985185529,0.999338591828438,2.42314350780222,1.29644516461767,0.761827991599916,0.863457482327823,0.865655422359821,0.750508145495085,0.203665863665636,0.693937200985965,0.291748566654394,0.291975211416953,0.494464888180839,0.311090804985492,0.731353350794991,0.769338817057316,0.303950916891219,0.393071542264195,0.769547251306358,0.656077195540303,0.183497501902399,0.76963248929684,0.51627188072307,0.779385222470039,-0.117842322779501,4.96412933838395,NA,NA
1204,-1.63771608509566,-1.68011920433259,0.0503364986403765,-1.25011757043835,0.502646347146875,0.330209570787149,0.102736555842799,0.465589718276868,0.307207787393825,0.52973232502921,0.523313741649734,0.2631544682479,0.394729479177622,0.678200861964724,0.489646607760922,0.296180324805435,0.796239418808837,0.608252011455595,0.442688667082577,0.942379105862929,0.781902622725349,0.444164520265302,0.198527452164795,0.123992426704732,0.406481053552707,-2.23528630780684,-0.264948833069861,NA,NA
1205,-2.47349992571251,-1.72400669389535,0.999578781418932,-0.817651985786139,1.14132310678159,0.268332971264608,0.886031094169361,0.195024596522911,0.368610987671535,0.584581660376512,0.716707613509148,0.820869576064637,0.80973664947052,0.200874926426914,0.812629111272749,0.288602241424494,0.942075319425669,0.459268298409297,0.564643109114259,0.232275240442948,0.368861448805081,0.640506954063545,0.91830039527826,0.671745680703549,0.396968590025324,-3.05460416980141,1.41930019822913,NA,NA
1206,3.19279673105486,3.18518153919222,0.0504026677574354,2.8238382902376,0.862537290903332,0.87643837738235,0.11171592428803,0.672279568056459,0.554138662658399,0.92497684490087,0.982813920468092,0.252938598340144,0.666411814028746,0.695244441122049,0.243454573987518,0.403794401730411,0.33280576129281,0.816494885003311,0.362119480573805,0.0499438630382065,0.38101802067284,0.411022936353111,0.889171475139097,0.198634206413175,0.0641605790670728,1.13329626474432,4.51438031573088,NA,NA
1207,3.71810940175983,3.44335517844327,0.162565484197929,3.09733785084242,0.585677095453349,0.806447503258241,0.399659603175242,0.667036087509361,0.641576357141719,0.258892856457038,0.953802860370488,0.543450602015015,0.200292186661391,0.578098078480456,0.465926722192555,0.261587897231686,0.0790709174262593,0.745613590687979,0.467593933979282,0.405903770639328,0.993020453698002,0.399749719394255,0.533576887825387,0.575228677179548,0.919280577701167,1.94943183718383,4.24524386450101,NA,NA
1208,-0.516624881340448,-0.964857124734933,0.999863751301091,-0.619062308674608,1.39965674110862,0.407960102855694,0.942479597469908,0.1490696206094,0.737871092859888,0.0045261210615281,0.546535218655132,0.670202545900247,0.0727463180196937,0.161553117775125,0.741835209011915,0.761468841571361,0.62918981484219,0.762897138738423,0.0240642540366389,0.486652018454741,0.262986451784382,0.384328737010597,0.0899351162002422,0.51182327779464,0.405301982178702,-3.36233911196621,2.124214494617,NA,NA
1209,0.448815834804117,1.08369958095337,0.996858010117601,2.80691268170538,0.854791155291377,0.507022144249524,0.785414641285664,0.00709558096551336,0.600632152376696,0.612658338110545,0.398771202174714,0.678574470205698,0.975805779938004,0.985960387408501,0.672562023792649,0.89556625379296,0.267113337636343,0.213758493097615,0.288018068204052,0.711881765617291,0.931771074917517,0.420989681263803,0.635641753836768,0.194387994965771,0.966726132721524,1.1315528030309,4.48227256037987,NA,NA
1210,3.78372721549072,3.76081177447093,0.0501039180400583,2.87002695544566,0.700474575191801,0.685298315361375,0.0439747320950264,0.765584883196396,0.152756889476324,0.718418480456807,0.977660963205388,0.998134414151777,0.400756529368344,0.813812006783439,0.943927780746482,0.298190459237318,0.774591836262611,0.432462421399076,0.186747566968668,0.28112688559969,0.288782194962492,0.338590431819204,0.397532996866968,0.757021251233295,0.174154245285899,1.49712201598374,4.24293189490758,NA,NA
1211,3.69101331152292,3.61955193633434,0.0806471831038725,2.70142018567275,0.435792766705849,0.795525570456171,0.329943539514905,0.315873622632818,0.337793013353366,0.721053717843373,0.450652693805285,0.122158020808361,0.343637348299264,0.721118726027431,0.354671979852952,0.32367315803247,0.384229577542399,0.110814084876911,0.377819156353013,0.169196108717821,0.689591070625931,0.0581729942593956,0.194034784588381,0.744324277420761,0.774504188667983,1.84728205820622,3.55555831313928,NA,NA
1212,2.46321011088138,0.368029297404129,0.998515537792369,1.12372569906217,1.29644516461767,0.83650783897785,0.822992280687904,0.767975140980445,0.814590982580441,0.262772187039605,0.258647717127693,0.330691512375721,0.337469786157832,0.420881651594886,0.315230578213115,0.342794395182515,0.155409959161072,0.0605798537022201,0.292448497780017,0.466779662576155,0.669142293863231,0.530811731629888,0.285964855272556,0.499706456259359,0.387494800651912,-1.41726013151956,3.66471152964389,NA,NA
1213,3.29689179543978,2.60024782472662,0.60772831651159,2.02792425665488,1.29644516461767,0.842759999586968,0.517595864299452,0.805154938182444,0.911431446092669,0.617555055695935,0.571007130929152,0.513762172514456,0.392389775015763,0.213923301667208,0.226870232176851,0.390510990597657,0.737812077841256,0.258703248939943,0.993903701806907,0.782290986762266,0.420022174662678,0.861743612538092,0.0724510176446056,0.0607524136226857,0.160232981298934,-0.513061573926845,4.56891008723661,NA,NA
1214,0.500409484783908,0.510909980363738,0.0516670183734564,-1.29785421916969,0.945520962551156,0.488415142776328,0.182816546927672,0.376233738058712,0.315100726117031,0.258333745358977,0.202511395444511,0.793986801677616,0.273998327070032,0.535343969190842,0.366027508125058,0.890149210511358,0.971548503144877,0.893469623194425,0.435428156626062,0.336819816479227,0.58589635279472,0.163569282307872,0.127944314898923,0.542789919016999,0.504700834669406,-3.1510412523976,0.555332814058224,NA,NA
1215,-0.456512317978658,0.0646429402978241,0.527818759757866,-0.0131253553826607,1.14132310678159,0.347969341062009,0.500593430072884,0.809360963782761,0.115018563034362,0.619099226171384,0.424237518597161,0.844097558315028,0.759234621687327,0.903923396754079,0.697410809054738,0.704869333359646,0.47351188983093,0.780949617824168,0.299937093660817,0.230715653836261,0.536040844923351,0.901542992196744,0.555828999766265,0.0770757632271852,0.330211918087793,-2.25007753939793,2.22382682863261,NA,NA
1216,-2.15817902472551,-1.56429769865152,0.617377906683588,-2.1242066583126,1.14132310678159,0.152616881916532,0.519698889162741,0.9906710240182,0.0625003983223578,0.588256088175811,0.306582835818059,0.324392584259622,0.769560855700867,0.716046100746724,0.814676145411097,0.0173004022133537,0.553594597892603,0.176099751203437,0.0169042280982248,0.403519072274677,0.439973986317171,0.317398649464594,0.0250235032307683,0.586239977195277,0.677756772784051,-4.36115884232788,0.112745525702667,NA,NA
1217,1.24688246086501,0.12385103737627,0.993537606220934,-0.07664812791252,1.22125306711407,0.801496836982085,0.749181820951635,0.294872418823768,0.665548503523343,0.535603312567342,0.233655302371015,0.629935769544449,0.915316354728537,0.845986289080931,0.303936056456296,0.78762497513881,0.824569334385917,0.593547190434765,0.499811172749964,0.824048399469117,0.243261011430528,0.363669012243976,0.426183518254315,0.764727111879154,0.732845171914087,-2.47026015546517,2.31696389964013,NA,NA
1218,3.30398108589603,3.39287734986903,0.130400172484878,2.86194213661035,0.755943250002879,0.935683796429425,0.380949159202981,0.0633252332379343,0.388946755929152,0.962368036827771,0.933422805774608,0.0262250689580105,0.0409478852807078,0.479521812000778,0.487571049526799,0.684825427502394,0.114650876787375,0.365108781377203,0.773004429450957,0.0324399270709837,0.47919250842114,0.683883248220198,0.916511393467779,0.126261420189636,0.0779257787378738,1.38032059224855,4.34356368097215,NA,NA
1219,1.7432347751241,1.23287372880895,0.99992861034906,1.54193656335291,1.25681324922324,0.705654414429329,0.974799459986738,0.0115118885547854,0.559054037752678,0.916857397325686,0.257326290033292,0.197759275197051,0.0328186279466609,0.734678760361625,0.322624947975273,0.388428229229408,0.441219190129545,0.581098137614084,0.639909761033254,0.508840898888069,0.33610760491027,0.964896418678109,0.5820436438123,0.026924600978964,0.826149617988965,-0.921372140417416,4.00524526712323,NA,NA
1220,1.54495556263345,1.56074114401988,0.0513050426565795,1.62120424001253,0.811268515683268,0.37617531450605,0.17055742081115,0.741673015314154,0.360378568013897,0.838076578658423,0.444708579228609,0.775205086515402,0.0967221353204222,0.385168970781961,0.750302053781808,0.835067738524522,0.999163439591066,0.789422723316122,0.438685788425151,0.116266894570319,0.337152183177415,0.884332607912598,0.215669618915883,0.439179367672885,0.73641394012142,0.0311471674820525,3.211261312543,NA,NA
1221,0.150971433498962,1.65529766270776,0.806493711456952,1.08421424445561,0.989039106014433,0.0109359659813344,0.568169210482039,0.784178215865395,0.954733387469081,0.148182722057332,0.96934565524268,0.874271937996265,0.345092923560296,0.491935489518452,0.171117933596834,0.215258568741614,0.282607038951945,0.985093696755357,0.302463117796928,0.75517275255092,0.881366498332121,0.853152721962542,0.438904142625397,0.193640357986209,0.897577891639317,-0.854266782634368,3.02269527154559,NA,NA
1222,1.71577714882112,1.66256267855389,0.986680393734964,0.552349970528714,1.39965674110862,0.423090156349353,0.712655251189601,0.570896697954973,0.13222785665351,0.0209142031871015,0.962273570405901,0.828652108045411,0.667603999550105,0.396062022389262,0.782255458494648,0.0761704979278147,0.388498815599014,0.913647857764154,0.00232263142988086,0.434632895082934,0.871796628661105,0.794979569353629,0.393436372524593,0.405483556123916,0.696163329868577,-2.19092683276289,3.29562677382032,NA,NA
1223,-1.84417324290639,-1.78531880733002,0.0501610745636783,-1.22119209620086,0.351197092980186,0.388427433878649,0.0658909844590817,0.920132745886804,0.660157457058318,0.949283879055292,0.509853224049322,0.748570220624213,0.229078832342406,0.440903509757831,0.669858323327848,0.292859335918794,0.362386691212887,0.844333182335831,0.154729859440704,0.536762343725772,0.813684193846537,0.108675085563795,0.530096373264911,0.717052920831949,0.414421816078713,-1.90952574991719,-0.532858442484531,NA,NA
1224,3.7105772734989,3.63750359841188,0.0510779873715313,3.14636688311111,0.937558018884858,0.918766344902106,0.160988457046915,0.47547030381544,0.919830256734043,0.978850192242884,0.382765562898014,0.853219296718133,0.969111096317763,0.809120466555934,0.452310531918076,0.0146290472929832,0.79184309480316,0.927880608413369,0.656066809472162,0.143334904965595,0.41749205612822,0.399074818260386,0.695089196415502,0.140591113838134,0.141638112132205,1.30878693268006,4.98394683354215,NA,NA
1225,3.26660169063618,3.28201920742927,0.0559220381536385,3.39271860298803,0.585677095453349,0.848179999189218,0.246423596145818,0.977530240234104,0.672008236753056,0.666813924707472,0.535463961930363,0.649689267712296,0.121946897248621,0.561482483902597,0.276194690746954,0.891737608906347,0.0515641043777578,0.314163396976655,0.541404695299803,0.972192333443672,0.468857214467134,0.456897807253175,0.691808293711161,0.391587044735905,0.803527513296111,2.24481258932944,4.54062461664662,NA,NA
1226,2.44421144347447,2.51950294277717,0.0502488623348993,1.60609292621886,0.55571472265377,0.470610836814158,0.0876472301388858,0.769450595223228,0.191293892264133,0.131376259221812,0.472910685088136,0.333260675931233,0.850088548937114,0.504579394882428,0.613809987352113,0.697623552310281,0.408436248304206,0.108229867383605,0.00686237823287956,0.905779166757129,0.440727742694318,0.463439815452206,0.384865285485517,0.145068987636711,0.0213426884803921,0.516912084138805,2.69527376829891,NA,NA
1227,2.32897117173252,3.35334645639473,0.886835965475837,3.43743845671421,1.23263520377092,0.747795281169238,0.600039483654662,0.841297313993913,0.387919068402727,0.103956393488217,0.148147279791883,0.43736779276072,0.734576594461338,0.0330552760959836,0.975566240697983,0.457369361884077,0.534182972812443,0.830201715267729,0.890624559506075,0.189990249752533,0.262489500206197,0.967246085717692,0.190652290280676,0.0453254773815861,0.566130322573008,1.02151785124702,5.8533590621814,NA,NA
1228,0.737429598771734,0.799760509210709,0.065208920480631,0.916750915896374,0.858601801977467,0.976854733318673,0.294077953473898,0.290129223129828,0.816937259937869,0.942050268858322,0.460993579005823,0.967294135476812,0.753064483684488,0.0772194584161043,0.853906135639525,0.330689834568882,0.00915974343230482,0.950489481051802,0.255797547972528,0.772270749435178,0.753205824908218,0.196448645655182,0.732625620619627,0.00026543556782417,0.056978613942978,-0.766077693040652,2.5995795248334,NA,NA
1229,1.9538167205999,1.90267815077013,0.0632958407856604,1.74709652581322,0.55571472265377,0.436943870177958,0.287254188147374,0.82943923297117,0.362887902357033,0.0557820642008446,0.644031136862352,0.562115456014057,0.43512684641371,0.576011580223101,0.918659512195387,0.430634348248015,0.163360092937714,0.0744699070756324,0.988327841274673,0.781861377848778,0.0491470795843052,0.323599268965307,0.258086335911299,0.504626387008582,0.674568551356206,0.657915683733171,2.83627736789328,NA,NA
1230,3.82381970909207,2.28541310645988,0.990251386938684,3.03560608376473,1.14132310678159,0.0184098571260693,0.728451112382696,0.0459293828494847,0.0665434706921224,0.706037388086552,0.956889442063752,0.222361900149146,0.283825543617713,0.433442351359641,0.367671825506724,0.358590668234043,0.223735194294015,0.128061005289201,0.520532180975541,0.878084095315076,0.428655551617499,0.459248600438703,0.33808002968051,0.459257833935437,0.498102509106626,0.798653899749454,5.27255826778,NA,NA
1231,-1.12329799765905,-1.83071546465947,0.967868929441722,-0.906416200469917,1.39965674110862,0.193789768806892,0.667611555494135,0.110834728911868,0.560487553809769,0.0446915442242753,0.150700240587001,0.32235224885284,0.288914510750212,0.461613027734449,0.253295282074716,0.848134203361697,0.924712186089484,0.895195537536056,0.21048967500194,0.366178157981485,0.893060310690664,0.566991251484142,0.835946081231814,0.628144538159831,0.700008872196078,-3.64969300376152,1.83686060282169,NA,NA
1232,-0.427504043025859,0.16320079043766,0.815604990159175,1.26852900493606,1.07958489405795,0.929416436892119,0.571179305446683,0.820484264812199,0.393677705011098,0.366829542100197,0.349072547884658,0.826734627099242,0.134014100833563,0.686634575777338,0.779471572710783,0.997396153422538,0.0432555882851593,0.0404014203029219,0.768400904360227,0.455943365298328,0.155335170291946,0.799220452865004,0.285010291558341,0.376852882933337,0.778152365123504,-0.84741850567102,3.38447651554313,NA,NA
1233,0.827258047146562,1.05475546894396,0.350174203150387,0.739557568553689,0.85435310721902,0.995980517492164,0.46138293305866,0.867979004444322,0.447538724701619,0.423430332768126,0.395850276481011,0.993732539933291,0.111360066740192,0.0385455923402915,0.278358658517245,0.565758397373604,0.832596543588676,0.788694332459243,0.161212471583975,0.810761128841899,0.19992751938093,0.306185021092766,0.84094749259227,0.00321137617016211,0.67013366203534,-0.934943751675477,2.41405888878286,NA,NA
1234,2.10518092055724,1.79444699116681,0.211221980316886,1.98962980585968,0.51700110328822,0.364828973841853,0.420614861885668,0.850931579299853,0.325985683310661,0.346642135515693,0.832748188667116,0.689975434409338,0.895864097840036,0.182588912870619,0.702727854972007,0.688918454681872,0.621047270578681,0.320171542049153,0.754326818368398,0.769025116363308,0.153671402742388,0.0946015150356107,0.644579049600637,0.685066288582049,0.286449797902023,0.9763262634473,3.00293334827207,NA,NA
1235,-0.909387888953836,-0.906559851643855,0.0511740202899727,-0.152365689027421,0.922258561947126,0.0424759136722423,0.1652604297254,0.276860238419729,0.876233604992623,0.455832520298427,0.377790495334077,0.555764296602108,0.479969622698496,0.633928460016032,0.784957728519919,0.735000424018479,0.329988606709056,0.98249073212361,0.369500690367306,0.734727741234121,0.676434544087155,0.358683031014283,0.56213252531644,0.491200373186264,0.51311089102109,-1.95995925487749,1.65522787682265,NA,NA
1236,4.36309194654228,3.668958852225,0.99989555553556,2.31763953585654,1.25681324922324,0.7884199273017,0.955772591330809,0.626796651756391,0.0968563291770406,0.756342119079549,0.316621099371696,0.52972351771011,0.200839957277989,0.742502696709242,0.654964571999269,0.340135467579588,0.835335809666081,0.942530941298464,0.0742842895170907,0.555301794224302,0.392177696984611,0.598890426790575,0.84583013884828,0.157436988463625,0.695934205622063,-0.145669167913783,4.78094823962686,NA,NA
1237,0.831363264861165,0.292997373574451,0.959931234450014,0.107638126768623,1.39965674110862,0.333449104367173,0.656138595664059,0.890766219630488,0.167961878995411,0.249256000533584,0.416704993167426,0.180533316677087,0.0280018200132763,0.132760960608604,0.460074553114362,0.644037766442168,0.402681911222637,0.680586092062411,0.365219996090396,0.24062049262831,0.7513682150573,0.807104540207889,0.837437001919141,0.0856026168176904,0.809081917523406,-2.63563867652298,2.85091493006023,NA,NA
1238,-0.0111310333911543,-0.333110875112099,0.989825232139941,-0.41775924175519,1.08749253900383,0.180997056754073,0.726289150919532,0.879685615719529,0.90653753495391,0.791567209183355,0.78169119602174,0.46069901709992,0.737318132894812,0.129335635831114,0.57340097592352,0.00682115241140127,0.293253530716174,0.356109782811021,0.715272510664305,0.0416178092708578,0.128251175133162,0.629489209359628,0.290928452364518,0.49220473912009,0.610334863377735,-2.54920545165872,1.71368696814834,NA,NA
1239,-1.33248861541425,-1.34898114604779,0.0519072525475316,-1.3051122164791,0.449739886193517,0.172929820992518,0.189560570868081,0.657149034291157,0.4704480196113,0.254046999807586,0.324622270737775,0.842149838315672,0.203898746059975,0.029881746822386,0.636155030092574,0.544314039002522,0.652633480442339,0.146482943424955,0.822232038135175,0.475406607733225,0.0556737651594449,0.419183250259259,0.441688909902587,0.611046522734687,0.221114775963011,-2.18658619582953,-0.423638237128659,NA,NA
1240,-2.0766132383455,-0.439150202444423,0.977988441251262,0.359546951221282,1.29644516461767,0.785473740646034,0.687072578205261,0.986880022312165,0.676091665609973,0.89673632537981,0.975182418501587,0.0789739022529684,0.715287845041836,0.198340466481983,0.0371039854752598,0.707717096665292,0.113051531846635,0.677594988590921,0.63407291590597,0.469763623065199,0.934129169172258,0.556636804434587,0.402238408060744,0.980085865544504,0.296670357550611,-2.18143887936044,2.90053278180301,NA,NA
1241,0.300273109224195,0.310686341532544,0.0648314834805509,1.27133233054997,0.536298331458988,0.873713290992542,0.292801271946519,0.25490849452035,0.620618391334428,0.235704605116975,0.751077819333412,0.687019733833382,0.644111920388648,0.837548265837249,0.569739771773689,0.414183344979538,0.43073723106808,0.197753208513255,0.518217781815911,0.146364139304147,0.754433658764814,0.324302062797942,0.324503103261348,0.217675627862103,0.637941790498095,0.220206915921431,2.32245774517851,NA,NA
1242,0.817023793214878,0.797305160675902,0.0517707980960789,1.53740317238847,0.51700110328822,0.300640308818547,0.185841704975348,0.0159371140608564,0.0169467923372285,0.0541199868014082,0.527689659247641,0.0353459118205355,0.356067154195043,0.273740743573639,0.794801780491718,0.576723783064168,0.879026212736615,0.765429109841585,0.381641532540671,0.264560033312766,0.141514689184958,0.489940838392358,0.841590462976485,0.510903947181534,0.916396126119536,0.524099629976085,2.55070671480085,NA,NA
1243,-1.55248018988367,-0.894696529977426,0.999933763971069,-1.12285695368051,1.39965674110862,0.360783242937759,0.978546149022412,0.502885261772433,0.705881013525533,0.236264177998179,0.49786287901795,0.765218639842584,0.956426243149559,0.327303478794638,0.140015135956462,0.52821617518377,0.494708128733677,0.343465156999417,0.0701847157321172,0.6422634311734,0.654110353823868,0.990003269766108,0.428142856971012,0.207500484945369,0.853912447626353,-3.86613375697211,1.6204198496111,NA,NA
1244,3.75213125641652,3.78924637409208,0.146372745553998,3.0670417240469,0.918541148128054,0.945831404696684,0.390936440543504,0.733959331725608,0.127240894351271,0.168587091251393,0.025750874881749,0.817885445157182,0.0673022307591746,0.0269036702628946,0.948156565909158,0.850392182915937,0.840981210789061,0.318301342351828,0.782264347288525,0.267430870744982,0.840321378671331,0.59987553184724,0.236364293272374,0.82959464900766,0.550671274895081,1.26673415539784,4.86734929269595,NA,NA
1245,0.191545550541166,0.0404128992412798,0.0786141117789165,0.190204022857881,0.42658712313743,0.558943180369795,0.326401053908863,0.954418322348502,0.344056450661621,0.977522237334866,0.380512902647723,0.043768400141038,0.722170253376942,0.962421768854372,0.808826573510654,0.990521521089948,0.816611853608163,0.724621967222542,0.250207820531214,0.150799863362568,0.195628996982356,0.738604622043436,0.945997597189387,0.475023966860957,0.834346768781543,-0.645891374760035,1.0262994204758,NA,NA
1246,2.13994067651564,2.46539746804949,0.890077517605726,3.73915576240419,1.23263520377092,0.52948290719057,0.601685937928967,0.347884925923077,0.566592473092023,0.0108730367973913,0.671106249205768,0.197317056750297,0.813659775256063,0.388493372455589,0.872686129669077,0.578580245304503,0.515464068358298,0.217986219549319,0.554446653556312,0.801521145554609,0.681812903137063,0.88793943075859,0.0946325620861026,0.293554184928536,0.846749097789638,1.323235156937,6.15507636787138,NA,NA
1247,-0.226456168021177,0.500886585729515,0.99697766503408,1.02362353906769,1.14132310678159,0.385808412554674,0.787362290388439,0.607197923947824,0.540521699866047,0.820630068011698,0.755157056752709,0.180335117582115,0.340680578130996,0.436457359184977,0.832545144065633,0.628214388248976,0.36932147002907,0.998708313516574,0.502545679411967,0.0179287862306228,0.654548573963926,0.815534286244772,0.256405275827739,0.0121143375437241,0.317637490420835,-1.21332864494758,3.26057572308296,NA,NA
1248,-0.197099319785211,1.60446986403837,0.999815196735812,1.01350519917404,1.29644516461767,0.907955725808279,0.927236544624669,0.600477136291913,0.781903576160432,0.110182310688891,0.123448630743194,0.699484660852584,0.615329670181964,0.486944532117108,0.320399847475579,0.339500642689294,0.590332956596511,0.948361628103536,0.894723090185784,0.25713461451733,0.302938802762539,0.164209176007542,0.578521033698926,0.593088960358873,0.120077757208492,-1.52748063140768,3.55449102975577,NA,NA
1249,0.126410583827058,0.20104465854316,0.296952228971089,0.764387093487327,0.449739886193517,0.434927569940453,0.447688503517304,0.943341130271205,0.451684881975292,0.0316874299901538,0.706054791499162,0.0634262806776678,0.033290580835077,0.808140959860873,0.689081574576674,0.534373816121486,0.558320424104459,0.730804240203579,0.402336358268512,0.328516723860637,0.12493244489131,0.517112962319516,0.274753925881931,0.705593609755044,0.182837677200558,-0.117086885863109,1.64586107283776,NA,NA
1250,1.76100329527345,1.6352628563875,0.995802364168058,0.0947304373853324,1.39965674110862,0.202205368164228,0.77087560801045,0.352525069806608,0.740286298210965,0.297203547298093,0.054615656752605,0.709313627353287,0.926137391738244,0.487893720809952,0.289620581242139,0.267452036199044,0.419828341718763,0.894435009818641,0.0477169043100439,0.0345819137947401,0.87354745034955,0.296016850769054,0.851662082522642,0.430201176839299,0.607065617491258,-2.64854636590627,2.83800724067694,NA,NA
1251,-0.403191846905396,1.87752152435337,0.998351450617573,2.81338189903477,1.14132310678159,0.14453486363485,0.817741471149726,0.139870747605688,0.0448838058285182,0.680081469697412,0.992141296893242,0.720425102884881,0.974556480706553,0.158151978179929,0.502343953374308,0.464882629810483,0.0392905286635505,0.799905349217821,0.723422719732276,0.529702998157241,0.151549415007117,0.496187139006797,0.913640648444183,0.191762082535308,0.727770955516724,0.576429715019496,5.05033408305004,NA,NA
1252,0.855933245148273,0.760741906583245,0.189556389087316,1.7470036623887,0.456786674230267,0.167084174685297,0.412044348844443,0.159900606111623,0.763225222869078,0.484693601935287,0.649143508731737,0.844675405744463,0.0357959870249033,0.584102555594058,0.142504707556916,0.707147194681456,0.519252990877489,0.964802583295619,0.607248642563005,0.263823103007278,0.872927580988617,0.285213159249513,0.235595495966729,0.091748455764493,0.142723156997934,0.851718232279547,2.64228909249785,NA,NA
1253,0.92752605498309,1.52659672620283,0.988061447696168,1.80762414213391,1.29644516461767,0.775759986973717,0.718202130155172,0.79394925903785,0.804728076556814,0.71155829447601,0.666386333020404,0.829557980935555,0.657897303820122,0.857551338199642,0.536911152330576,0.319821376870736,0.990400250575389,0.518573506709654,0.316705478913616,0.626909654645482,0.30768679549417,0.849185115449131,0.31335507132858,0.404753146506497,0.395009635551134,-0.73336168844782,4.34860997271563,NA,NA
1254,1.24795495954835,0.859613279564887,0.999714649742513,1.47747076321494,1.25681324922324,0.537178627848276,0.905509972521453,0.0884576443224214,0.601062105696532,0.844306617263937,0.961316965436097,0.860015516052023,0.0254973864769563,0.405553560602129,0.155685188145959,0.118910437394166,0.377173875425244,0.336726519270334,0.311429322581156,0.803149748818018,0.225043654759531,0.297911315190955,0.0173196835290873,0.10392796602624,0.409727820427855,-0.985837940555378,3.94077946698527,NA,NA
1255,2.01203115978116,2.13202828524863,0.979277747938844,2.75694610637922,1.02455102074316,0.512898841905175,0.690159978380543,0.942424066893291,0.285897649374907,0.180811597438646,0.100721584703075,0.385056264631799,0.150241658367799,0.416305613646051,0.0784440243010176,0.811153649309068,0.885208809830015,0.00815566725702956,0.304931020443677,0.0303336413772777,0.964245746379602,0.928096271964256,0.851079520419589,0.856508384646033,0.464363841985003,0.748863005398879,4.76502920735956,NA,NA
1256,2.39867931296835,1.50169742874067,0.715024906698476,1.10609340840702,1.07958489405795,0.828573528639507,0.542371135455556,0.409438870578189,0.142046729250695,0.478195447255159,0.306465429245145,0.306479592299787,0.131899642763659,0.315845229050843,0.930028434069711,0.00816218991263304,0.292057863837224,0.404076868860633,0.248726223366335,0.289935190022341,0.287487151753274,0.205100538943312,0.845084246181534,0.386986483741435,0.780247950141551,-1.00985410220006,3.22204091901409,NA,NA
1257,2.12614665841702,2.14189875768393,0.0500594208841516,1.92787755908354,0.585677095453349,0.774789377285051,0.0160245518150041,0.669355492446339,0.779216708157561,0.540266147616086,0.160920148392208,0.886144896674785,0.51743299274391,0.297327472651028,0.782727029674686,0.733056422892958,0.945380443248083,0.217430568535114,0.623289571844856,0.518802779000835,0.583658755171811,0.394584451885428,0.813315547455102,0.658957200187841,0.130777115802513,0.779971545424944,3.07578357274213,NA,NA
1258,-1.49816887616843,-1.53306475467516,0.0507416459573372,-1.15024598186853,0.51700110328822,0.43648706283106,0.142271785205929,0.556797996379435,0.292595399338054,0.309931099376758,0.588842007623636,0.854869440215174,0.909300983547699,0.865836375203799,0.0108714954981115,0.125135681092972,0.910739687665831,0.339080563466414,0.117216522143921,0.45989477430901,0.828741604967741,0.481683673610329,0.154465900228359,0.660341537848813,0.685116692031967,-2.16354952428091,-0.136942439456142,NA,NA
1259,2.05776587403605,2.42875881822459,0.987481500471182,1.79676484952848,1.39965674110862,0.491366510797525,0.715799475613516,0.0186681579127908,0.0246109779957915,0.424033956022933,0.645825491055846,0.546444512630696,0.394091705851955,0.553497705120477,0.433578332491685,0.840129374020267,0.45749250738509,0.423362765597529,0.181912038795184,0.612045597943594,0.623250252581551,0.0761033108165721,0.897905833369936,0.343103364305687,0.886570718011353,-0.946511953763125,4.54004165282009,NA,NA
1260,3.40636577336003,3.44214402872279,0.0502005944403825,2.70342212590427,0.128835450557668,0.710411330809468,0.0768639535481343,0.434184570190148,0.22508800886129,0.5286760360552,0.792087758331909,0.571542460377561,0.0982365400395356,0.23315143364924,0.0994786183984252,0.946727552932571,0.388545413607731,0.964383799062343,0.233378857063479,0.00943318793666549,0.0565104639767669,0.729806432019919,0.227592943899916,0.601225473684375,0.494093020647415,2.45090928287925,2.95593496892929,NA,NA
1261,2.07108386143628,1.91512793970925,0.781608818142066,1.71249920800127,0.51700110328822,0.174865087499027,0.560447905136272,0.686827118154033,0.0705519641999854,0.50242887619196,0.447055635595229,0.869709578937502,0.545221386757214,0.215640864897287,0.225964798928355,0.980296988123911,0.720837515776046,0.645846124494681,0.173905509952572,0.539165812070249,0.391263373089838,0.660335023021675,0.323133419652237,0.399991287216544,0.420419498475734,0.699195665588891,2.72580275041366,NA,NA
1262,0.137175478352762,0.453231275822772,0.683656134415616,0.591635462848493,0.77460562833225,0.618775565589778,0.53473383141926,0.367892312062206,0.116311717434437,0.313241375081125,0.183165357756312,0.785960616563912,0.875346066493541,0.328968244282296,0.997267498195986,0.0211811167337,0.358174436313449,0.0977292959350161,0.916116102707689,0.118453234215151,0.821216040750267,0.806265221119276,0.826517785597243,0.563970212079585,0.21210609621054,-0.926563670904735,2.10983459660172,NA,NA
1263,-2.83283804026744,-1.54620106939697,0.985605685156173,-0.797853076042877,1.39965674110862,0.34595805560553,0.708718039252912,0.808289319280535,0.0040722249558894,0.106806883235578,0.04194225217856,0.414215044278651,0.551792541561765,0.801896194368484,0.718569862541277,0.102190584755852,0.0765240021977806,0.724012532813125,0.538000573348836,0.0255398865423631,0.419927803351078,0.516053970269742,0.839893734621466,0.388500903160311,0.652524240091909,-3.54112987933448,1.94542372724873,NA,NA
1264,0.305596297915383,0.295006451081101,0.0501812892980331,0.412666705199032,1.00002645946847,0.675910629082355,0.0718033836220857,0.479481485606637,0.307787731580902,0.0216740979902679,0.505016684173141,0.641531870404957,0.325939181244001,0.974354454481741,0.0826755419709953,0.513568304701592,0.638132259083795,0.418039583187085,0.0196770292473957,0.673644136243034,0.492897558014723,0.53225710076117,0.975756263446645,0.156515977311414,0.782752331424155,-1.54734913894628,2.37268254934434,NA,NA
1265,-1.37854225610909,-1.46364238064761,0.0503464388623814,-1.47581618592239,0.55571472265377,0.218969522980275,0.104192691756878,0.00913604533160105,0.326583040136262,0.282007693628315,0.323491842376185,0.737522850721027,0.471828394832555,0.971177624355187,0.316074155612732,0.283163835059735,0.460100955871982,0.0360845623285277,0.543112207868137,0.709938731841976,0.877727390166256,0.350981261117849,0.935420067685656,0.851219798294478,0.356258479508571,-2.56499702800244,-0.386635343842332,NA,NA
1266,2.02517571076889,1.90349677223891,0.408629098641639,1.73374533712791,0.351197092980186,0.331437718833098,0.474992264988716,0.162313140951795,0.614783320260234,0.964791207437171,0.84387222856842,0.620411587639828,0.178302436825121,0.40973032684857,0.408811417551711,0.627882680193637,0.381286242805189,0.316008042429923,0.268459583865479,0.49728604217025,0.152862306251773,0.858396924989182,0.0928243905614363,0.990789890760439,0.389722282268107,1.04541168341158,2.42207899084424,NA,NA
1267,-0.22050215133483,-0.829436889244929,0.989951485494398,-0.972394637700564,1.39965674110862,0.196894413301023,0.726920172478189,0.573288135189679,0.549930666309898,0.470477424286888,0.178117207710631,0.0481352960912045,0.852852538353531,0.597213285760954,0.154534394042916,0.0596712959302822,0.55010181656538,0.476311868558405,0.0965658698135521,0.0226794387197588,0.804804914265755,0.882392091497895,0.969083594352938,0.653300885241246,0.669498974958551,-3.71567144099217,1.77088216559104,NA,NA
1268,1.93301901825929,1.9291542779526,0.0595178979899399,1.9789409903476,0.815191599122708,0.899184514365392,0.270339070338989,0.398298428839538,0.037047591070761,0.631366041605012,0.337926630350994,0.961733874378959,0.441494545875816,0.612488747089985,0.452709270838881,0.805854059056495,0.696894151612069,0.383185210183146,0.963611625703517,0.83419137054577,0.702873977658339,0.0754959316189634,0.153968699038029,0.852777551013627,0.192502217864851,0.381194815567479,3.57668716512772,NA,NA
1269,-0.379745794278075,0.903175694365719,0.999450027173904,0.468799539830563,1.25681324922324,0.703094124447671,0.872688465363346,0.382194117920822,0.0388652938903542,0.987567831122782,0.365048443966662,0.0278579764836468,0.331394639301114,0.650016212887014,0.653942582537071,0.569579584832187,0.133721415546723,0.348926436677226,0.566452478460851,0.969543763457099,0.120803174173343,0.258140236961655,0.0663956062631914,0.469999091626843,0.916556850900757,-1.99450916393976,2.93210824360088,NA,NA
1270,3.06010979850195,3.05022681689139,0.0502167621837833,2.72928742289573,0.799299141532577,0.86856939987489,0.0807405879242579,0.62910601302085,0.858503484125249,0.916334775637952,0.34165183304064,0.965922066601925,0.272437541258521,0.723069999042898,0.876444163044915,0.876207875474705,0.559868159796926,0.204317293278989,0.926038451152272,0.336158405634924,0.72764574973064,0.0915686111557297,0.812261948215659,0.763500613008277,0.361382335837348,1.1626898926181,4.29588495317336,NA,NA
1271,2.56561801824357,2.51749572890481,0.0512782393231589,2.22317195010916,0.55571472265377,0.00348390493111219,0.169518401937094,0.435575460998109,0.0321222978496226,0.217018111804849,0.568866323159426,0.623562690876774,0.911150515176356,0.29070334483136,0.590062332031433,0.693413139954093,0.052485989416251,0.817876890969346,0.25193312132929,0.0746308862294536,0.131906529924134,0.555589979524957,0.498623891489347,0.14992526736483,0.715278997592279,1.1339911080291,3.31235279218921,NA,NA
1272,-2.64693445413947,-1.52097255323533,0.999897827865054,-0.664894534102194,1.39965674110862,0.0430192698849132,0.956872535988805,0.254347379892832,0.588329459653352,0.0954482344181743,0.362697515372536,0.690961048698053,0.8783387527999,0.446637943280395,0.447064218559302,0.387991334057995,0.672926284472691,0.589698756304686,0.47284141406056,0.11272512483329,0.756662687918637,0.784223516248981,0.717019362509018,0.541971386110759,0.70804673424433,-3.4081713373938,2.07838226918941,NA,NA
1273,-2.03103098402624,-2.1276876274629,0.999561151481302,-1.08657649123713,1.08749253900383,0.298956825193483,0.883980045871111,0.211298859811272,0.766724694223609,0.786103283696226,0.784306592548965,0.853751076341374,0.832194687352283,0.729870319660753,0.516934905836941,0.420042515167384,0.591496533264639,0.612381628075731,0.726772985849064,0.196709637602908,0.461268555360148,0.4655391155174,0.224397046426777,0.73284100736992,0.955526323187049,-3.21802270114066,1.0448697186664,NA,NA
1274,1.92351744641826,1.90954240133934,0.117811509613474,1.55111227193168,0.585677095453349,0.869863474764163,0.371716309887706,0.60893069172895,0.66383247991174,0.725023159550969,0.703279513066867,0.597127461871016,0.673743146258406,0.369560381055111,0.21373115916946,0.267986642548698,0.891984380015288,0.414973503073445,0.0943777268219274,0.649047711699735,0.209253322894103,0.491356717914343,0.0260777952554636,0.322804111161153,0.292168926746701,0.403206258273088,2.69901828559027,NA,NA
1275,4.16220108205078,4.2989784532387,0.0501148907192807,3.93662896274879,0.406080440737456,0.811691718802787,0.0489942545392551,0.190441941561061,0.27314070452447,0.364387497832533,0.410478516491479,0.0590768340714276,0.193407988952124,0.142955129886745,0.584580822401447,0.674283956648083,0.788758196487674,0.890999231626745,0.427823237730772,0.165446189095732,0.456614382748143,0.148773282096721,0.793082678244566,0.600517648967914,0.482720908132498,3.14072592407722,4.73253200142035,NA,NA
1276,1.70222873478254,1.77414044235557,0.999735086016302,0.687946799227254,1.39965674110862,0.132134720123257,0.909226659219363,0.418958428095211,0.587958089692285,0.372447739408584,0.581860484773992,0.607634325853549,0.353780802512076,0.787625217585242,0.23293309959583,0.512470168982865,0.307919588540215,0.807345772591303,0.941281414230703,0.48209328522929,0.0226519900350831,0.933848913394613,0.887185397088644,0.0528927620707545,0.989586557669449,-2.05533000406435,3.43122360251886,NA,NA
1277,-2.58511674725812,-2.40447179980002,0.397649539114422,-1.46897500584646,0.502646347146875,0.262455908042844,0.472517773198429,0.621510106144822,0.663238532827119,0.51920708847465,0.984194920499227,0.984299509531236,0.672607588227838,0.677389442203217,0.571401885783067,0.099771701118676,0.744971409283113,0.605278658306575,0.107756823878037,0.970095585695235,0.593355627497309,0.269148752820678,0.937299352752045,0.734742820457905,0.424084650411736,-2.45414374321495,-0.48380626847797,NA,NA
1278,-0.303643920701406,-0.354411168956701,0.0504648877639744,-0.336872679008331,0.51700110328822,0.235295399085502,0.11890341101971,0.429257311779656,0.30976807791763,0.0518351731641451,0.74916216471931,0.0802956915886607,0.24704843891249,0.37782018653641,0.676936951681739,0.478324645044981,0.747506520446274,0.728226482894272,0.198222787610255,0.917062470973469,0.737628817852237,0.311306693543214,0.350294348248048,0.663612293558428,0.342659498944413,-1.35017622142071,0.676430863404053,NA,NA
1279,0.0667524392802667,0.0875289906143189,0.0502318793270771,0.336105836289768,0.473129353069711,0.0169357608490391,0.0841121972077526,0.990366439548438,0.873104102899437,0.23062597371533,0.208844026831212,0.64642207051313,0.282105877154507,0.923018657876179,0.23447612797597,0.923569986255374,0.0465424441134091,0.107969022352714,0.66734573206515,0.489705781319877,0.451743622136069,0.157898044299218,0.229867134665488,0.432909354493138,0.731642822688795,-0.591210655755602,1.26342232833514,NA,NA
1280,3.16203815324432,3.1021707090086,0.428691881378602,2.72994315756401,0.839403080990335,0.538744192735758,0.479439711006475,0.594577703315532,0.15018730222981,0.0348360945386812,0.882054839911754,0.682407418955583,0.407701630161959,0.83055269632244,0.291498705493868,0.142478541758028,0.787898046852672,0.00720297114423011,0.371501656750101,0.453983592677745,0.192540595012368,0.759685048899613,0.775459729004419,0.823195977109717,0.549648381988751,1.084743350311,4.37514296481703,NA,NA
1281,4.10067169362868,4.06370791487432,0.0704157989567774,3.4715807660818,0.765803653576782,0.577471803154913,0.309078583462979,0.607673257453716,0.102727421359159,0.0929838636037894,0.862075293416507,0.149584920099238,0.602632783165202,0.278460386227118,0.575647496417514,0.502160984832444,0.513976186823915,0.223781728276168,0.200331053688657,0.0563779271085514,0.787993744763778,0.0017496534929378,0.42342106621014,0.474620710087707,0.516708408390405,1.97063318584212,4.97252834632148,NA,NA
1282,3.53489123800285,3.69467213967868,0.404569921432273,3.91370917439552,1.29644516461767,0.63093123471213,0.47408108002739,0.930643452506862,0.674564228022704,0.0841089942255057,0.789244495430961,0.776853112646961,0.998440264832694,0.403983854162158,0.0406520917901071,0.0411661391226808,0.968883743014303,0.105813670547912,0.655086953163496,0.335939147453639,0.0942179269257467,0.894562114055268,0.721163920860738,0.361941251468612,0.82668560652982,1.37272334381379,6.45469500497724,NA,NA
1283,-0.453361358722558,0.719058147270706,0.999535878488395,1.44160884475314,1.29644516461767,0.978267312451615,0.881179109941819,0.872792620942462,0.759476081141969,0.491826163648162,0.697194889969076,0.00101758711156435,0.723046603718772,0.890599916009582,0.227818492290098,0.958466580827138,0.422977552854223,0.970026277116849,0.236078681774554,0.134518573316047,0.607181823151186,0.576834100293228,0.939110886454,0.816084187394939,0.979882758499705,-1.09937698582859,3.98259467533487,NA,NA
1284,2.48110251553242,2.69455193037563,0.996708946756403,2.16115248809955,1.07958489405795,0.650560380417854,0.783089202758973,0.04289858462743,0.0521483867389616,0.58570043909899,0.98956564049609,0.541717988149729,0.450941457625944,0.737783944880357,0.0831530561490217,0.641327589872526,0.739626762139844,0.198034841013141,0.206672178779263,0.506049328054185,0.922743372444063,0.745695664493134,0.117140173500055,0.398117644803599,0.510004846583703,0.0452049774924737,4.27709999870663,NA,NA
1285,0.0993083797836037,0.00285138138564085,0.43144486834583,-0.151168900103193,0.723826469058639,0.356471828926238,0.480043402076699,0.766898223047261,0.227606891854317,0.846975739255664,0.140419415798853,0.559309373618686,0.468674040229642,0.314423196217627,0.624691757839057,0.258522078728536,0.56848135969555,0.14066552193102,0.851429962482536,0.501419137584977,0.839075900495402,0.685995533882757,0.915115739829838,0.395785674420302,0.475703733028495,-1.56984271051492,1.26750491030854,NA,NA
1286,-0.0560333572557175,-0.432402517655397,0.308856358079056,0.278900985601464,0.388045876294379,0.0868188161468133,0.450896281412337,0.723550352826482,0.0899773708984721,0.770598710082006,0.861729532044847,0.76495819378458,0.153280746915843,0.223071413162164,0.929273488376522,0.720504376586876,0.0367403429449769,0.530568593651056,0.167266290260828,0.658053955536452,0.662290355835343,0.0121447137531359,0.88952462177258,0.988527018081048,0.729929597614915,-0.481654956284804,1.03945692748773,NA,NA
1287,3.44382088587005,3.57466948789106,0.0502213571202363,3.17054150463956,0.421995327023417,0.682644481895957,0.0817896548524732,0.690618498527561,0.252312604790553,0.798904867148842,0.2428862778435,0.870397258525016,0.887346560340258,0.681714224943309,0.306420258515398,0.056536165008205,0.588187641830416,0.406291363873053,0.623508265985991,0.295528908815351,0.0231788165821927,0.578263860895298,0.0762970978427911,0.793107454876066,0.479237091479823,2.34344586202946,3.99763714724966,NA,NA
1288,3.35224522680766,2.99527908554149,0.324065605322678,2.77995764465973,0.960069083362862,0.565771213763161,0.454863574558636,0.411134911505971,0.317760494581657,0.417098582591629,0.122461415772093,0.585467017207528,0.537108511287137,0.12174894167704,0.978109392389189,0.0463638332061237,0.121953776361537,0.776510053393897,0.349523850364028,0.648735902324552,0.77422378059011,0.145549703368102,0.738779638190055,0.324253143677604,0.5250746316812,0.898256818598139,4.66165847072132,NA,NA
1289,-0.339403997138189,-1.5090185387807,0.998656965588811,-0.728772396076234,1.39965674110862,0.03853468544723,0.828005786203779,0.214498640435981,0.860060045804945,0.0464361027402338,0.91655397422798,0.506914869083208,0.958063410329865,0.0152134413422318,0.610202637207811,0.435866584952804,0.942988966577919,0.975561510139029,0.652917955857818,0.488742287358502,0.0832507179267705,0.859628142460599,0.716426722595701,0.0719526270022616,0.615049908163608,-3.47204919936784,2.01450440721537,NA,NA
1290,-1.82038985358686,-1.78717185586048,0.0520283716871368,-1.75201026001252,0.473129353069711,0.319818570523639,0.192645438637468,0.597256763544516,0.835422700103722,0.495630668677855,0.620790628924733,0.938217158013489,0.454620135053061,0.0760415351609699,0.201108442158322,0.509805030371412,0.440979089192348,0.974244861426065,0.142515465168748,0.514129807620426,0.387669178849785,0.255635914566927,0.666948327569407,0.0997068774593063,0.765994080311852,-2.67932675205789,-0.824693767967154,NA,NA
1291,1.53553667712582,1.55494102726709,0.0882931946468189,3.0891505911716,0.706332773244379,0.544753396090469,0.341497687095427,0.218454843024258,0.175243617768283,0.566077065204619,0.128889755946118,0.465043459742796,0.648361624894314,0.511459512745845,0.856803040120401,0.679938311586389,0.0277181328660808,0.653655440216651,0.0869431605141144,0.317308059013914,0.162853633727529,0.179373683394282,0.559808893516776,0.996305319036706,0.505451588250697,1.70476379451232,4.47353738783088,NA,NA
1292,1.44278852534601,1.47389054207657,0.0575629302459399,1.58106287127539,0.351197092980186,0.122701410299167,0.258739478308125,0.427069874451961,0.98026222193893,0.921319875073852,0.698300203046645,0.0855786501397379,0.930440797324874,0.694741181965801,0.483159133936162,0.674554863982834,0.194314523437759,0.911584168170928,0.746960940108052,0.789889273107401,0.515289826344117,0.0939369583937805,0.999314251376665,0.731452008991851,0.116680715677445,0.892729217559061,2.26939652499172,NA,NA
1293,-0.251887550211586,-0.669326556764593,0.940538079262382,-0.503315850021821,1.08749253900383,0.429063677864964,0.635324487170554,0.0320398468961939,0.652138728906168,0.811249977004481,0.845675512262387,0.783520836649928,0.910384675115813,0.974956717522349,0.6874007511175,0.746240793321165,0.701852648409549,0.640571391150588,0.324832290458842,0.255628431358724,0.0846413964412641,0.466889370709541,0.482076101075974,0.665386569393915,0.55525062492548,-2.63476205992535,1.62813035988171,NA,NA
1294,2.95179228264779,2.95396060933599,0.0501501679159473,3.29386154981647,0.520993746927256,0.522862681694911,0.0623847464023856,0.629555420908495,0.407640304580098,0.997128172499477,0.815423851825995,0.749309639828629,0.646949189357692,0.31709016239678,0.116132701149676,0.828512529642787,0.937633463077596,0.673772676091176,0.83864906589,0.68340621477901,0.116463523704326,0.187865600583144,0.624518639974645,0.615622019265196,0.117076245618286,2.27273256966847,4.31499052996447,NA,NA
1295,0.624639751184167,0.69464567870476,0.0530860478086444,0.579900183339926,0.55571472265377,0.220223307476263,0.213684151022462,0.42980357631424,0.118646865586052,0.339779331558966,0.268555795634631,0.0486843808125705,0.914086055275169,0.627496237474959,0.935594255497796,0.290426611166331,0.463750227489392,0.287899017968914,0.532078925534151,0.15769638943614,0.466776353051886,0.240041668005288,0.693446335020359,0.260981644919026,0.451220866050222,-0.509280658740127,1.66908102541998,NA,NA
1296,-0.990431682016242,1.67563471307725,0.999833831478089,1.11204588750977,1.39965674110862,0.247146794294589,0.932551993420464,0.795628449966316,0.168063945336151,0.334437096970156,0.927525165027357,0.598788002174697,0.580952445505187,0.756398307312862,0.883860773243941,0.173105645126081,0.865016095425701,0.594895341580966,0.015069008569466,0.509256474554888,0.360873597795144,0.560242549139773,0.114888189415447,0.161362208232051,0.861190422994201,-1.63123091578184,3.85532269080137,NA,NA
1297,1.76960627203066,1.82340665484646,0.766553389324146,2.27414425731043,1.08749253900383,0.201658564673504,0.556074967782828,0.326615015695803,0.869858070141752,0.947992302379338,0.486239015580853,0.0183377327688504,0.897700769561343,0.776674756709836,0.594205040219356,0.765312950516469,0.276972480281373,0.87951872275339,0.342759961433127,0.355604313038639,0.801064071076806,0.0512798531436129,0.950675484073814,0.367273003732669,0.129769757203991,0.142698047406908,4.40559046721396,NA,NA
1298,2.83973202601199,3.47136915947438,0.868600854391024,2.72095701251857,1.07958489405795,0.974093003988732,0.591467850198271,0.548745810870547,0.327054581249482,0.445305504574091,0.687536066385219,0.795878863488557,0.962475774121471,0.752452757135034,0.108233841927606,0.691101679593208,0.749556029693573,0.0138502441197634,0.560562042060192,0.423331488427473,0.846490201727953,0.622577589751687,0.460439219921827,0.540780575388228,0.547835812913254,0.605009501911496,4.83690452312565,NA,NA
1299,1.46457015140528,1.42252293504794,0.0985389890834097,1.28416026096682,0.449739886193517,0.219342485622503,0.353917529051541,0.801962344806641,0.923428644081927,0.0755790395892691,0.847127805044642,0.631166107330821,0.618272294706665,0.0925211114349077,0.0910991664775647,0.847914311731234,0.819782194405212,0.785992351591354,0.981801728854189,0.559083116427413,0.252857469499228,0.236206892285729,0.447205741188023,0.355890299257822,0.542673838174902,0.402686281616385,2.16563424031726,NA,NA
1300,0.980135216413124,2.66460127613016,0.999098907890963,2.47021470220795,1.14132310678159,0.233197022098,0.84798304066353,0.649146451536333,0.287824139120523,0.810014566404629,0.770190087308641,0.078133062331588,0.295857852323912,0.232968265597941,0.862785874117631,0.533575720102061,0.100290754820104,0.203121250377269,0.150894692852627,0.284055260918685,0.648256060709944,0.310909390640096,0.0389807712228503,0.0359926981827011,0.181023708532914,0.233262518192682,4.70716688622322,NA,NA
1301,1.59482841506761,1.54835694341161,0.0627478582963595,0.350421134064857,0.454304216790382,0.653216279146261,0.285120547001599,0.311059759621276,0.468703391608316,0.975652640593005,0.661885119861225,0.0964977666958002,0.224089208642486,0.127869841645355,0.673113450879813,0.94716048217658,0.604333953736583,0.0517842453896301,0.149839311109739,0.551568757992005,0.948312061429024,0.334145109318662,0.0714301153878914,0.163547290847055,0.411315482518054,-0.539998768868969,1.24084103699868,NA,NA
1302,2.43016088524684,2.48332982357114,0.153274789972516,1.85598397871315,0.351197092980186,0.284730981994886,0.394800854247645,0.619037345786113,0.711249466490466,0.957286917641526,0.450369189606514,0.303131324683898,0.19817933091626,0.0586229068803368,0.0459963764334098,0.473445699762087,0.656179105016752,0.0706551085998071,0.104392853961326,0.170523322496796,0.768845215966692,0.204260382582666,0.315065671427757,0.494910289808991,0.560650070154807,1.16765032499682,2.54431763242948,NA,NA
1303,2.95091518878435,4.02237376115093,0.993757750619051,3.35662257468395,1.22125306711407,0.739362328973948,0.750926445898251,0.385978814582108,0.787711622479488,0.701823284694343,0.175826709925779,0.112018641748582,0.819070772250416,0.921274136655615,0.130326660411432,0.284907159110764,0.0125574478603667,0.521526725276373,0.964264706988353,0.313981747105136,0.642855011206702,0.5330449531622,0.701434453146765,0.0515049913148396,0.222375380295445,0.9630105471313,5.7502346022366,NA,NA
1304,2.05556710996882,2.24908861715695,0.457939113995833,1.69092432774731,0.869614864689253,0.373368895319174,0.485786980096716,0.503632739387918,0.348241548840655,0.918247938439948,0.504348008312518,0.176941220787936,0.641498860056046,0.939230025803205,0.604015262536705,0.809202130715712,0.349719970715814,0.0269295889736386,0.934043515970698,0.172661551258876,0.234444607604295,0.494682775229448,0.0809311943019275,0.267604514240869,0.298873908257345,-0.0134894874642955,3.39533814295892,NA,NA
1305,-0.285627588988097,0.27854062813869,0.713317245717815,1.05539699161039,0.55571472265377,0.0912731514812913,0.54194385787379,0.958493424295913,0.278033161766129,0.319221718823072,0.554829920093878,0.495221406059689,0.613891610804829,0.63065812229889,0.450804894109606,0.0876203650502721,0.326047546289861,0.644933827898232,0.818780244322261,0.407600106379832,0.334065319022397,0.785952116903383,0.642228289084043,0.911365846149041,0.293499668691307,-0.0337838504696666,2.14457783369044,NA,NA
1306,-0.692319790125507,-0.35509011505974,0.997836897135197,-1.50291680381986,1.39965674110862,0.278794506481267,0.80413193678169,0.119329878357239,0.462009421543102,0.227302821714431,0.127093540961621,0.0126327005502535,0.165288350411807,0.222106290580006,0.511819646662567,0.329156836128561,0.802157865787158,0.942329088591621,0.151095872645266,0.886183483022032,0.67187572338176,0.410212849815725,0.383601294065476,0.206917079997831,0.561357503792038,-4.24619360711147,1.24035999947174,NA,NA
1307,0.69823245337061,1.37431177376138,0.99984748387184,1.59884404392427,1.14132310678159,0.182428829864366,0.936839317925624,0.695328782864497,0.0878265985909384,0.627226554425783,0.280035891863634,0.165203674444463,0.330409700928838,0.383539564151899,0.836206773159909,0.760889137343271,0.513367483342416,0.54162101831648,0.376413311523735,0.548984518498881,0.759456923870603,0.351699766708305,0.709705320685171,0.311698316068156,0.937010954437545,-0.638108140091004,3.83579622793954,NA,NA
1308,-0.703289418261213,-0.767539245487759,0.99990069241864,-0.824091362207825,1.14132310678159,0.187102375213406,0.958294540382107,0.937747210016125,0.398650624579983,0.831702472327161,0.928274929462234,0.871836005161866,0.621202909852029,0.358349146242603,0.344703214017791,0.514282328253263,0.219569012631662,0.168076686056796,0.205037393453065,0.229414902693941,0.0859385788401123,0.54178740646271,0.0331632557503181,0.498276273692143,0.0336137200348312,-3.0610435462231,1.41286082180745,NA,NA
1309,-1.8336925067647,-1.90208713949386,0.0841311123807553,-1.38463750011119,0.449739886193517,0.205905508993543,0.335516806810396,0.69415103778732,0.741221556525328,0.337056870612782,0.908652842488373,0.50205229488865,0.864243942891131,0.283769959461177,0.781119707220118,0.340870799250202,0.85886688019766,0.812021796687855,0.554582153250463,0.644652504717582,0.163003400824848,0.776551535297185,0.070522728169919,0.831573483532062,0.198718897480867,-2.26611147946163,-0.503163520760755,NA,NA
1310,0.914607485877441,0.984875660827319,0.0504350402309067,1.49903885006069,0.55571472265377,0.20851570496778,0.115583964502439,0.270821517544915,0.214024904555874,0.0361692229002947,0.760239224592922,0.566614056358114,0.737513109803083,0.560264167763642,0.226000010019983,0.132649626854225,0.426891628468758,0.0206149556013988,0.340204144240473,0.957163667897228,0.40774469483085,0.818033561333897,0.861822138443589,0.603440717826947,0.976573306053644,0.409858007980641,2.58821969214075,NA,NA
1311,1.56620292503226,1.80019466453729,0.110183768976578,2.20189348804135,0.696998254769113,0.105059316452127,0.365319386911113,0.596353158594109,0.359397983454051,0.873361371422885,0.894490850493778,0.396602866924484,0.48388406505785,0.14650396704406,0.833500812844373,0.410618347573327,0.304626598881208,0.286854477818706,0.475537363105104,0.191388132168329,0.849757206915761,0.748616424897569,0.674209679687396,0.83878131842555,0.789312661176198,0.835802011406617,3.56798496467608,NA,NA
1312,0.629640533883015,1.20823999062539,0.999588361727433,1.71686211373952,1.07958489405795,0.939385948607232,0.887181944086799,0.62122525346512,0.104539479849278,0.347302953575389,0.0304880952920066,0.136214181553689,0.950240625752136,0.368265218745568,0.937102292195195,0.405782378511503,0.191565818692558,0.562587926993263,0.76751660251664,0.599688842292875,0.0677735189938685,0.828781987412251,0.153136100311298,0.684824712246191,0.509547247222392,-0.399085396867556,3.8328096243466,NA,NA
1313,-0.88583368448734,-0.186813867619999,0.997331522402994,0.00274604840141213,1.14132310678159,0.250698336817557,0.793607049348648,0.684436820280505,0.11275733053661,0.827490562832449,0.481950080893585,0.268764682406792,0.699774401389645,0.426088918826426,0.905403048527078,0.133377704040031,0.762892040069215,0.0798656038366025,0.0233342387201265,0.58304343263444,0.831315169117996,0.850380393235944,0.942760700520477,0.436436623464106,0.10461674255773,-2.23420613561386,2.23969823241668,NA,NA
1314,3.12306381405023,3.68382562821307,0.89319490167747,2.58423275363682,1.23263520377092,0.556833778961794,0.603309623444104,0.295963276523282,0.455626653594431,0.0351138162327697,0.622610935768462,0.155109866931452,0.473624384906492,0.593541595058748,0.64386274736363,0.0186829929879168,0.861050170161994,0.239892930513131,0.644180402756203,0.674779853832093,0.480563470164547,0.323444074066705,0.821494914977578,0.0796136034954106,0.164934982276522,0.168312148169632,5.00015335910401,NA,NA
1315,3.5169468634257,2.83784399177293,0.897814581205418,0.631171138781121,1.07958489405795,0.787633445192245,0.605793648164836,0.440936291844584,0.00182416164502501,0.548740236455109,0.879803757153801,0.079785317469039,0.572529740936705,0.796095504230703,0.0620795665777987,0.499521726767533,0.468029299831949,0.320938499088516,0.144177126910072,0.222803301894222,0.491588106533047,0.279633784454782,0.649186981480685,0.873876740247942,0.557228972676443,-1.48477637182596,2.7471186493882,NA,NA
1316,0.0390535927012285,1.67623675832445,0.744175257263842,1.4287002966325,1.25681324922324,0.760016816958785,0.549911592467921,0.201435443586553,0.0866013992342632,0.99642768910015,0.134368988879723,0.0162608917655889,0.0856181527710287,0.155611514259595,0.707052317696391,0.927398389530717,0.717012752664858,0.102222473328235,0.468715880262898,0.722161339099635,0.394177998521016,0.934294132008217,0.169013338665478,0.392727365618222,0.956111320284894,-1.03460840713782,3.89200900040283,NA,NA
1317,1.56776094219851,1.47506938159784,0.0501179999941674,1.45953855386817,0.677729977601211,0.21137168901565,0.0503295764847426,0.546053722131648,0.452608999511111,0.862647319436772,0.639803413396352,0.386641828925349,0.986828364653047,0.32673980341549,0.495681889498141,0.528850043080281,0.214496610136703,0.507428609202965,0.58431160134112,0.207054633717169,0.361413398888893,0.524493540635449,0.0265336676961742,0.503004471287364,0.162009439690621,0.131212206526658,2.78786490120968,NA,NA
1318,-0.320538514704951,-0.381210054027722,0.0501744523806826,-0.0130857976221179,0.951128507376921,0.994201422492624,0.0698809100850485,0.630861899674055,0.935129841456772,0.204675329887192,0.550432764460798,0.995305759842275,0.157637634324958,0.392199064865592,0.912603634738596,0.926366186660598,0.0683381438539363,0.906470695226919,0.859031963105779,0.647928666053456,0.863231746884296,0.99900567304506,0.823006938844919,0.0854670403687051,0.151834058140987,-1.87726341675022,1.85109182150599,NA,NA
1319,-0.952006962306978,-0.925185050353685,0.0501252043775071,0.219947336179922,0.502646347146875,0.392424442525487,0.0532930980679812,0.31835911842424,0.329587082052953,0.775160304522258,0.503652598143788,0.249307639501407,0.487863159107859,0.255518661371432,0.656130414444604,0.739869066674262,0.975200471287593,0.503151038637385,0.683885305108619,0.210355874723988,0.68712529884628,0.545942892406951,0.764544242199278,0.956961996512138,0.0287615408063866,-0.765221401188569,1.20511607354841,NA,NA
1320,1.41044738347287,1.37463736063284,0.0516322505139311,0.507792443514113,0.0774040452167304,0.379479680891032,0.181760869875667,0.257787017397583,0.413596896835486,0.895139994294615,0.881235641880077,0.163141874515917,0.106739286260796,0.999588078318047,0.125117746101692,0.0592985908839619,0.226926138473907,0.517239864142029,0.501006315882201,0.785786752925254,0.155815183904255,0.266363893576316,0.280526362390025,0.0135912079457194,0.68457574070862,0.356083302631611,0.659501584396614,NA,NA
1321,3.18520057330982,3.69338777147353,0.87558015493079,2.72305282488494,1.23263520377092,0.656403496707208,0.594621233171434,0.136209635061328,0.570518158871331,0.122677065808326,0.827515215555439,0.997320450553554,0.0861418156115105,0.399361730416305,0.19055889720947,0.0128298760271864,0.807843752525747,0.778950184531044,0.173342198183876,0.560860634113545,0.884698895644629,0.559243569357903,0.0944903351323446,0.153589702397468,0.410653771182173,0.307132219417753,5.13897343035213,NA,NA
1322,-2.79685032218496,-2.01607052745772,0.999901241820734,-1.647105234972,1.39965674110862,0.160850880732876,0.958571953691542,0.911867802899331,0.0139207676661899,0.409632793540368,0.96355316947971,0.965402671066462,0.91177163756534,0.059468822111492,0.620935908936081,0.235501393935992,0.560870200719568,0.515793664928409,0.505892026512884,0.462950343370088,0.700900590269128,0.186563742614933,0.472536111418507,0.902956481105066,0.100448743806453,-4.3903820382636,1.09617156831961,NA,NA
1323,1.78741561714406,1.26161161376078,0.999840408610578,0.593607897857663,1.22125306711407,0.639404707191745,0.934571626297897,0.273080341846682,0.637545797720901,0.261296026846627,0.331036205432261,0.0739489737425465,0.382635886124102,0.46314425475162,0.101547465872485,0.381053993431735,0.878577323220088,0.925740384115372,0.278170196473249,0.479373612610856,0.15801381573081,0.0970549779790454,0.948275620577508,0.414212278610794,0.0378115946627222,-1.80000412969499,2.98721992541031,NA,NA
1324,-2.024360278865,-1.61193831966828,0.511178022292531,-0.543986187147272,1.08749253900383,0.00844355259882286,0.497089288226212,0.585238454263657,0.811560683642747,0.581589065315551,0.168545016523683,0.332625085681677,0.648714412376634,0.0148877023902023,0.641164561170037,0.976901564007159,0.243427341433358,0.376253900144598,0.0520118144567823,0.655772182176705,0.568263484736322,0.90217301445303,0.146804703553556,0.339437603935832,0.255610832059523,-2.6754323970508,1.58746002275626,NA,NA
1325,-0.528108471401954,-0.568141204535382,0.0539387574147701,-0.544341112259404,0.732604215419103,0.43236536210042,0.225927899559378,0.416035846792627,0.837983185937512,0.489626090271981,0.56533177411498,0.593956568185706,0.219128988289274,0.281704454367049,0.128779503527447,0.602120217349031,0.592991394772194,0.773408563410398,0.570509216513485,0.115488896140363,0.742349525208818,0.831411103675608,0.793664319467149,0.316465328326216,0.181600963999983,-1.98021898940307,0.89153676488426,NA,NA
1326,1.73766521646257,1.7052460441787,0.0544468275811391,1.74536763670432,0.42623198935329,0.519978586071636,0.232021040747757,0.252926147743128,0.187893871125882,0.843640881932108,0.0121277011362836,0.574785356699023,0.41487422906165,0.780170564225526,0.623618068697164,0.621718080868479,0.965079612860922,0.567309797906433,0.52808210330538,0.530556745146518,0.184316616841126,0.85415460602066,0.583911501255236,0.36210531991336,0.677224484617705,0.909968288513011,2.58076698489563,NA,NA
1327,2.20296215072841,2.758900218298,0.985102252173187,2.74499181499815,1.29644516461767,0.541832369338488,0.706972291747923,0.862281489274465,0.831943586119101,0.707650439405697,0.660970910440665,0.189914014550159,0.720195564371999,0.525046888534678,0.649514930454781,0.839589169315295,0.938701890980941,0.808066509042517,0.994075369440368,0.552791009975947,0.0356402480488177,0.792866652522236,0.53447229807952,0.304972589694546,0.839391951393685,0.204005984416424,5.28597764557987,NA,NA
1328,0.0201924971344844,-0.0117652068182518,0.177747943964789,0.395500711642634,0.585677095453349,0.683879975299351,0.406900607459014,0.855243556645932,0.916737460066331,0.996812148500583,0.433012897950364,0.320384265610832,0.447848973186687,0.135977664329461,0.394249374028645,0.529298073042417,0.970653947905987,0.0970169871834805,0.572272770486539,0.74753922711988,0.467058750405093,0.191977353888797,0.371194270172389,0.664029894331587,0.239047557453625,-0.752405302015957,1.54340672530122,NA,NA
1329,5.22333334839016,3.89303382337582,0.872206473139062,3.64397028673776,1.23263520377092,0.777282920054859,0.5930787828631,0.583271737109288,0.483526744009578,0.211050326128257,0.929167894532205,0.830698734943173,0.694174492568243,0.280321486326167,0.718120908608194,0.147237449405366,0.545745256349561,0.63967261871486,0.191432146635721,0.225091068130685,0.544950884249294,0.700674556006677,0.924319157891557,0.210494045255822,0.0814868294815533,1.22804968127057,6.05989089220495,NA,NA
1330,-1.42563806970785,-0.066331590090742,0.999873417918528,0.34265102350688,1.39965674110862,0.380880893940222,0.946159652363276,0.22263985626318,0.170981118821306,0.203273106271052,0.840731940190075,0.052409218640998,0.245534724737168,0.745436967621208,0.510484004908125,0.251791502817534,0.738336376504507,0.358316544612055,0.877456565327011,0.447076134460978,0.0342407455780776,0.467984114586958,0.151232089426252,0.621437832970289,0.0420033718020422,-2.40062577978473,3.08592782679849,NA,NA
1331,-1.34307426595228,-1.47034301490941,0.0518747533007982,-1.2210979045727,0.474966316662938,0.151311571622617,0.188699523377931,0.0300850846089888,0.564752568828757,0.64222068020911,0.0783300283327699,0.58004342732206,0.511333908253117,0.126391505850945,0.277455921930028,0.184843488054816,0.929486488155322,0.641738737311214,0.711110588781768,0.175726478310651,0.201998793058447,0.31888861253194,0.877173993926262,0.564619981744443,0.380935559827602,-2.15201477910171,-0.290181030043695,NA,NA
1332,3.59184359580021,3.63543602192669,0.0528473235361999,2.74767138383772,0.431532375064976,0.633795201255823,0.209645957077853,0.906322786401492,0.414943501532893,0.754971028667991,0.39439432234806,0.627841237812187,0.261256145352731,0.979892764754011,0.815056426048628,0.999399696304346,0.565975026745349,0.309371099184849,0.171887673752382,0.248234999567503,0.146470965848304,0.253651515286765,0.553763285938068,0.814422652937239,0.431218136677169,1.90188347054733,3.5934592971281,NA,NA
1333,4.30250248615026,4.24454341232495,0.0521690148743318,3.65643809079358,0.535517272728469,0.896602962046745,0.196004844444222,0.156430616612663,0.302033265832346,0.247164562724531,0.898700841602753,0.0509942575943423,0.123392632311909,0.403032488754019,0.173414727961761,0.996740063382895,0.905453858024092,0.962053816817584,0.0285558107274119,0.657007012856426,0.196598187990836,0.763631182725774,0.298695829154342,0.98607353345945,0.21503435316321,2.60684352314667,4.70603265844049,NA,NA
1334,3.51388706655696,3.54878278652401,0.0503217237338332,2.96708278522189,0.426478548840393,0.626446415494313,0.1004907329079,0.206496521765366,0.164395468396717,0.87814625155169,0.181209189593908,0.947759896676871,0.382257491338765,0.786893874367699,0.412479789998033,0.00945918494171929,0.948681700207409,0.713580935013248,0.470949304298847,0.039619804931106,0.897449133077171,0.124148304807022,0.205429591402528,0.723604831082979,0.487733039681101,2.13120018931581,3.80296538112797,NA,NA
1335,1.66992059982011,0.397250694064912,0.999542041342826,-0.5021829845311,1.25681324922324,0.611360015229089,0.881847808687133,0.487854969386244,0.589296589917503,0.863853461265797,0.00283022361109033,0.0386592080029659,0.101728951473022,0.00549005452834535,0.0388430794349406,0.387303756121895,0.00567315966647584,0.593025690410635,0.865153663858073,0.874656263504643,0.875612294373452,0.348211391138146,0.0237983168634819,0.672115816419711,0.873639875214314,-2.96549168830142,1.96112571923922,NA,NA
1336,-0.453404835400077,0.672964979915114,0.989104103509004,0.189705523639233,1.39965674110862,0.389175622122362,0.72282700448914,0.854127084866166,0.195920355423121,0.160641984357382,0.29471358128835,0.0490755438623019,0.618770974439569,0.0367256085340632,0.168844025096274,0.462050486348569,0.375348879751516,0.822214030614006,0.550214842838817,0.338398059870349,0.837377650606912,0.114995704848785,0.974989626150695,0.994842439526692,0.891103827903047,-2.55357127965237,2.93298232693084,NA,NA
1337,2.47414514956894,2.9385102326553,0.999950090778303,2.26051500879764,0.85435310721902,0.60911163406237,0.992697946846602,0.946627342874184,0.580491095803212,0.357602031180169,0.470212415071786,0.845491546929698,0.799578538263799,0.480500381201156,0.0813626498739468,0.439910242419573,0.940622073246166,0.734521758381859,0.586936668889015,0.450392725526122,0.15135117138701,0.209952974335174,0.787818073537433,0.261461320617353,0.410252413060633,0.586013688568475,3.93501632902681,NA,NA
1338,1.30151790564427,1.67581760222964,0.889524238497866,0.975912385142938,1.01534485668661,0.267773949660826,0.601401960233343,0.454535100960522,0.553259145089542,0.31721220932086,0.266536492040264,0.271569867306156,0.129305421943427,0.360512719081598,0.924807978354627,0.50289645823231,0.228377665871405,0.862138228477677,0.723639507877058,0.637124547733227,0.369777369220974,0.662332254906767,0.330572740889969,0.396795147730736,0.731464874957805,-1.01412696585079,2.96595173613667,NA,NA
1339,-0.249359032393759,-0.26558937767786,0.0500461850091246,-0.0979464370498826,0.502698623310642,0.988036902651773,0.00342433105071541,0.954629073935561,0.586443658248521,0.98809414402023,0.805324794142507,0.775670419157133,0.182887028005556,0.364285633496474,0.648345323553425,0.61297229862446,0.0889859182803193,0.865452796388767,0.789242075816495,0.0692100166848395,0.118877517326619,0.818823238826124,0.525918893843424,0.549497509138542,0.48109213477897,-1.08321763381661,0.887324759716842,NA,NA
1340,0.531719077175175,0.661816440816644,0.179929851566533,-2.2211746228916,0.473129353069711,0.492692220180295,0.407880240900675,0.655690334689571,0.545043403301388,0.4126127401673,0.892570491418592,0.537774536359008,0.42420093523548,0.866380339476629,0.124571450842661,0.260951372023323,0.111278027040651,0.0738945678545861,0.352890801691101,0.409992598707788,0.453460612595081,0.520874966019299,0.586046332362224,0.433019961538143,0.81746185630851,-3.14849111493697,-1.29385813084623,NA,NA
1341,1.64459764151724,1.64554994949691,0.0504338912113165,1.39707062743497,0.51700110328822,0.400452701626928,0.115451670292765,0.0825657631310169,0.217295239278697,0.0248676805613795,0.166233515460277,0.726191271959455,0.789132056222996,0.175644124870654,0.956070134115405,0.819271764156641,0.927698021358228,0.676889216496609,0.549621349265799,0.850612417383702,0.291790058460785,0.151824971178081,0.490835255529964,0.677230903289048,0.999109850443783,0.383767085022589,2.41037416984736,NA,NA
1342,2.66024064425818,2.28912431352851,0.175314261049697,2.09178839732853,0.388045876294379,0.288208886154229,0.405791113969288,0.446669454017188,0.168898473726469,0.781641240800731,0.212416300043347,0.290681700686458,0.702666638206691,0.163687666327693,0.244816915758536,0.0813444273830392,0.210398563191527,0.467671651894343,0.880913237751694,0.417765870686853,0.431148455346469,0.61414176057803,0.97608467819111,0.56776169126248,0.325970387155656,1.33123245544226,2.8523443392148,NA,NA
1343,0.24990147074394,0.311320392036068,0.0815535490154715,0.316283720488452,0.650357382911136,0.877466129306355,0.331450123440824,0.252187264347449,0.722410338637186,0.933670914768474,0.0183963651439408,0.246803561619599,0.194247992078774,0.0546678445010912,0.259884587972425,0.588900369667448,0.607430523534655,0.859853053212748,0.188353451687028,0.257923549596802,0.310698548857239,0.850801079242374,0.977793084804085,0.718781584040029,0.25094040657219,-0.9583933270971,1.590960768074,NA,NA
1344,-2.59458339575488,-2.46146022985352,0.885612273117418,-1.65115257728865,0.893178646283413,0.0449951248693978,0.599428546333453,0.666363294281182,0.683508574259118,0.378392560951994,0.63899689988466,0.972615505905356,0.907499924181961,0.737161501684808,0.837081830730313,0.620144823117764,0.436596715552732,0.557462124807527,0.857292946217349,0.861948577530682,0.254712413399247,0.366338175653713,0.746853661167668,0.104231293145451,0.297712903498556,-3.40175055576438,0.0994454011870822,NA,NA
1345,0.437320876119393,0.494672752413288,0.0537977553979144,1.03901061920734,0.585677095453349,0.971155809195945,0.22409769360139,0.808790383436484,0.788703098453116,0.499935154363164,0.216516320229857,0.498877811395098,0.632172152608633,0.0527158335060812,0.387335158406408,0.393292201672564,0.250441544666071,0.658989327471121,0.254713213312323,0.897997497502132,0.106556505162618,0.315501725844457,0.395226812227978,0.309183302173857,0.359319702542853,-0.108895394451255,2.18691663286593,NA,NA
1346,4.50548791246692,3.58550204389169,0.939220581560548,2.3470428259322,1.22125306711407,0.673193869011127,0.634154705441091,0.0162640313428128,0.930095548789832,0.901249326025601,0.869845041977591,0.438142320259009,0.0149498990873108,0.126532587672351,0.503066409844323,0.539717380742426,0.386860063467058,0.999912341113202,0.805286311901407,0.0932347153380979,0.380882929719519,0.448443301405874,0.335046256826376,0.381565009428887,0.636742365514394,-0.0465692016204531,4.74065485348485,NA,NA
1347,-0.239856078183066,-0.288006628599014,0.0598471562547513,-0.140074580824144,0.388045876294379,0.0788017214281717,0.272057012331206,0.439585923395236,0.122768366441247,0.973863101763069,0.979399993282626,0.156511546918307,0.742327230988187,0.929384552155505,0.499040340552805,0.781187671492109,0.569976910450845,0.6715798760904,0.53071543954208,0.629255153008737,0.346793542132364,0.225785705263144,0.776790335201542,0.458666060334421,0.0959964641839033,-0.900630522710412,0.620481361062124,NA,NA
1348,-1.97210665130857,-0.343609522146006,0.936243527095462,0.261994826038143,0.85435310721902,0.570843370454735,0.63159605297388,0.789987163215177,0.441755561164231,0.442350986221572,0.913352397594019,0.883825516028213,0.748909691238543,0.564501036245492,0.237090530378162,0.0661834936080268,0.612400495256996,0.968887853664579,0.478185730641591,0.908267176583526,0.489213183722226,0.277866908319294,0.52528553418396,0.155934509993647,0.827711587797385,-1.41250649419102,1.93649614626731,NA,NA
1349,2.87809285131429,3.29323740086337,0.678633953111866,3.13446451420996,0.73918290047872,0.951093226308003,0.533548416516744,0.973085129224579,0.0364517363217892,0.841313254747307,0.959055584904272,0.224079608386382,0.86846899765206,0.331325859382865,0.323376908074832,0.404080199471326,0.410608731656102,0.587735877796309,0.354917545202537,0.144274015743402,0.712992421148811,0.812204104152275,0.109926764754811,0.367718392548384,0.014244948715088,1.68569265128382,4.58323637713611,NA,NA
1350,-1.60029097604345,-1.6662621928973,0.0532690134963152,-1.37907716951614,0.51700110328822,0.331635408211267,0.216573663632036,0.0267239057023544,0.339715509145404,0.470935260938713,0.449453845207347,0.163607047188212,0.954931880281074,0.623411315881065,0.760991261508898,0.702535040847608,0.783596261787578,0.0790854673280846,0.0833986891439417,0.614695973819937,0.0731770119508728,0.757893372840597,0.557535647176439,0.0188719614694128,0.564500188943232,-2.39238071192853,-0.365773627103759,NA,NA
1351,1.64209923806628,1.45587207050075,0.507871057479292,1.2282261191869,0.456786674230267,0.133646199373179,0.496392342506908,0.104429550062981,0.601573725173366,0.424647902863333,0.111074370969087,0.419818347251276,0.0542082685126225,0.518482043386088,0.98137715396774,0.0239751799226506,0.893045235253754,0.390135095166857,0.463386860107421,0.91152135077538,0.446366513437009,0.438157161605661,0.988396952970536,0.410707376492326,0.532523114450742,0.332940689077742,2.12351154929605,NA,NA
1352,3.56110761312445,2.76149538861778,0.960508562522463,1.61772298652036,1.25681324922324,0.538094268178218,0.656895971381688,0.870772482529515,0.242800329672638,0.705540629053023,0.78143729447166,0.257777450606925,0.772010087847244,0.850836041903822,0.278574687478715,0.091294968165108,0.339193366811844,0.180750446187216,0.996538069658098,0.016458269276889,0.791389816719922,0.782420960924122,0.0699836269855732,0.963677175773424,0.577810324648628,-0.845585717249961,4.08103169029068,NA,NA
1353,3.70392483015518,3.67030755572828,0.0508380757325966,3.7725805692852,0.531477168339764,0.606701172521338,0.14838868900924,0.172193559680134,0.337203581006965,0.239891901673283,0.864003772524069,0.8934169882813,0.0923446473244112,0.148196432366269,0.554214999571675,0.666999607831007,0.727633154344512,0.409446018611197,0.720239221139462,0.887523396570818,0.0864623375713127,0.352596641032025,0.680172572759329,0.468589885538444,0.821543381063966,2.73090446073393,4.81425667783647,NA,NA
1354,0.451673884404194,0.516701873202343,0.0500967659691431,0.847313681371831,0.51700110328822,0.117812898846692,0.0404089987279149,0.8583623076363,0.272956964888261,0.0907024917280069,0.956283946832758,0.966972574642277,0.624374851152068,0.591743864128366,0.729457326485775,0.507201401816914,0.756038646772853,0.331030397146125,0.915350079647498,0.48538225972082,0.843051223109825,0.867696413619327,0.578473238650826,0.20165943916596,0.325301202865201,-0.165989861040553,1.86061722378421,NA,NA
1355,2.69258974022875,2.01105131239643,0.718358200958964,2.23795032697858,1.14132310678159,0.147065756414086,0.543209410571726,0.771133610559162,0.533922741371673,0.761309669455281,0.721026257817051,0.431668161350768,0.652390757266781,0.814864839083166,0.336108238079352,0.0387294527941849,0.436225860783132,0.926485798717593,0.043217469390831,0.995444316025474,0.444585400298471,0.146794891926809,0.241903462460265,0.347830625776085,0.22355160051398,0.000998142963310578,4.47490251099385,NA,NA
1356,2.0529559168345,1.81718701759567,0.592677736200198,1.57067848318948,0.473129353069711,0.297289088931168,0.514345549050486,0.871860022386303,0.944930608685943,0.224934147598222,0.125737963914638,0.429095214942703,0.736045557411853,0.136460379888769,0.302542603597743,0.322438900834648,0.646190226624953,0.183142737667193,0.744933621455915,0.123311514925794,0.358980900122551,0.236969751636847,0.332481468033511,0.216453691468225,0.850141820268938,0.643361991144107,2.49799497523485,NA,NA
1357,0.106727380188144,0.610495067136236,0.923686886989569,0.718831923788473,1.29644516461767,0.850629897512379,0.621893863692996,0.756088850509957,0.727300652322476,0.510551393510657,0.276614611905185,0.0994524090156192,0.0268551064155763,0.578742051389767,0.59068094194273,0.538645376674016,0.354119549153955,0.971995699751773,0.484582670625299,0.641531089728582,0.455937902451493,0.238680924526183,0.56082185963064,0.142681307927356,0.587720088601112,-1.82215390679325,3.2598177543702,NA,NA
1358,0.742390947326752,0.836817124706521,0.347616786323568,1.53367278152672,0.885844208528747,0.482627522495924,0.460758728335961,0.428827018946758,0.431222790262662,0.915173475493095,0.76535591523652,0.0168843993609771,0.966354088130873,0.265757692933665,0.400091589155141,0.877629821515991,0.0435773924040841,0.228713129248354,0.771278272063355,0.888683203107445,0.43319168558286,0.404718967238325,0.503585470815306,0.781820637249737,0.569362532461411,-0.202549963103017,3.26989552615645,NA,NA
1359,1.1972638980323,2.30401454711668,0.999946283672968,0.632558786988609,1.39965674110862,0.0877083046872867,0.989022186080692,0.00224331061146222,0.188833169949357,0.0324385182794649,0.40539135239867,0.475541470539873,0.538200436786748,0.925480912439525,0.627796227145358,0.697250350855989,0.610665647926275,0.00192258278501686,0.71732189281506,0.612538915190497,0.806891643988667,0.445744423166616,0.00106650184059981,0.291516855868744,0.040843900438631,-2.110718016303,3.37583559028021,NA,NA
1360,4.41527198543241,3.3206622973238,0.972359957792962,3.16078068519266,1.23263520377092,0.88696044123685,0.675383501559729,0.597610783332144,0.106128071586136,0.118639492612914,0.545511604319094,0.243270999443834,0.0410208954020636,0.798387995641213,0.243874911062187,0.111987993706134,0.603999472706928,0.511858685099287,0.516980152203352,0.304623590524425,0.738557768907165,0.633032364987535,0.665880016860436,0.00225971401063725,0.256875155898277,0.744860079725474,5.57670129065985,NA,NA
1361,3.57412741977488,2.57127951116829,0.999906756562649,4.04375199868177,1.25681324922324,0.98372415392939,0.961445271432982,0.258282911563874,0.618499389085569,0.696978737631114,0.849967170270975,0.988388260224834,0.256161445048288,0.890166489936528,0.33568473829038,0.0426290252285544,0.462394239709829,0.795096917950432,0.00175684233766515,0.139280212067068,0.484595485252328,0.379609027969767,0.714634539441788,0.725031368057011,0.00649477743101306,1.58044329491145,6.50706070245209,NA,NA
1362,1.61710612716411,1.90450121483025,0.184919162267599,1.48682878119916,0.502646347146875,0.457584657618077,0.410069425267284,0.248990303296479,0.650960949006258,0.516214885887108,0.902124045775621,0.468186178278178,0.410815876540728,0.932390992236091,0.445028576813056,0.655473526141956,0.190296146698529,0.758106860565604,0.148906973739155,0.135333761096699,0.624434248067089,0.543450242178747,0.816621958254022,0.5580299004392,0.00238916987995617,0.501660043830672,2.47199751856765,NA,NA
1363,0.155600966130766,0.0485314962478449,0.0505562316671379,0.297814796905477,0.895150455570729,0.527172169967205,0.127877664495027,0.720140684515703,0.648053003329551,0.670963809317793,0.630592183433124,0.24276355338702,0.849666381802526,0.241309322596528,0.840429148808471,0.0603322056175675,0.0612081705492456,0.468904972442193,0.851848567141686,0.914577499338775,0.601332546860795,0.511159217184526,0.496014155483572,0.0327500847153133,0.962862852917868,-1.45664785675777,2.05227745056873,NA,NA
1364,3.67636651063135,3.69239018199362,0.119976576537658,3.42389411146265,0.423789230982789,0.819993040822563,0.373410602023592,0.117502821670147,0.300926636509248,0.966270127843018,0.185360544629395,0.790749333026237,0.146964840049739,0.271193578717182,0.664398458603886,0.352193127576262,0.348425653483137,0.725913878584863,0.571233015334699,0.281699173711473,0.395366215768969,0.780244290094706,0.944338101024157,0.450878781056846,0.606950471513905,2.59328248170046,4.25450574122484,NA,NA
1365,2.48273474540325,2.46125123227183,0.0648922649671217,1.09862241291528,0.424289633039415,0.620858509984217,0.293009010057431,0.376661706256098,0.428376948936726,0.989851658555213,0.0712561189947883,0.95587600180367,0.211211795720388,0.309520802399609,0.272086836649803,0.0447226462048711,0.205093561293324,0.323029450299568,0.334613105008844,0.731016157453996,0.286643380161375,0.637203234178363,0.868756946472102,0.514316579015227,0.87965501309128,0.267030013144312,1.93021481268625,NA,NA
1366,0.573012073032935,0.516782376426943,0.050685760962659,0.613185422612476,1.21565432732271,0.524337387479143,0.138351698339917,0.663497401280212,0.98608388114674,0.570743926472031,0.846482391839381,0.417608346832101,0.103216727069928,0.00115958755731117,0.970598565693246,0.898129857174354,0.137130719552864,0.954672706894227,0.971710132351844,0.588983031396987,0.199102443786804,0.101136233649449,0.347093355274177,0.210707569700899,0.480951213136897,-1.76945327659029,2.99582412181525,NA,NA
1367,3.10114159222784,3.19969823534667,0.974337327406023,1.84231564013498,1.22125306711407,0.724853367967997,0.679201978505706,0.116811817976879,0.75491261292994,0.69158140359947,0.878751808892935,0.738577174820821,0.553280787818367,0.249612552603474,0.981610794456094,0.165359073969885,0.951023045926588,0.887309956804384,0.214201227505459,0.997333736823522,0.54865258911415,0.596488097743364,0.475479987129569,0.647973858268815,0.818578523006639,-0.55129638741767,4.23592766768763,NA,NA
1368,1.71032017497731,2.14878323435508,0.999372041975596,1.52580310152097,1.08749253900383,0.041849732964416,0.86605413562269,0.279642383902217,0.964798605402233,0.909212518864777,0.827086196924094,0.270907394313836,0.651375412858208,0.214076692440896,0.318829194095451,0.423574890699121,0.00728887722082436,0.261270622417447,0.570232975000283,0.448398563869297,0.705643807715387,0.231543271417031,0.764345652541611,0.176945283094072,0.568204962214455,-0.605643108382555,3.6572493114245,NA,NA
1369,2.97883841640724,3.09988370188479,0.187870739899063,2.60149607003995,0.525200058076488,0.905538803756703,0.411332853200147,0.879410961553454,0.205773038715357,0.120126739567146,0.279797056633746,0.320821010591928,0.543513583661988,0.242804180407082,0.376804005508311,0.792683260112186,0.403023174409871,0.816564689970692,0.355105124874041,0.510968032478937,0.47188395578682,0.959774808297749,0.186331121309544,0.701654019333655,0.17169439760386,1.57212287153169,3.63086926854821,NA,NA
1370,-1.54353397801933,-1.47060907916788,0.0561590096309984,-1.57351794486173,0.340525183998835,0.446679383470444,0.248397914043977,0.595536634234595,0.874878380581387,0.568470500136493,0.909199956508819,0.113942681186832,0.866925892189844,0.770679876024253,0.530964216921711,0.771781608421239,0.960371689253487,0.330878943364834,0.696928065562854,0.18384793521848,0.327891768664005,0.296859892658889,0.592774694884662,0.995218945831293,0.193061323228176,-2.24093504132833,-0.906100848395141,NA,NA
1371,0.224264324229277,0.193959757595188,0.0549089536111527,0.820818227889778,0.194945978274951,0.299201905547525,0.236988976851921,0.643846773732337,0.895543427147553,0.981160233871196,0.18445056971244,0.152096431625658,0.858938805632642,0.575715294510708,0.847862950885436,0.519283591668471,0.389788171514985,0.802768988956232,0.420358851252357,0.37888351751538,0.511741771526053,0.878264075051062,0.429941569068236,0.0801035009672632,0.53181259071012,0.438731131539945,1.20290532423961,NA,NA
1372,2.71954990691635,3.14175733762484,0.974227677885072,2.73034126795913,0.85435310721902,0.596836467125569,0.678982865804457,0.0570202055651462,0.525143819551449,0.615195063424064,0.922534454052686,0.859826904932386,0.092642786641838,0.717380402703187,0.601846322988858,0.137887000942137,0.711326357627171,0.804024007219705,0.760930772747612,0.64816607968579,0.494583932979265,0.226089959050529,0.53561493932677,0.582792087033158,0.928964090015856,1.05583994772996,4.40484258818829,NA,NA
1373,1.83335677219215,2.77196764935326,0.481918812197223,2.24490023087872,0.838124634502196,0.891186246729223,0.49090528363327,0.469201194234076,0.259610880165827,0.591580674469355,0.62587095000525,0.554836623414769,0.44570776718494,0.943425091395387,0.70764538570866,0.0927989418565994,0.356997663798393,0.36138073883031,0.634748637430137,0.812459703074302,0.290149267878965,0.376356182056828,0.675003047437523,0.224364714672556,0.328676008824958,0.602206132698624,3.88759432905882,NA,NA
1374,-0.308181747941166,-0.230126848908022,0.0537724651282485,0.240365394444043,0.423532243178204,0.722559139363002,0.223762280234718,0.164432666496723,0.556346098987968,0.930081508856034,0.02941290771903,0.641397673956235,0.0663689472213155,0.894582570712548,0.449704577041906,0.71286545137933,0.542865893361159,0.669532310921117,0.336254161875462,0.999591722494573,0.878470795300789,0.484287044876372,0.96821594190062,0.380256258194451,0.653270915753092,-0.589742548476696,1.07047333736478,NA,NA
1375,1.26008497653406,1.14741644446013,0.0981213533817775,1.37064520293018,0.60435359419377,0.644247906182776,0.353462302147876,0.048707803697791,0.645615063266479,0.93624670526071,0.409136487365351,0.686739765518927,0.741985388074885,0.439727621037047,0.2210622101177,0.428311234411667,0.487256196510047,0.125033322631498,0.479128692974453,0.862615296905977,0.7349600415061,0.851369449385209,0.299912640017341,0.686504697835771,0.346036666834494,0.186133924383058,2.55515648147731,NA,NA
1376,-0.545127434130324,0.598677402752954,0.999694275361249,-0.386810584677552,1.39965674110862,0.47367380050628,0.902060528645641,0.659619071755325,0.416506214548135,0.0395465073793894,0.292552623852622,0.198650534266257,0.691809883839102,0.155407537647407,0.655964942477178,0.175204286372988,0.581823356275563,0.149009838426951,0.92497605596052,0.579492604051484,0.90774189924961,0.742641318424023,0.804169510587235,0.467951226596488,0.785132023605285,-3.13008738796916,2.35646621861405,NA,NA
1377,-1.13231419248359,0.0289917145040756,0.999343799246363,0.138504833676529,1.22125306711407,0.985760757031618,0.863852975912974,0.323410628990503,0.698705982238287,0.216257943897159,0.609935790308402,0.53460052569455,0.398993605570286,0.864845143808634,0.597695158875315,0.155962912910851,0.201502211889019,0.601096518438775,0.531025016676053,0.72777970877476,0.340282951735775,0.481012109104544,0.711139105557581,0.175662359206006,0.165574225481017,-2.25510719387612,2.53211686122918,NA,NA
1378,-0.132597740840452,1.6318366533264,0.961888457189935,0.914653402905159,1.39965674110862,0.0927538346281508,0.658750023986911,0.62271038174117,0.277762641162262,0.0478469484876841,0.970614270609338,0.759868067313219,0.420011503320304,0.638370808216743,0.844682834991021,0.0334876229121583,0.768991413571406,0.0503159789544297,0.315423443285748,0.512512319479021,0.443027450067108,0.477161013685167,0.919318685410544,0.0490141965246294,0.985520387812867,-1.82862340038645,3.65793020619676,NA,NA
1379,0.0689133716742452,0.00152683211863426,0.99892892781606,-0.0901638670737879,1.25681324922324,0.548055737881805,0.8393336858158,0.566666743082926,0.557160195906064,0.842151028821361,0.101920230304007,0.606897246153443,0.137481211046572,0.780527669227682,0.941604545142618,0.14349845146155,0.354830946358969,0.761790867988835,0.198685416293331,0.912031700061401,0.427524696084438,0.339012110199663,0.287020076965797,0.859909703028272,0.154041132930084,-2.55347257084411,2.37314483669653,NA,NA
1380,0.0315362313071532,0.0299064562461447,0.0562332650862956,0.0655538897832635,0.771652262731788,0.801896688848385,0.249001062682248,0.277636959765805,0.753913002546993,0.5274485237872,0.0440647418370936,0.147567088952172,0.758903012289898,0.924522789304261,0.526667310706107,0.943330690657836,0.519704879300087,0.190591539837653,0.252628066089237,0.12928974450985,0.23765892751026,0.162230300359195,0.878853999449173,0.87220889383019,0.787417781850905,-1.44685675375988,1.57796453332641,NA,NA
1381,-0.012087475459874,-0.52415807494744,0.999865498584515,0.696548270832736,1.29644516461767,0.79767811874242,0.943125047503854,0.594400591072277,0.687349814882036,0.832179414166953,0.64082392830064,0.655232474041171,0.459226743316161,0.460730730907177,0.181053515305743,0.479720123376232,0.548342875885544,0.468388069244917,0.812593068533228,0.463942927970551,0.861501998054795,0.954497923691873,0.558482599469833,0.224891648355522,0.278406786359148,-1.84443755974899,3.23753410141446,NA,NA
1382,3.8644049433266,3.74662732243709,0.0531561641149718,3.60683652052304,0.790335041333259,0.852062097944319,0.214811161350692,0.605547510485514,0.010386285473709,0.0762421233665664,0.435837960234261,0.221876879608491,0.379443488499266,0.154611048425664,0.562819789127214,0.742674680640455,0.847196244359366,0.179448596247355,0.359572146519553,0.326452297011274,0.65897719285253,0.310019902796485,0.606164792920579,0.75113628716371,0.435770004648832,2.05780830378988,5.15586473725621,NA,NA
1383,0.694313613319077,-1.53185209083736,0.999878091520259,-1.43908868839116,1.39965674110862,0.375776901502046,0.948040916673257,0.132076528069098,0.249320540058427,0.343454235132667,0.178783621859155,0.253959398456267,0.157052370563615,0.37033503260673,0.721587891984847,0.222504400785896,0.99345165031252,0.922771164886886,0.2928113466379,0.442965566610452,0.270132267054869,0.924639959573629,0.0022876999337459,0.378607274458627,0.735809016971034,-4.18236549168277,1.30418811490044,NA,NA
1384,0.250146215049595,-0.868964579144469,0.918383052249815,-0.510879517613729,1.08749253900383,0.444658992182114,0.618229799416382,0.234368341035093,0.723910199183621,0.804752614413854,0.492407008206821,0.761451528740348,0.598748856436345,0.389521093259333,0.135823002710589,0.263156729441835,0.495996159934322,0.875888363319798,0.186415755334194,0.0804856293483172,0.676993174529867,0.12979343534552,0.172765496480512,0.051278338278993,0.163501500013284,-2.64232572751726,1.6205666922898,NA,NA
1385,-0.271495137455765,-0.1731701345851,0.0812675975837524,0.160292461967117,0.533353515722097,0.677738195171696,0.330979372192873,0.688850085724494,0.36615082965442,0.184361039853422,0.990047543267137,0.273858975078678,0.383257614821312,0.549111533721327,0.926282125133555,0.611092358047259,0.395545653616893,0.514566315815202,0.147208023080602,0.71051987739699,0.627361359787756,0.986107373095234,0.647116698796628,0.945533681013272,0.862228165884269,-0.88506121987601,1.20564614381024,NA,NA
1386,0.720069132120256,0.700440195217805,0.0502589884870036,0.811260336634422,0.473129353069711,0.238815460331971,0.0896419501019409,0.995437795460224,0.399801982300589,0.490556557579548,0.109886763124028,0.247887270506471,0.619013746667653,0.140445844972041,0.646112430702546,0.637799754431704,0.844710544584086,0.918484346475219,0.0871200364626711,0.286432580462657,0.229547088081134,0.391250666793669,0.991012731013238,0.528179890210275,0.639158700846368,-0.116056155410947,1.73857682867979,NA,NA
1387,1.54335653917811,1.87469923665627,0.37233445862361,2.15557425050574,0.351197092980186,0.0330575525852619,0.466679112534155,0.146642524364521,0.692813196828589,0.988776707823505,0.919427588882274,0.812884687155485,0.579742249931674,0.046653883760795,0.149179822533159,0.893421230279142,0.951650794725516,0.785191698928596,0.76886201332463,0.112026079659117,0.398415193375549,0.85377268279111,0.170282668657019,0.486024249238777,0.101595530029852,1.46724059678941,2.84390790422207,NA,NA
1388,0.111278231769108,0.129713563304796,0.0720113699393546,0.630893366869039,0.849329734014269,0.892524462312111,0.312926982732955,0.211899471711833,0.70329033721576,0.267818806397845,0.981464755145367,0.157168343719211,0.309262595966924,0.781613432665821,0.180196896758629,0.120241754495539,0.580998085253639,0.797402669362375,0.604170182953123,0.299128721461631,0.826806559547549,0.767868313075625,0.623478912619292,0.139403851331677,0.119157676659292,-1.03376232279791,2.29554905653599,NA,NA
1389,1.02364917699515,1.04794352813561,0.0509812754769626,0.874698750016207,0.859848458010794,0.468201994474628,0.156283471217612,0.715937096941285,0.0929597678993596,0.708494305292377,0.525863781816326,0.457350543458946,0.91258340364974,0.86811894353095,0.0303385200033663,0.0830341157211224,0.978887041397509,0.354961191544775,0.0735161897524959,0.708104017828009,0.877428169786348,0.685013655208633,0.328496834309306,0.817322497943183,0.422972757794196,-0.810573259847249,2.55997075987966,NA,NA
1390,0.106328377379341,0.102580240710051,0.050813375932281,0.894816758904483,1.1003814640499,0.651158652672893,0.146891634617699,0.864152052923571,0.0114935598813463,0.672483082602848,0.0268790626591071,0.553456724203308,0.592610142529011,0.502765696259448,0.870562758714776,0.361783454347751,0.221719166409923,0.405173226666404,0.525453948843293,0.562751158119761,0.235117354914779,0.626668255807017,0.401509435421089,0.84128549159586,0.414889077905682,-1.26189127988877,3.05152479769774,NA,NA
1391,2.59126899726889,3.33176233160239,0.999956549518704,2.60333517322149,1.22125306711407,0.581318515330087,0.9996274798261,0.0112025296501815,0.760779092920246,0.377737395428936,0.896623893282376,0.0153263370068744,0.453141832727822,0.662343958941288,0.592499098419095,0.763570674609975,0.605191915499978,0.403696620408562,0.685191184371943,0.381417483741301,0.39583680968394,0.644148482055636,0.497443349137553,0.287865254469332,0.605672184672207,0.209723145668838,4.99694720077414,NA,NA
1392,0.128847109744089,1.48195778678433,0.995711806494548,-0.19049124042608,1.39965674110862,0.311372030948289,0.769803616419318,0.0330995187415974,0.171603181317914,0.178591124735423,0.395324007956311,0.944101225457853,0.2788417011766,0.0235207211150555,0.708747018068214,0.504147642473108,0.31404804169212,0.0223324571228586,0.582420033994946,0.598147492660093,0.359022854650859,0.698247277194401,0.796664154166239,0.86941192518326,0.312939914470306,-2.93376804371769,2.55278556286552,NA,NA
1393,1.97315532730069,2.60222757043528,0.685134561878719,3.08471276763902,0.690728281716946,0.768971777698956,0.535084575896151,0.0318934875123668,0.0853136690645479,0.161019181573414,0.59069926658459,0.0619852221863111,0.0172060177259846,0.826607589700143,0.652437117786496,0.868286474506487,0.867776371583692,0.837026911715046,0.175430353025207,0.126947553938255,0.841979771938408,0.585900386805763,0.189733385999571,0.461381519162329,0.670529011823819,1.73091021237057,4.43851532290747,NA,NA
1394,-0.172188765182419,0.845849646920447,0.99985704265828,1.36565103284151,1.39965674110862,0.462461341195623,0.940076024736627,0.992547385478276,0.435469923817553,0.316658648547367,0.388894333636505,0.328384264660533,0.731012959534652,0.99210766196053,0.0719010783367557,0.685401091314037,0.699622052639839,0.442033911127131,0.636063700099359,0.804639542784891,0.704655431741965,0.220587937572272,0.339095700187143,0.937903378442163,0.455707438805955,-1.3776257704501,4.10892783613311,NA,NA
1395,2.49299208647515,2.54880284542322,0.050061477012437,2.43944487542046,0.437083303526262,0.975041720650741,0.0177255387294572,0.157688413997297,0.581851925164694,0.803997307717567,0.495506071483484,0.448994575592456,0.683588100625551,0.783546787068015,0.455389498954406,0.251477927455911,0.277374099527136,0.244663775685593,0.809132010163274,0.964244142405107,0.665575138867833,0.122794649975374,0.690318852572353,0.0836722797191469,0.998704185565584,1.5827773422652,3.29611240857573,NA,NA
1396,2.01476791603825,2.15162294600194,0.997703651095926,1.4149591779741,1.23263520377092,0.837479779701796,0.801136071021901,0.815934925709385,0.288359378186055,0.27074371166178,0.604713598520961,0.724324840706657,0.0292573775283527,0.524814551892807,0.117357792422059,0.31828140241839,0.442653354391805,0.424978910193313,0.73446065421903,0.217985034147045,0.41644005005213,0.0635652295441832,0.984212946205982,0.778369342218386,0.424681539871381,-1.00096142749309,3.83087978344129,NA,NA
1397,1.54979409622612,1.65562488465857,0.999305448478887,2.18351340996103,1.39965674110862,0.076131974584423,0.861010977270664,0.332717865116778,0.0531683936314657,0.216758256625268,0.0127276431469945,0.301084161587525,0.921262821701821,0.496540745552629,0.611523032554775,0.902105331799947,0.897529888930614,0.686840365686803,0.581993701413856,0.38635870217171,0.471219564778148,0.218714276220999,0.949911814741558,0.194595328737283,0.900208793551545,-0.559763393330571,4.92679021325264,NA,NA
1398,0.0612205447643549,0.090484507859201,0.0613079844416805,0.269483343010819,0.85435310721902,0.825073204662651,0.279051081525278,0.8523199824685,0.501804031291627,0.373300809729961,0.69897537081968,0.318596380720031,0.699354232988553,0.43578872035665,0.374223288075533,0.762432283217087,0.953940213140915,0.544273023800575,0.699619813421508,0.220581018458703,0.150137846488738,0.726814639946097,0.354688408423914,0.33675536237401,0.887406438121339,-1.40501797721835,1.94398466323999,NA,NA
1399,-0.00350867731394555,-0.274938351085225,0.91095299073843,-0.611613245146477,1.14132310678159,0.423566431088722,0.613443774012732,0.480176420482923,0.113393049249076,0.969943426870392,0.12386924541858,0.204344096509041,0.830011910424219,0.168038550541038,0.485250237583299,0.469836804077495,0.331239910023054,0.176556734900689,0.776642162611941,0.545529863322736,0.79465111228195,0.646572577902349,0.278030329253059,0.196112208070932,0.806567997670034,-2.84856542916175,1.62533893886879,NA,NA
1400,-0.404631200972385,0.90079042333102,0.999912944511051,0.1543921639392,1.39965674110862,0.117341095949989,0.964878995133564,0.431603505792096,0.429252985946252,0.432106875038822,0.54756320122024,0.0135704273523297,0.675817541805096,0.094403437192901,0.978803434372065,0.872473446050193,0.603336971465498,0.372354808483971,0.696016315502231,0.527462591146002,0.950223792048288,0.42820916334365,0.18594062982162,0.286196784084896,0.01184507406177,-2.5888846393524,2.89766896723081,NA,NA
1401,0.992183448827307,1.43185120139018,0.987601081696408,0.309110997657069,1.14132310678159,0.430209402424865,0.716285766864195,0.765073086898774,0.474521142219543,0.86096081193909,0.723888561970438,0.725491010771249,0.191986401420436,0.826405334537034,0.120523944054963,0.372361818452482,0.895200272687012,0.916568723513396,0.783112913894351,0.710165236511384,0.326092350766296,0.551761448957957,0.191935657763155,0.0170808107648045,0.52781495775003,-1.9278411863582,2.54606318167234,NA,NA
1402,0.547740850298635,0.616797640333972,0.920216662578431,0.744625216336589,1.14132310678159,0.217803911994211,0.619471376983915,0.38721418774128,0.174104176426656,0.959575435446808,0.631280287300819,0.0283987351929536,0.342388552292367,0.794989896154148,0.968900112591451,0.942653973068576,0.53057414479868,0.570866291470011,0.224680910537601,0.600976392836077,0.881606621693936,0.452053324339446,0.943117408721009,0.661428387143184,0.552797161160386,-1.49232696767868,2.98157740035186,NA,NA
1403,3.30438011759128,3.22015833291032,0.290920040425302,2.50778528920826,0.766289964571083,0.947837550751283,0.446024839891819,0.874608567626332,0.196758649861789,0.657340587292798,0.103569649214973,0.838229146375903,0.295289463123539,0.615912664419389,0.882033631431521,0.375987203874742,0.599591584222508,0.172447401583893,0.841795376261813,0.178369025221444,0.217916296630516,0.190337039181148,0.425135569058009,0.993046052743564,0.158019779532449,1.00588455693446,4.00968602148205,NA,NA
1404,0.520460923841158,-0.427351849478716,0.931481005476335,0.902468924728975,1.29644516461767,0.966229212486418,0.62772462272516,0.676353829974658,0.690665162313147,0.748613764144247,0.455530709343497,0.15038525752339,0.942867604949046,0.528928048233618,0.563401744544972,0.845312900883844,0.634032622921979,0.360280001554405,0.317275061139953,0.682593081287574,0.00624112703977153,0.0648154783804202,0.505853260834236,0.790025672137854,0.935045975524234,-1.63851690585275,3.4434547553107,NA,NA
1405,1.96283618522221,2.06960125875582,0.0501262823610791,2.13141848992508,1.04745774145127,0.506234082252951,0.0537218017374398,0.444804887919687,0.849944273303379,0.964027774294606,0.871318340408849,0.0869066668557934,0.616588075836305,0.744424279552652,0.820440869056736,0.338749754341203,0.966488216311205,0.436732577710529,0.211830997426645,0.249572504632408,0.531365131732076,0.711431912694359,0.965581033975002,0.414827751084347,0.592493368008989,0.0784390413529303,4.18439793849722,NA,NA
1406,0.247280352247623,1.85147680860933,0.765230696845482,1.729827077675,0.851689655641902,0.141469626092003,0.555700090015773,0.216885724177002,0.554594968144782,0.45082560472528,0.684980846628081,0.26229220820975,0.712008102667984,0.173912300137803,0.849071778269252,0.146335132930544,0.677623082115431,0.106035316631082,0.46121332703135,0.670571015297785,0.724127159938449,0.862807965003653,0.257680423854385,0.992326553426334,0.871453539805021,0.0605460266115478,3.39910812873844,NA,NA
1407,2.07477411319324,3.01930250883824,0.999142657986664,3.11985546079663,1.25681324922324,0.938205947212409,0.850473873488721,0.788821675636806,0.231537544339895,0.645853836808121,0.670281806785148,0.688425162715837,0.349335147996899,0.927473136830842,0.922258020914742,0.51506427211233,0.300393743532011,0.0395081590999616,0.747322371235699,0.0336557226056466,0.902348226881004,0.603855559770367,0.836081721416092,0.0106056188261136,0.597081207110081,0.65654675702631,5.58316416456695,NA,NA
1408,0.451115464518095,1.97148293315111,0.98225033452169,1.29072628291927,1.39965674110862,0.100367137952009,0.698061735422001,0.928568940212601,0.507377280654968,0.252733686513151,0.418113172480371,0.698125720580341,0.980112379929982,0.831869310596725,0.309636841000756,0.964031738940976,0.932415994880139,0.090083306600689,0.127189919201424,0.256700872245012,0.758425603032927,0.514178293037927,0.104956358007272,0.171290656877216,0.253489428547677,-1.45255052037234,4.03400308621088,NA,NA
1409,2.49903895825491,2.4480833330844,0.0518348899390418,2.33084060008357,0.55571472265377,0.000176638251170516,0.187622792358161,0.495180151751032,0.0157327066918369,0.395866084639216,0.778352103603072,0.499170684800483,0.460398143844097,0.934244471030659,0.742854701908771,0.126820002299268,0.077360427726293,0.371579943510587,0.193514338959591,0.835454882467049,0.552428702464444,0.285760936028324,0.45180669765349,0.544404583863448,0.311648614260834,1.24165975800352,3.42002144216363,NA,NA
1410,1.32384445732271,-0.0444053070994544,0.979195753256653,0.208790024841487,1.25681324922324,0.851229124067351,0.689958114717156,0.402324422237929,0.524976707912749,0.925464908917667,0.248005543345236,0.314532844998059,0.791384464010363,0.284206046607229,0.205658677303931,0.399004840260837,0.644527646647883,0.914855107171577,0.197929383095005,0.637521435634349,0.750043344741221,0.538171850958373,0.0691043899003416,0.0229024207063485,0.837996039524209,-2.25451867892883,2.67209872861181,NA,NA
1411,1.71748434917258,1.6564868792609,0.0551016490180581,2.13950051982912,0.351197092980186,0.4615993572101,0.238924323386629,0.0388113689296879,0.979422924790415,0.90493127824401,0.0764789967852412,0.872151653131819,0.727946989979595,0.965167148132226,0.959965510503622,0.362677454856457,0.137940090717864,0.662786406922387,0.227861346109654,0.156270125792595,0.32575021039648,0.30809344763495,0.829047368459054,0.648295652596047,0.801175797766657,1.45116686611279,2.82783417354544,NA,NA
1412,0.479914506171484,1.6490323753785,0.999186849653994,2.31003692462972,1.39965674110862,0.195949509633821,0.853122246471234,0.329433791835909,0.0115144593433943,0.170302666375297,0.454848059979966,0.536261957679177,0.604787803084124,0.730980390189216,0.382565336300991,0.360355145728565,0.970477707952028,0.985683740588371,0.796348573177122,0.526202734632185,0.955648293322185,0.931855454956181,0.232328654371202,0.897705280690105,0.541130744109629,-0.433239878661881,5.05331372792133,NA,NA
1413,1.93168167238751,1.98892609960004,0.0505753312119362,2.04250733597026,0.55571472265377,0.27770486680977,0.129566721370094,0.817816179080517,0.228063653971418,0.190641489445115,0.214786021063221,0.239609340424649,0.891408737291233,0.208639403513051,0.0669192830215907,0.853200391542399,0.166957019163179,0.496972924278001,0.775363324431703,0.621431017460651,0.764129857701715,0.0339277653532336,0.200664445527247,0.862614234855515,0.811255674832733,0.953326493890205,3.13168817805031,NA,NA
1414,3.666494749923,2.19369314369616,0.839546377112918,2.05800935359795,1.23263520377092,0.952452284483239,0.579672681375756,0.964029618646018,0.479449159310316,0.00677750078670215,0.606598373275599,0.138064792970545,0.317570698969765,0.544317572646774,0.284784457700793,0.0354481239761226,0.102553396639298,0.28519737367495,0.466016129819793,0.413768874984933,0.845552170133451,0.698652144927299,0.605065282356925,0.0682788439844735,0.690944715545396,-0.357911251869237,4.47392995906514,NA,NA
1415,1.1858716290579,0.626944053428225,0.303050512484452,0.743241174197218,0.535144860828009,0.751309191768989,0.449343809301849,0.851398254417581,0.613736552412971,0.248489072651835,0.920659258581698,0.133037436328712,0.738390289403382,0.754074883004301,0.333438658252591,0.169365639777971,0.307418359662872,0.761051917097997,0.0489148229116108,0.597156977678649,0.373206342101912,0.523242648392101,0.852402865662589,0.0297081331530353,0.299606342983199,-0.305623479537378,1.79210582793181,NA,NA
1416,-1.9393889464676,-1.64237245767411,0.716030021328851,-1.81313395723184,1.14132310678159,0.0476291973959887,0.542623311146279,0.650388776374748,0.52033676403563,0.647803521778318,0.256670193210943,0.658847786919563,0.531797459013294,0.708145687351236,0.26635918610089,0.35429253176495,0.485003858070238,0.635592928869883,0.433505260110833,0.777780351899797,0.109455924173584,0.532560278769466,0.848600787732517,0.826889850435429,0.688122522612335,-4.05008614124711,0.423818226783433,NA,NA
1417,2.03924576128185,1.7651067061386,0.999626279484893,1.08175578853012,1.39965674110862,0.181333691583481,0.892015778195811,0.0122241237316048,0.0238993877028115,0.163609194883727,0.513076325510861,0.355063565958641,0.943794609981822,0.104240586301195,0.178940481979866,0.715054791650851,0.451802383559407,0.693396488176542,0.309779610535014,0.811074739328236,0.78140476693213,0.40421538890386,0.361912150057498,0.256785443028668,0.629502928116475,-1.66152101476149,3.82503259182172,NA,NA
1418,-1.21449558316255,-1.39649143502792,0.353090639524612,-1.36658310421794,0.263969632868477,0.491786028572358,0.462091285421746,0.868651498136111,0.18968905698054,0.897643493917654,0.726615347011597,0.122957033226965,0.311566730194376,0.31263058378268,0.585754531966988,0.686397802672931,0.820196549331653,0.400380706057185,0.23368551732169,0.389479417639552,0.41803654019651,0.697938118802849,0.981467447241186,0.979431459546438,0.449949883326655,-1.88395407765241,-0.849212130783462,NA,NA
1419,-0.987486601122162,-0.252223441158753,0.961383782250062,0.672009101264772,1.22125306711407,0.935360093399882,0.658064587357454,0.461005477394443,0.721857866268721,0.927659392456757,0.359351160711958,0.89470037928829,0.528036840688321,0.434430389820831,0.579648428605404,0.0608351896650856,0.86220190453541,0.488413969847141,0.795084714090684,0.966488672965555,0.842256379079889,0.570947696760064,0.471915103320964,0.306830558357411,0.571032078498858,-1.72160292628788,3.06562112881742,NA,NA
1420,1.48913129690472,2.02727102180597,0.516760211704321,1.09684060699912,1.21265738125788,0.770126120822621,0.498265133697074,0.468723659805604,0.651931167496019,0.989411032906151,0.851913949715323,0.161642979170429,0.297358350613038,0.279660125080612,0.387583319040365,0.486070512905368,0.331509588942979,0.224428722191951,0.364512083891314,0.788347881766269,0.241389521969948,0.477830497610266,0.760318101260927,0.443416185794049,0.898411082880222,-1.27992418585298,3.47360539985122,NA,NA
1421,3.50571026316507,3.49313354161602,0.0536647438844074,3.28480693809595,0.443527890969302,0.89538648726372,0.222308077589958,0.654393643241492,0.274155149258091,0.848922813370707,0.619758464135462,0.515015503693488,0.336470271044062,0.269889790551271,0.705513665962382,0.907483858841006,0.00488926197774708,0.193689677595976,0.431345935604419,0.308932196810259,0.516520880729775,0.777854564031703,0.517391180399456,0.43100046244543,0.570143088217941,2.41550824565711,4.15410563053479,NA,NA
1422,0.0551080932247313,0.0796925625873612,0.0687678125281162,0.578837440952989,0.747399482350207,0.785605460748542,0.304781733049313,0.42687523657619,0.746329243951011,0.887183777065133,0.104283511275658,0.330472502127173,0.138276908497675,0.0870557034711819,0.75514215187775,0.630919402361615,0.684758113093791,0.0624625501098344,0.396915590731311,0.0427081712859217,0.52556627941085,0.728381685729255,0.339901085739024,0.810737807592726,0.725552783408901,-0.886038626517296,2.04371350842327,NA,NA
1423,-0.916457651083731,0.661327255244624,0.847954622458311,0.457953501411138,1.14132310678159,0.110472083314555,0.582893635949702,0.31539620701177,0.489364734826609,0.901751450236654,0.787954187527881,0.299669099883526,0.504538384023122,0.0241557904535439,0.473636193528189,0.448467576432042,0.0864272312975954,0.545784221659298,0.99173427926132,0.164124061409384,0.0264780719830887,0.00540335654502269,0.293300830516149,0.850223575099022,0.914762761204387,-1.77899868260413,2.69490568542641,NA,NA
1424,-2.20697665941124,-1.89534943965854,0.999182156824728,-2.49533808353804,1.14132310678159,0.115872591799591,0.852834270214778,0.437152820209856,0.0811187800586922,0.998150044736685,0.642887084301445,0.520430256461026,0.944415268397075,0.981874026084552,0.709592625545687,0.117553676517564,0.379348639817676,0.935038381695049,0.818210196698667,0.907047537762905,0.483006917249877,0.832705210468499,0.990940658798441,0.6291755471793,0.21329175956978,-4.73229026755331,-0.258385899522767,NA,NA
1425,0.693104805489381,0.720160262212987,0.0500642800920193,0.680863179454632,0.531380274101362,0.933297272639931,0.0199550187187269,0.70590377884265,0.434979463389027,0.164433947107987,0.868610682608327,0.528284981084755,0.208590620913543,0.302044325254508,0.200032942018472,0.0882368002878502,0.0816063793400535,0.462831145533361,0.99717218161968,0.759276487420779,0.296593111626105,0.0693955440489808,0.11318781468051,0.918523479254567,0.631602245813236,-0.360623019879059,1.72234937878832,NA,NA
1426,-2.12578883051478,-1.04594053513167,0.999953950332489,0.0349324350542475,1.39965674110862,0.0220757371865911,0.996722412327887,0.0249651979010087,0.623386668561841,0.453584761831677,0.214041884802282,0.716581689036801,0.106396643176675,0.750911669315072,0.867065747646964,0.865164522591862,0.848497249463107,0.791261748160701,0.213474764836719,0.711141986509436,0.202083076718729,0.926828665088164,0.528439073241549,0.993985143048805,0.126208720560302,-2.70834436823736,2.77820923834585,NA,NA
1427,0.820453336294945,-0.994083913903696,0.999889095346364,-0.94239517525164,1.08749253900383,0.0949371525099268,0.9527714829545,0.13467017435981,0.795290977720171,0.539374937340617,0.544860429493594,0.167398841789342,0.733088538012817,0.567784587849863,0.396844802843523,0.398596449136268,0.119245365053648,0.589288104892941,0.96526225206512,0.654670381710981,0.465603124114336,0.268276420136215,0.632833301287028,0.908979563758476,0.0867084611372557,-3.07384138515517,1.18905103465189,NA,NA
1428,2.76752707074013,1.50375234716719,0.949324724362756,1.78685196271493,1.14132310678159,0.0260027773437323,0.643810302190133,0.526172062835074,0.266404225444538,0.794427393687773,0.0922377898558043,0.973372735747253,0.887656591449631,0.020302347922232,0.977890629242291,0.817404350191006,0.0160855895327404,0.140165702310507,0.646132954681641,0.575456914630136,0.392800668709795,0.695764512489084,0.10278932578431,0.442690235502785,0.520074122090708,-0.450100221300342,4.0238041467302,NA,NA
1429,0.120694571384537,0.0312094907674341,0.116446503935549,0.71963383049352,0.751100260279194,0.85357831416605,0.370622266586754,0.3950530405381,0.662815565835102,0.279913214624859,0.0684605795755051,0.856473096406087,0.165648266896023,0.939982629869948,0.554643137658248,0.45841061751591,0.0693234565473394,0.648555344714434,0.950296208136016,0.794756160449004,0.723185802081367,0.837546402792679,0.134669684056775,0.473535252839909,0.839705665613641,-0.75249562843236,2.1917632894194,NA,NA
1430,1.49489831171344,-0.46142403710281,0.999820846367504,0.417698821426244,0.786490261967677,0.166548154741642,0.928789247159613,0.464171082590241,0.25651090606628,0.730342266280786,0.164855941311689,0.954890968683176,0.00865255695336964,0.788505901294877,0.765652291200007,0.692037661991199,0.67502506285964,0.361720686791115,0.86458032174618,0.802824195069959,0.501089464411139,0.931353427751455,0.855378344470286,0.846476713020238,0.23556661611062,-1.12379376622187,1.95919140907436,NA,NA
1431,2.51028640099766,1.72105009508361,0.999937670336396,1.37398479889154,1.39965674110862,0.31595821359253,0.981585709872888,0.977266410958488,0.494349775921088,0.462970352575765,0.947591935713892,0.255471713562729,0.406988249477814,0.232348019764991,0.506006158061791,0.472209069240256,0.0356403351034969,0.907829872431466,0.184254623604938,0.187671306253993,0.457252176489914,0.1070817410585,0.252729305672576,0.59102112329111,0.44174882488919,-1.36929200440007,4.11726160218314,NA,NA
1432,2.06166522927053,2.07956385921545,0.13391332580832,2.0503177718714,0.766782198435403,0.790743698740378,0.383289972064667,0.280448573521338,0.856481219984358,0.500673730646027,0.319757306777872,0.188365859418293,0.598481440412346,0.497308917602058,0.0739550370164216,0.688433847271139,0.821285816954332,0.429863176901476,0.212407511110301,0.180512282582233,0.349481631610775,0.54416499709757,0.480277203972219,0.997825076610781,0.134855105601251,0.547452278951563,3.55318326479123,NA,NA
1433,-0.705135936291719,-0.374079857910182,0.254540223322408,-0.647333496517764,0.456786674230267,0.474285883782897,0.435338173464057,0.143604832328507,0.86674910016451,0.312647214757162,0.950254558844375,0.0935955016420921,0.411733273088466,0.125862639579689,0.952856690477463,0.490738863981562,0.218895214854623,0.855400163664832,0.403888608511537,0.764346242691739,0.332937436849577,0.571616524695186,0.14439990137727,0.981980718512437,0.377273971728398,-1.54261892662692,0.247951933591389,NA,NA
1434,-2.11123591854306,-2.13796384553089,0.97859527579515,-1.49074833893285,1.08749253900383,0.0830079385250574,0.688503066661186,0.53576697451144,0.619867149369558,0.661092832413968,0.282548559309798,0.958934802635107,0.916409436845454,0.293889464158099,0.566479676585295,0.596677311278181,0.963773321113084,0.328642762769712,0.636696053678635,0.0329862439640565,0.670273104350432,0.57746496291121,0.239615164767485,0.566240456707776,0.511981820403947,-3.62219454883638,0.640697870970675,NA,NA
1435,1.33998953170798,0.73102953001467,0.931904509585977,1.30337169255272,1.22125306711407,0.891816264581867,0.628058639673283,0.15940982976323,0.671210149116814,0.250647133355611,0.145552694342798,0.504260807132465,0.0786181905415142,0.0284734526678221,0.0292753708660603,0.594489580419729,0.639794617036008,0.833579277579323,0.305792374687968,0.0512218193915905,5.2783060236834e-05,0.119203466877458,0.128441898836754,0.783698139271815,0.620475338134565,-1.09024033499994,3.69698372010537,NA,NA
1436,-1.94696028810285,-1.91848500151833,0.0549559457784093,-1.45975578747582,0.55571472265377,0.360293275032425,0.237467823924031,0.551520073711872,0.322045088262646,0.341484920847346,0.376636917687603,0.118498180853785,0.773706332096364,0.185118302005343,0.400632633603062,0.618059027808602,0.342910941443639,0.734190294033964,0.505347535577021,0.381793387718964,0.719774756356259,0.950730203519226,0.216717947559664,0.964070547365467,0.960911661289632,-2.54893662955587,-0.370574945395763,NA,NA
1437,1.34618601070886,2.4180703541196,0.998606839047608,3.15238994140927,1.22125306711407,0.813025904851849,0.826170959560201,0.397063829012099,0.777187800410553,0.162673358924105,0.971207830243511,0.714696913834196,0.546201122114551,0.391643635476939,0.588450960003654,0.315656923799193,0.598319716416183,0.721346255589742,0.922264693236677,0.49206112588197,0.967106788161094,0.84212424385082,0.60444280174037,0.0872851555437082,0.744643162921071,0.75877791385662,5.54600196896192,NA,NA
1438,-1.27868035479987,-1.27358414865408,0.050084194217513,-0.839484422213314,0.730501555591819,0.0140922148715472,0.033449880455737,0.348838330236846,0.675739796249196,0.0872296359807951,0.666523194706184,0.205877800602349,0.803679976474377,0.573705483903876,0.91439925049094,0.210400609544478,0.711628683169954,0.214631185965147,0.137863748829812,0.380590762255015,0.127763933393289,0.727358926428016,0.614394199900562,0.534613301252481,0.520697219338035,-2.27124116182376,0.592272317397134,NA,NA
1439,3.88886765735737,3.25637935917892,0.785568452957317,3.1688832819503,1.25681324922324,0.625893348770565,0.561632652312168,0.738779582397314,0.499648751852103,0.960060467640054,0.496986020398093,0.753701572924969,0.50293634685094,0.732647890778375,0.623112610350363,0.358171163009247,0.757002593683428,0.821014155805577,0.495545224845991,0.851892873857985,0.203639042839059,0.403493703360553,0.570522670318838,0.940586155303288,0.0523590094943065,0.705574578179982,5.63219198572063,NA,NA
1440,3.58571613435058,3.53671392760984,0.0682038272761044,3.01681683586515,0.85435310721902,0.692360766786966,0.303225888494868,0.60398210784758,0.523555898755789,0.537321092185099,0.912622152555268,0.185172808200005,0.915892980372882,0.176379549920326,0.293528844890301,0.272972173099755,0.309673280811403,0.536195333588985,0.966783514088253,0.807711215582443,0.956289110936574,0.55706920879602,0.137273119693156,0.959527659940301,0.704464837720036,1.34231551563598,4.69131815609431,NA,NA
1441,2.03997543515122,2.28401861228047,0.991738123760228,1.74916702664012,1.25681324922324,0.742684550919454,0.736803776313085,0.834044997734949,0.020759892322938,0.950290481267613,0.221059105451102,0.406591052004951,0.322996621683706,0.367795767825795,0.401830569523736,0.159290960293962,0.258495728722773,0.869437679954106,0.776462565574911,0.877338784496416,0.814036137879011,0.359083759427653,0.694516688964795,0.242571715915576,0.86843974138354,-0.714141677130202,4.21247573041044,NA,NA
1442,2.40319613514854,2.37132021876967,0.0514970229846341,2.50492546272712,0.194945978274951,0.192273102442268,0.177429676554515,0.193229656586773,0.691397311087581,0.984844842771185,0.764945791060571,0.154274930415093,0.494758011103724,0.127283147387439,0.212720734731411,0.634892902195919,0.732284186821082,0.826481970599736,0.0399271589391865,0.133040279019391,0.380092687345343,0.502071598663111,0.515073334813351,0.0742705490526278,0.487390189664555,2.12283836637729,2.88701255907696,NA,NA
1443,0.103215677101553,0.817174482256637,0.240623919184989,1.32086847626494,0.835928858178946,0.707276905036299,0.430890266383649,0.309796570178471,0.965738947892445,0.714431745936978,0.412968623356894,0.948405221627676,0.000914323303499259,0.167436821816023,0.835795636787196,0.162392412263551,0.498697912085452,0.572884932472953,0.133794126767083,0.509652800606447,0.00481466262193862,0.770125422974466,0.143921870668186,0.780367217867635,0.574606891147792,-0.317521979403488,2.95925893193336,NA,NA
1444,0.722027329466305,1.49911938101444,0.99927417199213,0.933673812768956,1.39965674110862,0.246559313694946,0.858806992953876,0.547540263899835,0.160991218621959,0.163476319376961,0.816330397038371,0.707107414163416,0.478761568085407,0.234606488446938,0.117928229073761,0.583178594802273,0.387770507023553,0.153037930649007,0.322578568963101,0.708791854700656,0.265917399209458,0.816241279471316,0.537528479926521,0.738350765070878,0.475196114621707,-1.80960299052265,3.67695061606056,NA,NA
1445,-1.67745901873039,-0.639853120133306,0.935238310868954,-0.785896484662431,1.39965674110862,0.356998608437716,0.630757133758511,0.026360650866176,0.336035529001267,0.15245521905215,0.567120869753067,0.277406443245709,0.551392723491415,0.460253573231516,0.618961180108483,0.768753298688796,0.644083030392532,0.09559076853632,0.123135429621791,0.584691479329485,0.436023634728044,0.0168249107116135,0.257371386711602,0.605595144280233,0.614416606908781,-3.52917328795404,1.95738031862917,NA,NA
1446,3.09260370726003,1.69532674019948,0.988942700392752,1.74299679123749,1.23263520377092,0.796095525393146,0.72208318237972,0.749956311676186,0.344835147914011,0.0815693810222438,0.253498401427525,0.189351004431257,0.425560556353186,0.992822406640975,0.658607288807863,0.368357034053071,0.160245958397398,0.526344008146203,0.846118069032556,0.614053917245823,0.857038654551841,0.612278727949248,0.295164883170277,0.623099353349302,0.173593216529349,-0.672923814229701,4.15891739670468,NA,NA
1447,-0.615653817673468,-0.682987280516081,0.0823591457977628,0.487346665262577,0.773271057527294,0.511571865983773,0.332754530363716,0.826094505403889,0.100865610960871,0.0112839424592676,0.230142778454465,0.171198748907307,0.214904757700977,0.617376900447533,0.993259888000321,0.834157293577911,0.845148148272187,0.535378195415949,0.667754737822688,0.78014249253145,0.921526168752462,0.918228812225978,0.852691091685672,0.456719474288751,0.999573517522309,-1.02823675777812,2.00293008830327,NA,NA
1448,1.47548790551616,1.28493905278895,0.994208328026488,1.25444240572486,1.39965674110862,0.230492684866884,0.754696290459717,0.953720507472055,0.409768891960033,0.403220724598039,0.211914765940397,0.915350342866499,0.587632579359924,0.726284012555378,0.542852463059477,0.278670505450922,0.770524690700928,0.389745907142176,0.315994584631524,0.763779645843315,0.664590058216825,0.795039484963403,0.921369663691963,0.193181316984934,0.17603374872182,-1.48883439756674,3.99771920901647,NA,NA
1449,-3.3205824520881,-2.03814711794935,0.999025850959012,-0.645456894290454,1.08749253900383,0.115433903276571,0.844081350299995,0.674167520703515,0.715133811450796,0.509392215270665,0.528652806609985,0.752519698259886,0.112151186447591,0.567417655765894,0.679672286606045,0.402212991210516,0.795713250724599,0.395716345870635,0.337373099857825,0.683536722612451,0.736860833359649,0.669902351421421,0.0985500878723105,0.638782038946985,0.144672190512647,-2.77690310419398,1.48598931561307,NA,NA
1450,-1.40210325457394,-1.35977978142434,0.0507030417500582,-1.37444908875128,0.979584816233146,0.471466576729086,0.139596966640209,0.985287788508344,0.180288265806623,0.0583857995484723,0.904940091118799,0.861483690699679,0.172364150683396,0.235386345619103,0.260880779144121,0.556027411739109,0.748886974796769,0.432549817996914,0.0148161154965637,0.0556279669357464,0.890194827742642,0.632157602695283,0.907833571419586,0.348828353636432,0.335085423044977,-3.29440004837053,0.545501870867976,NA,NA
1451,0.240279548738695,1.17372091597409,0.999949520256785,-0.165317489133741,0.85435310721902,0.948770807222463,0.992129599711508,0.389265641443082,0.44230552621372,0.601290686678491,0.564957629115321,0.248705759750446,0.965228271843982,0.517826644418412,0.743900683622342,0.635546772057191,0.0197032880098559,0.547014290809748,0.308728977002902,0.627969879426761,0.578762749820016,0.695097007497214,0.122050646633143,0.879575676717097,0.982987924947985,-1.83981880936291,1.50918383109543,NA,NA
1452,1.64918949632396,3.42940511420064,0.995273864354127,2.80943851022586,1.29644516461767,0.720239046111121,0.764918340432923,0.95310277084657,0.680463592660264,0.692805485342978,0.834071428205236,0.344102282425738,0.831816233153571,0.130765915600699,0.103640633334522,0.678569461977459,0.317821834832663,0.976623140457901,0.432013535516686,0.578870521977544,0.106439850615105,0.629719055178924,0.630325777166174,0.719852582682739,0.0765771287034731,0.268452679644134,5.35042434080759,NA,NA
1453,-0.687401107864325,-1.22383041833092,0.99239927442247,-0.586599208065248,1.08749253900383,0.386545386945945,0.741009266475448,0.886927817447111,0.961626035301248,0.748285830038134,0.728522051062668,0.357023978154175,0.514198730521719,0.588909171215026,0.542297364001861,0.0233309893799014,0.799094930021674,0.777602078078548,0.289523570142454,0.876993186552427,0.538803594201221,0.268616740701604,0.797884688934078,0.589103240690194,0.971750399105833,-2.71804541796878,1.54484700183828,NA,NA
1454,2.09882912885131,1.97224166382202,0.338589315849156,1.68185365783035,0.474966316662938,0.075621130270185,0.458531483538798,0.798504780026386,0.881471246708883,0.726732102909824,0.412485645513283,0.0536975746640237,0.223400085550151,0.876366334275226,0.91504695345962,0.0750959328021854,0.165205450274399,0.806556986043462,0.787529309629928,0.33377776324295,0.025394061880419,0.00237585366226267,0.356140452342574,0.663038280862849,0.545828890819219,0.750936783301344,2.61277053235935,NA,NA
1455,0.463285756093004,2.26246836539757,0.998823196753465,2.59844228405862,1.14132310678159,0.0749023925741203,0.834621041368926,0.150546381194028,0.0204787198239937,0.647139862731914,0.464278193665668,0.444588676210144,0.103725098006777,0.0646291810544208,0.236610211710446,0.607929106551572,0.491438195511117,0.134404642425012,0.630651284187916,0.885008316932595,0.951276517177466,0.721859938873211,0.228611227067304,0.19052475450444,0.728470254218672,0.361490100043347,4.83539446807389,NA,NA
1456,-0.0236993147095956,0.00561623619714779,0.996478917858764,0.497984921830673,1.29644516461767,0.880427339969901,0.77969901638804,0.618862767428276,0.850950523366919,0.675304535871837,0.888455873408122,0.651324401237071,0.127263178303838,0.8374681767117,0.040094097388559,0.0966605919984868,0.957730474929675,0.686116665934911,0.545556801260333,0.930448467090959,0.951593832797487,0.142416641874472,0.0819158131285803,0.918263917887118,0.177192874963977,-2.04300090875105,3.0389707524124,NA,NA
1457,-2.15951901771048,-0.11516019779974,0.999864682169107,-0.0349046914178044,1.25681324922324,0.899505730633507,0.942822424964514,0.694842748511466,0.562927595672198,0.694070556904655,0.850789889407926,0.936491926639807,0.0398318616357865,0.637612459362601,0.388483173648478,0.648714442091761,0.592227997980546,0.881304315920686,0.606940561361844,0.517119907190441,0.118346992200124,0.0825541870356537,0.808898494284251,0.758640551823308,0.191971525140572,-2.49821339518813,2.42840401235252,NA,NA
1458,2.28354298664665,1.65352245884257,0.773758899546704,2.06385234579135,1.29644516461767,0.824704108356847,0.558142853922793,0.963820635506068,0.773530636140727,0.754313627006952,0.417749310764135,0.455952496269834,0.228519100936828,0.800547664029524,0.75247218277608,0.772758818851202,0.98272558352293,0.135229834539583,0.120178357111407,0.774772463581292,0.933269697322976,0.889875697393669,0.244279103046749,0.153330049238866,0.895106305970228,-0.477133484790376,4.60483817637308,NA,NA
1459,1.12990264939768,1.15253855149186,0.0593159434279803,1.42337752592615,0.351197092980186,0.188509353826288,0.269255997453816,0.0382499204799533,0.608238238298218,0.87853701966384,0.591400871080579,0.727648787257029,0.28955730234459,0.661015628207126,0.266789706161944,0.975804867935483,0.956859367575613,0.0830580657148967,0.203410234010546,0.245709947524592,0.201480821363046,0.900046735583455,0.955893667764729,0.66079996924859,0.268112434827141,0.735043872209824,2.11171117964248,NA,NA
1460,-1.2521713718808,-1.23469589981606,0.0624610141572514,-1.48180099106907,0.449739886193517,0.332162249216926,0.283967328060302,0.613672860000283,0.48307558185095,0.394795014043921,0.51019800895045,0.41172707231564,0.463499585733051,0.0349349500545068,0.00970385236700531,0.474118599868962,0.546871345640859,0.69440946683113,0.209110708039836,0.130788886735216,0.63795607720525,0.181687508251751,0.410944543421268,0.936419465318322,0.401886384701123,-2.3632749704195,-0.60032701171863,NA,NA
1461,0.837628242602833,1.56532463104472,0.490978869274697,2.3404091209802,0.536325070521637,0.517902274977067,0.492825371446903,0.733163899401203,0.420958251548815,0.0306850860404084,0.937042547664605,0.302218858853448,0.272626329666818,0.483534777110559,0.884552889049053,0.281953368917108,0.144740968915168,0.586056224510889,0.898489575653686,0.599181206980487,0.351111569125787,0.754303457165719,0.0939412341248244,0.274832251913846,0.823001319447998,1.28923129875188,3.39158694320851,NA,NA
1462,2.96278560017521,3.12604255148919,0.217683710131755,2.06041989736866,0.585677095453349,0.564400013963808,0.422991020281566,0.593018440304906,0.660787786265602,0.677516196377925,0.047791246475419,0.216911501343595,0.855319733011071,0.0223210020663682,0.247965933558065,0.535964120752527,0.481870002125739,0.532777445671498,0.750735696443589,0.492502152564703,0.805195450259722,0.124807058297913,0.983207075971528,0.737293606473599,0.0276225421781419,0.912513883710071,3.20832591102725,NA,NA
1463,-1.61597289283924,-2.24373603432432,0.866425566025002,-0.944049586870893,1.08749253900383,0.447874333479092,0.590513843283988,0.955193451326806,0.636734073448693,0.997651876330492,0.655215231321869,0.942187892900081,0.218234498285921,0.371091654005577,0.3023866131088,0.400675240075099,0.443081833343022,0.297233051621472,0.892097633319791,0.96266518046381,0.324092309642234,0.752219362345757,0.779471611819579,0.380933831393952,0.521332816005568,-3.07549579677442,1.18739662303263,NA,NA
1464,-1.01004691291633,-1.45672785866261,0.999951634425755,-1.79207957997367,1.08749253900383,0.0561405015921919,0.994268903321237,0.909305698543089,0.722819837393239,0.945650251027197,0.150234347085352,0.0101906723226421,0.486526452257414,0.0255470888097771,0.484569834198803,0.0619087228667922,0.315186214101501,0.226844420432462,0.815540070689283,0.294255783328321,0.755823779833619,0.471816359003657,0.522954771369114,0.0971929585527396,0.911477915093652,-3.92352578987719,0.339366629929861,NA,NA
1465,0.530993381092514,0.515383759548179,0.0792074313412939,1.28214770856436,0.351197092980186,0.140980541334488,0.327459419401828,0.649905083460268,0.813922186337528,0.974777008883888,0.853211199898273,0.70854149217892,0.218873374740011,0.769502329202485,0.508328388606082,0.170798816479743,0.184146703440812,0.75002516558324,0.980961001579184,0.958187916803174,0.45001297783514,0.659350296043325,0.343779301714385,0.827634419158916,0.74053966097394,0.593814054848035,1.97048136228069,NA,NA
1466,0.508214773938072,0.857352360368218,0.23864195706287,1.62919811940249,1.14339113125265,0.505735620921012,0.430237353702425,0.494686679944396,0.805356710744905,0.535391018252354,0.882883033932536,0.379755825887783,0.725190096003003,0.64435412154987,0.633200009689666,0.64592758046661,0.459479567051982,0.505795553466305,0.485298826844199,0.566561939363601,0.123251263268874,0.473939501219313,0.372807978253113,0.811513968958054,0.618286538972519,-0.611807318095211,3.87020355690019,NA,NA
1467,2.47528423365349,2.30692679474516,0.0773406674166039,2.04986444427676,0.745835552131358,0.700913228692836,0.32405575817381,0.27187748388981,0.162189495450119,0.413765188589809,0.315842000504839,0.797009714909014,0.781843688423629,0.996339104069164,0.941496793451603,0.0468483063637977,0.505062850284274,0.52654964711098,0.386843291116529,0.922403459738707,0.0802994957660558,0.206759524283581,0.635320239031338,0.787369811669458,0.333499405579409,0.588053623709752,3.51167526484376,NA,NA
1468,0.771610212209958,0.832104664118495,0.116250984339434,1.17669866822897,0.532538131122782,0.903149848769186,0.370463860966032,0.742942028277437,0.452394246740034,0.295342537718127,0.71417872482189,0.610647081392119,0.247880147230229,0.101537548144581,0.437510829153354,0.80732664402097,0.0966956806976814,0.738966547256452,0.269649610652239,0.758535481817205,0.154642159777461,0.980029560657684,0.499410264033475,0.337436931191711,0.698800979835331,0.13294311083405,2.22045422562389,NA,NA
1469,4.16724879262946,1.57646205154974,0.997796802584401,0.884142700358227,1.14132310678159,0.259119206221425,0.803211523002246,0.0692595860305009,0.253916107790079,0.785032347728731,0.353207835452864,0.146222212492488,0.560781401249231,0.49946770425688,0.864130663636955,0.0193814983300399,0.00391128304577433,0.911097590457532,0.560244682697696,0.68633152994758,0.760169497144059,0.829027880748035,0.587157347502653,0.385158664386254,0.0512942648084136,-1.35280948365704,3.1210948843735,NA,NA
1470,2.22977230425411,2.93692727257195,0.505451521454439,2.53489385451098,0.80936597976039,0.556199864274007,0.495882204999914,0.263027583371149,0.740814498506836,0.779422017126111,0.800576634970261,0.226515759878443,0.962765505936695,0.648009713554522,0.249296047347016,0.940087154294481,0.525256291272002,0.382321704150876,0.214925524500664,0.0171127049464267,0.125446560995537,0.666255097496673,0.325267934762174,0.95194764871581,0.726920828396687,0.948565683868641,4.12122202515332,NA,NA
1471,-0.497223753694858,-0.775269377382473,0.856858182298376,-1.03018217749532,1.05942831852354,0.465052460761857,0.586465602368931,0.180097927168012,0.380310212864308,0.228500939190038,0.459003064168268,0.231161907631205,0.529687076469185,0.810803084647167,0.494491953533841,0.549910788765177,0.994728001695825,0.764325128136901,0.710392463096767,0.269671220581513,0.088079644189449,0.24249881975702,0.873668880068813,0.907201001305832,0.926106825743453,-3.10662352600329,1.04625917101266,NA,NA
1472,1.18146377593978,0.0929017205337699,0.999939239904643,0.193700250828605,1.07958489405795,0.555847179062082,0.982861002820428,0.60060334659426,0.226234629039653,0.602544656038983,0.852117644127691,0.0687626074244035,0.443255406278069,0.520835958020296,0.885985505393706,0.787385635653627,0.999610228883452,0.0980738886327017,0.267044648307492,0.210659635541495,0.763698842687882,0.130141656170716,0.650913044621819,0.128155009284965,0.202315443305415,-1.92224725977847,2.30964776143568,NA,NA
1473,0.312261796959588,0.0298061995198523,0.277734782739553,-0.315645763377635,0.502646347146875,0.305505094374181,0.442289465495385,0.175883361515123,0.796957924981136,0.819373976014555,0.00552006176579744,0.609591821594047,0.0780405006177025,0.252400234065834,0.102693854628713,0.326867040491896,0.972410929004545,0.185465502369567,0.410075395615073,0.0574387962797191,0.570641138477251,0.789304986883653,0.0810333083218429,0.973049591240007,0.0824678136133589,-1.30081450074613,0.669522973990857,NA,NA
1474,-1.63720042987244,-1.38747122229765,0.874843541290879,-1.38514924514797,1.14132310678159,0.0305680493669352,0.594281454856973,0.0218899155511754,0.324626859511249,0.534089069203474,0.289797910727444,0.837444057844928,0.795142052060692,0.264289346829406,0.434635386745562,0.407161804062547,0.17720851223194,0.137288292241166,0.443925435196143,0.359189051652909,0.476925307928817,0.155232085057301,0.576993638682878,0.938902481708559,0.869175990014803,-3.62210142916324,0.851802938867299,NA,NA
1475,4.4463886902595,3.54672007989893,0.795802575875359,3.04879172992569,1.29644516461767,0.659435440650326,0.56476868152013,0.509265162455034,0.637350753033184,0.652265854849713,0.436792656977777,0.214628482605447,0.809113350220141,0.438130793835036,0.361935040128767,0.468959427029593,0.980265612206655,0.809413871504366,0.906218389482703,0.0960110777107766,0.0363068064432591,0.127683407664765,0.493939240520936,0.490844650911167,0.484802158048726,0.507805899343964,5.58977756050741,NA,NA
1476,0.879467165991836,0.67480321046563,0.0921197260830427,0.452550824335357,0.474966316662938,0.15778254060226,0.346470183550264,0.557384155164007,0.354369290036848,0.786971133998479,0.177505291252863,0.601508911924786,0.927480382415582,0.00750864858739078,0.727004732705653,0.335705451484886,0.984427011003368,0.996235191540909,0.780202432511374,0.338673114108969,0.03982289563003,0.505089883315144,0.419355872924672,0.749088796645286,0.139126936473418,-0.478366050193648,1.38346769886436,NA,NA
1477,0.699742841229218,0.215675444277895,0.999196475673109,1.39759134044523,1.22125306711407,0.982615351730608,0.853718181485892,0.163640607135254,0.732967591081862,0.249699906356982,0.980697986931191,0.724643431989243,0.125650635289727,0.90281357056729,0.677973146865028,0.886080086272908,0.220395329403109,0.307563441523234,0.107017631617957,0.685927252713358,0.910550146594178,0.371510517619899,0.774097325893352,0.522775022469112,0.668134010334732,-0.996020687107426,3.79120336799788,NA,NA
1478,-3.20289202452737,-2.40702769231965,0.998293585153952,-0.35737136880546,1.39965674110862,0.365786583071691,0.816013477746979,0.619998387283296,0.394696931617567,0.246861140728579,0.451297105180449,0.583128301448887,0.732131580823334,0.840538114044117,0.950922812524252,0.908691773505299,0.723341836966458,0.0247536292622099,0.450004133250448,0.961834329117322,0.687519574370352,0.211544245989411,0.856638182486757,0.997234244462452,0.461458086310537,-3.10064817209707,2.38590543448615,NA,NA
1479,-1.80476181530485,-1.91188103324323,0.99981413560749,-1.01860899980155,1.39965674110862,0.0568095205482095,0.926950213121017,0.0552161432511639,0.32181711000076,0.462048653131118,0.275785059072776,0.917321129088639,0.413193690849701,0.647395804595784,0.14772745732055,0.508360159158474,0.0136008274867199,0.714186045093345,0.803126871241373,0.875678666767897,0.27536661221378,0.401309918782907,0.828630033237278,0.804757124277181,0.172550522062345,-3.76188580309315,1.72466780349006,NA,NA
1480,1.45128626502693,1.65583175012429,0.757911616488158,2.0085758375922,0.55571472265377,0.111019318092382,0.553650818491471,0.764046195829404,0.275982164750225,0.34607687290688,0.0831974616597872,0.58759782317467,0.456861605353304,0.32233144302899,0.639379212887026,0.384100353165879,0.131934779268922,0.0178536536606262,0.761185131937382,0.651377659459133,0.82374986033421,0.560825985159725,0.0598206222413573,0.834682181975339,0.975022105765529,0.91939499551215,3.09775667967226,NA,NA
1481,3.41998393352111,3.20091509157221,0.830618167195982,2.71361109430719,1.29644516461767,0.58742399939592,0.576396529787569,0.609040371869341,0.733256188711035,0.457835691260989,0.379251186552341,0.713462073143106,0.901337432537111,0.880464136297116,0.411381770095672,0.27416797772178,0.638682050973177,0.579325437076506,0.784504586476716,0.919021081690094,0.873468862572103,0.344327984771226,0.982073697717977,0.229209173617768,0.2429695193402,0.172625263725464,5.25459692488892,NA,NA
1482,3.65122263464942,3.5788727290469,0.958644812195972,3.418731235615,1.22125306711407,0.9728495535783,0.65448781988793,0.0903887222644407,0.933894234862993,0.326619216531399,0.311559624743182,0.901685275235795,0.309933718994609,0.228999562858487,0.258965197647572,0.985201836840715,0.880202863174607,0.394123480871436,0.294050482393592,0.806068692385335,0.111125842359266,0.990703968084417,0.518813596688793,0.00537188502552453,0.209479917315883,1.02511920806235,5.81234326316766,NA,NA
1483,-1.78417920620553,-1.75679340760471,0.0690483022844053,-0.92306683075038,0.55571472265377,0.0632081474571023,0.305538529244717,0.413966476463829,0.310770573166781,0.259458736742963,0.817362662009429,0.975331553428085,0.757147228416405,0.858522784552071,0.945965631570667,0.483924575487035,0.320665654520155,0.947989249927807,0.947542584925424,0.0873599149726797,0.48394482213934,0.440286819588509,0.312349031073623,0.115312208586838,0.26973226780782,-2.01224767283043,0.166114011329673,NA,NA
1484,-1.20981053305846,-1.51886448100617,0.999887179843408,-0.585307446486428,0.786490261967677,0.17085382793902,0.951915174108814,0.358648687051376,0.884128587432671,0.718526805931469,0.988958317310084,0.00344302124390379,0.0104887813216774,0.972145860784687,0.598507543164073,0.461156066348893,0.666601647401112,0.373497841276694,0.158677250316599,0.424842525569606,0.345588811048656,0.619736359617207,0.0468812687186291,0.398616266328725,0.840791441999259,-2.12680003413455,0.95618514116169,NA,NA
1485,1.25794435751579,1.57828672278841,0.660238623327854,1.19863960037124,1.22125306711407,0.78062744987302,0.529280326428241,0.179469166920637,0.948684647392016,0.680792246758821,0.265325358609902,0.927437213794794,0.162267299374682,0.442327444403549,0.283072565834271,0.185121475147898,0.104684210459935,0.689412530424539,0.489509556215955,0.434175841313903,0.686518470810843,0.316956500347937,0.369533310242114,0.779098082941724,0.180977122133831,-1.19497242718141,3.59225162792389,NA,NA
1486,2.75928721796792,1.70061787631362,0.97975202565842,1.75469404348552,1.22125306711407,0.987697757037706,0.69134315777407,0.243374084723997,0.766168127612676,0.207930838016793,0.237673089114833,0.683298996044323,0.259681129826,0.424272543280153,0.760434869283927,0.175686778778443,0.270373732581153,0.0470538406634005,0.47119846556359,0.390378896785667,0.222822797047673,0.0478097286904231,0.641423210732755,0.253127561672358,0.709667136084521,-0.638917984067131,4.14830607103817,NA,NA
1487,-0.909012857629816,-0.91293300855107,0.0502046275486768,-1.79520334633285,0.473129353069711,0.190932587803225,0.077859482400585,0.51681777992635,0.800784657478682,0.278915906928363,0.323512472892646,0.0959557850224664,0.0570423813790549,0.74362611518288,0.12958977376821,0.28967346910073,0.00439017211610917,0.719088784404798,0.509794060439337,0.56338291782164,0.138210185017902,0.416880698238383,0.177883826175123,0.998002395873074,0.66733609684743,-2.72251983837822,-0.867886854287483,NA,NA
1488,-2.15015744912372,0.349360572773115,0.999876876444291,-0.358222160792947,1.25681324922324,0.907429467981798,0.94754496411467,0.260409213611041,0.218023827171302,0.716439938071882,0.244859079841175,0.250637130394694,0.658363838170888,0.491202329287655,0.858449909268995,0.47060493784945,0.229466251848964,0.520472392293625,0.658649176497944,0.18688988455676,0.191391352175735,0.267269447988132,0.956455915935105,0.49039696607017,0.787522339244606,-2.82153086456327,2.10508654297737,NA,NA
1489,1.83482398426312,1.8266711514132,0.0962658583457799,1.64859200405058,0.945710927264676,0.552210098595941,0.35139345311455,0.33141271121311,0.874491846908466,0.486220898927189,0.918887224895414,0.174732843600796,0.920141923194635,0.98263829648809,0.998655916704913,0.0825613030657405,0.859351947879652,0.822909657579381,0.249328197168768,0.0433044626265764,0.680465557546122,0.702643352202955,0.171742592170136,0.143570179569884,0.922201073407661,-0.204967353174168,3.50215136127532,NA,NA
1490,-1.93016222952019,-0.865392725919876,0.740141185903716,-0.69520079494987,1.08749253900383,0.0375572005342692,0.548837886654655,0.571899732009624,0.84591724628082,0.664845157235977,0.280974867675919,0.14162259424408,0.803344987348304,0.356195792996907,0.453656248097424,0.743295775739709,0.581462813630817,0.473052506818785,0.0917620942590293,0.440373520990135,0.016271814870066,0.107536918462021,0.768808215038851,0.425500422167825,0.466109389848425,-2.8266470048534,1.43624541495366,NA,NA
1491,-1.60953388906302,-1.57996579355172,0.0523760055259103,-1.86186541594504,0.502646347146875,0.0731581412663218,0.200573146697134,0.378234911187086,0.308259000580641,0.574604513383354,0.496218867825926,0.810047514517209,0.355468188739498,0.301507512390963,0.174991321452078,0.319110553430859,0.952192845543847,0.325488203762681,0.491257604351849,0.939752166249091,0.500460093396716,0.520116093146033,0.365103635854553,0.620908861944219,0.448471180065884,-2.84703415331353,-0.876696678576546,NA,NA
1492,1.0611808738542,1.1009111046166,0.0583252904109206,0.644502039883638,0.51700110328822,0.337366562529816,0.263581901171012,0.321413621291984,0.0557972752490314,0.474751957045984,0.859335756126908,0.951775643407367,0.564180536542553,0.440128364270204,0.992467590475222,0.904363571851514,0.890328092373675,0.136155685943319,0.153760860358714,0.0973424970899941,0.0673332975809462,0.793105424241978,0.440153003979125,0.912678926002933,0.760586903973133,-0.368801502528746,1.65780558229602,NA,NA
1493,-0.176390041421222,-0.575299673215384,0.999949300253795,0.78957281608139,1.22125306711407,0.635720969933784,0.991912149461685,0.0107858139991295,0.744682200356736,0.806256468378589,0.812964383514016,0.24994636478473,0.976955390447052,0.624352909423062,0.711048045674455,0.905757583179628,0.374658450973104,0.253648996163975,0.363380923429155,0.796284294696059,0.936031007224228,0.682899048806285,0.867516253187554,0.169968087728135,0.3862125124468,-1.60403921147126,3.18318484363404,NA,NA
1494,2.40298211450955,2.33552323470584,0.0513268179795029,1.99695447173629,0.752584175598707,0.612364685735549,0.171385961058084,0.19279653426155,0.627298790445668,0.654671619070112,0.647620102868881,0.848254713135888,0.0622028704494005,0.462996827040683,0.336715711669414,0.583529899760615,0.570242473409162,0.0338064345862949,0.132451111100265,0.749575938929105,0.168721039162367,0.259791387430392,0.293841211931198,0.21417485117598,0.638037265738938,0.521916592228054,3.47199235124452,NA,NA
1495,1.73760393608133,1.68706876602061,0.0500439259516594,1.90132703672475,0.51700110328822,0.352564361277153,0.000916713736369275,0.0684616517543327,0.0766497675250284,0.414498446999933,0.517556107276119,0.64334829816455,0.688438257952919,0.332489081831649,0.0973605149167124,0.381864541491726,0.903423690784723,0.99781610458449,0.616107209992362,0.47825177221268,0.540988663006108,0.913512049705139,0.483845530460123,0.390046895608422,0.674068017176585,0.888023494312368,2.91463057913713,NA,NA
1496,-1.84466299667931,-1.86162444364711,0.0506180340856648,-1.58930660991811,0.502646347146875,0.314671482623438,0.133148856053012,0.279056880791555,0.642671183088329,0.750113627001527,0.394958025993896,0.462665141448379,0.691092984227347,0.55451841060142,0.557469474013429,0.144151893447037,0.515958655235125,0.843982880526688,0.752364350233693,0.076297499604756,0.94022953701322,0.191329088733182,0.0870563194478163,0.943245727885165,0.488033565292251,-2.5744753472866,-0.60413787254962,NA,NA
1497,2.16187933228174,2.14602139038466,0.0502544906696452,2.68435383884754,0.532329695236986,0.810575746320304,0.0887657415516442,0.664048002472264,0.151127276650514,0.217959907539538,0.471189487322816,0.204718122439226,0.148005871950765,0.260204567491543,0.442782168791047,0.608430989657412,0.228611024848884,0.815910051027429,0.457429857273586,0.589573550161556,0.143287826609449,0.448922357147327,0.617460037617362,0.839375900313957,0.264590185482288,1.64100680828186,3.72770086941321,NA,NA
1498,0.411340090081221,0.380905431208325,0.0503794944731223,0.555374633215147,0.351197092980186,0.412196904691053,0.108751115862513,0.363327364153578,0.76492640577897,0.905252650431939,0.552846964605967,0.558228314511478,0.826635576638277,0.448437601611833,0.164917621786939,0.921943608293659,0.643200759960455,0.011486205113586,0.246706878922763,0.748284950888366,0.98708072506974,0.940335776061169,0.788720973364543,0.518056498537771,0.751151123399846,-0.132959020501181,1.24370828693148,NA,NA
1499,-3.51162767971723,-1.87863165704301,0.999946232149915,-0.773743906639806,1.39965674110862,0.0768486912918743,0.988974247887498,0.351298750344082,0.871188608931028,0.158765313380864,0.193914467709837,0.138734219615231,0.974402268794132,0.176788789146347,0.0309145548150409,0.849671187653556,0.712642855559825,0.174968878874788,0.291792426434578,0.618976439476595,0.628258447509608,0.474207044068607,0.892291239881888,0.815530370882712,0.320469986305223,-3.51702070993141,1.9695328966518,NA,NA
1500,-0.342107445966949,-0.387971944002264,0.113631439021402,0.145714984655281,0.55571472265377,0.204168197120773,0.368298741264502,0.374342623922857,0.321282744781696,0.0240973464178387,0.835457275184337,0.777139245426515,0.87694290848379,0.0627008004442323,0.0915843762845034,0.570298785446561,0.383831325534615,0.236636368546984,0.909007332966314,0.0202454717297805,0.97694782807841,0.415624522074009,0.69624020698003,0.00983934499253519,0.788632166348747,-0.943465857424772,1.23489582673533,NA,NA
1501,-0.126898106435081,0.932091685507996,0.921127964294097,0.174211355338121,1.39965674110862,0.142196644926444,0.620098107230384,0.80557278768206,0.621994519711588,0.246010345471324,0.878097010828787,0.158284698684933,0.732950233207899,0.113841005937313,0.0895433657719986,0.0837884683699813,0.188550815903116,0.877174016699777,0.588157325192704,0.624931214027689,0.954123955337796,0.105130307275453,0.47010734841309,0.560811807631166,0.27077528617403,-2.56906544795348,2.91748815862973,NA,NA
1502,3.71917324335473,2.98348682768514,0.996274848902621,1.97227716965077,1.29644516461767,0.940695627630223,0.776871282537119,0.889652401837404,0.755390463236952,0.797540875817765,0.215032454365282,0.701014723329223,0.258062051082496,0.885285524190287,0.853417663975153,0.890979079095996,0.312894685175386,0.40761154910503,0.731019786520745,0.577396488472819,0.446588776942692,0.766721730379504,0.417924277176382,0.645362804162898,0.20316764496651,-0.568708660930958,4.51326300023249,NA,NA
1503,0.110988762388554,0.826243468044577,0.999213192860318,0.530271787919088,1.29644516461767,0.739587800621637,0.854770277078496,0.683757672152016,0.888480652252911,0.337685217111139,0.978409194054431,0.0826544944351772,0.524893916722271,0.310814317236305,0.268530239116633,0.17254043445515,0.239375482020318,0.0663247966252966,0.637948415531428,0.601658723791596,0.46809439249814,0.2347022327655,0.564825021186611,0.915359094323125,0.0359161564080277,-2.01071404266264,3.07125761850081,NA,NA
1504,0.789405949537367,0.788230550086194,0.0512119098479201,0.919237438871168,0.773646485905822,0.151957010876737,0.166850601317477,0.52864188714081,0.430069872835185,0.861982711427845,0.662010045032832,0.501889984312002,0.823646148038679,0.964033622708637,0.874496365437866,0.962710119494237,0.241242123624543,0.0300395129520912,0.377402321425849,0.402009059911943,0.0156908923682058,0.954704338467447,0.494125237350934,0.984146620419924,0.58203668665525,-0.597081810270217,2.43555668801255,NA,NA
1505,1.11010369085366,1.10873025301024,0.0501075076988743,0.475115365270851,0.502646347146875,0.234573452595039,0.045672918563243,0.527038969949121,0.920786168533028,0.773616256127716,0.996874677067157,0.139575098327361,0.671770888246479,0.183027472723974,0.95116964450595,0.395587296529673,0.792510955343721,0.0253180819830159,0.519252593867364,0.216619737618021,0.859727071224712,0.318147986391559,0.171233114003553,0.0888922589268768,0.996108336453093,-0.51005337209764,1.46028410263934,NA,NA
1506,-1.44985419221794,0.073723345569662,0.998553162418362,0.986414638113241,1.29644516461767,0.625469228976173,0.824277882014401,0.699340139568667,0.957356663504615,0.46810694124666,0.530248635155847,0.2657319145496,0.480925407020259,0.499974677468999,0.42919773235661,0.194815174951334,0.558620467222645,0.259348475497798,0.268709038687753,0.561618421172025,0.513152647851268,0.537806880399934,0.318240425387048,0.924876551723224,0.0535336663249182,-1.55457119246848,3.52740046869497,NA,NA
1507,1.83593732716952,1.62842999206589,0.998339605771031,1.90513897254793,1.39965674110862,0.0602639762589242,0.817382880526828,0.240617513076868,0.0694006277123699,0.266752965148655,0.278145295831258,0.329593931194162,0.683118431180599,0.66009491874883,0.769515534926206,0.355390077424585,0.98678239249473,0.536698971535428,0.102549412129913,0.64431546661898,0.204001678486238,0.486261438137852,0.0216932527290192,0.465982421336696,0.39565535154636,-0.838137830743675,4.64841577583954,NA,NA
1508,3.67487470866417,3.34282918448955,0.281035866319726,2.81717898249162,0.128492926455895,0.504505969365127,0.443238074553083,0.442444936365471,0.00802589575597085,0.653058496051235,0.0289871690203436,0.0110667141018203,0.358911223997711,0.950139779371209,0.852758363491856,0.766140053387615,0.110533659841632,0.166776589230285,0.109104439309565,0.72437078440818,0.748628627531347,0.0689839439534116,0.265156554103713,0.347488884060527,0.00801220044097863,2.56533747436991,3.06902049061332,NA,NA
1509,2.1051793652803,2.04797655036423,0.208706623521719,1.77446067402194,0.449739886193517,0.00370660968555603,0.41966942853143,0.830400691209012,0.793870987223228,0.408705756185343,0.176528359966353,0.0846320028810296,0.205786288867355,0.186733238138608,0.0326430399920791,0.366794879353605,0.54218278641731,0.132161339706858,0.500705762517988,0.856315161168459,0.184601110903197,0.968821417844389,0.165638386205304,0.99557761681499,0.0108233096583281,0.892986694671507,2.65593465337238,NA,NA
1510,-0.737680997954393,-0.109278134098902,0.997268093839506,0.990432753258581,1.07958489405795,0.819369737790432,0.792429127915995,0.778656785308151,0.378406151865842,0.383949152167537,0.224382906233193,0.0240191159698879,0.981929599271156,0.380571193886688,0.438568113521906,0.222321797791636,0.437523960697814,0.634555004067603,0.141616226775572,0.576604020619066,0.653972999493242,0.720651792964432,0.777794632001664,0.0439891597887035,0.929918638275471,-1.1255147573485,3.10638026386566,NA,NA
1511,-1.48843450072931,-1.74512243655686,0.996985975203964,-0.286765362515921,1.39965674110862,0.244064540856285,0.787500397812109,0.969031292105909,0.0596626838560915,0.497006183873862,0.479646759551717,0.910982556812582,0.128950496974867,0.924267216720735,0.207553336204379,0.988948841457255,0.109717940097791,0.56986822816066,0.162829326410778,0.168540896508493,0.473538682483602,0.10011032635998,0.146060517295613,0.72203419398726,0.621678124563768,-3.03004216580753,2.45651144077568,NA,NA
1512,1.15441888466576,1.10846438949362,0.0503487504384241,0.224634252037031,0.502631327065993,0.782652294461615,0.104525324990624,0.290625348793692,0.03445070254046,0.435314948129118,0.263841355151846,0.539813052197569,0.418136849646457,0.251478214550531,0.151067770355847,0.080591324949055,0.992808118993882,0.52401772125822,0.179160847648629,0.666275967187248,0.2168757531679,0.197379971174407,0.469407432236825,0.400798650942044,0.771516413416481,-0.760505046513888,1.20977355058795,NA,NA
1513,-2.25896538376106,-0.67842040962986,0.900695757535442,-0.688748506142453,1.39965674110862,0.0203671226534061,0.607393312954577,0.0559694567052648,0.655165357924299,0.33276113380515,0.598809841791983,0.68644583437941,0.759745337119792,0.430135917976382,0.86770377641439,0.585365336932358,0.585410126519971,0.646122295867535,0.66385045804095,0.0787223741870839,0.627594257154269,0.589862838161644,0.688337842311594,0.785360993961338,0.881615082703414,-3.43202530943406,2.05452829714915,NA,NA
1514,0.995932832956923,1.65819661771679,0.865318187859201,1.14807966925097,0.85435310721902,0.941793924466358,0.590033170111943,0.169320156849455,0.592328370111529,0.388537268730812,0.679201805782621,0.535853777239099,0.687797496202518,0.138668177582207,0.045130281804828,0.0382252885114867,0.51839437700389,0.794077355628135,0.240112902928842,0.78762986892066,0.344928335751756,0.0156358122593956,0.018096918623196,0.489980665750219,0.53115517708112,-0.526421650978194,2.82258098948014,NA,NA
1515,-0.60274847627071,-0.370039549104784,0.994038252334368,1.16959431571162,0.85435310721902,0.842175787904067,0.753240150814178,0.44326551061694,0.620118195116753,0.543779270079103,0.915408467856469,0.293194573502406,0.721413312872057,0.652462939731544,0.767547936667339,0.605936915485305,0.516431954871048,0.151683090399834,0.745777360224864,0.944972834693268,0.148969677546644,0.0331839259791886,0.782582177265082,0.493800478776102,0.251232608700986,-0.504907004517543,2.84409563594079,NA,NA
1516,3.30952306783651,3.29977973181943,0.0502438619363395,4.143027128882,0.768675454492882,0.765274606532766,0.0866320848312462,0.988970138225704,0.341055292585632,0.482097383255838,0.373781691664481,0.55717622957495,0.553689798738575,0.413582645235932,0.295403730132501,0.836153454862535,0.40789205698052,0.763459354173974,0.523507816655329,0.275076945874025,0.694536687109503,0.198922330688918,0.0112652168087661,0.802633545715362,0.847074334048783,2.636450922276,5.64960333548801,NA,NA
1517,2.58281260324006,2.63419159931324,0.0915061543747684,2.85882121052057,0.92714237073086,0.617652778367978,0.345702680041548,0.782062836231082,0.169968284732662,0.002904373368714,0.0517975560786435,0.450522335043526,0.596938341920031,0.108259750515572,0.866559369304217,0.950793765416834,0.78234930434078,0.819164962550974,0.83604327971267,0.29176910982735,0.667209120138665,0.628417770144413,0.591175136078382,0.651243179964833,0.0619116613580845,1.041655555347,4.67598686569414,NA,NA
1518,2.53357209290413,2.58006017067308,0.0565055489630346,2.29114191920214,0.820174300321235,0.177714595010504,0.251153250790085,0.188298032362829,0.299125856318045,0.960895053910208,0.0454332154281437,0.572131576557411,0.11384133473679,0.114357128348784,0.656774213374243,0.197511659102631,0.313932194371126,0.0644858303456567,0.861072551434278,0.231651026621694,0.996628181308042,0.0431053445965517,0.597267928914516,0.956422871229937,0.209862363977707,0.683629829527185,3.8986540088771,NA,NA
1519,0.585926627618696,0.542055139162944,0.10306474487547,0.431826906257639,0.502646347146875,0.213949991732952,0.358626454466139,0.685245931882877,0.49247669019457,0.731312040102086,0.0235338225848973,0.316882121835486,0.700003313540947,0.29456015552429,0.0165666066475678,0.161060880477657,0.498165482723154,0.912345868372475,0.727847428895533,0.371174835480517,0.783449317776249,0.924387905902462,0.860276264705462,0.165897987312288,0.470218178062234,-0.553341831110853,1.41699564362613,NA,NA
1520,2.28979005800219,2.23586560787119,0.0518125573149738,1.66543860168232,0.502646347146875,0.348487526646466,0.187009326111991,0.330455630972283,0.611412490725401,0.557889663374051,0.58321238288586,0.68264212779596,0.143937561292783,0.456109652539715,0.501567125038244,0.293769450285123,0.0685057616464328,0.333531033242703,0.896491273007821,0.00840074349660426,0.901121679401258,0.30037548089854,0.39870717551175,0.173047279803781,0.668562521970249,0.680269864313827,2.65060733905081,NA,NA
1521,-1.08071688465084,-0.397634547064638,0.991610191342883,-1.16224268681862,1.39965674110862,0.181850414327346,0.736028683258221,0.0272763380849501,0.298843759785988,0.180193960389937,0.122618685159716,0.612627933976706,0.14590059623844,0.617651294342824,0.843931934608612,0.587637922202586,0.121430458778748,0.30264605731878,0.116722666801885,0.08434074431716,0.900367263359367,0.991297866644105,0.439290294425213,0.289754998138407,0.545226476491662,-3.90551949011023,1.58103411647298,NA,NA
1522,4.38403443341609,4.3546141211765,0.0531715495780633,3.78345687112411,0.762530927479474,0.663103008651058,0.215055118406075,0.270362692010123,0.917501494531054,0.287063935180078,0.638191633541952,0.089420983975986,0.963023808671511,0.94057243252662,0.475422991895117,0.117377210018691,0.18329928815423,0.218613744328613,0.533119065686828,0.214624508753768,0.161634808288538,0.0540449400165817,0.166132423348143,0.115615145356744,0.891818771086982,2.28892371616642,5.2779900260818,NA,NA
1523,-1.21032779960556,0.463742945676742,0.672436909448765,0.377894619120123,0.456786674230267,0.00168147851829417,0.532098079674644,0.0876942379929824,0.719059220082243,0.361477553901495,0.157375321179163,0.615696563975187,0.921650205682614,0.287622148004943,0.641871442323434,0.68116694137489,0.375851811318658,0.492404156710953,0.365649786894559,0.110399283841718,0.208487650761963,0.986803631271469,0.710842219110462,0.19563717441773,0.231914407052449,-0.517390810989029,1.27318004922928,NA,NA
1524,0.854021945361187,0.373339074598543,0.999880443615864,1.70094348071366,1.07958489405795,0.513568784109666,0.94901516564819,0.424262630862999,0.154336792152957,0.370702152778162,0.0426841702725505,0.79771329552948,0.933096172635793,0.613852694973466,0.748301983601646,0.353803083231905,0.685193990312982,0.332797542245477,0.54507605382998,0.690111841477337,0.588686939023435,0.778721294677234,0.780076760525582,0.0869227484198054,0.398921428248752,-0.415004029893415,3.81689099132074,NA,NA
1525,-1.17697690563828,-1.100735008877,0.0890105303601301,-0.647850596056013,0.55571472265377,0.358277796442271,0.342465014042333,0.15040507431305,0.320049594097189,0.109357190431445,0.702012106486596,0.970648434606264,0.492335405369638,0.287064509350341,0.375259758339147,0.50341010783019,0.434175295615452,0.306898413527291,0.00100006505066995,0.866088853645837,0.844156351958052,0.783108000969747,0.432739058389212,0.0147964688488282,0.234477747678407,-1.73703143813607,0.441330246024041,NA,NA
1526,2.19613209139736,2.21926348608881,0.0504142199193962,1.8490812420781,0.194945978274951,0.247528446492623,0.113130794576602,0.544151479690452,0.870756000343128,0.922127385343076,0.106794355430524,0.583995818083524,0.0190108796932036,0.210175839734613,0.696767597905709,0.456794585418887,0.671004844471929,0.853098751625628,0.972201113365241,0.192654054353014,0.253491381172091,0.431959488905384,0.164749905758537,0.0647284381045029,0.734145279519027,1.46699414572827,2.23116833842793,NA,NA
1527,0.809331279761985,0.767493528792718,0.0501159653848014,0.276177768251383,0.55571472265377,0.406397800496779,0.0494598276194884,0.163201512104832,0.273977812014055,0.034048874606844,0.283667854464846,0.114109249130008,0.369596307943808,0.245897173641017,0.0590844963071868,0.741312701839837,0.612655219012871,0.739658285441692,0.180539827476838,0.0383595387468813,0.985682570112986,0.330782002980588,0.632200173548074,0.970838029648177,0.794827447961201,-0.81300307382867,1.36535861033144,NA,NA
1528,2.16238982977929,1.14267324703255,0.930589453877831,0.821770337932385,1.14132310678159,0.449835363982478,0.627027634990169,0.124825218493002,0.0600910419583088,0.777901858236524,0.775128284308361,0.0223799936586292,0.626368769366643,0.983760397055186,0.785425429223222,0.795303464770084,0.670027683754568,0.878186830669176,0.833234468925395,0.312629687282257,0.909129398703226,0.775694015049841,0.336962041403749,0.875074674440315,0.196386099459836,-1.41518184608289,3.05872252194766,NA,NA
1529,2.05150010371445,1.89152509417085,0.876858499279503,1.24036679573168,1.08749253900383,0.105849623027141,0.595214973631664,0.643259528888855,0.825426210447215,0.867746252467623,0.828934838210582,0.276348687799182,0.301123943518382,0.558998586281668,0.513778385050246,0.24787259240821,0.215945184078533,0.491123253794387,0.323446840931079,0.370736172122066,0.931288872141042,0.105683340793941,0.711524434787454,0.983403821958462,0.612455462884042,-0.891079414171847,3.37181300563521,NA,NA
1530,3.06690402748736,1.78514903682191,0.977466786907871,1.69350120597202,1.29644516461767,0.964904015960172,0.685873331317911,0.975860173324007,0.821898671334726,0.676809106439934,0.744145113643026,0.835056876139832,0.52107270737947,0.773043057690025,0.850002109829104,0.684459933537873,0.619458536331193,0.487438198538497,0.407634588567307,0.296271633180091,0.594292883048183,0.868580391928786,0.105948342679185,0.168829156662454,0.91056379560777,-0.847484624609707,4.23448703655374,NA,NA
1531,-0.745854788608647,-0.839894309951881,0.073044845311686,-0.537047420481943,0.449739886193517,0.252379615713027,0.315276846306399,0.581166535084951,0.807778939617681,0.0922013528479729,0.992902845986187,0.450411894536112,0.148919719658443,0.262395934591885,0.0744331780488137,0.691663071620045,0.828291228576563,0.831893804503139,0.492968952264287,0.864884732221602,0.413914442142006,0.905595431978581,0.540763704123674,0.247030889316113,0.372650301157497,-1.41852139983238,0.344426558868493,NA,NA
1532,0.186263097546617,-0.661087386197428,0.998845382227819,0.73083722302499,1.39965674110862,0.362563195556635,0.835573825112893,0.983067695545033,0.715675192545983,0.0751879880931228,0.540573018040392,0.111668554024771,0.918053344370914,0.50156484380574,0.447638092532987,0.555725256789243,0.511833847587812,0.0427661112498026,0.933916403006995,0.760405952433124,0.893810971481609,0.0486545067518018,0.53112235062453,0.75460549467185,0.420527676126454,-2.01243958026662,3.4741140263166,NA,NA
1533,0.627415671195417,1.1505736226322,0.899851879873399,2.29933513021632,1.14132310678159,0.438695159710594,0.606920589198475,0.484376786963665,0.397922001964413,0.883028308648034,0.522281766436878,0.489184288161341,0.906298966278206,0.341236361135845,0.276807249341044,0.714099442152889,0.225411213809042,0.13583492957952,0.962698307795334,0.992464952281793,0.561232812366448,0.461655910457135,0.202283462638501,0.63454294764041,0.336316783019225,0.0623829462010468,4.53628731423159,NA,NA
1534,3.61971905138744,2.66243096102735,0.937411609314633,2.98857834723387,1.23263520377092,0.529588032553322,0.6325864556327,0.361545344219659,0.0940218682192499,0.0369920947626233,0.219337658106815,0.863766894762986,0.221718966953922,0.303183932324056,0.528709633759107,0.788673987029004,0.0641108353523305,0.794878365382436,0.373725022766739,0.315801692202454,0.00705873743770644,0.947348138280329,0.917197407204425,0.228746178529807,0.666613931640168,0.572657741766684,5.40449895270106,NA,NA
1535,0.641738988475105,0.61989716869822,0.0502631224500356,0.86849550812329,1.13898314572346,0.539205214648857,0.0904339629550232,0.673817808673251,0.944152659131912,0.10580294875137,0.45977651085332,0.767107221230981,0.86753099522891,0.669453887845157,0.0330229528986383,0.83450456058362,0.933992730101338,0.422286114074872,0.638765162019175,0.938296526186634,0.710319943024428,0.769331935415161,0.14335549097741,0.353639038821566,0.795348775726394,-1.36387043649284,3.10086145273942,NA,NA
1536,0.446484984609675,0.247989487621804,0.197231970271845,0.385611489505965,0.784665457462663,0.884707387317554,0.415197178969393,0.57731300140114,0.133477261048509,0.290638794601546,0.925082420536783,0.269760725438828,0.461536083405255,0.459399910112727,0.112524944094592,0.941159145478625,0.268343280493049,0.960665223787422,0.589083028449328,0.0812422263954068,0.942963092864142,0.6171625040652,0.305491346007213,0.0197314169839956,0.698309192812303,-1.1523045470335,1.92352752604543,NA,NA
1537,3.01674424703668,3.0224426117076,0.0500714204171606,3.37537861787796,0.585677095453349,0.908534174345317,0.0252220850867452,0.537301168246078,0.683430945693632,0.59123297876399,0.12954339749366,0.723903776333435,0.415460828212555,0.300839172097505,0.81028995791357,0.612021875721868,0.418080966791953,0.0392531383489259,0.477626319314004,0.454428936342127,0.909990757475258,0.916540001645917,0.621158260696102,0.607976322519011,0.459767523914226,2.22747260421937,4.52328463153655,NA,NA
1538,0.880457662940527,0.849851877963445,0.0502948482611726,1.04052236288509,0.55571472265377,0.495703065910842,0.0961277003143914,0.18050853248185,0.128609621627606,0.224306730725337,0.540298436266137,0.920405339546502,0.695372214496485,0.281318964442937,0.284323423928581,0.818910131947603,0.00102102286054287,0.305286878477084,0.61084837547096,0.704120846147067,0.31931951395073,0.26294732858229,0.231303861445049,0.109645102857612,0.678430553377024,-0.0486584791949609,2.12970320496515,NA,NA
1539,3.40658936949256,2.61429256437748,0.911830269535402,1.44667210043465,1.23263520377092,0.698360655396711,0.613989731804351,0.866599823890603,0.188477119535673,0.0613398386618355,0.339993495662464,0.406268716429826,0.0534997782990104,0.743179753233795,0.0148316602102714,0.231593090341077,0.340804586678743,0.100191058617202,0.894229190696846,0.865970130752423,0.152477634780924,0.294292874288862,0.463157390152803,0.36449175085465,0.397773241010611,-0.969248505032537,3.86259270590184,NA,NA
1540,-0.232735100069983,-0.33984454810806,0.0639322051949905,-0.636855383281967,1.02847734206258,0.0136107778013684,0.289625758825801,0.400642189928214,0.960300095059676,0.129796203392092,0.801275083732791,0.668902778120595,0.20684151107911,0.0419658466018736,0.219009403511067,0.275892424340243,0.302476268279366,0.656067412854754,0.703831410361454,0.146907945928862,0.90669993160991,0.546549429908744,0.1196031576409,0.238094881587662,0.302002197821508,-2.6526339326401,1.37892316607616,NA,NA
1541,-0.193388074622848,-0.165717055572754,0.0518887352725252,0.20194483863462,0.55571472265377,0.480712949594134,0.189071778693935,0.142209588556085,0.311553483898053,0.499118608508725,0.646670119506773,0.898505730431527,0.504054325492936,0.0120046515411232,0.146127509616665,0.418134723563329,0.262778913094313,0.342806727489107,0.709823995529907,0.963632966146572,0.960220391349983,0.122086809503846,0.70292684333236,0.608077494080295,0.750224269355182,-0.887236003445434,1.29112568071467,NA,NA
1542,0.155703633973163,0.254074861696953,0.992791262647932,-0.534681679037119,1.39965674110862,0.218454437805922,0.743677554607391,0.162880495516351,0.805771073389333,0.374939815689926,0.319328660796746,0.723214123759186,0.738662968673627,0.70023112870811,0.267863692061743,0.488477769170422,0.409534875730635,0.145453447500826,0.465074412337621,0.622227803171729,0.742751477267826,0.554493574343273,0.0963175834184512,0.44107994383527,0.133813170110108,-3.27795848232872,2.20859512425449,NA,NA
1543,3.74103213359512,4.21847719700558,0.962093350062749,3.64639147475676,0.946181165146992,0.980924755978398,0.659030789278913,0.384282531503704,0.303185610987945,0.187545695396489,0.119698589260923,0.0178365593574708,0.346879504538723,0.178358000569744,0.620094508410199,0.72781220458087,0.646614696603385,0.00659808088210411,0.518502638632199,0.676788255946827,0.777767618350103,0.377688078161678,0.414135761638987,0.469327864899416,0.534149183131522,1.79191046821852,5.50087248129501,NA,NA
1544,-2.47637410290164,-2.10348655187155,0.999713758030228,-1.66067624662011,1.14132310678159,0.425149464809336,0.905353920478141,0.570233078705613,0.45534532067494,0.650767115201219,0.799605712044286,0.65623838737153,0.770635543866665,0.29921345339762,0.311528861234314,0.195403744576499,0.35398778743553,0.8632160122348,0.040642701157718,0.800339943157509,0.930869594241958,0.814224689499591,0.57914934012061,0.0751269657124067,0.501981049173395,-3.89762843063538,0.576275937395158,NA,NA
1545,1.86896534252721,1.83862986685197,0.0503615063493218,1.25471402320261,1.18564194102025,0.908220756908297,0.106322147355531,0.62869497082103,0.295550871631131,0.317822875443264,0.872365618107258,0.00359851157956291,0.381371538501699,0.933811648380943,0.385453903542948,0.36405998436315,0.983798766009277,0.0646066769509343,0.728104408923187,0.129706046842155,0.943842253584298,0.0276714214286767,0.551366282208241,0.7123284255279,0.0457963193445466,-1.06910147975724,3.57852952616246,NA,NA
1546,-0.413043832543423,-0.531285987258062,0.57385031362065,-0.626010099300941,1.14132310678159,0.0357783732682001,0.51032076607272,0.865116770181339,0.110373187867808,0.580529895482468,0.411381603311049,0.1929235989179,0.364533115964732,0.868518472274882,0.83539907245303,0.982663184362697,0.788005068591796,0.771521472711582,0.143542810964514,0.503831394524546,0.653108177208807,0.84549526370375,0.128784288879368,0.426429309832281,0.136938313399092,-2.86296228331621,1.61094208471433,NA,NA
1547,0.417391298459639,0.978057489517589,0.999632034868079,1.78392122209155,1.25681324922324,0.955013525284012,0.892792083668057,0.0048427677572472,0.427992610610207,0.723463226061664,0.224789721611305,0.939712991482811,0.389463944550371,0.0916420899080113,0.773772221885854,0.550226588298916,0.0835378234826494,0.242980970951612,0.264125827592565,0.311680644993554,0.71519761224254,0.922466789047583,0.987276955061941,0.618352601807448,0.576908012345433,-0.679387481678772,4.24722992586187,NA,NA
1548,2.90079159783088,3.08801822561885,0.471534972000508,3.46316148364972,0.641754647541246,0.736401565718697,0.488696305670543,0.448173550101928,0.0477290218473645,0.0848546846101526,0.690273795207031,0.700960461419309,0.515537256430834,0.160621635178803,0.842126541635138,0.80309634316212,0.987756244527991,0.87515223079233,0.445874583246536,0.241275409347843,0.384677684775786,0.579171112469048,0.722880161993438,0.308598879133933,0.791129412383423,2.20534548755768,4.72097747974176,NA,NA
1549,4.72115625687486,4.62660590095829,0.138659728580273,3.7852246242944,0.796151467815948,0.805305803823518,0.386315806835075,0.078009548657923,0.430669865394011,0.169987340249121,0.324489270072081,0.555181043575751,0.808237384291482,0.139401731031714,0.264060303951963,0.645316888347268,0.376773985115113,0.166276440541726,0.394022911931621,0.93081205995311,0.348174091213616,0.407350131769083,0.247713962582871,0.383022200542502,0.0921765756781679,2.22479642113644,5.34565282745235,NA,NA
1550,-0.22569560000941,-0.234560067134127,0.0501973298556166,0.64110779676478,0.976880968719343,0.508484270426095,0.0760433598066447,0.913729514285224,0.867883960457286,0.856836287742946,0.493603582181153,0.588762456075638,0.977172504351241,0.239274786946946,0.00423360838030931,0.905461890974198,0.872630391350715,0.0520923423317727,0.735240749362973,0.341953855483676,0.257040953014861,0.133518653832143,0.548169187878026,0.700619167565368,0.702184176138369,-1.27354371910773,2.55575931263729,NA,NA
1551,2.09213771803065,1.99587709447063,0.525402993998191,1.78951669935611,0.680951008628632,0.204650045772316,0.50008484086208,0.421076328964788,0.649445444047917,0.398949752952554,0.220088382566581,0.64833489178482,0.194733974469011,0.947489225458005,0.297725393634057,0.54220258696971,0.946215938644367,0.779088445741567,0.0300096527244896,0.127503886506427,0.260639142103028,0.768368755364791,0.838878949049511,0.644129194543348,0.595521093746764,0.454877247207771,3.12415615150446,NA,NA
1552,0.512889612234742,1.08302567510381,0.319057529197891,1.23555090861927,0.473129353069711,0.120939932784764,0.453572369743721,0.897223599986872,0.65696530078107,0.0587804358387366,0.533850298499456,0.891555785577395,0.880409408651758,0.0656247987940442,0.783274286845932,0.538227859114413,0.187731722579454,0.332330029701232,0.603490133696469,0.316432137727039,0.179022749957279,0.844027781955781,0.951163632467971,0.83654213550291,0.88116034135432,0.308234416573896,2.16286740066464,NA,NA
1553,2.08362302026867,3.20002403960941,0.999914235001662,2.71554202068854,1.22125306711407,0.583962572500808,0.965625800103531,0.0735979413870955,0.709909405153827,0.587089833131409,0.970178889338858,0.296954461642425,0.0366430706852116,0.0849788666163804,0.878598366156686,0.591379645162728,0.157270742940367,0.675183634551708,0.0934699840893736,0.923899123222916,0.908791990712169,0.12694666827796,0.118539344964083,0.552562762639835,0.302955927264411,0.321929993135892,5.10915404824119,NA,NA
1554,-1.69771834593279,-1.56039297900708,0.182873926097244,-1.25471569639309,0.456786674230267,0.0367340155281127,0.409180367919966,0.174586795101175,0.901474964417634,0.23818072364328,0.830813399555744,0.626278393154265,0.128058850608883,0.784164634278975,0.0767792713620001,0.841785303145414,0.456551310339011,0.50096412434883,0.204620921157766,0.52304941833613,0.477179605497979,0.0594054167201975,0.399286801047157,0.568679810072877,0.165322545442497,-2.15000112650224,-0.359430266283939,NA,NA
1555,1.76672289037364,1.71052353575837,0.389105012520434,0.598099387159121,0.502646347146875,0.0321618138017366,0.470569237818825,0.415563808174338,0.693867017462384,0.539743395617115,0.10902079937933,0.692668264606502,0.650454845938832,0.0032177697068546,0.480965632172185,0.518084908137098,0.0904655714349356,0.111199714020244,0.0528005562154576,0.208392815182335,0.352500080976402,0.699276847746922,0.405528612976195,0.266763292090967,0.671629815855646,-0.387069350209371,1.58326812452761,NA,NA
1556,-1.88751600455389,-1.60071283111782,0.663262224145961,-2.40253126742468,0.51700110328822,0.402125213439926,0.529974405102432,0.278019159852294,0.2146119112788,0.458498002751614,0.551568047460052,0.127837259743479,0.422669127251487,0.852134059592267,0.683237474860507,0.208315836946014,0.995323418847402,0.546562854985474,0.347144518276909,0.179609162858687,0.716636190570891,0.135743496409967,0.799999914676999,0.356524349026498,0.266026908776839,-3.41583480983706,-1.38922772501229,NA,NA
1557,1.97304990190807,1.63229736053009,0.751635589923369,1.19090278966355,1.29644516461767,0.770873966209823,0.5519258551721,0.589809220455936,0.919288956378005,0.576131344298949,0.994513634474482,0.112990859966376,0.294986764908303,0.74465949204762,0.26711364306137,0.36860711591458,0.253022582948906,0.134662255225936,0.384144336836413,0.125086776821059,0.452823916519061,0.880220148731722,0.186594865893479,0.0676337652141228,0.334890284890891,-1.35008304091818,3.73188862024528,NA,NA
1558,-1.30287552237197,-0.793948887859677,0.999435105012037,1.07599607675299,1.23263520377092,0.503769041292951,0.871349130427698,0.924605400431086,0.0183953062068904,0.222343714354676,0.125088730272371,0.87919683167804,0.724462327048881,0.820328420787002,0.254515384544036,0.574079089326668,0.196882432194659,0.245920182414469,0.37975480280281,0.0743225790529978,0.255302771424991,0.925278987132478,0.821943643279606,0.406129744977923,0.495647904382786,-1.3399245287142,3.49191668222018,NA,NA
1559,0.410929595404803,0.0365633945625637,0.860331149804506,0.265959668551304,1.22125306711407,0.866415732434602,0.587908436302445,0.440488563661231,0.706489323079702,0.338581225942122,0.192972187288571,0.198232115390827,0.436793157929555,0.243281675183214,0.145145183660323,0.944061178034754,0.724104430296808,0.19345402591629,0.399753883000929,0.290748621662846,0.916280739630456,0.729158685662551,0.75073400097643,0.172726350966957,0.924548826854327,-2.12765235900135,2.65957169610396,NA,NA
1560,2.18797940513076,2.15544798171849,0.0501683982753328,1.92579688498672,0.585677095453349,0.612913988654152,0.068114593687118,0.522250688703498,0.789340864353231,0.713169410203583,0.689661301967804,0.309671089412412,0.278356005391921,0.984255381903844,0.957310386612196,0.842350070852437,0.26987715428113,0.736860097383382,0.405852273249649,0.452122887161211,0.945384663784178,0.837306898991344,0.302672935106559,0.470373935179901,0.820475332415896,0.777890871328128,3.07370289864531,NA,NA
1561,0.279902473191026,-0.609489040274767,0.999389988246561,0.624541496504062,1.29644516461767,0.87159563729947,0.867504835739033,0.744767862590379,0.747396692008711,0.560927420757478,0.536905407508952,0.95118097381643,0.25147129981569,0.341942655378371,0.860597007758101,0.785896626373287,0.258896174731432,0.996881676330697,0.823696324067889,0.859884849982918,0.855881587345386,0.952226752493531,0.116907118938281,0.952060038030963,0.542238542087376,-1.91644433407766,3.16552732708579,NA,NA
1562,-0.871370938462357,-0.751474288623414,0.140297264371372,-0.861507876075241,0.166136453979154,0.095872862000484,0.387326024591224,0.0361257253515068,0.473424308675225,0.732241373244789,0.975798809201224,0.899508154737065,0.308263599604834,0.236733914554003,0.165117362759891,0.21148561624845,0.0655925761188846,0.124429632100044,0.629223217774415,0.736894872616394,0.0146418849645415,0.146452695998014,0.142973150535952,0.846704843364074,0.630424320479855,-1.18712934239358,-0.535886409756903,NA,NA
1563,3.48086401183008,3.52030312416847,0.0500492054268627,3.4274872145779,0.585677095453349,0.716529420937761,0.00659192262263969,0.853954654918402,0.946903567816364,0.5511592288065,0.238422996073496,0.896659977841191,0.116637564650038,0.202269110292429,0.81677885730064,0.9841769171044,0.5611254464339,0.713387295703753,0.879372698371531,0.568707287537633,0.0218688076935941,0.976364287179429,0.224867360661505,0.214545426196884,0.426593831411446,2.2795812009193,4.57539322823649,NA,NA
1564,1.61774659258904,2.15701868234915,0.343859989191645,2.08924695764278,0.91316413501849,0.0471503923342098,0.459836461469298,0.355644939523307,0.333460193892475,0.995562763624708,0.325962376336334,0.281974756687996,0.513428844369948,0.0688805530336686,0.691867139659007,0.152389225805295,0.684343463880243,0.626539921320975,0.416724823543918,0.166899903529324,0.710879238504102,0.653372830425622,0.249026283693849,0.387066917447723,0.93600416442845,0.299478141032872,3.8790157742527,NA,NA
1565,3.77375992715857,3.76973873479269,0.0582969777627754,3.24750244530798,0.699639105057857,0.604493854391971,0.263410068083671,0.0400084786057705,0.289267267517978,0.351486495049321,0.290319632549072,0.86569594508328,0.170364214005065,0.180055091840797,0.995375828484772,0.103645565555315,0.500630116231274,0.674180904807174,0.751189825376146,0.75667409214424,0.269980645781732,0.0447755410181126,0.407516623649281,0.547367219479056,0.331309153430979,1.87623499721875,4.61876989339722,NA,NA
1566,0.924448637412916,0.399331625444719,0.811832821171638,0.547194227715924,1.29644516461767,0.51598868431861,0.569919816002948,0.746931937345886,0.756071101684123,0.370264913375839,0.815941292028874,0.986520873062545,0.534271812644321,0.570618327284348,0.211719336141599,0.963275733997463,0.693484604439349,0.0021373532396974,0.295144815464271,0.368721085048397,0.321715292951791,0.387534005628084,0.598575536452117,0.580219861519639,0.0436257946377154,-1.9937916028658,3.08818005829765,NA,NA
1567,-1.09478337584907,-0.668310615157644,0.984422308915117,-0.430283912784642,1.39965674110862,0.475570777580608,0.70470443274139,0.115406481841928,0.582689148521284,0.0861275207200088,0.320477242180263,0.391132742030197,0.723830149699235,0.143878791945754,0.688912291950197,0.190748596347403,0.660306952629588,0.977191017354024,0.931429882423719,0.120379554430954,0.138958480516449,0.849937484271359,0.866732780337567,0.543445105845458,0.621407009648741,-3.17356071607625,2.31299289050696,NA,NA
1568,2.52703335625078,2.59612126025356,0.0500826332021249,2.17286946765738,0.55571472265377,0.0606748284010682,0.0325140642528422,0.504080141863553,0.00131628883583471,0.18978789469949,0.162486518284422,0.74675067812216,0.589731466469588,0.101341088241083,0.3758323872654,0.342282138079056,0.198823470906471,0.0275548152033007,0.813662961816764,0.497721470130025,0.200238243783242,0.0365424550939351,0.681279178251512,0.422464075517375,0.58483395763475,1.08368862557733,3.26205030973743,NA,NA
1569,-0.39855405816583,-0.304897624216022,0.0527191504879901,0.239174692480041,0.432548611455877,0.984588974799612,0.207336194706033,0.615851062182453,0.529734545492684,0.83761765452195,0.535633225006866,0.905618177867029,0.707511521574459,0.347966533878003,0.647445304012974,0.792181613621418,0.727309997166158,0.141147902120021,0.378328624001821,0.502637895700289,0.807355987697025,0.134242705277866,0.544078745053965,0.323849265943514,0.649436669457937,-0.608605007536287,1.08695439249637,NA,NA
1570,-0.575056929372327,0.768684005698744,0.993191245322606,0.119625997877829,0.85435310721902,0.677392935017822,0.746552991530392,0.363993292130879,0.546178919171449,0.523381807268248,0.4745653722469,0.192301356539247,0.227523650053074,0.733306576239411,0.0510115635413676,0.212571222148254,0.0213972901926609,0.512713288212079,0.973087390550529,0.900560784149915,0.89595250255405,0.312322313607787,0.225763754304382,0.520585101076285,0.933832535459893,-1.55487532235134,1.79412731810699,NA,NA
1571,-2.39911911691467,-1.28249829285259,0.998871490728085,-0.251192433507559,1.39965674110862,0.289132867623819,0.836718792029889,0.392209486724809,0.871573270150693,0.477276941890712,0.423492173817358,0.357907091298024,0.199067690287018,0.715596180564957,0.969327909840038,0.511034939040546,0.126309096946265,0.624712829723489,0.820353804889368,0.513784269470372,0.257660472058458,0.393162856868003,0.946103145750705,0.310936729983659,0.795989174753544,-2.99446923679916,2.49208436978405,NA,NA
1572,0.57491748327838,1.01620040680495,0.973441523166172,0.645881740938559,1.39965674110862,0.236978020839859,0.67743792509567,0.736130885143648,0.947753730703262,0.418111866353545,0.0234734784278553,0.673279199097538,0.586521224795142,0.702306233780808,0.161609502572217,0.814959911072161,0.350102386635845,0.797704951427528,0.0625147227520356,0.949215424638474,0.320268680487759,0.515559795059264,0.765937499480555,0.630172473914106,0.591767924159183,-2.09739506235305,3.38915854423017,NA,NA
1573,-0.489144402645899,-0.489215930917704,0.215706145717786,-0.670133900328737,0.673113491743772,0.135087112635258,0.422271612445475,0.342385555876419,0.750180614439887,0.171735421236954,0.998360830425518,0.540364940891741,0.67858526736137,0.518514394198894,0.482193759525078,0.42422153353563,0.634783773223287,0.293214742321405,0.416450691827689,0.357703283300623,0.104265287440387,0.572064091742155,0.623543418945628,0.439663383382256,0.596570472271065,-1.98941210165453,0.649144300997054,NA,NA
1574,4.77871367557642,4.71167633432341,0.0502978987441162,4.17193962467513,0.529621052224461,0.878192259681178,0.0966425003572367,0.967635165543878,0.498978507666965,0.18276185910299,0.312427078693872,0.199463456602069,0.159903945483966,0.22010589510866,0.427820340953651,0.11027916105662,0.317208439680748,0.351048964480753,0.519539643418975,0.432403826356516,0.35579344886879,0.605893261347432,0.487807651063893,0.200747532997979,0.254811613580678,3.13390143686098,5.20997781248928,NA,NA
1575,1.71683222300847,1.21552533019109,0.334191470828242,1.66423568471952,0.774424526642171,0.654749471057788,0.457432303429116,0.0568320782999508,0.0838128361739218,0.214003184620757,0.422953069224372,0.792280098408461,0.0235265523579437,0.844214235828142,0.0410237424954539,0.954318192878156,0.591523278862354,0.968414432888036,0.870978558845934,0.79423327053315,0.832288138917647,0.356135190741858,0.870533930544043,0.938273391143419,0.183563998393598,0.146391503756388,3.18207986568266,NA,NA
1576,0.209708532858789,-0.687211976784907,0.98114387686468,-0.33896739609458,1.08749253900383,0.445015010425588,0.694978805477964,0.611550681197317,0.829048453937052,0.733688773890841,0.201212080967613,0.670658517771401,0.890509910537163,0.450149568490451,0.831316781041096,0.917690302814008,0.918925834618276,0.827698701494373,0.598107432872173,0.234203173750197,0.83429217275721,0.737455691969371,0.240754274517298,0.885935454541352,0.769029733502073,-2.47041360599811,1.79247881380895,NA,NA
1577,1.74692237096804,2.07956202583929,0.225218636870979,2.4386090007911,0.388045876294379,0.262963590489351,0.425672683510929,0.27598967004579,0.109831806038041,0.8417087014399,0.547199362928513,0.368878648041631,0.240632014465518,0.498787886830047,0.881064792524208,0.860881844520452,0.273484672996798,0.975000576307299,0.391032660463941,0.392287968866061,0.292819755037897,0.663176040841499,0.348946155531215,0.0708920713478001,0.56329605377384,1.67805305890483,3.19916494267737,NA,NA
1578,1.01720495823794,0.435870171380318,0.987839574906749,1.69565991621985,1.23263520377092,0.55830175011605,0.717269603562076,0.0786898098296951,0.13885201095778,0.227952884761035,0.20349352968263,0.683766988328076,0.490623056969838,0.354286669938359,0.688106732649379,0.772288746814244,0.359223128910991,0.573717351684696,0.332122550718021,0.821647660049261,0.182448024352547,0.567162982878275,0.472298321735929,0.191423897939734,0.309303753841436,-0.720260689247337,4.11158052168704,NA,NA
1579,3.35393911011553,3.28960471901079,0.0787398668810467,2.84867660408366,0.915428444450229,0.928205189062282,0.326627140302327,0.780709296735586,0.119919909235323,0.102191224123351,0.752718792831642,0.92456264753337,0.206149248501053,0.882520280180965,0.662492757042521,0.27800929570524,0.069576641196385,0.937069165890571,0.562312604965642,0.94305860042118,0.688583465472795,0.210649721481255,0.248380481062108,0.0951159894308075,0.510711774595082,1.05446982253768,4.64288338562963,NA,NA
1580,-0.470059703351547,-0.59765156267813,0.934393008604089,-1.58665578676285,1.39965674110862,0.205372212427668,0.630060963864089,0.203134868319496,0.469949080202496,0.161936684632092,0.798005110584432,0.849610942465137,0.0169655554960482,0.125234871781548,0.285058869575034,0.0668051924572792,0.28906386501831,0.207585945703322,0.803873447277583,0.845786880290485,0.718827263544197,0.478698617974296,0.547765776276472,0.910324013826903,0.175690206192667,-4.32993259005446,1.15662101652875,NA,NA
1581,0.904176463039137,1.04021009029461,0.991417435346526,1.03087053195926,1.08749253900383,0.41959895360982,0.734882693497813,0.823951613631798,0.579868129662238,0.531253495331272,0.191808236987446,0.560255050805863,0.388285437556449,0.521791036615265,0.114623788461089,0.584634896083619,0.889788337786566,0.953373877646169,0.481009882290266,0.173778338553035,0.0922478010896593,0.531729887094232,0.736212481491501,0.259795442017377,0.131410832228605,-1.10057567794426,3.16231674186279,NA,NA
1582,0.413721511126246,-0.838278088097858,0.999283493150109,-0.470579079942014,0.786490261967677,0.143129035427584,0.859453747692052,0.538779391867691,0.626505265282234,0.79390405395336,0.830015982904006,0.341242822003085,0.0503562466409057,0.577611816976569,0.486976304395124,0.00137454794254154,0.242560879344121,0.280438761476078,0.0493696242852602,0.496708675062284,0.564573365400895,0.641026612009271,0.458349534932757,0.797613207041635,0.598080563885509,-2.01207166759013,1.0709135077061,NA,NA
1583,1.76956799272261,1.71481227828457,0.267211996420064,1.14828334649063,0.585677095453349,0.890555501188966,0.439200868805288,0.712561407949659,0.870297698699287,0.0370294987984234,0.971723046974395,0.734663162647164,0.190861848500906,0.373539635639405,0.0151630136193708,0.316903600937105,0.629976844490273,0.0996807115240954,0.52785189837974,0.515130099834292,0.485291706533986,0.720152002246468,0.519390005834284,0.757532834926038,0.922686311196536,0.000377332832034227,2.29618936014922,NA,NA
1584,-0.0543245650074031,-1.25558935588325,0.984196109958556,-0.61493215619538,1.14132310678159,0.16161914044898,0.703971513457014,0.324147229809314,0.562376543578692,0.870740195740946,0.591539961901843,0.719138058836572,0.916895429068478,0.610450580993202,0.341372746580048,0.967303348315647,0.393097560839844,0.657594382234034,0.655816459469148,0.0651419952996075,0.340545171489357,0.928613449060591,0.65817091143399,0.789628911831649,0.79235661329946,-2.85188434021065,1.62202002781989,NA,NA
1585,-1.72741307465944,-1.23945625478765,0.966236476433126,-1.36548942024856,1.39965674110862,0.103390219880152,0.665044672903139,0.058502600323176,0.842470181558863,0.102871926061576,0.361114189055748,0.791130105285905,0.0716098877654877,0.981201070253039,0.976337542149704,0.775922193989274,0.787084294177126,0.603231482290663,0.50168064627971,0.160915078470833,0.24003448199539,0.322571241807425,0.74520762927155,0.69803140873136,0.583492089302628,-4.10876622354017,1.37778738304304,NA,NA
1586,1.9331294266071,0.604822255466518,0.921796821410672,1.50616979644377,0.786490261967677,0.119224766530213,0.62056230500713,0.164557571594021,0.226779342137044,0.771662159717525,0.836854013602016,0.568621697813505,0.0400597596614389,0.58684322792606,0.780680923836539,0.147683131179307,0.84399477899936,0.930517804226838,0.160134515788872,0.935440719319042,0.747479868203402,0.869978568446008,0.619503392412327,0.609056525070453,0.832789703969262,-0.0353227912043479,3.04766238409189,NA,NA
1587,1.79979091719279,2.37323622013821,0.917633081369439,1.01213131922618,1.22125306711407,0.690302587944781,0.617729251230019,0.0598758408267749,0.732357879846822,0.738193776427419,0.477025487728301,0.0875790605414659,0.942194223022438,0.853172312396811,0.865599211350898,0.174590534460265,0.871597866295371,0.623730306588113,0.0985094505164307,0.928587665687432,0.166532289851923,0.283367240687599,0.152729261446511,0.0339937305839267,0.628560944994097,-1.38148070832647,3.40574334677884,NA,NA
1588,3.81046491361384,3.83776061401283,0.0500852460008665,3.6376632747435,0.766405590093036,0.779579366440768,0.0340706838744227,0.165657993579982,0.65563424928498,0.0787963396245614,0.705379047089606,0.811476444595959,0.307701820619521,0.262696703200927,0.906372138972045,0.288256186422426,0.257917835232802,0.312541589632048,0.665617737829103,0.734232348666992,0.949575450595585,0.812641790471272,0.27276747565344,0.954931104632909,0.517580068267183,2.13553592061098,5.13979062887601,NA,NA
1589,-0.939936342993181,-1.52966422616643,0.970681053433527,-1.49916266427028,0.786490261967677,0.1898221859287,0.672343986205524,0.0397520202893065,0.738574005187256,0.590026503946399,0.271391005739803,0.392303835018189,0.0687260575704277,0.827946329421713,0.873602691184613,0.233851976685575,0.122414241592633,0.219413444167702,0.891699671382201,0.698538932393771,0.0819178006640868,0.547459260711912,0.00483916461968329,0.237433850246714,0.710294674143428,-3.0406552519184,0.0423299233778365,NA,NA
1590,-0.0130618188450229,0.50238552704165,0.96251871823964,-0.191464456813328,1.39965674110862,0.499697038893937,0.659618347154232,0.137203718654113,0.288599159075413,0.0596269713839283,0.911996044996893,0.0410842177914456,0.850978181431536,0.788371398366755,0.692037293776521,0.318998401771532,0.791120822918252,0.257231551497825,0.284344057321083,0.137336670933408,0.259255943158292,0.493787244182196,0.26103239912854,0.0922545252956916,0.896127270587487,-2.93474126010493,2.55181234647828,NA,NA
1591,-1.39413201760141,-1.36186455843585,0.0505331359519922,-1.0757094976235,0.456786674230267,0.277393261390273,0.125756027536816,0.111554593055625,0.922005779477302,0.182143925552955,0.586055020075059,0.254418632086599,0.685252688042703,0.596669015320484,0.678099557272973,0.944849643930444,0.506283012546366,0.924788567597978,0.946834441683954,0.0280593457993818,0.141377881705877,0.419690033738036,0.277398150012014,0.286871247894829,0.693964586209739,-1.97099492773265,-0.180424067514348,NA,NA
1592,0.30901026742608,0.290923883734382,0.0518110864370409,-0.195251447373738,0.85435310721902,0.80719259122177,0.186968657417572,0.401089042836684,0.502910924142576,0.485442328487872,0.413113797303988,0.955433401970309,0.999419910058961,0.614833257662714,0.567701029106509,0.701377000738052,0.0881069994517602,0.744769711218658,0.331385158835212,0.270839301214088,0.658334832408815,0.131113809152739,0.773474356012302,0.523853470607079,0.21705005473108,-1.8697527676029,1.47924987285543,NA,NA
1593,3.84513302838433,4.12712358959661,0.725971468651385,4.02288122962877,0.432959544995047,0.736706818674109,0.545145931951935,0.436991579945432,0.0687955977653619,0.851829433142324,0.198617262426647,0.510681661109207,0.498292875648476,0.206687697577989,0.308582693928154,0.201476325455587,0.792004497895483,0.220375809882302,0.845981270415476,0.643963582774159,0.283119705881574,0.66475235601957,0.391724506022409,0.756402340422152,0.127846076891175,3.17429611467563,4.87146634458191,NA,NA
1594,2.30921929330346,2.25354172286992,0.0553331466343432,2.35520935895028,0.742778184131031,0.740253526812186,0.24115545488405,0.212052471497795,0.177763101754128,0.545187249490875,0.814295057521202,0.693121701402357,0.762773344346089,0.0692122811309528,0.179853972494719,0.0766165652519558,0.231190116166137,0.685057300251909,0.0960951085166307,0.0838479110314511,0.4015840527541,0.654904888326302,0.888471009630826,0.189532803781796,0.0800834419321036,0.8993908695514,3.81102784834916,NA,NA
1595,2.71824144360676,3.68256178708667,0.99970306819292,3.16449512642493,1.29644516461767,0.752503865143517,0.903520107413759,0.483660319871153,0.880725820222753,0.426953967439709,0.281494650242617,0.0206586502026767,0.649115192024852,0.277854028480127,0.220493685770547,0.843455786639475,0.0668537801457569,0.197063912640559,0.280174049214926,0.898758787146537,0.663047824510722,0.881496265719878,0.37151437098498,0.649846823024564,0.484092858340824,0.623509295843206,5.70548095700666,NA,NA
1596,3.8726003948909,3.77628966606005,0.0526777321779847,3.0582730846246,0.808477122445737,0.737926622134633,0.206566544741043,0.360691265716683,0.971707036993117,0.222950568650966,0.60727824963571,0.645607702959329,0.049426540049375,0.612573267109692,0.0588404139861232,0.491867661059136,0.224204070388922,0.107471519541927,0.18031165257527,0.0186000294189434,0.42999984266609,0.230960023863125,0.392290895875543,0.00739093313599005,0.899916971084895,1.47368704230637,4.64285912694282,NA,NA
1597,0.316885283499014,-0.130270342115629,0.999918288824681,-1.03179239517114,1.39965674110862,0.447106172834872,0.968047023539897,0.157342585542938,0.603531313934946,0.183703083110973,0.435091211684514,0.0942825294747017,0.469271338496008,0.741149147021701,0.00154503225942608,0.698633693147451,0.514645216386532,0.570425073262304,0.752560344784171,0.131519467653939,0.339421218557283,0.58315060572396,0.431008105211426,0.899233573701116,0.909165671569644,-3.77506919846275,1.71148440812046,NA,NA
1598,-1.65578564188162,-1.84192877395898,0.1430712618773,-1.3291520066125,0.194945978274951,0.137110602281871,0.389000534702442,0.888517054927302,0.987128185520065,0.891292958765291,0.822550150925294,0.226272936965455,0.824080649721785,0.209139488547225,0.203813180739991,0.427380782785593,0.129031992453849,0.138278362104902,0.281326919554151,0.746447080409387,0.908380291477544,0.858660146814305,0.155116672653472,0.220373925604043,0.421005445716553,-1.71123910296233,-0.947064910262668,NA,NA
1599,1.87991671707282,2.00670428124614,0.100154455375046,2.0386489891959,0.456786674230267,0.388539659018745,0.355644210996339,0.213317629345576,0.457168780848268,0.384533477124176,0.876335877348203,0.493582391508273,0.0427346062944271,0.514688658257481,0.0976402671159012,0.562808406192809,0.713660669064382,0.8510139161892,0.606373105400125,0.0637876832641196,0.809333425906603,0.431470464207116,0.741928391378489,0.0941452199289342,0.0472973795844009,1.14336355908674,2.93393441930505,NA,NA
1600,1.60390247118246,1.61941191893265,0.0501055284262635,1.33838601883594,0.782269288438122,0.476616825275356,0.0447437092512846,0.372858434697846,0.746504911268596,0.469738170289434,0.397412597725051,0.0948802782221464,0.755999803716666,0.711263702247175,0.109265414913534,0.607350589207024,0.00992486212344374,0.716598759195302,0.19030839368212,0.343406075451756,0.99000166448066,0.248040900258813,0.521884938238421,0.499405804816517,0.226540850346792,-0.194833612714556,2.87160565038643,NA,NA
1601,0.341431326390851,0.239433062012565,0.978809123799807,0.0715967909903609,1.22125306711407,0.944316960682045,0.689016626621014,0.34593299275171,0.703790809539845,0.515856104908395,0.754176758893533,0.718573980235262,0.33240760319517,0.644776512752287,0.299446683165268,0.0640030707459664,0.552377272872487,0.238624927936122,0.745455888777855,0.978200173742487,0.606633140029269,0.00988882987317629,0.283302362753195,0.249805462330114,0.995753619188326,-2.32201523656229,2.46520881854301,NA,NA
1602,2.72690225010389,2.5930272837835,0.470523913183651,0.644392523244091,0.795553950915491,0.723678370078909,0.488480667202268,0.525763744980097,0.0220254374189535,0.385210682248231,0.127609564370709,0.747202506514965,0.0793433710839599,0.453212288148934,0.292914333212189,0.189672341582715,0.615060904778307,0.103851314572617,0.684738863930921,0.274640393042588,0.672219952357002,0.798056397246546,0.901680322537548,0.472372718773782,0.0403805718326475,-0.914864568308817,2.203649614797,NA,NA
1603,-1.46281573158564,-1.63757640768161,0.780040138943613,-0.913941503409334,0.55571472265377,0.413963575286558,0.55998272187612,0.218582612428349,0.271185733799124,0.138885248543462,0.56556610261905,0.765571349698585,0.894162990054581,0.773818135467358,0.216062808182789,0.344690898298519,0.595120116810896,0.943939677554299,0.806248273035744,0.998678998560412,0.371131206633756,0.216514610328712,0.0379735129291657,0.798183648490463,0.606386948648375,-2.00312234548939,0.175239338670719,NA,NA
1604,2.00217341782621,2.03630668825744,0.0500570722633997,1.83191169492579,1.0527005215006,0.366039737732848,0.0140080529059051,0.151371950472938,0.0588287902745651,0.50961376516521,0.494068950948888,0.0430970305625815,0.00567889516637661,0.410483566764626,0.468569076051237,0.609761893841205,0.87484419726138,0.665803912327508,0.942871228251606,0.993261339893215,0.0459916947993916,0.713660736486199,0.307054991776356,0.351112459323602,0.140259916200768,-0.231343413721919,3.8951668035735,NA,NA
1605,0.715142757233959,0.824436906585416,0.805364124731143,0.176732244248213,1.08749253900383,0.301909703776008,0.56780347053695,0.624854176240624,0.963322492358508,0.571360296030645,0.228606545450632,0.611642662828439,0.655635418681195,0.31798718907265,0.695031203893363,0.0946156096647028,0.873032711075968,0.184196103909286,0.0282484835769283,0.314301466387231,0.125836792352144,0.203935677082161,0.718964606555412,0.247894888312905,0.222594789857976,-1.95471396565531,2.30817845415174,NA,NA
1606,-1.36039757966306,0.172614795692235,0.999825172508962,-0.363494062025363,1.39965674110862,0.481298352961661,0.930011674773181,0.122856863481458,0.314717671023565,0.0716567461225204,0.15227304797282,0.309053531010519,0.302568787859404,0.472060961358016,0.875895838135038,0.563985573101323,0.539146343123284,0.562287171163247,0.453783559062984,0.773909347137203,0.415821859277319,0.289362898204708,0.619414948050631,0.0816300517502241,0.403532297711819,-3.10677086531697,2.37978274126624,NA,NA
1607,3.10792564680624,3.64554027239816,0.99797762026907,2.76607685592894,1.22125306711407,0.655763479981921,0.807502799601527,0.146216324881301,0.843883260901086,0.565212184624514,0.0938077513946919,0.0620035379707115,0.196753038709634,0.139858374466072,0.589970721100923,0.622214808619814,0.439036187076592,0.705037309583044,0.791721389128128,0.358106628192123,0.328722462820238,0.553297427229583,0.890993384933681,0.360013380433898,0.748288399761543,0.372464828376285,5.15968888348159,NA,NA
1608,0.37258245093915,0.324638280794701,0.0827918058790169,0.82920091346903,0.456786674230267,0.260413873850834,0.333442208931549,0.178935082930489,0.798199977778597,0.434388099339092,0.431373539687833,0.801125404373277,0.563185866340529,0.212880044538528,0.153008706161054,0.721058063318836,0.0577054313204717,0.787887454995303,0.584936568241683,0.809927628101781,0.318060965427198,0.349292607962969,0.843221939946641,0.921538698188961,0.636129433733178,-0.0660845166401225,1.72448634357818,NA,NA
1609,2.37147212277738,2.33325869680461,0.0538283569753734,1.97257435455568,0.825525751289147,0.362061610095785,0.224500586478738,0.0909107028312283,0.316406105056405,0.884469806256937,0.957143326366437,0.0447482168636052,0.621881817477057,0.727792289397446,0.480196249142871,0.973530044199317,0.746303487030906,0.978000497588888,0.0331685452248203,0.0584105639357585,0.0716053033685312,0.148402999464539,0.106869099302683,0.461765028740978,0.121531972983503,0.35457361371858,3.59057509539277,NA,NA
1610,4.6982399982623,3.55428682932168,0.94267045800764,3.64210325548474,0.85435310721902,0.68862450139143,0.63727007134317,0.632364107314148,0.616539134107414,0.580469884036109,0.782426628593355,0.605290232920088,0.54218061268481,0.207492689157953,0.512229375773924,0.250241144541884,0.401977306121844,0.13158534546243,0.984914063848788,0.2523896576158,0.848856644438114,0.422422127685975,0.54886489241547,0.721146455357666,0.997340653213556,1.96760193525557,5.3166045757139,NA,NA
1611,0.315725659201972,-0.501786577997543,0.583673366332089,-0.71264268040494,0.51700110328822,0.00135304944845848,0.512415692450944,0.819413697048673,0.0824767169931438,0.121839563085698,0.29714178611245,0.751576612400939,0.222782955714967,0.962832969358074,0.685661094726645,0.460830088666989,0.883818745029508,0.0880278873472707,0.223334324854426,0.811913892171695,0.36276702447643,0.645142280226806,0.15180591774662,0.391388800101588,0.308228708760813,-1.72594622281732,0.300660862007443,NA,NA
1612,2.80143684058699,2.48760103954846,0.992062066679642,2.20817054465344,1.29644516461767,0.992634477196843,0.738820910316543,0.877286062240833,0.882427488677669,0.476441237826482,0.220978083538706,0.35000998467498,0.862758748289198,0.268629755315836,0.317227089932072,0.638369692248641,0.541058967235731,0.317541244786698,0.59167080966488,0.925908671440207,0.583122081948793,0.930336842857767,0.886154539779876,0.635183812643401,0.641220626495779,-0.33281528592829,4.74915637523516,NA,NA
1613,1.03132489402574,0.977523727244611,0.104079464140382,0.677207057666152,0.434718059703836,0.551296511337161,0.359630140082678,0.546557640800951,0.550988514592755,0.934552232683287,0.696742147318786,0.12578543364862,0.0648313560311217,0.8857088773055,0.450457372619072,0.151886092149769,0.176992869509035,0.977902084420319,0.680503599927062,0.426980011344771,0.078670540187275,0.769984447240131,0.68066552456806,0.772760067854891,0.907337035827804,-0.1748246827825,1.5292387981148,NA,NA
1614,2.00264647382104,1.85370933769684,0.999854197630946,2.45642930453095,1.23263520377092,0.997888012337848,0.93909058537602,0.28627765822818,0.59374670296954,0.126381962214713,0.582925908386707,0.361518635581946,0.796988027333631,0.0775057950153714,0.377563440458849,0.219668811226962,0.76067776264227,0.173203994745738,0.177742289857357,0.826035510599497,0.582404794345028,0.526555546806776,0.0318592574165668,0.420647191439755,0.932212406699895,0.0405086990637615,4.87234990999814,NA,NA
1615,4.86088652140122,3.75654142614535,0.999866582987652,2.02282996580083,1.23263520377092,0.575466993242153,0.943529858028051,0.538464554812177,0.00471765770332422,0.229156495839008,0.322432068404043,0.525082101330976,0.0958294754520757,0.42270813332242,0.0085780651345849,0.919380264057778,0.713468547366094,0.62036236382823,0.947043957184185,0.320868824810372,0.878522154500592,0.250055071507348,0.494740841004881,0.440616027549258,0.0656517627383582,-0.393090639666364,4.43875057126801,NA,NA
1616,3.00739980558458,3.93027766271156,0.963137882447524,1.74349506360992,1.25681324922324,0.731198785941699,0.660485124569037,0.640499781327322,0.0502131875036284,0.668508203310077,0.594458046203712,0.838879200515803,0.191308020655648,0.836320619101287,0.790107790540671,0.709144548340235,0.34546987690567,0.0698725916807307,0.469308365607052,0.729076767687919,0.104664404339739,0.0914152370311785,0.388649730900186,0.0580006547931116,0.967985541969538,-0.719813640160397,4.20680376738025,NA,NA
1617,-0.425733464648119,-0.432882866906715,0.0501595180188675,-0.141969477558232,0.456786674230267,0.127164089313359,0.0654053775513312,0.0198320784594398,0.680724837629125,0.0170317632009974,0.42929485944286,0.806309478945332,0.820678140687756,0.881168406596174,0.230348850822891,0.598724072300596,0.990579465663526,0.782047156047775,0.0812630424187519,0.388655399499228,0.108611270413501,0.820056639956892,0.822366957263323,0.479889116726699,0.49616821195872,-1.03725490766738,0.753315952550921,NA,NA
1618,0.491074078574526,0.481151642935211,0.0505863784081089,1.05076612181897,0.442101671374449,0.657020516543183,0.130518274811096,0.0582976807045052,0.481671967383823,0.893979171742569,0.637876964670489,0.653432018782711,0.679149870314286,0.879197514124797,0.0504226702838205,0.213599460062105,0.264716017014114,0.212941035407828,0.878146080784616,0.138826477713883,0.872120025256067,0.368011831252952,0.697993469470995,0.252075350943371,0.470515511600534,0.184262768420088,1.91726947521785,NA,NA
1619,1.41759817228863,1.74441701798871,0.99876668748979,1.55426730726217,1.14132310678159,0.126962996906834,0.832272963512572,0.246504344201647,0.142565927956486,0.831477093909052,0.164078775297152,0.907780525787268,0.746222284903284,0.0733149785476271,0.0351394061822211,0.90260615423799,0.496995348416385,0.636365229916642,0.905418680530041,0.97416790310014,0.792333893921808,0.715254137387499,0.204478740047198,0.735850465880707,0.374944922614843,-0.682684876753096,3.79121949127745,NA,NA
1620,-1.15417169215646,-0.35532073219858,0.946071984963872,0.323423223077022,1.22125306711407,0.659957901649293,0.640518532386981,0.367124371812795,0.726908482710016,0.914725716922083,0.710060392662417,0.963035456167301,0.643622417673352,0.386297656045761,0.0473286248279037,0.454580374281271,0.0380667650147807,0.393297437747009,0.311671560098999,0.544498738962808,0.228073753317469,0.790879954212229,0.639992866300046,0.868054849164793,0.865317218634649,-2.07018880447563,2.71703525062967,NA,NA
1621,3.09255530382078,3.21003462216977,0.965530390941602,3.16119918702127,1.23263520377092,0.957794481848949,0.663971276030294,0.929508792468347,0.495354260061285,0.0224954263227992,0.143841287803953,0.424941781510366,0.432991834953893,0.557291446742369,0.0929799545612186,0.262497968145064,0.818937365702703,0.99127731569449,0.994822711102199,0.322114016682142,0.465376588057727,0.802297226692433,0.210287984584225,0.289084880541661,0.838605748248636,0.745278581554085,5.57711979248846,NA,NA
1622,-1.74247868769116,-0.951822952653187,0.999911256001636,-0.770135539121763,1.08749253900383,0.149106707658502,0.963918402123614,0.242556200589868,0.993647806837573,0.624119375289069,0.0607343581459718,0.28530153021263,0.482811707663001,0.00162918343045749,0.745334105053917,0.0224458003155887,0.776079659246607,0.47189946477348,0.626355215770658,0.956465561599354,0.230217901919503,0.872249596811132,0.235216007710434,0.872737007600022,0.0826643137976062,-2.90158174902529,1.36131067078176,NA,NA
1623,-2.44684419887504,-2.4893835870008,0.341214858936857,-2.48418002200661,0.194945978274951,0.272899913548608,0.459183194904472,0.825389469871647,0.905362432709662,0.983202345543192,0.374465199499507,0.702167775301146,0.800957845203346,0.606694436142454,0.934772483996698,0.287860454051639,0.420729390515597,0.612836144306581,0.718885014012922,0.529128827957204,0.235746024041553,0.806992157141096,0.831369002858759,0.338030459464411,0.822460514750797,-2.86626711835644,-2.10209292565678,NA,NA
1624,-0.13343514698595,-0.819497141390005,0.985985355630686,-0.418829726177996,1.14132310678159,0.0969612805176294,0.710074851068552,0.117198846658343,0.201048024564399,0.538140748697566,0.0483359935962362,0.0309879818074405,0.696932261365117,0.909374073255691,0.39806361566647,0.449431565491366,0.456264174768934,0.377617456176202,0.722854973945534,0.538900219239644,0.746699944617343,0.823863824882195,0.728177316226647,0.0688822877771454,0.537840759322047,-2.65578191019327,1.81812245783728,NA,NA
1625,1.71112511329841,2.08607529742392,0.473718962433797,1.77268208173583,0.541247914283329,0.991393487191759,0.489161752450629,0.0560930398016935,0.369030669899657,0.11592291368614,0.398053392887115,0.0321199435889721,0.790990417873254,0.91482343606127,0.430822554302169,0.0803119277229998,0.918337007847498,0.91546828179562,0.777750341966748,0.334950984043302,0.0648764285193756,0.78821188847872,0.995924254479352,0.708907812172547,0.519296178143006,0.711855663033088,2.83350850043858,NA,NA
1626,2.26291485142514,2.25538630326891,0.0519878523934034,1.82012966096393,0.738630610076959,0.86383634812152,0.191634377029142,0.622441414429224,0.32078440306324,0.494397255715448,0.431997803927632,0.135539583685575,0.454072348600836,0.683310536578065,0.342747250223882,0.976357374723535,0.594564532631659,0.703998681527679,0.0777472335371422,0.223504247291945,0.603019139342592,0.522112084305496,0.784065493315924,0.565420420945389,0.830500338298269,0.372440267334245,3.26781905459362,NA,NA
1627,-1.23064901408707,-1.38122829167349,0.653196547276713,-1.4623460565292,1.14132310678159,0.44089940736047,0.527674244593014,0.614572430661297,0.0457780979586532,0.957579887953354,0.22296612736769,0.773388284907909,0.222428933955147,0.318965662242961,0.501445692217327,0.206407156024245,0.707512821806944,0.112484639717382,0.39228525814577,0.473335590838571,0.882821906951955,0.163097920246888,0.506133123804699,0.197208607630222,0.430398302473826,-3.69929824054447,0.77460612748607,NA,NA
1628,-0.626609697784123,0.406600053719237,0.563755551304016,0.806259056914124,0.473129353069711,0.226407160141738,0.508177241141326,0.948810513773584,0.838808519194252,0.23440779990342,0.722703330528457,0.541407288810238,0.705459351354511,0.690471777098952,0.736134809975862,0.37048213455244,0.158481615713332,0.664369592391187,0.65054621371103,0.826515369449393,0.997288131213048,0.35794856286014,0.490320242451155,0.454366353508434,0.836821594403707,-0.121057435131245,1.73357554895949,NA,NA
1629,4.01650007941251,3.16336827990014,0.998461300109187,3.06745080974205,1.23263520377092,0.847055925242137,0.821195157713606,0.402638550992822,0.238831399047514,0.235224599800538,0.656449985947111,0.634614202345605,0.588845472691581,0.457087935364223,0.481623444819939,0.743851027756813,0.282375817290624,0.0909106934367446,0.736797517680679,0.904401250383933,0.354845336964237,0.630217221258907,0.237274830940762,0.275826458615134,0.808463346863398,0.651530204274863,5.48337141520924,NA,NA
1630,3.35200222014206,3.36006755105126,0.0508406181365337,3.26342655436374,0.585677095453349,0.590905232182122,0.148540274368948,0.551357564669685,0.664930434776703,0.0883574317703023,0.670569874812849,0.545764500982244,0.908328459627577,0.308872068359749,0.343744319183286,0.585639626651304,0.428966459691874,0.14361096408451,0.917431697188062,0.100465476468089,0.896649110548897,0.447724189000437,0.175090923602576,0.551885558575857,0.982313583395327,2.11552054070515,4.41133256802233,NA,NA
1631,0.653599336524346,1.104264228158,0.990695836117562,1.92516503760692,1.23263520377092,0.666289332683547,0.730807891167467,0.312733187718899,0.0217857928456506,0.303246267265058,0.443511798265856,0.338221274287556,0.788358322898741,0.583133396948688,0.386844494858989,0.738246788729448,0.731116134444135,0.0681775250822538,0.320527521113632,0.547314753187587,0.510536555162864,0.424694310455117,0.633144427429303,0.93103300891188,0.0315065958019113,-0.49075556786027,4.34108564307411,NA,NA
1632,1.29218093677146,1.30320895822739,0.0605558166920638,1.29161510400612,0.585677095453349,0.73000382061617,0.275569432358956,0.880786754668341,0.654075035617105,0.245705142887193,0.0338355923886411,0.942529953447171,0.463509002547362,0.622649913418223,0.192578745181439,0.244405538668158,0.564037198585458,0.972778497420019,0.87254074514145,0.831073941851151,0.688061226948397,0.747873402245808,0.69393824681174,0.345917661534389,0.0997898579508765,0.143709090347534,2.43952111766472,NA,NA
1633,1.52662373087228,1.57715458708566,0.0511424646352766,1.86406461588125,0.53848685960978,0.512162487392547,0.163896461147815,0.108562178899185,0.463308695944492,0.0198578866951866,0.663347470580367,0.218037103733397,0.658560406524222,0.328106297231861,0.49099119069241,0.600380500817089,0.396104624207597,0.113903751944774,0.138073451388627,0.631665412518079,0.223473908491549,0.862385888057062,0.259856262102607,0.387772955386085,0.169119232214289,0.808649764898009,2.9194794668645,NA,NA
1634,3.77832651015091,2.3380368760098,0.908594171835504,1.50524120051791,1.39965674110862,0.48862699158967,0.611999356293934,0.841782013631077,0.224268361433758,0.28941055671114,0.468477093384252,0.694774669726496,0.176330199052696,0.831200232614065,0.549946823129547,0.0782212998025352,0.694201497119968,0.723086058174726,0.671128439327353,0.554933948921389,0.142558974207263,0.534114519157563,0.70398291201354,0.256051902140491,0.622130363654112,-1.23803560277369,4.24851800380952,NA,NA
1635,0.113372341684237,1.05573532927441,0.926404693748358,0.857055711581246,1.25681324922324,0.518050520704477,0.623862335673766,0.620997992348741,0.435833861848922,0.656830381033244,0.985957073731115,0.899467054357054,0.766878351467079,0.26515801524173,0.81445647986047,0.601660258762888,0.14588685041701,0.400810054766247,0.302870935707004,0.412182137429831,0.82528259766486,0.24688867729099,0.311381248236517,0.111789026931976,0.522605436364072,-1.60625299218908,3.32036441535157,NA,NA
1636,-1.3219648575393,-2.14537886434034,0.643239197002405,-1.85914967847807,0.51700110328822,0.448895916128764,0.525426607384579,0.903289811862865,0.0312516515820753,0.0680104407186154,0.896143253923394,0.469592147728661,0.45886030904355,0.124073363306234,0.799317597274086,0.984824391083675,0.973831329953275,0.327472800698597,0.859862950079492,0.443845492883585,0.995430736826151,0.110566757457331,0.591602572101518,0.778560589788249,0.625714226817014,-2.87245322089046,-0.845846136065691,NA,NA
1637,-0.623280439057861,-0.586055036917722,0.0530231942357999,0.48988469715623,0.428335357190611,0.517295325877378,0.212651968291961,0.921142322335741,0.299504726471496,0.924255067217629,0.301943769704434,0.0824609719209839,0.951655387657927,0.0668131951455725,0.971724864233867,0.72448097335489,0.372367176737636,0.335276876040851,0.00506285352027044,0.955056524860556,0.640093444011989,0.935809807261685,0.00507612270687241,0.1447328733186,0.725446941085043,-0.349637176242467,1.32940657055493,NA,NA
1638,-0.150989537011469,-0.23592161165513,0.0501017144399769,0.194158768416567,0.678201357123853,0.717309427706874,0.0429029544484802,0.346116432545125,0.952368314667023,0.0290833188281395,0.89304132941959,0.977796814961475,0.385792386127869,0.307222936035949,0.308169973192853,0.863459230500623,0.701082824574667,0.511085066559259,0.114788036612328,0.83261374885682,0.579185579424724,0.754822326395195,0.223378552717739,0.97743440547015,0.744383489058935,-1.13509146581237,1.52340900264551,NA,NA
1639,1.10010207980811,1.8892104614572,0.999216922476331,1.81209787354463,0.786490261967677,0.0175550278240116,0.855008046596195,0.928028489197837,0.448878363148659,0.562114924552501,0.672761058153352,0.532808780246414,0.0262608258832479,0.825532886271598,0.0773144999037031,0.186518605109537,0.365909886294045,0.0452837937801378,0.958788840780733,0.119507626661332,0.720812378174043,0.405021090570837,0.191256352376193,0.601794411352719,0.70172725621576,0.270605285896516,3.35359046119275,NA,NA
1640,-1.36070632445485,-1.30844999338917,0.114309985515456,-1.06292125039983,0.456786674230267,0.420404173311195,0.368867394815781,0.0699674354470335,0.882551244521746,0.21834291625116,0.945089687971398,0.233942540872027,0.65279182072205,0.0903474308459554,0.101223337347154,0.249167174230097,0.695223558582133,0.339971152827959,0.873607367638964,0.315456275878241,0.633044517000206,0.155580669546034,0.303077635584632,0.687331660229131,0.340140614615288,-1.95820668050898,-0.167635820290673,NA,NA
1641,3.76849190264501,3.75998191750136,0.0645570309052192,4.00227668854984,0.476494966183934,0.868487249911763,0.291852695989655,0.821632790718111,0.18743902838917,0.482510538124363,0.597529048984288,0.000205159948440269,0.714103438228485,0.464416712016682,0.0836707767531043,0.429392555452418,0.95556401345483,0.256510676735314,0.174478844814585,0.323186151669361,0.795337465757271,0.797752136525,0.708958975878661,0.0221732754004188,0.845134236757411,3.0683637160147,4.93618966108498,NA,NA
1642,1.1928857030875,1.95171560036657,0.99839628296248,1.34232326737943,1.14132310678159,0.0517868390827207,0.819122417577659,0.572065545517136,0.475072478138725,0.947311768612126,0.6001982565379,0.552339335489669,0.19373808198201,0.887316242220695,0.186650138605153,0.0290365751920035,0.794019338493817,0.775300519915647,0.97665960366989,0.130007395720342,0.0600648246917408,0.00137092874536756,0.534792309700395,0.680037659756606,0.623415805833763,-0.894628916635841,3.5792754513947,NA,NA
1643,1.07273155941329,1.97154493263876,0.977088188496694,1.45182856515278,1.29644516461767,0.773020166600589,0.685019806525204,0.809959895673674,0.62754703308735,0.763619255714701,0.641072939624311,0.986381244812976,0.824677271051565,0.508879179114243,0.321252964556916,0.283642710526707,0.00302744806173723,0.944740552909556,0.920713859417359,0.573880247953814,0.0425677105066134,0.294662815342657,0.0428597288808087,0.836323938987218,0.80516947600909,-1.08915726542894,3.99281439573451,NA,NA
1644,-1.00112485364188,-1.63329049656862,0.996736758496324,-1.34084699699374,1.08749253900383,0.215948423940921,0.783515002638334,0.830677379514207,0.75246238267282,0.99395066405856,0.654744761967333,0.581761263314867,0.475556943061296,0.665215661843657,0.0383170147035271,0.312563626527903,0.573560087577091,0.353284502991941,0.524717724567628,0.279880220080726,0.16093854534952,0.864778487937176,0.774959226186853,0.941402064978727,0.0889840947600314,-3.47229320689726,0.790599212909789,NA,NA
1645,3.6656862719163,3.95937312271347,0.253259537747255,2.27400437455705,0.585677095453349,0.596201699999161,0.434938299442059,0.962642395940609,0.625765082726139,0.208534482345218,0.767998760805349,0.22044438082003,0.0730755976893706,0.933255899133626,0.402249793533352,0.0418439605861204,0.571115309679532,0.963518877890892,0.503909578382387,0.285175195851712,0.74606348959438,0.0100248770135222,0.245030748286517,0.99135016287514,0.525896196246264,1.12609836089846,3.42191038821564,NA,NA
1646,-0.102643406906151,-0.0140814009492854,0.0514409169639194,0.11827721829081,0.388045876294379,0.0992278220131993,0.175516780648497,0.650877530618571,0.136185274455231,0.880410023931763,0.89164894915733,0.0559349798999028,0.74577863051719,0.141558829634683,0.202526077985647,0.956795721587027,0.457699085806147,0.94690083004965,0.85387342251814,0.185680012230529,0.343941022895509,0.785046021718415,0.3209708336615,0.143205832556821,0.768116049468867,-0.642278723595458,0.878833160177078,NA,NA
1647,1.69744214975231,1.74325583306402,0.0524302568075766,1.92153450292622,0.585677095453349,0.742474025744246,0.201704819603008,0.772161807603901,0.792946000250289,0.978244444784941,0.745240902880323,0.23157038248179,0.995399406315526,0.0410618428108282,0.0480685828430578,0.546837972726556,0.899301623835228,0.489575579897151,0.538847167218453,0.76682067758264,0.825636014078162,0.915705347074429,0.735277314671897,0.170432610711432,0.64044377141085,0.773628489267629,3.06944051658481,NA,NA
1648,-0.899426223556729,-0.82481077941981,0.0511235380707768,-1.46459106659652,0.340525183998835,0.327032242149697,0.163060204245383,0.0885932459844044,0.375639478215016,0.734415422248305,0.903126786171924,0.453787696162355,0.836501038096729,0.515340321053402,0.0876410965081304,0.0544602921542246,0.0132910914415261,0.304111801181221,0.346960759914946,0.611005171667086,0.375323987842887,0.233399992519175,0.973834403354907,0.849741695044795,0.930506520182011,-2.13200816306312,-0.797173970129931,NA,NA
1649,2.29097873867642,2.60190821228559,0.999937443258085,2.78477581115567,1.23263520377092,0.904121909595327,0.981403869834612,0.857963070204598,0.303846138167311,0.0226401096412446,0.644734113581013,0.260994459590991,0.231848882778315,0.559861962125869,0.533469254433177,0.751898816412082,0.520393586278427,0.904379527965328,0.742388773566578,0.871372262875899,0.899802108297707,0.932891292958753,0.931361958290217,0.532238581733429,0.944741890883073,0.36885520568848,5.20069641662286,NA,NA
1650,0.0971340188481883,0.621345031658328,0.998740565564771,0.761084835341732,1.14132310678159,0.285433927865,0.831223631266272,0.714091845702846,0.542091320575215,0.73548608870653,0.335099439278129,0.397790985563071,0.940174668004736,0.458344742548186,0.949834979316569,0.582962639539386,0.0409602834073594,0.263172295733821,0.55599654366402,0.840214609382558,0.7956413709505,0.0470854075455572,0.609294011081685,0.587502243322204,0.340773583346396,-1.47586734867354,2.998037019357,NA,NA
1651,2.59156601016299,2.59163093677229,0.0503641008867795,2.54661180277058,0.529647046638724,0.660007045648526,0.106679853234789,0.50984877700475,0.241613005160703,0.271860285576899,0.899971716959612,0.577637625426752,0.118750801770133,0.145267013960867,0.456098914045724,0.039707337799482,0.896375105748302,0.803018511916161,0.912815679020714,0.284755465922644,0.890717691129539,0.870447841831367,0.326269913262804,0.290716911952943,0.357301537524792,1.50852266684067,3.58470093870048,NA,NA
1652,2.28877392128473,3.14416352023536,0.810301318978744,1.99835164183491,1.25681324922324,0.595301317456062,0.56941389515507,0.430748947240994,0.348513455666602,0.697415950770257,0.71389320502663,0.715737393765012,0.599026645714417,0.0726455666131806,0.896213408929063,0.786731533509796,0.442246336629032,0.605619863747735,0.609905432410538,0.312050171454553,0.214829597737757,0.443096610764507,0.351941691292799,0.0143703377036145,0.626242670219508,-0.464957061935412,4.46166034560523,NA,NA
1653,0.233695235584881,0.75359824782643,0.998073302315304,2.0068411912067,1.08749253900383,0.066654869474587,0.809931216458674,0.455385992688127,0.983324181856122,0.967820382671082,0.135521026739967,0.890693128984654,0.53285418771382,0.872838522920152,0.145696810137131,0.593976495449431,0.658457420366816,0.851704365275684,0.608867580573307,0.387879307936761,0.306676771781407,0.378648374807555,0.373251520807506,0.680692418644438,0.702777777011506,-0.124605018696827,4.13828740111023,NA,NA
1654,3.0750704977585,3.2245634568798,0.974567544089649,3.26346283663166,1.23263520377092,0.937169221081771,0.679664997909917,0.0862631996772252,0.106594263887033,0.0562364632713143,0.0132294689386617,0.747689624104532,0.565298753817217,0.69435166754201,0.408234477103106,0.739343479211908,0.47180082530051,0.299395574194146,0.194159968687803,0.15457837133517,0.523816862369189,0.0852566153213847,0.806155115468777,0.349467164803646,0.648585258677718,0.847542231164467,5.67938344209885,NA,NA
1655,-0.188335125403355,-1.49118413998656,0.999804825765233,-0.994925733869555,1.39965674110862,0.349658176290686,0.92450595623313,0.000601875800290145,0.699589903660933,0.310978767633671,0.716480105946423,0.0731067609280581,0.161790746065439,0.656977844372159,0.868696158643346,0.304194997370243,0.0582610618900508,0.753682335176389,0.779021394729265,0.626037671460072,0.895076997433905,0.460133270531427,0.390939703498501,0.0497744635802228,0.0216303529101424,-3.73820253716116,1.74835106942205,NA,NA
1656,-1.44076740329759,0.397043618979623,0.999514460673115,1.11657496225894,1.39965674110862,0.437453168053296,0.878922287579626,0.120880653559812,0.720043012772338,0.480644923322718,0.700886236671242,0.629242446344229,0.197116844264674,0.835467020305456,0.000115403688629158,0.12887459354382,0.00839287227368914,0.981122748931404,0.866648345902096,0.740898394422955,0.657779886329314,0.694386033227784,0.195348511126707,0.656000213679858,0.0351159037309699,-1.62670184103266,3.85985176555055,NA,NA
1657,-1.49255246503119,-1.40103547711351,0.130980110415138,0.118402230536348,0.542682743900926,0.0129329399338458,0.38134187805932,0.768810230679228,0.295294613911305,0.980597675572848,0.0621994850395713,0.870990083604818,0.14963159615302,0.847982466751011,0.502726551624713,0.942304560775287,0.134975215797778,0.363911950753885,0.956012785899453,0.875419342506095,0.449598260516184,0.143578385692323,0.736829177071224,0.604942562117241,0.404874758682097,-0.945236402540841,1.18204086361354,NA,NA
1658,-0.0049073603805706,0.821951752182518,0.635833741368071,1.32293890511247,0.532531484025507,0.571724950502976,0.523771275684005,0.189860825318028,0.161651615609881,0.229930692326161,0.682434996313881,0.36680217757693,0.558166090543615,0.517387481682003,0.653323763120337,0.374733540200512,0.281228324991069,0.900255173878628,0.50460120144661,0.114231078706915,0.188098513148841,0.942278055615956,0.692549767199787,0.63784586054401,0.564156554819085,0.279196375788813,2.36668143443613,NA,NA
1659,-1.03307193756048,-1.05514861055188,0.0513633697744382,-1.01859898301714,0.502646347146875,0.0802596003154758,0.172746679135482,0.238897120200796,0.990042241758201,0.629574972242932,0.734843880650005,0.0883079696178902,0.752200196421239,0.775898557573906,0.321722650159965,0.958671631760895,0.25627277659392,0.847918426711694,0.426733438555966,0.00597661702299956,0.858723515645717,0.671075250626425,0.506658118785243,0.14931778410729,0.557795656809933,-2.00376772038563,-0.0334302456486503,NA,NA
1660,1.65018780278873,1.73521404219684,0.0735885604888675,1.18820101297401,0.51700110328822,0.258173289180733,0.316472170718713,0.153208055902156,0.147180243423907,0.108032093738439,0.130902542724041,0.788684822025127,0.507571816029376,0.556430819458794,0.4728831022206,0.89235755667917,0.874317329884274,0.386412264233572,0.240795556038152,0.539938286815654,0.38382524346991,0.542011001170613,0.888834708825103,0.408849736736855,0.13622239019745,0.174897470561625,2.20150455538639,NA,NA
1661,2.30733052164315,2.31089895058549,0.927891085780051,2.48263374351575,1.39965674110862,0.090139923546114,0.624967243215651,0.427721387550584,0.038181118114735,0.385964391380781,0.733469466958079,0.0744464547135867,0.550540982820094,0.373437415773515,0.876920856880839,0.401069486280787,0.32112339123874,0.370283773108735,0.0955553671019152,0.296863039755961,0.327151611266774,0.143366057669511,0.330232509318506,0.489117021284532,0.657140557835344,-0.260643059775853,5.22591054680736,NA,NA
1662,1.41458981479885,1.29630707192666,0.203293184261545,1.73853122051341,0.194945978274951,0.463357456005178,0.417593278672197,0.534374959515408,0.670976803050726,0.914320826735697,0.804536262019654,0.102185652194079,0.620071975489263,0.169320530881523,0.0963446657316526,0.580220809265622,0.321724535359885,0.672927186095039,0.785955129990471,0.866541266751709,0.550905406736303,0.342659456850495,0.713981313455268,0.307380918498384,0.365321851838264,1.35644412416358,2.12061831686324,NA,NA
1663,-0.0410448506323781,-0.059648770132014,0.0529068128973297,-0.107756119585387,0.388045876294379,0.202578280803165,0.210682988296263,0.786336611111881,0.0267887210664339,0.550707019715919,0.136390068009263,0.624786269831588,0.800039244018728,0.275147757247323,0.0708040877692401,0.29948448918364,0.404613589764573,0.4621109036298,0.682460760096437,0.477625046250527,0.426435505979345,0.941410316722468,0.133233349628747,0.896314484813833,0.349278531413875,-0.868312061471655,0.652799822300881,NA,NA
1664,3.24858698892369,3.21257748270523,0.0501489474948698,2.70356450552294,0.585677095453349,0.75628342858539,0.0619766697986051,0.670701285960735,0.760130215433659,0.958743175092503,0.839995188422152,0.38363940806454,0.570695156535367,0.349151860143524,0.966677819371456,0.696879109465983,0.900090437818551,0.720751214587362,0.730607276633149,0.201677462658728,0.802797952394118,0.513493749605492,0.163383218522649,0.80046349292295,0.790073101711809,1.55565849186435,3.85147051918153,NA,NA
1665,-0.0532833367027477,-0.249881445117349,0.999851194836388,0.510422535223503,1.22125306711407,0.786709735378623,0.93807113954029,0.377502846116899,0.799213743022876,0.46102344849892,0.432347983140149,0.288015342080384,0.473404170490685,0.960741940617561,0.217830393038574,0.348119299565908,0.348970923175802,0.894579403032898,0.305008047810989,0.562053948666318,0.799444417636376,0.619444307813188,0.521150021286914,0.966421428952948,0.928441255463287,-1.88318949232915,2.90403456277615,NA,NA
1666,-0.0859660945596794,-0.097717153258507,0.0504917656270047,0.740239492528827,0.585677095453349,0.808370745301945,0.121715137679712,0.717660411176388,0.892784957112977,0.507086415490485,0.755733845358016,0.0609751785619883,0.656499519360252,0.87898316919338,0.825961916256463,0.433949398437515,0.304179816964082,0.158000979014905,0.88544223589974,0.283251893776353,0.459561258690432,0.540387589328573,0.256514412952936,0.352490310611902,0.546333315725438,-0.407666521129764,1.88814550618742,NA,NA
1667,-1.38597318564254,-0.0318936082934158,0.999424091992714,0.0202763731776334,1.39965674110862,0.481704195352737,0.870383146121399,0.58715852461895,0.306448135507409,0.274272359400522,0.235031123842462,0.217087241762667,0.774783526290092,0.654468919929117,0.559280121078598,0.0707991467741085,0.120318187572877,0.699996394304326,0.557287691068486,0.413402275111875,0.187027841914678,0.360525162910926,0.479997361299,0.770737044802168,0.267160979831475,-2.72300043011397,2.76355317646924,NA,NA
1668,-0.361990818347946,-0.358700564627898,0.0501777009228096,-0.082842548489968,0.456786674230267,0.456465315627633,0.0708035867873114,0.17523600798985,0.909594552026712,0.468892826299067,0.157790553256869,0.120170451215236,0.30509362631361,0.0828061780176358,0.233247958873282,0.0113555893765297,0.00870119631162379,0.838250323124696,0.0170569902476855,0.397429206621018,0.129640078540542,0.432007703277981,0.248851039992296,0.888810486450675,0.71110453340807,-0.978127978599121,0.812442881619185,NA,NA
1669,3.02765179253174,3.03815501803082,0.0501842919323167,2.57099708103818,0.770388965729852,0.695360480251256,0.0726248917867197,0.197578853126965,0.751360479805036,0.164814781199908,0.551490847583977,0.909722429005429,0.169421449420275,0.568708658733522,0.96447761397867,0.740102529478259,0.0721791990401689,0.177413933476666,0.398743820606614,0.0598375944921281,0.0614555383587722,0.104079809006769,0.946729005695903,0.788007217141218,0.063689104542369,1.06106245412061,4.08093170795575,NA,NA
1670,2.01660554813892,0.621097846329329,0.976835324097035,0.328024356732571,1.07958489405795,0.798846386907389,0.684457368895644,0.33442099444184,0.0486495460658334,0.579611974070431,0.692246217684937,0.98793846678827,0.37639795079187,0.0890755739886081,0.518462247500778,0.916356051468407,0.170348537436803,0.268895563586149,0.569619185374468,0.136197401429643,0.547671289324528,0.724173153004726,0.626940260122763,0.802076417130767,0.815449807353201,-1.78792315387451,2.44397186733965,NA,NA
1671,-0.50355083615079,-0.460470575610594,0.0500591859920915,-0.169057523225387,0.423986279169073,0.721771954242256,0.015826496661175,0.53966691636981,0.377629399823956,0.815991394376382,0.460391149149626,0.401812812002259,0.868674473914667,0.49233527026989,0.841035891491571,0.710457584026968,0.703379486999242,0.574156749986811,0.396095830384758,0.922628692792612,0.646424658978358,0.663824720266275,0.994417873275001,0.239305965288775,0.232211994901183,-1.00005536033591,0.661940313885141,NA,NA
1672,-0.959648967605653,-1.55811250653693,0.877745967664058,-1.65558602923466,1.0680665448614,0.293336060361587,0.59563025964098,0.599216591722216,0.445589777536341,0.291790081057698,0.643087899464415,0.522071760240127,0.591562790140742,0.0573026108320337,0.449483057884499,0.594650595078943,0.447779418163234,0.419136669154977,0.801254498625873,0.591056981517817,0.0985279180716025,0.230082041219459,0.161406903147348,0.588968216072535,0.177726997067803,-3.74895799025513,0.437785931785808,NA,NA
1673,0.768520984953159,0.38085315448508,0.999127141049121,-0.243123600360959,1.22125306711407,0.566178062980645,0.849576203391771,0.441532714983565,0.710831847010879,0.910575781691121,0.241350621436141,0.568466056957375,0.0144850473731058,0.26138629621733,0.818654050143086,0.440594962307834,0.205941113793757,0.336458131864783,0.277387978888233,0.394871991474531,0.34705522559199,0.624494136252208,0.337052417783532,0.463894824219402,0.237222472708207,-2.63673562791361,2.15048842719169,NA,NA
1674,5.14574714276298,4.06427342288065,0.939664822133863,3.97564517462356,0.817893226690608,0.820144879389671,0.634546473647584,0.633269748094259,0.44614289143635,0.361738745848998,0.639319958602544,0.573077753963531,0.685824498442118,0.429692757240729,0.514482007330982,0.0108786028282484,0.690581433703308,0.169335599259823,0.0106056837274227,0.943603675473132,0.230504313623416,0.911159609575639,0.400875180687988,0.35421379264642,0.127318378499825,2.37260390711072,5.57868644213641,NA,NA
1675,1.51917264180564,2.13991574636808,0.977677628758119,2.47488246019376,1.14132310678159,0.227125678054756,0.686354745966266,0.512185452474281,0.254603992478806,0.900263794551254,0.0310529820381198,0.537465882390155,0.988882667951984,0.47031958537118,0.0055991936676437,0.643824101023376,0.550674417403876,0.900528991920059,0.563413965199026,0.14958791379875,0.378765500047477,0.174150787613005,0.292422188948258,0.204720230416744,0.863317211405141,0.237930276178492,4.71183464420903,NA,NA
1676,2.63681459031355,2.27059759028974,0.999595697426775,0.959339814359851,1.29644516461767,0.591224236848997,0.888081402503303,0.575240183905349,0.836685520687257,0.145531892078463,0.270481852120254,0.272021862441674,0.255399270395283,0.497648640025291,0.555809128426597,0.871945539592532,0.589729178093723,0.290091530814185,0.265071104661562,0.11480094533402,0.418558405078365,0.82601562105061,0.0744602929697139,0.29141607869952,0.85864265444898,-1.58164601622187,3.50032564494158,NA,NA
1677,3.1741005521758,3.12857136298289,0.052087612345503,3.02582767083017,0.85435310721902,0.745617104856996,0.194087945730076,0.558878961553914,0.504379133997369,0.532334607529105,0.287729502853937,0.515834918121807,0.595882668053848,0.9158391694983,0.290545465786825,0.00326713618566282,0.641779627901153,0.616396714386297,0.551654758710414,0.518384886458167,0.745535398692475,0.227243757423363,0.233655047297943,0.362845014589722,0.211805974197807,1.35132635060101,4.70032899105934,NA,NA
1678,-0.141360110682114,-0.0839181518281877,0.0503125353575098,0.0396451460412879,0.424248376405916,0.645625393165159,0.0990414690972539,0.647722473792848,0.444486188452691,0.778589036224177,0.332627703959588,0.461304312573862,0.485967374903732,0.234171552261221,0.917655552289099,0.981388490098179,0.378582680035615,0.679574581936118,0.876133616668754,0.517672626890591,0.803457384236623,0.421583335360745,0.319902733984287,0.374421447792789,0.0628413156165043,-0.791866392213899,0.871156684296475,NA,NA
1679,-1.98473927891046,-1.38339173274006,0.314254380764681,-1.23038656955996,0.456786674230267,0.113923367458861,0.452320273060235,0.0757709561461816,0.500246873794356,0.172673924520961,0.478273995192722,0.97564011602453,0.213559370130068,0.405364071074757,0.825494883469306,0.567267133151647,0.223405359589495,0.453306345150573,0.24610412506084,0.524070931359078,0.809551022763364,0.0245733708050102,0.761012160542887,0.762642854634556,0.0189270036476664,-2.12567199966912,-0.335101139450811,NA,NA
1680,-1.71779892158437,-2.05302613973189,0.992986803424334,-1.04211416351719,1.39965674110862,0.194568059079815,0.745062934447196,0.578830117289559,0.414172000011778,0.353463928019395,0.0974021467251005,0.695809084403794,0.574622492641094,0.564472041818779,0.298484396942193,0.189433122491348,0.662843870152836,0.85417956880643,0.788043400704162,0.735430291697616,0.294460428628605,0.581985263324925,0.902639266475686,0.624925057035754,0.651758960590581,-3.7853909668088,1.70116263977441,NA,NA
1681,2.91971835611314,3.68792304370903,0.99714950286368,2.69459558039498,1.25681324922324,0.763105028513353,0.790298176891636,0.582247590062208,0.1372862613498,0.81368757388182,0.695588240809855,0.040722180779092,0.495324101418839,0.608399891468114,0.326415975065669,0.500942868232378,0.414191157783382,0.676066894093761,0.761857615041197,0.495157858091989,0.357343706175568,0.646413288382697,0.000953941228566691,0.768548990204115,0.577470643168315,0.231286876624662,5.1579042841653,NA,NA
1682,4.52860282472087,1.24770456772095,0.995926337019003,2.56470550532947,1.08749253900383,0.163859099343186,0.772381105407141,0.203936215363559,0.863587511975551,0.998531336943852,0.387481305137742,0.67552479213546,0.829213580304524,0.829816243675537,0.19931588056928,0.0405183620221214,0.96240713440103,0.710874095010571,0.883592738850857,0.827354726760183,0.0485050465998938,0.501800755120581,0.715621612329851,0.479449917279417,0.830422424616292,0.433259295425942,4.696151715233,NA,NA
1683,1.35773400873163,1.29696206624478,0.0504610725362315,1.04703041146216,0.473129353069711,0.325602762013907,0.118491178488708,0.997582980349776,0.629950757039129,0.269214316005935,0.0925748079445912,0.902053865923081,0.139356771518593,0.305676853468176,0.751374562802608,0.148523050321732,0.624818665908533,0.404792543610441,0.617600731073762,0.123995916625136,0.451331407635123,0.0717815277108457,0.537419543803553,0.579197614414385,0.694791174287442,0.119713919416788,1.97434690350753,NA,NA
1684,-1.03685838686282,0.171692034959898,0.998078707093982,0.179457318536574,1.22125306711407,0.649687107150443,0.810071958760149,0.187170468311291,0.941708661170443,0.739093399706413,0.138297432763036,0.599044163425919,0.324366311633843,0.700798205823637,0.424331521081622,0.934270004655584,0.779295484131551,0.73261160934472,0.864329475489212,0.691113945609657,0.154164404247422,0.518756650342024,0.0400344920431962,0.488738022705424,0.041911123747821,-2.21415470901608,2.57306934608923,NA,NA
1685,1.77501226967216,2.09906193437924,0.999804784599314,3.37193903607877,1.25681324922324,0.701167091893498,0.924495409236988,0.78540804403415,0.370549079066259,0.961627921433654,0.706509210637072,0.117986847908003,0.184495491080801,0.635327205190202,0.714595726617845,0.510602552167838,0.784856662451406,0.133998854171834,0.172122111876262,0.421625641048769,0.581365732127917,0.538797999199363,0.0542314324667677,0.502153271137155,0.213958827772061,0.908630332308451,5.83524773984909,NA,NA
1686,0.439585288045148,0.433836241199609,0.0715033699989291,0.0668144217855871,0.502646347146875,0.150415047327289,0.31173214578547,0.490706524773734,0.668129343509674,0.522236235404736,0.170674457835848,0.102712984795915,0.761225300374674,0.691960405619699,0.655442973147612,0.0962713782173814,0.703690339371446,0.475412483646651,0.660860428565415,0.258420065570506,0.807693336569704,0.446433659362956,0.0286916710837977,0.523429185934132,0.935561312078498,-0.918354315582904,1.05198315915408,NA,NA
1687,0.708181310029993,0.751236451565295,0.144535997688351,1.03357765948395,0.49691288136519,0.944911805758835,0.389866833769484,0.169841810172657,0.0575153263472021,0.995187510575866,0.887876087897341,0.0647941093336558,0.388739402273903,0.823326708392007,0.873399081133539,0.46620891228551,0.597436459859018,0.080949106500484,0.00764945572928991,0.0194069928837707,0.977020845265361,0.996931024768623,0.253035968223354,0.852079994158004,0.320511521111941,0.0596463085541508,2.00750901041374,NA,NA
1688,0.500807045672172,0.417250954952074,0.162051525382121,0.464563150180127,0.683303119808306,0.902833521609427,0.399400110055227,0.217722379756044,0.808281874578446,0.396423258323222,0.529842269010493,0.673931674563908,0.287227647351217,0.789756595168496,0.0489779720888473,0.859327313795453,0.567261882448685,0.568392021866166,0.422571649514837,0.228622870127554,0.81190607074427,0.184722698258818,0.510399388262536,0.0324071070052451,0.0372789590994362,-0.87468635516801,1.80381265552826,NA,NA
1689,0.372137507001365,-0.00484939881028959,0.827597223380362,-0.798133188491343,1.14132310678159,0.321055200727307,0.575318760930095,0.697364017568529,0.425742291391129,0.667838233228889,0.67237218976859,0.459187381800381,0.303710057047312,0.613451830095961,0.749822034742683,0.870281488738954,0.104276797885192,0.915585468454519,0.0350324590009404,0.731932593226549,0.855061837724526,0.0703019056692719,0.606885674035642,0.894251837094314,0.0890205625157105,-3.03508537250661,1.43881899552393,NA,NA
1690,4.11630591380785,3.38982933519639,0.99929331259594,3.89848060847928,1.23263520377092,0.572391743589425,0.860144234067295,0.235101248584455,0.206757630323642,0.311473122750293,0.828162175917067,0.294444043514784,0.617806784386165,0.236342345475801,0.776842039129231,0.561463810852263,0.620271375611308,0.170527492318419,0.627377954129013,0.818178943423787,0.0249148374501383,0.671716361599858,0.211278916519601,0.445417752543697,0.149792636449682,1.48256000301209,6.31440121394647,NA,NA
1691,-0.515385559875527,-1.96440120127735,0.995335687472639,-1.08981561637964,1.39965674110862,0.0292235064591514,0.765579981700634,0.506635420071427,0.886483878504485,0.490492370823282,0.753439221847337,0.137298793214373,0.26440872382978,0.703473969890154,0.437030162141309,0.484537090457277,0.292902298982604,0.581806643347139,0.705670138171874,0.939440992229152,0.20512378664827,0.528099696109421,0.104298153801006,0.967795476109837,0.148720029387157,-3.83309241967124,1.65346118691197,NA,NA
1692,2.13050688265327,2.27233808753559,0.289164088113526,1.17687823239889,0.424821978519842,0.552639232144807,0.44553541296511,0.530018559630844,0.578394302972825,0.773029666087008,0.406075786214438,0.527807943834341,0.376745043731411,0.117348067852901,0.368567205351312,0.154659829535871,0.673872774364077,0.856602025188506,0.969114230170962,0.259527853902313,0.126324470767519,0.113551983913174,0.777093890195945,0.493120970143122,0.197318607550114,0.344242454658949,2.00951401013883,NA,NA
1693,-0.196655757136369,-0.417888753732095,0.999922952651305,-0.32007120946341,1.39965674110862,0.4732007984909,0.970985800341354,0.0869324536331696,0.312154841286712,0.0878210434888024,0.754647511909832,0.892548599457717,0.342963215488009,0.794332058480708,0.710101921109599,0.536984531438793,0.211713537821663,0.781456128854887,0.591259488491458,0.815842411088408,0.166437750090146,0.2337393148829,0.667728198389639,0.426792532960419,0.593043926594197,-3.06334801275502,2.4232055938282,NA,NA
1694,0.11305158735567,0.146669791633085,0.0501877952509513,0.625793996893261,0.585677095453349,0.929811764300102,0.0735666356915608,0.781741646645358,0.902239568639779,0.375682847983902,0.596225193821243,0.889594508404611,0.0497217676232103,0.195173246999038,0.749387444389984,0.491488066682126,0.31640807039605,0.82847545547632,0.510191153365886,0.470332604099996,0.972053394682705,0.656102108796011,0.0205424758541631,0.539981886042864,0.950649221951258,-0.52211201676533,1.77370001055185,NA,NA
1695,1.29130761853032,0.437595371647239,0.999874430733939,0.0722222228321547,1.14132310678159,0.116989283647155,0.946561377476901,0.256746955858078,0.555364089404931,0.635410098118125,0.993000020769658,0.365061872429564,0.518549846236594,0.967034014023258,0.139242808539537,0.406038995582727,0.783431960017304,0.049107055388391,0.45455845058104,0.289414847460925,0.38808111215767,0.393544913260848,0.243061712742783,0.198102517443593,0.608584706135676,-2.16472996118312,2.30917440684743,NA,NA
1696,0.93649005661629,1.07210615039865,0.0501169445358167,0.781694871490292,0.351197092980186,0.0381746810621116,0.0498802806531312,0.450306865192251,0.797200350955245,0.898570573482895,0.604350437524961,0.506328304255614,0.919449645678978,0.395940070301993,0.791564343468868,0.0198502781082643,0.232799956678413,0.693907203652663,0.3434850068714,0.615112510840991,0.691259795674938,0.215476646727533,0.978596721933223,0.609951888279174,0.851423287544167,0.0933612177739634,1.47002852520662,NA,NA
1697,0.114505438454992,-0.577938038794906,0.950698216034228,-0.576668818437551,1.39965674110862,0.484795663754339,0.64526049959159,0.574758460949524,0.563634239756851,0.0427155296733836,0.92332948998455,0.684645683483221,0.093924231560668,0.797672152576037,0.209118682657834,0.0484879384727683,0.271961044690805,0.868241078641033,0.366650759578217,0.738079336687922,0.923950032345718,0.586805914567667,0.912741869115271,0.818076430663699,0.63746259692579,-3.31994562172916,2.16660798485406,NA,NA
1698,3.68316188877149,3.82176088570227,0.853926002044706,3.706916803784,1.23263520377092,0.764847089140676,0.585269694953226,0.642039401718415,0.604426501803566,0.263400240373216,0.396710987552768,0.929576928329072,0.716712401618715,0.441139992161188,0.39285103520751,0.152785538709373,0.508346255129087,0.775550541187171,0.0443673784234561,0.559949298097286,0.597375345322536,0.827382096031797,0.124102182446979,0.68569022520748,0.432337956314906,1.29099619831681,6.12283740925119,NA,NA
1699,-1.33542423184647,-1.30200846483212,0.998010253202616,-1.03835989124373,1.14132310678159,0.0360911500259535,0.80831789623329,0.580471417555935,0.457629875195795,0.700710041268263,0.526083275945857,0.375909916834091,0.706806736763916,0.400630722047179,0.0273336621186463,0.376869276096462,0.826087367232074,0.149797583197942,0.546958014771459,0.918845576406922,0.190568325683358,0.383267199399997,0.601351095205289,0.0782119727624813,0.573681321373326,-3.27531207525901,1.19859229277154,NA,NA
1700,-0.435783441407383,-0.462938326081211,0.997939787649834,0.325487224514715,1.39965674110862,0.0621510752439499,0.806574096250348,0.184236379193841,0.193265424616402,0.20942818755703,0.404619559180806,0.437852184770396,0.812944674308179,0.205541980763432,0.0228933623399353,0.394212389135268,0.767727274068282,0.347556754817953,0.987333252566634,0.80590770646662,0.353425842520548,0.480666294230614,0.0912452329684747,0.221986736555235,0.798407560262131,-2.41778957877689,3.06876402780632,NA,NA
1701,-0.731509436169981,-0.268820569473126,0.969309949059045,0.909823142175743,1.29644516461767,0.927844660247327,0.66998424023774,0.52166572131624,0.88189150856284,0.0288013548005838,0.484699673632043,0.575989832882537,0.215115193834412,0.270626357297995,0.891272582860314,0.741660474899574,0.397809371363255,0.805648545887903,0.85306239386904,0.184913958181627,0.947265861352556,0.903304751403164,0.415526184771908,0.199215766969603,0.416286760387011,-1.63116268840598,3.45080897275747,NA,NA
1702,1.39294742634576,1.17749256881157,0.327132735457639,1.56013595182139,0.85435310721902,0.813522290966939,0.455647425005212,0.337460946421255,0.563040754482849,0.519659003444482,0.310611377329566,0.505176616781391,0.083118810915621,0.465263076932752,0.924411089858273,0.1019661412352,0.92436121371598,0.488694645876414,0.978799351506866,0.926484582005651,0.542463628033875,0.175287280047545,0.608728722066386,0.312275911203935,0.825647373231361,-0.114365368407777,3.23463727205056,NA,NA
1703,1.2359787221973,1.04585521973176,0.549387941894624,2.4909306726394,0.85435310721902,0.600286758065806,0.505138822230976,0.458197674380965,0.602390784314135,0.608022250253242,0.952080179970595,0.39957081157167,0.680876341595082,0.906262245210004,0.794248089199769,0.0394640787470853,0.488886539480067,0.0155037155441241,0.81026546325651,0.864190034646774,0.0450342409979785,0.0623306621047668,0.485214235564461,0.464983805067604,0.790944335943437,0.816429352410235,4.16543199286857,NA,NA
1704,2.33613921599316,2.08862958283583,0.999384491470418,0.489967027325637,1.39965674110862,0.154429627326084,0.867056017318973,0.53500980761426,0.210930205556564,0.00135862041648943,0.554237908531679,0.340354412006214,0.686116435907898,0.942735687728156,0.305007681026123,0.580911450042622,0.140984000328928,0.888581461198977,0.97962367025984,0.364852321305545,0.400183595959446,0.429774058805779,0.49838891962904,0.325175174165168,0.436645326864324,-2.25330977596597,3.23324383061724,NA,NA
1705,2.39210223725466,1.50216664504215,0.997901659257746,2.52982549509051,1.22125306711407,0.862358432407957,0.805655192611623,0.356863407543511,0.973796948624193,0.651543557593483,0.862569262922159,0.425706784091191,0.326689238030231,0.581067888050107,0.104206739369081,0.54622904298862,0.687386807908886,0.469238397059729,0.0981083827364491,0.844568086573388,0.136908471321221,0.245445689276909,0.0362401792060118,0.883012461169739,0.936960790105397,0.136213467537857,4.92343752264316,NA,NA
1706,-1.80257553558296,-1.79601738852798,0.0708993609264349,-1.09292651536564,0.474966316662938,0.31831111476256,0.310275075866608,0.264723000698141,0.319299656913965,0.688257451061741,0.914752079133876,0.781870413471945,0.870328091314295,0.785336480926373,0.483726605712087,0.130711074889055,0.263685841522412,0.533851397343329,0.459593719869503,0.0779912402594928,0.077147785504465,0.9936560214028,0.444073022543686,0.571277802334516,0.571600760940928,-2.02384338989465,-0.162009640836639,NA,NA
1707,2.72461659094672,2.34099648930961,0.519305917422976,2.52475569469633,0.892931308037072,0.831796077724197,0.498801188347512,0.200443113837391,0.767616011232603,0.00853824284172151,0.721988266625209,0.387575120595167,0.178647065788507,0.184997910192702,0.274452804466011,0.145990730749094,0.782888192704995,0.195582834494417,0.769005113233929,0.327145579781965,0.927618306824006,0.836860773283872,0.91126832076686,0.813946588389692,0.327226567996084,0.774642490275431,4.27486889911724,NA,NA
1708,4.37564332363267,3.94653419308735,0.999794862472808,3.75088031770484,1.07958489405795,0.639767727306695,0.922016034373082,0.0761437603366794,0.334940860563889,0.521080554061104,0.77793179394945,0.422668973502587,0.929658580704476,0.0278811616740422,0.0728499042678159,0.8211897573038,0.238046776452567,0.615712021431886,0.873128708696924,0.647226880792179,0.952074343562126,0.302197273474536,0.276505675412714,0.235103430115501,0.499481007300317,1.63493280709777,5.86682782831192,NA,NA
1709,-2.57521986080869,-2.46408047705611,0.154150093647518,-1.8598781749707,0.194945978274951,0.0715535521609709,0.395274556932971,0.937102249011165,0.851182711796951,0.935314250343945,0.498153845737106,0.110872770162532,0.563726085819304,0.531523132880684,0.891946103251306,0.295995162553154,0.912309357493883,0.792486698275083,0.231990299909492,0.642867314843228,0.54808444318804,0.881735970771988,0.963579507230315,0.118581689550192,0.61611339962855,-2.24196527132053,-1.47779107862087,NA,NA
1710,2.32064862370135,2.80053488303171,0.99461908443307,3.57647709258687,1.07958489405795,0.927040626589209,0.758396161077777,0.863104431320797,0.291472075112164,0.44270041840116,0.399574437952135,0.729582750659087,0.616203558739042,0.977250063642045,0.971296846824116,0.6433524527587,0.227099467361229,0.496490788183524,0.0685461833361769,0.966937204285175,0.463920511445496,0.150668224035529,0.192562655053567,0.979875951308291,0.0554916724329814,1.4605295819798,5.69242460319395,NA,NA
1711,-0.260256378853529,-0.329947459003475,0.0500533422157999,0.231662161149586,0.55571472265377,0.394613923360477,0.0106283473323565,0.166618842603639,0.153656813614536,0.480070789871388,0.738943665908533,0.494080042754533,0.419794453361887,0.459800377812819,0.753411625798908,0.949579412672436,0.234320269532502,0.050574800111237,0.140862184335594,0.542912170183379,0.709432519472903,0.322373621185659,0.524047072285553,0.597519165487261,0.562839509339538,-0.857518680930467,1.32084300322964,NA,NA
1712,2.21058811146414,2.16410965316552,0.0505021410551802,1.32890355383247,0.830296291536293,0.395815428738366,0.122759625616716,0.300004517933237,0.363491004336393,0.948668816566467,0.940977452641702,0.00616143513948191,0.547661261244444,0.667701822862728,0.925569816484582,0.0841517060657497,0.53870492948452,0.547970379495644,0.576240764949121,0.616686823822907,0.319809415257769,0.123266575101181,0.141463353636558,0.47711923145398,0.383152587915887,-0.298447274075829,2.95625438174078,NA,NA
1713,-0.624990216784197,-0.545055104885138,0.0571738518260959,-0.498822685370775,0.79444603867826,0.415579168415978,0.256078040966648,0.156640092871268,0.028440192193375,0.932373109849519,0.386040722962236,0.770101401490159,0.50722048476222,0.986400518159033,0.314240840087412,0.242576718299068,0.813334681572276,0.229798244906589,0.590166075275512,0.0796774340237025,0.179750338078826,0.433900806365535,0.549650524157914,0.34094683873211,0.323119193107355,-2.05590830884068,1.05826293809913,NA,NA
1714,1.70638352196017,1.69654829017992,0.0501291208417565,1.0195515495338,0.55571472265377,0.417097644969705,0.0548333693008171,0.651555882475688,0.278591967184097,0.0533786521094153,0.252276887984131,0.426558018326061,0.918668555481243,0.719795211210381,0.603727644922095,0.503566426536767,0.221242626791005,0.790882264938904,0.686832884064177,0.701696244299528,0.740037427547504,0.810115294982446,0.638145490167313,0.537931766387192,0.051852433778462,-0.0696292925462549,2.10873239161385,NA,NA
1715,1.81395605326884,1.91901614207944,0.0501953028622603,1.91382813222324,0.502646347146875,0.263042915070779,0.0755269916502293,0.796705899507273,0.844338477903511,0.641616707019042,0.848503765385132,0.68422397610906,0.371840802488034,0.276895789174712,0.587160036337562,0.468370266071521,0.0204205057347426,0.731012668111129,0.0200248426938197,0.744281841903809,0.641574560702196,0.022335142487078,0.0438828159141121,0.824504262669594,0.634901612504153,0.928659394854745,2.89899686959173,NA,NA
1716,0.170709780605466,0.601971799229837,0.315784235565082,0.812080487934947,0.692882052076157,0.0776822754782625,0.452720576108666,0.741244770506048,0.352198992326972,0.91187478094548,0.806438704248401,0.480077187687857,0.932000510021346,0.312288134037051,0.462814884473337,0.246095154322917,0.554104095904273,0.282914464896778,0.672017182201846,0.663532793904422,0.425743464533472,0.851912214261712,0.380300938538392,0.121019272069214,0.856635565696168,-0.545943379668527,2.17010435553842,NA,NA
1717,-1.01943674686747,1.13111463373202,0.989208880828409,0.807417362224066,1.39965674110862,0.212224615709507,0.723315720391809,0.964923405751935,0.497942303582677,0.174843185922247,0.581261300111073,0.356056990265846,0.774073110226425,0.492770748013863,0.84347414663271,0.293285579429939,0.327671809765394,0.294474195614574,0.976223020064877,0.31860285121121,0.409380086350371,0.657188003349816,0.294414058934199,0.384131636355072,0.216545230760239,-1.93585944106754,3.55069416551567,NA,NA
1718,-2.12108842529439,-1.13405747659229,0.8444894928775,-0.625565053146344,1.08749253900383,0.441032141839853,0.581549323090469,0.383792910866789,0.685724963583634,0.673395739577478,0.52259967248817,0.81377999487659,0.661716216335306,0.187322307775728,0.552568709596759,0.953298279299866,0.676641209953814,0.0774450841449434,0.54269692939939,0.111716230879654,0.236512055980042,0.658529071950237,0.511523251088453,0.369227375317598,0.932546001806273,-2.75701126304987,1.50588115675718,NA,NA
1719,1.75810119259198,1.82988936568567,0.0501307222117954,2.14231889549116,0.810271760988484,0.45593576894945,0.0554497449643677,0.0593998903146712,0.0637922304903623,0.781147098151618,0.356631449192297,0.395171783965663,0.978558482758352,0.102928383873077,0.467091140787001,0.156632521980209,0.854114395924611,0.719840808161534,0.372893616517773,0.223196973328129,0.506606687406544,0.261004048146424,0.615814648798201,0.349586032027844,0.912882171125384,0.554215426263886,3.73042236471844,NA,NA
1720,3.34274274711719,2.59911824571656,0.967684642821104,1.74455287218328,1.25681324922324,0.694903156799497,0.66731556167861,0.641625507364399,0.117551846009679,0.882843992593,0.665301586636691,0.581275001822854,0.14247553501057,0.777257398423972,0.175896420384292,0.179347975560697,0.77596726534958,0.505163522097631,0.542030833155615,0.574679376748856,0.158564425049117,0.0720974553707056,0.470836890967097,0.858419764578459,0.419416131818434,-0.718755831587043,4.2078615759536,NA,NA
1721,0.0394662343211794,-0.176978206981801,0.194494303525037,0.231231094340627,0.722621959052575,0.949536369204638,0.414088490511873,0.167161869361298,0.729403790858923,0.883850225982722,0.851384797467501,0.191967932673288,0.443917141041718,0.431627141749836,0.0526428086364176,0.726691994115012,0.339915810131468,0.506301621623919,0.597111607169383,0.643242993902415,0.609474223288242,0.512913200273179,0.013639384248876,0.710010796194081,0.943819616674329,-1.1850819198402,1.64754410852145,NA,NA
1722,-3.09979666351859,-1.18562018404678,0.999870986263199,-0.945792940823369,1.39965674110862,0.451395113912993,0.945208128244965,0.562125067873392,0.714603385194321,0.0739298018037807,0.997952067939797,0.230188804359525,0.669346216529724,0.447902271821862,0.537650093087694,0.620593141019694,0.303313498242991,0.298783638315275,0.242308974038344,0.0611581603714731,0.258420620662277,0.929260507046245,0.185008373791818,0.879441416465561,0.945334361057612,-3.68906974411497,1.79748386246824,NA,NA
1723,1.34863459990048,1.38994947685524,0.0546389979984063,1.79570616832033,0.85388472372631,0.381416432127124,0.23414657635265,0.514708875998971,0.393478480692022,0.852015842621913,0.155354787314427,0.302844939152827,0.459811355012003,0.323204006088316,0.991796909207478,0.108472813052591,0.0107529896161286,0.994451346691581,0.163923102583154,0.582919655623846,0.40277440055809,0.741066649464658,0.921826360369218,0.186446827322477,0.122056804563501,0.122122862867827,3.46928947377283,NA,NA
1724,-0.692002235728442,-0.570750822365904,0.988165793015271,-1.54596984902335,1.39965674110862,0.453484365833225,0.718646622510976,0.165489539794275,0.361603337687207,0.288973501818837,0.320825017617084,0.310615670669824,0.0879292625928065,0.754671046914766,0.682642005278613,0.347454317153781,0.896700317778625,0.749118322947645,0.833656479874742,0.0506462333017262,0.18533537249139,0.718620758306584,0.370954420761089,0.134991734565585,0.964407092008041,-4.28924665231496,1.19730695426825,NA,NA
1725,4.10116607753722,4.09250784045779,0.0760526137864875,3.54134477481015,0.70117557824682,0.934500095238793,0.321573148588301,0.894709006562829,0.1812870594454,0.40409940045618,0.0470026969141327,0.316391180725186,0.384093117837328,0.0840237994805211,0.213255097945337,0.496455860115704,0.557229441798176,0.437653480249108,0.769688876443775,0.592465353083447,0.0687541557364166,0.549493109741132,0.0341245284016477,0.449459587254096,0.733099455503747,2.16706589460733,4.91562365501296,NA,NA
1726,4.0970803915912,4.10084969745641,0.620194447366102,3.90253554522484,1.07958489405795,0.96836293087597,0.520315901011229,0.0490229579244042,0.385661140898941,0.526758348007454,0.608142711309483,0.741295791475219,0.102314507811214,0.603339925443288,0.428446514489478,0.146592618601397,0.197316875236807,0.0703569265559781,0.831174284379929,0.59783623463416,0.921477111317101,0.249216565222596,0.497867927275714,0.40653234725981,0.617709220794728,1.78658803461776,6.01848305583192,NA,NA
1727,3.42761303660744,4.12500439103224,0.992513806133121,2.9986309019701,1.23263520377092,0.940267770014936,0.741774503061315,0.239071061347262,0.319711447685491,0.196563210143941,0.138743563940166,0.106206040528254,0.780300483276951,0.884005412004772,0.598322319047526,0.978476237438153,0.237240539681981,0.254167827503639,0.689600072911126,0.198223202678608,0.168273059281637,0.612852543133777,0.496508983205655,0.851565287492587,0.0254144081820268,0.582710296502914,5.41455150743729,NA,NA
1728,1.77605004337044,1.02493493114102,0.999899465674844,0.296852017634469,1.39965674110862,0.323372146909242,0.957680610966985,0.225269064577064,0.419171465264284,0.429694238836062,0.841788262160611,0.404860975102172,0.220839680851786,0.0579884643396363,0.898230217370903,0.682409393882961,0.866540098536876,0.861159904187662,0.490072693693452,0.996168309121858,0.303283291000174,0.714721552480245,0.269990640001255,0.0380463665385032,0.946809668826638,-2.44642478565714,3.04012882092607,NA,NA
1729,3.85864636181886,3.95583192861665,0.0670656334086846,4.05536328370334,0.585677095453349,0.717602993400302,0.299936592367245,0.578436646151938,0.806965015714057,0.371956190050696,0.859746000328218,0.895417173356633,0.264541308527347,0.509530486159842,0.82976709206542,0.67524207906425,0.650654466783279,0.345335845109774,0.0557425679200096,0.332905948423198,0.308016285463818,0.407983578803833,0.00773958604095969,0.434245761375409,0.460731778907124,2.90745727004475,5.20326929736193,NA,NA
1730,-1.56648262236847,-1.57849341598087,0.0509649265158602,-1.03488063211982,0.887540561320169,0.368449621118838,0.155442545690108,0.528060427905177,0.0842971237292513,0.991030791098136,0.877094935221598,0.349962925501168,0.833270296670962,0.550492122202995,0.819992393980501,0.525550014211563,0.996460495092673,0.087817855846486,0.321849970306968,0.668305005034315,0.63024043756735,0.261672694462817,0.10118248556531,0.580837548493757,0.67905919771269,-2.77442816712582,0.704666902886173,NA,NA
1731,2.5636511951348,2.63756378201195,0.0500975307637485,2.20131181409699,0.446671859691687,0.653800113097648,0.0408026629758533,0.8594537748734,0.378547864652239,0.589593842454022,0.0942037855123635,0.0376273144392762,0.775836978947511,0.70365940411971,0.510777344347211,0.469025071486132,0.870294083593995,0.188526654530549,0.390188121191342,0.36063376181561,0.441970683880034,0.97819541673013,0.71924283940054,0.174220211026259,0.649513038043631,1.32585105619376,3.07677257200023,NA,NA
1732,4.19530162796782,3.59318140175417,0.999369699121969,2.87255083007181,1.25681324922324,0.726072393228766,0.865867813960882,0.0454515660204925,0.544363193988451,0.708595810338156,0.116052836973337,0.711358068858273,0.375722931184922,0.0537484099557623,0.793944416932412,0.363695109082269,0.527407159464201,0.510627362316824,0.0245700412562583,0.035839088046574,0.626441298514837,0.87538748062856,0.944600489743054,0.183685623315512,0.15741793649958,0.409242126301485,5.33585953384213,NA,NA
1733,-0.718249640065828,-0.657962900802445,0.633243481147819,0.0903790483303553,0.829564850013442,0.772594453632482,0.523195327127702,0.522924734359607,0.567382813145523,0.88633049829572,0.967460565682617,0.796263363074977,0.327516691937693,0.298135726374458,0.167211651503691,0.912043857398792,0.861548274649074,0.781765862553031,0.521021301862085,0.139926595425,0.806341570066987,0.149005860242876,0.819307334305951,0.721505415228778,0.857212182871532,-1.53553818053636,1.71629627719707,NA,NA
1734,-0.0236417153154154,1.1539935984912,0.99777251639945,0.924829281306626,0.925798791105694,0.498961245147046,0.802662099689362,0.298659713634755,0.421340415630024,0.646000402524834,0.887366157344193,0.87321000210382,0.461266702965368,0.862613330444437,0.0954174808390671,0.264048165369197,0.257037622660166,0.119370102496352,0.129990713043138,0.25358796046779,0.685976704252535,0.257112419906422,0.0555750627687667,0.407240564468317,0.374420630703215,-0.889703006191254,2.73936156880451,NA,NA
1735,-0.765207535910514,-0.833651520571326,0.0502641895648218,-0.177118247448168,1.01200232667991,0.452260329836863,0.0906363881708821,0.571449000684544,0.28382924014749,0.195459448830923,0.516981403916376,0.141087350912392,0.635804478212376,0.920979656930198,0.936677355498425,0.434182409170549,0.933309390590177,0.774916166337673,0.704274720779038,0.169716575825936,0.621932355718571,0.510400130501483,0.762080120310653,0.327374885545112,0.590976850558538,-2.16060636001152,1.80636986511519,NA,NA
1736,2.95079551507389,3.99018653401824,0.992638171403682,3.36553565173315,1.07958489405795,0.816757836992736,0.742618707853369,0.739742807660019,0.0745618179156445,0.34535548264184,0.0503063175199786,0.708235110145179,0.0614327091386076,0.0206103200092912,0.91610918016138,0.256978893588646,0.72222551214823,0.220888959655189,0.627873403180973,0.570371791106183,0.43678440943989,0.459991659201914,0.72865935848339,0.733030241728877,0.375217762780376,1.24958814112607,5.48148316234022,NA,NA
1737,4.01780430433619,3.57597308589677,0.999954696074942,2.92075703056734,1.29644516461767,0.955595784411998,0.997538794974447,0.790963453244884,0.997648262878414,0.0201282776992302,0.429570289453608,0.648883389442228,0.874898165733903,0.0556774246019777,0.245053693470429,0.0583552676328691,0.899811720377649,0.375721882059355,0.196207921207068,0.0376573358181631,0.0851211218839744,0.578736327596707,0.95753164808813,0.212626816257602,0.288602962059318,0.37977119998561,5.46174286114906,NA,NA
1738,1.53134611860599,1.58653202292149,0.0500692043837171,2.65494781363451,0.449739886193517,0.378192606007331,0.023645989746321,0.895700721543748,0.762694029477541,0.400387971467339,0.430055015449878,0.130965698859771,0.990847953783115,0.636445119346259,0.97697346060758,0.187558495717822,0.737126230917522,0.726873353265226,0.799357566708699,0.487603592786123,0.365647952284198,0.656771144257509,0.62644693811622,0.990431741909822,0.376679455041653,1.77347383428407,3.53642179298494,NA,NA
1739,1.70517429501379,1.67916059931258,0.0506538363658908,1.44954765225269,0.73145319767441,0.579204284353997,0.135966416863608,0.525152355820755,0.0619456690581283,0.530631083150511,0.30403882608912,0.77979101128527,0.213326868897071,0.594780443456722,0.345409687469248,0.378167172182235,0.201472544918652,0.818206114733825,0.644699818213819,0.155869647585321,0.40444569816452,0.539635532913962,0.77370095612132,0.283449554566992,0.758602524587885,0.0159257284341903,2.88316957607119,NA,NA
1740,-1.2690582045281,-0.383160244326342,0.980880643869947,-1.43379758681045,1.39965674110862,0.156457141563296,0.694271491756779,0.1160719533253,0.647711566156242,0.230242081010132,0.384659060863196,0.619576959179714,0.987873037359794,0.386593147818581,0.911800877671689,0.230482854933129,0.806156665269402,0.525350966155645,0.671934982920531,0.385141607523081,0.414984562073369,0.530172274891404,0.653432194876252,0.784352409082698,0.844561613659374,-4.17707439010206,1.30947921648115,NA,NA
1741,-1.63349229083665,-1.81230822201531,0.173377811288686,-1.88913409483337,0.502646347146875,0.131589254616061,0.404895176948165,0.202112528325524,0.327668853512499,0.682139725827496,0.539744450622238,0.787187000709702,0.631084542638739,0.425370646215393,0.0849876523113344,0.578355749288457,0.0730060763796791,0.987723754592706,0.122799835377955,0.839103206833592,0.543652536833193,0.641824666914064,0.743322512671468,0.423393016342539,0.546843070237199,-2.87430283220187,-0.903965357464883,NA,NA
1742,-2.06000223667585,-1.93370979169442,0.1223653460287,-0.96933772196855,0.542682743900926,0.126049021978863,0.375224857170251,0.918315849455656,0.00668673835124355,0.585042583007482,0.0931262143431231,0.757138674496673,0.409510574019863,0.793386311167618,0.312120184035273,0.462652161651058,0.665179793282412,0.550228545947466,0.0387623545988463,0.406947650833172,0.489726553930435,0.728564100744552,0.284472055345541,0.806263474977226,0.740017840705696,-2.03297635504574,0.0943009111086393,NA,NA
1743,3.31232960901496,2.73536895487759,0.983589508626347,2.01010108922338,1.29644516461767,0.879556497097132,0.702055799757945,0.860597558766254,0.896966889766743,0.592273135160678,0.452973798472201,0.24238956867985,0.544773051886819,0.305296429693466,0.95399942242133,0.150618612136692,0.655987075717887,0.668243461549981,0.872405083229067,0.719142696237308,0.304430400054203,0.961757157039945,0.991827561806655,0.91553196246631,0.624857036642032,-0.530884741358349,4.5510869198051,NA,NA
1744,3.54767541133459,3.5325592133577,0.054145644762979,3.33134832326348,0.585677095453349,0.885212526205578,0.228498486489989,0.800716819346882,0.991679179376224,0.0658194583235309,0.314069725030568,0.497811688797316,0.746993714330252,0.599751023866236,0.119956357584451,0.353460128694889,0.9858327144715,0.681153049675515,0.34232007396,0.730970182815916,0.870204678300535,0.436537615236244,0.597638611193513,0.0810565246243495,0.85275233620184,2.18344230960489,4.47925433692207,NA,NA
1745,4.08422753847468,3.84403377851126,0.262532430512843,3.93672202729071,0.768653823921032,0.752214578888961,0.437793623861391,0.278592340433272,0.51712093536125,0.0804339953291928,0.498945903223357,0.174224668109557,0.257224145149346,0.490514052875806,0.464606686159386,0.703152432977688,0.65162736299634,0.479066388139385,0.765049863765016,0.801017945879954,0.606488298085867,0.592843852120684,0.345546006872435,0.137158170639072,0.0818928006113274,2.4301882158265,5.44325583875493,NA,NA
1746,2.62590297832076,1.62853070654578,0.995176765902267,1.42835499984121,1.39965674110862,0.239621340474463,0.763896364308661,0.205430498294067,0.71204604511091,0.38931375583075,0.601422732917592,0.666963930322672,0.144852637403179,0.606080522671924,0.925055326930713,0.72253824493743,0.863418875708943,0.0560092433777172,0.856367460045381,0.667604919892619,0.0541406456014374,0.39217357463052,0.904618532705121,0.296075312434579,0.880847037664149,-1.31492180345039,4.17163180313282,NA,NA
1747,-1.851286845296,-2.17723666771294,0.999893025183365,-1.64183296989977,1.39965674110862,0.174339259314467,0.954575560198049,0.0174758390571224,0.366758137994213,0.247507959559327,0.427649373759166,0.18361538479093,0.771527044755872,0.67067937411333,0.0442239368172595,0.39509148902935,0.780442089010729,0.959079196541454,0.642451684132568,0.92500640105491,0.88417215003306,0.461447166321683,0.861088353365194,0.495393722591572,0.657677830213681,-4.38510977319137,1.10144383339184,NA,NA
1748,1.05863387479004,1.04162231534474,0.0559842438392972,0.937198096306951,0.744727160266162,0.77927888829459,0.246949356576661,0.00810844119475223,0.112018995638355,0.389652827339945,0.777339147087303,0.478464858990046,0.6209971707894,0.244076993643539,0.330904235363007,0.344252612608252,0.0504967869808897,0.956226245057886,0.00842315012938343,0.551181946002413,0.634686848684913,0.219641174032702,0.136505313672125,0.185697113620583,0.918509099195129,-0.522440316123515,2.39683650873742,NA,NA
1749,1.70461756458776,1.6220949875343,0.0506580374892546,1.92228602709285,0.732397702044879,0.534210607883055,0.136286877586273,0.42274166220834,0.75728368319734,0.593616091289208,0.786752131236484,0.91919239310571,0.421105005184887,0.697041030237917,0.62527775123599,0.43348429563141,0.18713852306467,0.178485386892688,0.193133763830876,0.16023333471932,0.0909641533809481,0.822780464470969,0.833855927470722,0.585534767813166,0.188877695080359,0.486812908724991,3.35775914546071,NA,NA
1750,-1.3035022200804,-0.270343023562009,0.999483315051211,1.18948743428593,1.29644516461767,0.559136958191637,0.875811996567762,0.980622902854229,0.806030490893638,0.876260630681529,0.579910739052924,0.589847854937427,0.719350952699548,0.188181241679122,0.0397337255055318,0.238723816333571,0.571616429927293,0.241616331240279,0.823093692303635,0.814222016072599,0.261913132307236,0.749589393076138,0.38284142799431,0.138543033558177,0.269472348780488,-1.35149839629579,3.73047326486766,NA,NA
1751,3.79211964776652,3.31079455656098,0.621274800913569,2.11142761561356,1.29644516461767,0.740755972252577,0.520552974135615,0.904433889563545,0.63964726736478,0.820029659999302,0.24715371654823,0.393219427899341,0.944589205043274,0.771722198010306,0.208014017272741,0.572205044128816,0.502611383106094,0.504303332081996,0.0224820137345232,0.740019494814915,0.329511767426156,0.480406093403813,0.198269132852438,0.521290891229873,0.430673275849316,-0.42955821496817,4.65241344619528,NA,NA
1752,4.63259112787982,3.75800528340711,0.999916562247748,3.28597671899004,1.07958489405795,0.696059846029733,0.967001427933574,0.22604914280551,0.210039488067268,0.392866007170873,0.375086865940248,0.00215747949073557,0.484599029861507,0.0676883874839405,0.958522940906696,0.851869427732076,0.455316535242135,0.934165656275582,0.355566830706899,0.17940259796672,0.71323426373757,0.69653312069946,0.221728996093152,0.106458658465184,0.676349435503944,1.17002920838296,5.40192422959712,NA,NA
1753,0.898131353545167,1.01256920480937,0.207901926720976,1.00736809795095,0.790136804981494,0.19545131738612,0.419364445465035,0.188898737005075,0.47194233848853,0.908107134648249,0.149283301780932,0.471177623582655,0.811779469576897,0.945934895251878,0.699095452353358,0.00292621755343862,0.944552471758681,0.578447530310135,0.0624451128432993,0.682469476275495,0.272647844590829,0.866228669575183,0.0636700620962074,0.54555772708077,0.134029288434074,-0.541271582672321,2.55600777857423,NA,NA
1754,-0.269424028281171,-0.228270055052827,0.0505490510419878,-0.387795031033193,0.474966316662938,0.365355029295548,0.127227613090421,0.313008163576364,0.804399101090501,0.833488506599329,0.0706788312256103,0.144484156060265,0.347275851559709,0.0951777985872468,0.947673484183732,0.271985160809127,0.821751160633401,0.0894480292967055,0.65784023760166,0.838728488063905,0.185585065600579,0.257576782610035,0.788170147686033,0.1776783886716,0.986472597585292,-1.3187119055622,0.543121843495812,NA,NA
1755,1.26078439668718,1.25239339172733,0.15741814162434,0.859581418327939,0.822918416717217,0.646115157087683,0.397012913272716,0.269627038841601,0.964432390561095,0.87221879535995,0.0138482190015493,0.950241279890528,0.401269888068433,0.0818576117944904,0.0173416937472066,0.330422545778798,0.923890276972088,0.319264777717646,0.90012867608876,0.613753222848056,0.805506305148476,0.60304526971234,0.908309213659493,0.411206347655738,0.157883726103231,-0.75330904065253,2.47247187730841,NA,NA
1756,0.71150982359069,2.4703202437029,0.956580393821866,2.48532128529262,1.22125306711407,0.818842755206395,0.651938430893468,0.29800408079382,0.630869836278725,0.682638260048348,0.994286156867165,0.155511698127841,0.377136757429107,0.65718929556245,0.228184094258584,0.416840927431593,0.252203280406306,0.33883262134809,0.321042993830051,0.399693693154841,0.205808467329713,0.218363943733973,0.543752887369017,0.0367580072466517,0.77507268086588,0.0917092577399661,4.87893331284527,NA,NA
1757,1.98652580733487,2.04556146496103,0.0500755716764152,1.28624246571052,1.00937234014738,0.471550421007909,0.0280471925557358,0.693965050074039,0.0547454029211076,0.124023160676705,0.1668814034682,0.0626845993419411,0.629902120548184,0.428052395357983,0.803355154662742,0.579958132338594,0.750979443452437,0.239234624585253,0.11154436379543,0.422763713472872,0.0437940354808234,0.0343003442269983,0.201064484321978,0.482720765245263,0.243659452922293,-0.692090967969265,3.2645758993903,NA,NA
1758,0.237390575140903,0.395357961969852,0.0720878090515939,1.50422633921397,0.585677095453349,0.614836078258813,0.313104436160531,0.510613377252827,0.695476158126257,0.833662848264445,0.415154370698263,0.885168116203044,0.320228267025785,0.95087659858237,0.479881410286645,0.431951811516308,0.806507357850671,0.0529400496997405,0.855492891348316,0.421222468949272,0.386016553545487,0.168312455811189,0.448232036165311,0.305453396922094,0.616555135333445,0.35632032555538,2.65213235287256,NA,NA
1759,-0.124943189220145,-0.906515635822546,0.85540531149776,-1.11002319893407,1.08749253900383,0.186064504701644,0.585870553327608,0.155760151930968,0.643716677410295,0.649960540593951,0.54170123215171,0.327578412441537,0.502052033306565,0.579757937003742,0.882716417575954,0.402876153818448,0.830017516361084,0.49914639993466,0.0359909126465209,0.19705346818408,0.422159577208222,0.46716402835364,0.929742584328982,0.662109616879141,0.04769561559055,-3.2414694088376,1.02142301096945,NA,NA
1760,0.224543438088819,0.156366027547425,0.0514646857592368,0.107030751170391,0.351197092980186,0.14520206047711,0.176336085014627,0.467765350481379,0.720762762842351,0.868347769804648,0.488286745962105,0.675252148163272,0.984556614448316,0.194323798652389,0.859651184199611,0.241912839961005,0.76747325805726,0.189914104470517,0.148035924789147,0.662269062865293,0.614990657512448,0.880662177867838,0.513099779085838,0.745446660343208,0.199272514037788,-0.581302902545937,0.79536440488672,NA,NA
1761,4.03892822148142,3.68046859429952,0.914568728060876,3.77165803075963,1.23263520377092,0.759742167733144,0.615725929329987,0.647241846847464,0.0858318139190087,0.242477449634811,0.761349255421199,0.518181801308529,0.396612870257115,0.16106196910108,0.242916654159897,0.209591437570634,0.0342353397387778,0.631833077226183,0.0896762161579682,0.111099798700889,0.858085424061399,0.244543819371611,0.264943060234771,0.350973960689385,0.100866869009915,1.35573742529244,6.18757863622682,NA,NA
1762,0.887283444181567,0.938253494157464,0.0503684632931052,1.23787059674905,0.529552785445379,0.78982439576881,0.107275588138495,0.261222368536517,0.179407905900734,0.176303083240637,0.25375779117865,0.659908056508284,0.515306224926026,0.536862457723473,0.965554599138792,0.246995302905561,0.293847580800182,0.886041715927655,0.324145175675047,0.765316269767121,0.802494747950463,0.498187464397983,0.271390605160268,0.890025788290775,0.594125624106964,0.199966209363242,2.27577498413486,NA,NA
1763,0.416208696136472,1.6568817277145,0.999697539280351,1.18946672072979,0.688902770828117,0.53385588913993,0.902597370826988,0.224124206572771,0.509230016686488,0.459412102743518,0.835518398909248,0.318434133039089,0.28754309090646,0.417903972998378,0.665985404087463,0.454138554215198,0.182535997778876,0.309941046233405,0.054552328085294,0.244331535573001,0.969854589069611,0.805229435610352,0.142018799547805,0.80338316378335,0.200914756385493,-0.160757898943165,2.53969134040275,NA,NA
1764,-1.57771649521438,-1.62408818596064,0.0501093203239909,-1.15258887737898,0.474966316662938,0.0597631150489906,0.0465090070909355,0.343248421551194,0.514135470374255,0.806665125602973,0.519339478078415,0.710922932277084,0.152673111077049,0.0249565331988269,0.715907625111984,0.605020503923763,0.370986863340018,0.923991385095404,0.408996626956156,0.906769476223737,0.28061660596251,0.297344532494317,0.904170303496183,0.823570267213508,0.19404683538992,-2.08350575190799,-0.221672002849979,NA,NA
1765,-2.01455331729005,-2.32800064370551,0.978460634857502,-0.616528430111907,1.39965674110862,0.00293146419699769,0.688182289276505,0.394745477732853,0.862525211646571,0.122415233389707,0.757537810849491,0.968476543786004,0.784954234589823,0.32394685991318,0.353766752683441,0.463008243418881,0.859578348961193,0.609229044621577,0.946034863423905,0.236784849911928,0.860702985518845,0.539183979588677,0.340397794236895,0.548498955369927,0.706219428144279,-3.35980523340351,2.1267483731797,NA,NA
1766,1.08434295211215,1.08924749689508,0.999952429619912,2.09072081786426,1.39965674110862,0.0529838393683312,0.995097844387288,0.505050127660274,0.0914277394566452,0.364901790106553,0.371084548912593,0.315131139104487,0.416082476429408,0.590391651332262,0.721276435031905,0.757451820467366,0.726507865687483,0.278070957960794,0.929036802855902,0.889323833868257,0.457963666119496,0.988053795653046,0.00957984483183827,0.765851576486137,0.0914515038519166,-0.652555985427345,4.83399762115587,NA,NA
1767,-1.55672089367208,-1.22599225324671,0.994450281768215,0.367944987441266,1.39965674110862,0.147867733089603,0.756842794419848,0.657783007704536,0.368183208215283,0.284475105901947,0.18800301010767,0.901292396700941,0.265686336802784,0.37570213812287,0.789232405537739,0.420952558398363,0.180588746233028,0.764988298077136,0.132634925827384,0.395643203504733,0.894246757472749,0.965012560870964,0.282130436904845,0.240604553782847,0.838385308573139,-2.37533181585034,3.11122179073287,NA,NA
1768,-1.58739369896796,-1.52199910778461,0.050375161162408,-1.20711287692483,0.502646347146875,0.391033243334969,0.108176671048743,0.488180071504088,0.422834192175767,0.731623016334255,0.219699964662665,0.549541624758509,0.426286174635869,0.628578160836361,0.832088857990922,0.899205751721049,0.410215034808731,0.00954951805458404,0.0312046045723837,0.780604399253381,0.797093590443721,0.301785516321193,0.179882429866353,0.728672123164288,0.415314385726117,-2.19228161429332,-0.22194413955634,NA,NA
1769,-2.7741102022456,-1.8556715872502,0.999944445094662,-1.36772448695637,1.14132310678159,0.127995638222434,0.987339348296169,0.693292926954804,0.0581025920697721,0.923593595727463,0.0212257360673975,0.774238911071559,0.861094835389638,0.807772386065335,0.294186934224563,0.89512187102437,0.128929442468216,0.24328779117635,0.189380877118208,0.656973414610373,0.866245812888839,0.391874956769636,0.27643432156276,0.453262500529177,0.262758261592709,-3.60467667097165,0.869227697058896,NA,NA
1770,-1.59694341555127,-1.63465077703141,0.0533847021780572,-1.77456006185366,0.449739886193517,0.0636075102223549,0.218318657074706,0.625812481260858,0.648991084272973,0.393702316043316,0.171146373196621,0.921125275986735,0.450195291982847,0.994418367545819,0.804449235224398,0.557409992704052,0.326725255393656,0.227053030467476,0.908346146692289,0.306938437857898,0.622760515248752,0.791106026496272,0.207944670152734,0.381388044413412,0.417126646448276,-2.65603404120409,-0.893086082503222,NA,NA
1771,2.13117974074766,1.77255535945586,0.999753223968037,1.39488306389588,1.14132310678159,0.353864159763325,0.9127738146747,0.907509174978826,0.449340870006126,0.640475254139397,0.998966166616417,0.105032722152187,0.827538422057638,0.642033317653695,0.541158364459407,0.400072558693704,0.115980692020035,0.0853159815727267,0.127686219398398,0.240299170919694,0.776846690165578,0.170757964371121,0.748362131390488,0.377007172846002,0.371439306324115,-0.842069120119389,3.63183524791115,NA,NA
1772,-1.18943311246083,-1.48894566882911,0.999913379457547,-1.80309759510248,1.08749253900383,0.0548000290852506,0.965129454084206,0.971211384636816,0.928294552139821,0.701296274892171,0.790686068234732,0.48407417236187,0.874361849518958,0.329483003116911,0.121073539521429,0.74443195465242,0.390360732063884,0.0571143252892653,0.724496117679286,0.62562688239594,0.591090083750314,0.253188282038434,0.107744563922985,0.819215962767135,0.156070776394568,-3.93454380500601,0.328348614801048,NA,NA
1773,-0.851008188307403,-0.917026464917688,0.06641117398108,-1.12742841110598,0.759023428656816,0.101510671468102,0.297946316546761,0.250962351604598,0.861670189330005,0.279395292080939,0.512026499353466,0.373054442077293,0.756542821628507,0.850291521586711,0.742347917453968,0.830472339508706,0.639440393445664,0.487979049816495,0.668670553787146,0.302879439249402,0.477735312138568,0.474772821306367,0.0644163674709853,0.53075568141113,0.0742991999837104,-2.61508699469544,0.360230172483489,NA,NA
1774,-2.44490164574058,-2.47846241522231,0.0546762706104188,-1.703454293125,0.351197092980186,0.286099133437499,0.234548673726269,0.880305998843047,0.998571214390104,0.889430219962029,0.285538500188733,0.896255626714206,0.58298907730577,0.963677216854645,0.726532785587711,0.928497861605487,0.40401465764374,0.0372735952996882,0.957209248309256,0.4663405097574,0.683765874304459,0.189340748730698,0.442624685461051,0.613103482519276,0.675423882445903,-2.39178794684133,-1.01512063940867,NA,NA
1775,-1.07835741078067,-1.07260200320436,0.0539995770453756,-0.8222376965374,0.717382336893342,0.313297286935267,0.226697280036169,0.371882021328434,0.461084384861519,0.146864146531094,0.981612828486133,0.470042459698627,0.185829212185927,0.335176916842465,0.691092672857572,0.471978794826427,0.901881316925632,0.628165461520315,0.915751638040412,0.795961652681697,0.374312398643233,0.778297053880757,0.361040587961092,0.468358066094108,0.218384687332204,-2.22828123999353,0.583805846918729,NA,NA
1776,1.12605826244312,1.13734674752488,0.0513773305965897,1.16132271279233,0.194945978274951,0.402632232746924,0.173256808234728,0.757648473192821,0.875880963290692,0.850848877705517,0.117218315480743,0.904952816670062,0.943389954105951,0.0684458868625807,0.77755192281527,0.253092584880767,0.771850053137168,0.252677819999168,0.875350913163507,0.970647447526688,0.357749916625093,0.217123243599432,0.389694095725194,0.211861729036085,0.35792485381302,0.779235616442498,1.54340980914216,NA,NA
1777,1.27466382278621,0.207822420475399,0.552398352925355,0.637478288845778,0.717521192458623,0.933504523478332,0.505774484025664,0.936855733260745,0.0513639732364099,0.20091231299215,0.00602649748802651,0.983616629868397,0.546550094146631,0.0322281115564983,0.709059478434152,0.122623735882342,0.0599001186523819,0.121788471544976,0.621684690828202,0.147446798557183,0.692412082447903,0.254643794293865,0.637399031979614,0.633522803115658,0.829340364120551,-0.768837406517356,2.04379398420891,NA,NA
1778,3.61227495883535,4.00708303496429,0.210485388051338,3.95309593359094,0.944244403147505,0.644931800640654,0.420339227843564,0.961506390915485,0.38091883044492,0.360261005122098,0.44034858416731,0.677040592988953,0.906763774558087,0.00058635052270256,0.31904644904926,0.591791583522572,0.392819262526114,0.187864572815364,0.844231805560761,0.106840559883974,0.604613631001324,0.909242577592609,0.721613200858934,0.00599581358314026,0.427785045403638,2.10241091081831,5.80378095636357,NA,NA
1779,-0.996128236875747,-1.1351949036219,0.0576228117200617,-1.79440172555133,0.502646347146875,0.0409719409757527,0.25913698435761,0.255164266352309,0.778202371969935,0.644312994536711,0.24773427236639,0.464777979340171,0.0554922973264474,0.693272337719565,0.504224511119304,0.886547721184208,0.602973609324079,0.873750645128428,0.110289767026785,0.472034646023065,0.65173955834494,0.36989084415813,0.0900193681576056,0.586602888386697,0.667721696185996,-2.77957046291982,-0.809232988182836,NA,NA
1780,3.31674614670392,3.27604023769814,0.0508261197256017,3.71547892659607,0.920869036579551,0.711697998772608,0.147669621186098,0.200963506495114,0.465619986290578,0.677227822584333,0.968170471627731,0.964532170641003,0.657325330293272,0.892383396491525,0.544967824919731,0.764438544475008,0.466971019227174,0.267580938071478,0.0649079665675527,0.531860357329133,0.225875205015065,0.449213018857175,0.220716536051477,0.627077682232251,0.898601757893222,1.91060878042205,5.52034907277009,NA,NA
1781,-1.75245604054276,-1.91141243335439,0.0854691495632145,-1.44886312914101,0.474966316662938,0.261538580540102,0.337512604512507,0.103129295054823,0.329039209345705,0.60588231147849,0.683993232496665,0.137806544652674,0.777821049838909,0.573449298768188,0.904603864546749,0.955360176728806,0.981179015323054,0.591023389411624,0.631640639071702,0.235550640467321,0.117860003508278,0.0879156403264496,0.403799027849454,0.467263131549233,0.767858823344228,-2.37978000367001,-0.517946254612001,NA,NA
1782,-0.427649925872124,-0.436261523661758,0.0503567325140171,-0.178051698374758,0.778560188650564,0.367467618135037,0.105657227767049,0.484865292309551,0.548967788507463,0.205944210129092,0.884949189049192,0.513477167106583,0.580136283362051,0.122759406631347,0.224226818625582,0.167085973545793,0.712433215674362,0.504538309845375,0.38588374791923,0.823964972397312,0.337513392379391,0.891502077186014,0.704643465095898,0.131756413045572,0.915314745213254,-1.70400162792657,1.34789823117706,NA,NA
1783,1.0099968014176,1.24624628760777,0.451444600433781,0.966054294999226,0.457538108279787,0.835282195393345,0.484389063291135,0.274167877692846,0.192808857422322,0.835442591434345,0.824062433465966,0.068322589620715,0.0505783776990138,0.415900793093722,0.0320592940755887,0.926743471787311,0.68186983769096,0.572091299062944,0.589657646599924,0.83030581339309,0.919852484336589,0.150216781715979,0.796297035960481,0.598647433653241,0.221895290597808,0.0692960812162566,1.86281250878219,NA,NA
1784,0.139649582098983,0.312160967983278,0.999918126608518,1.79816543162978,1.29644516461767,0.521718038688647,0.96794785148045,0.968866202236619,0.877643803714891,0.750627304904046,0.267562046162901,0.710044322405942,0.314836271185195,0.0858253194160061,0.97043374516,0.181824762122473,0.278638434000197,0.923053695764276,0.630480297671165,0.271372624465497,0.207194330917788,0.479065672430559,0.133509236772778,0.900145741549903,0.587226474914933,-0.742820398951943,4.33915126221151,NA,NA
1785,0.112576092787632,1.21442764794252,0.995537321027953,0.933226431896381,1.29644516461767,0.670275943986839,0.767800205375184,0.820869976879912,0.93252745379426,0.890094085875666,0.133748362190323,0.804819058346213,0.701034025554778,0.65830385026196,0.231124731411343,0.601254293603124,0.765961099460139,0.359366217926959,0.55519958212541,0.463439846336143,0.719018701010267,0.396327391042025,0.35554122799891,0.524504202117445,0.256388397346018,-1.60775939868534,3.47421226247811,NA,NA
1786,-0.614814870019008,-0.157805186305462,0.434763273485322,-0.607219074523969,1.18405723502048,0.486364525216399,0.480769182136632,0.542343400108279,0.290279527344508,0.572746644823696,0.373371303454624,0.494745678102947,0.0436028355523013,0.914463274245732,0.216875133181806,0.878714995860355,0.144467088183155,0.321698837056174,0.901148943720735,0.182355650590966,0.323160209050635,0.690354517682688,0.947431822152459,0.818524023305392,0.579749474493903,-2.92792861079819,1.71349046175026,NA,NA
1787,1.38388824690036,0.327079798104217,0.570742693517756,0.347192772112177,1.08749253900383,0.0373970711628208,0.509659976410563,0.368379517723573,0.95638786014088,0.747635771994828,0.116689754973399,0.239098123556469,0.361901999291149,0.804614693480893,0.396353105283109,0.920215747230337,0.76620627876569,0.38572118426254,0.0605976917799562,0.792704079221934,0.082548340363428,0.371219887315063,0.0821337359359022,0.697549512672354,0.324291598010575,-1.78425343779135,2.4786389820157,NA,NA
1788,3.71207594058696,3.29136821038665,0.894858443510096,3.18461849468758,1.22125306711407,0.708545465119183,0.6041930745797,0.303495205593877,0.641062469312688,0.721678907500813,0.632558100904222,0.876180055203848,0.946513736821362,0.474581378465751,0.871645899255178,0.326150810437161,0.0476586994867539,0.0123822684774641,0.0634460453400388,0.427672782593174,0.695370135298115,0.300889548194595,0.286007129440317,0.652207401440712,0.903592528182082,0.791006467134933,5.57823052224024,NA,NA
1789,1.49618994895501,2.16720565281267,0.763777015155134,1.82188762939239,1.25681324922324,0.69251201928407,0.555289719994296,0.417027833328932,0.338835018300219,0.727005411534104,0.490400233484921,0.88485244486609,0.615680862650275,0.704874418857973,0.493738358951872,0.341166582761914,0.196081272833981,0.2061751667551,0.65243539729598,0.819717206804315,0.38437006337347,0.211351921220892,0.634583739283727,0.827386367792264,0.802608756374917,-0.641421074377927,4.28519633316272,NA,NA
1790,2.81267793335243,1.90438115531071,0.988317023277202,1.07592802954566,1.14132310678159,0.450125097989338,0.719297753423918,0.18933684613416,0.0319129630259704,0.746648608402,0.881599586008349,0.428711836358882,0.587068020403036,0.267476374860387,0.496707905303221,0.0322583871753886,0.0850486929195467,0.73713991099759,0.895518871703069,0.876226004704833,0.56421451927477,0.814576997419819,0.193195778975612,0.182922270265874,0.281522256918135,-1.16102415446961,3.31288021356093,NA,NA
1791,1.24871713979819,1.61613756974673,0.415915822099925,1.85296142447369,0.388045876294379,0.159490218896768,0.476617910000263,0.153940730506554,0.234171953468001,0.951071566452156,0.741967478035134,0.162729884468019,0.898068510430865,0.310317219923367,0.974348171716207,0.696494456024142,0.555780156214838,0.625143010177184,0.733032747489051,0.165757178072934,0.348703138557612,0.0307968720106874,0.514786484372802,0.359115902494639,0.937906929908204,1.09240548258742,2.61351736635996,NA,NA
1792,-1.11876426554872,-1.1950461606571,0.0828387456397631,-1.19803283829148,0.794894499377367,0.373568008756265,0.333516289052321,0.898331951076165,0.359669417768717,0.866132762169116,0.0044070919965161,0.864936602039496,0.925454749064753,0.00835627957852557,0.811915972051094,0.0850394055010984,0.809316629774869,0.27125763585628,0.521606571479002,0.162619233292993,0.945653998483787,0.496746733006905,0.941760131043033,0.415419589408557,0.391137355912826,-2.75599742858011,0.359931751997157,NA,NA
1793,-1.08009612182836,-1.02203324251763,0.0520516465058059,-0.797696886038608,0.263969632868477,0.499252648691414,0.193217131150421,0.999650917657069,0.101345052308287,0.507631459562341,0.767271469632746,0.556803345197812,0.571237561525311,0.854867376567796,0.76106613449601,0.0364131782385521,0.405393326854333,0.374014390783734,0.301468305898714,0.895870546831749,0.0202493625967763,0.360327603701036,0.860652451303555,0.844759887468885,0.0586145479338011,-1.31506785947308,-0.280325912604132,NA,NA
1794,3.20237494953889,3.17144158935731,0.0500862678164174,3.25257881746202,0.426491242237171,0.734380100160139,0.0346665075256024,0.024447530789068,0.194228640702786,0.826037608818384,0.469001636061701,0.932890341928112,0.11046582265757,0.807358172343229,0.722954150776495,0.126344172233366,0.0729606837026076,0.494483006090159,0.99793160523707,0.168268673442188,0.631234613298671,0.974364858290297,0.478776435431326,0.675934784603654,0.691951720880112,2.41667134295542,4.08848629196862,NA,NA
1795,4.48187974022897,3.78552957281088,0.425619191150474,3.4156013678355,0.711024255594753,0.88283903528878,0.478764161714003,0.0914925285030622,0.923586077160551,0.379945420358912,0.633659613853204,0.371587922177045,0.0826698444727808,0.09475956756901,0.338982058158959,0.953792890218319,0.305918421314447,0.195468525930657,0.487299034108873,0.716497607697616,0.350471545532113,0.873303737775423,0.547257066281862,0.816832948345575,0.728982551255613,2.02201943473539,4.80918330093562,NA,NA
1796,3.52768235343214,3.51444379154178,0.0500623065630283,2.70771777953841,0.951090833041259,0.518695268777316,0.0183957545117009,0.702971682542004,0.0273855167749571,0.506024746423471,0.719410803604405,0.157794089766452,0.374635491521913,0.997612050216878,0.476245524008875,0.633644078163779,0.141304861338693,0.980946955560008,0.165365258835605,0.0489261114282999,0.462935767914983,0.607941079786397,0.0783350962753175,0.270195762973744,0.593831544345478,0.843614000751343,4.57182155832547,NA,NA
1797,3.76064295807481,4.06161852464311,0.23786578836842,3.10906468432343,0.731901516325898,0.834960444419761,0.429980257265153,0.412115692247986,0.279084964695503,0.415978354766965,0.555355568486266,0.240932675880031,0.366501049817656,0.869805941797211,0.254250001908629,0.449920735168853,0.624081440267386,0.25801720134099,0.544937644069549,0.236169435953838,0.717088670257479,0.412154042032082,0.418101227130974,0.899884175589657,0.0675658658151515,1.67456407209441,4.54356529655244,NA,NA
1798,0.648740333386441,0.642134924764133,0.0503521109497612,-1.1260522773225,0.502646347146875,0.500985120865749,0.105004988617613,0.186488777507213,0.95828179205081,0.628565907903598,0.561043763088761,0.219201340872794,0.0668454350380926,0.406119738841662,0.572985700540012,0.464256100792903,0.0964831125618657,0.76977025448042,0.632988922735327,0.40038145218289,0.433578078205115,0.201185442775139,0.763238548196969,0.614246406405116,0.804671621536952,-2.11122101469099,-0.140883539954009,NA,NA
1799,-0.133958220517648,-0.0832902176638509,0.280138915813531,0.509217116882405,1.000944692508,0.856654909783974,0.442981242681621,0.77081435285497,0.589912914694054,0.6527779894087,0.236280552905169,0.54873107517045,0.518172843466629,0.165703104486107,0.359838384718518,0.216721877148724,0.718411789625883,0.549048111795448,0.314487928233109,0.584228287093341,0.501860456162365,0.536187581838574,0.565403525358997,0.28160099824355,0.973820700887474,-1.45259843094979,2.4710326647146,NA,NA
1800,-1.00759049000773,-1.85874234017268,0.991240685275368,-1.51967726368626,1.14132310678159,0.327895720917382,0.733854060441838,0.925706910262816,0.381596634588554,0.834393847816507,0.965179663642659,0.236917933093617,0.647582578355679,0.543462265533512,0.142139307056088,0.776109377948334,0.893838688015123,0.582473442891263,0.727448786567547,0.317513933090609,0.946046998887672,0.615173190040048,0.925922696841997,0.853999790545087,0.73929228758486,-3.75662944770153,0.717274920329012,NA,NA
1801,3.27599478850255,3.72434025225275,0.995602671904172,2.58809189839553,1.25681324922324,0.678432833539206,0.768541268337052,0.493565046700067,0.296870187151362,0.985825616188929,0.238992447259254,0.306604311489733,0.964767183110816,0.821689526316593,0.0721938361541834,0.206611998651642,0.268892952610273,0.11290773575101,0.913365387697471,0.696713233122835,0.981092078620452,0.580149647458573,0.891051558653591,0.481084355886094,0.394319475878146,0.124783194625209,5.05140060216585,NA,NA
1802,3.33901878756915,2.75661252932335,0.998480043049217,2.35329818932725,1.23263520377092,0.523017011946067,0.821808936800575,0.480711094976519,0.528161725809914,0.0827396010208176,0.263414634720539,0.213771661954816,0.022679344453034,0.72847936259408,0.104738321425044,0.58677945491916,0.721731623943197,0.43748075330467,0.759686002893373,0.140459667875315,0.888487025414244,0.256652389368042,0.286855463513755,0.933606414869078,0.39372575973731,-0.0626224161399356,4.76921879479444,NA,NA
1803,1.02881861019476,1.02246370002505,0.953354511750726,0.758267563863212,1.14132310678159,0.299685048518819,0.648176943098544,0.446093202224816,0.185466163922683,0.688842370150262,0.0168281721655512,0.337718091047835,0.345597062725807,0.840150567330187,0.0900154002221534,0.631257090118364,0.396715950659942,0.257883147621644,0.154027612812817,0.498265664230101,0.760541704120464,0.945956490510143,0.184890347714885,0.255021544364747,0.673208846194902,-1.47868462015206,2.99521974787848,NA,NA
1804,-0.397571854786994,0.406648509466777,0.998569471769186,0.465371743144498,1.07958489405795,0.84096363395371,0.824845563113922,0.450599408428185,0.153085863677552,0.505077706534066,0.0750061306066345,0.898381545938319,0.462941467099125,0.919287407772266,0.788591795708402,0.282800780569552,0.73942129449104,0.909185843965155,0.376786252195365,0.340980407121591,0.290638844205532,0.434883069818607,0.892616130187409,0.279233451903798,0.97876775858202,-1.65057576746258,2.58131925375157,NA,NA
1805,-0.991068106780734,-0.876576974924936,0.0507521557134044,-0.732633120814106,0.51700110328822,0.0650834237905219,0.142975908054272,0.474118275009329,0.282526524737361,0.175433354569366,0.531941319148405,0.108994464884745,0.994277590968064,0.0424379130735761,0.786500109864632,0.690745022661402,0.648969710356439,0.157270065449877,0.207395127799013,0.477095652673743,0.300629064271692,0.551309144229395,0.18294309895474,0.167802831350011,0.457459249718697,-1.74593666322649,0.280670421598278,NA,NA
1806,-1.008643343246,-0.94451758754717,0.052412182212844,-0.0340310404049116,0.474966316662938,0.414139204012114,0.201330610198318,0.713716704822029,0.783529281529132,0.527551597806509,0.390293269163463,0.191166956691071,0.351089897674625,0.776211289404542,0.766019511785591,0.7236538087636,0.466099075532984,0.940480798781035,0.266442455422715,0.224908676093677,0.101568214078201,0.631042767325649,0.638775709692272,0.942300025326549,0.845522020442179,-0.964947914933917,0.896885834124094,NA,NA
1807,2.02936357133078,2.06570925257753,0.0532533003246702,1.71494263783854,0.473129353069711,0.359363163808826,0.216331919238786,0.791977792471764,0.930847476472147,0.413153786581941,0.292406977013801,0.262570523834205,0.794254684140091,0.324796176953125,0.339253837306984,0.279374889357947,0.486678259566776,0.804964135022718,0.828940411566873,0.695674330978189,0.189627292191843,0.0714113843016094,0.358306713023223,0.181990259720944,0.738998233471182,0.787626145793169,2.64225912988391,NA,NA
1808,2.15546403161711,1.48428170307233,0.999034369666841,0.858735934356973,1.23263520377092,0.778246649376117,0.844520960528636,0.592878281163983,0.298389717579703,0.213626385350479,0.470641390309203,0.467721677273512,0.432369534538011,0.870944558581687,0.322031160713057,0.812255158869899,0.193546486092731,0.790416435282561,0.308453907384886,0.35208922650083,0.134043165684096,0.503464769667131,0.966841524476418,0.292631948633119,0.658523777880124,-1.55718467111022,3.27465653982416,NA,NA
1809,-0.224335097900349,-0.335019895843894,0.190942453299695,-0.687326595915442,0.55571472265377,0.192569359231275,0.412624081339338,0.00534457043907605,0.23737816443271,0.451612110289629,0.810864838593756,0.608689296477474,0.522651797032566,0.990376918644528,0.196025791634456,0.364884536307189,0.509447775589535,0.62295900256501,0.0671088308072649,0.350369855409954,0.0653395480136387,0.564094643779215,0.10358016910986,0.673801525506307,0.718689319920726,-1.7765074379955,0.401854246164611,NA,NA
1810,1.69370584268116,2.4054201307486,0.999401909852006,2.65596682684949,0.85435310721902,0.831003782226588,0.868492300249753,0.940409407379571,0.584781700482941,0.433998944194987,0.167568608522648,0.667719447564101,0.99301366171916,0.420287276656018,0.670914089579019,0.537905247302144,0.781816784110852,0.130619380368618,0.356255016225507,0.598760355294799,0.316523719836841,0.342201159411226,0.853016843681806,0.898347205796279,0.907755562979495,0.981465506620326,4.33046814707866,NA,NA
1811,2.20960495776095,1.90135674485589,0.999476991626389,2.07200662915015,1.25681324922324,0.791186056617531,0.875203455109033,0.898503991027246,0.418698474455858,0.866848622828838,0.186108086015563,0.405779518578434,0.290966458802694,0.238531759626232,0.163801525408053,0.922295150070451,0.0950443187839119,0.730493379991734,0.0637998886973364,0.999370324217249,0.394523634524783,0.651015844623325,0.533252145688748,0.485710736889741,0.489067140237428,-0.391302074620175,4.53531533292047,NA,NA
1812,1.50862520802926,2.53356715531739,0.996524181686399,2.01205873283067,1.29644516461767,0.665287936740206,0.780348329081666,0.678383706023684,0.692056371968938,0.594291114514577,0.406682576381834,0.129390591475996,0.0630210569634801,0.861585603989428,0.547718019526568,0.83782052934519,0.843174959459691,0.278846634423011,0.350792792829103,0.278173111123848,0.197725878232741,0.298736744703026,0.39550395985099,0.389290467528277,0.392579241918982,-0.528927097751053,4.5530445634124,NA,NA
1813,-1.20443009649387,-1.29798728973141,0.0861831255474895,-2.23117208267907,0.473129353069711,0.162651073139743,0.338548133492703,0.714595825871336,0.629496911106631,0.257118200149736,0.43844738085568,0.0759415573197184,0.940709378640633,0.540795807893388,0.0817018906481098,0.94820190743939,0.547676247675321,0.716212887843023,0.0569691996232141,0.0184907939211698,0.427241730629583,0.41193187186576,0.650012637279578,0.785707401727559,0.804261814896716,-3.15848857472444,-1.3038555906337,NA,NA
1814,3.03607517341841,2.91204677172349,0.0946028503613061,3.33649214838333,0.585677095453349,0.72992435632972,0.349471203980618,0.605372055200627,0.967921300786198,0.968034971810994,0.462643153235782,0.133591237312183,0.96779780192906,0.889496824196889,0.00699137458344922,0.479345207933337,0.116865015032352,0.937585066672182,0.78100302426354,0.101884444366791,0.497471048879786,0.845532928331289,0.596217576262308,0.222346475999919,0.853437605835265,2.18858613472474,4.48439816204192,NA,NA
1815,2.06227799010529,2.15983765393652,0.146529068020089,2.5740079490629,0.528821168705601,0.758373321020161,0.391026635088609,0.754213878318202,0.397225395294139,0.0330397122515133,0.299371920068981,0.0333503227416659,0.895182679764344,0.157489719104487,0.792466495702858,0.463608233077335,0.00270433397928718,0.279435051334091,0.937313191980007,0.900022414114093,0.595860122573213,0.433366107312031,0.559400545883458,0.401367884056875,0.837164771576063,1.53753750413754,3.61047839398826,NA,NA
1816,-1.9561292152461,-0.828820439161252,0.999929361371052,-0.259129563904618,1.39965674110862,0.273117501585628,0.975328287863173,0.449102339818724,0.80253152364993,0.299450283187791,0.730717443472007,0.139336192040471,0.517811798880226,0.909913826080854,0.69087446634192,0.440245875292574,0.881208089474705,0.264340949521284,0.307448418992106,0.820223463231465,0.5843847490435,0.719026176907006,0.941137570885825,0.371574301204411,0.204802712474018,-3.00240636719622,2.48414723938699,NA,NA
1817,0.191194408678524,0.230808572165489,0.999850049013359,0.544158563050806,1.25681324922324,0.775410339773283,0.937687546150177,0.419764340389636,0.518154873769963,0.881869739458547,0.493011539924075,0.841353551139589,0.341561114828219,0.188880230798852,0.359306762655382,0.480058819327038,0.847749794444069,0.260079900158336,0.0770557104429463,0.16480543476122,0.634324203928816,0.766426276669605,0.56375965345779,0.485373225725139,0.0150984292300418,-1.91915014071952,3.00746726682113,NA,NA
1818,2.2175307146013,2.09349830553903,0.0538807355866676,1.75037104324346,1.00124564805604,0.456666033839108,0.225182804321754,0.0609412267584121,0.0975025500573684,0.181661989003303,0.825776960804709,0.80353706061875,0.533047827345552,0.646826309549855,0.152166485956986,0.957301363038248,0.976140200585709,0.535570105629857,0.527025623374386,0.873887064685696,0.066470068244962,0.00933642163488548,0.183861258173594,0.342709460597718,0.56958154965227,-0.212034366623855,3.71277645311077,NA,NA
1819,0.349313773579748,1.61849622706216,0.9997555155117,1.71202154523957,1.39965674110862,0.207425865807803,0.913240400699782,0.408047993682208,0.0871459105863469,0.186136175203719,0.972426258433145,0.433551944955136,0.315691266988753,0.842129579176661,0.746252763899858,0.184168023159611,0.836127613677643,0.824965663031093,0.659528511011275,0.208757732054451,0.570480564021971,0.278496801868314,0.360025890431949,0.451098285305314,0.228523264201009,-1.03125525805204,4.45529834853117,NA,NA
1820,2.09391244618853,1.60412804018838,0.135115726094355,1.70793978992032,0.388045876294379,0.287861984436051,0.384070805169293,0.432901089278166,0.148008943746332,0.896304908103077,0.259200641140691,0.730553169099265,0.480487885741051,0.325571822581463,0.632242086326587,0.507588217523065,0.594376187829883,0.882837862241315,0.601088735711179,0.319554654029896,0.0578395760204876,0.767367624566541,0.900054823241429,0.283702887235093,0.068987487536273,0.947383848034052,2.46849573180659,NA,NA
1821,-2.05090798812508,-1.18245145163703,0.986256999762463,-0.779724781756178,1.08749253900383,0.162489528731909,0.711068019516417,0.558140054284595,0.661833327754634,0.793332455549971,0.163935504161054,0.717689379410935,0.804968050980242,0.292481917082914,0.135208704522927,0.446215633491869,0.246980016983347,0.566582613520674,0.966486865837593,0.725641818867181,0.503021867219941,0.937790533831809,0.869913500308408,0.796594382032985,0.965931355058798,-2.9111709916597,1.35172142814735,NA,NA
1822,1.05457219641442,1.46308678503034,0.896014690383556,1.77826712785668,1.14132310678159,0.32889098618913,0.604814354424947,0.565703796751797,0.555982837904827,0.975042146910215,0.0221584693184122,0.802454086669604,0.349576004461967,0.506863437342108,0.903080914405291,0.896187394200475,0.129866219243035,0.839594254333875,0.482841938815312,0.934982189804083,0.793025987433619,0.149722660209751,0.747660341668758,0.747056317724171,0.500346278931946,-0.458685056158589,4.01521931187195,NA,NA
1823,-0.205782960142441,-2.31666121372566,0.992745675807281,-1.80815457304605,1.14132310678159,0.396530550539843,0.743359940894996,0.710420835386962,0.0130872467826121,0.875799952548347,0.92125187042309,0.918975313427858,0.298422331169131,0.483338671812438,0.887134023142513,0.323285138216102,0.411763090332039,0.50112528791558,0.0618878484884044,0.0366320338553051,0.443732228917419,0.784977667409694,0.925113459646818,0.602737895633327,0.954731822680798,-4.04510675706132,0.428797610969219,NA,NA
1824,-1.51844541173335,-1.53757552857773,0.0503733878806297,-1.54103695876013,0.449739886193517,0.440354847464827,0.107939681366785,0.627960963119869,0.591798289202503,0.25581441023224,0.221664959005313,0.449302919644746,0.945212266604882,0.353404087202391,0.855041628953884,0.96238175055664,0.0645010155932978,0.0554561484052101,0.136220125554362,0.728596427897224,0.381624434463098,0.483366867146804,0.907394110878231,0.514562779509928,0.528436480131349,-2.42251093811057,-0.659562979409694,NA,NA
1825,0.848470241294182,1.09060880720302,0.492282801759028,1.3734522452885,0.946353006006838,0.610897229584632,0.493101245213649,0.227518147328985,0.134032003016211,0.305682568096207,0.426001499070553,0.190815384075162,0.93758717126085,0.112282828879775,0.0364874843595317,0.988127974577597,0.98737005259993,0.179814979625749,0.670723180672037,0.249409641183913,0.54271270175057,0.956019139169483,0.594323789851274,0.472967697900836,0.0950367056051036,-0.48136556314612,3.22827005372312,NA,NA
1826,2.82834388745773,3.32715186156427,0.479006974579369,2.11666757018808,0.817814901541723,0.583172930396162,0.490286826090072,0.296315912334714,0.711843362835352,0.0955812147801043,0.768093225267017,0.717413250579499,0.135635097757215,0.365423620167654,0.763575806519482,0.832880008117645,0.0959067586702295,0.0910661611299729,0.763137919075089,0.687198184127104,0.824422223559581,0.517600709478138,0.573055646690307,0.554194937174907,0.0273183586706873,0.513779817146136,3.71955532323003,NA,NA
1827,-0.138556254298685,0.259332083675388,0.997967848101616,0.29211474997381,1.14132310678159,0.206613778056693,0.807261265305569,0.131569238515687,0.244281145698274,0.720988195311744,0.480561136819073,0.152974322570371,0.607866810539505,0.740457576172194,0.540604601145955,0.494560677198693,0.270527312812279,0.799055039924919,0.574040888246382,0.0640154298575362,0.962512665613904,0.394174793626298,0.588875500702532,0.41211771159037,0.554447156414157,-1.94483743404146,2.52906693398908,NA,NA
1828,0.512938285236134,0.56786059938218,0.960870276286514,2.01415667831389,1.23263520377092,0.616624363393057,0.657375905730296,0.0615796334963525,0.179647486381815,0.261538296369254,0.329212422287557,0.286985059670522,0.00215154785173945,0.028647133095772,0.75878401482536,0.376336261018296,0.921943257156061,0.532445699285949,0.26027137021604,0.0344291643877514,0.731677892291569,0.968344790034695,0.579873604815453,0.452379334819387,0.696839389604283,-0.401763927153302,4.43007728378108,NA,NA
1829,2.59714396747091,2.56511869339715,0.0526058717676822,1.43509315787007,0.55571472265377,0.322850050001871,0.205202603911166,0.50879809068481,0.197391319609713,0.0527493352914462,0.928855848903186,0.24836003012734,0.13545197741664,0.222738275623764,0.197105890243896,0.33792678358336,0.506948995786603,0.708307780772564,0.0497104920044076,0.712232899771421,0.389791182289366,0.158429864807986,0.321365450905054,0.129774623953854,0.220356424948666,0.345912315790019,2.52427399995013,NA,NA
1830,0.109057011358114,0.0815506294335988,0.0500501491206793,0.67961676646813,0.731710137586664,0.603507782145985,0.00754182534036227,0.764686388884438,0.402718908743351,0.559080031960621,0.161403657554882,0.351582673978759,0.493390884098597,0.489227367977961,0.606972221991629,0.406504362164065,0.262154103935929,0.281401987683843,0.297470787834376,0.6926519493456,0.215681364407996,0.838046835180721,0.80221887754614,0.578309035942424,0.85175687331555,-0.75450875032458,2.11374228326084,NA,NA
1831,1.45603462507779,0.924865349927387,0.967442045128275,1.30524790075096,1.14132310678159,0.496472987558576,0.666928384188213,0.185177422755049,0.514807676135912,0.93656768454751,0.402272514326265,0.5236687733531,0.452717106224271,0.623538641283056,0.438065773907932,0.320695310724084,0.132899228258175,0.256469830178423,0.0937176428444218,0.37528816618002,0.853818238508655,0.469555394102586,0.466264636976644,0.630560176378814,0.766619428645005,-0.931704283264316,3.54220008476623,NA,NA
1832,-1.47024469969159,-1.08113568308795,0.864655439788571,-1.83029507600644,1.02292139630205,0.463650224247016,0.589747071293066,0.212620261213859,0.493119342368562,0.0653692329582991,0.388314243918052,0.998562580192694,0.0796695372997783,0.983000630776864,0.645477195476298,0.84861731738376,0.543619154914864,0.353520063735894,0.239191490674042,0.0860589473593282,0.536663688565255,0.529590590680134,0.741137295874534,0.95378754477331,0.208544686450507,-3.83518417177388,0.174594019761005,NA,NA
1833,-0.220905267486709,-0.211553459349209,0.0560304544006064,-0.461893545616225,0.263969632868477,0.179685584165971,0.247336422997178,0.908588582099299,0.167483429653803,0.620706621153629,0.367578714190167,0.481376097531756,0.698082064985181,0.589624661938404,0.505523842341965,0.715552385672461,0.18232464641775,0.109706031932728,0.430793745309231,0.547668278969941,0.673546822299249,0.0269973050679546,0.102224564165343,0.162128633031971,0.438256710225134,-0.9792645190507,0.0554774278182505,NA,NA
1834,4.3172688083361,4.3420751496632,0.0957302964424983,3.90914511714771,0.712624488834925,0.80021695159818,0.350781667978037,0.588455608445453,0.0297715263378341,0.0915322835559491,0.158207874290529,0.123523311092402,0.261514972499106,0.633427218048251,0.851694094496081,0.796680998036521,0.202720269513549,0.351548822974786,0.412251504090847,0.102096431793296,0.157195709055988,0.185366127048386,0.732323660717695,0.857148862688453,0.776104502567905,2.51242678453,5.30586344976543,NA,NA
1835,2.21487399718381,2.17115565877987,0.0641610634373216,2.03995125415493,0.803442471635358,0.22367669223703,0.290452640080126,0.575949823842733,0.438774808296701,0.979893085478689,0.985476162089501,0.359173958874075,0.293230260299519,0.0758768322492251,0.638488171676872,0.47515995953884,0.870753748167888,0.523147563141189,0.414487248503952,0.161590504325111,0.174684180838522,0.869124517453252,0.234713444545399,0.0627275502334814,0.277332967941882,0.465232946099789,3.61466956221008,NA,NA
1836,-3.42452497573676,-2.19818245567982,0.999503714882168,-2.00917654989925,1.08749253900383,0.308889995718957,0.87782720628893,0.50234710819181,0.761147629961139,0.62582166100631,0.485967266315711,0.803183334925794,0.950638024783693,0.848523017263156,0.726158187961089,0.551483615089324,0.854914027280058,0.517960908188368,0.450965882451274,0.343945621705032,0.7024402882586,0.343980308866594,0.318789953827509,0.217427904570242,0.131766743630869,-4.14062275980278,0.122269660004275,NA,NA
1837,1.35382708409828,1.39341159539063,0.999940858292628,2.28877475444577,1.07958489405795,0.551996239648783,0.984210931160254,0.539374754916993,0.248979553884827,0.39330917923036,0.910537313867942,0.665406534042559,0.828551977841882,0.347120259160176,0.659478220378864,0.847490625024657,0.467196024489589,0.939297209983575,0.762653124475502,0.75308173879236,0.613713620300172,0.98440824489051,0.785508861543029,0.932791421729606,0.994866829254082,0.172827243838689,4.40472226505284,NA,NA
1838,-0.0356167255659487,-1.56180466847856,0.999437135708819,-1.01418849052616,0.786490261967677,0.082051005843794,0.8715293023017,0.0920968535075663,0.706757547964226,0.599800962060341,0.774352398640476,0.277546215032227,0.0196607803959632,0.441599854912958,0.572374160000589,0.894564597758581,0.386189240757376,0.158748282777495,0.84042571120942,0.821352696518996,0.956998382234131,0.609554778333288,0.181465720434673,0.570340534704505,0.878992620971054,-2.55568107817427,0.527304097121962,NA,NA
1839,1.2350617934302,1.24527338013489,0.050154515343679,1.12381097710349,0.473129353069711,0.0846210716050118,0.063811940031359,0.891927674634964,0.464378595664515,0.0436303520194488,0.864568740428309,0.503227633967064,0.845802484108135,0.211137584811193,0.668312725847587,0.214501671573147,0.66498193064169,0.00598144202376716,0.38073544075957,0.397851362604764,0.912250505351229,0.718246613604249,0.157929326316924,0.584514751362382,0.559565376879531,0.196494485058121,2.05112746914886,NA,NA
1840,1.91502893907575,2.71671439379914,0.925171308418053,2.75603801785537,1.29644516461767,0.691345698316349,0.622960912975599,0.511232984415255,0.649735657603363,0.757886514263228,0.448661704582861,0.0587673807262909,0.26000746616337,0.661958090578904,0.386422617586446,0.766873485221528,0.692480691295816,0.509293126187054,0.013853772027418,0.560087827809621,0.00270424595358782,0.66576740390691,0.952672270750278,0.808269179488416,0.634077067566221,0.215052187273645,5.2970238484371,NA,NA
1841,-0.778210212930704,-2.421226598062,0.999883222508528,-1.37108863935494,1.08749253900383,0.372134441701113,0.950191199526191,0.410660224316991,0.850494274481665,0.696183621320408,0.743369459761423,0.858748794735177,0.904476009185892,0.792963155010599,0.165709539273637,0.12162388004188,0.725492873199284,0.335960020832019,0.201719311029883,0.66299131301872,0.567818039184553,0.0846809875406325,0.81464282083232,0.878787504731095,0.784967140964931,-3.50253484925847,0.760357570548585,NA,NA
1842,2.59667752794561,1.11187185390746,0.986406011988292,1.55953618991045,1.08749253900383,0.201450999113265,0.711621075943695,0.78837075936934,0.56516826195165,0.669752050490351,0.302845609945129,0.93502842121711,0.232577972858213,0.667275637881714,0.265538916816004,0.654085438484675,0.0555431717913598,0.597474776506424,0.836599178370787,0.471040672268136,0.847619537123479,0.0493160971193574,0.387049426689744,0.606006244119839,0.857911605811212,-0.571910019993075,3.69098239981398,NA,NA
1843,1.4514664001749,1.17069939194456,0.110420596212194,1.48268487920776,0.730409585636245,0.183708418374648,0.365529063634691,0.391450211884337,0.536007027577376,0.961083232621313,0.599471725706593,0.759484020633972,0.177525389120216,0.163367530346266,0.847218228336656,0.753503233949305,0.653125730371219,0.168555847064592,0.603566733601969,0.893488277682569,0.0242923107409151,0.89337500506232,0.882947060323204,0.753704802277265,0.749128155203653,0.0511083973978965,2.91426136101762,NA,NA
1844,0.513093772159176,0.491003417979679,0.0566448687902352,1.40680666098117,0.194945978274951,0.351599924637936,0.252220106867026,0.132700115181506,0.612191507793847,0.902237397380755,0.86947487876832,0.561895135203493,0.81870924639015,0.272047153540305,0.426793367302627,0.623047499033157,0.838193491930375,0.643892931592069,0.547285078182933,0.786878482457367,0.370544920886867,0.588554895891924,0.582944574769237,0.101561170357163,0.493611280281679,1.02471956463134,1.788893757331,NA,NA
1845,1.39291459858482,1.39691167658963,0.05705062397137,1.50405585356863,0.585677095453349,0.751906924099079,0.255205176112475,0.583816089368425,0.988574832660495,0.795259180338588,0.56651360343711,0.940576378082274,0.16767968966614,0.693674777162261,0.723680363841471,0.968086969893426,0.1854412379266,0.905608674208866,0.796536470631603,0.858967862273217,0.923074428937165,0.224773653154843,0.917879666076158,0.962363867516629,0.447396110645379,0.356149839910042,2.65196186722722,NA,NA
1846,2.4843345303383,2.18252034603445,0.688358107537127,1.43441664434575,1.14132310678159,0.271706534468452,0.535852233745973,0.304190572999534,0.499001696681604,0.994440153174102,0.366165600680746,0.528788272845559,0.636653975355788,0.501363081803429,0.955121147049125,0.830507345785853,0.114272359975264,0.106593065013294,0.0841629192105029,0.664725021013874,0.192079052984365,0.445195352234761,0.140189159702277,0.790904050208395,0.260313755907817,-0.802535539669517,3.67136882836103,NA,NA
1847,-0.0976950118949017,-0.024586247226848,0.0584747174838246,0.534947266222574,0.502646347146875,0.12019278404233,0.264479305814486,0.846885581257171,0.991362636539154,0.687100033595576,0.667044163823361,0.618042506347061,0.395026031933608,0.0596756821040763,0.745515638743411,0.945657180071925,0.772440971739357,0.0214626141292974,0.628860149569693,0.374691020850674,0.83890543548658,0.998853427574621,0.971045422950294,0.0169954604099039,0.741257680259645,-0.450221471145917,1.52011600359107,NA,NA
1848,1.87748874296698,1.8386720804278,0.0567139334638984,1.61160885438122,0.800018748517425,0.445944874091074,0.252740769694326,0.645071466590976,0.551062968595303,0.958482469818671,0.345871556825587,0.459560684016324,0.41108064938616,0.426859615806839,0.596856205532676,0.995559890451026,0.501769972858136,0.368878929034923,0.507691673618741,0.774182198874536,0.258724701344152,0.507871715978254,0.100909510933678,0.923986522399005,0.55183066981216,0.0436009203302627,3.17961678843218,NA,NA
1849,0.0524094009624266,0.0479061562469824,0.0534230030503534,-0.200093072957527,0.51700110328822,0.0998135501185898,0.218883296710672,0.982335173084983,0.266713959217537,0.374186601802823,0.348046923865797,0.307557450019871,0.776851332977996,0.0987703575559426,0.63394041899778,0.351835205051815,0.827734746407601,0.420879012896912,0.176812673480599,0.0230582863021409,0.766158418001258,0.872687911458081,0.469891983838868,0.729164854190778,0.300429738780134,-1.21339661536991,0.813210469454856,NA,NA
1850,0.620803494565817,-0.849002562657698,0.97380286579142,0.30270239318323,1.14132310678159,0.337527945623267,0.678142433836823,0.384994847692666,0.403561785726808,0.826881957310834,0.941157783591887,0.261251572264708,0.246587182229734,0.0452854604492895,0.730896599876345,0.922506871193997,0.531912905942998,0.675686651053955,0.556607775338576,0.540165000873967,0.112192706168396,0.886163878220017,0.75687814059318,0.855921735654934,0.365794210489257,-1.93424979083204,2.5396545771985,NA,NA
1851,-0.791652107033299,0.0494053882696913,0.593892508458714,1.29283240093869,1.29644516461767,0.846776038599899,0.514606687526801,0.697870988256647,0.956605617062654,0.563760271908483,0.948993663816596,0.0239783027971862,0.230046629045741,0.843609064064804,0.431149200725369,0.700318361875368,0.216917716588709,0.272052235273528,0.866025599455112,0.24196048808319,0.810533067967976,0.649479358528042,0.61108214358089,0.326435757622123,0.0739028660013573,-1.24815342964303,3.83381823152042,NA,NA
1852,-0.0231647924373955,0.0573284824925738,0.992963149922458,0.454480578571578,1.29644516461767,0.560967680566944,0.744893328325008,0.617457333076978,0.624402348252246,0.882490819163271,0.976396894784411,0.488052715175552,0.570054065844161,0.642895000118995,0.761691019510617,0.255484554089024,0.99353231203137,0.477477966820705,0.839054661724018,0.177021041034837,0.757045107658487,0.437060725990101,0.329783618612098,0.666090676199296,0.904410603924654,-2.08650525201015,2.9954664091533,NA,NA
1853,-2.34440555282755,-1.59807542212422,0.999938298366789,-1.54002500292207,1.14132310678159,0.0240653906468069,0.982092095581465,0.299242472984712,0.398065398394014,0.768182048778399,0.852988805341069,0.285629871563404,0.991297004027409,0.821293751019402,0.674703435611213,0.305298302354058,0.206275557137094,0.600726747184759,0.716657032950665,0.00205245069065131,0.14573279655294,0.293613548883004,0.397313106703688,0.063368636842235,0.877977790867793,-3.77697718693735,0.696927181093197,NA,NA
1854,-1.21111709437202,-1.13412040806806,0.0749587737511453,-1.06548735663784,0.474966316662938,0.357153995280503,0.319369355414878,0.501816555011086,0.906308729863842,0.665243441475206,0.938041342247627,0.798376466016285,0.468161621287581,0.314784502138034,0.59631709186465,0.306518716477789,0.529781322802766,0.408459964183276,0.383711227949592,0.0205654074274935,0.247710364113096,0.782553124762722,0.99691937975341,0.125860127963824,0.562070875697187,-1.99640423116685,-0.134570482108839,NA,NA
1855,1.35471033464052,1.35396092751205,0.0505067434878873,1.20079439496554,0.502646347146875,0.257758255662047,0.12321606137231,0.956283044528915,0.411032286690082,0.540992275459808,0.265967052885331,0.432098687005928,0.013524458430009,0.569430666972185,0.19975545438542,0.914003209755057,0.532710258259671,0.328083191303653,0.717670056964154,0.144666282969993,0.975331769115175,0.813911580488086,0.149916476917104,0.52961042501044,0.800503863328137,0.215625657597045,2.18596313233403,NA,NA
1856,-0.0406252559525259,-0.00644859735177783,0.069860952252447,-0.575047589170048,0.449739886193517,0.283400793086737,0.307671075852471,0.54359766173549,0.511894764721044,0.331212601027219,0.0114583518099971,0.275529046778567,0.13394242528989,0.582397414402803,0.58526735881553,0.717070661450736,0.89817992064869,0.139880775148165,0.218597005823627,0.590439698014641,0.773877131461748,0.125758743820596,0.694408498338889,0.506485259230947,0.00667800514469855,-1.45652156852048,0.306426390180388,NA,NA
1857,2.06865324411114,0.907279482915888,0.99995067033088,1.08269088651097,1.23263520377092,0.795175797897857,0.993281981425593,0.95797483109904,0.267122733265976,0.0973326372415759,0.368440698302933,0.125118241076823,0.104114253750886,0.619500366769382,0.399889255158254,0.89149844326661,0.7285771382557,0.237787749135401,0.421897541951737,0.842854757978464,0.791885565039469,0.637923762016697,0.679090593116707,0.991744185729884,0.972238748539006,-1.33322971895622,3.49861149197815,NA,NA
1858,1.15454438881532,0.158225623270341,0.883088292336836,-0.0129167153568901,1.22125306711407,0.615616212583147,0.598186030759593,0.311656194577459,0.677598323435057,0.204290952714859,0.562642681567464,0.0750023991346825,0.709339652420953,0.271575806965935,0.956694655503146,0.383270245431573,0.249737506143283,0.540181154994527,0.882549050700618,0.456819921378628,0.552795024658088,0.636568903709762,0.0397496556102997,0.0986554753991077,0.760075085876044,-2.40652874290954,2.38069531219576,NA,NA
1859,2.03407121611791,2.10821350216376,0.60235296587847,1.59688465184857,1.14132310678159,0.0490789039309602,0.516431125500356,0.174285644020652,0.103327854044037,0.760335735109751,0.622071572839166,0.634290238014189,0.360180752068642,0.580445877733175,0.684260447707376,0.566202948825317,0.172179108752171,0.709920042088372,0.75916715398652,0.84656981936784,0.778575899123098,0.212798259810661,0.0418188452018658,0.508577955258545,0.248124301763833,-0.640067532166698,3.83383683586384,NA,NA
1860,2.64224482151446,2.67139952049073,0.0602921472515783,2.71512528363917,0.795393220815202,0.672421859290218,0.274290608484531,0.145170487351483,0.476431618088391,0.176795215371763,0.587282588947215,0.542474356183549,0.754874607474427,0.906879811167717,0.516060031590285,0.647854350575246,0.335931930035935,0.823817214271519,0.483482396646286,0.516816899479134,0.639958216580912,0.38352215731144,0.737371394591406,0.23230620411539,0.0445259320260957,1.15618321729406,4.27406734998428,NA,NA
1861,-1.97781082128929,-2.30901936292299,0.99911939861343,-1.9289002076676,1.08749253900383,0.173236557667959,0.849134240848594,0.998883491019718,0.890727298814221,0.684767633729149,0.821235061265877,0.876970218579634,0.805017044203822,0.70732251291431,0.875086056244443,0.816346783274668,0.602128788828035,0.627536889111856,0.903750858418643,0.0607247692127712,0.479730003569275,0.647245134989731,0.916420316509437,0.336452424555318,0.368035588433617,-4.06034641757113,0.202546002235923,NA,NA
1862,2.54484280957704,2.55452998936225,0.0504003817678206,2.1328368714146,0.51700110328822,0.199086536057875,0.111431139562163,0.793241977762431,0.297352739909664,0.111655890612397,0.332403788485099,0.129814350299886,0.387826250224374,0.41893115319754,0.364481611873489,0.12118950138113,0.82231990842626,0.221682923773653,0.42953997495526,0.188410813437542,0.58451312355441,0.652002956860699,0.926217861929443,0.309686825725716,0.522483422022196,1.11953332900222,3.14614041382698,NA,NA
1863,3.42814760095184,3.44880476597533,0.0509427063103874,2.70201535657113,0.585677095453349,0.934156489053741,0.154276517193182,0.840302635071566,0.713153741354938,0.85904773538711,0.334068568815594,0.245510606930824,0.543026456130319,0.429107682885253,0.739422418555827,0.516165323016583,0.745006929688971,0.0353696815950097,0.2753033896368,0.20520273666014,0.663899371740525,0.495435590364272,0.899746310813469,0.888279864774318,0.973310937807662,1.55410934291253,3.84992137022972,NA,NA
1864,1.32261689757366,1.3037775106516,0.0500929064438832,1.53398336274565,0.388045876294379,0.250083286229405,0.0383736772263655,0.325432565664407,0.251294741760008,0.819539892785717,0.854643416805426,0.367519826306496,0.496077288179542,0.112812475648941,0.488409380302415,0.794964003486442,0.817238752606208,0.0991485632103868,0.411525565893971,0.538193409493077,0.170155117522692,0.338077542049112,0.512359527033404,0.886372464185115,0.685749275988084,0.77342742085938,2.29453930463192,NA,NA
1865,3.99050862453596,3.43637898284586,0.982597069676824,2.72486477412172,1.29644516461767,0.714753817677265,0.699066732042469,0.91290645608143,0.77476972516044,0.685520133147715,0.924697110273177,0.642220424482599,0.0105703468248248,0.963402675242512,0.000622552683693357,0.115109916458605,0.878164893526584,0.836199814346968,0.913998961938429,0.443258383433335,0.422690682674642,0.59784242610971,0.333863249414833,0.187299255768419,0.780720483565005,0.183878943539991,5.26585060470344,NA,NA
1866,3.23019877838008,3.30834903691016,0.0666078246819942,3.19017556283031,0.761159008133694,0.753069026035024,0.298552425009897,0.638305308981915,0.114094748112489,0.6907005383285,0.349723202695721,0.644022998305503,0.743092762285494,0.393892200991977,0.864845881205983,0.0499921567108249,0.00215545064839534,0.497244257569197,0.870325717485975,0.159811299631372,0.335038754280191,0.981426121182856,0.798251206414658,0.548953308338416,0.970175402256544,1.69833132038004,4.68201980528058,NA,NA
1867,4.04953945298261,3.86979916551697,0.575452942912934,3.71876083505984,0.433571149005273,0.706852118323091,0.51066188932315,0.0701591947947163,0.194773015838116,0.92037698315992,0.703739608747652,0.22756682557473,0.847154654776561,0.799402169617824,0.854117317239754,0.0473615256058984,0.964452672065934,0.636687045149622,0.960020166655653,0.104396037010476,0.065743395426427,0.3551799462497,0.340583169043297,0.646254324100446,0.467502722694073,2.86897699827386,4.56854467184583,NA,NA
1868,5.04961438111904,3.69418055740354,0.99896109283532,2.47644389618717,1.29644516461767,0.6117718067026,0.840859922111151,0.970824704015511,0.717065534906462,0.359186277015833,0.1602118446104,0.0598892791670514,0.444533297069371,0.955837935448275,0.328046446887194,0.317116706994013,0.517721756370273,0.586864000087138,0.755194022109616,0.322628156361869,0.330219286861364,0.973045094766654,0.747174753609928,0.891389706830145,0.00263584839261603,-0.0645419343945561,5.0174297267689,NA,NA
1869,1.79055881150936,1.80370973119819,0.0501317806846868,1.49401114492813,0.388045876294379,0.200664726571762,0.0558530261854175,0.18251652625564,0.0764207522479119,0.549073194167227,0.246135102368542,0.509514103127178,0.837475538097438,0.255478244744358,0.461003961508628,0.00882610530371312,0.755470559165929,0.717227381231147,0.705215498525882,0.954946548013249,0.635776990503888,0.347052096838481,0.111486072713626,0.0544988770481432,0.406861959640635,0.733455203041858,2.25456708681439,NA,NA
1870,0.159871968723759,0.283025700662921,0.10197369513294,0.611238613288087,0.85435310721902,0.607819260214223,0.35752691835817,0.260884035851806,0.462692560213036,0.503465681670234,0.327792622309178,0.35338358295057,0.597071567987208,0.732491830032552,0.459951987613109,0.415838496036246,0.645501929370454,0.65808974842832,0.152022500276798,0.493452584872488,0.354146147399326,0.123700127031538,0.614865739434957,0.632322561970446,0.761618535729824,-1.06326270694108,2.28573993351725,NA,NA
1871,-2.17741199701757,-1.07109590379318,0.985471040931031,-1.25565600291168,1.13626292047755,0.108394497865345,0.708245317731635,0.922624288585736,0.0737920309607871,0.867454600370838,0.595641610485036,0.685202991236118,0.569445501136361,0.607531256752438,0.151681748919073,0.357075540268444,0.0215073987233918,0.03659191661363,0.530090240787482,0.686909559371998,0.313434423522791,0.622309346522903,0.413020748712472,0.236766310305684,0.186385299611022,-3.48269040401599,0.971378398192622,NA,NA
1872,0.0292774691124914,-0.971872470880043,0.952476967185136,-0.0735784969238564,1.08749253900383,0.186712027839269,0.647196433693869,0.666820702581201,0.606382030316512,0.673573993131984,0.954156834708992,0.763925913747982,0.422348584726802,0.489621496784966,0.823659074484371,0.466782716283924,0.56696440970432,0.344104816736071,0.0561070376553107,0.99828421752248,0.243899114385829,0.439266156344791,0.267640154302353,0.124350997521542,0.206646191083943,-2.20502470682738,2.05786771297967,NA,NA
1873,1.16581853999284,1.14273179413896,0.20136133885139,1.17422455167925,0.55571472265377,0.0742285150589887,0.416838067306438,0.660643687929725,0.262013657709351,0.197653444470721,0.0730231438957853,0.83157009283267,0.632766687978175,0.438917388512171,0.497149371162523,0.597538663039566,0.323683769062161,0.293974413096672,0.17853414703859,0.109153043751139,0.871085943265934,0.219173415016616,0.530923187407665,0.98051516014419,0.75965868294239,0.0850437095991925,2.2634053937593,NA,NA
1874,-2.15831889469568,-1.9879423702802,0.137855302634814,-1.96073518086139,0.502646347146875,0.251859747967916,0.385813402698142,0.534548905225936,0.764153568356182,0.64933868789603,0.654282376575866,0.0926491711875424,0.565848359028227,0.476983741203556,0.118763510835008,0.0509813060250599,0.0512164316379931,0.63035263823194,0.732685231545707,0.768165598675725,0.622367989570717,0.929760376322083,0.38323788981454,0.832129893385572,0.241638508632197,-2.94590391822989,-0.975566443492903,NA,NA
1875,1.07629128991722,-0.669818371675486,0.997072964537458,-1.08349200807889,1.08749253900383,0.122133199756499,0.788969300750294,0.529230115092476,0.812489738840726,0.765643792927382,0.409814654151676,0.15634912593069,0.0839014690651093,0.883098733850173,0.291801054227166,0.0904914212694857,0.789527025689022,0.679303335493314,0.415737993818126,0.238277017200482,0.977866310317069,0.56858099728974,0.326962528734584,0.945135636795661,0.97274396887538,-3.21493821798242,1.04795420182463,NA,NA
1876,-1.42156398669703,-0.599690332111315,0.999356968770489,0.665828972751482,1.39965674110862,0.438388111991924,0.864867343395483,0.458723189482349,0.992471923671896,0.205323580811848,0.705951917802333,0.247127196093788,0.866030238163541,0.82060317708482,0.162452443768736,0.0795012049892685,0.0979760456099175,0.585405457346235,0.23298854239413,0.679072119833087,0.107956272310461,0.661421225324506,0.756063247121871,0.284252862706431,0.31337708831497,-2.07744783054012,3.40910577604309,NA,NA
1877,1.96071464980255,3.41046673330415,0.97266427169253,2.9614041528818,1.29644516461767,0.825870642576716,0.675953542829724,0.985666236811667,0.819904917969136,0.558954378736787,0.372321705235867,0.448489400431863,0.464158064850722,0.230207463075756,0.535813749794732,0.799255255340831,0.454192330175079,0.137534434551606,0.0641483026363421,0.428826095132739,0.480218584158225,0.136391325624078,0.810353112374782,0.689983788382262,0.22591062633181,0.42041832230007,5.50238998346352,NA,NA
1878,2.40872473220827,1.40779804939917,0.999879718675523,2.05194226974425,1.14132310678159,0.453511673940346,0.948712863698369,0.45249488839542,0.0529329720188398,0.842921206144383,0.283351530886488,0.678355181212421,0.234511216867017,0.0447033602521988,0.517705544710276,0.153168210331816,0.512709654496051,0.131199517012225,0.253539064513985,0.704632154824794,0.832652463711915,0.186260792579153,0.661581952255103,0.094884858656209,0.46459761794412,-0.185009914271019,4.28889445375952,NA,NA
1879,0.126476592289548,0.00844715480671374,0.363171030700333,-0.105366302617066,0.817713804913994,0.881967889802298,0.464512416989077,0.318657049376634,0.644592370579485,0.565992481760099,0.153948894017492,0.613626648523845,0.0128167746672407,0.100352917299955,0.583929324115626,0.302644575650105,0.24089651250944,0.81710239233519,0.544092477313359,0.470968506944366,0.992281943144626,0.607211994672543,0.968549626787193,0.640406550557585,0.747472974304925,-1.70805590990971,1.49732330467557,NA,NA
1880,-0.70302675434579,-0.0650633406656005,0.97209131736833,0.481954278460431,1.07958489405795,0.87698357381078,0.674885320775094,0.910003633953631,0.0497357471835567,0.625127485152101,0.381778705916018,0.107008031191886,0.494252735755057,0.887645618882147,0.182852823112276,0.231046141956933,0.162119016952463,0.886595614209422,0.152879025756032,0.665062277070479,0.775770619507297,0.312598832743708,0.275505693782354,0.947540540271206,0.929330292412895,-1.63399323214665,2.59790178906751,NA,NA
1881,0.0854128232682492,0.832602751923143,0.484414211881063,-0.459303559853037,0.531209721489783,0.681249764386797,0.491434738864424,0.374743630236131,0.503306652334635,0.325216632820433,0.148698799376027,0.994052211875329,0.269894543466158,0.342245108253323,0.524070867028553,0.5323359381794,0.738980783841573,0.957636519386084,0.648093190176995,0.805345899670967,0.281435880127596,0.615724900367437,0.56828296341782,0.255741917714593,0.502608259003726,-1.50045548221056,0.581848362504489,NA,NA
1882,1.50570473108646,1.36591709285165,0.0580926376402456,1.02332799504477,0.98418344177131,0.872366024661576,0.262152389337425,0.333694248388521,0.00978331476752646,0.33248077990592,0.464950347994454,0.550736213952769,0.797934513979708,0.40112472388125,0.907857729289914,0.155264805504354,0.101370088221738,0.862830814354122,0.679667450707988,0.784579965575715,0.0335946426978335,0.388175244895509,0.492359780573985,0.424013365865801,0.957834048528341,-0.905636105007673,2.95229209509721,NA,NA
1883,0.36987868775929,1.45710336181395,0.990297316330495,0.815702389149696,1.14132310678159,0.214720467234729,0.728689680250944,0.181036034439341,0.412797900594887,0.907715158661827,0.560024292106158,0.17810211407661,0.489221756139654,0.395288906852133,0.769078559476417,0.0259467675958294,0.203400601609261,0.334829875951749,0.360221402858384,0.980561941368156,0.925585387206287,0.765608270241995,0.327484200912761,0.503526076798094,0.236843498630915,-1.42124979486557,3.05265457316497,NA,NA
1884,2.42119246873971,2.51146336282937,0.0503039628549016,2.21514390344691,0.833113152284173,0.548846559991129,0.0976504127319204,0.878209445149056,0.904579989238991,0.0181788169610081,0.128163830157719,0.289071014669142,0.963627981082769,0.745632095148554,0.241863500718027,0.711846935024369,0.640724323385046,0.538067400212749,0.571661050550989,0.973195736319525,0.476251885586185,0.355628909715568,0.329460292324075,0.207235521024209,0.802442962525063,0.582272129923297,3.84801567697052,NA,NA
1885,2.46767432585135,3.23485692797101,0.993339220976139,2.36684305240901,1.29644516461767,0.928792432576418,0.747659474750282,0.856614946504938,0.994636430538027,0.595021294083912,0.778651686419151,0.672784734131536,0.162538765141624,0.608842899434618,0.0368653758685105,0.672349645874929,0.156695591413416,0.191724004500895,0.481760014620726,0.988099092481658,0.970875081609236,0.937210667805863,0.347918557427707,0.988296163566411,0.645326954048011,-0.174142778172717,4.90782888299074,NA,NA
1886,1.96561543869771,1.10045947735214,0.981882780895467,1.16088573370321,1.25681324922324,0.693649803585838,0.697017210870981,0.438072059487342,0.364967240382684,0.91909663042333,0.34274370233831,0.476448062968091,0.102564057921176,0.318190500857192,0.524782256982522,0.501559977808618,0.949003928177874,0.0857872030244907,0.088931900209398,0.535363735224702,0.435239485403057,0.327575004818616,0.532764430912561,0.581718904303736,0.835754390166374,-1.30242297006711,3.62419443747353,NA,NA
1887,2.80653890596866,2.79288602471658,0.524732092816531,1.48580847601986,1.29644516461767,0.576256544992211,0.49994359848171,0.701511561514926,0.705161747436156,0.900623317756806,0.397816551404889,0.361113952890737,0.789884649174754,0.988536211750237,0.612065904099844,0.53482452636736,0.620774495048681,0.503516878193361,0.487843142024823,0.309294804732781,0.971773442681413,0.485553043956985,0.260711033435073,0.257643385218806,0.798869311246555,-1.05517735456186,4.02679430660159,NA,NA
1888,-1.62993400231712,-1.66236475043667,0.0736819731070347,-1.96731266447354,0.51700110328822,0.0399218082857551,0.316674825653434,0.248024508666713,0.241124773397809,0.411165220798459,0.30209155166964,0.164942016963731,0.69719807295769,0.712246620670543,0.271432870944613,0.936754482813529,0.941869507139316,0.22775293290941,0.772566382819205,0.325554301707423,0.589048577621928,0.373914612184511,0.430987400073209,0.240134930153727,0.910390308427159,-2.98061620688592,-0.954009122061154,NA,NA
1889,1.64637890546308,0.497894083259354,0.981600717543684,0.462689158164566,1.14132310678159,0.415445502850693,0.696229632066097,0.747909434659639,0.0420513070243178,0.603497683770023,0.455390236449777,0.439127680729842,0.280614418218029,0.118417111582472,0.933744072201895,0.310719264800544,0.00754328607942443,0.201953872387181,0.283335685014958,0.254984947457444,0.218591992644593,0.392575871161884,0.989259102707496,0.922773245588294,0.756513306908193,-1.77426302585071,2.69964134217984,NA,NA
1890,-1.8119016063839,-1.85575781580985,0.0501062751915162,-2.26892645408483,0.449739886193517,0.229842993597849,0.0450963243814185,0.679387425669585,0.623671499259886,0.435667110533803,0.482594946255675,0.445297590888804,0.511536373182083,0.0301664379925933,0.27035766304459,0.83554710997513,0.416726455397788,0.842251355387969,0.932110521857394,0.828103154876269,0.725167403777596,0.435415171228349,0.0681959793026326,0.445711061549257,0.0662679721806198,-3.15040043343527,-1.3874524747344,NA,NA
1891,1.99141287231549,2.00921129119415,0.051338236044338,2.29184681304351,0.438931205772253,0.60161930422124,0.171815001998912,0.101008963903761,0.252561782383942,0.861470036794315,0.659656396958511,0.817060849784641,0.227111410300015,0.36727641226945,0.567146104425774,0.476274067370919,0.842875964192674,0.0244676770372316,0.774121023404296,0.23532187253132,0.582751569758868,0.745262130517745,0.19613388355705,0.140474142735591,0.844371211686986,1.43155745803915,3.15213616804786,NA,NA
1892,-1.9262413413947,-1.85644558004759,0.0711449972964179,-1.30877583375226,0.473129353069711,0.137764145891997,0.31087253476656,0.632904933541315,0.451296173688374,0.494512078128755,0.977438046492054,0.807119228187832,0.0756037671947852,0.213171187630389,0.100996980075026,0.615743613004335,0.822589565836475,0.982934200180462,0.0438048379590036,0.645118583199335,0.971082533802139,0.214343415359734,0.118125035234028,0.119242351469584,0.813971038382966,-2.23609232579763,-0.381459341706889,NA,NA
1893,1.01382056083319,2.47468522069592,0.999819370680682,0.968094664594178,1.39965674110862,0.390248382113292,0.928379006880568,0.222034296879894,0.0329977022418752,0.485611048366758,0.169963210003218,0.931594790900126,0.573789570763474,0.228231587859802,0.880192352305283,0.0649755457618739,0.251359901783522,0.246029258287745,0.153220317809144,0.204247299123788,0.762152427158202,0.330235926297028,0.1052338095624,0.0316854210717138,0.219395379601512,-1.77518213869743,3.71137146788578,NA,NA
1894,1.04001423179732,1.01958284865916,0.0500849722638183,0.620387446824373,0.388045876294379,0.0784839523797855,0.0339098540066043,0.158615234871744,0.0953839084578212,0.899699952325784,0.291873553106212,0.416814982015057,0.0887942630802281,0.402802118147258,0.257025809555431,0.823329829474678,0.979570849951357,0.456074138282449,0.995721516826889,0.356043301491882,0.410277411637828,0.476618164966931,0.708291366707883,0.761610965566128,0.0281996492259204,-0.140168495061895,1.38094338871064,NA,NA
1895,2.49985000343695,2.5481524884042,0.0511848264665632,1.24952362368521,0.442453392108387,0.981389982716995,0.165719115084386,0.92923481592501,0.00525627267407253,0.783011994872126,0.261265467607649,0.3700403961048,0.992594973901985,0.43376375934144,0.0564971651518717,0.371228772666771,0.477397371569416,0.192605791511014,0.272789875786286,0.132456135315704,0.32393827519042,0.154667801744188,0.526096389389597,0.337796261990559,0.529518336829729,0.382330910315193,2.11671633705523,NA,NA
1896,0.388616380202754,0.774620452385038,0.966579091719347,1.24650110138596,0.85435310721902,0.797494132907712,0.665573333028355,0.869355040252209,0.433735207432066,0.344974364014924,0.856066735134926,0.597992597200093,0.882027453628252,0.199955658792984,0.716108911965159,0.589225932353991,0.829790205541183,0.0291016461789841,0.643605910784681,0.747376121350215,0.546869144100696,0.563994792311802,0.135607838313212,0.483380044870777,0.834934712781338,-0.428000218843211,2.92100242161512,NA,NA
1897,0.400387791877483,0.463835549153421,0.0574236199430607,0.47381351038938,0.388045876294379,0.0660214570889948,0.25780249226361,0.366917360011837,0.169130676673842,0.662501587914187,0.428321691014222,0.849246636315133,0.244803151591797,0.100692377043539,0.409499235914438,0.827221894867602,0.969381859232904,0.114015708544757,0.45347036396456,0.720284080496174,0.406338665287825,0.860045507882955,0.228373356646858,0.870649066326558,0.296219674236258,-0.286742431496888,1.23436945227565,NA,NA
1898,4.1429869432618,4.00438542024084,0.0772249806322287,3.15582393397283,0.164230784955083,0.969755574936862,0.323837475098087,0.588931577714859,0.405733143312275,0.354255288920016,0.885106145797064,0.958381259334856,0.4421228474729,0.47846656150755,0.972682755825925,0.998450233640149,0.01772669508541,0.447129477683688,0.444628412666731,0.0250758231452201,0.075030936760013,0.950302377537475,0.0983206506841816,0.178328037740546,0.468588936832966,2.83393751030813,3.47771035763754,NA,NA
1899,0.934908785873459,1.59419402941573,0.998527214225549,1.22013966187844,1.14132310678159,0.175797357046395,0.823387739438796,0.237725329887471,0.130190760769648,0.875393892994965,0.16707464778237,0.0390829021158861,0.970145041266107,0.455197727771825,0.325581838393118,0.994866032139747,0.830883400435909,0.439240258282283,0.737786852275953,0.370381077355123,0.103603565493366,0.870680052734213,0.757395612720284,0.264153695693007,0.918162198122358,-1.01681252213683,3.45709184589371,NA,NA
1900,2.19516511207683,2.25739936099346,0.752132024580735,1.95872192149758,1.25681324922324,0.989010643077549,0.552061260415707,0.915770586355589,0.209959707679926,0.63887851866358,0.43968266959535,0.34779764830973,0.479350577416597,0.519823364172829,0.144685231130687,0.158294991197181,0.69780028444319,0.952931149364449,0.125526845864719,0.798744708595099,0.993752222830895,0.515303995561553,0.427318188573583,0.676348751338082,0.493352519978303,-0.50458678227274,4.4220306252679,NA,NA
1901,3.26685939903245,3.27403558784514,0.322457625823669,3.20430382209602,0.427058930206534,0.792946965089184,0.454450550236972,0.827925516555784,0.355283980605425,0.712400172733469,0.568048748300411,0.866237611608463,0.955572088258807,0.0227440192470094,0.378151624625549,0.820725812071818,0.583035603650729,0.604137843430392,0.959071494273958,0.19342979891412,0.488297157360707,0.136537362150033,0.584412187839276,0.00474567008973099,0.524304935259977,2.36728369961501,4.04132394457703,NA,NA
1902,2.12904371503629,1.34403681634638,0.980181251548636,1.66222764998348,1.29644516461767,0.579814673808171,0.692437554006581,0.850282275542268,0.769764733631047,0.23485796968604,0.71086002888123,0.974777716165991,0.820081680385396,0.264577388014062,0.10560777474218,0.443282709564432,0.179094962706673,0.940555207620724,0.103378123176866,0.571061879909015,0.0799201804426266,0.655376318954513,0.188559914471814,0.538900130815804,0.673720644432702,-0.878758180598247,4.2032134805652,NA,NA
1903,0.571254225023771,0.555315462169475,0.0520721923027029,1.04131747176079,0.831840977187874,0.915694076786051,0.193716439156909,0.682923251127126,0.172812520875363,0.404989255717141,0.736861367101665,0.251545993780252,0.781474984338274,0.181443439091789,0.79805695207417,0.333004851184436,0.169506344755995,0.619100860622246,0.595959478645003,0.272631843087263,0.831930782830808,0.89986964152311,0.920579972277861,0.351752460716409,0.322756630741176,-0.589060884392051,2.67169582791362,NA,NA
1904,0.936948702541973,1.18926202736983,0.149402410067969,1.02890373469859,0.74940571255321,0.58283065623336,0.392661860504188,0.919852105299011,0.108798309118021,0.491146068281145,0.623257117661531,0.616981351685128,0.653455754882423,0.791471973643638,0.439522848588764,0.781655858217855,0.125083030858776,0.280599056256586,0.155961896519875,0.374082562729134,0.42114940002677,0.96372800702136,0.634005098903552,0.771296786457882,0.517182018742547,-0.439904471714276,2.49771194111146,NA,NA
1905,1.51878366024183,1.72832878909657,0.502037092837093,1.56629891110787,0.429100018173026,0.762010889037396,0.495161932481104,0.790451950437156,0.202885524661397,0.885024512618314,0.225888808438322,0.571262038255925,0.338318841522327,0.465689852413139,0.478873572511482,0.349725601251237,0.127847629680997,0.0897429934529355,0.419489513420383,0.136762093452155,0.587809751973255,0.499092829842353,0.230948494676617,0.532530374216381,0.729327925297781,0.725278329723258,2.40731949249249,NA,NA
1906,1.81850575061724,1.78914799609432,0.0500819425501355,1.40710744709881,0.474966316662938,0.26992957713292,0.0320943694539601,0.343928625854431,0.582329746701289,0.5814853905075,0.763846529526403,0.712279971003649,0.39789745964657,0.579288471176289,0.280443233073689,0.801605651276535,0.252787191632786,0.0535688899403904,0.192186221820535,0.798465542139136,0.0115342873670161,0.451067557432689,0.437142557190731,0.782138651835965,0.119934307429707,0.476190572569802,2.33802432162781,NA,NA
1907,-1.92697532774667,-2.17092643448023,0.304608013153053,-1.76870819171437,0.856460806087176,0.0199618610658217,0.449762473135255,0.370465322845033,0.857771248934791,0.121351305058226,0.713042834945838,0.512099203171208,0.525442476318334,0.935871700021671,0.526050962861395,0.078962063939427,0.764088231756585,0.669021827749326,0.707394616742851,0.58041094131791,0.491073535920237,0.852621582494583,0.423693276963779,0.753285960140289,0.0311827690731734,-3.44734052581537,-0.0900758576133589,NA,NA
1908,0.997306908261179,1.42288654616272,0.219147694263386,1.89087594330915,0.351197092980186,0.484255036494113,0.423519312051823,0.281510512685403,0.998171475799405,0.991825419123401,0.823839060209808,0.210297896631761,0.651644111430272,0.107655768253258,0.474314491327037,0.498032296070131,0.664119001664338,0.294608300184482,0.816466622004984,0.859003460809821,0.537117057647789,0.601101721295971,0.772589666561689,0.880551414038637,0.258948052898981,1.20254228959282,2.57920959702547,NA,NA
1909,-0.606912929757852,-0.578897888644728,0.999062351201823,0.45739322611341,1.07958489405795,0.916155561659369,0.845992715706583,0.71691185971885,0.340566096574883,0.513130923945108,0.393881279293215,0.365885745564243,0.673478319457965,0.291758276179782,0.697682293243706,0.853781363087357,0.656798435653327,0.707187316285563,0.726344374299864,0.512395789643866,0.974124926815741,0.89522463906242,0.868308407823555,0.838004648307688,0.17525673131051,-1.65855428449367,2.57334073672049,NA,NA
1910,1.20656938726479,1.28677766744067,0.0673856576180425,1.04973856365345,0.962792366631729,0.967650751498993,0.300882691415842,0.873057096791687,0.503605944694136,0.33574959779426,0.124269119824166,0.0918091967252549,0.662242289781687,0.0709143183410633,0.253557766781771,0.660968045201153,0.0633540209415369,0.449679065718665,0.896638265887974,0.442392655036063,0.816167713269242,0.0822488734553335,0.663275111971307,0.446380549091147,0.0242656525826314,-0.837299799534826,2.93677692684172,NA,NA
1911,2.16643637277795,0.935033676593249,0.965625988909278,1.49900603420914,1.39965674110862,0.483159190641483,0.664115359246964,0.300985218958347,0.736542775637354,0.431481434549671,0.701109343456454,0.943838942343951,0.717567641600268,0.480272503044922,0.780280595933087,0.218326704875217,0.319674132762011,0.918927016946836,0.990321601937758,0.987147500233958,0.898011586741894,0.221407484762487,0.616009910671273,0.904854668652522,0.609012670905911,-1.24427076908247,4.24228283750074,NA,NA
1912,1.77727256905373,0.59449498170499,0.974855374727544,0.724227451496969,1.22125306711407,0.584811326560332,0.680249660339789,0.471608294160222,0.965161997247953,0.840287036422524,0.719616888690041,0.760339436511858,0.557819139352301,0.539240544611588,0.647805868145544,0.748860051559634,0.484038270945544,0.94184871629253,0.286568317814032,0.573396461300203,0.520083156745997,0.688135161621729,0.269115151180304,0.706374715831131,0.738287349276361,-1.66938457605568,3.11783947904962,NA,NA
1913,1.24458494786759,1.23390815094862,0.0901471428118166,1.11098503796346,0.4331369634087,0.766625379880425,0.343963419198873,0.983981223660987,0.21312186352408,0.564971956124995,0.28652956077992,0.274477098183241,0.344372105536633,0.233719039726653,0.919958180121146,0.128338196483441,0.909336840943899,0.266722722205101,0.975229752608575,0.237573005653219,0.577499421613989,0.0997038749523926,0.627569896314642,0.56116606064036,0.775807748206076,0.262052189309365,1.95991788661756,NA,NA
1914,-1.17481570909779,-1.18462077115843,0.111966981153327,-0.796264541621517,0.194945978274951,0.485951109336806,0.366879637772683,0.999447215436492,0.775245998185244,0.884623083678889,0.427126391545986,0.324893927547964,0.5697438746189,0.89557668804971,0.177523398466641,0.408840440775384,0.453701900702319,0.936706800704706,0.296638968089363,0.219002521884162,0.369101676461287,0.276871488564764,0.645691677654511,0.246417579350178,0.063446193591808,-1.17835163797135,-0.414177445271685,NA,NA
1915,-0.039811568013825,-0.0711743635251101,0.943548135608139,1.38008370290065,1.23263520377092,0.608219227289315,0.638090594443842,0.0536816934987437,0.13056133835041,0.300142777590314,0.850112029500538,0.774713256036863,0.2849026916289,0.473360442433041,0.545553511769744,0.861750258637825,0.481218891691417,0.285823915925925,0.45655680141272,0.619205092379591,0.342273064531968,0.679005451792269,0.683403673420195,0.372414419438341,0.876087531024241,-1.03583690256654,3.79600430836784,NA,NA
1916,3.02569614926282,3.00002085851092,0.0619361043073886,2.51342683610203,0.441723594372973,0.816135623911629,0.281787485827575,0.460921563301934,0.45034633542283,0.783828664980712,0.0765212395344861,0.0474744521980174,0.740445284796413,0.086622211135691,0.235276768516866,0.682706720685121,0.113599903477356,0.0784750831973506,0.159607688158052,0.0894504973567091,0.866887305264245,0.100506385284476,0.0121538609995041,0.0656152594721643,0.53634235832782,1.64766450000942,3.37918917219464,NA,NA
1917,3.54903098990082,3.48466444261754,0.0527716679611177,3.36711783560663,0.990182666439196,0.581760819009854,0.208295455798274,0.680800544848898,0.00200081927352585,0.308922029954731,0.793665607325383,0.485619847713388,0.532294586866745,0.975055675312993,0.984467698560096,0.255619413283304,0.860777113916585,0.546007141100708,0.182583832044736,0.790739932433935,0.735201320155989,0.104506229317398,0.850229322942439,0.96556080734625,0.486995672449819,1.42639547126997,5.3078401999433,NA,NA
1918,3.51146514083368,3.36496102751343,0.99976573784264,2.55147730965041,1.23263520377092,0.668466443222947,0.915376491128467,0.687496361345868,0.0718748434947338,0.0545946766242851,0.573065443008323,0.186893434347468,0.348633632816491,0.824471878371434,0.999173262198223,0.979106607601279,0.0308761237376602,0.965295202238602,0.625946970313089,0.375744010676513,0.0484701828785473,0.426991318442742,0.914763457237277,0.0238425108270021,0.280642098822631,0.135556704183218,4.9673979151176,NA,NA
1919,3.74213704551283,3.79614588135419,0.999227446009252,3.6077712138105,1.29644516461767,0.709182299709646,0.855685091037303,0.982607429946191,0.790709829487372,0.553445352986688,0.108778733080602,0.208758200974669,0.15642874268617,0.200258560356218,0.884472034593113,0.441124784695683,0.470703648836701,0.35283726816054,0.645352861820254,0.957764463371364,0.144921614542254,0.182274882649072,0.327748878102517,0.2504043433466,0.714325335417176,1.06678538322878,6.14875704439223,NA,NA
1920,1.7703398164001,1.85468209801448,0.0500664154709608,1.9745058397507,0.691481137535627,0.251421798985917,0.0215891337814974,0.306433960443246,0.522915433351882,0.436304526012391,0.821565076222527,0.333880001727724,0.331760770125315,0.646081707849982,0.352083712812513,0.599136687551159,0.288026542823995,0.691097290096572,0.138531676812796,0.838464273985708,0.976408331423998,0.182664824039442,0.436848465523915,0.833262816062081,0.724897215441102,0.61922771419208,3.32978396530931,NA,NA
1921,1.27925456882012,2.79091969714567,0.999931631237795,1.32486986079924,1.25681324922324,0.673515000969171,0.976961463323445,0.34131476655358,0.126185297702905,0.994569707297836,0.322733610069612,0.660243248903891,0.224802000110736,0.392658244916238,0.985454834132688,0.614768564183847,0.814528174889623,0.53046287021914,0.29906973020616,0.0981661922406638,0.398981067073881,0.170404984492226,0.0750076997905271,0.656876204302302,0.535434475211427,-1.13843884297108,3.78817856456956,NA,NA
1922,-0.0511376774954003,-0.16455954013052,0.0514215705961698,1.4311768264349,0.585677095453349,0.918103332152241,0.174839892012184,0.796167868475779,0.717719287971267,0.192066424752702,0.365609664666932,0.949629855908337,0.512085621283157,0.487293387000449,0.724819469560985,0.641622892849729,0.371611029000138,0.544556664779084,0.848809464015416,0.935732407364645,0.599405188477365,0.175726956230938,0.57386745111132,0.451924023570493,0.230132543507963,0.283270812776312,2.57908284009349,NA,NA
1923,2.3473458862492,2.35554737657128,0.975638016003649,2.53664175663695,1.23263520377092,0.793220972495852,0.6818729681205,0.852767389858957,0.459007551660412,0.131834340578294,0.0410437592087546,0.94323590342165,0.151742796229315,0.863344595333561,0.99095333976089,0.98947584388731,0.127048176081153,0.284472857083543,0.93587688715884,0.817826249977574,0.360384775913786,0.0554355391340796,0.772161845012917,0.0092664226538036,0.686106603561784,0.12072115116976,4.95256236210414,NA,NA
1924,1.6703633949261,1.51479017727008,0.999233098350778,1.68576984332989,1.25681324922324,0.564549705116893,0.856052555369795,0.0790890563244466,0.431832518707844,0.741090040398296,0.764280673615169,0.814304084629286,0.805938624574919,0.165327909883112,0.38248452207353,0.524871113914996,0.932785726518254,0.857314733862411,0.868740375875961,0.670243098126492,0.45927574953204,0.875847604423063,0.486859288425767,0.307556974956533,0.5512209388474,-0.777538860440431,4.14907854710021,NA,NA
1925,3.51099465915682,2.17199369803607,0.909459701141218,0.401441676340792,1.39965674110862,0.389845930398093,0.612525444723782,0.757358092179056,0.406342588753905,0.00221743616275489,0.524504168691346,0.0560603706298862,0.832610611442011,0.533677088377182,0.0184503688612021,0.0940373247971293,0.330042993263341,0.698213890295243,0.515809979129583,0.870920391018735,0.961985734760063,0.465042583129951,0.504228798117954,0.442014575397712,0.0321291793913115,-2.34183512695081,3.1447184796324,NA,NA
1926,4.0933038165637,4.06558164827653,0.0515684561528811,3.56286712612023,0.718866501696369,0.818312174670747,0.179764108987176,0.106151574675576,0.825830913146958,0.56779475570377,0.441060521820444,0.194534612284508,0.0374641264923848,0.832521055806545,0.779525335176382,0.539087575034937,0.824380659565679,0.650248927888577,0.0446130879960256,0.268618415816803,0.305434154334594,0.0216284366208129,0.502080291600199,0.875558664949145,0.0542287123725982,2.15391467310305,4.97181957913742,NA,NA
1927,0.450985261115047,-0.553818917786493,0.999929673369193,-0.570509635945369,1.39965674110862,0.302181441790541,0.975549634456052,0.359667928680428,0.868019694466959,0.0300659154346213,0.0688067299507093,0.620626871303655,0.3713650883066,0.423082415360608,0.652977624192485,0.217465441687731,0.0571236088764854,0.518108538783854,0.133236303518293,0.822706747001503,0.0402254286342068,0.0286134635141352,0.825596773613128,0.946343108952628,0.235038763217046,-3.31378643923697,2.17276716734624,NA,NA
1928,2.31024253775379,2.37741730549217,0.99944499652782,2.06068833124638,1.23263520377092,0.636087327016634,0.872232925438439,0.0259897190588526,0.323660459203413,0.190120210021501,0.330958203966613,0.458501147444593,0.501432000534376,0.527198676220025,0.46988761116995,0.925928950270871,0.422226164903608,0.226012184984167,0.62257908469066,0.0950542743601836,0.709847295490326,0.527700750011601,0.455495381774264,0.110603207991458,0.822785444712266,-0.355232274220812,4.47660893671357,NA,NA
1929,3.23016336678195,3.16725968034704,0.0783231790448547,4.07956120760715,0.935193305679225,0.888558527837275,0.325874293719768,0.43116689437395,0.335329351441353,0.294748409829685,0.799130026279599,0.390829182812478,0.69569585814944,0.849021517527406,0.391801652098889,0.784929159856401,0.1927809128355,0.80517801160703,0.578513424213277,0.411691420542076,0.636666647965089,0.946606839551008,0.111536748413811,0.0892670332654379,0.145756465030019,2.24661600989291,5.91250640532139,NA,NA
1930,-1.83369727006998,-1.82705798670829,0.0500546953391413,-1.9377376670151,0.263969632868477,0.19149254665547,0.0118809405132197,0.978207661432563,0.164654882419389,0.828386415833142,0.926072944091167,0.962355930980761,0.848830469654989,0.519239689014503,0.356923836503644,0.0518370768704917,0.729125750601059,0.71026308823342,0.738919841714436,0.0889368510200875,0.488644882852677,0.17855401514098,0.173814364422695,0.959498590855277,0.339324812309584,-2.45510864044958,-1.42036669358063,NA,NA
1931,2.77507815865812,1.60570053563037,0.998443700229751,1.5852868010913,1.22125306711407,0.616347131569055,0.820625568468706,0.17334189388575,0.924444183644373,0.699577307950822,0.43498624394869,0.193411296831793,0.689667191649787,0.445488968977821,0.593811469306704,0.180240003814572,0.928439999297843,0.726080496655195,0.0876980380560271,0.0315841981489211,0.20688660847873,0.000302537016919814,0.508941664686543,0.416886451877886,0.884939445313066,-0.808325226461355,3.97889882864395,NA,NA
1932,1.40814891894687,1.33828178697439,0.0701953300392609,1.6817776844014,0.542682743900926,0.185019990763511,0.308523842985858,0.123079652435728,0.0907529837791808,0.858801935080439,0.0835333812352037,0.989703667384107,0.130103516434669,0.141368035871652,0.80630978681182,0.771362648762763,0.286876071100705,0.834785745394998,0.0214357551609864,0.335341273792903,0.00105116142507177,0.860768015049514,0.975493136380333,0.275404320479138,0.723169664192013,0.618139051324209,2.74541631747859,NA,NA
1933,3.49438402359434,3.40775699964803,0.992368890583683,2.87078780468901,1.25681324922324,0.68907882865658,0.740808178245439,0.11898726865754,0.467264228903689,0.726280059485231,0.867059075221536,0.476966926892404,0.872260035542655,0.679255726642907,0.471696290881373,0.63160396264866,0.69853506886831,0.215770572945126,0.891065925781615,0.571952374592423,0.442873950941721,0.142880125881406,0.651166686628014,0.220949835956329,0.0163769500181079,0.407479100918689,5.33409650845933,NA,NA
1934,-1.38077147271247,-1.29496419290276,0.0501340317486518,-1.1023425637034,0.55571472265377,0.414530785639654,0.0567000267276308,0.993975943240686,0.00346004539355636,0.271320836824714,0.113182608308154,0.884445368281915,0.417917856868822,0.488607500202837,0.809190854324843,0.6769700943426,0.3761277277997,0.377377880399814,0.921243774263654,0.567731867224677,0.269080896622152,0.674045967654907,0.449808754309779,0.102488043112447,0.0489487916536164,-2.19152340578345,-0.0131617216233426,NA,NA
1935,2.23805352967249,2.23183336547964,0.898351069310516,1.00379800034652,1.07958489405795,0.824256998435943,0.606088476323057,0.466440444077947,0.0259857943195384,0.551567791612935,0.110404465658474,0.434356100047939,0.995833014227799,0.147866910378681,0.210995314719388,0.187163969924208,0.857902636555373,0.902029252906796,0.835733778460417,0.191933082238305,0.0706073352539679,0.0057072066537803,0.581365228112554,0.719301734428038,0.678574336325983,-1.11214951026055,3.1197455109536,NA,NA
1936,-1.19944824420181,-1.12897470980488,0.0513841500440384,-1.78747781707611,0.51700110328822,0.310397894500173,0.173504117127508,0.989372756073601,0.159846843245672,0.351714940325008,0.468637010505889,0.187454755746294,0.612115822589258,0.13739749099582,0.316637650267687,0.0271125200054375,0.825336494916468,0.0273506022375077,0.325052039892063,0.514879106129636,0.86904209268617,0.0329092515936354,0.655673528156127,0.862497518978664,0.669677579805953,-2.80078135948849,-0.774174274663723,NA,NA
1937,1.82673482764011,1.81657386242234,0.0723181992688173,2.23055988660079,0.55571472265377,0.0613120893313317,0.313635683474713,0.351723922847188,0.0483001026461134,0.326201336442027,0.8401106016587,0.304272229243885,0.470028786747018,0.552262162144063,0.143859917219495,0.708577728022472,0.0715021582669579,0.929832102614571,0.281568306572968,0.304470352132688,0.0297694430419942,0.287974129898474,0.979207761666621,0.650051160645438,0.711909061491606,1.14137904452073,3.31974072868084,NA,NA
1938,2.01216452287547,2.00761185110083,0.0894861225165133,2.12305418117054,0.687555111457171,0.980491681412677,0.343097007041099,0.553199972929317,0.264276180291781,0.481713233817951,0.999700935524539,0.606124346679309,0.953183381169918,0.884904303993215,0.979979260466993,0.31347830652527,0.288700862632017,0.368235008479678,0.924113548264839,0.793076545831282,0.147428860022221,0.627565781777492,0.86443532577029,0.669043376107584,0.771050624174997,0.775470925328066,3.47063743701302,NA,NA
1939,0.636146267944021,0.670024804716291,0.050079641575789,1.1103375194378,0.585677095453349,0.598989138552221,0.0306701419288293,0.756925975313527,0.842550238520489,0.483461572119966,0.132691407607985,0.0552950229712296,0.122949909121729,0.986942733713658,0.183070826146635,0.999583233865327,0.11729295438074,0.0734593528468395,0.498801593125216,0.344074969829642,0.153378308601794,0.0772896200940013,0.500347522843047,0.567188843862503,0.00388143423607107,-0.0375684942207923,2.25824353309639,NA,NA
1940,-0.140709749228579,-0.430097605171481,0.971268808535885,0.0937948909769958,1.25681324922324,0.804426263793488,0.673388425820274,0.70636663577857,0.473533163123531,0.667390716059715,0.793298531365814,0.161308300300967,0.18530991812353,0.419321624482167,0.422556355288485,0.78341150680068,0.853214786474826,0.338395676289452,0.780555094337789,0.5835932434391,0.994923142416286,0.33625790479593,0.947559378388454,0.720579015605152,0.871727938332479,-2.36951381279333,2.55710359474732,NA,NA
1941,-0.728845861778636,-0.806604278306086,0.0509342659101273,-0.828432273344288,0.502646347146875,0.406744416803936,0.153826387808775,0.0531025561118731,0.669638939358178,0.522508102791617,0.203808052411419,0.824506819068687,0.245174789820099,0.319251369337318,0.541817547732731,0.863875935286167,0.800188481870573,0.647306729113217,0.470282594342949,0.0662262901877984,0.84548678858683,0.901495290420484,0.567954863437219,0.667275138478377,0.0343142733296845,-1.81360101071278,0.156736464024203,NA,NA
1942,2.15074850132909,1.78331804448017,0.976567574960603,1.86639747326298,1.08749253900383,0.160457749850699,0.683868311508559,0.646290747963358,0.603116572567378,0.943249511278234,0.940366215773043,0.508032194243744,0.765977271552081,0.953833475242369,0.307784961170168,0.264927375540137,0.702576416978263,0.324906005853904,0.397409142483491,0.429116580354399,0.212359987024101,0.58081423855084,0.600944671165082,0.559327983299736,0.0365803949893452,-0.265048736640547,3.99784368316651,NA,NA
1943,2.76597638393006,1.70271727285319,0.999508158988492,1.98529690528833,0.078928691850722,0.915401890676352,0.878277194260037,0.00153145727782976,0.235824144441285,0.0118380906564416,0.308515788557124,0.142402075541671,0.905225518670632,0.449332746589789,0.881851342240931,0.927779999008053,0.283325809625327,0.35508520979539,0.515242596566561,0.214225087530096,0.94685368135199,0.996064494133112,0.0191595239847666,0.96280499912356,0.896683516038116,1.83059951191405,2.1399942986626,NA,NA
1944,-1.018172620355,-0.295195679770681,0.988742520762553,0.263008334105102,1.07958489405795,0.598480988858268,0.721175425347756,0.4428184869861,0.124713688502787,0.571537513837684,0.174212065459462,0.477590245316504,0.798767361559323,0.920230673492653,0.455532416749629,0.397016843331628,0.632370663405163,0.509916336645721,0.446179314661771,0.715363826325862,0.691653435747954,0.265211492030416,0.541956535899662,0.652790878131986,0.877218691088609,-1.85293917650198,2.37895584471218,NA,NA
1945,-0.95315935797898,0.919609965212924,0.979889336640288,1.00076746266149,1.14132310678159,0.0465640406506136,0.691690769820358,0.370782166899997,0.486966486926656,0.912322800498107,0.0539199339391198,0.593289356117835,0.727372176607954,0.756999415722559,0.739512190326699,0.489257739913999,0.735220387085807,0.0930987972501898,0.234441618784913,0.569486615615082,0.646705150883412,0.0517126352650812,0.482856840382796,0.200053821504,0.050906604846823,-1.23618472135378,3.23771964667677,NA,NA
1946,-0.3326792385348,-0.297384023829044,0.0913157660873687,-0.384611171111223,0.340525183998835,0.111821066114702,0.345462325809174,0.262218782734009,0.959480538386735,0.746017475603032,0.802400364796282,0.816208156301058,0.888525221998221,0.18775593715976,0.403429439371917,0.205732648110948,0.661945219321526,0.883852534185746,0.178015389924636,0.606107247620122,0.494260014643078,0.871018997364212,0.236972034819773,0.651957937569823,0.901205388931325,-1.05202826757782,0.282805925355369,NA,NA
1947,0.065239009265107,0.572138910658114,0.761657013494398,1.12052105904029,1.05176799727784,0.4340199990822,0.554694265834987,0.299597368757473,0.995709713910357,0.0672895380532136,0.794778195189778,0.463762026889483,0.594538551030448,0.0463326939840335,0.804581935921917,0.417574388650479,0.962853402400273,0.370966825889889,0.190954184350325,0.256140708896099,0.320748095940216,0.252132016809308,0.21317254278413,0.696199112818576,0.924357173943077,-0.940906335716091,3.18194845379668,NA,NA
1948,1.74450112262719,1.70370403151127,0.0516807824833561,0.801210311366528,0.55571472265377,0.0159607543821912,0.183228413798497,0.0678860544125782,0.174787349059479,0.157173317119014,0.0882951481776545,0.183049570830306,0.449032165845856,0.872244373812922,0.30663556845102,0.870616478953278,0.195601295807515,0.691816803660593,0.869639685823349,0.167363854571362,0.752010470183217,0.0109058544340078,0.427729310719878,0.0876254668785259,0.730965351400548,-0.287970530713525,1.89039115344658,NA,NA
1949,1.24193170015841,0.678075437015134,0.667043930578479,1.92612052805193,1.29644516461767,0.790314826562884,0.530846483202069,0.55019379659032,0.767354554866673,0.052165965044871,0.625252631876385,0.382327006668085,0.881095100813895,0.960233555908897,0.538800937271793,0.646484648809652,0.797920887633227,0.216789683688781,0.689387464610627,0.660313013902749,0.863914119089604,0.712007687409874,0.647888774384512,0.759686597130145,0.624175187290763,-0.614865302529799,4.46710635863365,NA,NA
1950,2.98618839039176,2.95566323141282,0.227200541494537,2.6301983396037,0.585677095453349,0.805634029826848,0.426363125589909,0.566079105319222,0.780283001157572,0.657630301350029,0.31335737524298,0.811891431669239,0.808693262675544,0.259769694734598,0.468324703083723,0.73550992339151,0.912964872413082,0.64105408533453,0.370355109117576,0.291361297315219,0.891771968893125,0.299204243956949,0.518356181639247,0.172260399377206,0.315337353754207,1.48229232594511,3.77810435326229,NA,NA
1951,3.35876429874091,3.4223670082257,0.0506405813128811,3.05233343545796,0.532998196019658,0.98231713505683,0.134941666272818,0.0238066551974043,0.324049355266499,0.253594002780272,0.629512940707267,0.0765481690331362,0.860253483091597,0.053483111198293,0.397958191929501,0.656702975767432,0.0449344150543911,0.273209726199857,0.0797108813006198,0.553583122526645,0.279199151764973,0.846946652672021,0.98018349272327,0.912328625832219,0.411864461662015,2.00767616743461,4.09699070348131,NA,NA
1952,0.61465169207805,1.19813172950576,0.710902001728473,1.13640689426783,0.866234971865676,0.396257740835426,0.541341992313275,0.426376293401816,0.477447095628711,0.314051623748732,0.839353389506694,0.305263907514513,0.280008881442365,0.389488841870683,0.630678496344946,0.379367105794372,0.199064992675092,0.261854029359645,0.553101868360885,0.672611235965975,0.96604163302877,0.959319664210547,0.859201819327078,0.58952795100736,0.435255501303589,-0.561382452737961,2.83419624127362,NA,NA
1953,2.35157200117782,2.30887946096223,0.075846867928814,1.96887247963236,0.426661856337184,0.859392912405077,0.321165582252899,0.393972988989321,0.43316697631171,0.794744690312538,0.355156615601969,0.835813963687629,0.614515764821554,0.859855422430206,0.840926080575213,0.0575001043168595,0.161392523018643,0.322182577289524,0.108199002646375,0.330027550197323,0.426558775136597,0.874683100054506,0.838448383972165,0.506969911410124,0.0960596149209887,1.13263060763448,2.80511435163024,NA,NA
1954,2.46894712033653,2.47961783678306,0.0563190919948611,2.19513039750877,0.55571472265377,0.280502576456754,0.249689371915767,0.138045695908717,0.0973758161619771,0.0177736656515626,0.599894658820121,0.856848739984678,0.917874981129891,0.769218611964374,0.945287253889022,0.134315162946936,0.315663825531839,0.519346791527234,0.602420533912489,0.293988698139321,0.0570025430384558,0.292459251002292,0.457873918001889,0.295193041021586,0.0120798275466077,1.10594955542872,3.28431123958882,NA,NA
1955,4.13276141518747,4.14076579085663,0.120297696203279,3.57232120626483,0.42753334576902,0.970480658771936,0.373657773412298,0.508220479340525,0.0538657319553895,0.769499743123073,0.236960169801838,0.595865611287067,0.823197583130444,0.226006521562231,0.681582254586858,0.517653206435265,0.0566869919830933,0.727476698514656,0.000849248936050572,0.259146432230016,0.0275092462482862,0.939594132407336,0.775772841884173,0.070322214115411,0.57817634892452,2.73437124636764,4.41027116616202,NA,NA
1956,0.611117422551772,1.38359348343794,0.999774499857706,1.73375052126062,1.25681324922324,0.82809827824228,0.917282953843474,0.577943831626093,0.0394421126266243,0.886923338691355,0.0455637842705473,0.614367009761278,0.729026222557295,0.0215556519102538,0.360148919728468,0.509219923921279,0.676328043588903,0.584520202096901,0.348103968553245,0.895087746420177,0.737296709312592,0.405915108221699,0.201771738467272,0.478424969241605,0.46667312666995,-0.729558182509706,4.19705922503094,NA,NA
1957,1.05708649032573,-0.1840843491012,0.9997498841711,0.881734709144033,1.29644516461767,0.561015780880116,0.912101491146372,0.750554105109652,0.799892652259907,0.443377320594271,0.548754005890456,0.875667098002625,0.815433541210485,0.910542804869241,0.786374434543541,0.845781906630844,0.0844165036067134,0.150399047687999,0.238560358112212,0.448984111384139,0.159377561875619,0.772136560530518,0.724451702245744,0.357954171781545,0.848839277620893,-1.65925112143769,3.42272053972576,NA,NA
1958,0.0585549221196722,0.428452473466659,0.787376931962455,1.04462883337506,1.14132310678159,0.444459674543119,0.562178911897121,0.33516158452502,0.379753260697937,0.88071942822542,0.610100522218156,0.578289713951177,0.865297307348694,0.71165686842741,0.84807189924363,0.882353584786877,0.607959580168128,0.887660431623226,0.223695710786735,0.324188194421004,0.2540080369364,0.752817694016732,0.126882993715582,0.427221956881695,0.328118989441777,-1.19232335064021,3.28158101739033,NA,NA
1959,0.969050554308688,0.637187151844474,0.999768069949202,-0.0590688919668805,1.29644516461767,0.979220762508572,0.915876863792539,0.62521228734951,0.902554480960243,0.219206717994413,0.0869769632273819,0.374770185500849,0.484153448307072,0.849640578668681,0.756197605751688,0.0140975020081969,0.708262462882209,0.892475273706834,0.673452228376409,0.141841463194694,0.929115654896945,0.273443335463526,0.379458619444747,0.183321623520926,0.450025398348342,-2.60005472254861,2.48191693861485,NA,NA
1960,-0.645905530142499,-0.621219156818885,0.0660696108358726,0.59000677844148,0.55571472265377,0.0484188341831323,0.296876402849914,0.292030998551985,0.165349681371939,0.255388434306835,0.973612802697578,0.589335882048123,0.107150184393278,0.346498343602871,0.370830528300023,0.924810597654665,0.557937101441203,0.706894270263147,0.624875372831942,0.494290156730218,0.644400443580467,0.386581472107908,0.385300985258538,0.230884949154453,0.418931715317885,-0.499174063638574,1.67918762052153,NA,NA
1961,-0.819096563584,-0.165984307715181,0.351363451560789,0.352936405820781,1.29644516461767,0.821980574272922,0.461672223728849,0.837769383916981,0.657762206770363,0.342751024793135,0.217585890422459,0.420133916865336,0.174158724155161,0.299511254156823,0.869526794736274,0.97853660244192,0.70076229667617,0.688200695170555,0.331758609014563,0.152435814545956,0.560599278182955,0.758095853585983,0.507795367769548,0.373894866415299,0.751881310086581,-2.18804942476094,2.89392223640251,NA,NA
1962,-0.287414684510794,-0.51355771541358,0.824274314954416,-0.0819896469603527,0.51700110328822,0.216567985168775,0.574150102571817,0.668693056901102,0.304533391317353,0.30143368079525,0.99139653349272,0.0416843363759108,0.810943026841152,0.713715654633706,0.546802847339306,0.992133918213425,0.759956342849531,0.807838414837257,0.0538721663671313,0.36750467391347,0.598573301677941,0.984856978014228,0.0610759921898134,0.0310463991197757,0.446015767658711,-1.09529318937274,0.931313895452031,NA,NA
1963,1.32525538830811,1.22681541051561,0.0935574452926706,1.18790014821625,0.51700110328822,0.167571039527538,0.348227649528766,0.835307713583112,0.318672781042638,0.0502902278774418,0.239492941939621,0.976800931845559,0.740939486695803,0.0711024280692218,0.558256618672865,0.668635990820243,0.89747806197626,0.508658623198979,0.963237800575793,0.416023190696607,0.129246850484982,0.0047346357019851,0.463883313340484,0.828873085121857,0.697010467884713,0.174596605803864,2.20120369062863,NA,NA
1964,1.48306744529292,1.26354908227806,0.121461044382797,1.87961717560355,0.884963295805367,0.972424544970389,0.37454461087205,0.0482951166111743,0.943624927838216,0.589313373888144,0.867559866928496,0.681280515858554,0.220467099875445,0.40016165080166,0.262972252883716,0.970207233214751,0.609337218755507,0.167189517714898,0.537659018280567,0.860364245347329,0.0979873535418883,0.443920512497541,0.894526544712018,0.253506440714235,0.118810471934732,0.145120988185167,3.61411336302194,NA,NA
1965,-1.51257662070952,-1.59338460638399,0.0500432426378954,-0.775173966453404,0.456786674230267,0.386171111855074,0.000132762642111629,0.112768949249177,0.59471155883919,0.130676786173135,0.232784566271002,0.62509040940553,0.78553268100135,0.26344192653778,0.848849831036874,0.548334336451488,0.430312237899983,0.743713185255532,0.903292192163295,0.896271319124615,0.0948787004709011,0.490391307261307,0.158474817700335,0.569125047800713,0.892619310951326,-1.67045939656256,0.120111463655749,NA,NA
1966,0.119550197665689,0.19191515970406,0.0503290372591164,0.911854660524548,0.585677095453349,0.686945898631937,0.101615007268731,0.721087658104254,0.928598244115245,0.493298887174926,0.875122990694828,0.76851810421038,0.577138528294629,0.330030066784471,0.441447207979392,0.0287521157874726,0.167274444895331,0.428290353694232,0.720706999833463,0.276785415078979,0.245400231475476,0.18003015231376,0.989798556904192,0.0545559476913186,0.48562595748459,-0.236051353134043,2.05976067418314,NA,NA
1967,3.32833580081989,2.61780223827415,0.999495937320528,1.0143075900394,1.39965674110862,0.496905067406362,0.877049295304925,0.559632976544672,0.0517617557144258,0.0992306720843772,0.6050606634703,0.374245081757428,0.250327165555558,0.354967005065642,0.877586251741974,0.350871632119291,0.0256871381959645,0.450371611344861,0.735571178247686,0.897127276801737,0.351870325227384,0.868237892807345,0.181709242884303,0.743910570369801,0.892146681358223,-1.72896921325221,3.757584393331,NA,NA
1968,0.857042882934987,0.427180563282174,0.999248905911087,1.18537557506305,1.29644516461767,0.986227875613491,0.8570947698378,0.70336202143936,0.786417673356365,0.76746770832222,0.833048460384947,0.426335217605578,0.202618116797879,0.471548325842014,0.579072882843204,0.560317697913037,0.325465776804136,0.864970985892811,0.0119315484166145,0.408579170999234,0.699713014000678,0.251153166085482,0.492807709376793,0.190493599759648,0.575903896712815,-1.35561025551867,3.72636140564478,NA,NA
1969,3.92155788746743,4.01640964334571,0.0501900019752752,3.8458588991443,0.880561406817426,0.771557151515037,0.0741508613398764,0.00668786346178967,0.386836995108169,0.537877939651138,0.528348067839746,0.862087233923376,0.923298623008886,0.467369567634305,0.533607519400888,0.129235514367232,0.382902216450777,0.738180338939535,0.649078975752462,0.412555172602995,0.665097966495319,0.368674093292211,0.110832735828939,0.151806605165126,0.382173318454879,2.11999025560623,5.57172754268238,NA,NA
1970,2.47012596085659,2.47286735398866,0.0500730652373593,1.16256226086019,0.538716608698793,0.879393379427143,0.0263606177341426,0.344520698123379,0.599068878749851,0.306651366265258,0.487174982555094,0.821089961701189,0.628991591941798,0.274209431298659,0.235561667302973,0.768300754634431,0.623117193675367,0.919687018638011,0.353730919525726,0.0729978793411283,0.589617082364159,0.0310697141670389,0.442281098908512,0.300250808100682,0.947000799589674,0.106697109937001,2.21842741178338,NA,NA
1971,2.75379222879089,2.71555601362241,0.0545740576947454,1.87238634858017,0.585677095453349,0.914203083609114,0.233438257530448,0.675624157308019,0.725748928019195,0.237931033306639,0.56351130372542,0.19506682022009,0.064172596532153,0.253385787910665,0.851463548675645,0.0134626795360819,0.774384382782737,0.703170594507246,0.607642784883152,0.986291989534511,0.242134233206511,0.876455689438037,0.333251711649937,0.164443270873744,0.526490463532624,0.724480334921581,3.02029236223876,NA,NA
1972,0.85550794999933,0.165981776372005,0.94469222416698,1.28163118378603,1.25681324922324,0.537665581901907,0.639178313253447,0.595377104269108,0.331989197405055,0.814336887623649,0.946674677486299,0.872582973661483,0.817817241374985,0.746084222401958,0.89999895810918,0.660257971056737,0.936904928629519,0.763886477319291,0.413425062410068,0.27739957031596,0.317468503859825,0.176346082388074,0.174447695879848,0.535264250347624,0.882524552066927,-1.18167751998429,3.74493988755635,NA,NA
1973,2.45907589099457,1.31870101899568,0.996625574258121,1.01625565462563,0.85435310721902,0.58206640306511,0.781833923738915,0.0646020624256926,0.508832375305356,0.427421636667685,0.885707651427947,0.120514242263976,0.183531687744777,0.423555256855092,0.591324125136365,0.248679940973874,0.617838273078436,0.269990294248564,0.95678302627895,0.944493615962449,0.180604268705938,0.948323675871245,0.0321266609698068,0.052060244970955,0.208310882014339,-0.65824566560354,2.69075697485479,NA,NA
1974,1.73241302931609,1.70783926329443,0.0513518303660707,1.44693620504332,0.738206085119256,0.704069258973585,0.172321075450047,0.133277053060359,0.109047787682852,0.133733342560241,0.0462525437006261,0.421059309311677,0.600667607952724,0.035544179305085,0.640179050281877,0.467267882750253,0.465643974338309,0.318695092358161,0.936323949067271,0.215878543516155,0.559692369063501,0.490968762149219,0.281292141223093,0.0991537892101333,0.257716725183069,7.88650412744119e-05,2.89379354504537,NA,NA
1975,1.22131673041713,1.17082387242894,0.065361944006833,1.24584851444742,0.431487359875079,0.712513863048865,0.294586696710088,0.208427024916862,0.386022141667199,0.94637241932808,0.736464927508729,0.348320554974023,0.801550673595513,0.326353152625961,0.735845509396284,0.444559817466885,0.614513099734788,0.910165474570706,0.167894968504785,0.855354528288473,0.259674621313228,0.523726199581288,0.0685289059652714,0.43661016555503,0.659807829421479,0.40014882930799,2.09154819958684,NA,NA
1976,-0.378162221563401,-0.399707264345817,0.0508597476153061,-0.476636539519314,0.502646347146875,0.256165770012885,0.149666350963642,0.604056271771435,0.718160288998741,0.757254180454765,0.035055781939649,0.490880060948199,0.294206225241185,0.130075516561978,0.777251938955509,0.659027750630397,0.636194935850799,0.341531309896847,0.10681631872931,0.71817798645061,0.675924308767891,0.463722653642995,0.729522313788533,0.512161874522106,0.639554105368908,-1.46180527688781,0.508532197849177,NA,NA
1977,0.388995781305147,0.392797023930345,0.0504297815658044,-0.140030487899271,0.585677095453349,0.576960160678835,0.114975616677664,0.562932288335753,0.88929531300487,0.0868550462002168,0.276122262474149,0.931009446569253,0.787624992754892,0.530223265074892,0.025175282289274,0.540874205294298,0.280039272331982,0.80354604069714,0.00994590928615071,0.292863995725522,0.0873072354339529,0.489116342479945,0.846772091980441,0.670424618472112,0.603788852119469,-1.28793650155786,1.00787552575932,NA,NA
1978,0.806007097461291,0.757278208783272,0.0500689861822354,0.594927362836254,0.813620332903415,0.427204443598399,0.0234880791589385,0.768365989847574,0.236216409725021,0.816151041208417,0.61711465686583,0.327354699565331,0.0944085538821528,0.675707205212908,0.348623068484943,0.474761530204793,0.619660577716189,0.77058033820882,0.0708099497667281,0.499437989663333,0.115678662916413,0.0482342807526002,0.864916422635899,0.90762986332085,0.951980219255551,-0.999739186743928,2.18959391241644,NA,NA
1979,2.21509624095754,3.04610208428392,0.998861894723463,1.78970814619773,1.29644516461767,0.627739852858242,0.836294920964749,0.70867547076277,0.835518297838164,0.942864489942906,0.774788079330465,0.944897679325659,0.231074696035241,0.755086962143309,0.324986734227976,0.951509845166584,0.284184390040929,0.961155561845982,0.885729558626772,0.499529401192325,0.666373912183917,0.290807989191846,0.346571227429435,0.986986000978155,0.258273746459861,-0.751277684383996,4.33069397677946,NA,NA
1980,4.10752362679898,4.07608166738393,0.0501228755588244,3.70047418582108,0.585677095453349,0.946337438061135,0.0523542106924579,0.893757203668472,0.813005278789671,0.0839576292007696,0.456836881381343,0.019173679734813,0.398063092776341,0.89637859673705,0.0435670948119368,0.613198516081902,0.482544093498145,0.274476459483732,0.60593350592372,0.354485190157546,0.572048017532681,0.80800824057241,0.169729506991454,0.903594909481006,0.140532883314183,2.55256817216249,4.84838019947967,NA,NA
1981,-1.49209095681162,-1.51737138929811,0.0621086879171351,-1.44719513288534,0.473129353069711,0.0453010801291093,0.28251445671625,0.592040891364217,0.534724487613887,0.113439210647135,0.660155742816278,0.489980345690856,0.714693004822475,0.190904331108206,0.332009132935316,0.969310087110265,0.028979237570893,0.0597735750750871,0.799916675653658,0.117095104077249,0.364581391380401,0.139408398260828,0.874516744656954,0.927621175838984,0.779568265709211,-2.37451162493071,-0.519878640839972,NA,NA
1982,1.3221252114755,0.252407598643488,0.999748711940341,1.15967011516028,1.14132310678159,0.113081388566177,0.911867639285396,0.635736363831675,0.504846344605903,0.787081459487788,0.627353998114471,0.348678082939121,0.13220999560284,0.182029814679758,0.605694244192448,0.529546525562997,0.0788942866703728,0.606891234389506,0.952722565704724,0.435545644114842,0.839936949614086,0.12509327327169,0.80701629349729,0.799952616758645,0.841925253292429,-1.07728206885499,3.39662229917555,NA,NA
1983,1.78189078979121,1.85977211611927,0.136016075957823,1.60542221966498,0.194945978274951,0.224662061692448,0.384649002316408,0.392694839268108,0.984122475226759,0.965188376109581,0.064698637230671,0.211553477392881,0.857335960534518,0.378635856150999,0.535127880241838,0.504699937828817,0.44968012690742,0.084189415823319,0.333207256594324,0.126377486708341,0.765617941312492,0.111317199176294,0.589879904316855,0.230267955840216,0.316017859820859,1.22333512331515,1.98750931601481,NA,NA
1984,3.61593049445913,3.64118996214855,0.0563841270290943,2.30066708883828,0.585677095453349,0.76060089373251,0.250204779444146,0.5575224160176,0.790143491727184,0.144370698811836,0.794484933699947,0.72874134785356,0.986391618323745,0.0407485924534267,0.204569622905808,0.356038312362274,0.209682844847324,0.0714874816095689,0.522276601594873,0.222041084422846,0.144161093111266,0.317676490199985,0.865653485475807,0.239858635869692,0.591471477165236,1.15276107517969,3.44857310249688,NA,NA
1985,1.93558762689444,1.97514692887877,0.0510089830226578,1.85278143600519,0.92349393165376,0.375020665324642,0.157677179126651,0.0851295561828883,0.072332316564396,0.517333558256039,0.578261541466811,0.456355755857658,0.0749390236110194,0.882284410585067,0.700432078125421,0.325885635334882,0.10802015368815,0.235810293734306,0.8327240818399,0.0141783819060074,0.789130956295179,0.673231328420225,0.62805983884912,0.751897844868363,0.512992008856265,0.0427665900225285,3.66279628198785,NA,NA
1986,1.42113106435978,2.82320284808561,0.936893258610764,2.56610548390502,1.22125306711407,0.7180868746778,0.632144851742312,0.223967872378533,0.924511072034249,0.142277652376215,0.133286887229071,0.917804617653368,0.249948596920469,0.283179490732495,0.730435271313414,0.884003817276796,0.138419690075447,0.247759391409461,0.690628537783632,0.108940418923972,0.783666116772452,0.971706664757919,0.72463482954877,0.708190400548861,0.232848318357603,0.172493456352365,4.95971751145767,NA,NA
1987,0.342734214797649,1.2729822180179,0.999860294775869,1.4545311516861,1.23263520377092,0.70353485208936,0.941226776685566,0.781389086075011,0.00866096896096133,0.201638299176586,0.136835686919978,0.211253933790023,0.904701793136308,0.896885140782571,0.743291085815174,0.939680006360169,0.142369740534225,0.865991329184617,0.0509767638820922,0.35481363859307,0.919138182714465,0.589420173517894,0.961985998168588,0.674351853656466,0.556273132596165,-0.961389453781093,3.87045175715329,NA,NA
1988,2.09616246695743,2.09748690137981,0.0582218411557625,1.35156577763268,0.351197092980186,0.0501050845077261,0.262951221109834,0.540593541601324,0.852940951978904,0.967429900776479,0.0824780125630787,0.190126749141375,0.778741492383764,0.874951667675749,0.0262872843903024,0.0400754498585593,0.514092570200446,0.899080410119379,0.0950988819418708,0.0671510611618869,0.85034170056181,0.120063779871212,0.0906016599461436,0.86766579254414,0.348910447000177,0.663232123916348,2.03989943134901,NA,NA
1989,-1.51580500325622,-1.8348215210323,0.732358731742134,-0.0739294817736538,1.01309480766282,0.387365944603924,0.546795399330091,0.555253882372519,0.929076407901594,0.286141396556166,0.413580044198083,0.363066384913167,0.540336944428855,0.875749839537311,0.56385660349275,0.363311529136845,0.471039205754641,0.493308274126728,0.886979056186625,0.00893707619805355,0.492030781748006,0.638269418479409,0.862400340255583,0.664581655940157,0.866727767746546,-2.05955881771732,1.91169985417001,NA,NA
1990,2.96382743789354,3.90328391876286,0.828289086898966,2.2166081633086,1.23263520377092,0.621597071453696,0.575564285357366,0.513695413624402,0.51370662915241,0.0942342662143055,0.223675340194604,0.722638154363027,0.13621130717406,0.930911900279112,0.609137776856543,0.322677473419579,0.366394913490745,0.422528647872736,0.62666022041149,0.793876866089297,0.432980410540244,0.855205586698372,0.123744090109831,0.453886174638406,0.477408155894955,-0.199312442158586,4.63252876877579,NA,NA
1991,4.01690163359693,3.23188416356239,0.995581575199264,4.1711166142785,1.07958489405795,0.637565428254311,0.768300845452119,0.849293589077657,0.19365706728329,0.456638772019884,0.416112064543413,0.912382061441196,0.664162035460933,0.699527828105027,0.595546997520374,0.78907715696306,0.909808050121297,0.0332173380146269,0.476028236356564,0.872997581751668,0.288326504018041,0.884501194930286,0.920457461902988,0.372852983562276,0.777272593720467,2.05516910367143,6.28706412488558,NA,NA
1992,0.678724788036243,1.19232893530513,0.964526031391235,1.30340496992423,1.39965674110862,0.193426596659934,0.662480339185684,0.68585400972201,0.016449364355416,0.463683423709008,0.75066026320355,0.3229494999866,0.330785820484976,0.154319816852803,0.500781826536986,0.0318216313011944,0.903800729757873,0.584225283021806,0.575136817278806,0.5157685537301,0.37497474046878,0.998024986180942,0.406491413932876,0.39203330807155,0.979265017759521,-1.43987183336737,4.04668177321584,NA,NA
1993,0.828540020442493,0.786431422595327,0.0501921380803019,1.67624470751355,1.00889804328861,0.890082962181419,0.0747099644639529,0.478012616522145,0.67021555113385,0.835657480150228,0.600661952975323,0.463035997480853,0.716233535329462,0.47715393161797,0.136664885182865,0.461667134452495,0.332482201583683,0.381188550874824,0.573709628642653,0.659607833210612,0.553389979483793,0.0737543062843615,0.879642862699926,0.825422329545836,0.425704223260982,-0.301159121405054,3.65364853643216,NA,NA
1994,2.39609087390982,1.60762348406205,0.99660204192571,1.45074202006932,1.39965674110862,0.325333934509545,0.781485204488039,0.811408820631681,0.227149256650009,0.162466323354398,0.0149547700008843,0.988755970986327,0.902662783000851,0.682008309830795,0.963416553064948,0.119313632391859,0.518899703785544,0.229086996692698,0.663111905087717,0.472503362135496,0.52178566321719,0.120707842555712,0.121408572855406,0.716572567914962,0.631023096588557,-1.29253478322229,4.19401882336092,NA,NA
1995,-0.32302963426935,0.323558315522687,0.99990295148242,0.569695862028641,1.23263520377092,0.627406218160293,0.959445203366922,0.65540603071067,0.246436477657873,0.231797122182208,0.15173944185616,0.314103042648057,0.997361587473773,0.32142757097783,0.614890824869974,0.597020504140528,0.432504618525738,0.966268887424376,0.529366528238403,0.301057302691857,0.0283793710832251,0.327211836980539,0.523983170245076,0.162812486379757,0.121304908851045,-1.84622474343855,2.98561646749583,NA,NA
1996,2.3835424942918,2.33682836835806,0.999552802738893,2.113253060076,1.22125306711407,0.727284085626132,0.883037331075175,0.0768631699356483,0.925723360232427,0.254710284680012,0.126009380056872,0.839325419903034,0.71144427614403,0.0125885691171279,0.693872873232467,0.531458166001714,0.613194638225017,0.698659730684012,0.830736632739659,0.462493309051148,0.988558593062102,0.879136822421104,0.445581135827932,0.471957045114483,0.977664457347244,-0.280358967476651,4.50686508762865,NA,NA
1997,2.07852981021195,1.15435324344954,0.999457397964623,1.00482225478623,1.07958489405795,0.950919063762529,0.873363489449606,0.283299062965903,0.0170656789971981,0.376285998032079,0.137588154527941,0.210818979662145,0.216492643240257,0.690555684822379,0.24702595683164,0.419281898594578,0.508744966369006,0.383513773565413,0.944001951194368,0.678133633270976,0.567443415185553,0.286601152934367,0.790757385419565,0.553380545601831,0.219993626928655,-1.11112525582085,3.1207697653933,NA,NA
1998,-0.101096600230517,-0.175289773887733,0.050586127535118,0.281040208004798,0.456786674230267,0.178365837432793,0.130496865290101,0.0377971530285431,0.916313029947109,0.130370383411646,0.727735679371515,0.949082542781369,0.420712409370812,0.372543198939529,0.577084616102977,0.94797233178257,0.763423717655707,0.415958604780724,0.574783908643294,0.234544974162942,0.771260944644688,0.197788095722208,0.720742895961157,0.0747242319587385,0.684211740150582,-0.614245222104355,1.17632563811395,NA,NA
1999,0.970707772022723,1.03513192346544,0.0543853836377447,1.28700268856922,0.53051047068083,0.81729589152406,0.231322100344114,0.92714012153761,0.249638589964015,0.0314749060036847,0.903754349278519,0.959497554717353,0.242270992902573,0.191404185896507,0.105425484131789,0.969862294357154,0.244158789122826,0.283729047130793,0.785371098316973,0.0658488609938649,0.508912436353276,0.980560038532945,0.520436480275705,0.803556515830453,0.407263619340956,0.247221272613396,2.32678410452504,NA,NA
2000,3.2571073958034,3.27442693028155,0.0591969700899448,2.52204388457253,0.697320882472941,0.667886451717117,0.268607014702749,0.301539174634847,0.87942363740073,0.521721781327156,0.244364343167283,0.084201997293625,0.834374991543358,0.839129876484629,0.626758372372249,0.506261957029346,0.0410599902921822,0.286278375002672,0.67815399321611,0.0696431661872193,0.273227321008453,0.0882717212100979,0.310449396457756,0.625200896146242,0.40306256924232,1.15532006925788,3.88876769988718,NA,NA
